note_id,text,label,置信度,data_type
5285812134478949,什么时候能正常说几句公道话呢听着憋屈,1,0.7412991523742676,comments
5285812134478949,谴责一下鱿鱼啊,1,0.7607336640357971,comments
5285839695512272,黎巴嫩政府就跟不存在一样,1,0.6365314722061157,comments
5285714910251891,我就搜了几次萎缩性胃炎然后就给推荐胃癌说实话我已经看腻了不在乎了,1,0.8041256070137024,comments
5285714910251891,我已经够焦虑了还要继续吗,1,0.750694751739502,comments
5285714910251891,注意身体健康,0,0.6676726937294006,comments
5285714910251891,主要是幽门螺旋杆菌,2,0.6848741173744202,comments
5285809444094113,胃癌拖不得早筛早治是关键,2,0.5498387813568115,comments
5285809444094113,我们要注意自己的肠胃问题小问题就要去看,2,0.7951139211654663,comments
5285809444094113,胃是要养出来的平时一定要注意饮食,0,0.6515307426452637,comments
5285809444094113,胃不舒服时我也总想忍忍就过去了现在懂了真不能拖,1,0.8055726289749146,comments
5285809444094113,好好养胃健康科学养胃,0,0.9342221021652222,comments
5285809444094113,一定要注意饮食,2,0.7123819589614868,comments
5285711519417494,共同护胃健康,0,0.9647181034088135,comments
5285813832125162,1年应该体检一次的,2,0.9328152537345886,comments
5285813832125162,对呀半年体检一次吧,2,0.9359464049339294,comments
5285813832125162,一定要多注意,2,0.6245157718658447,comments
5285813832125162,要尽早检查别耽误了,2,0.5049938559532166,comments
5285813832125162,健康真的不能赌胃不舒服千万别硬扛早检查早安心,2,0.39726680517196655,comments
5285813832125162,一定要保护好自己的胃,0,0.5098890662193298,comments
5285806778093625,你平常饮食是喜欢清淡还是重盐,2,0.9260494709014893,comments
5285806778093625,胃癌真的很危险大家别忘记吃饭,1,0.6792527437210083,comments
5285836331156278,早发现早治疗,2,0.5838934779167175,comments
5285776666395086,女的一般寿命比男人长女的就应该配比自己小十岁以上的年轻男人,2,0.7820705771446228,comments
5285776666395086,必须恭喜我金莎姐,0,0.9745728969573975,comments
5285776666395086,人生几个重要节点都在节目里进行了,2,0.8389392495155334,comments
5285776666395086,真是一点弯路不想走啊,1,0.8506677150726318,comments
5285771290346374,恭喜恭喜恭喜要好好幸福一辈子,0,0.9812414050102234,comments
5285771290346374,恭喜恭喜恭喜呀终于修成正果往后余生都是甜蜜蜜的日子,0,0.9794998168945312,comments
5285771290346374,金莎恭喜姐姐愿一生幸福美满,0,0.9850740432739258,comments
5285771290346374,金莎 啊啊啊啊啊啊啊啊啊啊幸福幸福 幸福长长久久,0,0.9696758985519409,comments
5285771290346374,恭喜恭喜喜糖喜糖,0,0.9763799905776978,comments
5285773987283226,恭喜恭喜神仙眷侣一定要狠狠幸福哦,0,0.9847070574760437,comments
5285773987283226,所有人都不看好你偏偏你最争气,0,0.9376440644264221,comments
5285773987283226,恭喜恭喜全网最好看的结婚证,0,0.9832093119621277,comments
5285773987283226,永远幸福啊,0,0.9807215929031372,comments
5285773987283226,一定要一直幸福下去太感动了,0,0.9786481857299805,comments
5285787761378197,你看好这对吗,2,0.8130412697792053,comments
5285787761378197,哇塞要幸福呀,0,0.9788981676101685,comments
5285776407399075,大家喜欢金莎孙丞潇吗,2,0.6717929840087891,comments
5285776407399075,祝福他们找到自己的爱人幸福美满喲,0,0.9830198884010315,comments
5285776407399075,恭喜姐姐 好幸福,0,0.9831689596176147,comments
5285776407399075,那特别合适两位,0,0.9589236974716187,comments
5285776407399075,好棒啊一定要幸福下去,0,0.9854487776756287,comments
5285776407399075,希望两个人百年好合,0,0.9746174216270447,comments
5285814089024178,真的好般配呀,0,0.9784755706787109,comments
5285814089024178,两个人太般配了,0,0.9725053906440735,comments
5285814089024178,希望她们越来越好呀,0,0.9835749864578247,comments
5285783147644402,这波姐弟恋我嗑了金莎姐眼光真毒辣,1,0.6556293368339539,comments
5285783147644402,没有恋爱脑的婚姻才能长久下去,1,0.5003793835639954,comments
5285783147644402,刚开始没想到会结婚,2,0.8949180245399475,comments
5285783147644402,姐姐还是很清醒的呀,0,0.9538542032241821,comments
5285783147644402,支持这样真的很好,0,0.9770671725273132,comments
5285842631526526,这波是姐夫赢麻了,0,0.8723608255386353,comments
5285793205586121,女大十五十全大补,2,0.5794816613197327,comments
5285793205586121,金莎姐姐这是找到了真爱啊婚前财产公证这波操作太明智了祝福祝福,0,0.9706861972808838,comments
5285793205586121,他们好甜蜜啊配,0,0.9840196371078491,comments
5285793205586121,祝幸福美满,0,0.9796146750450134,comments
5285793205586121,羡慕了真是太幸福了,0,0.943450927734375,comments
5285841307960541,91收入分配这波是姐在撑腰啊,0,0.5871423482894897,comments
5279335386713454,真的例假了,1,0.5718789100646973,comments
5279335386713454,这也太棒了吧,0,0.9655264616012573,comments
5279335386713454,继续加油吧,0,0.9754839539527893,comments
5279318265300940,好好听的声音,0,0.977470874786377,comments
5279353995791079,希望老天开眼能保佑天道酬勤能胜韬光养晦,0,0.9670918583869934,comments
5279353995791079,是金子总会发光的,0,0.968605637550354,comments
5279316210354265,要继续加油哈,0,0.981700599193573,comments
5279316210354265,莎莎那股不服输的劲儿真是从小将到大魔王最动人的底色,0,0.9625576138496399,comments
5279316210354265,打比赛就是坚持,0,0.8868221640586853,comments
5279316210354265,莎莎有不服输的精神,0,0.9566327333450317,comments
5279342789919624,孙颖莎的坚持和勇气真的好感染人你也是个很有毅力的人吧一起加油,0,0.9832436442375183,comments
5279334022777840,崔明华老师的训练态度令人敬佩莎莎的坚持也值得,0,0.970285952091217,comments
5279334022777840,感觉还不错呀,0,0.9600375294685364,comments
5279334022777840,付出了别人付不出的努力啊,1,0.6360106468200684,comments
5279334022777840,哇塞这个是真的超级好看,0,0.9710519313812256,comments
5279334022777840,感觉还不错啊,0,0.957975447177887,comments
5279338577789929,孙颖莎真的是厉害啦,0,0.9640512466430664,comments
5279338577789929,继续加油啊,0,0.9775072932243347,comments
5279338577789929,莎莎优秀加油,0,0.982286274433136,comments
5279338577789929,对的相信自己,0,0.9207955598831177,comments
5279338577789929,太有实力了吧,0,0.950293779373169,comments
5279276234443368,原来水果也有大小年今年只能靠回忆荔枝味过夏天了,1,0.6156376004219055,comments
5279276234443368,龙眼也是这样的丰产一年贫产一年,1,0.798473060131073,comments
5279276234443368,荔枝有大小年那是正常现在才是春天说减产为时过早吧,2,0.7132815718650818,comments
5279276234443368,无所谓 一直不喜欢吃,2,0.6571931838989258,comments
5279276234443368,每年都是朋友寄一箱我只是吃几颗过嘴瘾,2,0.9154121279716492,comments
5279276234443368,去年吃得开心今年就不开心了,1,0.7517977356910706,comments
5279329333543301,荔枝太好吃了,0,0.9719902276992798,comments
5279329333543301,为广西科学家加油,0,0.9683459997177124,comments
5279361167266372,今年还好据我观察十中有二前年真是百中无一,1,0.683480441570282,comments
5279361167266372,去年吃到传说中的荔枝极品叫啥来着三个字忘了太甜还是妃子笑更得我心今年不要太贵哦810元一斤可以接受,2,0.42495429515838623,comments
5279361167266372,还好去年吃爽了钟爱鸡嘴贵点我也愿意买,0,0.4978334903717041,comments
5279361167266372,我冰箱里还冻着去年的桂味,2,0.861979603767395,comments
5279361167266372,反正我这儿是原产地无所谓,2,0.9039723873138428,comments
5279361167266372,不知道为啥感觉去年吃的桂味没有前年吃的好吃,2,0.47720807790756226,comments
5279385938559796,荔枝蛮好吃的,0,0.9677420854568481,comments
5279385938559796,我觉得芒果好吃,0,0.8338367938995361,comments
5279385938559796,我家有来我家请你吃,2,0.5845022201538086,comments
5279385938559796,哇塞哇塞好吃的,0,0.9780862927436829,comments
5279385938559796,喜欢吃荔枝,2,0.8284030556678772,comments
5279385938559796,太甜了最多吃几个,2,0.5911453366279602,comments
5279339887201944,你爱吃荔枝吗  ,2,0.9225389361381531,comments
5279332504698974,拜拜吧 我夏天也容易上火,1,0.737087070941925,comments
5279332504698974,那就先不吃了,2,0.882645308971405,comments
5279332504698974,没吃过挂绿,2,0.8302359580993652,comments
5279328577524751,今年产量少,2,0.7360926866531372,comments
5279328577524751,我也超级喜欢吃,0,0.8252060413360596,comments
5279383430635550,不要啊为什么不开花,1,0.5670639872550964,comments
5279383430635550,你们应该可以荔枝自由吧,2,0.5914138555526733,comments
5279383430635550,今年就出价格了吗,2,0.923626720905304,comments
5279383430635550,在北方更贵的,2,0.7771542072296143,comments
5279383430635550,看起来南方水果多但种植也不容易,1,0.6708334684371948,comments
5279383430635550,今年看来恰不到了哦,1,0.5988777875900269,comments
5279372199594833,所以大家都喜欢吃荔枝吗后续我可以送点给大家吃我看看有多少人想吃,2,0.9313439130783081,comments
5279372199594833,这么早就吃上了,0,0.6980985403060913,comments
5279372199594833,每年夏天最盼的就是一口清甜荔枝真的馋好久了,0,0.50242680311203,comments
5279372199594833,这也太好吃了,0,0.9613656997680664,comments
5279372199594833,欢迎加入微博跨域计划跨领域内容添加 话题词有机会获得曝光资源及行业合作机会了解更多戳gtgt,0,0.8556654453277588,comments
5285818371670450,4月8日遇难者家属汪先生告诉 司机是其姨妈姨夫坐在副驾驶后排分别为姨妈9岁的儿子汪先生亲哥哥的11岁女儿还有姨妈朋友家的女儿当天是扫完墓后姨妈驾车一起送回城里,2,0.8547298908233643,comments
5285818371670450,方向盘打多了回了一圈以为回正了没松油门于是就这么开下去了,2,0.7070777416229248,comments
5285818371670450,无法用科学解释,2,0.821906328201294,comments
5285818371670450,驾驶员昏迷了吧,1,0.5162431001663208,comments
5285818371670450,看起来车速也不快啊撞上去第一下正常情况应该踩刹车了,1,0.489722341299057,comments
5285818371670450,目前家人还在殡仪馆希望能还原事故真相让家人尽快入土为安,2,0.6201716661453247,comments
5285133687194689,本来慢慢拐弯的还能突然加速撞出去也是挺难理解的,1,0.802186131477356,comments
5285133687194689,这真是命喝酒了偏偏要给一个新手开车,1,0.8423386216163635,comments
5285133687194689,出门喝酒然后让新手开车不得不说这口酒指定是香,1,0.8124929666519165,comments
5285133687194689,唉这个技术就不能上街啊,1,0.8501500487327576,comments
5285133687194689,哎逝者安息,0,0.9654147028923035,comments
5285133687194689,有些人真的就是不适合开车的,1,0.8541020750999451,comments
5285837644499489,坐等真相大白,2,0.4964669942855835,comments
5285837644499489,行车记录仪数据待恢复,2,0.9085578918457031,comments
5285837644499489,行车记录仪可别偷懒快帮大家还原真相吧,2,0.596520721912384,comments
5285837644499489,等官方调查结果吧,2,0.9145142436027527,comments
5285821093511177,发生这样的惨剧是任何人都不愿看到的逝者已矣他们活着的亲人也已经很痛苦了请给逝者和他们的家属多一份尊重与包容他们不该成为网络情绪的宣泄口不要让悲剧再衍生新的伤害,1,0.7478396892547607,comments
5285821093511177,据福建长汀县公安局发布官方通报4月6日晚长汀县新桥镇汀宁桥路段发生一起车辆意外落水事故驾驶员陈某某驾车行驶至事发路段时因操作不当意外坠河造成车内5人不幸遇难目前事故调查及善后处置工作正在有序推进,2,0.606390655040741,comments
5285821093511177,不少网友在评论区发布恶意言论甚至出现针对家属的辱骂人身攻击还有无端的揣测与指责这让本就沉浸在失去亲人痛苦中的家属承受着二次伤害,1,0.772304892539978,comments
5285821093511177,近日福建长汀县一起车辆意外落水致5人死亡的事故引发关注4月9日事故遇难者的家属汪先生告诉 记者事故的发生5 条生命的逝去本就让多个家庭陷入巨大悲痛可没想到的是伴随着事故相关信息在网络的传播遇难者家属遭受到了疯狂的网络暴力,1,0.6670877933502197,comments
5285841603396518,等待真相勿信片面归因愿逝者安息,0,0.8845264315605164,comments
5285841603396518,还是不要乱猜了 等调查结果,2,0.7841425538063049,comments
5285841603396518,希望早日查出结果,0,0.648597240447998,comments
5285841603396518,不信谣不传谣期待早日公布结果,2,0.7764394283294678,comments
5285844852408933,最痛不过生离死别,1,0.711855411529541,comments
5285844852408933,前一秒还在道别后一秒便是永别愿逝者安息家属能等到真相,0,0.6743444800376892,comments
5285844852408933,这太惨了一个都没救上来,1,0.8315860033035278,comments
5279205333927087,三哥三姐最近不断在试探,2,0.7481346130371094,comments
5279205333927087,果然三姐才是真爱啊,0,0.9637433290481567,comments
5279298126612734,陈赫和张子萱的香港之行温馨又有趣,0,0.9637666940689087,comments
5279298126612734,两个女儿真幸福,0,0.9755412340164185,comments
5279298126612734,感情还不错哦,0,0.9663448929786682,comments
5279298126612734,陈赫一家子好幸福,0,0.9834374189376831,comments
5279214536494580,Three,2,0.7418006658554077,comments
5279214536494580,成天发对三,1,0.5795851945877075,comments
5279214536494580,美好的友谊,0,0.9782617092132568,comments
5279214536494580,哇塞我才知道,1,0.5687565207481384,comments
5279214536494580,那可是初代跑男团,1,0.5707516074180603,comments
5279301957583673,又同框了早期的跑男真的好看,0,0.9802135825157166,comments
5279301957583673,早期跑男他们关系是真不从,1,0.8091953992843628,comments
5279301957583673,跑男居然都是好几年前的节目了,1,0.6722657084465027,comments
5279301957583673,两家关系真好啊,0,0.9635881185531616,comments
5279301957583673,好喜欢之前的跑男,0,0.9577295780181885,comments
5279301957583673,天啊他们私下的关系肯定很好,0,0.8111644983291626,comments
5279313911877592,真的兄弟情谊,0,0.9594925045967102,comments
5279299373367555,看完这家人温馨串门是不是也想约上好友聚一聚了,0,0.939119279384613,comments
5279299373367555, 就想知道陈赫这道红烧肉到底香不香馋了,2,0.38191914558410645,comments
5279299373367555,他们关系应该很好吧,0,0.6564574837684631,comments
5279299373367555,私下是很好的朋友吧,0,0.6737534403800964,comments
5279299373367555,他们两口子确实挺配,0,0.9748964905738831,comments
5279211674668148,确实是这样,2,0.7263341546058655,comments
5279211674668148,陈赫和张子萱带女儿做客黄酒下锅红烧肉意外但牛排神救场生活有爱,0,0.9747172594070435,comments
5279211674668148,生活挺浪漫的,0,0.9772523641586304,comments
5279304378220682,小公主真是越来越可爱了老猪我都想逗她玩,0,0.9628589153289795,comments
5279304378220682,竟然孩子都已经这么大了吗,1,0.7999386787414551,comments
5279304378220682,孩子都这么大了总感觉还小,1,0.6559070944786072,comments
5279304378220682,时光飞驰如电,0,0.9728288650512695,comments
5279304378220682,天呢他女儿都这么大了,1,0.8065021634101868,comments
5279304378220682,哇陈赫女儿什么时候那么大了,1,0.7815132737159729,comments
5285696031687799,这不知道要多少个准确手误才能下单,2,0.7976102828979492,comments
5285696031687799,四肢瘫痪  手误  摩天轮,1,0.5068255662918091,comments
5285696031687799,我干了几天抢票的活黄牛抢票其实就是在群里发悬赏一下子几十人去帮一个人买票你需要提前录取身份信息然后卡点点进去反正需要点好几个选项页面直到支付成功才能抢到这不是这有两个小拇指能动的人完成的倒是像一个卧床的人当业余黄牛挣外快但是不熟练用自己身份信息买票了的故事,1,0.5170949697494507,comments
5285696031687799,女孩想买家人想退,2,0.6533365249633789,comments
5285696031687799,哈哈哈手误,1,0.5134162902832031,comments
5285696031687799,你是说她误下了买票app误点开了邓紫棋演唱会抢票界面误点了立即支付按键误输入了自己的支付密码,2,0.6301752328872681,comments
5285828324494836,你是说一个瘫痪女孩手速那么快么,1,0.5809136033058167,comments
5285828324494836,真的神了 哪怕是摩天轮也要确认身份信息 何况摩天轮这种软件毫无推广 一般人都不知道而且低保户居然能毫无阻拦的让瘫痪女孩付出去那么多钱也是奇葩,1,0.8421050906181335,comments
5285828324494836,家长帮忙把前期的工作都做完就等着女孩自己通过俩个手指抢票呢,2,0.8576893210411072,comments
5285828324494836,好多人抢不到票,1,0.672781229019165,comments
5285828324494836,关键她买的是台北的去不了啊,1,0.565572202205658,comments
5285828324494836,这种情况想要退票就说实话不管出于人道还是舆论压力都有极大的几率能被受理退票偏偏编了一堆谎话,1,0.8319004774093628,comments
5285821838264684,真是莫名其妙的热搜,1,0.8428542613983154,comments
5285821838264684,太不小心了这,1,0.7891547083854675,comments
5285821838264684,邓紫棋可没惹任何人 有任何不小心的理由找平台就事论事不接受无辜挡热搜,1,0.6473820209503174,comments
5285821838264684,真要去也去不了的台湾个人游根本没开放,1,0.716691255569458,comments
5285821838264684,邓紫棋无妄之灾,1,0.7011703252792358,comments
5285491399461066,估计票不好卖吧,1,0.7096965909004211,comments
5285491399461066,可是要填她自己的身份证 才能买不 这能怎么手误呢,2,0.6356139183044434,comments
5285491399461066,手误能抢到票,2,0.8271448016166687,comments
5285491399461066,正常我上个月不小心花了100亿去买了个宇宙飞船现在的我很后悔,1,0.7738290429115295,comments
5285491399461066,2000多台币啊是500多块rmb,2,0.7867052555084229,comments
5285834387620544,台北呀  内地去不了吧,2,0.5712458491325378,comments
5285834387620544,还能误买真正的粉丝都抢不到,1,0.8365584015846252,comments
5285834387620544,我去真的离谱还抢到了,1,0.7280769944190979,comments
5285834387620544,抢都抢不到我们,1,0.588813066482544,comments
5285834387620544,怎么抢到的,2,0.9035377502441406,comments
5285750822404194,更新了俩人收到后的反应图6公共场合还是要装一装喜欢的,2,0.8560402393341064,comments
5285750822404194,这鞋怕是只有财神爷看了会心动吧,1,0.40727466344833374,comments
5285750822404194,图案都还是偷我们的,1,0.6054519414901733,comments
5285750822404194,不像给活人穿的,2,0.7413082122802734,comments
5285750822404194,有句话我不知道当说不当说,2,0.751390278339386,comments
5285750822404194,这种刺绣图案和工艺难道不是又偷我们的吗,1,0.7334792613983154,comments
5285839865381249,你们觉得这个鞋子好看吗,2,0.7315859794616699,comments
5285839865381249,10号就要到上海来活动了,2,0.7868635654449463,comments
5285839865381249,这不就是偷偷,1,0.7858980298042297,comments
5285839865381249,梅姨和海瑟薇这波时尚同框我给满分,0,0.9690589904785156,comments
5285842664031126,咱就说这波啊文化挪用还是文化输出,1,0.566291093826294,comments
5279228858731397,认为自己做好事做好事跑什么躲什么,1,0.49681153893470764,comments
5279228858731397,她要真觉得她在做好事 不可能不好意思出示身份证或者住酒店等,2,0.6799814105033875,comments
5279228858731397,做善事会偷偷摸摸,2,0.7647309303283691,comments
5279228858731397,大海捞针呀警察太辛苦啦,1,0.8238347172737122,comments
5279228858731397,做好事从来不用身份证做好事可以隐藏身份,2,0.6916297078132629,comments
5279228858731397,心理学叫双重真实,2,0.8028368949890137,comments
5279322266404909,部分专家特别能共情人渣,1,0.6034784913063049,comments
5279322266404909,这么说犯罪性质可就不一样了这专家不会是同伙吧,1,0.7824797034263611,comments
5279322266404909,真遗憾没到专家家里做善事,1,0.6615314483642578,comments
5279322266404909,还不如说梅姨其实是个买卖人专门买人和卖人,1,0.7411959767341614,comments
5279322266404909,砖家叫兽特别共情让梅姨把它家孩子分享一下看还能共情不,0,0.47210025787353516,comments
5279322266404909,好家伙八国联军都觉得自己在做善事了,1,0.6836150884628296,comments
5279352591483807,建议专家和人贩子同罪,2,0.6435823440551758,comments
5279352591483807,应该让梅姨给高市早苗做一下人工取卵,2,0.8985669016838074,comments
5279352591483807,以后能不能别专家专家的让他们实名让这名专家去给那些被拐的家庭说保证让他后悔来到这个世界,1,0.5556796789169312,comments
5279352591483807,艹了这什么专家这种角度都能想出来的,1,0.799129843711853,comments
5279352591483807,哪个专家是谁,2,0.9221695065498352,comments
5279352591483807,拼命在一个恶人身上找闪光点然后无限放大好人身上的恶,1,0.8298572897911072,comments
5279356628764854,那专家可以找个人把自己的后代给卖了啊这也是做善事咋不自己做,1,0.7712623476982117,comments
5279382675653598,关注一下 ,2,0.8327937126159668,comments
5279329533822196,是哪位专家出来走两步,2,0.9285107254981995,comments
5279329533822196,我觉得专家可能脑雾了不是那样的话怎么会说出那么脑残的话,1,0.8515017628669739,comments
5279329533822196,让梅姨帮这位专家的孩子换个家庭如何,2,0.8653662800788879,comments
5279329533822196,盲猜清北的砖家,2,0.6729009747505188,comments
5279329533822196,就是能挣钱啥都敢做有毒品就敢卖毒品 周围价值观扭曲 笑贫不笑娼,1,0.840935468673706,comments
5279344800826730,醉卧沙场君莫笑古来征战几人回,1,0.44782257080078125,comments
5279344800826730,了解一下看看,2,0.8789024353027344,comments
5279344800826730,这专家也该抓起来,2,0.4854491651058197,comments
5279340792381672,终于落网了,0,0.5257923007011414,comments
5279340792381672,心理畸形吧,1,0.7938003540039062,comments
5279340792381672,梅姨终于落网正义必胜,0,0.946982204914093,comments
5279914385474570,祝福说这话的专家祖宗八代的孩子都被拐卖,1,0.8228580355644226,comments
5279914385474570,某些专家真是下头,1,0.8462472558021545,comments
5279914385474570,专家又是放狗 p,1,0.8389174342155457,comments
5279914385474570,炸了追了20年的人贩子梅姨终于抓到了 以为是传说没想到真实存在 支呼搜梅姨网络全程深挖拐卖真相细节拉满文末还有原视频看完震撼到失眠胆子大的赶紧去看,1,0.6668074131011963,comments
5279914385474570,这种人应该要诛九族啊太坏了,1,0.8520106673240662,comments
5279334269192318,期待法律的严惩,0,0.5172556638717651,comments
5279334269192318,拒绝美化这种害了万千家庭的恶魔,1,0.8503430485725403,comments
5279334269192318,支持买家同罪,2,0.6753534078598022,comments
5279334269192318,砖家就该拿砖拍亖,1,0.5711619257926941,comments
5279334269192318,拐卖儿童罪恶滔天必须严惩,1,0.6877481937408447,comments
5279216780445975,追责泄露人员  延长热播期  不准锁v  这是你欠逐玉 欠剧粉的,1,0.8153141140937805,comments
5279216780445975,感谢所有剧粉托举恭喜逐玉进入爱奇艺必看榜前五恭喜张凌赫谢征事已至此不准锁v给逐玉延长热播期事已至此不准锁v给逐玉延长热播期事已至此不准锁v给逐玉延长热播期,0,0.9624525904655457,comments
5279216780445975,支持正版坚决抵制盗版,2,0.6437504887580872,comments
5279216780445975,想办法补偿剧粉让平台延长热播期,2,0.6178585886955261,comments
5279216780445975,支持正版支持张凌赫谢征,0,0.9234203100204468,comments
5279326865985607,朋友圈群聊都有 查看图片,2,0.8720360994338989,comments
5279276002705891,善是一种自然的流露没有一点造作没有一点企求像水一样一往无前地流动没有一点分别心取舍心无私地奉献一切这样才是善才是真正的上善若水 ,0,0.9233356714248657,comments
5279276002705891,过去的事就让它过去吧我们错过了昨日的日落再也不能错过今日的日出保持平衡的心态以最美好的心情来对待每一天每一天都会充满阳光洋溢着希望,0,0.9758658409118652,comments
5279276002705891,愿你以快乐为盾直面各种艰难险阻我们常常反复咀嚼生活的琐碎忘记了快乐生活才是对自己最大的奖励快乐是源自心底的抒怀微笑快乐是稳定的心理状态快乐是活成自己想要的模样,0,0.9620593190193176,comments
5279276002705891,在人生的旅程中每个人的生活都离不开别人的帮助因为自然界的任何事物都是一个普遍联系的整体没有谁能够脱离周围的事物而孤立地存在但在接受别人帮助的同时我们也要学会去帮助别人,2,0.6409461498260498,comments
5279276002705891,梦想物质 色彩鲜艳的生活 摸不到的星光斑斓生活中那些闪闪发光的东西美好精致的人生都要靠自己一步步走出来,0,0.9304118156433105,comments
5279298497808673,当你们遇到困难的时候就意味着你们要进步了记住这一点所以不要害怕苦难越遇到困难就意味着命运在向你招手了让你们走向一个更好的地方,0,0.9704120755195618,comments
5279298497808673,传承中华美德培养民族精神是全面建设小康社会开创中国特色社会主义事业新局面的时代要求是建设社会主义先进文化的重要方面按照传统道德基本内容把传统美德分为爱国明智持节自强诚信知耻改过厚仁贵和敦亲重义尚勇,0,0.793463945388794,comments
5279298497808673,淡月曙光林鸟炊烟一半幕色一半天明晨幕里遥望旷野的静籁奔波了一夜的风藏起寒露在树梢偷偷织满金灿灿的光 天亮时我带着汹涌的思念远道而来备好了一场清晨的烟火浪漫和你说早安,0,0.9375130534172058,comments
5279298497808673,不管你现在多迷茫过得多累走得多艰辛请相信生命中总有一段路是要你自己走完的总有一段时间是寒冷的不要放弃希望不要放弃自己再怎么冰冷也有阳光再怎么艰辛都得努力生命中总得有一段回忆起来足够感动自己的时光,0,0.885515034198761,comments
5279298497808673,不管有多苦千万要记住苦难是我们人生路上不可缺少的经历只有活着才有幸福的可能,0,0.84646075963974,comments
5279234350386431,造谣自导自演什么的省省吧逐玉这部剧招商广告好的不得了cvb剑指卫视暂年冠网播大概率近三年最高集均播放量预计能超去年年冠2kw多网飞周榜前十历史唯一内地剧有什么必要自导自演有些嫉妒的内娱粉省省吧别回头看自家哥哥姐姐的古偶集均播放还不到1kw,1,0.7314193248748779,comments
5279234350386431,是不是和自导自演的,2,0.48037075996398926,comments
5279234350386431,章都没有昨晚为什么不发周六不上班呗,2,0.7503154873847961,comments
5279234350386431,真的诶 才去看了去年12月播的那部剧 被泄露之后发的声明是有章的,2,0.5164730548858643,comments
5279234350386431,  我黑姐让你们两个盖一下章虽然我也觉得盖不盖都可以 没有必要但是我黑姐他们觉得太有必要了赶快去盖,2,0.5555427074432373,comments
5279234350386431,无人在意 盗版也不看,2,0.5795802474021912,comments
5279234136477815,泄漏的人真的太坏了吧,1,0.8570252656936646,comments
5279234136477815,看完盗版还上来说一声什么心理找举报吗,1,0.78208988904953,comments
5279234136477815,要骂就骂泄露的人骂看的人干嘛要是泄露了大家都能忍住不看说明这剧也没啥吸引力了正因为是好剧好看才忍不住会去看的,1,0.8112162351608276,comments
5279234136477815,找到泄露的人了吗,2,0.7711132764816284,comments
5279234136477815,熬夜刷完了好看,0,0.9414671659469604,comments
5279234136477815,主要真忍不住不看,1,0.828712522983551,comments
5279225819170561,看电视剧喜欢开弹幕吗,1,0.6526161432266235,comments
5279225819170561,会看盗版吗,2,0.5818137526512146,comments
5279225819170561,支持正版 要有版权意识做遵纪守法的好公民,0,0.7572353482246399,comments
5279225819170561,自导自演吗,2,0.6169960498809814,comments
5279225819170561,感觉像是内部人员泄漏的,1,0.6125473976135254,comments
5279225819170561,总觉得盗版内容不是很真,1,0.8291156888008118,comments
5279271993739862, 恨你等逐玉热播结束我就卸载妈的虐死我了,1,0.8500815629959106,comments
5279271993739862,反正我喜欢看正版正版多清晰啊盗版还是不清晰了,1,0.6787970662117004,comments
5279271993739862,今晚都继续追剧起来啊,0,0.8450132608413696,comments
5279271993739862,这么好看的剧我太喜欢了,0,0.9786267876625061,comments
5279271993739862,确实一定要维权啊,2,0.6401638388633728,comments
5278867109708991,还能说什么比咱们优秀的人比咱们努力 ,1,0.5650542378425598,comments
5278867109708991,cr本宫的足美么,2,0.6924320459365845,comments
5278867109708991,妈妈你这是下班后充电呢还是在为新角色做准备呀,2,0.854458749294281,comments
5278867109708991,弱弱问一下什么意思呀,2,0.9022203087806702,comments
5278867109708991,这鸟一会儿闻着味就来了,1,0.5808066725730896,comments
5278867109708991,内娱颤抖吧我妈妈学英语超认真,0,0.923891544342041,comments
5279348090212523,虽说世事漫随流水算来一梦浮生也不要活在梦里反观自己的内心活好当下过自己喜欢的日子现在就是最好的日子,0,0.8592669367790222,comments
5279348090212523,善良让我们有一颗赤子之心所以不仅你要善良找对象尽量找善良的人这个世界不停地在变换唯独赤子之心一如既往,0,0.9417816996574402,comments
5279348090212523,一叶知霜降一语感深秋霜降已至愿你染尽霜华心中依旧温暖如初愿霜降时节照顾好自己一切安好,0,0.9715299010276794,comments
5279348090212523,青春正能量岁月蹉跎不去珍惜它只会荒废一旦如拾珍宝般去爱它它一定会给予你最青春正能量的回应我愿为每一个偷回忆的人欢呼我愿奉献给每一个与时间赛跑的人,0,0.974037766456604,comments
5279348090212523,爱国敬业诚信友善善不可不弘恶不可不去善心人人有快乐你我他,0,0.9538077116012573,comments
5279312531947728,善良是流动的暖阳你传递的善意终会照亮归途善念是星点亮得越多越能驱散黑暗善语是风吹拂得越远越能抚平褶皱善举是泉流淌得越久越能滋养心田无需焦虑结果时光的刻度总会在不经意间为善良铭刻荣光,0,0.9629731178283691,comments
5279312531947728,晨曦洒向山川蝴蝶破茧于繁花间海浪轻抚金沙雄鹰掠过苍穹万物生长不息溪流欢歌奔向海洋绿野与蓝天相拥自然之韵奏响生命华章每帧都是希望画卷生机盎然蓬勃向上,0,0.9826116561889648,comments
5279312531947728,你若向阳花自盛开你若善良天自温柔人生的美好从来不是偶然而是源于内心的热爱与坚守,0,0.9784688353538513,comments
5279312531947728,朝如浮云暮如溪雪生命的长河萤火万千只有与人为善才能留己一方天地做一个善良的人快乐且舒畅,0,0.9666296243667603,comments
5279312531947728,没有心宽似海哪有风平浪静做人尽本分做事凭良心穷时要把自己当人没人扶的时候自己要站直富时要把别人当人不嘲笑任何不如你的人不卑不亢生而为人问心无愧就好心安就是最真实的幸福,0,0.8577108979225159,comments
5279312531947728,真正决定一个人成就的也不是运气而是严格的自律和高强度的付出成功的秘密根本就不是秘密那就是不停地做简单的事情重复做重复的事情用心做如果你真的努力了目标明确了你会发现自己比想象的更加优秀,0,0.8990703821182251,comments
5279311537901242,有人在奔跑有人在睡觉有人在感恩有人在报怨有目标的睡不着没目标的人睡不醒努力才是人生的应有态度睁开眼就是新的开始,0,0.904179573059082,comments
5279311537901242,今天你努力了吗你为自己定目标了吗你为自己所定的目标奋斗了吗最后实现了吗这要靠自己的努力谁都无法帮你只能靠自己奋斗通过努力来实现自己的目标,0,0.535911500453949,comments
5279311537901242,你再优秀也总有人对你不堪你再不堪也有人认为是限量版的唯一生命的价值在于自己看得起自已人生的意义在于努力进取,1,0.6775765419006348,comments
5279311537901242,没有有白费的努力也没有碰巧的成功只要认真对待生活终有一天你的每一份努力都将绚烂成花,0,0.9716183543205261,comments
5279311537901242,诚信是一轮圆月唯有与高处的皎洁对视才能沉淀出对待生命的真正态度诚信是高山之巅的水能够洗尽浮华洗尽虚诈留下启悟心灵的妙谛,0,0.9493328332901001,comments
5279311537901242,中国梦畅想中国宏伟蓝图中国梦与时俱进振兴民族中国梦携手并肩信步前行中国梦歌颂时代人类共赢,0,0.9676037430763245,comments
5279319622683189,我女神又优秀又努力 怎么办,0,0.9038447141647339,comments
5279319622683189,又优秀又努力又漂亮,0,0.9792042970657349,comments
5279319622683189,是吧 影后就是优秀 多说点 好听爱听,0,0.9665400385856628,comments
5279319622683189,一起来期待妈咪新剧,0,0.9620611071586609,comments
5279319622683189,哈哈哈哈哈对就怕学霸 比你优秀还比你努力 ,1,0.5802977085113525,comments
5279322396167000,绿鸟不是辞职了吗 改做全职梦女吗,2,0.6156635284423828,comments
5279322396167000,小疯鸟爱上我妈咪了吧,0,0.9446821212768555,comments
5279322396167000,代言人这不就有了,2,0.5779628157615662,comments
5279322396167000,这波是辛芷蕾在教多邻国学英语,2,0.8791136741638184,comments
5279302581229099,应该挺多明星学语言的,2,0.6190274357795715,comments
5279302581229099,人这么漂亮还这么努力,0,0.9488076567649841,comments
5279302581229099,了解一下吧,2,0.8512424826622009,comments
5279302581229099,姐姐真的是美美的,0,0.9835542440414429,comments
5279302581229099,哇塞我也要下,0,0.6083531975746155,comments
5279316704495376,姐你这是要上天啊威尼斯影后国际电影节的常客还代言了多邻国学英语的速度比火箭还快,0,0.7009379267692566,comments
5279316704495376,既然如此把辛芷蕾和蕾丝的vip都免了吧,1,0.523871898651123,comments
5279316704495376,辛邻国你好 你也记得来预约妈咪新剧,0,0.9282596111297607,comments
5279316704495376,鸟你啥意思 辛芷蕾是我妈妈 来期待妈妈的新剧金色,0,0.7981711626052856,comments
5279316704495376,那就请预约新剧也希望大家多多支持哦,0,0.9286648035049438,comments
5279316704495376,来一起来支持妈妈新剧,0,0.9738628268241882,comments
5279317814675971,蕾子这执行力羡慕了,0,0.4731902480125427,comments
5279317814675971,全英文对话超流畅进步速度惊到我了,0,0.9383177161216736,comments
5279317814675971,从需要翻译到流利对话这逆袭太精彩了,0,0.9486451148986816,comments
5279317814675971,把野心写在脸上把努力藏在细节里辛芷蕾太飒了,0,0.9334624409675598,comments
5279317814675971,用实力打破质疑这就是辛芷蕾的魅力,0,0.96717768907547,comments
5279207496094269,可以参加睡觉比赛了,2,0.795208215713501,comments
5279207496094269,丢魂了我小时候有一段时间就是天天睡不醒每天我妈喊我起来吃一顿饭但不打人因为是假期我睡了四十多天做了一个梦梦里不知被谁送回来了才清醒过来她父母要是明白就再找个玄学的看看医院也看别耽误了,1,0.59866863489151,comments
5279207496094269,评论区真有意思人家得病了某些人还在调侃还觉得自己挺幽魂呵呵,1,0.8529350161552429,comments
5279207496094269,倒是我整夜辗转难眠着实羡慕了,1,0.7088976502418518,comments
5279207496094269,连续睡十天不用上学吗,2,0.883548378944397,comments
5279207496094269,真的不要羡慕这种病到后期可以毫无预兆的昏睡想象一下刚吃饭就睡过去了刚开车就睡过去了根本没法生活很痛苦的,1,0.8644716143608093,comments
5279343837971054,看着真的太心疼了,1,0.7785260677337646,comments
5279343837971054,真的太难了吧得这这样的病心疼,1,0.8372294306755066,comments
5279343837971054,真可怕大家都注意,1,0.8280994892120361,comments
5279343837971054,还有这种罕见的病啊,1,0.8062939643859863,comments
5279320193106314,这关注点让人奇怪,1,0.8312378525733948,comments
5279320193106314,多关心关心心理,2,0.5509431958198547,comments
5279320193106314,真不负责任啊,1,0.8417103290557861,comments
5279320193106314,不会当家长,2,0.7616896033287048,comments
5279320193106314,这家长是干什么吃的,1,0.5098190307617188,comments
5279338645685273,希望她能早日找到缓解的办法加油,0,0.9733830094337463,comments
5279338645685273,身体健康最重要,0,0.7677141427993774,comments
5279338645685273,要时刻注意自己的身体啊,2,0.5522364974021912,comments
5279338645685273,克莱恩莱文综合征青春的噩梦,1,0.7563289999961853,comments
5279338645685273,这就是睡美人吗,2,0.45993199944496155,comments
5279318754461524,睡美人症并非懒惰叛逆而是罕见神经系统疾病多些了解就少一分偏见伤害,1,0.7613678574562073,comments
5279318754461524,这种案例也是极少见的,2,0.7890851497650146,comments
5279318754461524,睡美人症需科学理解与包容及时就医并给予支持,0,0.6986709237098694,comments
5279318754461524,原来真的有睡美人这个病呀,1,0.8451074957847595,comments
5279318754461524,现实比童话更沉重多一些理解世界会更温暖,0,0.8878223299980164,comments
5279321950258353,这应该属于心理疾病吧,2,0.7686133980751038,comments
5279321950258353,看过说这个病的人会说睡就睡干着活走着路呢啪叽一下子就睡了,1,0.7573614120483398,comments
5279321950258353,啊还真有这个病呀,1,0.8560333251953125,comments
5279321950258353,这病的不轻吧,1,0.8445320129394531,comments
5279321950258353,啊还有这种病啊,1,0.8412291407585144,comments
5279327786371100,10天真的假的,2,0.5356517434120178,comments
5279343515009608,第一次听说,2,0.8660892844200134,comments
5279343515009608,睡眠挺好的,0,0.9689206480979919,comments
5279320521311441,你们听说过这个吗,2,0.9040058851242065,comments
5279320521311441,原来这是得病啊我还以为是累的,1,0.8147801160812378,comments
5279320521311441,天呐还有这种病吗,1,0.8514748811721802,comments
5279320521311441,家长也是挺心大的,1,0.640972912311554,comments
5279320521311441,家长都不会去看看嘛,2,0.666313648223877,comments
5279320521311441,10天都不吃不喝的吗,2,0.799251139163971,comments
5285795546008588,希望她早日康复舞台上的光芒属于真正的强者,0,0.9828967452049255,comments
5285795546008588,一定要快点好起来,0,0.9642724394798279,comments
5285795546008588,哎哟 一定要早点好起来,0,0.8950895071029663,comments
5285795546008588,金子涵真的很让人心酸了 希望她可以过得开心,0,0.5401728749275208,comments
5285795546008588,青春有你的时候真的特别喜欢她,0,0.9635183811187744,comments
5285795546008588,希望金子涵能恢复到以前阳光明媚的样子啊,0,0.9780460596084595,comments
5285729483883642,姐姐你这是经历了什么啊太让人心疼了,1,0.8056883811950684,comments
5285729483883642,感觉像那种有组织迫害症状 早两年我记得有人说过这个,1,0.5517482161521912,comments
5285729483883642,好吓人啊这什么地方打这么多针,1,0.8341661095619202,comments
5285729483883642,所以 网上为什么要提到秦岚 为什么 为什么 为什么  秦岚有做什么东西让人不满意了,1,0.7825053334236145,comments
5285729483883642,感觉是精神分裂 他应该去看一看你看林允的vlog就知道了一个黑眼圈加起来都四五十针他有截图的事情早就把事情说清楚了,1,0.6698088645935059,comments
5285800147158806,金子涵这波是用生命在说话希望真相大白健康最重要,0,0.9772406220436096,comments
5285800147158806,哎很心疼这个美女,0,0.6088644862174988,comments
5285800122253505,善待别人是一种优秀的品德善待自己是一种优雅的力量顺境时想着去善待他人帮助那些身陷逆境拼搏奋进的人多行善事造福子孙逆境时要懂得善待自己放平心态每天不断激励自己取得的一点点成绩成功就会越来越近善待他人可让人生多彩多姿善待自己可让生命活力四射,0,0.9751234650611877,comments
5285800122253505,她遇到什么事情了感觉状态不太好,1,0.7188155055046082,comments
5285800122253505,我只震惊植发手术居然能留下这么长的疤痕,1,0.8255184292793274,comments
5285800122253505,希望美女好好的吧,0,0.9821557402610779,comments
5285800122253505,好心疼她啊 感觉真的特别疼,1,0.7489460110664368,comments
5285800122253505,到底发生了什么,2,0.6991218328475952,comments
5285802089383967,你们觉得是真的吗,2,0.910738468170166,comments
5285802089383967,也不知道到底发生了什么事,2,0.7725368142127991,comments
5285802089383967,吃瓜不忘真相理性才是硬道理,0,0.8325072526931763,comments
5285802089383967,她到底怎么了,1,0.7275928854942322,comments
5285802089383967,发生什么了,2,0.7133249640464783,comments
5285833559246619,演唱会直拍简直是检验妆造的最佳方式大家觉得苏新皓的妆造怎么样有没有被惊艳到,0,0.9293527007102966,comments
5279275278402261,萌兔叽里咕噜说什么呢,2,0.630404531955719,comments
5279275278402261,哈哈哈哈哈哈徐若晗好可爱期待,0,0.981080949306488,comments
5279275278402261,哈哈哈我们若晗第一次参加这种综艺节目还不懂,1,0.7240018248558044,comments
5279275278402261,叽里咕噜说啥捏这个萌萌的五千,0,0.7023851275444031,comments
5279275278402261,徐若晗玩开心就好哈哈哈 期待徐若晗,0,0.9806692004203796,comments
5279275278402261,哈哈哈在桃花坞玩得开心多交朋友,0,0.9755095839500427,comments
5279312811131141,ps谢谢大家杀青送给我的花花,0,0.9711604118347168,comments
5279312811131141,美拉德双马尾,0,0.5454811453819275,comments
5279312811131141,六千说好久不见姨姨们,2,0.8403774499893188,comments
5279312811131141,嘿嘿分享自拍 查看图片,0,0.7515639662742615,comments
5279312811131141,徐若晗  脑子嘴巴各玩各的桃花坞漏勺非徐若晗莫属说好啦我们这就开始期待下次下下次下下下次剧透啦 ,0,0.565151572227478,comments
5279312811131141,小挂件长什么样给我看看,2,0.935560405254364,comments
5279307935255566,漏勺徐若晗这波是真实又可爱我先磕为敬,0,0.9773737192153931,comments
5279307935255566,这个怎么像爱你的片段啊,2,0.7706465721130371,comments
5279307935255566,现实中如果这样了是会穿睡衣来的根本没法抬胳膊换衣服穿这样看中医男主说的一点没错女主先钓的他,1,0.7652980089187622,comments
5279307935255566,正骨我感觉不疼啊掰完可舒服了就是不让总整,2,0.5486600399017334,comments
5279307935255566,妈耶我真是老了第一反应是落枕了还背疼就别再露肩膀头子了赶紧捂上,1,0.8416216373443604,comments
5279307935255566,徐若晗好像和哪个帅哥搭都很有CP感,0,0.9679058790206909,comments
5279361890782985,太萌了小助理多记录西西拍综艺vlog,0,0.972477912902832,comments
5279361890782985,发现一个偷偷告状的小助理我们站在你这边不可以吃兔兔宝宝就是最萌的兔兔,0,0.7667884826660156,comments
5279361890782985,多拍多拍小助理么么么,0,0.517225980758667,comments
5279361890782985,小助理拍拍综艺vlog工作留痕,2,0.5712181925773621,comments
5279361890782985,晗儿怎么吃自己同类,2,0.7825470566749573,comments
5279386275157881,这两个形影不离了,2,0.7441856265068054,comments
5279386275157881,若晗和恩利玩很好诶,0,0.9506793022155762,comments
5279386275157881,哇好可爱而且是小裙子耶,0,0.9817274808883667,comments
5279386275157881,徐若晗在五十公里桃花坞第六季重庆篇彻底坐实了内娱活人标签从荧幕甜妹到综艺漏勺她靠嘴比脑子快的真诚成了本季最大的快乐喷泉,0,0.9705107808113098,comments
5279287573743200,这回不是现偶女神了是综艺女神,0,0.7612541317939758,comments
5279287573743200,我的女神越来越美了,0,0.9833237528800964,comments
5279287573743200,这真是我的女神了好美啊,0,0.9764228463172913,comments
5279287573743200,姐姐真的太好看了很有气质,0,0.9811140894889832,comments
5279287573743200,哦我的女神也太美了吧,0,0.9796637296676636,comments
5279299321992714,这是健次画的吗还是粉丝画的,2,0.7820685505867004,comments
5279299321992714,这也太期待了吧,0,0.971996545791626,comments
5279299321992714,持续关注一下博主,2,0.5190994143486023,comments
5279299321992714,在整一些好看的发吧我一会又来看,2,0.7502687573432922,comments
5279299321992714,这内容挺精彩呀,0,0.9718095064163208,comments
5279299321992714,现偶博主的微博热度,2,0.5717138648033142,comments
5279324724528077,徐若晗cici 在桃花坞里撒欢儿简直就是春日里最亮的那颗糖心蛋让人甜到心坎儿里去了,0,0.9788082838058472,comments
5279324724528077,这西西好萌,0,0.963981568813324,comments
5279277362708603,好精彩的正品啊 真的太好看了,0,0.9800164103507996,comments
5279277362708603,    哈哈好看,0,0.9774681329727173,comments
5279277362708603,迫不及待想要看了,0,0.5380181074142456,comments
5279277362708603,我家晗儿交到朋友啦下次不许漏勺哦,0,0.9162728190422058,comments
5279286787309946,积极生活是把每一天当作礼物即使阴云密布心中也要有暖阳清晨闻鸟鸣而起感受清新空气工作中全力以赴挫折前坚韧不拔对世界报以微笑收获善意满满夜晚伴着月光入眠期待新的黎明生活总有波澜用积极心态去跨越让生命之花灿烂盛开绽放无尽光芒,0,0.9787705540657043,comments
5279286787309946,徐若晗这漏勺真可爱直播看得我笑出声,0,0.9542959928512573,comments
5279286787309946,燥候桃花坞6,2,0.8849101066589355,comments
5285761600460683, 交警劝阻长达2分钟,2,0.7223924994468689,comments
5285761600460683, 浙江一保时捷男子违规越线逆行还当着交警面威胁视频车主,1,0.47521787881851196,comments
5285761600460683,又沙又坏自己把自己害了,1,0.8600413799285889,comments
5285761600460683,开保时捷就有特权批评教育可以走了,1,0.6104444265365601,comments
5285761600460683,   踏出这一步管你万般无奈它还是变成逝去的回忆成为一个飘忽的梦境在时间轻蔑的流动里逐步尘封但又时时于夜深人静之际悄然浮上心头,1,0.7314296364784241,comments
5285840462283280,希望恰似黎明前的第一缕晨曦撕破厚重的夜幕在天际晕染开橘红让守夜的人看清脚下的路于漫长等待后迎来光明的拥抱希望又如老店里熬煮的茶汤在小火慢炖中沉淀出醇厚的滋味让奔波的人在苦涩过后尝到回甘明白所有的煎熬都是为了更绵长的香甜,0,0.9476807117462158,comments
5285840462283280,希望恰似雨后初晴的一道彩虹在湿漉漉的天空架起斑斓的桥梁让被风雨打湿的心情重新染上亮色相信阴霾过后总有晴朗在前方等候希望又如老树枝头的第一朵花在料峭的春寒里抢先绽放用单薄的花瓣宣告着寒冬的终结让沉睡的大地苏醒出蓬勃的生机,0,0.9675728678703308,comments
5285840462283280,希望仿佛书案上的一盏油灯在深夜的苦读中映亮密密麻麻的批注让求知的路途有了温暖的陪伴于字里行间窥见更远的世界希望又如田埂上的稻草人顶着烈日寒风守护着饱满的稻穗用沉默的坚守告诉我们所有的等待都会迎来丰收的喜悦,0,0.9739349484443665,comments
5285840462283280,希望宛若山谷间的一泓溪流绕过岩石的阻碍依然向前奔涌用柔韧的力量告诉我们困境不过是前行路上的转角每一次迂回都是为了更坚定地奔赴江海希望又如夜空绽放的烟花在最黑暗的时刻迸发出璀璨的光芒让平凡的日子里也能照见梦想的模样,0,0.9738878011703491,comments
5285840462283280,希望恰似古巷里的一缕炊烟在暮色四合时勾勒出家的方向让奔波的脚步有了温柔的牵挂在异乡的风霜里寻到心底的暖意希望又如琴弦上跳动的音符即便经历断弦的沉寂也能在重新调校后奏响更清亮的旋律让失意的时光流淌出对未来的期盼,0,0.9562206268310547,comments
5285840462283280,希望仿佛深海中的一座灯塔穿透汹涌的浪涛为航船指引归途让漂泊的灵魂在颠簸中守住前行的勇气于无边黑暗里望见陆地的轮廓希望又如掌心紧握的一粒种子即便埋在贫瘠的土壤也能在风雨的浇灌下抽出新绿让荒芜之处生长出对明天的向往,0,0.9494462013244629,comments
5285837495602938,那必须有后续的处理,2,0.8570109009742737,comments
5285837495602938,交警我月薪3000你还要我怎样,1,0.613909125328064,comments
5285837495602938,交警处理了个啥啊,1,0.5296761989593506,comments
5285837495602938,逆行实线变道截停正常行驶车辆只是口头劝离,2,0.6817936897277832,comments
5285837495602938,这种应该抓了,2,0.7034918665885925,comments
5285837495602938,交警只是劝离没开罚单吧这样对吗,2,0.6510009169578552,comments
5285840718923273,人生最珍贵的六种财富一是洋溢在容颜上的自信二是融化在血液里的骨气三是打造进灵魂中的信念四是蕴藏在心底里的梦想五是丰盈在大脑中的知识六是父母给咱自己的身体,0,0.9264369010925293,comments
5285840718923273,懂得尊重别人也尊重自己的心声学会调整遇见困难了多想想没什么大不了遇见喜事了也别太放在心上因为那只是一瞬间懂得一生中名利只是过眼云烟拥有再多不如有份好心情,2,0.5658954381942749,comments
5285840718923273,每一分自信和优雅的背后都有一份对梦想的追求和坚持有时候成功和失败之间只在一念之差所以无论多难都别轻言放弃坚持是一种令人钦佩的能力更是一种会发光的魅力,0,0.9643890261650085,comments
5285836541395335,此微博添加位置能帮更多同城小伙伴发现本地新鲜事和宝藏打卡地 发布支持添加异地位置发布后编辑也可以如何操作请查看gtgt网页链接,0,0.5156909227371216,comments
5285836541395335,两个馅的那就是两个了,2,0.5293487906455994,comments
5285836541395335,猴王丹现在还能找到,2,0.8657829165458679,comments
5285836541395335,我爱面食肯定好吃,0,0.9812204837799072,comments
5285836541395335,你韭菜切好放食用油进去搅拌这样防止韭菜出水,2,0.9050700068473816,comments
5285836541395335,我喜欢韭菜鸡蛋的,2,0.6621376276016235,comments
5285838770407413,这种必须严惩啊害人害己,1,0.8450876474380493,comments
5279282678992199,你会看盗版全集吗,2,0.5311131477355957,comments
5279282678992199,看完了因为我本来也不看正版,2,0.7442833781242371,comments
5279282678992199,饥饿营销过头的结果,1,0.7768321633338928,comments
5279282678992199,本来一天更两集看火了改一集吃相难看活该,1,0.8530865907669067,comments
5279282678992199,有没有可能泄露的那个是全集未删减的,2,0.7537682056427002,comments
5279282678992199,更新为什么会一天一集现在完了,1,0.7154052257537842,comments
5279294073079913,这对CP我嗑定了打戏和演技都在线期待续集,0,0.978195309638977,comments
5279294073079913,阳光洒在桌面光影跳跃如仙午安愿你工作有灵感顺利又安然,0,0.9817995429039001,comments
5279304277823124,你觉得好看吗,2,0.47650134563446045,comments
5279304277823124,这个编剧咋这样,1,0.8241608738899231,comments
5279304277823124,文艺工作者还是得有文化,2,0.49953219294548035,comments
5279304277823124,编剧到底干什么吃的,1,0.6581229567527771,comments
5279304277823124,这个编剧真的偷偷藏不住,1,0.8508612513542175,comments
5279304277823124,编剧能不能认真点,2,0.6777562499046326,comments
5285818966212868,如果没记错的话 两个人的年纪差了一轮还多吧,2,0.5730964541435242,comments
5285818966212868,他们性格都好好啊甜甜的恭喜恭喜祝贺,0,0.9812171459197998,comments
5285818966212868,结局已注定的婚姻你结他干嘛,1,0.693861722946167,comments
5285818966212868,她应该是怀孕了所以现在说出来,2,0.7940400838851929,comments
5285818966212868,莎莎最可爱了,0,0.9812429547309875,comments
5285802223338840,这波是心动的形状幸福的形状,0,0.9674295783042908,comments
5285844292469342,不懂 看不懂了,1,0.7362192869186401,comments
5285844292469342,金莎的回应很正常,2,0.573955774307251,comments
5285844292469342,这确实有点刻意了,1,0.8330457210540771,comments
5285844292469342,还是祝福他们吧,0,0.9478321075439453,comments
5285844292469342,金莎终于领证了啊,0,0.9267932772636414,comments
5285844292469342,她们俩其实挺合适的 祝福金莎,0,0.9798238277435303,comments
5285848100110817,只要本人觉得没问题就好啦生活都是自己过的,2,0.5735159516334534,comments
5285844153534037,你们觉得他们是真爱吗,2,0.6447510123252869,comments
5285844153534037,这波是现实版的姐弟恋甜宠文啊金莎姐姐的人生比偶像剧还精彩,0,0.9793148040771484,comments
5285844153534037,要一直幸福下去,0,0.9785735011100769,comments
5285844153534037,真爱不分年龄祝福金莎和孙丞潇幸福美满,0,0.9822168350219727,comments
5285844153534037,希望两个人能幸福,0,0.9726746678352356,comments
5285844153534037,相爱就行的,0,0.7616055607795715,comments
5285775671561157,考验才刚开始,2,0.8216513991355896,comments
5285775671561157,可以当妈的年纪我的妈,2,0.5651810169219971,comments
5285775671561157,居然差19岁我的妈呀,1,0.8314518332481384,comments
5285775671561157,我真的不看好她们长久不了因为节目官宣结婚,1,0.5196361541748047,comments
5285775671561157,看她就想到kate,2,0.6042945981025696,comments
5285775671561157,哇小时候听她唱歌她现在结婚啦,2,0.4317733347415924,comments
5285859302573483,这波是公证书在手安全感我有,0,0.5099077820777893,comments
5285856735662766,有赵丽颖在前面怎么可能会播的好而且在拍的时候楚乔就变成附属品了那个时候就应该知道不好看啊都把楚乔的内核变了,1,0.8197932243347168,comments
5285856735662766,还好原班人马没来,2,0.7710503339767456,comments
5285856735662766,这剧除了粉丝有人看吗,1,0.6529874205589294,comments
5285856735662766,这剧怎么一直看着楚乔传yx是自己的名字宣传不出去吗,1,0.7831602692604065,comments
5285856735662766,声明里满满的怨气,1,0.7989703416824341,comments
5285856735662766,黄杨钿甜清清白白 谣言早已澄清 请张萌尊重冰湖重生女主 别甩锅了 ,0,0.5990930795669556,comments
5285776574382752,冰湖重生就是按原著拍的 要说魔改也不是冰湖魔改哈只知道李昀锐诸葛玥演的很好场景也拍的特别美很有质感今天继续看冰湖重生 网页链接,0,0.958880603313446,comments
5285776574382752,审判了5集没那么差还是有看点的李昀锐在剧中真的很帅,0,0.9615411162376404,comments
5285776574382752,李昀锐诸葛玥适配度真的挺高的支持小林,0,0.9624913930892944,comments
5285776574382752,李昀锐反正没惹任何人 他完成的很好,0,0.8887212872505188,comments
5285776574382752,其实能看出来很用心冰湖重生质感真的很好 期待后面李昀锐诸葛玥更多的剧情吧,0,0.9633589386940002,comments
5285776574382752,李昀锐确实非常敬业且专业这是是萌姐实话哈哈哈,0,0.9648158550262451,comments
5285853186495572,考虑过还是没换吗,2,0.9159072637557983,comments
5285853186495572,我觉得要换的呀父女感,2,0.7668784260749817,comments
5285853186495572,黄杨主要是观众缘太差了,1,0.8072258830070496,comments
5285853186495572,就这样毫无声息地扑了,1,0.7682359218597412,comments
5285853186495572,居然是0广吗我去,1,0.6665054559707642,comments
5285853186495572,就这样静悄悄的扑了,2,0.4942605495452881,comments
5285856612974681,大家喜欢黄杨钿甜吗,2,0.7154452800750732,comments
5285856612974681,我记得之前澄清过呀,2,0.8945788145065308,comments
5285856612974681,冰湖重生剧情很不错,0,0.9578137993812561,comments
5285856612974681,还好没有换要不错过一场好剧,0,0.955744206905365,comments
5285856612974681,希望能有更多好作品,0,0.9845626950263977,comments
5285856612974681,本来就应该换脸啊,1,0.7415145635604858,comments
5285856086590924,技术难题挡不住好演员的光芒结果好就是最大的胜利,0,0.9855513572692871,comments
5285856086590924,说点什么好呢,2,0.8969749212265015,comments
5285856086590924,这就有点马后炮啊,1,0.8457271456718445,comments
5285856086590924,张萌也很漂亮,0,0.9793848991394043,comments
5285856086590924,还好结果是好的,0,0.9466438889503479,comments
5285856086590924,真的吗但是也没办法吧,2,0.48237958550453186,comments
5285859964229279,忌妒她的人太多 导致被霸凌 心疼钿甜,1,0.8375557065010071,comments
5285859964229279,就是忌妒她的人做的呗,1,0.770713746547699,comments
5285859964229279,网络谣言杀伤力太大了差点连累作品换脸黄杨钿甜也太无辜了,1,0.8470893502235413,comments
5285859964229279,明明已经查清是谣言却还要影响演艺事业网络暴力真的很可怕,1,0.8623554110527039,comments
5285859964229279,一场风波连累作品换人黄杨钿甜全程无辜被谣言伤得太狠了,1,0.8220488429069519,comments
5285859964229279,澄清之后还留后遗症艺人被无端伤害网络环境真该好好管管,1,0.8398427367210388,comments
5285805359895514,注意用词这种叫老毕登,2,0.9041631817817688,comments
5285805359895514,老登门前过挡灾又挡祸,0,0.9138684868812561,comments
5285805359895514,这闺蜜能处,2,0.4823906123638153,comments
5285805359895514,陌生人随便就进来喝酒的么,2,0.6266462206840515,comments
5285805359895514,听说抢喜的人家里当年会死人诶,1,0.7950336933135986,comments
5285805359895514,经常刷到这种到底是哪里的风俗,1,0.5267508029937744,comments
5285843251760364,人人存善念并能日行一善则个人家庭社会一定安乐祥和这世上有时笑笑人家有时给别人笑笑自己放轻松给自己快乐也给别人快乐同学丢一张纸屑那是制造恶业我们捡起一张纸屑这是累积善业,0,0.8447970151901245,comments
5285843251760364,日拱一卒无懈怠功不唐捐终入海深耕心域种星火岁月自会燃成海梅花在寒冬绽放不是不怕冷是知道冬天越冷春天的花越香所有的坚持都是为了在最好的时节绽放最灿烂的自己,0,0.969067394733429,comments
5285843251760364,我们生在红旗下长在春风里目光所至皆为华夏五星闪耀皆为信仰人民有信仰国家有力量民族有希望欣逢盛世当不负盛世愿吾辈之青春捍卫这盛世之中华,0,0.9826045632362366,comments
5285843251760364,每一个普通的改变都将改变普通因为从决心变得更好的那一刻开始我们就已经与一个全新的自己不期而遇只要你肯用心生活无论何时都不会辜负你心里装着美好眼里的世界就美好,0,0.9676104784011841,comments
5285843251760364,生命的价值在于传递善意人生的意义在于奉献温暖每一次伸出援手每一句暖心话语都是对世界最深情的告白,0,0.9706053137779236,comments
5285841482287964,立鸿鹄志做奋斗者将个人前程与祖国命运紧密相连以今日之耕耘育明日之硕果在物质沃土中扎根在政治清泉中滋养在精神阳光下生长终成栋梁之材撑起祖国未来的一片晴空,0,0.9798723459243774,comments
5285841482287964,丹心向党壮志报国把个人梦想汇入江河方能成波澜壮阔将青春奋斗刻进年轮终能见参天之木既要夯实物质基础也要筑牢政治信仰更要丰盈精神世界让三维文明如鼎之三足共同托举起中华民族的伟大复兴,0,0.9723935723304749,comments
5285841482287964,梦想是永不熄灭的火焰照亮我们前行的征途让我们在追逐的路上不致迷失方向追逐梦想宛如花朵向阳而生执着探寻光明它是人生的方向每一步跋涉都在向理想靠近纵使前路未知只要全力以赴不问归途终能收获属于自己的成功,0,0.979889452457428,comments
5285841482287964,若想心系祖国必先确立远大志向树立并培育正确的理想信念对未来满怀憧憬要立志为自身前程拼搏更要为祖国发展奋斗助力祖国建设成为物质文明政治文明精神文明协同发展的美好家园,0,0.9516825675964355,comments
5285841482287964,爱物惜物即是善行勤俭持家便是积德 心不欲杂行善则真心若欲杂空行百善 以善启善以善引善以善育善以善扬善 无需言它从吾做起不必多言当下善行,0,0.5641462206840515,comments
5285859868805883,善良是一种修养善待他人就是善待自己要想得到别人的爱首先要学会爱别人一个善良的人一定是温暖的人乐于助人的人懂得珍惜和感恩的人,0,0.895661473274231,comments
5285859868805883,以善良为师得到的是正义和正直的教诲即使步履平凡也不失不俗的境界善良使人的心灵仁爱使人的视野宽广,0,0.9688394069671631,comments
5285859868805883,不忘初心怀揣敬畏坚持不懈无惧前路用音乐浇灌梦想的种子生根发芽用倔强呵护稚嫩的幼苗肆意生长从未退缩一如既往一往无前,0,0.9745581746101379,comments
5285859868805883,人生的路经历过才知道有短有长岁月在无憾中微笑才美丽回过头想着明天抱一抱那些年最初的梦想在我们心中依旧完美我们只需要记住那些完美把握此刻活在当下才是真理,0,0.9581307172775269,comments
5285857332560067,一个好的心态处处自在时时潇洒一个内心深处宽阔明朗的人面对世间所有经过的画面凭心地月在青天浮云如画,0,0.9402241110801697,comments
5285857332560067,生活中无论遇到怎样的失意落寞怎样的坎坷崎岖都不惧怕只要我们怀着一颗奋斗不息的心一切困苦艰辛自当迎刃而解也许明天不一定是百分百的美好但我相信它绝对可以是我们下一个新起点的开始,0,0.9483543634414673,comments
5285857332560067,每一处风景都是生命的驿站用乐观的心看待万物心则如山花般烂漫 知足且坚定温柔且上进站在自己热爱的世界里闪闪发亮 要善良要勇敢要像星星一样努力发光 ,0,0.9803430438041687,comments
5285857332560067,笑对生活是一种态度善待人生是一种境界感恩拥有的一切珍惜身边的朋友享受每天的阳光快乐无忧地生活就是最美的时光感恩所有的遇见,0,0.9787747859954834,comments
5285854579004620,太离谱了结婚还抢喜被,1,0.8329048752784729,comments
5285852806646069,我也不理解啊,1,0.5514326691627502,comments
5285854698276263,这样的闺蜜真的好,0,0.9733802080154419,comments
5285854698276263,老登一大半都信封建迷信,1,0.8053069114685059,comments
5285829031234921,那我腐乳和奶茶都爱吃都吃了,2,0.8927816152572632,comments
5285829031234921,我一顿早餐要吃三四块腐乳,2,0.9085361957550049,comments
5285829031234921,老爸评测的话还能信,2,0.6198885440826416,comments
5285855212080715,那我就无所谓了,2,0.845416247844696,comments
5285855212080715,都是套路呢,1,0.8147667646408081,comments
5285855212080715,也不是很理解,2,0.7799636125564575,comments
5285855212080715,都是套路呀,1,0.8433189392089844,comments
5285855212080715,腐乳得罪谁了,1,0.8186677098274231,comments
5285855212080715,是这个样子的,2,0.8449091911315918,comments
5285857326007635,本宫倒觉着咸奶茶的醇厚颇有后宫佳酿之风韵,0,0.9134398698806763,comments
5285836195104234,哇这个数据真是让人震惊咸奶茶里的盐分和糖分含量都这么高偶尔尝鲜还好经常喝的话确实得注意了健康饮食平衡最重要嘛,1,0.7396222949028015,comments
5285608668268241,继续揍鱿鱼就行了,1,0.6326568126678467,comments
5285608668268241,继续轰炸以色列,2,0.5358895659446716,comments
5285608668268241,继续揍犹太,1,0.7190383672714233,comments
5285608668268241,伊朗继续打啊要坚持住继续封锁海峡,2,0.5482676029205322,comments
5285608668268241,以色列不想停啊拉着儿子不让走,1,0.647819459438324,comments
5285608668268241,去斗争求团结则团结成以妥协求团结则团结亡,2,0.42892369627952576,comments
5285817562170023,赔偿不可能吧一赔偿就意味着彻底认输翻不了身了,1,0.8320049047470093,comments
5285817562170023,不会吧一天不杀人浑身不舒服的啊,1,0.8595823049545288,comments
5285817562170023,解铃还须系铃人川普把以色列无核化就行了还能得个诺贝尔核平奖,1,0.46046116948127747,comments
5285817562170023,阿列想的就是最大限度地破坏停火协定,1,0.6167289018630981,comments
5285817562170023,说难听点美以都可能仅是赚钱的工具而已,1,0.7448647022247314,comments
5285817562170023,艰难的抉择美国已经没落了,1,0.8086358308792114,comments
5285804729434473,美国要是有诚意直接移交内塔去审判,2,0.5142729878425598,comments
5285804729434473,其实有办法老特不想打夜壶想老特要把柄在夜壶手里捏着他的蛋蛋那就把坐标给伊朗物理消失是最好的办法,1,0.520828902721405,comments
5285804729434473,已经开始威胁他D了,1,0.6961026191711426,comments
5285804729434473,太明显了特都不想打郎子也没动手硬是以色列还要硬搞就离谱,1,0.8553075194358826,comments
5285804729434473,时间是检验真理的最好标准有的民族人人唾弃流浪千年一定是有原因的,1,0.7934399247169495,comments
5285807008777439,再打一星期什叶派就要统一整个中东了,1,0.48498252034187317,comments
5285807008777439,只有 760 人参与投票要是人再多一些伊朗的占比应该更高,2,0.8212597966194153,comments
5285807008777439,看来老外也不傻,1,0.5462318062782288,comments
5285807008777439,给美国一个台阶下吧算他赢了天下太平,0,0.5807266235351562,comments
5285807008777439,事实胜于雄辩,0,0.9105567932128906,comments
5285807008777439,样本不足 可以再看一下,2,0.8850647211074829,comments
5285865091760939,停火快谈拢队友坐不住,1,0.5435487031936646,comments
5285865091760939,真心盼能早日谈成真正的停火啊 世界和平最重要,0,0.9092438220977783,comments
5285865091760939,拱火的都闪一边和平才是坠棒的小天使呀,0,0.9487971663475037,comments
5285807839250968,伊朗这是有多天真才能相信美国会就这10条进行谈判,1,0.7563421726226807,comments
5285807839250968,美伊战争打多久了,2,0.7418826222419739,comments
5285807839250968,希望世界和平永不再战争,0,0.9563863277435303,comments
5285858248756612,一会儿又关了可咋整啊,1,0.6996089816093445,comments
5285858248756612,孤烧船自退横使周瑜获此名说是,1,0.5476996898651123,comments
5285858248756612,那他要是再关怎么办,1,0.6649678349494934,comments
5285858248756612,美军把海峡封了说是,2,0.513512909412384,comments
5285858248756612,赢就完了管他那么多,1,0.807374894618988,comments
5285858248756612,你这个也字什么意思,2,0.7918645143508911,comments
5285802256630590,你觉得李纯马頔这对夫妻甜吗,0,0.7912431359291077,comments
5285802256630590,其实我觉得这种都是看个人吧,2,0.8546029329299927,comments
5285802256630590,人生中遇到志同道合的人不容易,0,0.710122287273407,comments
5285802256630590,我觉得两个人舒服就好了,0,0.5357158184051514,comments
5285802256630590,太有态度了,0,0.9473276138305664,comments
5285802256630590,这样子也挺好的吧,0,0.9513777494430542,comments
5285818444810755,大家对于这对新婚夫妇的看法是什么样子呢,2,0.8341425657272339,comments
5285818444810755,祝福吧美满务实的一对儿小伉俪,0,0.9837858080863953,comments
5285818444810755,没看过花千骨看过庆余年,2,0.7549980282783508,comments
5285818444810755,哇塞祝幸福呀,0,0.9721547961235046,comments
5285818444810755,这么低调的吗,2,0.5970560908317566,comments
5285817376837017,马頔我负责浪漫李纯负责现实这不就是最好的生活吗,0,0.9511874914169312,comments
5285817376837017,这夫妻状态也太好嗑了吧,0,0.9498454928398132,comments
5285817376837017,马d但凡哪点配得上李c,0,0.6372542381286621,comments
5285817376837017,狠狠羡慕这种神仙爱情了,0,0.8768693208694458,comments
5285817376837017,野马变乖猫爱真的会改变,0,0.6967635154724121,comments
5285817376837017,不办婚礼也超幸福的呀,0,0.9720379710197449,comments
5285766309877079,婚纱真的没必要拍个人感觉就没用现在手机拍照俩人自己去自己喜欢的地方打卡一两张 写出来挂着就了,1,0.5054447054862976,comments
5285766309877079,他们好契合,0,0.9773529767990112,comments
5285766309877079,婚礼办起来确实麻烦但婚纱照还是可以拍的长得这么美留住特殊时光的美好,0,0.9802103638648987,comments
5285766309877079,看出来了不会长久,1,0.6721104979515076,comments
5285766309877079,我如果结婚的话也不想拍婚纱照感觉拍一天会很累,1,0.6256223320960999,comments
5285766309877079,一点都配不上李纯,1,0.7618290781974792,comments
5285827584197523,这俩人真是活得通透不被传统束缚羡慕,0,0.8801395893096924,comments
5285821407824004,这男二也太刚了吧坐等后续发展吃瓜ing,1,0.7178963422775269,comments
5285821407824004,琢玉里面的随缘青就没有参加首映礼,2,0.9040610790252686,comments
5285821407824004,每次这种词条一出来感觉都在侮辱网友的智商网友上个网还要人均名侦探柯南,1,0.854515016078949,comments
5285821407824004,天天让我们猜 我猜你二大爷的三舅妈,2,0.6867146492004395,comments
5285821407824004,顶流也就一般明星当红那就是短剧明星喽,1,0.5236606001853943,comments
5285821407824004,恩恩我知道是张大大,0,0.5333354473114014,comments
5285785819679419,全文网页链接,2,0.8819658160209656,comments
5285785819679419,看完只想说男艺人升咖真快,0,0.832979142665863,comments
5285785819679419,配角出彩和配角掀桌是两回事逐玉里面配角很出彩但离掀桌那还差十万八千里好剧都是大家一起上桌吃饭的,2,0.37521085143089294,comments
5285785819679419,很多都是饭圈内火数据什么的太缺少参考价值了真的希望演艺圈还是靠演技说话踏踏实实的努力让艺人独立行走而不是活在粉丝用钱拼出来的象牙塔让粉丝花钱展示自己的商业价值本身就是一种不负责任,1,0.8109527826309204,comments
5285785819679419,有直接说二番 配角要自己自觉 别抢主角的光环这样才能和和美美成为戏后的好朋友所以 谁说的是真的,2,0.4117746949195862,comments
5285841066788394,能不能直接指名道姓,2,0.9419317841529846,comments
5285841066788394,煮鱼热播期还没完呢 别带逐玉 目前没啥活动 而且全平台涨粉最多的是男主 没有掀桌一说 只能说是全员上桌,1,0.6244022250175476,comments
5285841066788394,白月梵星好看白鹿伟大,0,0.9791327118873596,comments
5285841066788394,张凌赫都不能算当红了吧感觉顶流不过他应该还好之前看很多人都说男一帅所以导演敢其他全用帅哥我感觉这个剧男的都挺帅的这男生叫邓啥来着感觉也很帅不过不算男二吧任豪那个是分不清他俩谁男二,0,0.6061025261878967,comments
5285841066788394,肯定连顶流这个词都用不上,1,0.8146268129348755,comments
5285819327711334,被男二掀桌我心中已有人选,1,0.556329071521759,comments
5285819327711334,心中有人选 为了我心肝我闭嘴,0,0.7905693650245667,comments
5285819327711334,锦月如歌剧宣时 男二不在 甚至只有男女主两个人  第一次见,2,0.86676025390625,comments
5285843948539013,吃瓜群众表示吃瓜不忘理智静待官方回应,2,0.729000449180603,comments
5285843948539013,这有点离谱吧当红男艺人还好这一口不把剧宣起来会有谁看,1,0.8299304246902466,comments
5285843948539013,这到底为啥啊不传谣不信谣,1,0.6739311218261719,comments
5285843948539013,就不能指出来人名吗,2,0.7986583113670349,comments
5285843948539013,那删除戏份拍来有啥用,1,0.6912958025932312,comments
5285843948539013,不是为了更好的剧宣有什么不可,2,0.6117973327636719,comments
5285842262425677,你们信这个吗,2,0.6490837335586548,comments
5285842262425677,太离谱了不可能吧,1,0.8551295399665833,comments
5285842262425677,这个瓜说的是谁啊,2,0.8283512592315674,comments
5285842262425677,我去真的假的这是谁,1,0.6096905469894409,comments
5285842262425677,这是谁啊咖位这么大,1,0.4349902272224426,comments
5285842262425677,期待后续吧文字料的瓜不可信,1,0.6317559480667114,comments
5285867658940177,这年头连剧宣都要搞宫斗吃瓜吃到剧里剧外都分不清了,1,0.8463866114616394,comments
5285865401090518,少胡说八道不要给张凌赫招黑,1,0.8203369975090027,comments
5285865401090518,你是傻子吗男二是任豪,1,0.7476537823677063,comments
5285864146997245,这年头连剧宣都成了宫斗现场吃瓜吃到自己家了,1,0.8246030807495117,comments
5285863370003684,这年头连男二都要靠自己争取镜头了建议直接上演员请就位现场battle演技,1,0.5537692308425903,comments
5285753049320436,注意安全做好防范,2,0.790107250213623,comments
5285558352875301,大师这份爱心实在是太伟大了,0,0.9489242434501648,comments
5285558352875301, 看清楚 看仔细 做个人吧,2,0.8586981296539307,comments
5285558352875301,真梦回夺冠那天了,0,0.8620023727416992,comments
5285558352875301,大师用心了,0,0.9161606431007385,comments
5285558352875301,大师太伟大了,0,0.9653179049491882,comments
5285826491843360,雷峰塔城隍阁,2,0.7753611207008362,comments
5285826491843360, 听说烟雨其实是雾,2,0.6774283051490784,comments
5285826491843360,注意天气变化,2,0.7503867745399475,comments
5285835033545922,六点前能熬住吗,2,0.915999710559845,comments
5285835033545922, 你说下午下班时间下雨结果现在太阳这么大什么意思,1,0.5360451936721802,comments
5285835033545922,又变成半夜下雨了从一周报不准变成半天都报不准,1,0.7449148893356323,comments
5285835033545922,到家了到家了,0,0.9090673327445984,comments
5285835033545922,还会有雷雨吗,2,0.894708514213562,comments
5285835033545922,下班了下班了,2,0.7898705005645752,comments
5282284551799649,花花晚安呐,0,0.945155680179596,comments
5282284551799649,明日的强对流大概几点开始,2,0.9157773852348328,comments
5282197981889734,好大的雨呀不过现在出太阳了,1,0.5582315921783447,comments
5282197981889734,这样我的衣服都没法晾干 今天上午那场强对流还把我正在晾裤子吹到地上了 现在裤子晾了跟没晾一样,1,0.8128733038902283,comments
5282197981889734,希望清明节不下雨,0,0.6651924252510071,comments
5282197981889734,明天的雨是下一整天吗,2,0.9329145550727844,comments
5282197981889734,明天不出门了,2,0.904916524887085,comments
5282197981889734,明早还是明晚会有暴雨啊,2,0.8824248909950256,comments
5285712349891251,注意安全呀,2,0.775244951248169,comments
5285712349891251,极端天气 要注意安全,2,0.8280392289161682,comments
5285828177693892,飘来海南降降温吧,2,0.5908508896827698,comments
5285828177693892,昆明好久没下雨了,2,0.6694077253341675,comments
5285828177693892,出门一定要看好天气预报,2,0.8814296126365662,comments
5285828177693892,强对流天气,2,0.5846774578094482,comments
5285828177693892,雷电冰雹要注意安全,2,0.806342601776123,comments
5285828332883159,我早上还骑自行车你信吗,1,0.5728389024734497,comments
5285828332883159,好大的雨啊注意安全,2,0.47039613127708435,comments
5285836708120133,祖下午茶了,2,0.8484643697738647,comments
5285836708120133,今日份日落,2,0.9248766303062439,comments
5285836708120133,周末就让我们愉快玩耍吧,0,0.9690935015678406,comments
5285836708120133,明天能天台晒床单吗,2,0.929753839969635,comments
5285824481728121,陈都灵和鞠婧祎的对手戏太绝了那句台词我笑喷了哈哈哈,0,0.8683659434318542,comments
5285824481728121,鞠婧祎牛来看我们露芜衣,0,0.8438050746917725,comments
5285824481728121,一起来看鞠婧祎,0,0.5940636992454529,comments
5285824481728121,大盘这么冷吗都是十几的百分比,1,0.8107020258903503,comments
5285824481728121,鞠婧祎露芜衣好棒,0,0.9744215607643127,comments
5285854599976151,陈都灵绝美,0,0.9692701697349548,comments
5285854599976151,确实好看我要收回以前说的只是看颜值的话了故事也很有意思画面拍的更不用说了鞠婧祎在里面演的也真好,0,0.9685385227203369,comments
5285854599976151,总体还是不错的就导演剪辑差了点不太会讲故事,1,0.6496114134788513,comments
5285854599976151,雾妄言古颜一,2,0.6019690036773682,comments
5285854599976151,对对对剧粉来的各有各的好,0,0.9781801700592041,comments
5285854599976151, 怎么都好磕的六条理由 一我是颜控 美 帅 二我是慕强批聪明厉害    三我是氛围怪氛围拉满 一对视我嘴角下不来  四我是细节控的细节糖甜的恋爱   五好久没磕cp了我磕的是真的   六的厨子真会做饭狗蛋不会饿昏,0,0.8078478574752808,comments
5285850050199985,就这样一步一个脚印的往上走,0,0.8128274083137512,comments
5285850050199985,真的非常用心,0,0.9549673795700073,comments
5285850050199985,好牛一步一个脚印,0,0.9728907942771912,comments
5285850050199985,太棒了剧情非常在线,0,0.9784768223762512,comments
5285850050199985,来看月鳞绮纪 来看露芜衣,0,0.47192060947418213,comments
5285850050199985,  jjy  月鳞绮纪鞠婧祎露芜衣客户端,2,0.5445641875267029,comments
5285872838640885,小狐狸精这角色绝了郭小四演技在线期待后续,0,0.9786136746406555,comments
5285872838640885,这部戏还真的挺好看的,0,0.9781666994094849,comments
5285872838640885,暧昧拉扯真好磕,1,0.8211025595664978,comments
5285872838640885,世界寄露月鳞绮纪唯一美帝不解释  把手圈起来只看自己喜欢的寄灵和露芜衣在平行世界he,2,0.717289924621582,comments
5285872838640885,心里还是很喜欢她的,0,0.9351509809494019,comments
5285872838640885,这是不是叫欲擒故纵,1,0.4988625943660736,comments
5285866622157524,你们觉得会持续登顶吗,2,0.6930469274520874,comments
5285866622157524,陈都灵和鞠婧祎的对手戏简直不要太精彩,0,0.9708926677703857,comments
5285866622157524,恭喜呀期待这部剧,0,0.9837400317192078,comments
5285866622157524,好完美的阵营吧,0,0.9743921160697937,comments
5285866622157524,不得不说这部剧颜值好高,0,0.9676382541656494,comments
5285866622157524,四位又一爆款作品,0,0.9543787837028503,comments
5285881088311484,刘宇这破碎感我给满分不过记得他说过那句他没囚禁我他在保护我我得赶紧下载个反诈APP压压惊,1,0.642580509185791,comments
5285881074159245,好剧曾出不穷精彩舜晞万千演员曾舜晞星光熠熠光芒万丈 ,0,0.9853348731994629,comments
5285879375726774,龙神大人这波是直接封神啊田嘉瑞你还有多少惊喜是我们不知道的,0,0.4737672507762909,comments
5285875455106749,剧情带感演员给力这剧火得实至名归,0,0.9747568368911743,comments
5285800855994538,过几日老板家门口你是不是前两天救过一只猫,2,0.8729180693626404,comments
5285800855994538,此事在猫和老鼠亦有记载,2,0.7739880681037903,comments
5285800855994538,看了主人发的猫猫没撒问题,2,0.7833864092826843,comments
5285826301008431,小猫成醉猫,1,0.6724354028701782,comments
5285826301008431,小猫也想喝酒了,2,0.7631195187568665,comments
5285826301008431,我想知道这个酒还卖吗,2,0.9285597801208496,comments
5285864116846687,喵我再也不想当酒保了 语音评论4quot,1,0.7946023344993591,comments
5285864116846687,哈哈哈还是有点好玩的,0,0.9677740335464478,comments
5285864116846687,哈哈哈哈哈可爱,0,0.9775480031967163,comments
5285816936956343,目前伯切特已经成为要求美国政府公开不明空中现象和不明飞行物相关文件的重要呼吁者,2,0.7834155559539795,comments
5285816936956343,自2022年美国联邦政府支持五角大楼设立全领域异常现象解决办公室 AARO建立飞行员和公众报告异常现象目击事件的渠道以来美国民众对不明飞行物及相关现象的兴趣日益浓厚据悉该办公室主要负责调查和分析不明异常现象以及不明飞行物,2,0.7641535997390747,comments
5285816936956343,美国众议员蒂姆伯切特6日在接受采访时称美国政府官员曾告诉他外星人已访问过地球并与人类进行了接触,2,0.8705591559410095,comments
5285816936956343,外星人特么我们是床底下的夜壶尿急就拿出来哧一下,1,0.7253443598747253,comments
5285816936956343,有个叫擎天柱有个叫威震天当时闹的挺大的,1,0.5018781423568726,comments
5285816936956343,对对对外星人对地球一点不了解的时候也是先接触美国人,2,0.6593126654624939,comments
5285861843274779,我小时候看电影外星人都说英语而且是特标准的美音所以只能跟美国人接触,2,0.7959306836128235,comments
5285861843274779,川普就是外星人,1,0.7122250199317932,comments
5285861843274779,外星人出发前还得学好纯正美式英语,2,0.789543867111206,comments
5285861843274779,拍挽救计划拍得自己都信了,0,0.5939723253250122,comments
5285861843274779,run来的,2,0.749051570892334,comments
5285861843274779,因为他们接待比较好请外星人去了萝莉岛,2,0.8385424613952637,comments
5285869847838766,他们没有反诈App,2,0.7447037100791931,comments
5285869847838766,真的有外星人吗,2,0.7630952596664429,comments
5285869847838766,肯定真啦小时候我也见过,2,0.5471432209014893,comments
5285869847838766,我感觉不真,2,0.6585224270820618,comments
5285858300398795,美议员和川普有一拼不相信他说的,1,0.7191122770309448,comments
5285858300398795,美国人真敢说,1,0.7195379734039307,comments
5285858300398795,不装了我就是外星人,1,0.8299609422683716,comments
5285858300398795,扯犊子的吧,1,0.6675741076469421,comments
5285858300398795,美国人都是神仙,0,0.6493458151817322,comments
5285858300398795,外星人肯定非常怕手机智能手机普及之后基本上就不怎么来了,1,0.769124448299408,comments
5285799413419427,他但凡外形没那么像大众想象中的样子我都可能信一些,1,0.5089146494865417,comments
5285799413419427,地球人很难理解存在外星人吗其实我也是外星人,2,0.5251337885856628,comments
5285799413419427,哈哈哈哈然后特朗普出来说是他帮忙说和的,2,0.6862135529518127,comments
5285799413419427,除非碰巧是第二个地球过来的不然重力引力等不同外形不会类人的,2,0.6580883860588074,comments
5285732017251228,这是要干嘛那边这几年一直在说有外星人,1,0.6489008069038391,comments
5285732017251228,我笑不行了,1,0.8371887803077698,comments
5285732017251228,我小时候真的相信有外星人,2,0.6171389222145081,comments
5285732017251228,外星人真的存在吗,2,0.7695130705833435,comments
5285732017251228,不管真假用科学去验证总比盲目恐慌强坐等真相浮出水面,2,0.4803713262081146,comments
5285732017251228,这年头连外星人都开始卷了不仅要会面还要定点定时生怕错过地球的每一个精彩瞬间,1,0.8127411603927612,comments
5285873144824051,你觉得这件事是真的吗,2,0.905907928943634,comments
5285873144824051,确实当个笑话看就行了,2,0.5522345900535583,comments
5285873144824051,美国的话信不了,1,0.7867487668991089,comments
5285873144824051,美国的确实不能全都信啊,1,0.6725569367408752,comments
5285873144824051,这会是真的吗,2,0.8901466727256775,comments
5285873144824051,其实大家都知道是假的,2,0.5003558397293091,comments
5285872415277356,信老美还是信秦始皇,2,0.6196879744529724,comments
5285872415277356,哪个凤凰山,2,0.9262292385101318,comments
5285872415277356,1994年,2,0.8202093839645386,comments
5285862264537823,已经看不到了关注一下我sx发你,2,0.8547394871711731,comments
5285862264537823,这是真的假的呀,2,0.5223507881164551,comments
5285862264537823,让外星人帮助他们统一地球吧,2,0.7328312397003174,comments
5285862264537823,请外星人先和我接触一下叭,2,0.915723443031311,comments
5285754679858089,这种工作岗位和艾滋病毒一样只有通过性和母婴等渠道才能获得的,2,0.7539663314819336,comments
5285860259402127,花钱买的工作我也不要去了,1,0.7300482988357544,comments
5285860259402127,我是才知道工作要买的,2,0.9298802614212036,comments
5285860259402127,大学生要小心一点,2,0.7270569205284119,comments
5285860259402127,花钱能买工作还是不错,0,0.5797374844551086,comments
5285860259402127,现在这种事情挺严重的,1,0.8287574052810669,comments
5285860259402127,好像还真有这种花钱可以进的,1,0.47807201743125916,comments
5285846618214103,在经济困难时期诈骗行为更为猖獗面对此类诱惑我们应保持警惕避免受骗上当,1,0.6534331440925598,comments
5285846618214103, 傍晚好专程来看看你,2,0.703764021396637,comments
5285846618214103, 傍晚好问候来了,0,0.9735972285270691,comments
5285824591826837,一家五口好幸福呀,0,0.9751586318016052,comments
5285824591826837,孙杨说游泳的那个吗,2,0.9088029265403748,comments
5285824591826837,记得他好像之前跟某空姐已经有个娃了,2,0.8279334902763367,comments
5285824591826837,感觉孙杨都还是个大孩子,1,0.4751974940299988,comments
5285824591826837,一家五口 我以为是那条狗,2,0.8009976148605347,comments
5285824591826837,评论区倒也不必造谣孙杨怎么不相信孙杨移民新加坡呢明明是一起发布的谣言因为这个比较容易戳穿吗,1,0.6183688044548035,comments
5285813877211980,哈哈哈哈看来也是妻管严,1,0.5842967629432678,comments
5285813877211980,他们的互动好甜啊感觉找到了爱情最好的模样祝福他们你也一定是个温柔体贴的人吧,0,0.9849066138267517,comments
5285813877211980,他俩正片完全搞笑一家人一家子都很逗我看完嘴角都没下来过,0,0.9652959108352661,comments
5285813877211980,他和那个空姐的大儿子现在已经读高中了吧,2,0.916710615158081,comments
5285813877211980,很萌的一对小夫妻呀,0,0.972579836845398,comments
5285813877211980,孙杨豆豆一直幸福,0,0.9833123087882996,comments
5285778764596023,挺好的这样孙杨的孩子就有兄弟姐妹了,0,0.9360246658325195,comments
5285778764596023,张豆豆是真的好看 小孩一定也会很漂亮,0,0.9816443920135498,comments
5285778764596023,孙杨和张豆豆在2025年通过社交媒体或节目宣布了生子喜讯孩子出生于2024年张豆豆分享了成为母亲后的生活调整孙杨也表达了喜悦他们近期有更多家庭生活分享可通过相关平台关注继续提问戳gt微博智搜,0,0.7394943237304688,comments
5285778764596023,这么快嘛豆豆生完孩子还这么好看,0,0.9205445051193237,comments
5285778764596023, 那淑哥不是在意淑哥得了第二名你第一名跑来我面前说诶你很在意啊诶呦没见过这么会凌辱人的我真的输了在人生志趣和骂人这个行当输了你们都是赢家行无论你们说什么你们都是侮辱我且我干挨着,1,0.8462418913841248,comments
5285778764596023,评论区别造谣了好嘛真有就举证一下孙杨只有一个女儿跟前任没有孩子队友插刀教练殴打他都差点去不了世锦赛才分的手,1,0.8288305401802063,comments
5285797034721779,现在流行综艺官宣吗哈哈,2,0.5439185500144958,comments
5285797034721779,不官宣不炒作 低调幸福最难得,0,0.9564084410667419,comments
5285797034721779,低调相守三年 还有可爱的宝宝,0,0.9790079593658447,comments
5285797034721779,恭喜孙杨张豆豆喜提小金鱼这下家里热闹了可以办个小型游泳比赛了,0,0.9732568860054016,comments
5285797034721779,就爱看他们幸福的样子,0,0.9728131890296936,comments
5285797034721779,竟然有孩子了以后一定要幸福,0,0.9677364826202393,comments
5285827530986511,孩子的英文是,2,0.9006460309028625,comments
5285817993922938,据说都有娃了保密工作可以,2,0.8324204683303833,comments
5285817993922938,看见无证驾驶的还是跑远一点吧不然一起蹲局子的命,1,0.8069830536842346,comments
5285801827241282,今天不读书明天去喂猪,1,0.7848660945892334,comments
5285801827241282,感觉她有黑社会的潜质,1,0.7612085342407227,comments
5285801827241282,好可怕签约合同等于卖身契,1,0.8596703410148621,comments
5285801827241282,這人也太霸道吧順我者生,0,0.5208986401557922,comments
5285818220676332,姐姐你别努力了,1,0.6973670125007629,comments
5285854744412435,这才是原图海报是柳叶P的,2,0.8378440141677856,comments
5285854744412435,毫无违和感内部人员,1,0.8178780674934387,comments
5285854744412435,芒果台的关系来了,2,0.7034479379653931,comments
5285854744412435,要不然说是长沙电视台人脉,2,0.5386330485343933,comments
5285854744412435,我去老师 你可以去合伙人当美工了,2,0.8177560567855835,comments
5285841150150168,你们觉得男方之前的事有影响么,2,0.8153373599052429,comments
5285841150150168,你们磕过两个人么,2,0.8143835067749023,comments
5285841150150168,不妨碍欣赏美女的美貌,0,0.9151527881622314,comments
5285841150150168,估计后面再难合体了吧,1,0.7697674036026001,comments
5285841150150168,他俩的cp感超级强 嗑死了,0,0.9550988078117371,comments
5285841150150168,哇塞确实很有气质,0,0.9696063995361328,comments
5285835259776589,看了就知道,2,0.6173799633979797,comments
5285835259776589,大古老师 可以拿图发嘛,2,0.9217201471328735,comments
5285848586652690,你们磕过这对cp吗,2,0.6803763508796692,comments
5285848586652690,别的不说他们俩真的蛮般配的,0,0.9746948480606079,comments
5285848586652690,确实挺明显的从并肩到隔开三个人粉丝破防也能理解毕竟之前那么甜的互动现在突然疏远落差感挺强的,1,0.56451016664505,comments
5285848586652690,当初磕过这对,2,0.7689887285232544,comments
5285848586652690,这对cp咋彻底be了,1,0.8096342086791992,comments
5285837526534123,记得准时收看哦,0,0.812949001789093,comments
5285849631557562,毕雯珺wwzz 五一来看阿骏,2,0.5547146797180176,comments
5285849631557562,诶呦 不讲不讲期待消失的人阿骏五一都来电影院看哈,2,0.4874560534954071,comments
5285849631557562,期待黎明前他会归来和消失的人期待毕雯珺,0,0.9355269074440002,comments
5285849631557562,毕雯珺wwzz每次被蹭还要说他蹭这操作没谁了期待五一新电影,1,0.801718533039093,comments
5285849631557562,期待毕雯珺新剧黎明前他会归来哦别忘了五一来看帅哥的电影,0,0.9728398323059082,comments
5285849631557562,我只知道我哥哥五一有电影要上了期待阿骏,0,0.8967074751853943,comments
5285719086207588,4月8日采访时间贵州 因缘分20岁大学生和8岁男孩成父子男孩爸爸去世后男生只要有空都会将男孩带在身边男生用行动去双向奔赴用实际相互治愈,0,0.7211282253265381,comments
5285719086207588,兄弟更合适,0,0.913630485534668,comments
5285719086207588,这个年龄差兄弟关系会更好至少不会怎么影响到男子日后成家,2,0.6579349040985107,comments
5285719086207588,不是亲人胜似亲人,2,0.5189096331596375,comments
5285719086207588,双向奔赴的亲情,0,0.9644381999969482,comments
5285810815369761,然后呢好奇那对母子是谁,2,0.8852990865707397,comments
5285810815369761,12岁生的孩子,2,0.8069652318954468,comments
5285810815369761,1314岁还没有长熟吧,2,0.7971213459968567,comments
5285810815369761,我们隔壁县之前有很多1314岁生孩子的,2,0.7570168375968933,comments
5285810815369761,大学生爸爸好有爱,0,0.9721712470054626,comments
5285860334898023,感人20岁男生与8岁男孩的深厚情谊展现了人间大爱,0,0.9553753137588501,comments
5285860238426679,双向奔赴的爱,0,0.9822032451629639,comments
5285854299294445,不管我们过得好与不好开心还是难过我们所承受的一切都是在为以前自己的选择而买单人生没有白走的路每一步都算数,1,0.48530450463294983,comments
5285853328835027,生活总是这样不能叫人处处都满意但我们还要热情地活下去人活一生值得爱的东西很多不要因为一个不满意就灰心,0,0.8991870880126953,comments
5285853328835027,我们日行一善并不是放下手中一切事情刻意地去做好事而是带着善心给需要帮助的人做力所能及的事慈善只能是一种境界一种超越责任和道德范畴的境界凡是有益于人的就是善损人利己的就是恶 ,2,0.4296278655529022,comments
5285853328835027,信心锻造伟业信念燃烧激情欲望产生希望有梦想的人生才是完美的有积极的心态才是完整的人必须相信自己这才是成功的秘诀,0,0.9770365357398987,comments
5285858227784449,健康是1其他是零,2,0.8905208110809326,comments
5285858227784449,你就好好吃饭吧,0,0.5203089118003845,comments
5285858227784449,真的别再不当回事了身边太多人都是这样三餐想起来就吃忙起来直接跳过熬夜成了家常便饭烟酒也戒不掉,1,0.8384425044059753,comments
5285858227784449,天暖和点做胃镜去现在太冷,2,0.6014651656150818,comments
5285858227784449,真的要好好爱惜自己的胃,0,0.8535107970237732,comments
5285858227784449,兄弟你别吓我,1,0.6915883421897888,comments
5285825352830153,老猪我看着都胃疼可得好好吃饭别学俺贪嘴,1,0.8341279625892639,comments
5285825352830153,你这描述让我胃都开始紧张了,1,0.8271169662475586,comments
5285824702712517,退退退离我家人远远的,1,0.6501970291137695,comments
5285824702712517,退退退我们全家都遇不到这种事我妈的胃一定会健健康康,0,0.900175154209137,comments
5285824702712517,希望我爸我妈我弟弟还有我都健健康康的,0,0.9593942165374756,comments
5285824702712517,今天上午胃胀下午消化不良也就是胃折腾了我一年,1,0.6994832754135132,comments
5285738818046828,多多关注对自己对家人都好,0,0.963628888130188,comments
5285738818046828,要治对自己负责对家人朋友负责,0,0.606769323348999,comments
5285738818046828,而人却不能在盐酸中生存,2,0.5423232316970825,comments
5285738818046828,为何要治菌改善胃部环境它不就自动消失了,1,0.5412203073501587,comments
5285825455587491,胃癌并不罕见大家还是要早预防早发现早治疗 ,2,0.6495178937911987,comments
5285825455587491,有小病就要去看别耽误大了,1,0.6266143321990967,comments
5285825455587491,真的要小心不舒服一定要认真对待,1,0.45020976662635803,comments
5285825455587491,并且胃不舒服疼痛表现也是有个体差异的只能说如果长期不间断的不舒服的话真的要及时检查,2,0.6150445342063904,comments
5285825455587491,说真的胃疼一定别拖赶快去治,1,0.6889162659645081,comments
5285836981010721,庆祝重生抽五张签名照送给大家,0,0.9373468160629272,comments
5285836981010721,宝宝尊重并且支持你的一切决定我只是你的蓝霸虎你在哪里我陪你去哪里,0,0.9477354288101196,comments
5285836981010721,宝宝未来的路我们一起走,0,0.9775030016899109,comments
5285836981010721,久诚选手走的每一步路都算数永不放弃永远闪耀,0,0.9836663007736206,comments
5285836981010721,宝宝 我一直在等你 也会一直陪着你 我们说好要打到三十岁的,0,0.9371466040611267,comments
5285846182003688,回来打比赛吗,2,0.9322885870933533,comments
5285846182003688,我的发重回赛场打比赛吗,2,0.9193703532218933,comments
5285846182003688,Hero現在的中單是誰,2,0.7770416140556335,comments
5285846182003688,妈呀今夕是何年 久诚重返Hero 时代的眼泪,1,0.8007969260215759,comments
5285846182003688,感觉是签mcn的感觉,1,0.5490025281906128,comments
5285842920671393,他真的很破坏别人的营销,1,0.8611531257629395,comments
5285849357878038,坦然狂铁再现不死战神名场面这就是冠军对抗路魔龙大,0,0.9354448318481445,comments
5285849357878038,看到你重回Hero仿佛也回到了那个热血沸腾的赛季,0,0.9535819292068481,comments
5285894665800304,嘿嘿久诚这小子又要大展身手了俺老孙也来凑个热闹,0,0.9553954601287842,comments
5285891762555260,爷青回久诚复出我DNA直接原地螺旋升天,0,0.8410907983779907,comments
5285848721131354,能让我们看点通俗易懂的文字吗估计那几个水果也看不明白,1,0.48447707295417786,comments
5285848721131354,KOL是英文Key Opinion Leader的缩写直译为关键意见领袖指在特定领域拥有专业知识粉丝基础和影响力并能引导群体观点或消费决策的人,2,0.7426459789276123,comments
5285848721131354,MCN KOL是什么意思啥身份啊助教还是赛训,2,0.7369874715805054,comments
5285848721131354,就是回归当主播呗,2,0.8016608357429504,comments
5285848721131354,诡秘我是丈育看不懂,1,0.7912309765815735,comments
5285890093226301,爷青回久诚归位我的青春复活甲到账,0,0.9746881723403931,comments
5285811554617369,两个人结婚相伴30多年对他们而言有情有义有缘,0,0.9662280082702637,comments
5285811554617369,老了好多岁面相都变了是真的很伤心,1,0.8167130351066589,comments
5285811554617369,永远的唐僧送别相伴一生的爱人太让人难过了,1,0.5904265642166138,comments
5285811554617369,小编会用词吗人家是配偶不现身才奇怪,1,0.7822363376617432,comments
5285811554617369,一生的知己,0,0.9322816729545593,comments
5285773370984006,数百名市民自发撑伞排队送别陈丽华女士曾饰演猪八戒的演员马德华哽咽称她为好大姐六小龄童白岩松等各界人士共同缅怀这位传奇企业家与文化守护者,0,0.958774983882904,comments
5285773370984006,林大庆在现场提及陈丽华与丈夫迟重瑞感情深厚迟重瑞曾对着陈丽华的照片深情感慨你看董事长那个时候多年轻啊二人相伴多年的真挚情感令人动容林大庆表示真诚永远是最能打动人的力量,0,0.9665928483009338,comments
5285773370984006,4月9日上午陈丽华告别仪式在北京举行鉴真东渡导演林大庆现身现场致哀,2,0.6703334450721741,comments
5285872351842110,留下孤身一人太难了,1,0.7729983329772949,comments
5285882975224674,迟先生的眼神里全是故事这场雨也是天公作美为这段传奇画上句号,0,0.9033425450325012,comments
5285696031687799, 报道刊发后涉事票务平台高度重视此事第一时间介入协调处置截至目前欣欣购票支付的2015元票款已全额退还到位这场困扰低保家庭多日的退票难题终于圆满解决,2,0.45882663130760193,comments
5285696031687799,在哪里买我都不知道,2,0.9222550988197327,comments
5285696031687799,女孩应该不是第一次买票没用过这个软件根本买不了但是她有退票的权利,2,0.7204009294509888,comments
5285696031687799,摩天轮下单需要选择票档选择观演人然后去支付这个价位不太可能免密这是女孩真的想看吧,2,0.7407398819923401,comments
5285696031687799,不是说好的误点吗难怪不误点到其他歌手演唱会上去不就是孩子想去买了票家长不同意找借口退款,1,0.6930461525917053,comments
5285828324494836,认知障碍又不是傻子但也可能是限制民事行为能力人啊脑损伤后是有可能会这样的但我也不明白为啥她卡里有这么多钱,1,0.6062470078468323,comments
5285845109310082,我怎么没误买呢,2,0.8760780096054077,comments
5285845109310082,摩天轮是黄牛平台买是可以买的不用抢但怎会下载这个app呢我不理解,1,0.545744776725769,comments
5285845109310082,能退就好了,2,0.8248271942138672,comments
5285845109310082,穷人家的孩子买都不会去买2000一个多月的生活费了,1,0.7416250109672546,comments
5285834387620544,摩天轮不需要抢啊直接下单就行了,2,0.8317503929138184,comments
5285834387620544,我四肢健全都买不到她是怎么做到的要么假新闻要么家人在说谎,1,0.814191997051239,comments
5285896384681798,鲁豫老师的眼神里有故事有智慧还有对生活的热爱这样的光芒是岁月沉淀下来的宝藏至于那个演唱会票的事真的希望能有个合理的解决方案毕竟对于一些家庭来说那不是一笔小数目希望平台能多一些人性化的考量,0,0.9644686579704285,comments
5285896022658567,我总感觉是女孩想去他爸妈不让去,2,0.6902685165405273,comments
5285895920157670,心中不可少善行事不可无善人前不为恶易独处不为恶难任性妄为是恶行止有度是善心存感恩之心身行积德之善从善者吾近之从恶者吾远之百年养善不足一日毁之有余行善助人是舍心安积德是得,2,0.46279171109199524,comments
5285895920157670,以善待人者人恒善之以暖待人者人恒暖之你付出的每一份善意都会绕个圈子回到身边温暖往后的时光,0,0.9664610028266907,comments
5285895920157670,善是生命中最温暖的底色一个善意的微笑是融化人心阴郁的春风一个帮助能燃起困境中的希望世界太冷漠就让我们用善行传递爱与温暖大爱无言从点滴开始做起每一个小小的善举都如黑暗中的灯塔将人从绝望黑夜里领进光明找到前行的方向和勇气 ,0,0.9648424983024597,comments
5285854073586040,不知道的还以为拍的是贵妃醉酒哪个女子在受到侮辱和伤害后还能喝酒跳舞再摆个Ending pose,1,0.7347939610481262,comments
5285854073586040,没东西上热搜了,1,0.7959540486335754,comments
5285854073586040,他们一起把衣服扬天上去的时候给我看笑了,2,0.5427850484848022,comments
5285854073586040,跑步回头转圈鼓风机慢镜头还有怼脸一看就是吉吉的独特艺术看多了真的觉得无语内娱又一个混子导演,1,0.7290746569633484,comments
5285854073586040,像个戏子不像公主,2,0.521183431148529,comments
5285854073586040,拍的啥呀明明是受辱这一边喝一边舞好像在回味似的不会拍就别拍了,1,0.8261669874191284,comments
5285846312026405,李沁往那一跪就是元淳公主这个角色我真的又恨又爱恨是她伤害楚乔爱是她的经历又让我心疼新版的是啥东西啊,1,0.838793933391571,comments
5285846312026405,骑马从一国公主头上跨过去就很离谱啊,1,0.8384312987327576,comments
5285846312026405,莫名其妙 为什么要把演过的再来一次 又怎么可能演得过第一部得剧情 演员都不是一个级别,1,0.8267158269882202,comments
5285846312026405,李沁这段竟然是楚乔传里的没看过这部但是这段在切片里看过好多次感染力太强了好痛,0,0.7552605271339417,comments
5285846312026405,元淳真不是这样的她是天真不是傻子,1,0.8493824601173401,comments
5285846312026405,元淳让燕洵别造反说不要嫁给他了是为了保他的命上面那是什么鬼啊宁愿燕洵死了也不让走,1,0.7405692338943481,comments
5285852402155892,这种场景拍个慢镜头仙衣飘飘头发飘这么大啥意思很唯美吗,0,0.4575323164463043,comments
5285852402155892,最烦这种镜头,1,0.8039177060127258,comments
5285852402155892,没看剧一看这个回眸加大鼓风机盲猜导演侣皓吉吉,1,0.7061922550201416,comments
5285852402155892,编剧是懂心疼女主的,0,0.9069700837135315,comments
5285852402155892,这个部分没必要重拍,2,0.8370993137359619,comments
5285852402155892,学学不要和陌生人说话把施暴的镜头对准安嘉和这个施暴者让大家去讨厌施暴者把受害者的狼狈样弄出来有的bt当a pian看了比如隋唐英雄传的蓉蓉演员现在还被恶意调侃那句话,1,0.8325368762016296,comments
5285851084885798,你更喜欢哪个版本,2,0.8894326090812683,comments
5285851084885798,你看冰湖重生了吗,2,0.8716131448745728,comments
5285851084885798,你觉得这段演技怎么样,0,0.8372158408164978,comments
5285851084885798,怎样都赶不上第一部,1,0.732245683670044,comments
5285851084885798,怎么第二部也受辱,1,0.7982601523399353,comments
5285851084885798,女主太嫩了吧  跟未成年一样看她谈恋爱好变态啊,1,0.8592754602432251,comments
5285857886210590,这部分剧情有问题吗,1,0.5137491226196289,comments
5285857886210590,我的淳儿太苦了怎么第二部了还要被这样对待,1,0.8550171852111816,comments
5285857886210590,夏梦版本的淳儿不如李沁版本的,2,0.5693020224571228,comments
5285857886210590,赵丽颖楚乔传的淳儿是那种失魂落魄的破碎感不是被美化成视觉奇观,1,0.7964652180671692,comments
5285857886210590,夏梦不比李沁差,0,0.5627259612083435,comments
5285857886210590,原班人马感觉不可能了,1,0.6634576320648193,comments
5285898243540092,这剧是有点东西的不过拍这种戏还是得有分寸别把悲剧拍成美学了,1,0.7626112103462219,comments
5285897265745081,这剧的导演是懂审美的就是不太懂人性,1,0.8117112517356873,comments
5285888479462188,这剧怕不是叫冰湖重生之淳儿历险记吧,2,0.7024305462837219,comments
5285887619366939,这转圈圈是在cos电风扇吧,1,0.726559042930603,comments
5285854465754255,第一次是经验其他都是东施效颦,1,0.7308438420295715,comments
5285854465754255,还以为在玩你慢慢追我慢慢的跑这种在这慢镜头下不是很像逃亡,1,0.6892092227935791,comments
5285842421286756,很苦的公益女生多 男生都没想想为什么 是不是男性缺少同理心吗  真服了,1,0.8372020721435547,comments
5285842421286756,可是 她们本来也是为了十个 bro 去的吧,1,0.7284883856773376,comments
5285842421286756,这个节目大部分粉丝就是女生男生来估计也能有因缘何乐而不为,2,0.42982789874076843,comments
5285842421286756, 评论区那个男的疯了,1,0.8471980094909668,comments
5285842421286756,作为民勤本地人深知治沙重要性这么多志愿者女生自非去做公益这种社会责任感简直太帅气了避免看到某些男的脏眼睛能不能只允许女生种树呀我也是女生不想成为调侃的对象,0,0.6199190020561218,comments
5285842421286756,评论区的bro真是让人大开眼界,0,0.7873542308807373,comments
5285835034592136,那不是调侃是xsr,2,0.738654375076294,comments
5285835034592136,如此恶意骚扰公益奉献的志愿者何其歹毒恶俗,1,0.8258074522018433,comments
5285835034592136,公益不是猎艳场她们更不是猎物,2,0.47311046719551086,comments
5285835034592136,女孩们希望大家做公益的同时也保护好自己,0,0.8939657211303711,comments
5285835034592136,请尊重女性,0,0.569061279296875,comments
5285835034592136,我们不会后退,2,0.5372288227081299,comments
5285838218854954,终于有正常的男生了   点进词条第一篇文章的首评看得我心肌梗塞,0,0.48993971943855286,comments
5285838218854954,谢谢您为我们发声说的太好了,0,0.9752248525619507,comments
5285846251209334,有些bro说是女拳的看看你们自己吧,1,0.615781843662262,comments
5285846251209334,没有一棒子打死所有男性没有挑起对立的意思,1,0.5511254072189331,comments
5285846251209334,丑男谁care你啊,1,0.8179253339767456,comments
5285846251209334,这种事情本来就是道德层面的问题有些人又想转移注意,1,0.7478286623954773,comments
5285846251209334,人家不收任何报酬的去治沙种树 还要被男人消遣猎艳,1,0.7731009721755981,comments
5285846251209334,明明是做了件很好的事却被带着恶意评头论足甚至被群人在挑选,1,0.7969244122505188,comments
5285869657525178,把性骚扰当幽默,1,0.711702823638916,comments
5285869657525178,不把女的当人,1,0.502258837223053,comments
5285869657525178,狮子头老师有yxh发所谓的拉表说言情作者因为看耽文被拉表避雷了就连出来顺眼的薇我无酒老师都被扣上了在看耽美文上榜了这分明就是一次赤裸裸的污蔑,1,0.8581653237342834,comments
5285869657525178,就一个c99男找出来很容易就看处理不处理它了,2,0.618010401725769,comments
5285869657525178,bro 干一行黄一行不是干黄了就是涉黄了,1,0.8565718531608582,comments
5285842126899849,该夸治沙的人还是该骂乱看的人,1,0.776942253112793,comments
5285842126899849,能不能不要骂那些做贡献的人,2,0.5530072450637817,comments
5285842126899849,尊重女性也要尊重女性的成果,0,0.9213240146636963,comments
5285842126899849,垃圾不值得给关注的目光,1,0.8122069239616394,comments
5285842126899849,那些人真的油饼自己没有姐妹吗,1,0.6381363868713379,comments
5285842126899849,回复 还是基因问题 让人无语脑子都是黄色的无聊且空洞,1,0.8569884896278381,comments
5285845225440327,真想把那群垃圾的头拧下来,1,0.8463696241378784,comments
5285853632398850,看到热搜     更想说的是为什么不是那些蛀虫的道歉视频在传播这样只让大家记住了在民勤种树的女生们被一些蛀虫恶心到了      这样宣传好像不太对,1,0.8312503695487976,comments
5285853632398850,明明是精神凝聚的净土被那些肮脏的人玷污民勤的梭梭树需要的是干净流动的清水不是淤泥和死鱼烂虾,1,0.7641437649726868,comments
5285850950665616,还有标题的重点为什么不在加害者而在受害者,2,0.5613757967948914,comments
5285850950665616,觉得很不舒服看到这些,1,0.8151242136955261,comments
5285850950665616,女性主义的旗帜何时可以真正扬起,2,0.671974778175354,comments
5285850950665616,这个世界对女性可以友好一点吗,2,0.7574312090873718,comments
5285850950665616,请尊重女性 请尊重志愿者,0,0.8144585490226746,comments
5285850950665616,每次看到这种言论都觉得挺难受的每次男的都在说所谓女拳从来不反思自己的言论,1,0.8500645756721497,comments
5285377826883179,鬼界增加一例,2,0.88109290599823,comments
5285377826883179,如果这点钱都拿不出来要拿养家糊口来当借口的话不知道在养什么家都快被养散了吧,1,0.8538200855255127,comments
5285377826883179,张口就是男人要养家糊口他养什么家糊什么口男性什么都不付出只要性别男就可以成为挡箭牌女性的付出闭口不谈,1,0.791396975517273,comments
5285377826883179,bro继续吧,0,0.524333655834198,comments
5285842445927127,她是真的很爱小动物 他们一家子都把毛孩子当亲孩子 毛孩子就是和亲孩子一样的,1,0.38298508524894714,comments
5285842445927127,介绍下霍思燕,2,0.7074658274650574,comments
5285842445927127,这个赛道很适合他哦,0,0.9711088538169861,comments
5285842445927127,也是闯了个新赛道,0,0.9428002834320068,comments
5285842445927127,这也太有实力了吧恭喜夺冠,0,0.9721245765686035,comments
5285842445927127,没有新闻可发了吧,2,0.6621792912483215,comments
5285848364089491,霍拉拉是什么品种,2,0.9337189793586731,comments
5285848364089491,小狗太可爱了好聪明啊,0,0.9789421558380127,comments
5285848364089491,哇塞得过这么多冠军,0,0.817607581615448,comments
5285848364089491,小狗狗真的是好好看呀,0,0.9765649437904358,comments
5285848364089491,这真的很喜欢小动物,0,0.9791181087493896,comments
5285834720543363,西施犬的气质真是绝了燕姐的穿搭太会了,0,0.9528671503067017,comments
5285834720543363,厉害厉害霍思燕回应爱犬在泰国夺冠,0,0.9660310745239258,comments
5285834720543363,太可爱了吧这小狗,0,0.9699851274490356,comments
5285834720543363,夺冠了太厉害了,0,0.9595010876655579,comments
5285834720543363,西施犬这波文化输出,2,0.48048165440559387,comments
5285834720543363,好厉害啊优秀狗狗,0,0.9801002144813538,comments
5285860150083726,她真的超级喜欢小狗啊,0,0.930962324142456,comments
5285860150083726,霍姐这是要开狗狗天团出道的节奏啊,1,0.7259268760681152,comments
5285860150083726,这个小狗真的好棒,0,0.9759960770606995,comments
5285860150083726,我记得她之前还收养了实验犬 超级有爱心,0,0.9674519896507263,comments
5285860150083726,狗狗好厉害啊她真的很爱小狗诶,0,0.9745157361030579,comments
5285878688647895,霍思燕这是要把宠物界奥斯卡拿个遍的节奏啊,0,0.7761515378952026,comments
5285862520128036,霍思燕这是要开启冠军犬妈的新人生剧本吗太励志了吧而且旗袍狗狗的组合简直就是行走的东方美学教科书啊,0,0.9723351001739502,comments
5285862520128036,霍思燕这身旗袍太绝了把东方韵味带到了国际赛场,0,0.9793532490730286,comments
5285862520128036,狗狗和你都太棒了,0,0.9770041108131409,comments
5285862520128036,看到狗狗夺冠时她眼里的光那份温柔又坚定的力量隔着屏幕都感受到了,0,0.9577759504318237,comments
5285862520128036,美丽的人都喜欢宠物,0,0.8399442434310913,comments
5285862520128036,霍思燕真的好美呢,0,0.982481837272644,comments
5285875022825403,支持友友不变,0,0.9686001539230347,comments
5285875022825403,太优秀了吧,0,0.9694852828979492,comments
5285871395801013,霍思燕这是要转型做犬界伯乐吗 这两只冠军狗子背后的故事比电视剧还精彩,0,0.9449876546859741,comments
5285588971556302,好吓人p3还是在25年4月,1,0.7899807691574097,comments
5285588971556302,不是万一她真的是在求救呢,1,0.5011427998542786,comments
5285588971556302,不要觉得她精神状态有问题不可信绝对有原因的好心疼她可能是真的好无奈在向我们求助,1,0.8218920230865479,comments
5285588971556302,有些人不要在引导了 想让大家觉得她不正常说的话不可信 就这样忽视她的求救吗,1,0.7754719257354736,comments
5285588971556302,当一个活生生的人说出如此具体的细节三年前的针剂四五十针除痘消炎的名义之后控制性的头痛这本身就是一份证词煤气灯操控的核心恰恰就是让受害者无法自证把受害者的求救扭曲成疯女人的胡言乱语让所有人都觉得她有病这正是施害者最完美的脱身术  我们可以不充当法官去判全文,1,0.8235278725624084,comments
5285588971556302,娱乐圈水好深心疼美女,0,0.8597729802131653,comments
5285589222165790,她不是杜华公司的艺人么公司安排这些公司不保护她么,2,0.6103945970535278,comments
5285589222165790,恐怖她是谁,1,0.5452626943588257,comments
5285589222165790,能不能爆瓜啊 我好好奇,2,0.522589921951294,comments
5285715237667283,其实就是公司的人一直想让她当演员吧给她送去演员综艺因为是小白呗骂的要死拍综艺里也让她演戏给她接各种低成本广告剧与她人气完全不符的那种炸裂短剧所以能不能让爱豆留在舞台上啊 乐华对她的规划完全就有问题包括后面女团也是一人拖飞机 还一直被穿小鞋,1,0.8405225276947021,comments
5285715237667283,她最应该的是断网换一种有家人好好陪伴的生活积极去看医生抑郁症严重的认识两个没有一个觉得自己有病连药都不愿意吃其实她们已经很严重了连门都不愿意出,1,0.6999512314796448,comments
5285715237667283,远离网络看医生调理去吧,2,0.8009702563285828,comments
5285715237667283,是不是当初打那些针损害神经了,1,0.7131183743476868,comments
5285715237667283,最好先看看医生状态不太好,2,0.6942737102508545,comments
5285715237667283,天呐先找个三甲医院专家看看神经科吧这不是小事 看完医生就有证据了呀,2,0.4019070863723755,comments
5285729831751743,这是被害想 还是真的出事了,1,0.8216065168380737,comments
5285729831751743,按理说 如果有精神问题的话 说出来的话是不可信的,1,0.7370681762695312,comments
5285729831751743,娱乐圈水太深了啊 她父母为什么不带她区看看心理问题呢,1,0.8152464032173157,comments
5285729831751743,就算她患上精神分裂症那也有个诱因一个成年人在没有外部事件的影响下不会突然精神分裂,2,0.740071713924408,comments
5285729831751743,很简单的道理了 要么是真的她没办法 要么是假的真的生病了 有被害妄想 但是能害她被害妄想的人也是他们 横竖都是被逼成这样的,1,0.8341562151908875,comments
5285729831751743,就算是精神疾病也一定是有什么原因致使她患上精神疾病的,2,0.5354628562927246,comments
5285693351267650,谁来帮帮她啊太可怜了,1,0.7842888832092285,comments
5285693351267650,他为啥不报警弄不懂,1,0.5186002254486084,comments
5285693351267650,感觉她病的很严重应该没有按时吃药都已经出现被害妄想了他这种情况需要去脑科医院住院治疗了,1,0.770295262336731,comments
5285693351267650, 有点像精神分裂患者爱说的脑控不过好好的一个人被逼疯了娱乐圈也是真的好恐怖,1,0.8571478724479675,comments
5285693351267650,到底是怎么了既然说了感觉别冒泡往精神疾病上引导啊万一是真的在求救呢,1,0.8280390501022339,comments
5285693351267650,这里面指定有事当年多阳光的女孩可叹,0,0.7680370211601257,comments
5285632161087928,你觉得金子涵说的是真是假,2,0.7419876456260681,comments
5285632161087928,我的天难怪她要剪头发不知道跟头疼有没有关系,1,0.7895005941390991,comments
5285632161087928,心疼死了追过婧的都知道她曾经多好 完全就是个很善良谦虚上进的小女孩一直记得有一次公演她票数比孔雪儿高但她完全没有一点高兴反而第一时间看向当时不自信的孔为她担心就凭她当时那个女孩子之间惺惺相惜的目光我就觉得她不会是坏人被折磨成这样该多痛苦我的天,1,0.6649232506752014,comments
5285632161087928,肯定有关想想乔和于,2,0.8838222622871399,comments
5285632161087928,打什么东西 不听话就会疼没听说过  最坏的人是用D控制人  往脸上打针能控制的 半信半疑,1,0.8029929995536804,comments
5285632161087928,造谣要被告的,1,0.6342429518699646,comments
5285719800284257,这不就是典型精分无特定指向的人物,1,0.4535318613052368,comments
5285719800284257,但规划艺人去拍戏是经纪公司的正常操作吧倒也不算害她不过确实要征求演员的意见筛选剧本和控制尺度保护艺人她要做的曝光还有报警保护自己,2,0.811008095741272,comments
5285719800284257,感觉是被职场PUA工作性骚扰后造成的创伤性应激行为就是有洁癖被怂恿去当演员实则是被背后的资本家逼去拍色q戏了感觉心灵很痛苦,1,0.8625516295433044,comments
5285719800284257,杜华秦岚是垫背的,2,0.8079910278320312,comments
5285719800284257,她演的什么戏为什么我没看过难道是禁片,1,0.6909518837928772,comments
5285719800284257,ylq越离谱越可能是真的,1,0.8128827810287476,comments
5285722602081920,也许是被公司强迫做演员但给的都是擦边的角色自己很反感但无能为力解约被逼到崩溃边缘,1,0.8373484015464783,comments
5285722602081920,看着后面这个文字不像是精分写得太真实了,0,0.8936224579811096,comments
5285722602081920,赶快离开国内或许这样才能帮助她这么漂亮的不应该过这样的人生离开娱乐圈离开国内才能恢复正常生活当一个普通的人千万不要想不开不值得,1,0.5797846913337708,comments
5285722602081920,拒绝资本捂嘴拒绝受害者被说成精神病希望她能早日脱离控制得到正规治疗和保护,1,0.5221384167671204,comments
5285722602081920,金子涵姐姐要勇敢一切真相总会大白的,0,0.9684475064277649,comments
5285722602081920,太恐怖了吧,1,0.6811671853065491,comments
5285589398061536,你觉得她生病了吗,2,0.7714127898216248,comments
5285589398061536,她究竟经历了什么啊,2,0.7799729704856873,comments
5285589398061536,金子涵的勇敢让人佩服希望一切顺利,0,0.9854555726051331,comments
5285589398061536,这也太神奇了什么药能打在脸上不听话就头疼,1,0.8069379925727844,comments
5285589398061536,像精神分裂 一直觉得有人害她 而去不相信自己有病,1,0.8575165867805481,comments
5285618045157473,即使最后是假的也不必审判 生病了而已好好去治疗就行,1,0.5914713740348816,comments
5285618045157473,报警比什么都管用哈,0,0.5219340324401855,comments
5285618045157473,是的有些人是怕她疯了还是怕她说的全是真的,1,0.7809123396873474,comments
5285618045157473,很多人都说这女孩儿有精神方面的疾病可我觉得是被害成这样的注射后经常头疼很痛苦导致精神问题和他这个机构脱不了干系但很多网友都没提过这一点只是一个劲的说她被害妄想症有问题,1,0.8052785396575928,comments
5285618045157473,她这思维奔逸精神状态很严重了,1,0.84255051612854,comments
5285618045157473,我知道你们很善良 但是希望这份善良是带脑子的 ,0,0.9031591415405273,comments
5285815307732918,她多次向小军表达不愿再继续接受试管辅助生育但小军无法接受婚后无子的现实坚持要求小丽继续治疗,2,0.6826884746551514,comments
5285815307732918,小军无法接受婚后无子坚决要求小丽继续接受试管技术辅助孕育而小丽已当庭明确拒绝继续生育在此情况下小军若强行要求小丽继续接受试管辅助生育将侵害小丽的生育权,2,0.6592636108398438,comments
5285815307732918,精弱的连做试管都怀不上,1,0.8031486868858337,comments
5285815307732918,自己身体不行还非要女方承担治疗的痛苦要么接受无子要么再找一个愿意这样治疗的女性吧,1,0.6077893376350403,comments
5285815307732918,这不算虐待吗,1,0.6500226259231567,comments
5285815307732918,做试管很痛苦吧这男的是一点都不爱老婆自己生不了孩子就折磨自己老婆这种不好的基因还是别传给后代了,1,0.856942892074585,comments
5285843852067791,男的只要生育机器而已你问他为啥不离婚再娶个媳妇不又得花几十万沉没成本太高划不来要是女方承诺赔他一笔钱我保准他立马同意离婚,1,0.7441098093986511,comments
5285843852067791,因为他没遭罪,2,0.48926842212677,comments
5285825071809441,说真的就男这样想再婚都难以后直接断代,1,0.8439051508903503,comments
5285825071809441,试管多次流产很可能也是精子有问题命里就没有孩子哪怕找到个愿意陪着使劲折腾身体依靠保胎手段生出孩子了孩子身体也不会健康的这男的真是自私透顶,1,0.837692379951477,comments
5285825071809441,这男的好自私 损人利己,1,0.8412354588508606,comments
5285825071809441,男方不育还在这强迫女方试管要是女方不孕男方早就提离婚了,1,0.7608290910720825,comments
5285825071809441,造孽啊很容易得癌的还好跑了遭大罪了,1,0.866058349609375,comments
5285842503602579,不是女的生不了孩子是男的基因有问题男的生不了,1,0.6409645080566406,comments
5285842503602579,有的时候流产是因为精子质量太差了能怀孕说明卵子和母体没问题男的不愿意继续过离婚换个男人比较好没必要在一个不能让女人怀孕的男人身上浪费自己青春,1,0.7040959596633911,comments
5285842503602579,是呢劣质基因老天要淘汰他的何必逆天而行,1,0.8602688312530518,comments
5285864482800147,那不是感情是工具,1,0.5562107563018799,comments
5285864482800147,别为这样的男人委屈了自己,1,0.8094435930252075,comments
5285864482800147,是啊没有感情过得很累的,1,0.8337677121162415,comments
5285864482800147,有些男的很冷漠,1,0.7957730889320374,comments
5285850891947611,早点分开对大家都好,0,0.9084182977676392,comments
5285850891947611,做男的怎么这么轻松啊又菜脾气还大,1,0.7969525456428528,comments
5285850891947611,真的是何必为难自己换一个人不就得了,1,0.7940952777862549,comments
5285850891947611,太没意思了女性能不能醒悟过来,1,0.843159556388855,comments
5285850891947611,为什么要女的来承受这些啊明明是男的有问题啊女方值得更好的生活,1,0.7253202795982361,comments
5285850891947611,男人不能接受自己不行的现实还是分开吧,1,0.6413307785987854,comments
5285839825537187,看气了真是无语,1,0.8279740810394287,comments
5285839825537187,真的太气愤了,1,0.8400601744651794,comments
5285864477298924,这还不离婚吗,1,0.49198395013809204,comments
5285845745796571,女儿好点没 肺炎确实有些麻烦希望小朋友早点康复呀,0,0.7045463919639587,comments
5285777673293286,金莎小19岁我都不介意你介意什么,2,0.7413330078125,comments
5285777673293286,是真爱孙丞萧当年才22岁年轻单纯刚毕业感情真挚没有经历社会的污染很容易动情我相信他们是真爱只是人心会变金莎以后年纪会越来越大不过享受当下幸福就好,0,0.9324113130569458,comments
5285777673293286,83你说人45,2,0.8690422773361206,comments
5285777673293286,主要金莎长得像20,2,0.6126334071159363,comments
5285777673293286,看他们身高不像是180和166的差别她老公应该不止180,2,0.8388457298278809,comments
5285765773788469,震惊了祝福他们,0,0.9560515880584717,comments
5285765773788469,稳定又温柔孙丞潇真的很靠谱呀,0,0.9745424389839172,comments
5285765773788469,她老公的表情感觉是真喜欢她眼里有星星哈哈,0,0.9712226390838623,comments
5285765773788469,真好真羡慕金莎,0,0.9291142225265503,comments
5285781741505623,这种小反差反而甜到不行果然真夫妻的糖才是最齁的看他们坐一起聊天我都忍不住嘴角上扬,0,0.950930655002594,comments
5285781741505623,说实话爱人这个词现在真的很少人用了从年轻人嘴里说出来反而有种复古的浪漫比宝贝什么的厚重多了,1,0.5564793348312378,comments
5285781741505623,金莎吐槽他老派但感觉她其实挺吃这一套的哈哈哈,1,0.583981990814209,comments
5285781741505623,金莎吐槽孙丞潇老派的时候那个笑完全就是喜欢到不行才会有的表情嘴上嫌弃心里甜,1,0.628911018371582,comments
5285781741505623,老派男友来啦 语音评论2quot,0,0.6153325438499451,comments
5285781741505623,父母同意吗普通老百姓父母能接受大十七八岁女人当自己儿媳妇,2,0.7837633490562439,comments
5285905059284039,隐身的名字 ,2,0.7762301564216614,comments
5285904929523790,这些精灵造型真是美翻了每个都有自己独特的魅力让人看了都想成为她们,0,0.9605255722999573,comments
5285812132643554,4月9日 在采访中表示很喜欢楚乔传这个IP拿到这本书后第一时间有在联系原班人马但是由于各种原因未果所以后来想做一个全新的作品,2,0.475551575422287,comments
5285812132643554,她谈到该剧此前争议时透露当时也做了很多预案也考虑过换演员换脸等,2,0.8752939701080322,comments
5285812132643554,楚乔传没有续集 谢谢哦,2,0.8486456871032715,comments
5285812132643554,你翻拍的是小说请称其为十一处特工皇妃剧版而不是楚乔传续集,2,0.8495830297470093,comments
5285841565385623,你们都看过楚乔传吗,2,0.8823890686035156,comments
5285841565385623,必然是原版啊,2,0.6644483208656311,comments
5285841565385623,冰湖重生播了一点水花都没有,1,0.818895161151886,comments
5285841565385623,还是原来的好看,0,0.663926899433136,comments
5285841565385623,看了两集弃了演的太尬了忍不了越看越想去重看楚乔,1,0.8239957690238953,comments
5285841565385623,差异太明显了,1,0.7956502437591553,comments
5285839933803650,你更喜欢谁演的楚乔,0,0.5789229869842529,comments
5285839933803650,楚乔传的回忆杀宇文玥捞上来了没,2,0.7622263431549072,comments
5285839933803650,赵丽颖楚乔打戏惊为天人,0,0.968745768070221,comments
5285839933803650,很久之前的回忆,2,0.731333315372467,comments
5285839933803650,真挺有意思,0,0.9094250202178955,comments
5285849735628581,从业者这么不专业建议看清楚纠正过来某剧官方敢这么说吗你们哪里得到信息这么报道的,1,0.7921798825263977,comments
5285849735628581,这个女人太无耻了我已经举报那个媒体和她本人发表不实信息了大家都去举报楚乔传没有续集没有续集,1,0.8313464522361755,comments
5285849735628581,她什么档次敢去找原班人马,1,0.6585937142372131,comments
5285849735628581,赵丽颖只拍过楚乔传望周知,2,0.6585018634796143,comments
5285849735628581,再次说明赵丽颖的人气值多高视后出手就是经典,0,0.9798423647880554,comments
5285849735628581,买的剪辑切片还直接用楚乔传的音频呢 我评论还被删,1,0.7128822207450867,comments
5285831302450372,你更喜欢赵丽颖还是更喜欢黄杨钿甜,0,0.5352878570556641,comments
5285831302450372,你喜欢第哪一版,2,0.8709447383880615,comments
5285831302450372,赵丽颖的楚乔真的无人能替代太绝了,0,0.9448412656784058,comments
5285831302450372,黄杨怎么就会瞪眼感觉演技好差眼神像盲人,1,0.8075448274612427,comments
5285831302450372,hydt 配上桌吃饭吗,2,0.9286823868751526,comments
5285831302450372,更喜欢第二遍,0,0.5123811364173889,comments
5285903691679516,经典就是经典翻拍需谨慎啊新阵容新气象但也别忘了初心,0,0.9351021647453308,comments
5285754889833326,要溯源厂家重罚罔顾儿童安全的厂家,1,0.5723804235458374,comments
5285754889833326,没有经过检测的电子产品为什么能在市场上购买,2,0.8287457823753357,comments
5285754889833326,要认准正规产品安全玩拼豆,2,0.5994046330451965,comments
5285754889833326,这玩意就像老头乐一样厂家敢生产商家敢卖用户敢用肯定是有些环节出了问题,1,0.7983542084693909,comments
5285754889833326,可这不是熨烫机的问题吗,2,0.5338138937950134,comments
5285754889833326,生命至上安全第一,0,0.9383084774017334,comments
5285785440882400,前几天新闻女孩卖拼豆收入超出父亲工资今天就有一个小女孩哎,1,0.6487640142440796,comments
5285785440882400,一定要注意安全,2,0.8109578490257263,comments
5285785440882400,很多手工本质上一样的天天搞新花样,1,0.8160025477409363,comments
5285785440882400,有危险的东西要么买好一点的要么不要用,2,0.5695566534996033,comments
5285785440882400,没玩过不知道啥玩具,2,0.8091245889663696,comments
5285785440882400,劣质残品害人不浅,1,0.8289324045181274,comments
5285774581042675,你在玩拼豆吗,2,0.5773214101791382,comments
5285774581042675,我女儿也玩拼豆但是他拼完了之后都是我帮他烫别说信不过那个拼豆的熨斗就算是家里的熨斗我也不敢让他烫,1,0.4908646047115326,comments
5285774581042675,天一辈子的阴影孩子没事就是万幸看得吓晕,1,0.6577034592628479,comments
5285774581042675,之前给小孩买那种手帐当礼物我看到附笔刀的我都不选怎么敢让小孩用熨斗这种危险工具的,1,0.6983088254928589,comments
5285774581042675,我自己也玩拼豆但是买的都是符合标准机器烫的真的一定不要贪便宜买个好的能用很久了,2,0.5464391112327576,comments
5285774581042675,这个孩子好虎啊起火花了她不是第一时间跑开而是徒手把电源拔了这么勇敢的孩子当家长的用点心吧,1,0.45207667350769043,comments
5285855854854967,我买的大的,2,0.9317180514335632,comments
5285855854854967,烫一下也是不轻,1,0.5327794551849365,comments
5285855854854967,即使熨斗是正品也不能让孩子独自操作,2,0.8816497325897217,comments
5285855854854967,确实很危险身边也有类似危险发声,1,0.7838202118873596,comments
5285855854854967,我特地查了拼豆最正规的品牌去旗舰店买的还千挑万选买了个松下的电熨斗就为了娃一时心血来潮想玩拼豆,2,0.7050062417984009,comments
5285795885483985,选购认准CCC认证安全第一,2,0.8730003237724304,comments
5285795885483985,健康与安全隐患要重视,2,0.685014009475708,comments
5285795885483985,我小时候放小鞭炮父母都不让小刀也不让玩,2,0.621431291103363,comments
5285795885483985,这也太可怕了一定要小心啊安全第一,1,0.7930097579956055,comments
5285795885483985,非常值得期待关注,0,0.9773604869842529,comments
5285795885483985,也是存在着很多安全隐患,1,0.48073911666870117,comments
5285770606677603,产品不正规吧,1,0.4964832067489624,comments
5285770606677603,厂家必需要给个说法吧,2,0.9214774966239929,comments
5285770606677603,这个东西真的有那么好玩吗,1,0.5415399670600891,comments
5285802176154592,那个熨斗可劣质了 我家就有 都坏一个了,1,0.8350147008895874,comments
5285802176154592,太危险了那么小的颗粒本身也危险吧,1,0.7883585691452026,comments
5285802176154592,玩具没有监管,2,0.8130249977111816,comments
5285802176154592,这也太不安全了,1,0.8450520634651184,comments
5285802176154592,竟然用220的电源弄个AA电池电源意思意思都不行,1,0.7933856844902039,comments
5285805652448259,没玩过这种,2,0.7907572388648987,comments
5285780789662174,直插直接风险大,1,0.5339977741241455,comments
5285780789662174,安全第一小孩就尽量不要用这种直接用市电的设备了,2,0.7811849117279053,comments
5285780789662174,小孩用的玩具不要用直插啊用电池就好,2,0.8627646565437317,comments
5285780789662174,别买用市电的小品牌的这类东西,1,0.5983388423919678,comments
5285780789662174,看起来风险好大玩这个应该别用直接插电的,1,0.7584646940231323,comments
5285780789662174,直接220V但凡任何一处质量不过关就很危险,1,0.8081905245780945,comments
5285774106823052,还是以前是十字绣更好,2,0.8766717314720154,comments
5285774106823052,还是要家长陪伴才行,2,0.7998970746994019,comments
5285774106823052,拼豆玩具小熨斗无控温3 分钟达 130多项安全指标不达标dcd提醒儿童用品安全标准需对标汽车安全合规才是底线,2,0.5663697719573975,comments
5285774106823052,要注意安全啊,2,0.8171434998512268,comments
5285774106823052,安全最重要,2,0.660018265247345,comments
5285774106823052,太危险了家长要注意了,1,0.578561007976532,comments
5285768631423776,4月8日浙江台州一保时捷车主开远光灯照射视频车主随后直接违规越线逆行行驶堵路交警到场后对其劝阻长达2分钟最终保时捷车主驶离视频车主车旁时当着交警面威胁视频车主quot下次不要被我碰到绝对把你撞了quot,1,0.6528802514076233,comments
5285768631423776,下次绝对把你撞了,1,0.8370813131332397,comments
5285768631423776,交警不开罚单么,2,0.8379501104354858,comments
5285768631423776,上个热搜帮他进去拘留几天,2,0.6427748799324036,comments
5285820720218651,曝光让这个保时捷车主颜面无存,1,0.7454373836517334,comments
5285820720218651,看看是哪个比这么狂呀,1,0.7921470403671265,comments
5285820720218651,现在就撞呗还等什么下次,1,0.794310450553894,comments
5285820720218651,为啥车牌打码,2,0.7999390959739685,comments
5285820720218651,蜀黍执法好温柔,0,0.9649630188941956,comments
5285820720218651,交警没开罚单,2,0.7768230438232422,comments
5285844510048667, 看你办事了,2,0.8415974378585815,comments
5285844510048667,我们浙J是这样的远光灯是标配近光灯是选配,2,0.9014986157417297,comments
5285844510048667,这种压实线不应该罚款吗,1,0.49885618686676025,comments
5285844510048667,浙 j 开远光太正常了毕竟光之国,2,0.6159984469413757,comments
5285844510048667,要是我就直接撞上去等着保时捷车主下跪,1,0.7884383797645569,comments
5285844510048667,开911我就信了 718算了吧,1,0.7854983806610107,comments
5285832634141972,这人这么猖狂啊,1,0.8433609008789062,comments
5285832634141972,保时捷说不定还是租的就是人太狂,1,0.8149012327194214,comments
5285832634141972,看把他狂的暴发户吧,1,0.8380971550941467,comments
5285832634141972,我的天呐这么目中无人吗,1,0.8523594737052917,comments
5285832634141972,是不是那些是吗代的人,1,0.5593310594558716,comments
5285832634141972,暴发户吗还是短剧看多了,1,0.8367584347724915,comments
5285830995478862,而且不光逆行还开着远光灯逆行过来的,1,0.5924992561340332,comments
5285830995478862,车牌别打码了让大家看看是哪家少爷,2,0.6052137017250061,comments
5285830995478862, 现在戾气这么重  奉劝手里有点的 就好好过日子  别 人走了没花了,1,0.8469288349151611,comments
5285830995478862,自己逆行还有理了,1,0.7527952790260315,comments
5285866358705497,成本太低了,1,0.828595757484436,comments
5285866358705497,这是处罚是表扬啊,2,0.8657857775688171,comments
5285866358705497,牛开豪车真霸气3分200都是看不起他,1,0.5518196821212769,comments
5285866358705497,不便透露就是保护它,2,0.8557224869728088,comments
5285866358705497,该管时候不管了,2,0.7848036289215088,comments
5285866358705497,有钱真好 有视频真好 有网络真好,0,0.9646031856536865,comments
5285842471355278,反正交警来了都不罚它怕什么怕,1,0.7565460205078125,comments
5285842471355278,不是这交警干啥呢和人家说相声呢,1,0.750214159488678,comments
5285842471355278,双实线逆行交警不当场处罚吗,2,0.6364518404006958,comments
5285842471355278,还以为是撒豪车了一个718有啥拽的资本,1,0.830779492855072,comments
5285842471355278,蹲一个后续,2,0.8816666603088379,comments
5285842471355278,交警能让它这么猖狂,1,0.8305948972702026,comments
5285837744639116,违规还这么嚣张啊,1,0.8467825055122375,comments
5285837744639116,交警拿出你的威嚴,0,0.6687328219413757,comments
5285837744639116,这交警比视频主还要怂完全不敢处理保时捷车主,1,0.8267004489898682,comments
5285837744639116,交警都这么和气的吗我们这不这样啊凶的很,1,0.7864990234375,comments
5285851158545183,这种和稀泥式执法看似息事宁人实则是对违法者的纵容对守法者的不公法治社会的基石从来都不是大事化小小事化了而是执法必严违法必究,1,0.7910963296890259,comments
5285851158545183,豪车从来都不是违法的挡箭牌车标更不是嚣张的资本道路交通安全法明确规定违规开启远光灯逆行应处以罚款记分威胁他人人身安全更是涉嫌违反治安管理处罚法可处拘留或罚款,1,0.5819456577301025,comments
5285851158545183,他们的逻辑荒诞又危险仿佛车价越高就越能凌驾于法律之上越能随意践踏他人的路权与安全,1,0.8482372164726257,comments
5285851158545183,保时捷车主的嚣张言论不只是车标嚣张症的一次发作在法治社会的语境下这种病症也注定没有生存空间我们期待当地交警部门能给出一个公正的处理结果也希望所有交通参与者都能明白真正的体面从来不是开什么车而是守什么规矩,1,0.5907654762268066,comments
5285851158545183,从撞死你也就20万一保时捷女车主撞车后恐吓对方被杭州警方依法行政拘留到此次台州车主当着交警面放狠话类似事件屡屡刺痛公众神经这些车主的嚣张把车标当成特权通行证以为开着豪车就能在马路上横行无忌视交通规则为无物视执法权威为空气,1,0.7982515096664429,comments
5285851158545183,更值得警惕的是事件中交警的处理方式面对保时捷车主的多项违法事实现场仅以两分钟劝阻草草收场既未固定违法证据也未当场开具处罚通知书,1,0.5068060755729675,comments
5285835836754015,你那个保时捷车主后来怎么着了解决清楚了吗,2,0.5302408337593079,comments
5285835836754015,比你上次遇到的那个女的还生猛,1,0.8011491894721985,comments
5285835836754015,咋滴当地的婆罗门吗,2,0.8222711682319641,comments
5285835836754015,台州坏人很多以前是认识个朋友来我这里做生意好几年一起玩几年后面说今年必须全家人都要回家找了几个朋友每人都借了几百块钱后面过完年就不回来了然后就玩消失了钱也不还现在已经十几年了零几年每人几百块钱那时候工资很少,1,0.7432370781898499,comments
5285835836754015,现实版狂飙啊,0,0.956760048866272,comments
5285835836754015,怕不是最后要为自己的行为买单,1,0.7804284691810608,comments
5285776843607692,2024年种地吧十个勤天少年团自费奔赴民勤在当地治沙人仲麟的带领下于腾格里沙漠种下18万棵梭梭树节目播出后这场公益行动彻底破圈大量粉丝禾伙人被带动主动报名参与植树仲麟发起的请到民勤种棵树志愿活动也因此爆火,0,0.7747560143470764,comments
5285776843607692,据悉参与民勤公益植树的志愿者以青年群体为主其中女性占比极高针对此次争议官方回复称高度重视全力配合协调并表示非常感谢志愿者们前来,0,0.6308286786079407,comments
5285776843607692,风沙都挡不住女孩们的勇敢 bro们挡住了,0,0.4262743592262268,comments
5285776843607692,禾伙人注意安全啊,2,0.7817496061325073,comments
5285776843607692,不是种树群是户外徒步群那个人不是当地人是外地的,2,0.8047223091125488,comments
5285776843607692,谁把这事整成这样了,1,0.8548558354377747,comments
5285865255339545,支持环保民勤的绿化行动很赞期待亲自植树体验,0,0.9746509194374084,comments
5285865255339545,外网就容易变味,1,0.8174341320991516,comments
5285876268798285,还有什么时候报道可以聚焦在犯错的人身上沙漠猥琐男无端骚扰他人引众怒会写吗,1,0.6819359660148621,comments
5285876268798285,民勤那么艰难的环境女性都没有后退 brO还挑上妃子了,1,0.7963327169418335,comments
5285876268798285,恶意凝视的男性能不能严惩,1,0.6553853154182434,comments
5285876268798285,这个真的好恶心啊,1,0.8432334661483765,comments
5285890219573884,好恶心的评论,1,0.8458039164543152,comments
5285780620837888,这些梗都好好玩儿我觉得还蛮不错的,0,0.9720236659049988,comments
5285780620837888,我感觉我老了肯定会玩梗的,1,0.850574254989624,comments
5285780620837888,抽象的人到老了依旧还是抽象,1,0.7909803986549377,comments
5285780620837888,这梗真的是笑的我肚子疼,1,0.7120679616928101,comments
5285780620837888,老年人的快乐感受下的氛围,0,0.7848524451255798,comments
5285780620837888,老了也不玩老梗主打一个叛逆,1,0.4759799540042877,comments
5285870403847777,不敢说老了怎么样 听大老板亲戚说这两年他疯狂买保健品,1,0.6690868139266968,comments
5285870403847777,我天骗子无孔不入,1,0.8478341102600098,comments
5285870403847777,老人真的很容易被骗,1,0.8493258357048035,comments
5285870403847777,全是坑人的套路,1,0.8462170362472534,comments
5285870403847777,这个年龄就喜欢争小钱花大钱,1,0.7154817581176758,comments
5285870403847777,每个年纪都有精准的骗局真的要提高警惕,1,0.731127142906189,comments
5285859985457735,生命是有光的在我熄灭以前能够照亮你一点就是我所有能够做的了我爱你你要记得我,0,0.9409804344177246,comments
5285859985457735,好玩爱玩儿,0,0.9622623920440674,comments
5285859985457735,现在的年轻人能活到这会儿,1,0.3690895438194275,comments
5285859985457735,50年后我轮椅漂移也要喊绝绝子,1,0.8274575471878052,comments
5285859985457735,老了之后有新梗玩儿,2,0.6805713772773743,comments
5285857147749391,等以后老了可能就会玩这些了,1,0.567044734954834,comments
5285857147749391,不知道老了的时候还能不能记住这些梗呢,1,0.5144527554512024,comments
5285857147749391,我也特别的羡慕这样的状态了,1,0.7544423937797546,comments
5285857147749391,看到大家都是这样我就放心了,0,0.8606262803077698,comments
5285857147749391,等我老了也要继续玩梗保持年轻心态,2,0.5192499160766602,comments
5285857147749391,五十年后可能还在上班呢别想那么多,1,0.6520906686782837,comments
5285850510525898,现在说年纪大了就不玩到时候真的到老了就是真香操作玩梗玩的飞起,1,0.8552742004394531,comments
5285850510525898,网络亲人是吗在网络上看看别人的生活其实也别有感觉平淡的精彩的,2,0.5067211389541626,comments
5285850510525898,那大眼可得挺住,1,0.5081411004066467,comments
5285850510525898,希望几十年后还能铁着,0,0.8718355298042297,comments
5285850510525898,希望大眼可以撑到我们老了,0,0.9505774974822998,comments
5285850510525898,哈哈哈哈哈是啊拉进我们的距离,0,0.8827939033508301,comments
5285847894330855,年轻人看不惯就算了吧,1,0.6158239245414734,comments
5285847894330855,这个口音太熟悉了一股德州味,0,0.8451275825500488,comments
5285847894330855,我也看不惯我们那时也没那样亲密,2,0.5251338481903076,comments
5285847894330855,哈哈你爸爸的故事太可爱了每个时代都有它的浪漫你们的相处方式也很温馨呢,0,0.9828163981437683,comments
5285847894330855,那他很双标怎么跟后妈那么关心人家,1,0.8478774428367615,comments
5285899214523905,追风我外卖都超时了风先帮我送一下,2,0.8388292789459229,comments
5285896710790981,老了以后神神叨叨的样子其实是玩梗玩的 语音评论6quot,1,0.8348493576049805,comments
5285896710790981,等我老了广场舞BGM全是绝绝子,1,0.8533040881156921,comments
5285893510530156,出差人狂喜酒店热水壶终于有正经用途了,0,0.6417301297187805,comments
5285893510530156,这个臭宝怕不是被外星人绑架过吧 语音评论5quot,1,0.6543723344802856,comments
5285893434770900,现在说老了不玩到时真香警告,1,0.829443633556366,comments
5285850259915696,酱酱的退出是为更好地回归本我期待她在新作品中的精彩表现,0,0.9669326543807983,comments
5285850259915696,她这么有才华在哪都能发光,0,0.9548049569129944,comments
5285850259915696,omg好像没听过,2,0.5013508796691895,comments
5285841771431526,papi酱能成为papi酱而不是成为papitube是因为她有自己独特的声音和创作力,0,0.9178382158279419,comments
5285841771431526,我很喜欢你这句话即使被带着脚镣形容很到位,0,0.955047607421875,comments
5285841771431526,元老级网红一直都在真的很牛,0,0.9785211086273193,comments
5285841771431526,看她的古早视频真的很有意思,0,0.9431802034378052,comments
5285858837791744,恭喜papi酱彻底回归自由做自己最酷,0,0.9820947051048279,comments
5285858837791744,算是彻底回归自由了,0,0.5068295001983643,comments
5285858837791744,自己一个人也能过的很好,0,0.9065806269645691,comments
5285858837791744,为什么要退出自立创立的papitube啊,2,0.6675783395767212,comments
5285858837791744,papi酱真的很了不起,0,0.9491767883300781,comments
5285834865773763,佟晨洁签约papitubepapi酱退居幕后各自精彩,0,0.8506537675857544,comments
5285834865773763,佟晨洁的加入papi酱退出公司格局变化各自寻找新方向,2,0.6905797719955444,comments
5285834865773763,铁打的营盘流水的兵啊,1,0.4722568690776825,comments
5285834865773763,这姐妹没有创作瓶颈啊赶快更新,0,0.39928677678108215,comments
5285857768768919,你们觉得她的选择对吗,2,0.8683050274848938,comments
5285857768768919,应该是太累了回归现生了,1,0.7178740501403809,comments
5285857768768919,咋了这是发生了啥,1,0.5544154047966003,comments
5285857768768919,别被误导 她进了更大的资本局进了母公司董事局,1,0.6758888363838196,comments
5285857768768919,怎么了这是,1,0.6031599640846252,comments
5285851645084516,她真的脑很香,0,0.9705143570899963,comments
5285851645084516,很优秀还是硕士,0,0.6787861585617065,comments
5285846593047485,papi姐这是要专心搞事业的节奏啊期待她带来更多优质内容,0,0.9748988747596741,comments
5285851137313224,你最早是因为papi酱的哪个视频认识她的,2,0.6980032324790955,comments
5285851137313224,十年沉淀终于回归本我期待新作,0,0.9622397422790527,comments
5285851137313224,从团队领航到专注自我表达papi酱的转身是清醒的战略选择,0,0.9304985404014587,comments
5285851137313224,感慨退里藏着成长智慧,0,0.9678373336791992,comments
5285851137313224,papi酱的思想很超前,0,0.8981437683105469,comments
5285851137313224,现在名气越来越大也能做自己想做的了吧,0,0.8934102058410645,comments
5285848578786637,papi酱真的是网红天花板啊,1,0.8419411182403564,comments
5285848578786637,这是急流勇退啊佩服她的决心,0,0.802198588848114,comments
5285848578786637,干什么都很厉害的papi,0,0.8012524247169495,comments
5285848578786637,相信papi酱会给我们带来更好的作品,0,0.9859937429428101,comments
5285848578786637,层次是真的不一样,1,0.7267770171165466,comments
5285848578786637,papi才是自己的大女主,0,0.8790364861488342,comments
5285842025188494,papi酱真的很牛啊,0,0.971190333366394,comments
5285842025188494,papi酱太用心了吧,0,0.8696120977401733,comments
5285808992419987,她是真喜欢狗  家里很多条名犬  都特别好看,0,0.962497889995575,comments
5285808992419987,霍蜜蜡太棒了,0,0.9738765954971313,comments
5285808992419987,霍思燕干啥啥都行,0,0.6466947793960571,comments
5285808992419987,荣誉背后的故事总是令人感动,0,0.9742868542671204,comments
5285806186955327,你是被汪星人选中的人类,2,0.5150993466377258,comments
5285806186955327,现在一看到你 我就想起 霍珍珠 霍香香 霍拉拉,0,0.9509037733078003,comments
5285806186955327,一样的衣服一样的夺冠再次夺冠吗,0,0.8817406296730042,comments
5284461535301152,很好把小日子按地上摩擦,0,0.6724115014076233,comments
5284461535301152,重点是八次战胜日本的,2,0.5072911381721497,comments
5284461535301152,赢了高兴赢日本那简直太高兴了,0,0.9527628421783447,comments
5285831388692493,霍思燕这是要转型做犬界冠军妈妈了吗哈哈嗯哼和小妹妹也太可爱了吧,0,0.9689289331436157,comments
5285831388692493,觉得这些狗狗太好命了,0,0.7038901448249817,comments
5285831388692493,你家狗狗也太厉害了吧,0,0.9122252464294434,comments
5285831388692493,霍思燕家的狗狗个个都是冠军范儿真有爱,0,0.979423999786377,comments
5285831388692493,珍珠是他们捡回来的狗狗养得好好呀,0,0.9020863175392151,comments
5285831388692493,竟然分了两只姓杜,2,0.48790401220321655,comments
5285886594914912,真的是太厉害了相当优秀,0,0.9721444249153137,comments
5285886594914912,好温馨的一幕这份荣誉真的是太强了,0,0.9692221283912659,comments
5285886594914912,再创成绩是真的很让大家觉得厉害,0,0.9743242263793945,comments
5285886594914912,太牛了吧实力真的很强,0,0.9623484015464783,comments
5285886594914912,真的很厉害,0,0.9656577706336975,comments
5285886594914912,恭喜恭喜斩获puppy组全场总冠军,0,0.9721567034721375,comments
5285844814400321,嗯哼这身高都快赶上妈了真是长成了小大人儿霍思燕带着全家一起见证这荣耀时刻满满的幸福感,0,0.9789222478866577,comments
5285844814400321,霍思燕的爱犬真的太棒了,0,0.9802001714706421,comments
5285843564757768,霍思燕真的特别有爱很喜欢小动物,0,0.9837862849235535,comments
5285843564757768,好像参加很多赛事了,2,0.7201774716377258,comments
5285843564757768,她还养了好些猫我记得,2,0.8537265658378601,comments
5285843564757768,是滴 她家毛孩子都养的好好她很有爱心,0,0.957579493522644,comments
5285843564757768,真是太厉害了,0,0.9184885025024414,comments
5285843564757768,好暖心这些小狗也好幸福,0,0.9764078855514526,comments
5285831859244281,霍思燕身上有种松弛感就是那种不靠美貌不靠身材不靠演技靠自己本身散发的善意温柔善良智慧豁达通透,0,0.9536434412002563,comments
5285831859244281,我永远都喜欢霍思燕,0,0.9799229502677917,comments
5285831859244281,善良美好的人會有好福報的,0,0.9627640843391418,comments
5285831859244281,真的很美好啊,0,0.9787572026252747,comments
5285831859244281,特别善良啊,0,0.9764370918273926,comments
5285831859244281,霍思燕的爱狗真棒,0,0.9826231002807617,comments
5285777827169915,知道了知道了来了解千古以后故事吧 ,2,0.7643782496452332,comments
5285777827169915,虽然但是全都没有锤娱乐圈就这么点大兜兜转转你是我的同事我是你的同事吃瓜不信瓜,1,0.8018423914909363,comments
5285777827169915,知道了知道了期待杨幂千古一后文明太后,0,0.9812183976173401,comments
5285777827169915,期待千古一后欢迎,0,0.9810801148414612,comments
5285777827169915,不知道期待我们女本位历史剧唯一主角冯太后 ,2,0.47585180401802063,comments
5285777827169915,不管真假祝福大家一路生花越来越好,0,0.979191243648529,comments
5285753157321228,把沥捧在手上,0,0.8172051310539246,comments
5285753157321228,lsh警告,2,0.7613552808761597,comments
5285753157321228,哈哈 好搞笑,0,0.8902162313461304,comments
5285792964678097,周文潘是谁,2,0.8539689779281616,comments
5285792964678097,up杨幂只是艺人不负责管理,2,0.5940098762512207,comments
5285792964678097,支持 杨幂对后辈好 但是不是一味满足 拿不到想要的资源别骂我幂就行,0,0.6618943214416504,comments
5285792964678097,斯黛拉够有能耐的在我幂身旁积累经验签其它艺人来实践,0,0.6069320440292358,comments
5285792964678097,点了哈跟杨幂无关喔,2,0.8591214418411255,comments
5285792964678097, 到时候别骂俺幂和俺幂没关系,1,0.7120832204818726,comments
5285777388864398,杨幂现在不在家 行了吗,2,0.6682997345924377,comments
5285777388864398,知道陆之昂大爆了,0,0.7444726228713989,comments
5285777388864398,跟着杨幂不愁没戏演吧,0,0.8092937469482422,comments
5285777388864398,谁懂我的古早,2,0.5501190423965454,comments
5285777388864398,突然就互动说明还是有门,2,0.6535330414772034,comments
5285777388864398,一直在我的桌面我的意难平,1,0.7570908069610596,comments
5285781258372827,惠子这是要变身下一个带货女王吗期待她的新剧和新造型,0,0.9413468241691589,comments
5285781258372827,恭喜恭喜以后走花路,0,0.9709345102310181,comments
5285781258372827,杨幂有自己的公司啊,0,0.5512320399284363,comments
5285781258372827,杨幂是杨幂天伊是天伊别给我幂戴高帽到时候如果粉丝不满意资源给你们指条路 千万别骂我幂,1,0.7518637776374817,comments
5285796009480623,郑合惠子姐姐这次签约杨幂的新公司是不是要开启事业新篇章啦期待姐姐带来更多好作品话说杨幂老板的眼光真是独到两位美女的合作一定会擦出不一样的火花吧,0,0.9818738698959351,comments
5285780034687621,你们期待他和谁合作,2,0.8501572608947754,comments
5285780034687621,你们喜欢郑合惠子吗,2,0.7049307227134705,comments
5285780034687621,希望以后越来越好,0,0.9838035106658936,comments
5285780034687621,我可喜欢看了,0,0.9684295058250427,comments
5285780034687621,好久没看杨幂的新剧了,2,0.5719582438468933,comments
5285780034687621,有没有觉得郑合惠子长得像陈德容挺好看的,0,0.9451916217803955,comments
5285778351457134,杨幂是个好老板呀,0,0.9797913432121277,comments
5285778351457134,恭喜姐姐未来可期,0,0.9826695919036865,comments
5285778351457134,姐姐是不是要升咖了啊能看到和白敬亭的二搭吗,2,0.8100067377090454,comments
5285778351457134,幂姐是个顶好顶好的人,0,0.9713597893714905,comments
5285778351457134,杨幂是个好老板郑合惠子在她手里发展肯定不用愁,0,0.9699268341064453,comments
5285778351457134,欢迎来看郑合惠子现偶女主剧的 你是迟来的欢喜 湖南卫视芒果TV热播中,0,0.9818706512451172,comments
5285782703309453,郑合惠子能成为第二个迪丽热巴吗,0,0.6597545146942139,comments
5285782703309453,成为热巴还是太夸张了郑合惠子能有多多的资源就好,0,0.8134118318557739,comments
5285782703309453,这是什么剧,2,0.8653005957603455,comments
5285782703309453,别拉踩热巴我也超爱惠子是惠子她能多点女主角就很好了,0,0.9736797213554382,comments
5285782703309453,既然提到了迪丽热巴欢迎来腾讯视频观看迪丽热巴新剧白日提灯,0,0.8344410061836243,comments
5285782849062535,颜末和郑合惠子都超爱的颜末演技派期待新作品,0,0.9806652069091797,comments
5285782849062535,希望有更好的发展吧,0,0.981849730014801,comments
5285782849062535,未来可期呀演技不错的,0,0.9821004271507263,comments
5285846630798229,我天恭喜接接接,0,0.9627345204353333,comments
5285846630798229,排骨都不管了 哈哈哈哈哈哈哈哈哈,0,0.6864272952079773,comments
5285846630798229,一样的心情姐姐我刚刚看到朋友圈的同担都有原价票真的好开心,0,0.9593156576156616,comments
5285846630798229,姐姐姐姐我抢到啦,0,0.882880687713623,comments
5285820745647063,今天下午1717分青岛站预售别错过     这周五4月10号长沙站演唱会可以去大麦蹲一蹲票  都别错过哈 一起来感受下全球最大四面台顶级舞美    查看图片,0,0.7764856815338135,comments
5285820745647063, 所有人 感受,2,0.7027372717857361,comments
5285820745647063,青岛站今天预售 ,2,0.8391326069831848,comments
5285820745647063,姐妹 能拿走图2么 拍的太美了,0,0.9688697457313538,comments
5285820745647063,  太美啦,0,0.9768280982971191,comments
5285820745647063, 期待青岛,0,0.9720982313156128,comments
5285850445252140,是不是预售之后还有一次正式开票,2,0.9430822134017944,comments
5285850445252140,青岛后三场预售时间,2,0.9307330846786499,comments
5285850445252140,青岛 后三场413开票,2,0.920469343662262,comments
5285850445252140,青岛后三场抢票时间,2,0.9072925448417664,comments
5285843044663924, 谢谢手速超快的宝宝,0,0.9814864993095398,comments
5285843044663924,兄弟好有实力,0,0.9599719047546387,comments
5285843044663924,我去317,2,0.8614124655723572,comments
5285817183375333,渣浪逮着机会就潶 薛帝都几个月没搭理贵平台了啊   收收味吧,1,0.8298558592796326,comments
5285817183375333,只知道我哥很帅万兽之王最大四面台顶级舞美很震撼 ,0,0.9840515851974487,comments
5285817183375333,你怎么知道今天薛之谦万兽之王演唱会青岛站预售,2,0.8165880441665649,comments
5285817183375333,为什么看不到薛之谦微博呢,2,0.8308811783790588,comments
5285844082493308,好耶好耶恭喜,0,0.9691407680511475,comments
5285844082493308,我去好厉害恭喜这个小宝宝,0,0.9772172570228577,comments
5285913318131782,抢到了吗我还在努力加载页面,2,0.9033545255661011,comments
5285787889304980,看吧以是爸美是儿,2,0.5633886456489563,comments
5285787889304980,真希望老特现在调转枪头打以色列才好,1,0.7375004887580872,comments
5285787889304980,所以毁掉上次的谈判也只是以色列为达成目标实现过程中的一个手段,2,0.6541475057601929,comments
5285787889304980,以色列这种是真该消失,1,0.7869516015052795,comments
5285787889304980,伊朗也备注临时停火不包括以色列,2,0.889555037021637,comments
5285787889304980,内塔太坏了,1,0.8420956134796143,comments
5285827783168529,哇欧洲好急啊,1,0.7981833815574646,comments
5285827783168529,德国想与众不同,2,0.5413633584976196,comments
5285827783168529,看得出来大家都很想活再勒就要断气了,1,0.842283308506012,comments
5285827783168529,鱿鱼无所谓的明天接着炸,2,0.6817141771316528,comments
5285827783168529,没事儿隔天就让好莱坞拍爱泼斯坦联盟无所畏惧,1,0.5743164420127869,comments
5285827783168529,澳大利亚也说话了,2,0.554329514503479,comments
5285840177335602,这人真 maga虽然坏但是坏的有种而且逻辑清晰起码让人听着舒服,0,0.6499211192131042,comments
5285840177335602,快去见查理了,2,0.8915894031524658,comments
5285840177335602,这个确定是真MAGA,2,0.8428674340248108,comments
5285840177335602,太勇了复活卡建议买包月的,1,0.5746954679489136,comments
5285840177335602,根据以往经验不会活太久了大概率各种事故,1,0.6417279243469238,comments
5285840177335602,你说的轻巧你是没把柄在人家手里你看特朗普敢不敢,1,0.8189452290534973,comments
5285828167209984,能不能把以色列灭了,1,0.5833641290664673,comments
5285828167209984,伊朗就利用现有的实力彻底击垮以色列不要给喘息的机会,2,0.4860800504684448,comments
5285828167209984,昨天踏空难受今天进了一半更难受,1,0.8194884061813354,comments
5285828167209984,要灭了内塔尼亚胡这战争贩子,1,0.7638123631477356,comments
5285828167209984,丢了一头牛 回来一只鸡 鸡又飞走了,1,0.5936322808265686,comments
5285828167209984,有几个国家能有中国人民抗争到底的精神人民英雄永垂不朽,0,0.9169033169746399,comments
5285864666039686,报社在开会现场安排卧底录音录像了,2,0.9082553386688232,comments
5285864666039686,比比的影响力太大了,0,0.9308937191963196,comments
5285864666039686,所以 这要是真的 确实排长是最主战的那个 而且貌似是唯一主战的核心圈,2,0.5987375974655151,comments
5285864666039686,好莱坞直接用这个剧本,2,0.6293580532073975,comments
5285864666039686,这个决定像儿戏过家家一样,1,0.8303981423377991,comments
5285864666039686,还是都得听以色列的,2,0.7835003733634949,comments
5285811332318255,伊朗的准备就是要在这两周时间内买中俄武器弹药并能布署到位,2,0.8792616128921509,comments
5285811332318255,以纲是世界毒瘤,1,0.8069112300872803,comments
5285811332318255,美国从中东脱身的时机到了,2,0.6304256916046143,comments
5285811332318255,美国停火是美国的事和黎巴嫩围殴以色列不爽吗,1,0.5033260583877563,comments
5285812206044954,影响也不弱了,0,0.5934131145477295,comments
5285808005186539,你美国不能与以色列狼狈为奸唱双簧一个停战一个杀我手足兄弟,1,0.8110002875328064,comments
5285808005186539,中国老百姓也希望中东和平稳定相信会好的,0,0.869552731513977,comments
5285808005186539,美国的双重标准太明显了一再插手巴乱局,1,0.8274957537651062,comments
5285805608404524,最怕就是再次报复,1,0.8412720561027527,comments
5285805608404524,还加备注这一招做的绝,1,0.5544915795326233,comments
5285805608404524,希望世界和平啊,0,0.9785943627357483,comments
5285805608404524,还是没打算停呀,2,0.5462355613708496,comments
5285805608404524,没有诚信的赶紧停战吧,1,0.769212007522583,comments
5285805608404524,他们都没有诚信的,1,0.7832108736038208,comments
5285840876209056,切勿忘记九一八事变时刻保持警惕居安思危,2,0.7422381639480591,comments
5285840876209056,不要轻敌啊一定要时时刻刻盯紧小日本,1,0.6826962232589722,comments
5285840876209056,这个时期更要谨慎提防混入间谍,2,0.6116760969161987,comments
5285840876209056,要行动不要口号,2,0.7857023477554321,comments
5285840876209056,周边国家不吸取历史教训将来肯定还会遭殃,1,0.847366988658905,comments
5285826776793305,中国军队不会主动挑起战争但是小日本如果敢挑起战争的话绝对让他种蘑菇,1,0.8060821294784546,comments
5285826776793305,异常天气烧烤,2,0.565657913684845,comments
5285826776793305,说句老实话可能咱们这边除了殖人公知外都巴不得鬼子能够更进一步,1,0.8091042041778564,comments
5285826776793305,这玩意都拥有进攻性武器了我们就把决议往安理会一交安理会能通过更好如果被否了就当是个知会不管它直接干它,1,0.6129780411720276,comments
5285826776793305,明明知道是疯狗还一定要等着疯狗咬了人才能打吗,1,0.7317057251930237,comments
5285826776793305,已经在舆论准备了之前已经明确了日本对华发出武力威胁,2,0.730315625667572,comments
5285840760602777,为人民军队骄傲,0,0.9587467908859253,comments
5285840760602777,希望强硬起来别老除了抗议就是谴责了,1,0.7833198308944702,comments
5285855779359775,中华文明一直有根犹太的国家是后来才建立两个种族对国家这个概念的理解不一定一致,2,0.6607632040977478,comments
5285855779359775,此言差矣当称霸时我族其能不称霸报仇雪恨必须滴,1,0.7859106659889221,comments
5285855779359775,都擅长放高利贷都把货币经济走到过尽头并在三刷四刷都在试历史周期律,1,0.8391741514205933,comments
5285855779359775,你还真会替他人着想,0,0.7133938670158386,comments
5285838403668389,饿虎出笼恶狗才对,1,0.7080187797546387,comments
5285834421963389,这不就是牲畜吗,1,0.7518880367279053,comments
5285834421963389,呵呵又银了威武,0,0.9608907699584961,comments
5285834421963389,时间可以治愈一切,0,0.9054398536682129,comments
5285834421963389,接下来都要有好心情,0,0.951678991317749,comments
5285834421963389,只有经历人生的种种磨难才能悟出人生的价值,0,0.6212558746337891,comments
5285834421963389,因害怕失败而不敢放手一搏永远不会成功,1,0.7198314666748047,comments
5285837924994766,日本已经成为世界和平的最大威胁,1,0.7273094654083252,comments
5285820481145414,倭国不自量力直接抹平,1,0.7327938675880432,comments
5285820481145414,干它啊还等什么,1,0.743807315826416,comments
5285820481145414,又是停火谈判偷袭又的话还真有人信不长教训,1,0.8512061238288879,comments
5285809373839497,预防性打击,2,0.7699573636054993,comments
5285809373839497,坚决捍卫国家主权安全发展利益,0,0.5619797706604004,comments
5285809373839497,倭寇又想吃蘑菇了,1,0.7600008845329285,comments
5285809373839497,它不扩张我们也没理由出手啊,2,0.5903028845787048,comments
5285540645571646,为什么不买问界M7,2,0.8177881836891174,comments
5285540645571646,现在可以选的车实在太多了这么个性的车卖30万真有那么多懂车的朋友吗,1,0.7586312890052795,comments
5285540645571646,这价格我觉得合理说贵的根本没对比过同价位里综合实力能打的就它还不知足,1,0.7966700196266174,comments
5285540645571646,说真的看现在新能源卷得这样如果还卖以前那个价那只有两种可能要么雷达没那么行要么其他地方暗着减配,1,0.8086243867874146,comments
5285540645571646,老婆同意了价格给力完美锁定幸福,0,0.980498731136322,comments
5285540645571646,看了这么久就等最终价格现在完全满意准备锁单坐等提车,0,0.5121856927871704,comments
5285562618742405,2就是走上邪路了也想卖给鬼火少年呢,1,0.8453087210655212,comments
5285562618742405,不错充电挺快,0,0.9329823851585388,comments
5285562618742405,现在这电车更新太快了,1,0.8074712157249451,comments
5285158077075411,阿维塔未来可期,0,0.6031448841094971,comments
5285158077075411,看好阿维塔,2,0.5586733222007751,comments
5285158077075411,阿维塔真的牛,0,0.9240354299545288,comments
5285158077075411,安全系数很高,0,0.8782268166542053,comments
5285536222683434,阿维塔新的车来了,2,0.5143733024597168,comments
5285536222683434,车子很不错我家不需要新能源,0,0.5504248738288879,comments
5285536222683434,价格先不说车是真的高级感满满,0,0.9333282709121704,comments
5285536222683434,这个价格反正是不便宜你喜不喜欢要不要买一辆,1,0.5084841847419739,comments
5285536222683434,设计语言干脆颜色上选择丰富,2,0.508762776851654,comments
5285536222683434,这个底盘好还是享界S9T好,2,0.5877479910850525,comments
5285441165328394,忠于原创超越经典,0,0.9513130187988281,comments
5285441165328394,期待黑科技,0,0.9526030421257019,comments
5285177035066565,看起来凶凶的但是想亲,2,0.4941943883895874,comments
5285177035066565,好帅这个段,0,0.9444196224212646,comments
5285525015761108,塔子啥时候能年销量破20万台,2,0.718556821346283,comments
5285525015761108,请神都难这个设计过于激进,1,0.8489282131195068,comments
5285535586198946,这豪华轿车看了直摇头,1,0.7545642256736755,comments
5285535586198946,过几年就不存在了这个牌子,1,0.5924381613731384,comments
5285535586198946,30起 太贵了吧,1,0.7513365745544434,comments
5285535586198946,图片看还行那天现场见了一辆也不知道是车脏还是怎么回事没那么好看,1,0.5623051524162292,comments
5285535586198946,价格这么硬吗,1,0.8047541975975037,comments
5285535586198946,风阻如何了,2,0.7751970887184143,comments
5285844931842649,价格多少有点不靠谱,1,0.7528729438781738,comments
5285844931842649,新八在现场,2,0.8222355246543884,comments
5285844931842649,扒一扒小鹏SUV L03,2,0.848513126373291,comments
5285821840360354,财神爷是这样的让我们期待权志龙的科切拉舞台,0,0.9779133200645447,comments
5285821840360354,顶流有这个实力人家值得好吧,0,0.9137147068977356,comments
5285821840360354,关注这个大帅哥的413切科拉音乐节,0,0.9327988624572754,comments
5285821840360354,一人企业体权志龙名不虚传,2,0.5046407580375671,comments
5285838153844039,麻烦搞清楚,2,0.9105805158615112,comments
5285838153844039,他现在的公司是银河是个科技公司早不在yg了,1,0.5906670093536377,comments
5285838153844039,和YG有什么关系权志龙早就不在YG了,2,0.5356076955795288,comments
5285838153844039,zoa加鲜肉,2,0.8746650218963623,comments
5285838153844039,凭自己真本事赚得去年一年我从他身上获得了快乐也开始反思自己开启了属于我的一场蜕变毅力会改变一切,0,0.9634696245193481,comments
5285849932497544,点进热门看到年收入4000亿吓我一跳,1,0.393661767244339,comments
5285849932497544,权志龙好强,0,0.9763616323471069,comments
5285849932497544,永葆好奇心是我最珍贵的特质之一这世界有太多值得你探索的事物了权志龙,0,0.9762498140335083,comments
5285849932497544,权志龙牛逼就完了,1,0.8031383156776428,comments
5285849932497544,因为是权志龙说他收入多少都有人信,2,0.6086582541465759,comments
5285849932497544,权志龙好厉害好棒期待闪耀科切拉,0,0.9855124354362488,comments
5285849131388132,权志龙2025年circle album solo专辑销量第一名,2,0.4766539931297302,comments
5285849131388132,我也不是什么都追求第一只是不喜欢第二罢了 权志龙,2,0.5214836001396179,comments
5285849131388132,就这个财神爷爽,0,0.933751106262207,comments
5285849131388132,kwjhejekdnndkenend,2,0.77960604429245,comments
5285849131388132,ksnsjkendnkddk,2,0.7487248778343201,comments
5285848461607445,期待权志龙BIGBANG科切拉舞台,0,0.9616490602493286,comments
5285848461607445,jedbndjdjfidiiddjdndnd,2,0.7110378742218018,comments
5285848461607445,bullshit唱的太爽了让我们燥候科切拉,0,0.9424154758453369,comments
5285848461607445,ccsajvdgkbftyydihvgjhgjjfchhjjjhhhj,2,0.7382442355155945,comments
5285848461607445,hgdtuhcdghhcfhjbdtssvhyfyuhxrth,2,0.6359907984733582,comments
5285919900836029,什么乞丐来要饭了,1,0.8096125721931458,comments
5285916379972019,GD的舞台总是那么震撼新专辑和巡演都让人期待,0,0.9846237301826477,comments
5285894653218915,饭拍图整理网页链接,2,0.8955405354499817,comments
5285894653218915,权志龙的舞台魅力是独一无二的他的每一次演出都能让粉丝们感受到无尽的惊喜和感动期待他在科切拉的精彩表现,0,0.9856013655662537,comments
5285894653218915,期待权志龙,0,0.9648573994636536,comments
5285894653218915,期待科切拉,0,0.8554933667182922,comments
5285894653218915,祸兮福之所倚福兮祸之所伏孰知其极其无正也正复为奇善复为妖人之迷其日固久是以圣人方而不割廉而不刿,1,0.7863777279853821,comments
5285894653218915,见小曰明守柔曰强用其光复归其明无遗身殃是为袭常使我介然有知行于大道唯施是畏,2,0.42007285356521606,comments
5285808615458387,每晚6点来腾讯视频来看白日提灯,2,0.8476078510284424,comments
5285808615458387,只有热巴被审判没办法太火了,1,0.7550768852233887,comments
5285808615458387,就一个普普通通的剧播期间的采访 简简单单几个字都被人用显微镜翻来覆去研究了一百遍了 我看这个迪丽热巴还能红一百年,1,0.6702407598495483,comments
5285808615458387,主要是迪丽热巴太火了,0,0.9570494294166565,comments
5285808615458387,热巴真的是太火了  一字一句都被放大了,0,0.48985692858695984,comments
5285821475195592,是的 而且我也不觉得那段有啥问题,2,0.7598086595535278,comments
5285821475195592,迪丽热巴还是太红了我姐一个采访都要一个字一个字上上热搜,0,0.8758343458175659,comments
5285821475195592,是这样的  还是别人太眼红巴巴了,1,0.8437588214874268,comments
5285821475195592,来看白日提灯,2,0.8597092628479004,comments
5285821475195592,只会更加爱她,0,0.9393543601036072,comments
5285821475195592,so 只能说迪丽热巴太红了,0,0.9069942235946655,comments
5285580960694575,现在只能接红果免费短剧了,1,0.6290802955627441,comments
5285580960694575,yxh不是吹说市面上的剧本都会给她过一遍吗,2,0.6082215905189514,comments
5285580960694575,好本子是靠自己演技一点一点赚来的演技好才会被人看见被欣赏才会有人给你递好本子,0,0.9551449418067932,comments
5285580960694575,谁不是啊她对市场有什么误解啊,1,0.8162733912467957,comments
5285580960694575,好本子都不会找她,1,0.7078114748001099,comments
5285580960694575,羡慕了 说明不用试戏 都是本子来找,1,0.8182220458984375,comments
5285805180585629,迪丽热巴想演比较有意义的角色怎么营销号破防了永接好导演好剧本,0,0.9103038907051086,comments
5285805180585629,白日提灯好编剧好特效女主迪丽热巴更是好演技有空关注迪丽热巴说了什么不如来白日提灯里看看我们小88的贺思慕有多迷人何况我们小88整个采访说了很多很有意义的内容作为演员想要传递的价值观等等,0,0.9777590036392212,comments
5285805180585629,就这样一直围剿一个优秀的演员不过也能看出来迪丽热巴还能红很多年,0,0.9373736381530762,comments
5285805180585629,迪丽热巴没惹,2,0.7105973958969116,comments
5285805180585629,迪丽热巴贺思慕,0,0.8046073913574219,comments
5285805180585629,内娱什么时候可以对迪丽热巴公平一点呀,2,0.6335606575012207,comments
5285548141055717,她和紫真的差好多紫真的很有想法虽然同样不可能控制剧本但紫对自己的规划很清晰,0,0.885248064994812,comments
5285548141055717,不是剧本好不好她主不主动的问题是她就是在乎她自身的感受满足她自我的需求,2,0.5601224303245544,comments
5285548141055717,你姐有句话有点耳熟啊感觉在哪听过,2,0.4742773473262787,comments
5285548141055717,她只想播的爽,0,0.8289740681648254,comments
5285548141055717,她性格也有一部分原因很听话很被动所以在嘉行呆着属于舒适区主动跳出来什么事情就都要自己操心了,1,0.6777504682540894,comments
5285548141055717,大概的想象也没有不知道自己要演啥,2,0.6886809468269348,comments
5285809871913911,这有什么可讨论的这场采访里最应该被讨论的是她说她了解自己身为演员明星的影响力所以会在选本子的时候专门去挑选一些她认为有价值让社会关注的内容比如利剑玫瑰比如公诉就问内娱有几个这种觉悟的,2,0.616011381149292,comments
5285809871913911,747管好自己就行了,2,0.7247478365898132,comments
5285809871913911,他们能不能去看完完整采访再发言就这样只会虐恋迪丽热巴,1,0.7704166769981384,comments
5285809871913911,我姐挑剧本 会考虑对社会有什么影响力 而不是考虑这本能不能拿奖嘞,2,0.7503347992897034,comments
5285577017786886,想到了那句 流量不是飘渺的数字 而是灌溉社会的活水,0,0.579483151435852,comments
5285577017786886,迪丽热巴用自己影响力让大家看到平时看不到的一些社会事件比如利剑玫瑰比如公诉,0,0.577142596244812,comments
5285577017786886,其实追剧很爱看这种深度采访可惜现在很显而易见的是抖舞一跳就能传播很广采访几乎只有粉丝在看,1,0.7763415575027466,comments
5285577017786886,专注作品与价值传递演员迪丽热巴始终不忘初心真的很棒,0,0.986018180847168,comments
5285577017786886,利剑玫瑰和公诉两部剧明显能体会到作为演员作为公众人物应该承担的一些社会责任她是有认真思考过的,0,0.8542700409889221,comments
5285577017786886,演员迪丽热巴做得好,0,0.9740710258483887,comments
5285799694173838,天生红人命,0,0.9676545858383179,comments
5285799694173838,这个迪丽热巴要红一辈子好导演好编剧好剧本好班底都给这个迪丽热巴接,0,0.9775930643081665,comments
5285799694173838, dlrb  dlrb  迪丽热巴 白日提灯  虽然不能同时拥有一切  贺思慕 卫蓝,2,0.8006677627563477,comments
5285799694173838,逐字逐句审判 真是看的细致哦,0,0.7946372628211975,comments
5285799694173838,迪丽热巴还是太红了,0,0.9702431559562683,comments
5285799694173838,迪丽热巴在枭起青壤宣传期采访中被问及市面上缺少的剧本时回答不知道引发讨论部分网友认为回答不够专业也有观点认为她性格直率或问题本身难以即时作答配图文案如火力全开等带有反讽意味表达对过度解读的回应迪丽热巴目前处于新剧查看全部戳gt微博智搜,2,0.6256939172744751,comments
5285832839660507,劇情越來越精彩啦,0,0.9819970726966858,comments
5285832839660507,p2好萌啊  甜热热,0,0.9825368523597717,comments
5285832839660507,那群黑子在断章取义什么不会自己去看采访吗,1,0.815414309501648,comments
5285832839660507,超级美啊  造型摩多摩多  都超级美,0,0.980052649974823,comments
5285868174051570,部部扑还想要什么本子,1,0.7415228486061096,comments
5285868174051570,都的视后了还不知道市面上有啥剧了,1,0.8324592113494873,comments
5285868174051570,紫米真的没惹 别甩锅了,1,0.8501510620117188,comments
5285814550662512,现在会笑会谦逊了啊,1,0.4933965504169464,comments
5285814550662512,成名太早人太狂现在成熟了知道谦卑有礼,0,0.7216271162033081,comments
5285814550662512,姓文名章字顺极,2,0.761133074760437,comments
5285814550662512,其实演技很好的 现在开始做生意了么,0,0.3720102906227112,comments
5285814550662512,就记得他那句哥我太顺了,0,0.890728235244751,comments
5285814550662512,太早成名 需要德行去担 文章现在沉稳了,1,0.5709832906723022,comments
5285856260653212,看着样式你想去光顾吗,2,0.8811466693878174,comments
5285856260653212,这样我是真的很想去光顾一下了,0,0.8446692228317261,comments
5285856260653212,开饭店了能赚钱吗,2,0.8350561261177063,comments
5285856260653212,文章真是踏实不少,0,0.967559814453125,comments
5285856260653212,那现在变成老板了也不错喔,0,0.7031717300415039,comments
5285856260653212,他女儿都这么大了啊,1,0.7466212511062622,comments
5285881235378393,这个人怎么还没被封杀,1,0.5571677684783936,comments
5285881235378393,原来眼周黑影响运势 记下了,1,0.48028549551963806,comments
5285881235378393,哪个是人缘纹,2,0.9031335711479187,comments
5285881235378393,他怎么还有人缘啊,1,0.4786900281906128,comments
5285881235378393,他不是知道自己错了只是怕了,1,0.8062403202056885,comments
5285881235378393,不知道卖不卖油泼面,2,0.7640939354896545,comments
5285854680713887,很喜欢的一位演员有机会去吃,0,0.9414876699447632,comments
5285854680713887,因为塌方的早,2,0.477068692445755,comments
5285854680713887,出轨的那一刻就经历了大落这么多年没缓起来,1,0.8166569471359253,comments
5285854680713887,一下都没认出来,2,0.49696099758148193,comments
5285862203982276,感觉整个人都变柔和了不少,0,0.9522916674613953,comments
5285862203982276,他不是有负面新闻吗,1,0.5031528472900391,comments
5285862203982276,活得通透开心就好支持尝试新体验,0,0.975933849811554,comments
5285862203982276,幸福就好了,0,0.9615389108657837,comments
5285862203982276,恭喜 文章  当老板了,0,0.9662083387374878,comments
5285862203982276,是这样的幸福就好,0,0.9725125432014465,comments
5285875684478837,你们看过文章出演的影视剧吗,2,0.8431018590927124,comments
5285875684478837,不是他犯大错在先是他蜗居出圈后太狂了好像羞辱过好几次周一见的那个狗仔周一见扒了他好久拿钱砸人家都不要一门心思的要让他完蛋这个应该还能搜到,1,0.854020357131958,comments
5285875684478837,他演技挺好的,0,0.9785358309745789,comments
5285875684478837,那他还去演戏吗我还挺喜欢看他的剧的,2,0.7506605982780457,comments
5285875684478837,那个穿警服拍大腿狂笑的才是经典发搞笑视频必备,0,0.8460471034049988,comments
5285875684478837,原来已经过了好久了,2,0.6253243684768677,comments
5285921817888282,  所有目光聚焦四代首位青年演员 角色完美演绎满分演员表现力还有更多惊喜请静待我们的少年时代2,0,0.9836398959159851,comments
5285921817888282,演技满分青春的代名词  查看图片,0,0.9748812913894653,comments
5285921817888282,我们的少年时代2期待值爆表TF家族新生代演员们的表演让人眼前一亮期待续集能带来更多惊喜,0,0.9831427931785583,comments
5285921817888282,完美镜头感四代首位青年演员 满分演绎角色李浩宇一起来看李浩宇学长绽放光芒,0,0.9840555191040039,comments
5285921817888282,张桂源 张桂源顾晨阳,0,0.5216756463050842,comments
5285740222351790,菜还是吃新鲜的更好,2,0.8582674264907837,comments
5285740222351790,孕妇 儿童 老人免疫力都比较低不要吃冰箱生冷剩菜,2,0.6233745217323303,comments
5285740222351790,治疗了三个月仍不幸离世别告诉我一开始其实是想为了保住胎儿不进行抗生素治疗,2,0.6450607180595398,comments
5285740222351790,太可惜了才35岁正是年轻有为的时候,0,0.5126704573631287,comments
5285740222351790,李斯特菌真的存活时间还很久,2,0.46661096811294556,comments
5285781934704128,水果都可以吃但是如果哈密瓜吃不完放冰箱了那就别吃了吃现切的没问题的,2,0.8402999043464661,comments
5285781934704128,家里有孕妇老人和小孩的一定要警惕,2,0.7335906624794006,comments
5285781934704128,也有人说哈密瓜自带李斯特菌 反正大家还是注意一下吧,2,0.7369738817214966,comments
5285781934704128,我上次刷到xhs一个28周de孕妇不知道李斯特菌吃了凉面凉拌菜当天晚上送医院娃没了,1,0.702296793460846,comments
5285781934704128,标题有问题吧是孕妇离开了还是胎儿啊,2,0.671308696269989,comments
5285781934704128,孕妇还是注意点吧,2,0.7597525119781494,comments
5285781023493309,最好还是光盘剩一点就倒了吧别看着省那一点点钱舍不得真吃出问题了医药费是十倍都不止,1,0.8510776162147522,comments
5285781023493309,我们吃几十年剩菜都没事  是个人问题 不管菜的事,1,0.7280879020690918,comments
5285781023493309,隔天哒算不这个好像从小吃到大也没啥问题中国人应该吃了几千年了吧当然从来没把剩菜放冰箱过因为剩菜根本就不能放冰箱里,2,0.5289930701255798,comments
5285781023493309,我爸妈的冰箱从来都是满当当的怎么劝都不听,1,0.7311835289001465,comments
5285781023493309,吃的东西 可不能马虎,2,0.8578595519065857,comments
5285786158369625,冰箱里的东西真不能放太久,1,0.5074973106384277,comments
5285786158369625,怎么会这样,1,0.6239515542984009,comments
5285793293141975, 听说剩菜本身不脏是冰箱脏,1,0.6209820508956909,comments
5285861781931132, 剩菜怎么处理最好,2,0.9073595404624939,comments
5285807386527155,简直可怕夫人怀孕的时候坚决不吃剩菜每天必须要做新的我妈还总说浪费现在想想都觉得后怕,1,0.8461679816246033,comments
5285807386527155,冰箱里面隔夜菜也要加热加热了就没问题但是不能超过三天三天后加热也不行了,2,0.8358035683631897,comments
5285807386527155,冰箱里李斯特菌孕妇敢吃娃敢没,1,0.7030028700828552,comments
5285807386527155,我家爹妈不这么干我倒是经常,2,0.6777318716049194,comments
5285807386527155,水果不烂就不吃,2,0.7217394113540649,comments
5285776087846642,我吃了一辈子了,0,0.6156895160675049,comments
5285776087846642,没必要这样省,2,0.5303454399108887,comments
5285827116799362,热透再吃没问题的,2,0.9134697318077087,comments
5285827116799362,马上回去给老妈看,2,0.9184249639511108,comments
5285827116799362,现在的冰箱保鲜功能都还不错的超市里买的绿叶菜放1个星期也没明显变质,2,0.42793217301368713,comments
5285827116799362,冰西瓜我中奖过上吐下泻,1,0.795609712600708,comments
5285827116799362,我超级喜欢吃凉皮,0,0.5168060660362244,comments
5285780403525419,没有加热沸腾10分钟以上,2,0.877606213092804,comments
5285780403525419,确实是不要浪费哦,1,0.765699028968811,comments
5285780403525419,这也太可怕了吧,1,0.8349521160125732,comments
5285780403525419,这真的要注意,2,0.6058979034423828,comments
5285780403525419,冰箱还是要定期消毒的,2,0.9018622040748596,comments
5285787501594171,哇这个角度拍真是震撼啊,0,0.9218375086784363,comments
5285787501594171,场面非常壮观也很危险,1,0.7350497245788574,comments
5285787501594171,这样的景象真的是非常壮观,0,0.9392492771148682,comments
5285787501594171,刚开始看还以为两边是墙呢  还说桥在哪,2,0.5180919170379639,comments
5285787501594171,我还以为两边是桥的栏杆呢下方是桥的路,2,0.7468858957290649,comments
5285787501594171,今天武汉雨真的好大,1,0.7559565305709839,comments
5285891589542415,早上开车上班像在开船外地人看着漂亮我们武汉人胆战心惊,1,0.7929130792617798,comments
5285891589542415,今天下午3点拍的,2,0.9185643792152405,comments
5285891589542415,暴雨从广州下到武汉我差点以为要从南到北光顾一遍得亏下不到我们这儿,1,0.8155542016029358,comments
5285844627228221,暴雨如瀑杨泗港大桥垂下万顷水幕,2,0.4165295958518982,comments
5285844627228221,这个桥太宏伟了,0,0.9132599830627441,comments
5285844627228221,被困杨泗港大桥下遇雨帘瀑布货船入画太治愈,0,0.8900929689407349,comments
5285844627228221,这些种场景看下雨感觉是件很浪漫的事,0,0.9229658842086792,comments
5285844627228221,真的好大雨 武汉下雨怪吓人的 会不会淹,1,0.786760151386261,comments
5285844627228221,暴雨中的杨泗港大桥宛如天门开启货船驶入仙境,0,0.8117982745170593,comments
5285865380908029,还抓紧回家 有些人根本不当回事 在外面逛的可起劲了 ,1,0.8431068658828735,comments
5285877225096727,暴雨来袭这些注意事项要牢记,2,0.6756018996238708,comments
5285880920279451,你若拥有一颗宽容善良的心你就会拥有快乐你若拥有充满生机的心你就会拥有健康幸福其实生容易活容易生活却不易若把心比做路心宽路就宽越走越舒坦,0,0.9731976985931396,comments
5285829003971532,这家庭氛围太理想了孩子健康成长就是最好的家庭教科书,0,0.9819937348365784,comments
5285829003971532, 好像也不是很高吧,2,0.8742755055427551,comments
5285829003971532,我们三岁半还没96,2,0.8999649882316589,comments
5285829003971532,他们这么高孩子2岁96不是很正常我老公才174我162孩子一岁8个月也91了啊,2,0.6892457008361816,comments
5285829003971532,我们5岁才115,2,0.9132541418075562,comments
5285829003971532,我女儿2岁98cm3岁108cm四岁118cm现在刚5岁127cm很规律一年10厘米我和老公都不高,2,0.786902666091919,comments
5285830545378042,公开也会啊哈哈哈哈哈复出那一场比赛赢了在豆豆怀里哭,0,0.7657443881034851,comments
5285830545378042,两岁 96 厘米确实不矮挺高,0,0.8252542018890381,comments
5285848817602140,不是空姐吗,2,0.8695108890533447,comments
5285848817602140,听说那个空姐生的是儿子,2,0.7825808525085449,comments
5285848817602140,前面那个运动天赋咋样,2,0.7181695103645325,comments
5285848817602140,看看孙扬矫正牙齿后真帅AB应该也是矫正牙齿没整吧,0,0.7600430846214294,comments
5285848817602140,是女儿哦估计舍不得她吃苦,1,0.7219170331954956,comments
5285848817602140,还好吧我儿子一周岁85两周岁97三周岁107现在七周岁138但我不高我才157,2,0.7851061224937439,comments
5285852151546630,我的天这基因,1,0.6514695286750793,comments
5285852151546630,就能完美遗传了父母的身高,0,0.46473902463912964,comments
5285852151546630,可能长到两米,2,0.8580498695373535,comments
5285852151546630,基因强大真没办法狠狠羡慕住了,1,0.6843104362487793,comments
5285856634998993,你知道他们结婚了吗,2,0.9285184741020203,comments
5285910003845389,有个娃这件事哈俩运动员身高基因肯定不会差,0,0.5500869154930115,comments
5285738619869651,啥81岁这状态比我都年轻,1,0.5614064931869507,comments
5285738619869651,感觉庆奶要输了,1,0.8374599814414978,comments
5285738619869651,我四十多感觉都跳不动了,1,0.7394871711730957,comments
5285738619869651,她和庆奶真不愧都演过 武皇,0,0.8675113916397095,comments
5285738619869651,嘛呀感觉比庆奶更嫩,0,0.8996487855911255,comments
5285738619869651,小時候看到她就長這樣子40年後她還是長這樣子永遠的小龍女姐姐,0,0.9334949851036072,comments
5285791656838965,大家认识潘迎紫吗,2,0.888857364654541,comments
5285791656838965,这竟然是81岁这状态也太好了吧,0,0.8369796276092529,comments
5285791656838965, 81岁这状态满地球上也找不到几个,1,0.7294158339500427,comments
5285791656838965,一个她一个庆奶一个谢金燕这三个体能好的跟高中生似的,0,0.5149177312850952,comments
5285791656838965,81年的还是81岁啊,2,0.7425470948219299,comments
5285791656838965,她演过神雕侠侣是不是早期的时候真的很美,0,0.9379478693008423,comments
5285768377663583,这居然是81岁吗完全看不出来啊,1,0.7039886713027954,comments
5285768377663583,81年的吧,2,0.8611703515052795,comments
5285768377663583,这状态确实是很年轻呀,0,0.9402866959571838,comments
5285768377663583,状态太好了吧居然81岁了,0,0.9338470697402954,comments
5285768377663583,感觉只有五十多六十的样子我的妈呀八十多岁的我姥姥已经走路佝偻了太年轻了,1,0.737207293510437,comments
5285768377663583,甚至种草了她的穿搭,1,0.5899798274040222,comments
5285770299967093,小时候就觉得她演的武则天美爆了,0,0.9558876156806946,comments
5285770299967093,张含韵又不是妖精,1,0.6159117221832275,comments
5285770299967093,81岁了是不是演 紫凝 的那个人,2,0.8204200267791748,comments
5285770299967093,只要能演武则天的是不是不容易老,1,0.6382871270179749,comments
5285770299967093,这状态也太好了吧,0,0.952483057975769,comments
5285775521351564,岁月不败美人舞台女王永远18岁,0,0.9862964153289795,comments
5285775521351564,这状态18岁也信,1,0.5473229289054871,comments
5285775521351564,真的看不出来81岁,1,0.7600665092468262,comments
5285775521351564,81岁潘迎紫这状态太能打了,0,0.9547889828681946,comments
5285775521351564,演过武则天的女人都不简单,0,0.6518356800079346,comments
5285472408701292,粉色战袍杀我岁月不败美人,0,0.9750135540962219,comments
5285472408701292,别说81了就是61或者很多51的这轻盈体态都是很了,1,0.47702181339263916,comments
5285472408701292,我40了也蹦不了那两下咋保养的,1,0.5271152257919312,comments
5285472408701292,不知道每天都吃啥补药补得这么粉嫩,0,0.8690008521080017,comments
5285472408701292,妈呀这81岁啊我的天感觉就像40多,1,0.8413097858428955,comments
5285472408701292,心理年龄估计也就三四十,2,0.808746337890625,comments
5285486551894135,潘姐这气场我得赶紧存点钱以后也得冻冻龄,1,0.5269743204116821,comments
5285486551894135,蹦蹦跳跳还是粉粉的打扮,0,0.7783755660057068,comments
5285486551894135,啊我比她像81,2,0.4229139983654022,comments
5285486551894135,我以为是三十几岁没想到是潘阿姨,2,0.7653487920761108,comments
5285486551894135,这刘晓庆没法比这是真少女感,0,0.9084710478782654,comments
5285777870426065,两位姐姐的气场真是绝了岁月不败美人,0,0.9733124375343323,comments
5285777870426065,她不是1949年的吗77,2,0.8227074146270752,comments
5285777870426065,两个武则天都这么牛,0,0.8735942840576172,comments
5285777870426065,还有赵雅芝,2,0.5372183322906494,comments
5285777870426065,气场都好强,0,0.9699820876121521,comments
5285791443976414,这些女明星都吃了防腐剂吗,1,0.5152212381362915,comments
5285791443976414,岁月不败美人,0,0.9800628423690796,comments
5285791443976414,保养的真好,0,0.9711493849754333,comments
5285791443976414,吃了唐僧肉,1,0.6010637283325195,comments
5285791443976414,保养确实可以 但是审美和衣品真的,1,0.6084021925926208,comments
5285789904667592,这状态简直了,0,0.6903979182243347,comments
5285789904667592,本宫倒要瞧瞧是何等人物能让本宫都心生佩服,0,0.5192103385925293,comments
5285789904667592,太棒了没想到81岁了呢,0,0.9419447779655457,comments
5285789904667592,好牛的心态呀 不愧是演过武则天的女人,0,0.9625112414360046,comments
5285789904667592,真的活的通透,0,0.9639089107513428,comments
5285789904667592,好喜欢这种状态的姐姐,0,0.9678282737731934,comments
5285821691204585,科技应该是tech吧自主创新才是硬道理,0,0.7129544615745544,comments
5285821691204585,科技的英文是,2,0.8421253561973572,comments
5285821691204585,technology,2,0.7875748872756958,comments
5277010720981425, 浙科大在十五五规划中深化教科人一体改革必将为学校高质量发展注入强劲动力,0,0.8540685772895813,comments
5277010720981425, 以校企双聘为纽带推动高校更好融入产业浙科大在服务地方经济发展上展现了硬核担当,0,0.8101460933685303,comments
5277010720981425, 看到浙科大与缙云县深化教科人一体化合作推动科技创新与产业创新深度融合期待更多成果落地,0,0.8406623601913452,comments
5277010720981425, 浙科大校企双聘试点太硬核了编制在校服务在企真正打通了产学研的最后一公里,0,0.5317782163619995,comments
5285815712220360,没看懂什么意思,2,0.6143007874488831,comments
5285815712220360,意思是以后销往美国的通信设备要在国外实验室进行FCC认证,2,0.8796868920326233,comments
5285815712220360,中国实验室也归美国管啥意思没看懂,2,0.4940522611141205,comments
5285815712220360,为什么不反制啊比如不用苹果,2,0.8477867245674133,comments
5285815712220360,被抄袭模仿怕了,1,0.8399829268455505,comments
5285815712220360,美纯纯有病,1,0.8303101062774658,comments
5285877312131871,正在改建遂宁这条路将全面焕新,2,0.4636218249797821,comments
5285830991021353, 核能供暖和医用同位素是什么原理,2,0.8784983158111572,comments
5285696961252649,我前几天最高价买的先挂着吧,2,0.9298926591873169,comments
5285696961252649,我要加杠杆,2,0.8005631566047668,comments
5285696961252649,没反正啊周线级别一直还在下跌趋势中,1,0.5698640942573547,comments
5285696961252649,反正我是都卖的差不多了除非降价以后我是不买了,2,0.5207227468490601,comments
5285832204484683,你也是猛啊均衡配置一下啊只搞黄金这种不好预判纯粹是猜猜猜了如果想搞价值投资就直接丢进去不管也别看长线没问题中短线建议均衡一下不如国债黄金科技沪深300科创50老玩家瞎说的供参考,1,0.6934268474578857,comments
5285832204484683,别急黄金这块宝石还会涨到1500左右那时候的黄金大家都不敢动了,1,0.6372200846672058,comments
5285832204484683,赶紧跌回300,1,0.4857412278652191,comments
5285832204484683,现在投资啥不亏股票我都亏几十w了,1,0.8285738825798035,comments
5285832144453689,黄金不会生息不会涨到天上去只有等回调的机会,2,0.47424978017807007,comments
5285853279551671,一点变化就上热搜天天上热搜,0,0.9256880283355713,comments
5285853279551671,看看我啥时候卖的,2,0.935768723487854,comments
5285853279551671,起起伏伏动荡不定看着揪心,1,0.7044599652290344,comments
5285853279551671,这就是钱呀怎么可能不关注,1,0.6155483722686768,comments
5285853279551671,喜欢投资就拿着,2,0.6559471487998962,comments
5285853279551671,市场的波动无法预测,2,0.8693955540657043,comments
5285880715283390,之前跟风入手了一波黄金那段时间天天盯着看心情跟着涨跌起起伏伏现在想想真有点好笑,1,0.8565641045570374,comments
5285880715283390,投资有风险,2,0.7227116227149963,comments
5285862505974990,大家觉得接下来会涨还是跌,2,0.8772397637367249,comments
5285862505974990, 今日银价,2,0.8973016738891602,comments
5285862505974990, 国际金价,2,0.8236508369445801,comments
5285862505974990,基本涨多跌少,2,0.8687989115715027,comments
5285862505974990,最近都很平稳,0,0.907708466053009,comments
5285862505974990,跟过山车一样,1,0.8106690049171448,comments
5285890214594753,老程单子虽然少但基本都是赚,1,0.35336941480636597,comments
5285890214594753,跟两次错两次6,2,0.6135391592979431,comments
5285890214594753,感觉下不去呢,1,0.7673043012619019,comments
5285890214594753,空头赚惨下一步4700再接盘   这里的反应是假设评论者在黄金空单交易赚钱后的心情和对市场的期待调侃在实际情况下应该审慎对待投资建议并自行承担风险投资存在风险,2,0.6808022260665894,comments
5285875459037424,10很高了,0,0.8385279178619385,comments
5285875459037424,老程出品必是精品,0,0.9724928736686707,comments
5285875459037424,老师这个机器人怎么加入,2,0.9404577016830444,comments
5285875459037424,对收益跟风险成正比,2,0.7252917289733887,comments
5285880111564715,老师会往下走不了还是一直北上了,1,0.5949260592460632,comments
5285880111564715,老郑说下白银,2,0.9225836992263794,comments
5285880111564715,老师白银怎么看今天一天都没讲,2,0.6804544925689697,comments
5285880111564715,谢谢老师一直给我们信念,0,0.9698440432548523,comments
5285812134478949,言辞能不能激烈一点谴责一下以色列都做不到吗,1,0.6868025660514832,comments
5285812134478949,信美以不如信真有外星人,1,0.6792393922805786,comments
5285812134478949,不痛不痒不如不说,1,0.5433585047721863,comments
5285812134478949,中国的外交辞令太不带感情色彩了我不喜欢,1,0.8199480175971985,comments
5285812134478949,跟没说一样,2,0.7563061714172363,comments
5285812134478949,这工作是真的AI都能干照本宣科就可以不用附带任何表情和情感,1,0.531007707118988,comments
5285851492782069,靠美国维持全球基本的杀人秩序,2,0.4871826469898224,comments
5285851492782069,前怕狼后怕虎,1,0.6948819160461426,comments
5285851492782069,崩得快一点也好谁知道他们能养出什么样的抽象蛊出来,1,0.7754723429679871,comments
5285851492782069,是的老美马上崩了对我们也不是个好事经济会遭受很大的影响,1,0.823619544506073,comments
5285851492782069,zy应该就是这个思路,2,0.8141821026802063,comments
5285851492782069,确实 历史上很多那种经济大萧条 波及范围都是全球 而且影响深远,1,0.6377623677253723,comments
5285848384799176,你不想要美元又不得不要一点美元准确,2,0.6760498881340027,comments
5285848384799176,小鱿鱼不干啊从中使坏啊,1,0.8408135175704956,comments
5285848384799176,时世界和平路,0,0.9390421509742737,comments
5285861715610256, 美国伊朗在巴基斯坦等国的调解下实现停火引发国际社会广泛关注,2,0.8420303463935852,comments
5285750677704578,未成年人打赏主播平台理应全额退款,2,0.586454451084137,comments
5285750677704578,看着爷爷辛苦赚钱被挥霍真的太心酸了,1,0.7842435240745544,comments
5285750677704578,公主的出手穷人的丫头,1,0.7364428639411926,comments
5285750677704578,16岁了还这样干不打几顿等什么呢,1,0.801040768623352,comments
5285750677704578,16岁了不是6岁养废了,1,0.7592052817344666,comments
5285750677704578, 老人不懂手机孩子乱打赏辛苦钱全打水漂,1,0.8127062916755676,comments
5285830677497795,16岁了不是6岁家里什么情况不知道吗,2,0.8709743022918701,comments
5285830677497795,心疼爷爷孩子应该学会感恩和珍惜,0,0.8028694987297058,comments
5285830677497795,都已经16岁为什么不能怪小孩不懂事,1,0.5616639852523804,comments
5285830677497795,16岁已经可以进厂打工还她爷爷的钱自己做事自己担,2,0.8748430013656616,comments
5285830677497795,咋就不能全怪她了16岁都可以判刑的年纪了,1,0.802419126033783,comments
5285830677497795,跟主播有什么关系就是小孩自己傻,1,0.7978847026824951,comments
5285864428798684,现在小孩早熟的很啊,1,0.7969039678573608,comments
5285864428798684,无语了真是教育缺失,1,0.8326864838600159,comments
5285864428798684,孩子怎么偷那么多全是现金吗,1,0.7848420143127441,comments
5285864428798684,这孩子不懂事,1,0.789527952671051,comments
5285847356147543,孩子多大呀拿这么多钱浪费了,1,0.8020288944244385,comments
5285847356147543,这可是我爷爷辛辛苦苦赚来的啊,0,0.4977133572101593,comments
5285847356147543,这个熊孩子真的是被惯瞎了,1,0.8375661969184875,comments
5285847356147543,这可是爷爷辛辛苦苦赚来的呀心疼爷爷,0,0.7604935169219971,comments
5285847356147543,这孙女儿也是不懂事,1,0.7949814796447754,comments
5285855514332696,最好把打赏关了,2,0.8350616097450256,comments
5285855514332696,爷爷不管网友也管不着,2,0.5952779650688171,comments
5285855514332696,这样的小恶魔太多了,1,0.8285799622535706,comments
5285855514332696,16岁催小孩子了大人赚钱的心酸该懂了,1,0.7834632992744446,comments
5285855514332696,平台才不会管呢,2,0.6229355335235596,comments
5285860569514384,就是心智不成熟,1,0.7772555351257324,comments
5285860569514384,赶紧抓一抓这个问题,2,0.6935827136039734,comments
5285860569514384,教育也是很有问题了,1,0.8247032761573792,comments
5285860569514384,这难评16岁应该已经有认知能力和金钱观了呀,2,0.3965010344982147,comments
5285860569514384,这孙女真过分了,1,0.839336633682251,comments
5285853501065494,其实还是家庭教育的问题我从小看剧看动漫血腥残暴暴力的类型都有看的时候爽不妨碍我知道电视是电视现实是现实小孩有问题了家长没有耐心教出事了也只想着和网友哭诉不容易,1,0.7978677749633789,comments
5285833370501544,这钱还能要回来吗,2,0.772026777267456,comments
5285833370501544,爷爷卖烧饼的钱被孙女打赏了留守儿童缺管教这钱法律上能追回但心里的伤难补,1,0.7304574251174927,comments
5285833370501544,卖16000个烧饼被打赏给主播了,1,0.652565598487854,comments
5285833370501544,直播这么好赚难怪越来越多,0,0.4650118947029114,comments
5285833370501544,为什么要给一个未成年这么多钱,1,0.6129926443099976,comments
5285833370501544,都1516岁了也不小了还不懂得爷爷的艰辛,1,0.7137157917022705,comments
5285852368604096,退钱吧小孩不懂事啊,1,0.8207582235336304,comments
5285852368604096,16岁都这么不懂事不懂得感恩,1,0.7487891912460327,comments
5285852368604096,16岁限制行为责任人 肯定知道咋回事了,2,0.7447604537010193,comments
5285852368604096,十六岁已经有基本是非认知家长监护确实不到位希望平台能退款,1,0.5537968873977661,comments
5285852368604096,16岁青春期的孩子了居然不知道这样做的后果我觉得家庭教育做得很不好,1,0.8278228044509888,comments
5285852368604096,这么大都懂事了吧咋这样,1,0.6299617886543274,comments
5285748392594502,到底是谁的词条,2,0.8002891540527344,comments
5285748392594502,编辑历史真有意思,0,0.7073503732681274,comments
5285748392594502,为了流量脸都不要了,1,0.8405256867408752,comments
5285748392594502,硬蹭小米是吧,1,0.6211130023002625,comments
5285748392594502,666词条硬蹭,1,0.7961370348930359,comments
5285748392594502,江淮我永远不会忘了你应届生拿的第一个offer,2,0.7329280972480774,comments
5285864343077812,也是有实力的,0,0.9063161015510559,comments
5285864343077812,若能巩固MPV基础加速新能源转型并在高端市场取得突破其发展前景将更加广阔,0,0.8037317991256714,comments
5285864343077812,江淮汽车在MPV和商用车上有不错表现需加强乘用车市场竞争力持续转型高端化突破可期,0,0.6048556566238403,comments
5285864343077812,当务之急是巩固MPV板块的领先地位加速新能车的转型布局以此作为推动发展的双引擎,2,0.7176972031593323,comments
5285864343077812,痛点直击乘用市场基本盘稳固度每个数据点都是转机,0,0.854637086391449,comments
5285759578014904,估计要增长吧,2,0.7935394644737244,comments
5285759578014904,全面塑水造车也是一个高投入低回报的行业,1,0.71567302942276,comments
5285759578014904,1000左右江淮目前有三款新能源汽车,2,0.9111931324005127,comments
5285759578014904,下降的有点多呀,1,0.7903991937637329,comments
5285759578014904,整体还是可以的,0,0.6862847805023193,comments
5285759578014904,需要全面发力,2,0.586035430431366,comments
5285855449055346,真的假的啊,1,0.5308999419212341,comments
5285855449055346,江淮尊界销量虽回落高端车初期热销属常态期待后续发力,2,0.561814546585083,comments
