comment_id,create_time,create_date_time,note_id,content,sub_comment_count,comment_like_count,last_modify_ts,ip_location,parent_comment_id,user_id,nickname,gender,profile_url,avatar,source_file,data_type,cleaned_content,is_meaningful,is_duplicate
5298418387518730,1778753646,2026-05-14 10:14:06+08:00,5298415014511924,太瘦了真的不好看,7,364,1778764757009,河南,5298418387518730,5018269123,卢啴长,m,https://m.weibo.cn/u/5018269123?launchid=10000360-page_H5,"https://tva1.sinaimg.cn/crop.0.0.720.720.180/005tC92zjw8ej0avf7c34j30k00k0t92.jpg?KID=imgbed,tva&Expires=1778775557&ssig=7wNn97o3S%2B",search_comments_2026-05-14.csv,search_comment,太瘦了真的不好看,True,False
5298459884391489,1778763540,2026-05-14 12:59:00+08:00,5298415014511924,为了让她健康 我愿意给她30斤肉,24,239,1778764757013,江苏,5298459884391489,1772370627,兜兜崽Xixi,f,https://m.weibo.cn/u/1772370627?launchid=10000360-page_H5,"https://tvax3.sinaimg.cn/crop.0.0.359.359.180/69a43ac3ly8i2a5kbt8gcj209z09zjrh.jpg?KID=imgbed,tva&Expires=1778775557&ssig=JEa8vYgR9A",search_comments_2026-05-14.csv,search_comment,为了让她健康 我愿意给她30斤肉,True,False
5298480692071506,1778768501,2026-05-14 14:21:41+08:00,5298415014511924,这鼻子是真突出啊,1,28,1778764757021,黑龙江,5298480692071506,5784599436,柯拉松莉莉,f,https://m.weibo.cn/u/5784599436?launchid=10000360-page_H5,"https://tvax2.sinaimg.cn/crop.0.0.512.512.180/006jtAyUly8gdilsy4iznj30e80e80t6.jpg?KID=imgbed,tva&Expires=1778775557&ssig=N4tMuf19mc",search_comments_2026-05-14.csv,search_comment,这鼻子是真突出啊,True,False
5298530430223378,1778780359,2026-05-14 17:39:19+08:00,5298528550913529,感谢，看了这视频让我在增肥的路上更加的坚定，更加的有动力～,1,9,1778764763431,陕西,5298530430223378,6886397134,长着一颗长长兔牙的魚兒兒,m,https://m.weibo.cn/u/6886397134?launchid=10000360-page_H5,"https://tvax3.sinaimg.cn/crop.0.0.1024.1024.180/007w2Ctwly8hw14ygt6zzj30sg0sggnt.jpg?KID=imgbed,tva&Expires=1778775563&ssig=cDKQLaiyHy",search_comments_2026-05-14.csv,search_comment,感谢看了这视频让我在增肥的路上更加的坚定更加的有动力,True,False
5298531000650476,1778780495,2026-05-14 17:41:35+08:00,5298528550913529,肉眼可见的漂亮了,1,4,1778764763434,陕西,5298531000650476,7052760219,住在布拉格的守望者,f,https://m.weibo.cn/u/7052760219?launchid=10000360-page_H5,"https://tvax2.sinaimg.cn/crop.0.0.1024.1024.180/007HiF75ly8hvzno44e39j30sg0sgjs8.jpg?KID=imgbed,tva&Expires=1778775563&ssig=FfDy7oZjhx",search_comments_2026-05-14.csv,search_comment,肉眼可见的漂亮了,True,False
5298531374206014,1778780584,2026-05-14 17:43:04+08:00,5298528550913529,羡慕可以好好吃饭的人,1,2,1778764763435,陕西,5298531374206014,7358386448,吃吃猪蹄的小猪猪,f,https://m.weibo.cn/u/7358386448?launchid=10000360-page_H5,"https://tvax4.sinaimg.cn/crop.0.0.1024.1024.180/0081Z2soly8hw0iswxbh0j30sg0sgwh5.jpg?KID=imgbed,tva&Expires=1778775563&ssig=h7Ht1qbABH",search_comments_2026-05-14.csv,search_comment,羡慕可以好好吃饭的人,True,False
5298541154011521,1778782916,2026-05-14 18:21:56+08:00,5298540075029593,太瘦真的不健康的但愿大家都能意识到健康才是硬道理,4,2,1778764769777,陕西,5298541154011521,7482775358,积极向上开心幸福小女孩,f,https://m.weibo.cn/u/7482775358?launchid=10000360-page_H5,"https://tvax4.sinaimg.cn/crop.0.0.1080.1080.180/008aoXH8ly8icbbscylywj30u00u0ad9.jpg?KID=imgbed,tva&Expires=1778775569&ssig=XOu7f2kdbD",search_comments_2026-05-14.csv,search_comment,太瘦真的不健康的但愿大家都能意识到健康才是硬道理,True,False
5298548226918741,1778784602,2026-05-14 18:50:02+08:00,5298540075029593,人还是要好好吃饭，增强体质,0,1,1778764769782,安徽,5298548226918741,7821847369,勇敢做全新的自己,f,https://m.weibo.cn/u/7821847369?launchid=10000360-page_H5,"https://tvax4.sinaimg.cn/crop.0.0.1080.1080.180/008xlFOxly8hsy2w8ojx8j30u00u0aff.jpg?KID=imgbed,tva&Expires=1778775569&ssig=yT3sHlH%2Fsq",search_comments_2026-05-14.csv,search_comment,人还是要好好吃饭增强体质,True,False
5298541329385515,1778782958,2026-05-14 18:22:38+08:00,5298540075029593, 以前太瘦看着很憔悴，现在圆润健康多了，状态绝了,1,0,1778764769785,河北,5298541329385515,7975571432,豪爽泡泡爱阅读,m,https://m.weibo.cn/u/7975571432?launchid=10000360-page_H5,"https://tvax1.sinaimg.cn/crop.0.0.500.500.180/008HKGsUly8hxk38prc3cj30dw0dwaal.jpg?KID=imgbed,tva&Expires=1778775569&ssig=9g51SGnxaZ",search_comments_2026-05-14.csv,search_comment, 以前太瘦看着很憔悴现在圆润健康多了状态绝了,True,False
5298534605916945,1778781355,2026-05-14 17:55:55+08:00,5298534401185667,太棒啦太厉害啦🎉,0,2,1778764776153,广东,5298534605916945,6330133439,0痛觉,m,https://m.weibo.cn/u/6330133439?launchid=10000360-page_H5,"https://tvax3.sinaimg.cn/crop.0.0.1080.1080.180/006UoASrly8ibdjsd4uwsj30u00u0dhu.jpg?KID=imgbed,tva&Expires=1778775576&ssig=J9UoCQz%2FzD",search_comments_2026-05-14.csv,search_comment,太棒啦太厉害啦,True,False
5298535872337640,1778781657,2026-05-14 18:00:57+08:00,5298534401185667,身体健康最重要,0,1,1778764776158,山东,5298535872337640,7866792081,华子方世玉,m,https://m.weibo.cn/u/7866792081?launchid=10000360-page_H5,"https://tvax2.sinaimg.cn/crop.0.0.886.886.180/008AofZfly8ic13voeq03j30om0om405.jpg?KID=imgbed,tva&Expires=1778775576&ssig=Jhyq1rKdpR",search_comments_2026-05-14.csv,search_comment,身体健康最重要,True,False
5298535595512547,1778781591,2026-05-14 17:59:51+08:00,5298534401185667,我的天这么离谱,0,0,1778764776162,四川,5298535595512547,7606618082,冬绒兔,f,https://m.weibo.cn/u/7606618082?launchid=10000360-page_H5,"https://tvax2.sinaimg.cn/crop.0.0.1080.1080.180/008iMAQqly8i6zh2t1cryj30u00u0wg5.jpg?KID=imgbed,tva&Expires=1778775576&ssig=Ov2sMp0try",search_comments_2026-05-14.csv,search_comment,我的天这么离谱,True,False
5298549206288271,1778784836,2026-05-14 18:53:56+08:00,5298522303764388,蛙趣，别这么骨感啊,0,0,1778764815769,福建,5298549206288271,7978705632,婲婳婳啊,f,https://m.weibo.cn/u/7978705632?launchid=10000360-page_H5,"https://tvax1.sinaimg.cn/crop.0.0.640.640.640.180/002XJY2Tly8ib8wixc3mnj606c06cglo02.jpg?KID=imgbed,tva&Expires=1778775615&ssig=agoiKCyHDA",search_comments_2026-05-14.csv,search_comment,蛙趣别这么骨感啊,True,False
5298576739536121,1778791400,2026-05-14 20:43:20+08:00,5298573933806994,【25伦敦26佛罗伦萨27纽约连续三年受邀观秀Gucci早春系列】【本次亦是创意总监Demna上任后的首场早春秀】【唯一受邀国内艺人】期待全球大爆生张凌赫闪耀纽约🔥🔥🔥,1,262,1778764848900,天津,5298576739536121,1260293657,昰筱凩,f,https://m.weibo.cn/u/1260293657?launchid=10000360-page_H5,"https://tvax1.sinaimg.cn/crop.0.0.1080.1080.180/4b1e8e19ly8ibwb48dt2wj20u00u0wiy.jpg?KID=imgbed,tva&Expires=1778775649&ssig=FUBVk2L2A3",search_comments_2026-05-14.csv,search_comment,25伦敦26佛罗伦萨27纽约连续三年受邀观秀Gucci早春系列本次亦是创意总监Demna上任后的首场早春秀唯一受邀国内艺人期待全球大爆生张凌赫闪耀纽约,True,False
5298576047476236,1778791235,2026-05-14 20:40:35+08:00,5298573933806994,期待男神闪耀纽约#张凌赫出发GUCCI大秀#,0,26,1778764848904,重庆,5298576047476236,7960289922,櫻民存渽,f,https://m.weibo.cn/u/7960289922?launchid=10000360-page_H5,"https://tvax4.sinaimg.cn/crop.0.0.1080.1080.180/008GIz2Wly8id3wxz0rslj30u00u0die.jpg?KID=imgbed,tva&Expires=1778775649&ssig=G26bkRgrmC",search_comments_2026-05-14.csv,search_comment,期待男神闪耀纽约,True,False
5298222139706830,1778706857,2026-05-13 21:14:17+08:00,5298220277962247,期待张凌赫闪耀纽约，起落平安,1,361,1778764855471,广东,5298222139706830,5587309030,哟呼哈哈哈哈哈哈,f,https://m.weibo.cn/u/5587309030?launchid=10000360-page_H5,"https://tvax1.sinaimg.cn/crop.0.0.1080.1080.180/00667MjAly8icsvip3txij30u00u0n18.jpg?KID=imgbed,tva&Expires=1778775655&ssig=%2BR5pA5DS2Q",search_comments_2026-05-14.csv,search_comment,期待张凌赫闪耀纽约起落平安,True,False
5298225260269210,1778707601,2026-05-13 21:26:41+08:00,5298220277962247,全球大爆生闪耀纽约,1,202,1778764855473,河北,5298225260269210,7905009121,雪雪酱yaya,f,https://m.weibo.cn/u/7905009121?launchid=10000360-page_H5,"https://tvax4.sinaimg.cn/crop.0.0.1080.1080.180/008CYBZ7ly8icvxa4nmaej30u00u0abt.jpg?KID=imgbed,tva&Expires=1778775655&ssig=b04HmAd3xd",search_comments_2026-05-14.csv,search_comment,全球大爆生闪耀纽约,True,False
5298225139419662,1778707572,2026-05-13 21:26:12+08:00,5298220277962247,大爆生出发纽约啦期待,3,317,1778764855475,上海,5298225139419662,6257955603,予君以夜,f,https://m.weibo.cn/u/6257955603?launchid=10000360-page_H5,"https://tvax4.sinaimg.cn/crop.0.0.960.960.180/006PvK7Nly8iaplz34acij30qo0qo76z.jpg?KID=imgbed,tva&Expires=1778775655&ssig=s8pLXEWCsz",search_comments_2026-05-14.csv,search_comment,大爆生出发纽约啦期待,True,False
5298436288810455,1778757914,2026-05-14 11:25:14+08:00,5298433675494108,太太太太太太帅了,0,3,1778764861911,河南,5298436288810455,5262540245,oh什么时候好运才能降凌,f,https://m.weibo.cn/u/5262540245?launchid=10000360-page_H5,"https://tvax3.sinaimg.cn/crop.0.0.1080.1080.180/005K957nly8ibr0usxsdfj30u00u077s.jpg?KID=imgbed,tva&Expires=1778775662&ssig=eDfGhwcDKA",search_comments_2026-05-14.csv,search_comment,太太太太太太帅了,True,False
5298509886003943,1778775461,2026-05-14 16:17:41+08:00,5298433675494108,迷死我得了,0,1,1778764861912,江苏,5298509886003943,6455945496,愉快一周-小核桃,f,https://m.weibo.cn/u/6455945496?launchid=10000360-page_H5,"https://tvax4.sinaimg.cn/crop.0.0.1080.1080.180/0072Uulaly8ic6cod506nj30u00u0q60.jpg?KID=imgbed,tva&Expires=1778775662&ssig=lLmsaN2JVw",search_comments_2026-05-14.csv,search_comment,迷死我得了,True,False
5298447871645230,1778760676,2026-05-14 12:11:16+08:00,5298433675494108,我滴妈好帅,0,1,1778764861913,广西,5298447871645230,7808982638,张凌赫是我的1号宝贝,f,https://m.weibo.cn/u/7808982638?launchid=10000360-page_H5,"https://tvax2.sinaimg.cn/crop.0.0.1080.1080.180/008wtH6Sly8icskw8dyr0j30u00u00wy.jpg?KID=imgbed,tva&Expires=1778775662&ssig=6Yw%2BgHFe%2Bc",search_comments_2026-05-14.csv,search_comment,我滴妈好帅,True,False
5298231640856685,1778709122,2026-05-13 21:52:02+08:00,5298217882486893,拉面范【网页链接】 星品影响力🔔【星品影响力】 演员影响力指数【网页链接】,0,12,1778764868327,浙江,5298231640856685,5454460177,zzz少年的云和月_B站看张工版,m,https://m.weibo.cn/u/5454460177?launchid=10000360-page_H5,"https://tvax4.sinaimg.cn/crop.0.0.1080.1080.180/005X8mg9ly8ic79lsj5d1j30u00u0tbz.jpg?KID=imgbed,tva&Expires=1778775668&ssig=fTxJw1v4ZZ",search_comments_2026-05-14.csv,search_comment,拉面范网页链接 星品影响力星品影响力 演员影响力指数网页链接,True,False
5298221907972581,1778706802,2026-05-13 21:13:22+08:00,5298217882486893,我估计明天可能是不是还有拍摄任务啊？明天晚上再飞纽约。,3,10,1778764868329,福建,5298221907972581,2327435330,外星人小豆儿,f,https://m.weibo.cn/u/2327435330?launchid=10000360-page_H5,"https://tvax2.sinaimg.cn/crop.0.0.1080.1080.180/8ab9d842ly8hjqdiftu7lj20u00u0diq.jpg?KID=imgbed,tva&Expires=1778775668&ssig=yl9GczYYzf",search_comments_2026-05-14.csv,search_comment,我估计明天可能是不是还有拍摄任务啊明天晚上再飞纽约,True,False
5298218959118924,1778706099,2026-05-13 21:01:39+08:00,5298217882486893,看发型又是工作了一整天,1,9,1778764868331,安徽,5298218959118924,3844324391,章鱼Cri,f,https://m.weibo.cn/u/3844324391?launchid=10000360-page_H5,"https://tvax4.sinaimg.cn/crop.0.0.995.995.180/e523bc27ly8i3cenlbyayj20rn0rnaca.jpg?KID=imgbed,tva&Expires=1778775668&ssig=Lb7ea9WY3n",search_comments_2026-05-14.csv,search_comment,看发型又是工作了一整天,True,False
5298584955650427,1778793358,2026-05-14 21:15:58+08:00,5298584803349517,你的眼睛 像星星 亮晶晶 一眼 就坠入陷阱 别担心  好幸运 也许是命中注定 对你目不转睛 唯独你让我偏心,0,0,1778764907632,江苏,5298584955650427,6471437380,Angelababymeimei,f,https://m.weibo.cn/u/6471437380?launchid=10000360-page_H5,"https://tvax4.sinaimg.cn/crop.0.0.132.132.180/0073Xuugly8fnu60wrfpqj303o03owec.jpg?KID=imgbed,tva&Expires=1778775707&ssig=Pgmg4q3vu6",search_comments_2026-05-14.csv,search_comment,你的眼睛 像星星 亮晶晶 一眼 就坠入陷阱 别担心  好幸运 也许是命中注定 对你目不转睛 唯独你让我偏心,True,False
5298498056750202,1778772641,2026-05-14 15:30:41+08:00,5298421518828844,下面那个糊涂是什么东西啊😧,27,19,1778764924430,陕西,5298498056750202,5730133746,Faker大魔王家的小花生,m,https://m.weibo.cn/u/5730133746?launchid=10000360-page_H5,"https://tva4.sinaimg.cn/crop.0.1.640.640.180/006fN3y2jw8ex4kut9q2bj30hs0huwf2.jpg?KID=imgbed,tva&Expires=1778775724&ssig=YqUiU%2Fv4YV",search_comments_2026-05-14.csv,search_comment,下面那个糊涂是什么东西啊,True,False
5298507430757434,1778774875,2026-05-14 16:07:55+08:00,5298421518828844,糊涂，应该是山河四省那边的吧，我看到还有个猪腰（后面应该是枸杞）真的很养生了,0,0,1778764924431,北京,5298507430757434,5697879200,泰兰德只有眼泪和遗憾-媛mango,f,https://m.weibo.cn/u/5697879200?launchid=10000360-page_H5,"https://tvax4.sinaimg.cn/crop.0.0.1080.1080.180/006dBIFqly8icpchms795j30u00u0acl.jpg?KID=imgbed,tva&Expires=1778775724&ssig=3lP2OeZjaV",search_comments_2026-05-14.csv,search_comment,糊涂应该是山河四省那边的吧我看到还有个猪腰后面应该是枸杞真的很养生了,True,False
5298503749468805,1778773997,2026-05-14 15:53:17+08:00,5298421518828844,什么味道？混合起来能喝吗？,2,3,1778764924433,浙江,5298503749468805,5439594416,浔浔寄雪,f,https://m.weibo.cn/u/5439594416?launchid=10000360-page_H5,"https://tvax4.sinaimg.cn/crop.0.0.1080.1080.180/005W7YZOly8hwqeporw48j30u00u0jsj.jpg?KID=imgbed,tva&Expires=1778775724&ssig=GR2z6CN454",search_comments_2026-05-14.csv,search_comment,什么味道混合起来能喝吗,True,False
5298520383032222,1778777964,2026-05-14 16:59:24+08:00,5298520295738941,你会去尝试咖啡粥吗,2,5,1778764930867,江西,5298520383032222,7942707110,忧绪难述,f,https://m.weibo.cn/u/7942707110?launchid=10000360-page_H5,"https://tvax3.sinaimg.cn/crop.0.0.1080.1080.180/008FwMXcly8id3rqn5u9tj30u00u0myp.jpg?KID=imgbed,tva&Expires=1778775730&ssig=iYwZfhrVG3",search_comments_2026-05-14.csv,search_comment,你会去尝试咖啡粥吗,True,False
5298522787941054,1778778537,2026-05-14 17:08:57+08:00,5298520295738941,蛙趣，这个是什么啊,1,4,1778764930872,江西,5298522787941054,7586153167,koluue,f,https://m.weibo.cn/u/7586153167?launchid=10000360-page_H5,"https://tvax3.sinaimg.cn/crop.0.0.1080.1080.180/008hoIZ9ly8id46wmoogrj30u00u0tap.jpg?KID=imgbed,tva&Expires=1778775730&ssig=KYKdsvshv6",search_comments_2026-05-14.csv,search_comment,蛙趣这个是什么啊,True,False
5298521790220904,1778778299,2026-05-14 17:04:59+08:00,5298520295738941,我去这是啥玩意,1,4,1778764930874,陕西,5298521790220904,6030886518,岱岱爱吃薯片RollsRoyce,f,https://m.weibo.cn/u/6030886518?launchid=10000360-page_H5,"https://tvax3.sinaimg.cn/crop.0.0.1080.1080.180/006A8Z5cly8i9hkjjfmjyj30u00u077l.jpg?KID=imgbed,tva&Expires=1778775730&ssig=YjLjUW%2FL50",search_comments_2026-05-14.csv,search_comment,我去这是啥玩意,True,False
5298535893565664,1778781661,2026-05-14 18:01:01+08:00,5298535772981218,咖啡粥有尝过的吗？,2,8,1778764937247,广东,5298535893565664,7553752404,在圈里收瓜,f,https://m.weibo.cn/u/7553752404?launchid=10000360-page_H5,"https://tvax4.sinaimg.cn/crop.0.0.1045.1045.180/008fcM4cly8hc7mi1eg1pj30t10t1acm.jpg?KID=imgbed,tva&Expires=1778775737&ssig=LJOkayrjya",search_comments_2026-05-14.csv,search_comment,咖啡粥有尝过的吗,True,False
5298538950954858,1778782391,2026-05-14 18:13:11+08:00,5298535772981218,@微博智搜 咖啡粥是什么,1,8,1778764937257,广东,5298538950954858,7913832877,朱菜shuna,f,https://m.weibo.cn/u/7913832877?launchid=10000360-page_H5,"https://tvax4.sinaimg.cn/crop.0.0.512.512.180/008DzDrLly8hohm16u6fsj30e80e8t9h.jpg?KID=imgbed,tva&Expires=1778775737&ssig=cda%2FbQEb0C",search_comments_2026-05-14.csv,search_comment, 咖啡粥是什么,True,False
5298540251451038,1778782701,2026-05-14 18:18:21+08:00,5298535772981218,真是脑洞大开,0,8,1778764937263,广东,5298540251451038,5686478471,游戏新手亚斯娜,f,https://m.weibo.cn/u/5686478471?launchid=10000360-page_H5,"https://tvax4.sinaimg.cn/crop.0.0.600.600.180/006cPSOHly8hqhtqjt8qzj30go0gomy8.jpg?KID=imgbed,tva&Expires=1778775737&ssig=XzdZ5%2BYl3z",search_comments_2026-05-14.csv,search_comment,真是脑洞大开,True,False
5298516285196184,1778776987,2026-05-14 16:43:07+08:00,5298514357651192,这受众群体是谁,1,0,1778764943629,浙江,5298516285196184,7850221632,小鱼鱼鱼鱼鱼yuyuyu,f,https://m.weibo.cn/u/7850221632?launchid=10000360-page_H5,"https://tvax3.sinaimg.cn/crop.0.0.1080.1080.180/008zgJfWly8i0c17ktur8j30u00u0tca.jpg?KID=imgbed,tva&Expires=1778775743&ssig=WuqLZgq0tM",search_comments_2026-05-14.csv,search_comment,这受众群体是谁,True,False
5298518933898476,1778777618,2026-05-14 16:53:38+08:00,5298514357651192,真的都无感了,1,0,1778764943632,山东,5298518933898476,7472738312,池冰亿Yi,f,https://m.weibo.cn/u/7472738312?launchid=10000360-page_H5,"https://tvax2.sinaimg.cn/crop.0.0.1080.1080.180/0089IQBily8id3x9vvnnkj30u00u00uj.jpg?KID=imgbed,tva&Expires=1778775743&ssig=JezZrhQbrI",search_comments_2026-05-14.csv,search_comment,真的都无感了,True,False
5298517990181084,1778777393,2026-05-14 16:49:53+08:00,5298514357651192,谁喜欢喝呀到底,0,0,1778764943633,浙江,5298517990181084,5287984174,多米鱼贝贝,f,https://m.weibo.cn/u/5287984174?launchid=10000360-page_H5,"https://tvax1.sinaimg.cn/crop.0.0.480.480.180/005LRQfkly8i62ms3i60gj30dc0dct8x.jpg?KID=imgbed,tva&Expires=1778775743&ssig=zL8oFQwXrl",search_comments_2026-05-14.csv,search_comment,谁喜欢喝呀到底,True,False
5298520778869225,1778778058,2026-05-14 17:00:58+08:00,5298517058519049,宁夏小伙伴？,0,1,1778764950017,甘肃,5298520778869225,1807711820,做自己的好盆友,f,https://m.weibo.cn/u/1807711820?launchid=10000360-page_H5,"https://tvax4.sinaimg.cn/crop.292.0.546.546.180/6bbf7e4cly8hla0xixr5aj20ve0f6wfc.jpg?KID=imgbed,tva&Expires=1778775750&ssig=4jml6sN5bb",search_comments_2026-05-14.csv,search_comment,宁夏小伙伴,True,False
5298517207942208,1778777207,2026-05-14 16:46:47+08:00,5298517058519049,你觉得咖啡配粥好喝吗,3,23,1778764950021,黑龙江,5298517207942208,7876553428,29mgrtzbt493,m,https://m.weibo.cn/u/7876553428?launchid=10000360-page_H5,"https://tvax1.sinaimg.cn/crop.0.0.1080.1080.180/008B3dmkly8ia6mawgdc3j30u00u0wie.jpg?KID=imgbed,tva&Expires=1778775750&ssig=xWmw%2FBrABC",search_comments_2026-05-14.csv,search_comment,你觉得咖啡配粥好喝吗,True,False
5298571356406501,1778790117,2026-05-14 20:21:57+08:00,5298550435218693,这个也太邪修了吧？,1,0,1778764956427,北京,5298571356406501,7827656076,米粒56锦鲤,f,https://m.weibo.cn/u/7827656076?launchid=10000360-page_H5,"https://tvax3.sinaimg.cn/crop.0.0.935.935.180/008xK2Vmly8hi4ajep3evj30pz0pz75h.jpg?KID=imgbed,tva&Expires=1778775756&ssig=MQ5Uvjxf9Q",search_comments_2026-05-14.csv,search_comment,这个也太邪修了吧,True,False
5298558464688142,1778787042,2026-05-14 19:30:42+08:00,5298550435218693,主打一个全受众,1,0,1778764956429,河南,5298558464688142,2756919813,一条小锦鲤luck,f,https://m.weibo.cn/u/2756919813?launchid=10000360-page_H5,"https://tva4.sinaimg.cn/crop.0.0.748.748.180/a4534205jw8ex428c0f4hj20ks0ksaay.jpg?KID=imgbed,tva&Expires=1778775756&ssig=fFaJVSScUo",search_comments_2026-05-14.csv,search_comment,主打一个全受众,True,False
5298557105737295,1778786719,2026-05-14 19:25:19+08:00,5298550435218693,虽然我自认为口味还是比较包容的，但咖啡粥也太黑暗了，不能接受。,1,0,1778764956431,浙江,5298557105737295,1803827157,淮北的橘子皮,m,https://m.weibo.cn/u/1803827157?launchid=10000360-page_H5,"https://tvax1.sinaimg.cn/crop.0.0.1024.1024.180/6b8437d5ly8i6foe4ac0wj20sg0sgwhp.jpg?KID=imgbed,tva&Expires=1778775756&ssig=8up9rY17De",search_comments_2026-05-14.csv,search_comment,虽然我自认为口味还是比较包容的但咖啡粥也太黑暗了不能接受,True,False
5298448367881620,1778760794,2026-05-14 12:13:14+08:00,5298434266370256,川普是想表达很重视这次访华吧,38,5365,1778765029616,广东,5298448367881620,2293057730,千万多乐喜来也,f,https://m.weibo.cn/u/2293057730?launchid=10000360-page_H5,"https://tvax4.sinaimg.cn/crop.0.0.1080.1080.180/88ad48c2ly8hqfbvesjg9j20u00u0tc5.jpg?KID=imgbed,tva&Expires=1778775829&ssig=FAl%2FlaRcJO",search_comments_2026-05-14.csv,search_comment,川普是想表达很重视这次访华吧,True,False
5298452441599935,1778761765,2026-05-14 12:29:25+08:00,5298434266370256,就是想来合作共赢,10,1667,1778765029622,广东,5298452441599935,6009079340,同你讲话的兔子,f,https://m.weibo.cn/u/6009079340?launchid=10000360-page_H5,"https://tvax3.sinaimg.cn/crop.0.10.491.491.180/006yFu2wly8hos3012qu0j30dn0e8aag.jpg?KID=imgbed,tva&Expires=1778775829&ssig=tUFXbOvB7x",search_comments_2026-05-14.csv,search_comment,就是想来合作共赢,True,False
5298459373995088,1778763417,2026-05-14 12:56:57+08:00,5298434266370256,重视对华关系  就要好好的处理对华关系,4,1631,1778765029625,江西,5298459373995088,1935301591,經年過後已荏苒,f,https://m.weibo.cn/u/1935301591?launchid=10000360-page_H5,"https://tvax4.sinaimg.cn/crop.0.0.482.482.180/735a5bd7ly8htkn67md47j20de0de0th.jpg?KID=imgbed,tva&Expires=1778775829&ssig=gYpaNYbKCS",search_comments_2026-05-14.csv,search_comment,重视对华关系  就要好好的处理对华关系,True,False
5298452634011216,1778761811,2026-05-14 12:30:11+08:00,5298451777849030,怎么都像人大代表刚开完会出来呀。,10,619,1778765035996,广东,5298452634011216,7313535008,弹琴给风听的人,f,https://m.weibo.cn/u/7313535008?launchid=10000360-page_H5,"https://tvax1.sinaimg.cn/crop.0.0.1080.1080.180/007YWQy4ly8h29icpi93cj30u00u0q3l.jpg?KID=imgbed,tva&Expires=1778775836&ssig=DhlUIqqJ2g",search_comments_2026-05-14.csv,search_comment,怎么都像人大代表刚开完会出来呀,True,False
5298452213006342,1778761710,2026-05-14 12:28:30+08:00,5298451777849030,皮夹黄也得穿西装,13,203,1778765036002,广东,5298452213006342,2642633583,Lizsen,m,https://m.weibo.cn/u/2642633583?launchid=10000360-page_H5,"https://tva4.sinaimg.cn/crop.0.0.640.640.180/9d83636fjw8e7umn58yxhj20hs0hs74w.jpg?KID=imgbed,tva&Expires=1778775836&ssig=q9DkRVD1YP",search_comments_2026-05-14.csv,search_comment,皮夹黄也得穿西装,True,False
5298454805088642,1778762329,2026-05-14 12:38:49+08:00,5298451777849030,能不能搞到库老板的指纹,1,99,1778765036008,广东,5298454805088642,2528102284,Jim-Shield,m,https://m.weibo.cn/u/2528102284?launchid=10000360-page_H5,"https://tvax2.sinaimg.cn/crop.0.0.896.896.180/96afc78cly8i3xepat3fxj20ow0ow0uc.jpg?KID=imgbed,tva&Expires=1778775836&ssig=j%2B1BaZPDow",search_comments_2026-05-14.csv,search_comment,能不能搞到库老板的指纹,True,False
5298453342061043,1778761979,2026-05-14 12:32:59+08:00,5298446283571533,贝森特跟谁合影都挺胸抬头咧嘴有喜感。  //@鼬的回忆:贝森特这货站的挺直溜,18,188,1778765042457,上海,5298453342061043,1812175903,科学未来人,m,https://m.weibo.cn/u/1812175903?launchid=10000360-page_H5,"https://tvax4.sinaimg.cn/crop.0.0.1010.1010.180/6c039c1fly8g2rwbv706cj20s20s2n1h.jpg?KID=imgbed,tva&Expires=1778775842&ssig=eeMGlA2P2o",search_comments_2026-05-14.csv,search_comment,贝森特跟谁合影都挺胸抬头咧嘴有喜感  ,True,False
5298454397980885,1778762232,2026-05-14 12:37:12+08:00,5298446283571533,马斯克赶紧发x显摆好有面哦,39,1175,1778765042459,广东,5298454397980885,1405650661,齐天大圣的花果山上,f,https://m.weibo.cn/u/1405650661?launchid=10000360-page_H5,"https://tvax1.sinaimg.cn/crop.0.0.511.511.180/53c886e5ly8hdvs3h9zixj20e70e7weu.jpg?KID=imgbed,tva&Expires=1778775842&ssig=UguYAix1sn",search_comments_2026-05-14.csv,search_comment,马斯克赶紧发x显摆好有面哦,True,False
5298466976957702,1778765231,2026-05-14 13:27:11+08:00,5298446283571533,鲁比奥到底来了没,36,37,1778765042460,四川,5298466976957702,3174194027,云上丨丶,m,https://m.weibo.cn/u/3174194027?launchid=10000360-page_H5,"https://tvax1.sinaimg.cn/crop.0.0.1080.1080.180/bd325b6bly8grnjhk0x1vj20u00u077x.jpg?KID=imgbed,tva&Expires=1778775842&ssig=qnBbnG8Nou",search_comments_2026-05-14.csv,search_comment,鲁比奥到底来了没,True,False
5298482843750878,1778769014,2026-05-14 14:30:14+08:00,5298477677937430,这跟网上教我的不一样啊，不是领导临时叫的局不能去吗。怎么成了非去不可了,8,61,1778765048843,江苏,5298482843750878,7967312077,一枚柯基呀,m,https://m.weibo.cn/u/7967312077?launchid=10000360-page_H5,"https://tvax4.sinaimg.cn/crop.0.0.600.600.180/008Hc1Pvly8hwgziamesej30go0got9w.jpg?KID=imgbed,tva&Expires=1778775848&ssig=18YQhSaPFU",search_comments_2026-05-14.csv,search_comment,这跟网上教我的不一样啊不是领导临时叫的局不能去吗怎么成了非去不可了,True,False
5298478635028044,1778768010,2026-05-14 14:13:30+08:00,5298477677937430,差一点，就差一点,2,45,1778765048848,陕西,5298478635028044,6023872437,阿巴巴个塞罗那呀,f,https://m.weibo.cn/u/6023872437?launchid=10000360-page_H5,"https://tvax3.sinaimg.cn/crop.0.0.887.887.180/006zFyoRly8hnp0ku3xyhj30on0onmyd.jpg?KID=imgbed,tva&Expires=1778775848&ssig=Ry84%2FGb2Ss",search_comments_2026-05-14.csv,search_comment,差一点就差一点,True,False
5298480236987181,1778768392,2026-05-14 14:19:52+08:00,5298477677937430,懂王：老黄你好好感谢我吧，幸好我捎上了你,0,51,1778765048850,广东,5298480236987181,1403390982,血狮鹫,m,https://m.weibo.cn/u/1403390982?launchid=10000360-page_H5,"https://tvax1.sinaimg.cn/crop.0.0.600.600.180/53a60c06ly8h0t2g3fc6hj20go0go3zf.jpg?KID=imgbed,tva&Expires=1778775848&ssig=7Qd9vc%2FttZ",search_comments_2026-05-14.csv,search_comment,懂王老黄你好好感谢我吧幸好我捎上了你,True,False
5298499256062797,1778772927,2026-05-14 15:35:27+08:00,5298498329379888,我看直播这段 也看笑了 感觉翻译当时估计觉得来活了,2,33,1778765055267,河北,5298499256062797,2823995654,洋茜茜620,f,https://m.weibo.cn/u/2823995654?launchid=10000360-page_H5,"https://tvax1.sinaimg.cn/crop.0.10.491.491.180/a852c106ly8fjgzzi2xukj20dn0e8752.jpg?KID=imgbed,tva&Expires=1778775855&ssig=%2BIMOfEIgDy",search_comments_2026-05-14.csv,search_comment,我看直播这段 也看笑了 感觉翻译当时估计觉得来活了,True,False
5298499566439185,1778773001,2026-05-14 15:36:41+08:00,5298498329379888,二把手是万斯，三把手是谁？我一直以为三号人物是贝森特或者古巴仔,2,4,1778765055269,浙江,5298499566439185,1934654402,汤甜菜,m,https://m.weibo.cn/u/1934654402?launchid=10000360-page_H5,"https://tvax3.sinaimg.cn/crop.0.0.1080.1080.180/73507bc2ly8ibqp9xomgwj20u00u0jtl.jpg?KID=imgbed,tva&Expires=1778775855&ssig=8QaUXO%2FRme",search_comments_2026-05-14.csv,search_comment,二把手是万斯三把手是谁我一直以为三号人物是贝森特或者古巴仔,True,False
5298448188312101,1778760751,2026-05-14 12:12:31+08:00,5298446559874642,让普子上春晚吧，语言类节目需要他。,22,1326,1778765061799,辽宁,5298448188312101,6389269159,金金金色的雨,f,https://m.weibo.cn/u/6389269159?launchid=10000360-page_H5,"https://tvax2.sinaimg.cn/crop.0.0.1080.1080.180/006YoIMnly8i5s0lri4uvj30u00u0juc.jpg?KID=imgbed,tva&Expires=1778775861&ssig=c2HyXTvc01",search_comments_2026-05-14.csv,search_comment,让普子上春晚吧语言类节目需要他,True,False
5298448771059896,1778760890,2026-05-14 12:14:50+08:00,5298446559874642,川普要是去做销售，估计比谁都能说,19,684,1778765061800,广东,5298448771059896,7860859783,每一天都要快乐过,m,https://m.weibo.cn/u/7860859783?launchid=10000360-page_H5,"https://tvax2.sinaimg.cn/crop.0.0.1080.1080.180/008zZmJ1ly8i76qz7twkgj30u00u0q32.jpg?KID=imgbed,tva&Expires=1778775861&ssig=Fi3SPvy7SM",search_comments_2026-05-14.csv,search_comment,川普要是去做销售估计比谁都能说,True,False
5298474868279337,1778767112,2026-05-14 13:58:32+08:00,5298474329311346,祝福中美关系越来越好，互帮互惠，友谊长存,1,85,1778765098203,山东,5298474868279337,7488295108,娱小伍,m,https://m.weibo.cn/u/7488295108?launchid=10000360-page_H5,"https://tvax1.sinaimg.cn/crop.0.0.1022.1022.180/008aM7Dmly8hhzsx28vp9j30se0sfdh5.jpg?KID=imgbed,tva&Expires=1778775898&ssig=HQpDawTWxz",search_comments_2026-05-14.csv,search_comment,祝福中美关系越来越好互帮互惠友谊长存,True,False
5298525614376954,1778779211,2026-05-14 17:20:11+08:00,5298525258646515,“大美中国”用英语怎么说？,3,3,1778765104574,河北,5298525614376954,1790434337,还能不能一起玩耍了-,m,https://m.weibo.cn/u/1790434337?launchid=10000360-page_H5,"https://tvax4.sinaimg.cn/crop.0.0.672.672.180/6ab7dc21ly8g3a70ou5xpj20io0iomx9.jpg?KID=imgbed,tva&Expires=1778775904&ssig=JIQ9ZtIqZe",search_comments_2026-05-14.csv,search_comment,大美中国用英语怎么说,True,False
5298545074636763,1778783851,2026-05-14 18:37:31+08:00,5298525258646515,中国人的智慧！,0,2,1778765104575,山东,5298545074636763,5228325659,木子悧l,m,https://m.weibo.cn/u/5228325659?launchid=10000360-page_H5,"https://tva2.sinaimg.cn/crop.0.0.1080.1080.180/005HPwldjw8eikq4n2gg8j30u00u0q4i.jpg?KID=imgbed,tva&Expires=1778775904&ssig=AKjItADyst",search_comments_2026-05-14.csv,search_comment,中国人的智慧,True,False
5298546517739920,1778784195,2026-05-14 18:43:15+08:00,5298525258646515,今天天气不给力，天热加小雾霾,0,1,1778765104576,北京,5298546517739920,1526483147,大狗松松爱桃子,f,https://m.weibo.cn/u/1526483147?launchid=10000360-page_H5,"https://tva3.sinaimg.cn/crop.115.6.348.348.180/5afc48cbjw1eb0urufyt6j20g40a275h.jpg?KID=imgbed,tva&Expires=1778775904&ssig=NjaQwidazn",search_comments_2026-05-14.csv,search_comment,今天天气不给力天热加小雾霾,True,False
5298490293879857,1778770790,2026-05-14 14:59:50+08:00,5298478972671072,确实很美… 查看图片,6,405,1778765127637,江苏,5298490293879857,1928360793,猫猫_不孤单,f,https://m.weibo.cn/u/1928360793?launchid=10000360-page_H5,"https://tvax4.sinaimg.cn/crop.0.0.1080.1080.180/72f07359ly8hb5or40sa1j20u00u0gpa.jpg?KID=imgbed,tva&Expires=1778775927&ssig=Z1pCPrSRhE",search_comments_2026-05-14.csv,search_comment,确实很美 查看图片,True,False
5298511549566900,1778775858,2026-05-14 16:24:18+08:00,5298478972671072,希望老美多了解中国文化，才能了解中国做事的逻辑，消除分歧，求同存异,16,189,1778765127640,江苏,5298511549566900,3024909812,赫赫小公,f,https://m.weibo.cn/u/3024909812?launchid=10000360-page_H5,"https://tva1.sinaimg.cn/crop.0.0.640.640.180/b44c75f4jw8f2dqi68h17j20hs0hsaas.jpg?KID=imgbed,tva&Expires=1778775927&ssig=FlCDa9CCWv",search_comments_2026-05-14.csv,search_comment,希望老美多了解中国文化才能了解中国做事的逻辑消除分歧求同存异,True,False
5298518673590947,1778777556,2026-05-14 16:52:36+08:00,5298478972671072,去年五一去的,6,95,1778765127644,广东,5298518673590947,5631715166,芋泥小泡芙鸭,f,https://m.weibo.cn/u/5631715166?launchid=10000360-page_H5,"https://tvax3.sinaimg.cn/crop.0.0.1080.1080.180/006986nAly8ib6ev0axbpj30u00u042n.jpg?KID=imgbed,tva&Expires=1778775927&ssig=vRMm2bQfIF",search_comments_2026-05-14.csv,search_comment,去年五一去的,True,False
5298556560999499,1778786589,2026-05-14 19:23:09+08:00,5298555797637583,有朋自远方来，不亦乐乎,7,1140,1778765220060,北京,5298556560999499,6907336790,自律一级,m,https://m.weibo.cn/u/6907336790?launchid=10000360-page_H5,"https://tvax3.sinaimg.cn/crop.0.0.1080.1080.180/007xstPUly8i7wk51telhj30u00u0jui.jpg?KID=imgbed,tva&Expires=1778776020&ssig=8cwnbO3qy9",search_comments_2026-05-14.csv,search_comment,有朋自远方来不亦乐乎,True,False
5298557961634054,1778786922,2026-05-14 19:28:42+08:00,5298555797637583,中美合作，互利共赢👍,0,497,1778765220065,广东,5298557961634054,7816857038,佳琪吖bbb,m,https://m.weibo.cn/u/7816857038?launchid=10000360-page_H5,"https://tvax3.sinaimg.cn/crop.0.0.1080.1080.180/008x0JBkly8id0nnp2yauj30u00u03zu.jpg?KID=imgbed,tva&Expires=1778776020&ssig=0OttCnhWRa",search_comments_2026-05-14.csv,search_comment,中美合作互利共赢,True,False
5298581209878828,1778792466,2026-05-14 21:01:06+08:00,5298581089292465,关注合作共赢,0,12,1778765226392,广东,5298581209878828,6587938382,痴女正在电离中,m,https://m.weibo.cn/u/6587938382?launchid=10000360-page_H5,"https://tvax3.sinaimg.cn/crop.0.0.1080.1080.180/007bQjIGly8hzt3zf6mruj30u00u00vx.jpg?KID=imgbed,tva&Expires=1778776026&ssig=kxLBT9g1u7",search_comments_2026-05-14.csv,search_comment,关注合作共赢,True,False
5298424590633004,1778755125,2026-05-14 10:38:45+08:00,5298422770827505,又是驻足又是鼓掌，外欢迎仪式从来没这么有看点过,0,10,1778765278693,北京,5298424590633004,2935500587,上下都平坦,m,https://m.weibo.cn/u/2935500587?launchid=10000360-page_H5,"https://tva3.sinaimg.cn/crop.81.49.532.532.180/aef82f2bgw1ejicry10l8j20hs0hsgp1.jpg?KID=imgbed,tva&Expires=1778776078&ssig=DGe8hoTS1s",search_comments_2026-05-14.csv,search_comment,又是驻足又是鼓掌外欢迎仪式从来没这么有看点过,True,False
5298535578996041,1778781587,2026-05-14 17:59:47+08:00,5298530153660643,这么假的预制cp我是不嗑,0,52,1778765308775,湖南,5298535578996041,6405113146,发光的嗨皮大王,f,https://m.weibo.cn/u/6405113146?launchid=10000360-page_H5,"https://tvax3.sinaimg.cn/crop.0.0.1024.1024.180/006Ztcwyly8icr20br696j30sg0sgjus.jpg?KID=imgbed,tva&Expires=1778776108&ssig=DSSPg87WNh",search_comments_2026-05-14.csv,search_comment,这么假的预制cp我是不嗑,True,False
5298559664525424,1778787329,2026-05-14 19:35:29+08:00,5298530153660643,已发麦  qmr再回来嗑就是🐶,0,29,1778765308779,贵州,5298559664525424,7800125129,言子要喝烫水,f,https://m.weibo.cn/u/7800125129?launchid=10000360-page_H5,"https://tvax1.sinaimg.cn/crop.0.0.1080.1080.180/008vSwRPly8ibxiq90pyhj30u00u0wg3.jpg?KID=imgbed,tva&Expires=1778776108&ssig=9ar5sNM9JV",search_comments_2026-05-14.csv,search_comment,已发麦  qmr再回来嗑就是,True,False
5298559991677739,1778787407,2026-05-14 19:36:47+08:00,5298530153660643,豆瓣拉个💩都有微博yxh信，真是太好了,0,13,1778765308781,上海,5298559991677739,2285837577,茶与白桃之歌,f,https://m.weibo.cn/u/2285837577?launchid=10000360-page_H5,"https://tvax4.sinaimg.cn/crop.0.0.1080.1080.180/883f1d09ly8iczid6b5v8j20u00u0q5r.jpg?KID=imgbed,tva&Expires=1778776108&ssig=SnUlOUBa3%2F",search_comments_2026-05-14.csv,search_comment,豆瓣拉个都有微博yxh信真是太好了,True,False
5298516251380195,1778776979,2026-05-14 16:42:59+08:00,5298511564509379,粉丝更厉害,0,9,1778765315125,广西,5298516251380195,7965604471,花间酒咪,m,https://m.weibo.cn/u/7965604471?launchid=10000360-page_H5,"https://tvax1.sinaimg.cn/crop.0.0.1080.1080.180/008H4RBtly8hwuun8z0x5j30u00u0whu.jpg?KID=imgbed,tva&Expires=1778776115&ssig=Lp4uDf6bmW",search_comments_2026-05-14.csv,search_comment,粉丝更厉害,True,False
5298547106776970,1778784335,2026-05-14 18:45:35+08:00,5298511564509379,撕破脸怎么老是上热搜啊？是害怕有人不知道吗？,0,0,1778765315129,广东,5298547106776970,7282597715,冉冉想找份好工作,f,https://m.weibo.cn/u/7282597715?launchid=10000360-page_H5,"https://tvax1.sinaimg.cn/crop.0.0.1048.1048.180/007WR2ltly8ho4jpe27v2j30t40t4t9w.jpg?KID=imgbed,tva&Expires=1778776115&ssig=6V1ikguD0Y",search_comments_2026-05-14.csv,search_comment,撕破脸怎么老是上热搜啊是害怕有人不知道吗,True,False
5298416022192317,1778753081,2026-05-14 10:04:41+08:00,5298414688668942,秦翟氏是真的,1,28,1778765321540,河北,5298416022192317,7986138416,星辰大海_LI,f,https://m.weibo.cn/u/7986138416?launchid=10000360-page_H5,"https://tvax1.sinaimg.cn/crop.0.0.1080.1080.180/008It1q8ly8ibmwm4sk0yj30u00u0wh7.jpg?KID=imgbed,tva&Expires=1778776121&ssig=lIArVy6Cid",search_comments_2026-05-14.csv,search_comment,秦翟氏是真的,True,False
5298566207115486,1778788889,2026-05-14 20:01:29+08:00,5298414688668942,真情侣别再利用李昀锐洗白了,1,10,1778765321543,新疆,5298566207115486,7022258079,Rana-热娜,f,https://m.weibo.cn/u/7022258079?launchid=10000360-page_H5,"https://tvax4.sinaimg.cn/crop.0.0.1080.1080.180/007FeG75ly8id1yx2v3hfj30u00u0jub.jpg?KID=imgbed,tva&Expires=1778776121&ssig=kMa6azDxU2",search_comments_2026-05-14.csv,search_comment,真情侣别再利用李昀锐洗白了,True,False
5298416387101611,1778753169,2026-05-14 10:06:09+08:00,5298414688668942,他俩本来就不真吧,1,7,1778765321546,河南,5298416387101611,7242655245,岁隐言时,m,https://m.weibo.cn/u/7242655245?launchid=10000360-page_H5,"https://tvax4.sinaimg.cn/crop.0.0.540.540.180/007U9ru5ly1icw6hpd63mj30f00f0wet.jpg?KID=imgbed,tva&Expires=1778776121&ssig=%2FkDaN1o7%2FP",search_comments_2026-05-14.csv,search_comment,他俩本来就不真吧,True,False
5298564781836146,1778788549,2026-05-14 19:55:49+08:00,5298564657843116,你磕这段cp吗,2,14,1778765327992,陕西,5298564781836146,2493198814,巧玲爱吃_櫻桃,f,https://m.weibo.cn/u/2493198814?launchid=10000360-page_H5,"https://tvax4.sinaimg.cn/crop.0.0.656.656.180/949b31dely1ic7yrpsn02j20i80i80ta.jpg?KID=imgbed,tva&Expires=1778776128&ssig=2%2FE7G55tzp",search_comments_2026-05-14.csv,search_comment,你磕这段cp吗,True,False
5298564722852974,1778788535,2026-05-14 19:55:35+08:00,5298564657843116,你更喜欢谁,2,6,1778765327996,陕西,5298564722852974,2493198814,巧玲爱吃_櫻桃,f,https://m.weibo.cn/u/2493198814?launchid=10000360-page_H5,"https://tvax4.sinaimg.cn/crop.0.0.656.656.180/949b31dely1ic7yrpsn02j20i80i80ta.jpg?KID=imgbed,tva&Expires=1778776128&ssig=2%2FE7G55tzp",search_comments_2026-05-14.csv,search_comment,你更喜欢谁,True,False
5298568728676131,1778789490,2026-05-14 20:11:30+08:00,5298564657843116,大家都要各自幸福啊，尊重祝福,1,1,1778765327998,湖南,5298568728676131,6039061244,天选小瑄,f,https://m.weibo.cn/u/6039061244?launchid=10000360-page_H5,"https://tvax3.sinaimg.cn/crop.0.0.1080.1080.180/006AHhHCly8iceebdc265j30u00u0ju2.jpg?KID=imgbed,tva&Expires=1778776128&ssig=vPl9K3uMq%2F",search_comments_2026-05-14.csv,search_comment,大家都要各自幸福啊尊重祝福,True,False
5298566052448185,1778788852,2026-05-14 20:00:52+08:00,5298565561976819,大家还是理智一点吧,0,14,1778765334368,河北,5298566052448185,7544900617,Aaa比奇堡打酱油哥,m,https://m.weibo.cn/u/7544900617?launchid=10000360-page_H5,"https://tvax3.sinaimg.cn/crop.0.0.690.690.180/008eBDjrly8hpf22vrjxqj30j60j675q.jpg?KID=imgbed,tva&Expires=1778776134&ssig=DipqHb4EBk",search_comments_2026-05-14.csv,search_comment,大家还是理智一点吧,True,False
5298566081544400,1778788858,2026-05-14 20:00:58+08:00,5298565561976819,体面一点好啊,0,7,1778765334371,广东,5298566081544400,7807075969,迷路的脆皮鸭鸭呀,m,https://m.weibo.cn/u/7807075969?launchid=10000360-page_H5,"https://tvax2.sinaimg.cn/crop.0.0.690.690.180/008wlH69ly8h903nnh2jej30j60j63yw.jpg?KID=imgbed,tva&Expires=1778776134&ssig=V5TCPu%2BKuQ",search_comments_2026-05-14.csv,search_comment,体面一点好啊,True,False
5298566090199310,1778788861,2026-05-14 20:01:01+08:00,5298565561976819,之前磕的糖全是工业糖精,0,5,1778765334374,北京,5298566090199310,7932671078,菠萝芝芝one,f,https://m.weibo.cn/u/7932671078?launchid=10000360-page_H5,"https://tvax1.sinaimg.cn/crop.0.0.1079.1079.180/008EQG7Ily8hrke0zo7ogj30tz0tzwh5.jpg?KID=imgbed,tva&Expires=1778776134&ssig=0ICGZ4OCww",search_comments_2026-05-14.csv,search_comment,之前磕的糖全是工业糖精,True,False
5298559134209777,1778787203,2026-05-14 19:33:23+08:00,5298530207664302,管好你自己吧，还别人的国家不容乐观。,0,9,1778765433712,广东,5298559134209777,2683758841,跟所有-的快乐说嗨嗨,m,https://m.weibo.cn/u/2683758841?launchid=10000360-page_H5,"https://tvax1.sinaimg.cn/default/images/default_avatar_male_180.gif?KID=imgbed,tva&Expires=1778776233&ssig=8KKxrisURt",search_comments_2026-05-14.csv,search_comment,管好你自己吧还别人的国家不容乐观,True,False
5298517364965636,1778777243,2026-05-14 16:47:23+08:00,5298512430384314,他说话和放屁一样,1,245,1778765446452,内蒙古,5298517364965636,2361940503,暗夜降诞,m,https://m.weibo.cn/u/2361940503?launchid=10000360-page_H5,"https://tva3.sinaimg.cn/crop.0.0.640.640.180/8cc85a17jw8edftpxmk30j20hs0hsmy8.jpg?KID=imgbed,tva&Expires=1778776246&ssig=kKcn9cB2mZ",search_comments_2026-05-14.csv,search_comment,他说话和放屁一样,True,False
5298515922388860,1778776900,2026-05-14 16:41:40+08:00,5298512430384314,说的太对了,0,220,1778765446455,浙江,5298515922388860,5143637047,小圆满888,f,https://m.weibo.cn/u/5143637047?launchid=10000360-page_H5,"https://tvax1.sinaimg.cn/default/images/default_avatar_female_180.gif?KID=imgbed,tva&Expires=1778776246&ssig=87YBZr1SfX",search_comments_2026-05-14.csv,search_comment,说的太对了,True,False
5298520212112099,1778777923,2026-05-14 16:58:43+08:00,5298512430384314,明天就回了？原来在中国就待一天,11,51,1778765446458,山西,5298520212112099,7481080441,言蹊Marguerite,f,https://m.weibo.cn/u/7481080441?launchid=10000360-page_H5,"https://tvax4.sinaimg.cn/crop.0.0.1080.1080.180/008ahQLLly8hrlngroulaj30u00u041i.jpg?KID=imgbed,tva&Expires=1778776246&ssig=l6ww%2FbI39z",search_comments_2026-05-14.csv,search_comment,明天就回了原来在中国就待一天,True,False
5298564800714424,1778788554,2026-05-14 19:55:54+08:00,5298546429663525,来看看中国多美好吧,0,0,1778765459193,上海,5298564800714424,1805213573,聆汐梓,f,https://m.weibo.cn/u/1805213573?launchid=10000360-page_H5,"https://tvax4.sinaimg.cn/crop.0.0.1080.1080.180/6b995f85ly8ibp2qycvo3j20u00u0tbc.jpg?KID=imgbed,tva&Expires=1778776259&ssig=VMlmSe3cx4",search_comments_2026-05-14.csv,search_comment,来看看中国多美好吧,True,False
5298557567632134,1778786829,2026-05-14 19:27:09+08:00,5298546429663525,让老特见见世面,0,1,1778765459198,湖南,5298557567632134,6514534541,dengdeng芒果,f,https://m.weibo.cn/u/6514534541?launchid=10000360-page_H5,"https://tvax4.sinaimg.cn/crop.0.0.1080.1080.180/0076Sk1Lly8i82q9nrhfxj30u00u042x.jpg?KID=imgbed,tva&Expires=1778776259&ssig=y9wJXlqlQe",search_comments_2026-05-14.csv,search_comment,让老特见见世面,True,False
5298549576434108,1778784924,2026-05-14 18:55:24+08:00,5298546429663525,双向奔赴才是中美合作的应有之义,0,0,1778765459201,河南,5298549576434108,6026921854,萤火虫在线,m,https://m.weibo.cn/u/6026921854?launchid=10000360-page_H5,"https://tva4.sinaimg.cn/crop.9.21.311.311.180/006zSlH0jw8f7wy7b388rj30ag0azwep.jpg?KID=imgbed,tva&Expires=1778776259&ssig=KYAKyfWyD0",search_comments_2026-05-14.csv,search_comment,双向奔赴才是中美合作的应有之义,True,False
5298555533133928,1778786344,2026-05-14 19:19:04+08:00,5298552122120646,哄小孩，还是有一套的,1,11,1778765465547,湖北,5298555533133928,2702902382,周先生Zaaa,m,https://m.weibo.cn/u/2702902382?launchid=10000360-page_H5,"https://tvax1.sinaimg.cn/crop.0.0.512.512.180/a11b046ely8gl3wets240j20e80e8aai.jpg?KID=imgbed,tva&Expires=1778776265&ssig=RDOoiNUCjk",search_comments_2026-05-14.csv,search_comment,哄小孩还是有一套的,True,False
5298554553769292,1778786111,2026-05-14 19:15:11+08:00,5298552122120646,你看胸前的红领巾，特别红,0,3,1778765465551,广东,5298554553769292,6334079665,挂鸡蛋花树上的番茄,f,https://m.weibo.cn/u/6334079665?launchid=10000360-page_H5,"https://tvax3.sinaimg.cn/crop.0.0.656.656.180/006UF9tfly8gqujgtgsdcj30i80i80u5.jpg?KID=imgbed,tva&Expires=1778776265&ssig=SjAOT1q%2FkL",search_comments_2026-05-14.csv,search_comment,你看胸前的红领巾特别红,True,False
5298560146866563,1778787443,2026-05-14 19:37:23+08:00,5298552122120646,这个真的馋死他了～,0,0,1778765465552,山东,5298560146866563,8345395730,安宁-安宁安宁,f,https://m.weibo.cn/u/8345395730?launchid=10000360-page_H5,"https://tvax1.sinaimg.cn/crop.39.0.806.806.180/0096MqEWly8iant9igscsj30ol0mejte.jpg?KID=imgbed,tva&Expires=1778776265&ssig=2LYkPAVbZd",search_comments_2026-05-14.csv,search_comment,这个真的馋死他了,True,False
5298541003802590,1778782880,2026-05-14 18:21:20+08:00,5298539359897781,感觉她事业运不好,1,5,1778765482391,福建,5298541003802590,7988965575,骂我就袅你嘴里,f,https://m.weibo.cn/u/7988965575?launchid=10000360-page_H5,"https://tvax2.sinaimg.cn/crop.0.0.1080.1080.180/008IESTtly8iczvmqfvgtj30u00u0wjn.jpg?KID=imgbed,tva&Expires=1778776282&ssig=ZZh8fuqt94",search_comments_2026-05-14.csv,search_comment,感觉她事业运不好,True,False
5298540867750887,1778782848,2026-05-14 18:20:48+08:00,5298539359897781,恭喜吴宣仪成立个人工作室呀,1,4,1778765482395,黑龙江,5298540867750887,6150384533,思雯goodfortune,f,https://m.weibo.cn/u/6150384533?launchid=10000360-page_H5,"https://tvax4.sinaimg.cn/crop.0.0.1080.1080.180/006IenYxly8i99xd45cv1j30u00u0whw.jpg?KID=imgbed,tva&Expires=1778776282&ssig=H1sfkcpOFq",search_comments_2026-05-14.csv,search_comment,恭喜吴宣仪成立个人工作室呀,True,False
5298541442634765,1778782985,2026-05-14 18:23:05+08:00,5298539359897781,姐姐一定越来越好,0,0,1778765482399,广西,5298541442634765,7581312840,当妻又当妈,f,https://m.weibo.cn/u/7581312840?launchid=10000360-page_H5,"https://tvax1.sinaimg.cn/crop.0.0.1080.1080.180/008h4pNmly8id531xkw5gj30u00u0t9n.jpg?KID=imgbed,tva&Expires=1778776282&ssig=Yu%2FfUCZCxg",search_comments_2026-05-14.csv,search_comment,姐姐一定越来越好,True,False
5298572780114492,1778790456,2026-05-14 20:27:36+08:00,5298571558520311,你喜欢吴宣仪吗,2,6,1778765488742,浙江,5298572780114492,7508967920,净净曲,f,https://m.weibo.cn/u/7508967920?launchid=10000360-page_H5,"https://tvax1.sinaimg.cn/crop.0.0.1080.1080.180/008caRzOly8id56mdz11qj30u00u0myl.jpg?KID=imgbed,tva&Expires=1778776288&ssig=M65RsaEbsa",search_comments_2026-05-14.csv,search_comment,你喜欢吴宣仪吗,True,False
5298576691304468,1778791389,2026-05-14 20:43:09+08:00,5298571558520311,姐姐以后一定会越来越好,0,1,1778765488748,广东,5298576691304468,7046291119,祈愿文书,m,https://m.weibo.cn/u/7046291119?launchid=10000360-page_H5,"https://tvax4.sinaimg.cn/crop.0.0.1080.1080.180/007GRwcLly8icnf2rum9xj30u00u00vy.jpg?KID=imgbed,tva&Expires=1778776288&ssig=dhWF3dMiyZ",search_comments_2026-05-14.csv,search_comment,姐姐以后一定会越来越好,True,False
5298576486040542,1778791340,2026-05-14 20:42:20+08:00,5298571558520311,可以啊，希望越来越好,0,1,1778765488751,广东,5298576486040542,7886700536,照亮琴谱好几页,m,https://m.weibo.cn/u/7886700536?launchid=10000360-page_H5,"https://tvax2.sinaimg.cn/crop.0.0.1080.1080.180/008BJN5mly8ic10o0k7y2j30u00u0q5j.jpg?KID=imgbed,tva&Expires=1778776288&ssig=cQSGUyu8gb",search_comments_2026-05-14.csv,search_comment,可以啊希望越来越好,True,False
5298570659895167,1778789951,2026-05-14 20:19:11+08:00,5298546622597278,把金姐签了,1,0,1778765511604,浙江,5298570659895167,5667672448,小小兔斗士,f,https://m.weibo.cn/u/5667672448?launchid=10000360-page_H5,"https://tvax2.sinaimg.cn/crop.0.0.996.996.180/006byYvKly8hbqlnpjfw4j30ro0rodid.jpg?KID=imgbed,tva&Expires=1778776311&ssig=8FVQus%2BQ5C",search_comments_2026-05-14.csv,search_comment,把金姐签了,True,False
5298584242359432,1778793189,2026-05-14 21:13:09+08:00,5298546622597278,连浪成是谁哇,1,0,1778765511612,海南,5298584242359432,6605497189,醉美好_,f,https://m.weibo.cn/u/6605497189?launchid=10000360-page_H5,"https://tvax3.sinaimg.cn/crop.0.0.1080.1080.180/007d1Zzfly8hog0oasi4gj30u00u0juf.jpg?KID=imgbed,tva&Expires=1778776311&ssig=ITwXOGCfda",search_comments_2026-05-14.csv,search_comment,连浪成是谁哇,True,False
5298583569963569,1778793029,2026-05-14 21:10:29+08:00,5298579304355923,#吴宣仪澳门青年# 吴宣仪澳门青年#吴宣仪关心#吴宣仪关心@吴宣仪_Betty,0,0,1778765557312,广东,5298583569963569,7100540520,人间第一昂,m,https://m.weibo.cn/u/7100540520?launchid=10000360-page_H5,"https://tvax3.sinaimg.cn/crop.0.0.511.511.180/007Kx8X6ly8i206zb5cn3j30e70e7wf0.jpg?KID=imgbed,tva&Expires=1778776357&ssig=p6cRX5rXV7",search_comments_2026-05-14.csv,search_comment, 吴宣仪澳门青年吴宣仪关心,True,False
5298579449055402,1778792046,2026-05-14 20:54:06+08:00,5298579304355923,#吴宣仪爱上另一个我#吴宣仪爱上另一个我#吴宣仪叶星星#吴宣仪叶星星#吴宣仪辛凌#吴宣仪辛凌 爱上另一个我叶星星/爱上另一个我辛凌 “永远都不要提前焦虑 生活无非是见招拆招.”🦋@吴宣仪_Betty,0,0,1778765557315,广东,5298579449055402,8019342051,小王15-吴宣仪,f,https://m.weibo.cn/u/8019342051?launchid=10000360-page_H5,"https://tvax2.sinaimg.cn/crop.0.0.1080.1080.180/008KIlcDly8i5fd52ittcj30u00u0goy.jpg?KID=imgbed,tva&Expires=1778776357&ssig=8GMwUZG4nE",search_comments_2026-05-14.csv,search_comment,吴宣仪爱上另一个我吴宣仪叶星星吴宣仪辛凌 爱上另一个我叶星星爱上另一个我辛凌 永远都不要提前焦虑 生活无非是见招拆招,True,False
5298571358245857,1778790117,2026-05-14 20:21:57+08:00,5298552873158388,9个人一个洗手间……这节目组是懂搞事情的,12,1557,1778765577664,福建,5298571358245857,6156918059,李进毅,m,https://m.weibo.cn/u/6156918059?launchid=10000360-page_H5,"https://tvax4.sinaimg.cn/crop.0.0.1024.1024.180/006IFNDZly8i5dn1w9zcbj30sg0sgwfx.jpg?KID=imgbed,tva&Expires=1778776377&ssig=cLxF00acki",search_comments_2026-05-14.csv,search_comment,9个人一个洗手间这节目组是懂搞事情的,True,False
5298556386673119,1778786547,2026-05-14 19:22:27+08:00,5298552873158388,这情商没话说,0,114,1778765577666,四川,5298556386673119,7803309429,我也muji,f,https://m.weibo.cn/u/7803309429?launchid=10000360-page_H5,"https://tvax1.sinaimg.cn/crop.0.0.512.512.180/008w5Tfvly8h8ex0ozdg9j30e80e8jsq.jpg?KID=imgbed,tva&Expires=1778776377&ssig=ky3A19XjNL",search_comments_2026-05-14.csv,search_comment,这情商没话说,True,False
5298553800104426,1778785931,2026-05-14 19:12:11+08:00,5298552873158388,这波我真的站方媛，明明是男生一开始主动提出礼让，真触及自身便利就反悔未免太双标了。,116,305,1778765577670,北京,5298553800104426,2807834132,每天我都拉风,f,https://m.weibo.cn/u/2807834132?launchid=10000360-page_H5,"https://tvax3.sinaimg.cn/crop.0.0.511.511.180/a75c2614ly8hkndaugo9wj20e70e7wet.jpg?KID=imgbed,tva&Expires=1778776377&ssig=OAa3YpF9vA",search_comments_2026-05-14.csv,search_comment,这波我真的站方媛明明是男生一开始主动提出礼让真触及自身便利就反悔未免太双标了,True,False
5298571995254831,1778790269,2026-05-14 20:24:29+08:00,5298568946521597,我觉得也可以理解吧,1,2,1778765584078,湖北,5298571995254831,1203063675,婷慕熙,f,https://m.weibo.cn/u/1203063675?launchid=10000360-page_H5,"https://tvax2.sinaimg.cn/crop.0.0.1080.1080.180/47b54b7bly8ibstwlmwj8j20u00u0tau.jpg?KID=imgbed,tva&Expires=1778776384&ssig=sbhc2aLSjp",search_comments_2026-05-14.csv,search_comment,我觉得也可以理解吧,True,False
5298570720186409,1778789965,2026-05-14 20:19:25+08:00,5298568946521597,出入都得经过这样她不会被打扰吗,0,6,1778765584082,广东,5298570720186409,7854901080,純白浕,m,https://m.weibo.cn/u/7854901080?launchid=10000360-page_H5,"https://tvax2.sinaimg.cn/crop.0.0.1080.1080.180/008zAmAUly8icjnzhq70pj30u00u0mz5.jpg?KID=imgbed,tva&Expires=1778776384&ssig=zJqvnabmyX",search_comments_2026-05-14.csv,search_comment,出入都得经过这样她不会被打扰吗,True,False
5298570735390761,1778789969,2026-05-14 20:19:29+08:00,5298568946521597,这个方媛太有个性了,0,2,1778765584084,北京,5298570735390761,2758657165,盛怀杰,m,https://m.weibo.cn/u/2758657165?launchid=10000360-page_H5,"https://tvax2.sinaimg.cn/crop.0.0.1056.1056.180/a46dc48dly8gnmd5zuy1fj20tc0tc40l.jpg?KID=imgbed,tva&Expires=1778776384&ssig=S1gc4ptZ3t",search_comments_2026-05-14.csv,search_comment,这个方媛太有个性了,True,False
5298559387961050,1778787263,2026-05-14 19:34:23+08:00,5298559185322844,你觉得方媛有问题吗,2,25,1778765590448,江苏,5298559387961050,5235089692,Oopsboomboom,f,https://m.weibo.cn/u/5235089692?launchid=10000360-page_H5,"https://tvax1.sinaimg.cn/crop.0.0.887.887.180/005IhTYwly8i8aamgg7flj30on0ont9k.jpg?KID=imgbed,tva&Expires=1778776390&ssig=nEHaN18khc",search_comments_2026-05-14.csv,search_comment,你觉得方媛有问题吗,True,False
5298559868211140,1778787378,2026-05-14 19:36:18+08:00,5298559185322844,双方角度出发自己都没问题 ,0,0,1778765590450,广东,5298559868211140,7815479159,临凛一,m,https://m.weibo.cn/u/7815479159?launchid=10000360-page_H5,"https://tvax1.sinaimg.cn/crop.0.0.485.485.180/008wUX9tly8i2wi4wq17xj30dh0dhwex.jpg?KID=imgbed,tva&Expires=1778776390&ssig=YBYFON5kjU",search_comments_2026-05-14.csv,search_comment,双方角度出发自己都没问题 ,True,False
5298559839635172,1778787371,2026-05-14 19:36:11+08:00,5298559185322844,这是怎么回事啊,0,0,1778765590452,广东,5298559839635172,7790267791,AHS07,f,https://m.weibo.cn/u/7790267791?launchid=10000360-page_H5,"https://tvax3.sinaimg.cn/crop.0.0.1080.1080.180/008vdawvly8hsrrmw9jq9j30u00u042w.jpg?KID=imgbed,tva&Expires=1778776390&ssig=YfbZyioadi",search_comments_2026-05-14.csv,search_comment,这是怎么回事啊,True,False
5298496588481236,1778772291,2026-05-14 15:24:51+08:00,5298493510126972,医生提醒：猪鼻蛇为微毒蛇，被咬后若出现明显肿胀需及时就医。,0,15,1778765703139,,5298496588481236,1796087453,荔枝新闻,m,https://m.weibo.cn/u/1796087453?launchid=10000360-page_H5,"https://tvax2.sinaimg.cn/crop.0.0.1080.1080.180/6b0e1e9dly8i8a3x2pbnjj20u00u0n02.jpg?KID=imgbed,tva&Expires=1778776503&ssig=AET1QbfYmO",search_comments_2026-05-14.csv,search_comment,医生提醒猪鼻蛇为微毒蛇被咬后若出现明显肿胀需及时就医,True,False
5298496530027346,1778772277,2026-05-14 15:24:37+08:00,5298493510126972,半小时后手就肿了起来，经判断系过敏反应，而非蛇毒。她表示猪鼻蛇毒性极轻微，会继续养蛇，预计两三天消肿。,0,7,1778765703142,,5298496530027346,1796087453,荔枝新闻,m,https://m.weibo.cn/u/1796087453?launchid=10000360-page_H5,"https://tvax2.sinaimg.cn/crop.0.0.1080.1080.180/6b0e1e9dly8i8a3x2pbnjj20u00u0n02.jpg?KID=imgbed,tva&Expires=1778776503&ssig=AET1QbfYmO",search_comments_2026-05-14.csv,search_comment,半小时后手就肿了起来经判断系过敏反应而非蛇毒她表示猪鼻蛇毒性极轻微会继续养蛇预计两三天消肿,True,False
5298496504857171,1778772270,2026-05-14 15:24:30+08:00,5298493510126972,当事人万女士称，蛇已三四周未喂食，她手沾老鼠尿用镊子夹老鼠，蛇误将她的手当猎物窜出咬住。,0,3,1778765703144,,5298496504857171,1796087453,荔枝新闻,m,https://m.weibo.cn/u/1796087453?launchid=10000360-page_H5,"https://tvax2.sinaimg.cn/crop.0.0.1080.1080.180/6b0e1e9dly8i8a3x2pbnjj20u00u0n02.jpg?KID=imgbed,tva&Expires=1778776503&ssig=AET1QbfYmO",search_comments_2026-05-14.csv,search_comment,当事人万女士称蛇已三四周未喂食她手沾老鼠尿用镊子夹老鼠蛇误将她的手当猎物窜出咬住,True,False
5298579981731919,1778792173,2026-05-14 20:56:13+08:00,5298573545832832,养宠物蛇还是小心点，我对蛇都怕，更别说养了,0,0,1778765709494,重庆,5298579981731919,3373620432,清秋枫起,f,https://m.weibo.cn/u/3373620432?launchid=10000360-page_H5,"https://tvax4.sinaimg.cn/crop.0.0.1080.1080.180/c9155cd0ly8id1z0hs4uoj20u00u0tb5.jpg?KID=imgbed,tva&Expires=1778776509&ssig=KhIo2Crvdp",search_comments_2026-05-14.csv,search_comment,养宠物蛇还是小心点我对蛇都怕更别说养了,True,False
5298578903010665,1778791916,2026-05-14 20:51:56+08:00,5298573545832832,好家伙 还好没毒,0,0,1778765709498,河北,5298578903010665,1853005193,天鼬itachi,m,https://m.weibo.cn/u/1853005193?launchid=10000360-page_H5,"https://tvax2.sinaimg.cn/crop.36.12.1044.1044.180/6e729d89ly8gwds1e097aj20u00u0q7q.jpg?KID=imgbed,tva&Expires=1778776509&ssig=4KlBaEe2Di",search_comments_2026-05-14.csv,search_comment,好家伙 还好没毒,True,False
5298577916299673,1778791681,2026-05-14 20:48:01+08:00,5298573545832832,天啊，这太吓人了，快好起来呀！,0,0,1778765709501,北京,5298577916299673,5264021834,加嘉_呀,m,https://m.weibo.cn/u/5264021834?launchid=10000360-page_H5,"https://tvax2.sinaimg.cn/crop.0.0.1080.1080.180/005KfixYly8i5ufjjyj4jj30u00u00uz.jpg?KID=imgbed,tva&Expires=1778776509&ssig=EfNx98qd6Q",search_comments_2026-05-14.csv,search_comment,天啊这太吓人了快好起来呀,True,False
5298535123126421,1778781478,2026-05-14 17:57:58+08:00,5298533410542189,宠物猪还是宠物蛇,1,1,1778765722233,四川,5298535123126421,2508357430,杨扁扁-,f,https://m.weibo.cn/u/2508357430?launchid=10000360-page_H5,"https://tvax1.sinaimg.cn/crop.0.0.1080.1080.180/95827f36ly8icfmgtdub0j20u00u0jux.jpg?KID=imgbed,tva&Expires=1778776522&ssig=p6nx%2Bc5tdw",search_comments_2026-05-14.csv,search_comment,宠物猪还是宠物蛇,True,False
5298534313626290,1778781285,2026-05-14 17:54:45+08:00,5298533410542189,不管养什么宠物都要小心谨慎。咬到还是要及时去医院,1,1,1778765722235,江苏,5298534313626290,7819575747,丽的梦婷,f,https://m.weibo.cn/u/7819575747?launchid=10000360-page_H5,"https://tvax3.sinaimg.cn/crop.0.0.1080.1080.180/008xc8Rtly8icptdhey31j30u00u0460.jpg?KID=imgbed,tva&Expires=1778776522&ssig=fW%2BJGlEjsv",search_comments_2026-05-14.csv,search_comment,不管养什么宠物都要小心谨慎咬到还是要及时去医院,True,False
5298533720919179,1778781144,2026-05-14 17:52:24+08:00,5298533410542189,养宠物真的要小心啊,1,1,1778765722238,四川,5298533720919179,7742945383,温良振英_,m,https://m.weibo.cn/u/7742945383?launchid=10000360-page_H5,"https://tvax3.sinaimg.cn/crop.0.0.1080.1080.180/008s0BNRly8id0eg3redkj30u00u00vt.jpg?KID=imgbed,tva&Expires=1778776522&ssig=z%2Bv4w9dT%2BL",search_comments_2026-05-14.csv,search_comment,养宠物真的要小心啊,True,False
5298554132498845,1778786010,2026-05-14 19:13:30+08:00,5298522846922862,原来没有毒，也会有过敏的风险啊,0,1,1778765745029,福建,5298554132498845,7425737435,枣日成功,f,https://m.weibo.cn/u/7425737435?launchid=10000360-page_H5,"https://tvax1.sinaimg.cn/crop.0.0.1080.1080.180/0086xDwDly8iczbipvs1tj30u00u0tb1.jpg?KID=imgbed,tva&Expires=1778776545&ssig=Q0HURDJE1J",search_comments_2026-05-14.csv,search_comment,原来没有毒也会有过敏的风险啊,True,False
5298589903361326,1778794539,2026-05-14 21:35:39+08:00,5298522846922862,真的没必要养这种爬宠当宠物啊，好好养个小猫小狗不好吗，非要给自己找风险。,0,0,1778765745032,福建,5298589903361326,7930339377,淡然一笑生,m,https://m.weibo.cn/u/7930339377?launchid=10000360-page_H5,"https://tvax3.sinaimg.cn/crop.0.0.1080.1080.180/008EGTxDly8i1ogoqmtlqj30u00u0mzk.jpg?KID=imgbed,tva&Expires=1778776545&ssig=lQaVBeZUhP",search_comments_2026-05-14.csv,search_comment,真的没必要养这种爬宠当宠物啊好好养个小猫小狗不好吗非要给自己找风险,True,False
5298508739381304,1778775188,2026-05-14 16:13:08+08:00,5298507961340645,这样子的解读到底在感动什么呀？感动10年变成Rmb吗,13,787,1778765791583,广东,5298508739381304,8451251981,如此多娇娇i,f,https://m.weibo.cn/u/8451251981?launchid=10000360-page_H5,"https://tvax1.sinaimg.cn/crop.0.0.994.994.180/009dWAHPly8ibv59wcbeqj30rm0rm40x.jpg?KID=imgbed,tva&Expires=1778776591&ssig=xjZ%2FXJJlFI",search_comments_2026-05-14.csv,search_comment,这样子的解读到底在感动什么呀感动10年变成Rmb吗,True,False
5298508355080187,1778775096,2026-05-14 16:11:36+08:00,5298507961340645,这到底惊喜在哪？,0,47,1778765791585,贵州,5298508355080187,5740573307,此爱起司君,f,https://m.weibo.cn/u/5740573307?launchid=10000360-page_H5,"https://tvax4.sinaimg.cn/crop.0.0.1080.1080.180/006guRm3ly8i5ff2y2dgpj30u00u00vf.jpg?KID=imgbed,tva&Expires=1778776591&ssig=B%2B%2B%2FUZ7Stp",search_comments_2026-05-14.csv,search_comment,这到底惊喜在哪,True,False
5298511425832635,1778775828,2026-05-14 16:23:48+08:00,5298507961340645,十年的话，10块钱一张门票不就行了。,12,516,1778765791586,江苏,5298511425832635,1305983451,火锅不能没有脆毛肚,f,https://m.weibo.cn/u/1305983451?launchid=10000360-page_H5,"https://tvax3.sinaimg.cn/crop.0.0.1080.1080.180/4dd7b9dbly8i822tw4ummj20u00u0q5d.jpg?KID=imgbed,tva&Expires=1778776591&ssig=i3VYDGM7Wm",search_comments_2026-05-14.csv,search_comment,十年的话10块钱一张门票不就行了,True,False
5298521928631530,1778778332,2026-05-14 17:05:32+08:00,5298521527816456,你喜欢白鹿吗,2,8,1778765798076,江西,5298521928631530,7732979229,桃子秀的雪绒兔,f,https://m.weibo.cn/u/7732979229?launchid=10000360-page_H5,"https://tvax2.sinaimg.cn/crop.0.0.1080.1080.180/008rkN9rly8id2sn10moqj30u00u0q63.jpg?KID=imgbed,tva&Expires=1778776598&ssig=eGu6iEv%2FKd",search_comments_2026-05-14.csv,search_comment,你喜欢白鹿吗,True,False
5298524665151622,1778778984,2026-05-14 17:16:24+08:00,5298521527816456,好多演员都开演唱会。,0,0,1778765798080,湖南,5298524665151622,7727802905,等雨不归人,f,https://m.weibo.cn/u/7727802905?launchid=10000360-page_H5,"https://tvax2.sinaimg.cn/crop.0.0.1080.1080.180/008qZ4ylly8ibpaof4tf2j30u00u041g.jpg?KID=imgbed,tva&Expires=1778776598&ssig=Jjcbg04gVk",search_comments_2026-05-14.csv,search_comment,好多演员都开演唱会,True,False
5298523194527431,1778778634,2026-05-14 17:10:34+08:00,5298521527816456,这个票价也算的这么准,0,0,1778765798084,广东,5298523194527431,1962137805,yi只猫_,f,https://m.weibo.cn/u/1962137805?launchid=10000360-page_H5,"https://tvax1.sinaimg.cn/crop.0.0.1080.1080.180/74f3d8cdly8ic39yt1m65j20u00u076d.jpg?KID=imgbed,tva&Expires=1778776598&ssig=CHZseqy8%2Bk",search_comments_2026-05-14.csv,search_comment,这个票价也算的这么准,True,False
5298471963722323,1778766420,2026-05-14 13:47:00+08:00,5298461427634257,衣服也是为了十周年专门定制的,1,57,1778765821065,河南,5298471963722323,7759698627,鹿若星辰my,f,https://m.weibo.cn/u/7759698627?launchid=10000360-page_H5,"https://tvax2.sinaimg.cn/crop.0.0.1080.1080.180/008t8U5tly8i96sgv4372j30u00u0gq0.jpg?KID=imgbed,tva&Expires=1778776621&ssig=aeBJuDLp4J",search_comments_2026-05-14.csv,search_comment,衣服也是为了十周年专门定制的,True,False
5298462937842111,1778764267,2026-05-14 13:11:07+08:00,5298461427634257,每一处都藏着白鹿的小心思，暖暖的，好会爱人的白梦妍，我已经羡慕以后她的男朋友了,0,3,1778765821069,菲律宾,5298462937842111,2529223821,生活是一盆水,f,https://m.weibo.cn/u/2529223821?launchid=10000360-page_H5,"https://tvax4.sinaimg.cn/crop.0.0.1080.1080.180/96c0e48dly8i497l6mqxtj20u00u0dh5.jpg?KID=imgbed,tva&Expires=1778776621&ssig=ZnLKttGAZi",search_comments_2026-05-14.csv,search_comment,每一处都藏着白鹿的小心思暖暖的好会爱人的白梦妍我已经羡慕以后她的男朋友了,True,False
5298462178674015,1778764087,2026-05-14 13:08:07+08:00,5298461427634257,和这种人做朋友好幸福,0,0,1778765821072,福建,5298462178674015,7917389081,-菠萝妍水my,f,https://m.weibo.cn/u/7917389081?launchid=10000360-page_H5,"https://tvax2.sinaimg.cn/crop.0.0.1080.1080.180/008DOyzTly8ia8sumi9otj30u00u0jty.jpg?KID=imgbed,tva&Expires=1778776621&ssig=nc8W0CiDcY",search_comments_2026-05-14.csv,search_comment,和这种人做朋友好幸福,True,False
5298524380987624,1778778916,2026-05-14 17:15:16+08:00,5298521697682761,这不是事实吗？流量花最低票价能定到310，还有谁啊,4,54,1778765827537,山东,5298524380987624,6610039362,如卡卡卡卡,f,https://m.weibo.cn/u/6610039362?launchid=10000360-page_H5,"https://tvax4.sinaimg.cn/crop.0.0.1080.1080.180/007dl3c6ly8i6gv4s9q7wj30u00u0787.jpg?KID=imgbed,tva&Expires=1778776627&ssig=qscmevwAZn",search_comments_2026-05-14.csv,search_comment,这不是事实吗流量花最低票价能定到310还有谁啊,True,False
5298536306704529,1778781759,2026-05-14 18:02:39+08:00,5298521697682761,这年头演员都开起演唱会了？是粉丝见面会吧,2,6,1778765827539,福建,5298536306704529,1882037255,旧疤又新花,f,https://m.weibo.cn/u/1882037255?launchid=10000360-page_H5,"https://tvax3.sinaimg.cn/crop.0.0.1002.1002.180/702d9c07ly8gr9uibfo9vj20ru0ru0u6.jpg?KID=imgbed,tva&Expires=1778776627&ssig=Bk1F3Ti%2FBr",search_comments_2026-05-14.csv,search_comment,这年头演员都开起演唱会了是粉丝见面会吧,True,False
5298524342452385,1778778907,2026-05-14 17:15:07+08:00,5298521697682761,所以呢，你眼红啊,0,23,1778765827541,湖北,5298524342452385,5367979759,仰望星空之美1111,f,https://m.weibo.cn/u/5367979759?launchid=10000360-page_H5,"https://tvax4.sinaimg.cn/crop.0.0.996.996.180/005RhuKHly8g5vq99nizrj30ro0ro765.jpg?KID=imgbed,tva&Expires=1778776627&ssig=lMrf3QI4e%2F",search_comments_2026-05-14.csv,search_comment,所以呢你眼红啊,True,False
5298465945158882,1778764985,2026-05-14 13:23:05+08:00,5298464847038388,🎥 合集：Treasure ✿「刘亦菲」 2026：Treasure 2026 ✿「刘亦菲」【CC♡代言】,0,6,1778765880392,江苏,5298465945158882,1768034612,4pm延妹纸,f,https://m.weibo.cn/u/1768034612?launchid=10000360-page_H5,"https://tvax2.sinaimg.cn/crop.0.0.1080.1080.180/69621134ly8h5yacf5p2dj20u00u0mzo.jpg?KID=imgbed,tva&Expires=1778776680&ssig=wLY5qDd%2Ffw",search_comments_2026-05-14.csv,search_comment, 合集Treasure 刘亦菲 2026Treasure 2026 刘亦菲CC代言,True,False
5298466596587717,1778765140,2026-05-14 13:25:40+08:00,5298464847038388,看起来就很好摸,1,3,1778765880394,海南,5298466596587717,5701093306,-秋燥,f,https://m.weibo.cn/u/5701093306?launchid=10000360-page_H5,"https://tvax3.sinaimg.cn/crop.0.0.1080.1080.180/006dPcNQly8ic7kqdsu3pj30u00u0n1j.jpg?KID=imgbed,tva&Expires=1778776680&ssig=PlVO2z9bsO",search_comments_2026-05-14.csv,search_comment,看起来就很好摸,True,False
5298564525985599,1778788488,2026-05-14 19:54:48+08:00,5298561201739797,真的好漂亮啊,0,0,1778765886836,四川,5298564525985599,7559073691,雨色和弦,f,https://m.weibo.cn/u/7559073691?launchid=10000360-page_H5,"https://tvax3.sinaimg.cn/crop.0.0.1080.1080.180/008fz6nply8id2zp2ss90j30u00u0whe.jpg?KID=imgbed,tva&Expires=1778776686&ssig=bWNfOCQ5b3",search_comments_2026-05-14.csv,search_comment,真的好漂亮啊,True,False
5298562797409188,1778788076,2026-05-14 19:47:56+08:00,5298561201739797,刘亦菲之所以是代名词,0,0,1778765886842,四川,5298562797409188,5121590819,思绪梨,f,https://m.weibo.cn/u/5121590819?launchid=10000360-page_H5,"https://tvax4.sinaimg.cn/crop.0.0.1080.1080.180/005ABFJxly8ictrx5qmv7j30u00u076s.jpg?KID=imgbed,tva&Expires=1778776686&ssig=AKgdGrOJtr",search_comments_2026-05-14.csv,search_comment,刘亦菲之所以是代名词,True,False
5298576985168642,1778791459,2026-05-14 20:44:19+08:00,5298561201739797,顶级魅魔@刘亦菲 呀红红火火地诱丝人了超权威的华为汽车首位品牌代言人 查看图片,0,0,1778765886845,北京,5298576985168642,7948379452,安之若素-蔚然成风YF,m,https://m.weibo.cn/u/7948379452?launchid=10000360-page_H5,"https://tvax1.sinaimg.cn/crop.0.0.1080.1080.180/008FUAAAly8i4pe6a6n1wj30u00u0acy.jpg?KID=imgbed,tva&Expires=1778776686&ssig=x5DLXbQeEw",search_comments_2026-05-14.csv,search_comment,顶级魅魔 呀红红火火地诱丝人了超权威的华为汽车首位品牌代言人 查看图片,True,False
5298556672938131,1778786616,2026-05-14 19:23:36+08:00,5298556375665894,明天14:30分鸿蒙智行智界V9发布会#刘亦菲鸿蒙智行智界品牌代言人#,0,8,1778765893213,广东,5298556672938131,6591305436,钮钴禄-刘亦菲,f,https://m.weibo.cn/u/6591305436?launchid=10000360-page_H5,"https://tvax1.sinaimg.cn/crop.0.0.512.512.180/007c4rE0ly8h1rjdos0rej30e80e8mxh.jpg?KID=imgbed,tva&Expires=1778776693&ssig=sum1%2BMhMJO",search_comments_2026-05-14.csv,search_comment,明天1430分鸿蒙智行智界V9发布会,True,False
5298558699832235,1778787099,2026-05-14 19:31:39+08:00,5298556375665894,拍巨星轻轻松松#刘亦菲鸿蒙智行智界品牌代言人#,0,4,1778765893216,云南,5298558699832235,7877462232,泡鲁达加点美味Cc,f,https://m.weibo.cn/u/7877462232?launchid=10000360-page_H5,"https://tvax3.sinaimg.cn/crop.0.0.1080.1080.180/008B71Msly8ibk3omv84ij30u00u078f.jpg?KID=imgbed,tva&Expires=1778776693&ssig=5J9x2YvMmf",search_comments_2026-05-14.csv,search_comment,拍巨星轻轻松松,True,False
5298556435169687,1778786558,2026-05-14 19:22:38+08:00,5298556375665894,友友 晚上好,0,1,1778765893218,马来西亚,5298556435169687,7523615648,現在几点了您在哪里,m,https://m.weibo.cn/u/7523615648?launchid=10000360-page_H5,"https://tvax2.sinaimg.cn/crop.0.179.1080.1080.180/008dak7uly8id06kftopyj30u013z77p.jpg?KID=imgbed,tva&Expires=1778776693&ssig=V0a0G7lxJS",search_comments_2026-05-14.csv,search_comment,友友 晚上好,True,False
5298571186275129,1778790075,2026-05-14 20:21:15+08:00,5298568476234289,红红火火刘亦菲,0,3,1778765899535,江西,5298571186275129,2904648127,哦0-0买噶,m,https://m.weibo.cn/u/2904648127?launchid=10000360-page_H5,"https://tva2.sinaimg.cn/crop.436.0.145.145.180/ad2169bfgw1ek75cbjg3mj20ls043t9q.jpg?KID=imgbed,tva&Expires=1778776699&ssig=vXeoUV84s5",search_comments_2026-05-14.csv,search_comment,红红火火刘亦菲,True,False
5298579808716212,1778792132,2026-05-14 20:55:32+08:00,5298557583885090,了解一下精彩内容！,0,0,1778765905884,广西,5298579808716212,7615580104,八代神颜,f,https://m.weibo.cn/u/7615580104?launchid=10000360-page_H5,"https://tvax1.sinaimg.cn/crop.0.0.1080.1080.180/008jochaly8hwpflyuylvj30u00u0dib.jpg?KID=imgbed,tva&Expires=1778776706&ssig=Cdg0EhrLoh",search_comments_2026-05-14.csv,search_comment,了解一下精彩内容,True,False
5298576643067894,1778791377,2026-05-14 20:42:57+08:00,5298557583885090,感觉挺有意思的,0,0,1778765905887,江西,5298576643067894,7611160288,长夜将明BR,f,https://m.weibo.cn/u/7611160288?launchid=10000360-page_H5,"https://tvax1.sinaimg.cn/crop.0.0.940.940.180/008j5EtOly8hw2vphvgsnj30q40q4jt3.jpg?KID=imgbed,tva&Expires=1778776706&ssig=Qgk2cMQ4NS",search_comments_2026-05-14.csv,search_comment,感觉挺有意思的,True,False
5298557261188337,1778786756,2026-05-14 19:25:56+08:00,5298556923548793,马斯克不会主动中国企业合影,61,595,1778765985400,江西,5298557261188337,5566183219,后来居上168飞翔,m,https://m.weibo.cn/u/5566183219?launchid=10000360-page_H5,"https://tvax3.sinaimg.cn/crop.0.0.1080.1080.180/0064H8wHly8ibuk3n6umuj30u00u00tf.jpg?KID=imgbed,tva&Expires=1778776785&ssig=sH1Nnn%2Fwh%2B",search_comments_2026-05-14.csv,search_comment,马斯克不会主动中国企业合影,True,False
5298557504459136,1778786814,2026-05-14 19:26:54+08:00,5298556923548793,有种追星成功的既视感,2,545,1778765985402,河北,5298557504459136,2474612387,素心怡然_,f,https://m.weibo.cn/u/2474612387?launchid=10000360-page_H5,"https://tvax4.sinaimg.cn/crop.0.0.1080.1080.180/937f96a3ly8he3bohwb5yj20u00u040m.jpg?KID=imgbed,tva&Expires=1778776785&ssig=SpHkqAFgzf",search_comments_2026-05-14.csv,search_comment,有种追星成功的既视感,True,False
5298579107486295,1778791965,2026-05-14 20:52:45+08:00,5298576788030188,好像都是要合作的企业，那么小米能不能在美国销售呢,7,4,1778765991803,广东,5298579107486295,1862868475,权峰King,m,https://m.weibo.cn/u/1862868475?launchid=10000360-page_H5,"https://tvax4.sinaimg.cn/crop.0.0.1080.1080.180/6f091dfbly8hjarbjmuf6j20u00u0abq.jpg?KID=imgbed,tva&Expires=1778776791&ssig=oCnKEkPrjQ",search_comments_2026-05-14.csv,search_comment,好像都是要合作的企业那么小米能不能在美国销售呢,True,False
5298577666476455,1778791621,2026-05-14 20:47:01+08:00,5298576788030188,万向牛逼啊。。。我前几年拿了好几年没赚钱，卖了后涨4倍。。日,3,12,1778765991807,浙江,5298577666476455,1406459975,季嘉麟,m,https://m.weibo.cn/u/1406459975?launchid=10000360-page_H5,"https://tvax2.sinaimg.cn/crop.0.0.1002.1002.180/53d4e047ly8fzt6ghw343j20ru0ruq6n.jpg?KID=imgbed,tva&Expires=1778776791&ssig=JzNTVCsgw3",search_comments_2026-05-14.csv,search_comment,万向牛逼啊我前几年拿了好几年没赚钱卖了后涨4倍日,True,False
5298583018406749,1778792896,2026-05-14 21:08:16+08:00,5298576788030188,都这个层级了 这排班不能居中对齐吗 还有换行的也没了,3,9,1778765991810,山东,5298583018406749,7905618141,h190莫回复__辊远点,m,https://m.weibo.cn/u/7905618141?launchid=10000360-page_H5,"https://tvax3.sinaimg.cn/crop.0.0.500.500.180/008D1aq1ly8hxcn3s7a43j30dw0dw0tx.jpg?KID=imgbed,tva&Expires=1778776791&ssig=97%2F8WaNymL",search_comments_2026-05-14.csv,search_comment,都这个层级了 这排班不能居中对齐吗 还有换行的也没了,True,False
5298576886075865,1778791435,2026-05-14 20:43:55+08:00,5298576129527153,看到了雷军杨元庆周云杰，咋没看到余大嘴,20,26,1778765998235,重庆,5298576886075865,7847257992,灰花会发黑200808,m,https://m.weibo.cn/u/7847257992?launchid=10000360-page_H5,"https://tvax3.sinaimg.cn/crop.0.0.964.964.180/008z4ihily8hf4wanppzxj30qs0qs0tv.jpg?KID=imgbed,tva&Expires=1778776798&ssig=mnrZWKfTmL",search_comments_2026-05-14.csv,search_comment,看到了雷军杨元庆周云杰咋没看到余大嘴,True,False
5298576345009592,1778791306,2026-05-14 20:41:46+08:00,5298576129527153,未参加的有机会合作吗,0,0,1778765998239,广东,5298576345009592,6605342627,一个时间的旅行者,m,https://m.weibo.cn/u/6605342627?launchid=10000360-page_H5,"https://tvax1.sinaimg.cn/crop.0.0.560.560.180/007d1lmjly8hjt9na868yj30fk0fkq3y.jpg?KID=imgbed,tva&Expires=1778776798&ssig=RgZKI1LKDp",search_comments_2026-05-14.csv,search_comment,未参加的有机会合作吗,True,False
5298576260336142,1778791286,2026-05-14 20:41:26+08:00,5298576129527153,所以，我不参加，不代表我不够优秀🙊,0,0,1778765998242,浙江,5298576260336142,4062539375,自渡不渡人啊,m,https://m.weibo.cn/u/4062539375?launchid=10000360-page_H5,"https://tvax2.sinaimg.cn/crop.0.0.1080.1080.180/f2256e6fly8i8izr3qxjkj20u00u0n11.jpg?KID=imgbed,tva&Expires=1778776798&ssig=wVvHKDQpVY",search_comments_2026-05-14.csv,search_comment,所以我不参加不代表我不够优秀,True,False
5298586975737156,1778793841,2026-05-14 21:24:01+08:00,5298586021006395,刚想说我应该能表现得比偷吃的马斯克见过世面但这个桌子真没见过，得八个角度拍十六张照再绕一圈拍视频没拍完大家先别上桌,4,98,1778766004628,四川,5298586975737156,6002640782,夹心各种,f,https://m.weibo.cn/u/6002640782?launchid=10000360-page_H5,"https://tvax4.sinaimg.cn/crop.0.0.996.996.180/006yet4Oly8gtcx3mj8hsj30ro0rodh2.jpg?KID=imgbed,tva&Expires=1778776804&ssig=tX1yBtt2Dh",search_comments_2026-05-14.csv,search_comment,刚想说我应该能表现得比偷吃的马斯克见过世面但这个桌子真没见过得八个角度拍十六张照再绕一圈拍视频没拍完大家先别上桌,True,False
5298586565739172,1778793742,2026-05-14 21:22:22+08:00,5298586021006395,参加的中国企业家都有谁？,1,1,1778766004630,河北,5298586565739172,7299823446,我是邢台小强,m,https://m.weibo.cn/u/7299823446?launchid=10000360-page_H5,"https://tvax1.sinaimg.cn/default/images/default_avatar_male_180.gif?KID=imgbed,tva&Expires=1778776804&ssig=JsHP0wHqz9",search_comments_2026-05-14.csv,search_comment,参加的中国企业家都有谁,True,False
5298586280532391,1778793675,2026-05-14 21:21:15+08:00,5298586021006395,每个桌子都有吗,2,1,1778766004633,河北,5298586280532391,7794791148,ARs-Forever,m,https://m.weibo.cn/u/7794791148?launchid=10000360-page_H5,"https://tvax2.sinaimg.cn/crop.0.0.1080.1080.180/008vw9fSly8h6y4lizqubj30u00u0t9w.jpg?KID=imgbed,tva&Expires=1778776804&ssig=9Qpomam1KY",search_comments_2026-05-14.csv,search_comment,每个桌子都有吗,True,False
5298580878265120,1778792387,2026-05-14 20:59:47+08:00,5298578587388472,川还在军队里面呆过的,3,32,1778766011019,广东,5298580878265120,2605356681,WuQiulin,m,https://m.weibo.cn/u/2605356681?launchid=10000360-page_H5,"https://tvax1.sinaimg.cn/default/images/default_avatar_male_180.gif?KID=imgbed,tva&Expires=1778776811&ssig=iiyujrsdi5",search_comments_2026-05-14.csv,search_comment,川还在军队里面呆过的,True,False
5298587035765827,1778793855,2026-05-14 21:24:15+08:00,5298578587388472,是不是有性病的也不能喝酒，之前听前辈说过不知道是不是真的,1,0,1778766011021,广东,5298587035765827,7871914700,锋19881217,m,https://m.weibo.cn/u/7871914700?launchid=10000360-page_H5,"https://tvax1.sinaimg.cn/crop.0.0.132.132.180/008AJKC8ly4hi2wyavrnzj303o03oq2s.jpg?KID=imgbed,tva&Expires=1778776811&ssig=y9GaWOgS8f",search_comments_2026-05-14.csv,search_comment,是不是有性病的也不能喝酒之前听前辈说过不知道是不是真的,True,False
5298579541591247,1778792067,2026-05-14 20:54:27+08:00,5298578587388472,川普这一点确实值得称道！,0,130,1778766011024,北京,5298579541591247,1826941121,千里无草,m,https://m.weibo.cn/u/1826941121?launchid=10000360-page_H5,"https://tva2.sinaimg.cn/crop.0.0.180.180.180/6ce4e8c1jw1e8qgp5bmzyj2050050aa8.jpg?KID=imgbed,tva&Expires=1778776811&ssig=sl42L3nVJR",search_comments_2026-05-14.csv,search_comment,川普这一点确实值得称道,True,False
5298586315130755,1778793683,2026-05-14 21:21:23+08:00,5298585673400519,不是说外国没有人情世故吗,2,15,1778766017437,北京,5298586315130755,2871470722,二猪,m,https://m.weibo.cn/u/2871470722?launchid=10000360-page_H5,"https://tvax2.sinaimg.cn/crop.0.0.1048.1048.180/ab272a82ly8hmk57y587aj20t40t4mxz.jpg?KID=imgbed,tva&Expires=1778776817&ssig=jct7dEVO3R",search_comments_2026-05-14.csv,search_comment,不是说外国没有人情世故吗,True,False
5298588189989229,1778794130,2026-05-14 21:28:50+08:00,5298585673400519,特朗普来也得敬酒？,1,11,1778766017441,四川,5298588189989229,1411601871,曹田果几,m,https://m.weibo.cn/u/1411601871?launchid=10000360-page_H5,"https://tva1.sinaimg.cn/crop.384.515.1663.1663.180/542355cfjw8f6yt1avkoqj21kw2b61kx.jpg?KID=imgbed,tva&Expires=1778776817&ssig=o8bNU3p5TU",search_comments_2026-05-14.csv,search_comment,特朗普来也得敬酒,True,False
5298589907819376,1778794540,2026-05-14 21:35:40+08:00,5298585673400519,哥们可以，给面儿。,0,2,1778766017444,北京,5298589907819376,7229616073,西西厮福,m,https://m.weibo.cn/u/7229616073?launchid=10000360-page_H5,"https://tvax1.sinaimg.cn/crop.0.0.1000.1000.180/007TgJoRly8h0q45uh9dcj30rs0rsq47.jpg?KID=imgbed,tva&Expires=1778776817&ssig=9bs28RtLyB",search_comments_2026-05-14.csv,search_comment,哥们可以给面儿,True,False
5298578876534317,1778791910,2026-05-14 20:51:50+08:00,5298578357488918,礼貌发问，这个儿子排行第几？？,10,47,1778766023834,安徽,5298578876534317,6703003782,猫猫怪我太风流1,m,https://m.weibo.cn/u/6703003782?launchid=10000360-page_H5,"https://tvax3.sinaimg.cn/crop.0.0.868.868.180/007jD7uely8i6ecmqv7eoj30o40o40tn.jpg?KID=imgbed,tva&Expires=1778776823&ssig=A9RxhetTNV",search_comments_2026-05-14.csv,search_comment,礼貌发问这个儿子排行第几,True,False
5298579780407379,1778792125,2026-05-14 20:55:25+08:00,5298578357488918,想看YMCA现场,3,36,1778766023835,俄罗斯,5298579780407379,3194149734,Trolltskiy,m,https://m.weibo.cn/u/3194149734?launchid=10000360-page_H5,"https://tvax2.sinaimg.cn/crop.0.0.1080.1080.180/be62db66ly8ib1tnh5h1gj20u00u07b9.jpg?KID=imgbed,tva&Expires=1778776823&ssig=yP%2FL7O4T0H",search_comments_2026-05-14.csv,search_comment,想看YMCA现场,True,False
5298579428343938,1778792040,2026-05-14 20:54:00+08:00,5298578357488918,男儿子还是女儿子？,2,2,1778766023836,江苏,5298579428343938,1655926000,悠远的猫,m,https://m.weibo.cn/u/1655926000?launchid=10000360-page_H5,"https://tvax1.sinaimg.cn/crop.0.0.1002.1002.180/62b36cf0ly8gsdu8waw2rj20ru0ruwfi.jpg?KID=imgbed,tva&Expires=1778776823&ssig=Zr%2BRgdoJZB",search_comments_2026-05-14.csv,search_comment,男儿子还是女儿子,True,False
5298521945409335,1778778336,2026-05-14 17:05:36+08:00,5298521720752267,你们觉得这部电影好看吗,4,6,1778766047253,河南,5298521945409335,7782738118,·純色雪·,m,https://m.weibo.cn/u/7782738118?launchid=10000360-page_H5,"https://tvax4.sinaimg.cn/crop.0.0.1080.1080.180/008uHzIaly8id5bujuybmj30u00u0juq.jpg?KID=imgbed,tva&Expires=1778776847&ssig=1i6%2B3t4Xun",search_comments_2026-05-14.csv,search_comment,你们觉得这部电影好看吗,True,False
5298524155546595,1778778863,2026-05-14 17:14:23+08:00,5298521720752267,这个电影真的很会引起人共鸣,0,3,1778766047257,河南,5298524155546595,7817754117,矢氧愛,m,https://m.weibo.cn/u/7817754117?launchid=10000360-page_H5,"https://tvax3.sinaimg.cn/crop.0.0.1080.1080.180/008x4uYlly8icvpz3txdxj30u00u0jta.jpg?KID=imgbed,tva&Expires=1778776847&ssig=31C4XwE2ta",search_comments_2026-05-14.csv,search_comment,这个电影真的很会引起人共鸣,True,False
5298574109180456,1778790772,2026-05-14 20:32:52+08:00,5298521720752267,可惜了。业余时间拍拍戏才是最爽的，既有小钱赚又有大自由。进娱乐圈等于进魔窟和监狱。,0,3,1778766047260,北京,5298574109180456,1954319437,公众号少年疯了,m,https://m.weibo.cn/u/1954319437?launchid=10000360-page_H5,"https://tvax4.sinaimg.cn/crop.0.0.600.600.180/747c8c4dly8iazwpgjpsxj20go0goq3c.jpg?KID=imgbed,tva&Expires=1778776847&ssig=P7sasA6h8T",search_comments_2026-05-14.csv,search_comment,可惜了业余时间拍拍戏才是最爽的既有小钱赚又有大自由进娱乐圈等于进魔窟和监狱,True,False
5298551881996451,1778785474,2026-05-14 19:04:34+08:00,5298534406424331,素质真差，有没有每个角落装监控，看看是哪些没素质的人渣做的,0,2,1778766053601,福建,5298551881996451,1197051774,西瓜芝士啵啵茶,m,https://m.weibo.cn/u/1197051774?launchid=10000360-page_H5,"https://tvax2.sinaimg.cn/crop.0.0.1080.1080.180/47598f7ely8icw51nkyscj20u00u0411.jpg?KID=imgbed,tva&Expires=1778776853&ssig=v8Gk3av8YZ",search_comments_2026-05-14.csv,search_comment,素质真差有没有每个角落装监控看看是哪些没素质的人渣做的,True,False
5298545453697855,1778783941,2026-05-14 18:39:01+08:00,5298545323936708,你喜欢《给阿嬷的情书》吗？,2,4,1778766059997,甘肃,5298545453697855,7890111664,哈鲁米kiyoi,f,https://m.weibo.cn/u/7890111664?launchid=10000360-page_H5,"https://tvax3.sinaimg.cn/crop.0.0.1080.1080.180/008BY6tyly8id5arcjahuj30u00u0n0f.jpg?KID=imgbed,tva&Expires=1778776860&ssig=Px7z%2BTn5rh",search_comments_2026-05-14.csv,search_comment,你喜欢给阿嬷的情书吗,True,False
5298545680974144,1778783994,2026-05-14 18:39:54+08:00,5298545323936708,她演技真的很好 肯定会被看到的,0,1,1778766060001,北京,5298545680974144,7052962065,奶芙小甜虾,f,https://m.weibo.cn/u/7052962065?launchid=10000360-page_H5,"https://tvax2.sinaimg.cn/crop.0.0.1080.1080.180/007HjvCFly8id4uoda7qdj30u00u00wt.jpg?KID=imgbed,tva&Expires=1778776860&ssig=63Q%2F4KDMTZ",search_comments_2026-05-14.csv,search_comment,她演技真的很好 肯定会被看到的,True,False
5298545349364684,1778783916,2026-05-14 18:38:36+08:00,5298545323936708,期待她的出色演绎，相信她能带给观众更多惊喜。,0,0,1778766060004,辽宁,5298545349364684,7338506918,单车小朋,f,https://m.weibo.cn/u/7338506918?launchid=10000360-page_H5,"https://tvax1.sinaimg.cn/crop.0.0.512.512.180/0080DCSOly8hliltxsnuej30e80e8jsh.jpg?KID=imgbed,tva&Expires=1778776860&ssig=dJ4m5%2B0LE5",search_comments_2026-05-14.csv,search_comment,期待她的出色演绎相信她能带给观众更多惊喜,True,False
5298515985041615,1778776915,2026-05-14 16:41:55+08:00,5298515716345050,这也是有天赋吧,2,3,1778766066494,天津,5298515985041615,5446403027,焦糖软软岛,f,https://m.weibo.cn/u/5446403027?launchid=10000360-page_H5,"https://tvax1.sinaimg.cn/crop.0.0.1080.1080.180/005WAye7ly8iczfdyev86j30u00u077z.jpg?KID=imgbed,tva&Expires=1778776866&ssig=3zbJkCry2r",search_comments_2026-05-14.csv,search_comment,这也是有天赋吧,True,False
5298516408141880,1778777016,2026-05-14 16:43:36+08:00,5298515716345050,希望她能有好的发展，内娱确实需要注入一些新鲜的血液了,0,1,1778766066498,山东,5298516408141880,7675623106,零幼痛-,m,https://m.weibo.cn/u/7675623106?launchid=10000360-page_H5,"https://tvax2.sinaimg.cn/crop.0.0.1080.1080.180/008ns8cGly8id58azy1omj30u00u077m.jpg?KID=imgbed,tva&Expires=1778776866&ssig=H4wqxal16j",search_comments_2026-05-14.csv,search_comment,希望她能有好的发展内娱确实需要注入一些新鲜的血液了,True,False
5298516416792185,1778777018,2026-05-14 16:43:38+08:00,5298515716345050,值得一追的剧,0,0,1778766066501,吉林,5298516416792185,2132386743,手心里的橘色小星球,f,https://m.weibo.cn/u/2132386743?launchid=10000360-page_H5,"https://tvax1.sinaimg.cn/crop.0.0.1080.1080.180/7f19a3b7ly8i9p3gt2jjuj20u00u0413.jpg?KID=imgbed,tva&Expires=1778776866&ssig=J2geA%2Fa%2FP8",search_comments_2026-05-14.csv,search_comment,值得一追的剧,True,False
5298523220215070,1778778640,2026-05-14 17:10:40+08:00,5298522699859037,未来可期，希望她越来越好,0,3,1778766072873,广东,5298523220215070,7720336322,是只臭屁猪丶,f,https://m.weibo.cn/u/7720336322?launchid=10000360-page_H5,"https://tvax4.sinaimg.cn/crop.0.0.1080.1080.180/008qtK9Aly8hfzxik35ooj30u00u0adj.jpg?KID=imgbed,tva&Expires=1778776872&ssig=2%2BR2Yc7hEw",search_comments_2026-05-14.csv,search_comment,未来可期希望她越来越好,True,False
5298520581996960,1778778010,2026-05-14 17:00:10+08:00,5298520062167710,你们想不想看未删减版,2,12,1778766079235,安徽,5298520581996960,3257851324,内娱小青草,m,https://m.weibo.cn/u/3257851324?launchid=10000360-page_H5,"https://tvax1.sinaimg.cn/crop.0.0.1080.1080.180/c22eddbcly8ibrqn43rrcj20u00u077d.jpg?KID=imgbed,tva&Expires=1778776879&ssig=Bi7OCMu8i1",search_comments_2026-05-14.csv,search_comment,你们想不想看未删减版,True,False
5298520756062213,1778778053,2026-05-14 17:00:53+08:00,5298520062167710,她真的好像胡冰卿,2,7,1778766079237,安徽,5298520756062213,6538020054,内娱乐子人设,m,https://m.weibo.cn/u/6538020054?launchid=10000360-page_H5,"https://tvax4.sinaimg.cn/crop.0.0.1080.1080.180/0078sRGmly8icze3beogjj30u00u0abo.jpg?KID=imgbed,tva&Expires=1778776879&ssig=EBZnbrlysp",search_comments_2026-05-14.csv,search_comment,她真的好像胡冰卿,True,False
5298520909415892,1778778089,2026-05-14 17:01:29+08:00,5298520062167710,她签约了哪个公司,0,6,1778766079238,安徽,5298520909415892,8201048538,潇洒松树逗小猫,m,https://m.weibo.cn/u/8201048538?launchid=10000360-page_H5,"https://tvax1.sinaimg.cn/crop.0.0.500.500.180/008X0Lmqly8i5dbuveo80j30dw0dwq3l.jpg?KID=imgbed,tva&Expires=1778776879&ssig=CFyzekLGJC",search_comments_2026-05-14.csv,search_comment,她签约了哪个公司,True,False
5298577376807249,1778791552,2026-05-14 20:45:52+08:00,5298536889192748,还有奇怪的是那个基金会吧，知道款项有问题，这么快就花掉了？而且捐款人和这个基金会不联系？,1,73,1778766138915,黑龙江,5298577376807249,1481516623,testdemo213,m,https://m.weibo.cn/u/1481516623?launchid=10000360-page_H5,"https://tvax2.sinaimg.cn/crop.0.0.555.555.180/584e264fly8gns3qlk4z8j20rs0kvabt.jpg?KID=imgbed,tva&Expires=1778776938&ssig=B9dGi88ZVx",search_comments_2026-05-14.csv,search_comment,还有奇怪的是那个基金会吧知道款项有问题这么快就花掉了而且捐款人和这个基金会不联系,True,False
5298565813635351,1778788795,2026-05-14 19:59:55+08:00,5298536889192748,很好奇，用户从2023年一直在维权，支付宝是怎么确定捐赠是正常行为的，这一点也不符合逻辑啊,1,28,1778766138919,山东,5298565813635351,1649111590,路人路,m,https://m.weibo.cn/u/1649111590?launchid=10000360-page_H5,"https://tvax4.sinaimg.cn/crop.0.0.1080.1080.180/624b7226ly1h93owy9k4dj20u00u0q7m.jpg?KID=imgbed,tva&Expires=1778776938&ssig=ev32Y2X5BD",search_comments_2026-05-14.csv,search_comment,很好奇用户从2023年一直在维权支付宝是怎么确定捐赠是正常行为的这一点也不符合逻辑啊,True,False
5298568505068648,1778789437,2026-05-14 20:10:37+08:00,5298536889192748,感觉是家里人或者熟人知道密码的人弄的，也应该考虑一下。,0,21,1778766138921,北京,5298568505068648,7344712981,论代史,m,https://m.weibo.cn/u/7344712981?launchid=10000360-page_H5,"https://tvax3.sinaimg.cn/crop.0.0.1080.1080.180/00813FmBly8ia60bl3o96j30u00u0tbp.jpg?KID=imgbed,tva&Expires=1778776938&ssig=Nf9ItWUJmO",search_comments_2026-05-14.csv,search_comment,感觉是家里人或者熟人知道密码的人弄的也应该考虑一下,True,False
5298513274735584,1778776269,2026-05-14 16:31:09+08:00,5298492601795830,这不合理吧？捐赠也不能抢啊！,8,2495,1778766145391,广西,5298513274735584,6453957684,当归归不gui,m,https://m.weibo.cn/u/6453957684?launchid=10000360-page_H5,"https://tvax2.sinaimg.cn/crop.0.0.1080.1080.180/0072M9dGly8hu32plu8u6j30u00u1ju1.jpg?KID=imgbed,tva&Expires=1778776945&ssig=sig%2FSaSp2x",search_comments_2026-05-14.csv,search_comment,这不合理吧捐赠也不能抢啊,True,False
5298518405417781,1778777492,2026-05-14 16:51:32+08:00,5298492601795830,这个基金会更妖啊，这么快就执行完毕,18,2149,1778766145395,河南,5298518405417781,2988044697,fly19832012,m,https://m.weibo.cn/u/2988044697?launchid=10000360-page_H5,"https://tva1.sinaimg.cn/crop.335.0.568.568.180/b219f199jw8fbrk7tiws2j20sg0izajo.jpg?KID=imgbed,tva&Expires=1778776945&ssig=wDtELEwpIR",search_comments_2026-05-14.csv,search_comment,这个基金会更妖啊这么快就执行完毕,True,False
5298539104307051,1778782427,2026-05-14 18:13:47+08:00,5298538238182711,这个事情支付宝是不是要赔,22,10,1778766151804,广东,5298539104307051,2673858330,漫途飘扬,m,https://m.weibo.cn/u/2673858330?launchid=10000360-page_H5,"https://tva3.sinaimg.cn/crop.0.0.180.180.180/9f5fd71ajw1e8qgp5bmzyj2050050aa8.jpg?KID=imgbed,tva&Expires=1778776951&ssig=GyVvY%2BQxuF",search_comments_2026-05-14.csv,search_comment,这个事情支付宝是不是要赔,True,False
5298590190931504,1778794607,2026-05-14 21:36:47+08:00,5298538238182711,再人人有限额的情况下，这钱都是咋转出去的，还有新闻上老是看到打赏很多钱，未成年用家长卡充值大金额，我想说你们都没限额么，为啥俺有，是因为俺工资低么，严查,0,0,1778766151809,河南,5298590190931504,2530070827,光明美好前进,m,https://m.weibo.cn/u/2530070827?launchid=10000360-page_H5,"https://tvax1.sinaimg.cn/crop.0.0.1080.1080.180/96cdd12bly8hszw7p6xb6j20u00u00wd.jpg?KID=imgbed,tva&Expires=1778776951&ssig=xiT853ZfL3",search_comments_2026-05-14.csv,search_comment,再人人有限额的情况下这钱都是咋转出去的还有新闻上老是看到打赏很多钱未成年用家长卡充值大金额我想说你们都没限额么为啥俺有是因为俺工资低么严查,True,False
5298553854626635,1778785944,2026-05-14 19:12:24+08:00,5298538238182711,马上一大群骗子公司成立爱心基金会,0,14,1778766151813,浙江,5298553854626635,1597428653,科技潮玩,m,https://m.weibo.cn/u/1597428653?launchid=10000360-page_H5,"https://tvax4.sinaimg.cn/crop.0.0.1080.1080.180/5f36d3adly8g3w1vby54oj20u00u075d.jpg?KID=imgbed,tva&Expires=1778776951&ssig=PqY8OJFB04",search_comments_2026-05-14.csv,search_comment,马上一大群骗子公司成立爱心基金会,True,False
5298568585543754,1778789455,2026-05-14 20:10:55+08:00,5298539072587138,这是什么情况,1,0,1778766158237,四川,5298568585543754,7739906679,蓝月-雨星辰,m,https://m.weibo.cn/u/7739906679?launchid=10000360-page_H5,"https://tvax4.sinaimg.cn/crop.0.0.1080.1080.180/008rNRivly8i4h9hhwglfj30u00u0q6a.jpg?KID=imgbed,tva&Expires=1778776958&ssig=2CKtLhCCNF",search_comments_2026-05-14.csv,search_comment,这是什么情况,True,False
5298539410229129,1778782500,2026-05-14 18:15:00+08:00,5298539072587138,莫名其妙的捐赠扣除，请解释这为何会发生呢,1,0,1778766158241,甘肃,5298539410229129,2720813292,给未来的自己100句话,m,https://m.weibo.cn/u/2720813292?launchid=10000360-page_H5,"https://tva4.sinaimg.cn/crop.0.0.180.180.180/a22c50ecjw1e8qgp5bmzyj2050050aa8.jpg?KID=imgbed,tva&Expires=1778776958&ssig=StWr8QbcsQ",search_comments_2026-05-14.csv,search_comment,莫名其妙的捐赠扣除请解释这为何会发生呢,True,False
5298561973750390,1778787880,2026-05-14 19:44:40+08:00,5298539072587138,不经过本人允许瞎扣费,0,0,1778766158245,四川,5298561973750390,5518709173,六神不神_,m,https://m.weibo.cn/u/5518709173?launchid=10000360-page_H5,"https://tvax1.sinaimg.cn/crop.0.0.1080.1080.180/0061tWmhly8iaytcvqq7hj30u00u0q3e.jpg?KID=imgbed,tva&Expires=1778776958&ssig=TA17wH13I2",search_comments_2026-05-14.csv,search_comment,不经过本人允许瞎扣费,True,False
5298545292739616,1778783902,2026-05-14 18:38:22+08:00,5298537753216718,100多万是真有钱了,0,0,1778766181236,广东,5298545292739616,1749144072,_YJAN,f,https://m.weibo.cn/u/1749144072?launchid=10000360-page_H5,"https://tvax4.sinaimg.cn/crop.0.0.1080.1080.180/6841d208ly8icj47zpawdj20u00u076e.jpg?KID=imgbed,tva&Expires=1778776981&ssig=pCF16MkdZw",search_comments_2026-05-14.csv,search_comment,100多万是真有钱了,True,False
5298588965930290,1778794315,2026-05-14 21:31:55+08:00,5298562032470658,关闭了也可以支付公益款的哦,0,0,1778766187593,上海,5298588965930290,1658749402,漂移de未知,m,https://m.weibo.cn/u/1658749402?launchid=10000360-page_H5,"https://tvax1.sinaimg.cn/crop.0.0.960.960.180/62de81daly8hw3w54fbnlj20qo0qo0uz.jpg?KID=imgbed,tva&Expires=1778776987&ssig=3x1hfhVpoI",search_comments_2026-05-14.csv,search_comment,关闭了也可以支付公益款的哦,True,False
5298562277050460,1778787952,2026-05-14 19:45:52+08:00,5298536385348472,现在说不清楚,0,0,1778766193940,广东,5298562277050460,1980517153,candyleader,m,https://m.weibo.cn/u/1980517153?launchid=10000360-page_H5,"https://tvax3.sinaimg.cn/crop.0.0.1023.1023.180/760c4b21ly8hzi46mtz23j20sg0sfjss.jpg?KID=imgbed,tva&Expires=1778776994&ssig=o3QVdupcBw",search_comments_2026-05-14.csv,search_comment,现在说不清楚,True,False
5298548237404189,1778784605,2026-05-14 18:50:05+08:00,5298544414297506,#中美元首再会面#【#近镜头#｜“走出一条新时代大国正确相处之道”】,0,0,1778766233871,,5298548237404189,2375086267,参考消息,m,https://m.weibo.cn/u/2375086267?launchid=10000360-page_H5,"https://tvax3.sinaimg.cn/crop.0.0.512.512.180/002AJCr1ly8h8vh2ucc4tj60e80e8q3602.jpg?KID=imgbed,tva&Expires=1778777033&ssig=oP6vwNrI7r",search_comments_2026-05-14.csv,search_comment,走出一条新时代大国正确相处之道,True,False
5298506409705961,1778774631,2026-05-14 16:03:51+08:00,5298506055290074,建设性战略稳定关系,0,0,1778766240263,浙江,5298506409705961,1884930244,芝芝Ciisy,f,https://m.weibo.cn/u/1884930244?launchid=10000360-page_H5,"https://tvax1.sinaimg.cn/crop.0.0.1080.1080.180/7059c0c4ly8i1ed1mlvgbj20u00u0q7j.jpg?KID=imgbed,tva&Expires=1778777040&ssig=ZPiiGhqaWo",search_comments_2026-05-14.csv,search_comment,建设性战略稳定关系,True,False
5298536889714451,1778781899,2026-05-14 18:04:59+08:00,5298535848478413,马斯克带着未来,0,4,1778766246669,上海,5298536889714451,3116005527,Bumblebee平安,m,https://m.weibo.cn/u/3116005527?launchid=10000360-page_H5,"https://tva2.sinaimg.cn/crop.0.0.180.180.180/b9ba7897jw1e8qgp5bmzyj2050050aa8.jpg?KID=imgbed,tva&Expires=1778777046&ssig=XUAFKozbl7",search_comments_2026-05-14.csv,search_comment,马斯克带着未来,True,False
5298520148936895,1778777908,2026-05-14 16:58:28+08:00,5298516232767123,中美友好合作,0,5,1778766252997,浙江,5298520148936895,1595455744,浅小矜,f,https://m.weibo.cn/u/1595455744?launchid=10000360-page_H5,"https://tvax4.sinaimg.cn/crop.368.0.253.253.180/5f18b900ly8gdm3aavlj0j20j60eedgv.jpg?KID=imgbed,tva&Expires=1778777053&ssig=anPhhDHbGg",search_comments_2026-05-14.csv,search_comment,中美友好合作,True,False
5298473838839122,1778766867,2026-05-14 13:54:27+08:00,5298473613395947,中美携手共进，共创美好未来！,0,7,1778766275979,福建,5298473838839122,2921220103,呆界躁妈,f,https://m.weibo.cn/u/2921220103?launchid=10000360-page_H5,"https://tvax3.sinaimg.cn/crop.0.0.1080.1080.180/ae1e4807ly8hcba8b0k7zj20u00u0adq.jpg?KID=imgbed,tva&Expires=1778777076&ssig=wpc32hfNYi",search_comments_2026-05-14.csv,search_comment,中美携手共进共创美好未来,True,False
5298490043271284,1778770730,2026-05-14 14:58:50+08:00,5298473613395947,期待中美携手为世界和平做出贡献！,0,5,1778766275986,陕西,5298490043271284,1628945477,阿汤996,m,https://m.weibo.cn/u/1628945477?launchid=10000360-page_H5,"https://tvax1.sinaimg.cn/crop.0.0.1080.1080.180/6117bc45ly8h8c5qqjgz1j20u00u077w.jpg?KID=imgbed,tva&Expires=1778777076&ssig=3zJ%2FxEjDT%2F",search_comments_2026-05-14.csv,search_comment,期待中美携手为世界和平做出贡献,True,False
5298471197999233,1778766236,2026-05-14 13:43:56+08:00,5298470803735121,在合作中引领中美关系向前发展，在发展中持续建设好中美关系。,0,18,1778766282388,安徽,5298471197999233,5865739022,子箫居士,m,https://m.weibo.cn/u/5865739022?launchid=10000360-page_H5,"https://tvax3.sinaimg.cn/crop.0.0.1080.1080.180/006oY2FUly8iauxp9hg09j30u00u0jur.jpg?KID=imgbed,tva&Expires=1778777082&ssig=161ubzbOPS",search_comments_2026-05-14.csv,search_comment,在合作中引领中美关系向前发展在发展中持续建设好中美关系,True,False
5298473567783336,1778766802,2026-05-14 13:53:22+08:00,5298470803735121,#中美关系新定位来了##构建中美建设性战略稳定关系#【习近平同美国总统特朗普会谈】#将建设性战略稳定关系作为中美关系新定位#,0,2,1778766282393,,5298473567783336,2375086267,参考消息,m,https://m.weibo.cn/u/2375086267?launchid=10000360-page_H5,"https://tvax3.sinaimg.cn/crop.0.0.512.512.180/002AJCr1ly8h8vh2ucc4tj60e80e8q3602.jpg?KID=imgbed,tva&Expires=1778777082&ssig=6x7AKsKvW%2F",search_comments_2026-05-14.csv,search_comment,习近平同美国总统特朗普会谈,True,False
5298422232121544,1778754562,2026-05-14 10:29:22+08:00,5298420166431391,深化合作，互惠共赢,0,5,1778766345462,上海,5298422232121544,5702918160,浩林201509,m,https://m.weibo.cn/u/5702918160?launchid=10000360-page_H5,"https://tva2.sinaimg.cn/crop.0.0.640.640.180/006dWRwYjw8f4zep0srelj30hs0hsaan.jpg?KID=imgbed,tva&Expires=1778777145&ssig=d5cwnB%2FLiZ",search_comments_2026-05-14.csv,search_comment,深化合作互惠共赢,True,False
5298474782296629,1778767092,2026-05-14 13:58:12+08:00,5298474541122243,祝他玩的开心,17,1204,1778766474710,陕西,5298474782296629,6124545684,佐伊是个坏女孩,f,https://m.weibo.cn/u/6124545684?launchid=10000360-page_H5,"https://tvax3.sinaimg.cn/crop.0.0.1080.1080.180/006GtY6Uly8h19l6y4pf0j30u00u0n2g.jpg?KID=imgbed,tva&Expires=1778777274&ssig=r6zOgyDRHk",search_comments_2026-05-14.csv,search_comment,祝他玩的开心,True,False
5298475516561274,1778767267,2026-05-14 14:01:07+08:00,5298474541122243,前排围观…祝他玩的开心,1,471,1778766474711,浙江,5298475516561274,1280220593,夜行小夜猫,f,https://m.weibo.cn/u/1280220593?launchid=10000360-page_H5,"https://tvax4.sinaimg.cn/crop.0.0.1080.1080.180/4c4e9db1ly8icuh5lmb8fj20u00u0jto.jpg?KID=imgbed,tva&Expires=1778777274&ssig=T40UoYdWwg",search_comments_2026-05-14.csv,search_comment,前排围观祝他玩的开心,True,False
5298527066392566,1778779557,2026-05-14 17:25:57+08:00,5298526892329122,特朗普说的确实是实话,1,48,1778766481112,广东,5298527066392566,3181170011,波猪i,m,https://m.weibo.cn/u/3181170011?launchid=10000360-page_H5,"https://tvax1.sinaimg.cn/crop.0.0.996.996.180/bd9ccd5bly8gorxpmlbdgj20ro0rot9t.jpg?KID=imgbed,tva&Expires=1778777281&ssig=4%2BHVx4hOpn",search_comments_2026-05-14.csv,search_comment,特朗普说的确实是实话,True,False
5298533492065838,1778781089,2026-05-14 17:51:29+08:00,5298526892329122,Beautiful,0,7,1778766481113,河南,5298533492065838,2012222931,空虚大爆炸,m,https://m.weibo.cn/u/2012222931?launchid=10000360-page_H5,"https://tvax1.sinaimg.cn/crop.0.0.896.896.180/77f015d3ly8hfc8itjocuj20ow0owabt.jpg?KID=imgbed,tva&Expires=1778777281&ssig=%2FH8wPAq%2Bld",search_comments_2026-05-14.csv,search_comment,Beautiful,True,False
5298528955927880,1778780008,2026-05-14 17:33:28+08:00,5298526892329122,欢迎经常来,1,6,1778766481114,上海,5298528955927880,1409833404,静守平淡心有鸿鹄,m,https://m.weibo.cn/u/1409833404?launchid=10000360-page_H5,"https://tvax4.sinaimg.cn/crop.0.0.1080.1080.180/540859bcly8haq6rb17h5j20u00u0t8z.jpg?KID=imgbed,tva&Expires=1778777281&ssig=FLjefPDNxs",search_comments_2026-05-14.csv,search_comment,欢迎经常来,True,False
5298533081025142,1778780991,2026-05-14 17:49:51+08:00,5298532392632590,天坛是个好地方,0,29,1778766487483,上海,5298533081025142,1409833404,静守平淡心有鸿鹄,m,https://m.weibo.cn/u/1409833404?launchid=10000360-page_H5,"https://tvax4.sinaimg.cn/crop.0.0.1080.1080.180/540859bcly8haq6rb17h5j20u00u0t8z.jpg?KID=imgbed,tva&Expires=1778777287&ssig=CXl%2BPXErNM",search_comments_2026-05-14.csv,search_comment,天坛是个好地方,True,False
5298520741644241,1778778049,2026-05-14 17:00:49+08:00,5298519914578671,期望中美双方加强互利合作，推动两国各领域实现更好发展。,0,13,1778766493987,安徽,5298520741644241,5865739022,子箫居士,m,https://m.weibo.cn/u/5865739022?launchid=10000360-page_H5,"https://tvax3.sinaimg.cn/crop.0.0.1080.1080.180/006oY2FUly8iauxp9hg09j30u00u0jur.jpg?KID=imgbed,tva&Expires=1778777294&ssig=%2BET3%2FGa8eg",search_comments_2026-05-14.csv,search_comment,期望中美双方加强互利合作推动两国各领域实现更好发展,True,False
5298521079290138,1778778130,2026-05-14 17:02:10+08:00,5298519914578671,#习近平同特朗普参观天坛#【习近平同美国总统特朗普参观天坛】,0,6,1778766493988,,5298521079290138,2375086267,参考消息,m,https://m.weibo.cn/u/2375086267?launchid=10000360-page_H5,"https://tvax3.sinaimg.cn/crop.0.0.512.512.180/002AJCr1ly8h8vh2ucc4tj60e80e8q3602.jpg?KID=imgbed,tva&Expires=1778777294&ssig=XbFTLwXtem",search_comments_2026-05-14.csv,search_comment,习近平同美国总统特朗普参观天坛,True,False
5298483029870939,1778769058,2026-05-14 14:30:58+08:00,5298480185606184,拍的真好呀❤️,2,266,1778766500397,甘肃,5298483029870939,7940923585,香芋小苏饼,f,https://m.weibo.cn/u/7940923585?launchid=10000360-page_H5,"https://tvax1.sinaimg.cn/crop.0.0.1080.1080.180/008FpiYFly8ic8vvdr3ejj30u00u0ada.jpg?KID=imgbed,tva&Expires=1778777300&ssig=FPPvptfhZK",search_comments_2026-05-14.csv,search_comment,拍的真好呀,True,False
5298482409112984,1778768910,2026-05-14 14:28:30+08:00,5298480185606184,祈年殿，岁月的缩影，历史的见证。,1,143,1778766500398,浙江,5298482409112984,3417389912,一日辰光,f,https://m.weibo.cn/u/3417389912?launchid=10000360-page_H5,"https://tva2.sinaimg.cn/crop.0.0.640.640.180/cbb13b58jw8eay9fm51vcj20hs0hsq3d.jpg?KID=imgbed,tva&Expires=1778777300&ssig=JHmb3xjToe",search_comments_2026-05-14.csv,search_comment,祈年殿岁月的缩影历史的见证,True,False
5298483628081412,1778769200,2026-05-14 14:33:20+08:00,5298480185606184,历史性同框，中美互相成就，共同繁荣，造福两国人民。,0,88,1778766500399,浙江,5298483628081412,6162926109,沕涌潇师妹_3,f,https://m.weibo.cn/u/6162926109?launchid=10000360-page_H5,"https://tvax2.sinaimg.cn/crop.0.0.1080.1080.180/006J50C1ly8iahg1iun8sj30u00u0dhu.jpg?KID=imgbed,tva&Expires=1778777300&ssig=mI3gxllkSV",search_comments_2026-05-14.csv,search_comment,历史性同框中美互相成就共同繁荣造福两国人民,True,False
5298502433244695,1778773684,2026-05-14 15:48:04+08:00,5298502053922315,老祖宗的智慧与审美,1,111,1778766506731,河南,5298502433244695,7788795361,过路呀路过呀,m,https://m.weibo.cn/u/7788795361?launchid=10000360-page_H5,"https://tvax2.sinaimg.cn/crop.0.0.720.720.180/008v6ZtDly8h8hnjnp1mjj30k00k00vq.jpg?KID=imgbed,tva&Expires=1778777306&ssig=KeYPUq%2FpB%2F",search_comments_2026-05-14.csv,search_comment,老祖宗的智慧与审美,True,False
5298495429018027,1778772013,2026-05-14 15:20:13+08:00,5298494010035019,#特朗普总统随行车队离开天坛公园# 不论是谁，站在中国几千几百年历史的建筑群前，都会被深深震撼。,1,7,1778766513162,山东,5298495429018027,1760298927,陆锡鑫,m,https://m.weibo.cn/u/1760298927?launchid=10000360-page_H5,"https://tvax2.sinaimg.cn/crop.0.0.1080.1080.180/68ec07afly8i4v1h9vatej20u00u0jxg.jpg?KID=imgbed,tva&Expires=1778777313&ssig=Wi%2FICSyQxa",search_comments_2026-05-14.csv,search_comment, 不论是谁站在中国几千几百年历史的建筑群前都会被深深震撼,True,False
5298508132780857,1778775043,2026-05-14 16:10:43+08:00,5298494010035019,中国一直很美！,0,5,1778766513166,广东,5298508132780857,1878290113,嘭乐开怀,f,https://m.weibo.cn/u/1878290113?launchid=10000360-page_H5,"https://tvax1.sinaimg.cn/default/images/default_avatar_female_180.gif?KID=imgbed,tva&Expires=1778777313&ssig=cp04N0C03s",search_comments_2026-05-14.csv,search_comment,中国一直很美,True,False
5298508433459724,1778775115,2026-05-14 16:11:55+08:00,5298494871175209,北京的生态环境真好！,0,20,1778766519586,北京,5298508433459724,1912016071,税务顾问_张开顺,m,https://m.weibo.cn/u/1912016071?launchid=10000360-page_H5,"https://tva2.sinaimg.cn/crop.0.0.180.180.180/71f70cc7jw1e8qgp5bmzyj2050050aa8.jpg?KID=imgbed,tva&Expires=1778777319&ssig=vQh7jCDPON",search_comments_2026-05-14.csv,search_comment,北京的生态环境真好,True,False
5298501589401906,1778773482,2026-05-14 15:44:42+08:00,5298494871175209,音乐配的真好,0,4,1778766519591,山东,5298501589401906,6898537775,用户6898537775,f,https://m.weibo.cn/u/6898537775?launchid=10000360-page_H5,"https://tvax1.sinaimg.cn/crop.0.0.400.400.180/007wRyOjly8gljlkl818fj30b40b4q2p.jpg?KID=imgbed,tva&Expires=1778777319&ssig=KpArTBj53T",search_comments_2026-05-14.csv,search_comment,音乐配的真好,True,False
5298568023774302,1778789322,2026-05-14 20:08:42+08:00,5298436570089150,关注热点资讯,0,0,1778766582272,,5298568023774302,3190998314,定陶检察,m,https://m.weibo.cn/u/3190998314?launchid=10000360-page_H5,"https://tvax1.sinaimg.cn/crop.0.0.598.598.180/be32c52aly8h8utsf4i0cj20gn0gmq3x.jpg?KID=imgbed,tva&Expires=1778777382&ssig=sb%2Bckqj8py",search_comments_2026-05-14.csv,search_comment,关注热点资讯,True,False
5297383889962162,1778507003,2026-05-11 13:43:23+08:00,5297345298433429,造谣没啥成本只有利益，都不害怕,0,0,1778766588601,山东,5297383889962162,1696445532,steninglee2012,m,https://m.weibo.cn/u/1696445532?launchid=10000360-page_H5,"https://tvax3.sinaimg.cn/crop.1.0.958.958.180/651db45cly8h83r3kuenhj20qo0qm75n.jpg?KID=imgbed,tva&Expires=1778777388&ssig=tzAeCg8%2Bm6",search_comments_2026-05-14.csv,search_comment,造谣没啥成本只有利益都不害怕,True,False
5298570997533836,1778790031,2026-05-14 20:20:31+08:00,5298566275009034,若无闲事挂心头，便是人间好时节。 花落花开，风雪归来，舍弃内心的贪嗔痴慢疑，到达清净无染的境地。,1,1,1778766594955,浙江,5298570997533836,7140445333,元宝咩咩_,f,https://m.weibo.cn/u/7140445333?launchid=10000360-page_H5,"https://tvax3.sinaimg.cn/crop.0.0.915.915.180/007NeA17ly8icr6nxspn7j30pf0pf77o.jpg?KID=imgbed,tva&Expires=1778777395&ssig=NX6ysQXSWI",search_comments_2026-05-14.csv,search_comment,若无闲事挂心头便是人间好时节 花落花开风雪归来舍弃内心的贪嗔痴慢疑到达清净无染的境地,True,False
5298570980229479,1778790026,2026-05-14 20:20:26+08:00,5298566275009034,别焦虑，人生总是会有不如意的，生活从来都是泥沙俱下与荆棘并存 ，来日方长，我们带着诚意慢慢来。,1,1,1778766594956,浙江,5298570980229479,7140445333,元宝咩咩_,f,https://m.weibo.cn/u/7140445333?launchid=10000360-page_H5,"https://tvax3.sinaimg.cn/crop.0.0.915.915.180/007NeA17ly8icr6nxspn7j30pf0pf77o.jpg?KID=imgbed,tva&Expires=1778777395&ssig=NX6ysQXSWI",search_comments_2026-05-14.csv,search_comment,别焦虑人生总是会有不如意的生活从来都是泥沙俱下与荆棘并存 来日方长我们带着诚意慢慢来,True,False
5298566895241051,1778789053,2026-05-14 20:04:13+08:00,5298566275009034,嘲讽像风，吹乱发梢吹不折脊梁；质疑似雨，打湿衣襟浇不灭心火。站直了，就是最好的反击。,1,1,1778766594957,浙江,5298566895241051,7140445333,元宝咩咩_,f,https://m.weibo.cn/u/7140445333?launchid=10000360-page_H5,"https://tvax3.sinaimg.cn/crop.0.0.915.915.180/007NeA17ly8icr6nxspn7j30pf0pf77o.jpg?KID=imgbed,tva&Expires=1778777395&ssig=NX6ysQXSWI",search_comments_2026-05-14.csv,search_comment,嘲讽像风吹乱发梢吹不折脊梁质疑似雨打湿衣襟浇不灭心火站直了就是最好的反击,True,False
5297466154156356,1778526615,2026-05-11 19:10:15+08:00,5297416485996136,多部门联动整治涉粮谣言，如何筑牢粮食安全防线？@千问,0,0,1778766634598,广东,5297466154156356,6220273107,lyanla是我,f,https://m.weibo.cn/u/6220273107?launchid=10000360-page_H5,"https://tvax4.sinaimg.cn/crop.0.0.1080.1080.180/006MXDbBly8hdh0uerk8yj30u00u0ac9.jpg?KID=imgbed,tva&Expires=1778777434&ssig=z2yJlOKBVP",search_comments_2026-05-14.csv,search_comment,多部门联动整治涉粮谣言如何筑牢粮食安全防线,True,False
5293822562275276,1777657916,2026-05-01 17:51:56+08:00,5293464105519120,#微博辟谣# 严打网络谣言！睢阳公安查处一起虚构涉农信息案件,0,0,1778766640916,北京,5293822562275276,1866405545,微博辟谣,m,https://m.weibo.cn/u/1866405545?launchid=10000360-page_H5,"https://tvax1.sinaimg.cn/crop.0.0.1080.1080.180/6f3f16a9ly8h8wjsmp6gej20u00u03z4.jpg?KID=imgbed,tva&Expires=1778777441&ssig=X2vfZ%2Fk5xM",search_comments_2026-05-14.csv,search_comment, 严打网络谣言睢阳公安查处一起虚构涉农信息案件,True,False
5298577761109301,1778791644,2026-05-14 20:47:24+08:00,5298572155422050,只知道有人被退货，只知道有人500天没进组回家做轮椅吧,1,961,1778766651152,福建,5298577761109301,7413227708,黄星星女士Esther,f,https://m.weibo.cn/u/7413227708?launchid=10000360-page_H5,"https://tvax1.sinaimg.cn/crop.0.0.1080.1080.180/0085H9aQly8i8eeegyfqzj30u00u0jto.jpg?KID=imgbed,tva&Expires=1778777451&ssig=cQa21AOXGR",search_comments_2026-05-14.csv,search_comment,只知道有人被退货只知道有人500天没进组回家做轮椅吧,True,False
5298575192098404,1778791031,2026-05-14 20:37:11+08:00,5298572155422050,为啥呢？签约了吗？是发现片方诈骗改剧本还是？要不不至于啊，找工作这么难,1,9,1778766651156,山东,5298575192098404,1496719845,朱老板1234567,f,https://m.weibo.cn/u/1496719845?launchid=10000360-page_H5,"https://tvax4.sinaimg.cn/crop.0.0.500.500.180/593621e5ly8icgawlnsxhj20dw0dwab1.jpg?KID=imgbed,tva&Expires=1778777451&ssig=%2BCUgbJQ87P",search_comments_2026-05-14.csv,search_comment,为啥呢签约了吗是发现片方诈骗改剧本还是要不不至于啊找工作这么难,True,False
5298563934585106,1778788346,2026-05-14 19:52:26+08:00,5298563890284595,你们觉得是神仙肉还是一念江南？,2,40,1778766657561,浙江,5298563934585106,5775151341,社恐小窝蛋炒饭_,f,https://m.weibo.cn/u/5775151341?launchid=10000360-page_H5,"https://tvax4.sinaimg.cn/crop.0.0.1080.1080.180/006iPWGhly8iat3a6odawj30u00u0jui.jpg?KID=imgbed,tva&Expires=1778777457&ssig=SXPFhUZM47",search_comments_2026-05-14.csv,search_comment,你们觉得是神仙肉还是一念江南,True,False
5298588541780950,1778794213,2026-05-14 21:30:13+08:00,5298563890284595,所以说是何与被退货，还是辞演的?,0,6,1778766657563,浙江,5298588541780950,7974492186,是个乐子人-,f,https://m.weibo.cn/u/7974492186?launchid=10000360-page_H5,"https://tvax4.sinaimg.cn/crop.0.0.445.445.180/008HG9HIly8i95lpd1jhzj30cd0cd0sv.jpg?KID=imgbed,tva&Expires=1778777457&ssig=ZKBcFtLSFH",search_comments_2026-05-14.csv,search_comment,所以说是何与被退货还是辞演的,True,False
5298564586537901,1778788503,2026-05-14 19:55:03+08:00,5298563890284595,不知道啊等准确消息吧,0,21,1778766657567,江西,5298564586537901,6418080327,槐序七一,f,https://m.weibo.cn/u/6418080327?launchid=10000360-page_H5,"https://tvax2.sinaimg.cn/crop.0.0.1080.1080.180/0070lBSDly8id0xhemwx1j30u00u0q6h.jpg?KID=imgbed,tva&Expires=1778777457&ssig=XEHHcnuH2u",search_comments_2026-05-14.csv,search_comment,不知道啊等准确消息吧,True,False
5298564356117926,1778788448,2026-05-14 19:54:08+08:00,5298563259304666,神仙肉开机还有好多天呢，没几天的剧也能扯神仙肉，莫名其妙天天编瓜,1,99,1778766663963,陕西,5298564356117926,7892833522,欣c美式,f,https://m.weibo.cn/u/7892833522?launchid=10000360-page_H5,"https://tvax1.sinaimg.cn/crop.0.0.1080.1080.180/008C9wyuly8icuzqxbcwdj30u00u0767.jpg?KID=imgbed,tva&Expires=1778777464&ssig=sK7AzNP9JV",search_comments_2026-05-14.csv,search_comment,神仙肉开机还有好多天呢没几天的剧也能扯神仙肉莫名其妙天天编瓜,True,False
5298566478436913,1778788954,2026-05-14 20:02:34+08:00,5298563259304666,莫名其妙神仙肉开机还有一两个月吧,1,46,1778766663967,广东,5298566478436913,6352721682,_那天车窗起雾,f,https://m.weibo.cn/u/6352721682?launchid=10000360-page_H5,"https://tvax3.sinaimg.cn/crop.0.0.576.576.180/006VVn6Wly8icln9iu62wj30g00g0aav.jpg?KID=imgbed,tva&Expires=1778777464&ssig=n8cYZkT0Uw",search_comments_2026-05-14.csv,search_comment,莫名其妙神仙肉开机还有一两个月吧,True,False
5298576221802275,1778791277,2026-05-14 20:41:17+08:00,5298563259304666,到底是没选上还是跑路心知肚明有这时间颠倒黑白不如好好沉淀演技,1,17,1778766663970,江苏,5298576221802275,6719842550,我今天不吃乌鸡卷,f,https://m.weibo.cn/u/6719842550?launchid=10000360-page_H5,"https://tvax3.sinaimg.cn/crop.0.0.1214.1214.180/007kLM1ggy1id56c31pbxj30u00u0gnf.jpg?KID=imgbed,tva&Expires=1778777464&ssig=e5VCcetebx",search_comments_2026-05-14.csv,search_comment,到底是没选上还是跑路心知肚明有这时间颠倒黑白不如好好沉淀演技,True,False
5298573061394570,1778790523,2026-05-14 20:28:43+08:00,5298570976039407,你觉得是真的假的？,2,21,1778766670397,广西,5298573061394570,5046930096,AK-蓝栀小葵,f,https://m.weibo.cn/u/5046930096?launchid=10000360-page_H5,"https://tvax1.sinaimg.cn/crop.0.0.1080.1080.180/005vyp4kly8i27v80xdl4j30u00u042m.jpg?KID=imgbed,tva&Expires=1778777470&ssig=tP8JPRn4A2",search_comments_2026-05-14.csv,search_comment,你觉得是真的假的,True,False
5298583566026088,1778793028,2026-05-14 21:10:28+08:00,5298570976039407,到底是哪一部剧,0,0,1778766670399,广东,5298583566026088,7308869934,云中书贩,f,https://m.weibo.cn/u/7308869934?launchid=10000360-page_H5,"https://tvax3.sinaimg.cn/crop.0.1.1206.1206.180/005BHmQ1ly8ib5cjn0818j30u00u0wgk.jpg?KID=imgbed,tva&Expires=1778777470&ssig=%2BSMzg5wF%2Bo",search_comments_2026-05-14.csv,search_comment,到底是哪一部剧,True,False
5298583184087788,1778792937,2026-05-14 21:08:57+08:00,5298570976039407,这是真的假的啊,0,0,1778766670400,河北,5298583184087788,7740495530,冷冽刃,f,https://m.weibo.cn/u/7740495530?launchid=10000360-page_H5,"https://tvax2.sinaimg.cn/crop.0.0.1080.1080.180/008rQku6ly8id578dyu3nj30u00u0wh2.jpg?KID=imgbed,tva&Expires=1778777470&ssig=roGmFfe3IQ",search_comments_2026-05-14.csv,search_comment,这是真的假的啊,True,False
5298586986480870,1778793843,2026-05-14 21:24:03+08:00,5298586413702598,你认识这个男主吗,2,4,1778766676781,广东,5298586986480870,7538072391,折頁愛神信,m,https://m.weibo.cn/u/7538072391?launchid=10000360-page_H5,"https://tvax2.sinaimg.cn/crop.0.0.1080.1080.180/008e8YYLly8icsqqf4ggfj30u00u0q43.jpg?KID=imgbed,tva&Expires=1778777476&ssig=WZBl4QhqVO",search_comments_2026-05-14.csv,search_comment,你认识这个男主吗,True,False
5298587744862590,1778794023,2026-05-14 21:27:03+08:00,5298586413702598,不认识是短剧啊我以为正经电视剧呢,1,2,1778766676784,江苏,5298587744862590,6328746350,梨花想去洱海修仙-,f,https://m.weibo.cn/u/6328746350?launchid=10000360-page_H5,"https://tvax3.sinaimg.cn/crop.0.0.1080.1080.180/006UiM22ly8icw0oingzgj30u00u0tak.jpg?KID=imgbed,tva&Expires=1778777476&ssig=CY5XCDchNd",search_comments_2026-05-14.csv,search_comment,不认识是短剧啊我以为正经电视剧呢,True,False
5298587739361070,1778794023,2026-05-14 21:27:03+08:00,5298586413702598,突然跑路，这也太过分了,1,2,1778766676787,陕西,5298587739361070,7752260321,煜煜呆呆星,f,https://m.weibo.cn/u/7752260321?launchid=10000360-page_H5,"https://tvax2.sinaimg.cn/crop.0.0.1080.1080.180/008sDH2Nly8icy7m5bk40j30u00u0n04.jpg?KID=imgbed,tva&Expires=1778777476&ssig=sshGBzjczL",search_comments_2026-05-14.csv,search_comment,突然跑路这也太过分了,True,False
5298539932683361,1778782625,2026-05-14 18:17:05+08:00,5298538282221671,着满服上衣,81,143,1778766740098,河南,5298539932683361,5296953712,春日小甜杏,f,https://m.weibo.cn/u/5296953712?launchid=10000360-page_H5,"https://tvax3.sinaimg.cn/crop.0.0.1023.1023.180/005MttDily8i1iz58rsvgj30sg0sfmzt.jpg?KID=imgbed,tva&Expires=1778777540&ssig=Q2kahiQ57v",search_comments_2026-05-14.csv,search_comment,着满服上衣,True,False
5298539498308057,1778782520,2026-05-14 18:15:20+08:00,5298538282221671,这是满族同胞的民族服饰，别偷行么,36,43,1778766740102,江苏,5298539498308057,6854795996,大圣之道心,m,https://m.weibo.cn/u/6854795996?launchid=10000360-page_H5,"https://tvax3.sinaimg.cn/crop.0.0.1080.1080.180/007tU1zKly8hucmhz0bdqj30u00u079r.jpg?KID=imgbed,tva&Expires=1778777540&ssig=7FmegFIuNc",search_comments_2026-05-14.csv,search_comment,这是满族同胞的民族服饰别偷行么,True,False
5298546783815042,1778784258,2026-05-14 18:44:18+08:00,5298538282221671,我就知道有若志出来说这不是中式,35,91,1778766740106,河北,5298546783815042,2653614970,拧发条鸟iii,m,https://m.weibo.cn/u/2653614970?launchid=10000360-page_H5,"https://tvax4.sinaimg.cn/crop.0.0.1000.1000.180/9e2af37aly8hrjdvw0zg7j20rs0rsaaz.jpg?KID=imgbed,tva&Expires=1778777540&ssig=Cn7c0hzQks",search_comments_2026-05-14.csv,search_comment,我就知道有若志出来说这不是中式,True,False
5298578830397741,1778791899,2026-05-14 20:51:39+08:00,5298574239991311,满式不能代表整个中式，，就直接讲满式更合适，,7,10,1778766746492,内蒙古,5298578830397741,2055906795,莹光碌碌,f,https://m.weibo.cn/u/2055906795?launchid=10000360-page_H5,"https://tva3.sinaimg.cn/crop.0.48.236.236.180/7a8aa5ebjw8eqdoi55l02j206k098wfm.jpg?KID=imgbed,tva&Expires=1778777546&ssig=5wM9oskA3c",search_comments_2026-05-14.csv,search_comment,满式不能代表整个中式就直接讲满式更合适,True,False
5298576847542879,1778791426,2026-05-14 20:43:46+08:00,5298574239991311,错了 这是新宾满式改良款 不要乱叫他的名字 满字就这么难以启齿吗,1,9,1778766746496,江苏,5298576847542879,6179392408,一粒种子在发芽,f,https://m.weibo.cn/u/6179392408?launchid=10000360-page_H5,"https://tvax1.sinaimg.cn/crop.0.0.500.500.180/006Kc6fuly8hwjf1dh26nj30dw0dwt9x.jpg?KID=imgbed,tva&Expires=1778777546&ssig=Y35Sl4dK2G",search_comments_2026-05-14.csv,search_comment,错了 这是新宾满式改良款 不要乱叫他的名字 满字就这么难以启齿吗,True,False
5298575363017167,1778791072,2026-05-14 20:37:52+08:00,5298574239991311,大儿、不大闺女已经没救了,1,3,1778766746499,陕西,5298575363017167,3901934993,工设野火,m,https://m.weibo.cn/u/3901934993?launchid=10000360-page_H5,"https://tva1.sinaimg.cn/crop.5.7.565.565.180/e892cd91jw1eb3xdusgraj20fx0g0wfk.jpg?KID=imgbed,tva&Expires=1778777546&ssig=3k2L4LWi3U",search_comments_2026-05-14.csv,search_comment,大儿不大闺女已经没救了,True,False
5298554299222277,1778786050,2026-05-14 19:14:10+08:00,5298551010624982,看来雷总也是马斯克粉丝呀,11,126,1778766752906,江西,5298554299222277,2937577575,CM1994is,f,https://m.weibo.cn/u/2937577575?launchid=10000360-page_H5,"https://tvax3.sinaimg.cn/crop.0.0.1080.1080.180/af17e067ly8gdx7f7q6htj20u00u0tdb.jpg?KID=imgbed,tva&Expires=1778777552&ssig=jfa1dFketG",search_comments_2026-05-14.csv,search_comment,看来雷总也是马斯克粉丝呀,True,False
5298552173760147,1778785543,2026-05-14 19:05:43+08:00,5298551010624982,小米凑过去拍照了,7,60,1778766752909,北京,5298552173760147,1152677705,风清云淡201704,m,https://m.weibo.cn/u/1152677705?launchid=10000360-page_H5,"https://tvax3.sinaimg.cn/crop.0.0.1080.1080.180/44b47749ly8h8boj3yf47j20u00u0jyk.jpg?KID=imgbed,tva&Expires=1778777552&ssig=qRIdPTtIOw",search_comments_2026-05-14.csv,search_comment,小米凑过去拍照了,True,False
5298555491193153,1778786334,2026-05-14 19:18:54+08:00,5298551010624982,雷军是不是对他说：Are you OK？,2,56,1778766752913,辽宁,5298555491193153,6203869369,YYL天空,m,https://m.weibo.cn/u/6203869369?launchid=10000360-page_H5,"https://tvax2.sinaimg.cn/crop.0.0.1002.1002.180/006LQNPbly8gquu4dwgi3j30ru0ru75z.jpg?KID=imgbed,tva&Expires=1778777552&ssig=WR62aSu3RO",search_comments_2026-05-14.csv,search_comment,雷军是不是对他说Are you OK,True,False
5298534443912262,1778781316,2026-05-14 17:55:16+08:00,5298534114923542,估计他奶给买的,0,159,1778766759314,四川,5298534443912262,1428782365,盖世无双长公主,f,https://m.weibo.cn/u/1428782365?launchid=10000360-page_H5,"https://tvax3.sinaimg.cn/crop.0.0.1080.1080.180/55297d1dly8i76vrct7jij20u00u0gnk.jpg?KID=imgbed,tva&Expires=1778777559&ssig=%2FB%2B2cvlbzQ",search_comments_2026-05-14.csv,search_comment,估计他奶给买的,True,False
5298535848221280,1778781651,2026-05-14 18:00:51+08:00,5298534114923542,留下来上一下幼小衔接,4,88,1778766759318,北京,5298535848221280,5378832349,哈拉小胖子哥,m,https://m.weibo.cn/u/5378832349?launchid=10000360-page_H5,"https://tvax3.sinaimg.cn/crop.0.0.1080.1080.180/005S120tly8h68g5mvumyj30u00u0ju3.jpg?KID=imgbed,tva&Expires=1778777559&ssig=dckBxvLeop",search_comments_2026-05-14.csv,search_comment,留下来上一下幼小衔接,True,False
5298549332119870,1778784866,2026-05-14 18:54:26+08:00,5298534114923542,这件唐装小马夹非常好看啊比他儿子穿别的衣服都更加出彩啊！,7,64,1778766759320,宁夏,5298549332119870,2647857260,怡悦于博,f,https://m.weibo.cn/u/2647857260?launchid=10000360-page_H5,"https://tvax3.sinaimg.cn/crop.0.0.1080.1080.180/002Tc8Daly8gvr7rxh6vwj60u00u041002.jpg?KID=imgbed,tva&Expires=1778777559&ssig=MkrDcdp3oW",search_comments_2026-05-14.csv,search_comment,这件唐装小马夹非常好看啊比他儿子穿别的衣服都更加出彩啊,True,False
5298558599170277,1778787075,2026-05-14 19:31:15+08:00,5298557343238800,他儿子命真好,5,107,1778766765758,福建,5298558599170277,7549798684,大田狐狸猫,f,https://m.weibo.cn/u/7549798684?launchid=10000360-page_H5,"https://tvax1.sinaimg.cn/crop.0.0.1080.1080.180/008eWbwwly8id47o22dr9j30u00u0ta3.jpg?KID=imgbed,tva&Expires=1778777565&ssig=cBQzPvEZ%2BK",search_comments_2026-05-14.csv,search_comment,他儿子命真好,True,False
5298558131768073,1778786964,2026-05-14 19:29:24+08:00,5298557343238800,特别可爱的小孩,1,29,1778766765761,山东,5298558131768073,7775342904,泥耳多隆,m,https://m.weibo.cn/u/7775342904?launchid=10000360-page_H5,"https://tvax2.sinaimg.cn/crop.0.0.1080.1080.180/008ucxSwly8i6zz28d4zyj30u00u0tcg.jpg?KID=imgbed,tva&Expires=1778777565&ssig=m%2FTfTZ8igW",search_comments_2026-05-14.csv,search_comment,特别可爱的小孩,True,False
5298576708078898,1778791393,2026-05-14 20:43:13+08:00,5298557343238800,之前不是有新闻说川普和马斯克闹翻了吗,11,55,1778766765765,湖北,5298576708078898,6529956471,而丰富机关6529956471,f,https://m.weibo.cn/u/6529956471?launchid=10000360-page_H5,"https://tvax3.sinaimg.cn/crop.0.0.996.996.180/0077V1Yzly8gptrvy6h3rj30ro0ro40e.jpg?KID=imgbed,tva&Expires=1778777565&ssig=47ni09WafG",search_comments_2026-05-14.csv,search_comment,之前不是有新闻说川普和马斯克闹翻了吗,True,False
5298549812102400,1778784980,2026-05-14 18:56:20+08:00,5298549614972707,合影的库克,0,36,1778766772142,山东,5298549812102400,7412880971,鵺酗,f,https://m.weibo.cn/u/7412880971?launchid=10000360-page_H5,"https://tvax4.sinaimg.cn/crop.0.0.1002.1002.180/0085FGYjly8gv7s0ekgt4j60ru0ru40z02.jpg?KID=imgbed,tva&Expires=1778777572&ssig=4Uee5kvOXS",search_comments_2026-05-14.csv,search_comment,合影的库克,True,False
5298550826861185,1778785221,2026-05-14 19:00:21+08:00,5298549614972707,马斯克：老子是常客，你们都是乡巴佬,0,61,1778766772146,湖南,5298550826861185,7041908911,人间记忆3,m,https://m.weibo.cn/u/7041908911?launchid=10000360-page_H5,"https://tvax3.sinaimg.cn/crop.0.0.720.720.180/007Gz8bZly8huqrc8gkczj30k00k0wfv.jpg?KID=imgbed,tva&Expires=1778777572&ssig=0iwmjohFp0",search_comments_2026-05-14.csv,search_comment,马斯克老子是常客你们都是乡巴佬,True,False
5298550800122619,1778785215,2026-05-14 19:00:15+08:00,5298549614972707,老马饿坏了,2,12,1778766772149,陕西,5298550800122619,7525519763,坐在窗前南望秦岭,m,https://m.weibo.cn/u/7525519763?launchid=10000360-page_H5,"https://tvax2.sinaimg.cn/crop.0.0.659.659.180/008dijt1ly8hne77saqqyj30ib0ibt9j.jpg?KID=imgbed,tva&Expires=1778777572&ssig=dOeOr3iHGs",search_comments_2026-05-14.csv,search_comment,老马饿坏了,True,False
5298550986244365,1778785259,2026-05-14 19:00:59+08:00,5298539360159058,你知道他有多少个儿子不？,9,130,1778766778599,广东,5298550986244365,2588098551,似叶非叶的叶,m,https://m.weibo.cn/u/2588098551?launchid=10000360-page_H5,"https://tvax2.sinaimg.cn/crop.0.0.996.996.180/9a433ff7ly8g8t7w224snj20ro0ro75e.jpg?KID=imgbed,tva&Expires=1778777578&ssig=A6iO3yp6j6",search_comments_2026-05-14.csv,search_comment,你知道他有多少个儿子不,True,False
5298548939162400,1778784772,2026-05-14 18:52:52+08:00,5298539360159058,有没有一种可能，想以后夺舍,2,3,1778766778601,广东,5298548939162400,1931364387,如此相信了,f,https://m.weibo.cn/u/1931364387?launchid=10000360-page_H5,"https://tva4.sinaimg.cn/crop.0.0.1342.1342.180/731e4823jw8f7b1m549ddj211a11adiw.jpg?KID=imgbed,tva&Expires=1778777578&ssig=n3iHsGbBwU",search_comments_2026-05-14.csv,search_comment,有没有一种可能想以后夺舍,True,False
5298544141666102,1778783628,2026-05-14 18:33:48+08:00,5298539360159058,别着急你长大了,0,0,1778766778603,吉林,5298544141666102,7967041063,南宫一孟,f,https://m.weibo.cn/u/7967041063?launchid=10000360-page_H5,"https://tvax3.sinaimg.cn/crop.0.0.551.551.180/008HaTkjly8i5zecyrdgrj30fb0fb0t4.jpg?KID=imgbed,tva&Expires=1778777578&ssig=r7Vb4wAjwH",search_comments_2026-05-14.csv,search_comment,别着急你长大了,True,False
5298550550563993,1778785156,2026-05-14 18:59:16+08:00,5298545586602847,5月14日，马斯克@ElonMusk 携幼子现身人民大会堂，孩子身着新中式上衣，一路蹦蹦跳跳，眼神懵懂又好奇。,1,4,1778766785030,,5298550550563993,3203137375,四川观察,f,https://m.weibo.cn/u/3203137375?launchid=10000360-page_H5,"https://tvax3.sinaimg.cn/crop.0.0.600.600.180/beebff5fly8i6aou48o1nj20go0got9j.jpg?KID=imgbed,tva&Expires=1778777585&ssig=SLvOq7x8ag",search_comments_2026-05-14.csv,search_comment,5月14日马斯克 携幼子现身人民大会堂孩子身着新中式上衣一路蹦蹦跳跳眼神懵懂又好奇,True,False
5298559207345632,1778787220,2026-05-14 19:33:40+08:00,5298545586602847,这是新宾满服,0,33,1778766785037,河南,5298559207345632,6204225601,第八号天外来客耶,f,https://m.weibo.cn/u/6204225601?launchid=10000360-page_H5,"https://tvax3.sinaimg.cn/crop.0.0.1080.1080.180/006LSiuRly8i8vjjj7e3gj30u00u0goy.jpg?KID=imgbed,tva&Expires=1778777585&ssig=bkAHn5Gsv0",search_comments_2026-05-14.csv,search_comment,这是新宾满服,True,False
5298568156938500,1778789353,2026-05-14 20:09:13+08:00,5298545586602847,食人族的衣服不是我们中式,1,25,1778766785043,山东,5298568156938500,2771015735,梦回知音,f,https://m.weibo.cn/u/2771015735?launchid=10000360-page_H5,"https://tvax3.sinaimg.cn/crop.0.0.996.996.180/a52a5837ly8foojjuzu3mj20ro0rotbn.jpg?KID=imgbed,tva&Expires=1778777585&ssig=f%2BnK4%2BX1Q7",search_comments_2026-05-14.csv,search_comment,食人族的衣服不是我们中式,True,False
5298544383887600,1778783686,2026-05-14 18:34:46+08:00,5298543512521068,俄卫社nb 今天你们是mvp,0,218,1778766814668,北京,5298544383887600,1993308917,老北京美式炸鸡,m,https://m.weibo.cn/u/1993308917?launchid=10000360-page_H5,"https://tva2.sinaimg.cn/crop.0.0.180.180.180/76cf7af5jw1e8qgp5bmzyj2050050aa8.jpg?KID=imgbed,tva&Expires=1778777614&ssig=aOyfNc7bUu",search_comments_2026-05-14.csv,search_comment,俄卫社nb 今天你们是mvp,True,False
5298543893155409,1778783569,2026-05-14 18:32:49+08:00,5298543512521068,还得是你们速度最快,1,80,1778766814669,广东,5298543893155409,7891800003,易燃易疯易爆,m,https://m.weibo.cn/u/7891800003?launchid=10000360-page_H5,"https://tvax4.sinaimg.cn/crop.0.0.1080.1080.180/008C5bGPly8hngkceoxlrj30u00u0afj.jpg?KID=imgbed,tva&Expires=1778777614&ssig=MoV1UTnAPe",search_comments_2026-05-14.csv,search_comment,还得是你们速度最快,True,False
5298544227385613,1778783648,2026-05-14 18:34:08+08:00,5298543512521068,哪来的好奇,1,0,1778766814670,上海,5298544227385613,5453435003,Even尼,f,https://m.weibo.cn/u/5453435003?launchid=10000360-page_H5,"https://tvax4.sinaimg.cn/crop.0.0.1080.1080.180/005X43z5ly8icn3fa6dxbj30u00u0400.jpg?KID=imgbed,tva&Expires=1778777614&ssig=vG0GgYWbGb",search_comments_2026-05-14.csv,search_comment,哪来的好奇,True,False
5298587726775820,1778794020,2026-05-14 21:27:00+08:00,5298587506313772,他表现正常得让我各种不适应,20,339,1778766821210,上海,5298587726775820,1984011820,back282,f,https://m.weibo.cn/u/1984011820?launchid=10000360-page_H5,"https://tva3.sinaimg.cn/crop.0.0.180.180.180/76419e2cjw1e8qgp5bmzyj2050050aa8.jpg?KID=imgbed,tva&Expires=1778777621&ssig=i%2FyIe6xaog",search_comments_2026-05-14.csv,search_comment,他表现正常得让我各种不适应,True,False
5298587640794134,1778793999,2026-05-14 21:26:39+08:00,5298587506313772,勋子都喝麻了,10,93,1778766821212,湖南,5298587640794134,1833153860,睡眠不足李雷雷,m,https://m.weibo.cn/u/1833153860?launchid=10000360-page_H5,"https://tva2.sinaimg.cn/crop.0.0.180.180.180/6d43b544jw1e8qgp5bmzyj2050050aa8.jpg?KID=imgbed,tva&Expires=1778777621&ssig=vAkKq9BU0G",search_comments_2026-05-14.csv,search_comment,勋子都喝麻了,True,False
5298587803587233,1778794038,2026-05-14 21:27:18+08:00,5298587506313772,这不太对劲吧，这还是特朗普吗,0,71,1778766821214,山东,5298587803587233,5870461224,灵谌尽处,m,https://m.weibo.cn/u/5870461224?launchid=10000360-page_H5,"https://tvax1.sinaimg.cn/crop.0.0.996.996.180/006phR8sly8glnb5pbz9wj30ro0roq6i.jpg?KID=imgbed,tva&Expires=1778777621&ssig=vhAt2JH4p%2F",search_comments_2026-05-14.csv,search_comment,这不太对劲吧这还是特朗普吗,True,False
5298561933643801,1778787870,2026-05-14 19:44:30+08:00,5298561476723528,你好歹也站起来啊,3,2,1778766827586,四川,5298561933643801,1708297405,zqall1030,m,https://m.weibo.cn/u/1708297405?launchid=10000360-page_H5,"https://tvax3.sinaimg.cn/crop.0.0.690.690.180/65d28cbdly8hvjwd9hqr9j20j60j6jt1.jpg?KID=imgbed,tva&Expires=1778777627&ssig=Ep5WiHBRAC",search_comments_2026-05-14.csv,search_comment,你好歹也站起来啊,True,False
5298551317334709,1778785339,2026-05-14 19:02:19+08:00,5298547800933763,今天明天的生鲜发货我都不敢发，错开，后天发，就怕环节卡壳,0,0,1778766833943,云南,5298551317334709,2024857661,云南曾颖,f,https://m.weibo.cn/u/2024857661?launchid=10000360-page_H5,"https://tva1.sinaimg.cn/crop.0.0.180.180.180/78b0e03djw1e8qgp5bmzyj2050050aa8.jpg?KID=imgbed,tva&Expires=1778777634&ssig=SP0MwGh7JY",search_comments_2026-05-14.csv,search_comment,今天明天的生鲜发货我都不敢发错开后天发就怕环节卡壳,True,False
5298587435272399,1778793950,2026-05-14 21:25:50+08:00,5298587066176021,还简化了中国船只手续就问你们，这世界谁才是压舱石吧？,0,4,1778766856864,江苏,5298587435272399,8279887094,我用AI写日常,m,https://m.weibo.cn/u/8279887094?launchid=10000360-page_H5,"https://tvax4.sinaimg.cn/crop.0.0.1080.1080.180/0092lyS2ly8icgefbbca2j30u00u0whp.jpg?KID=imgbed,tva&Expires=1778777656&ssig=rS9HyayEOm",search_comments_2026-05-14.csv,search_comment,还简化了中国船只手续就问你们这世界谁才是压舱石吧,True,False
5298592854312665,1778795242,2026-05-14 21:47:22+08:00,5298587066176021,郎子把海峡控制权拿在了手里,0,1,1778766856868,山东,5298592854312665,6743638961,用户729955354,m,https://m.weibo.cn/u/6743638961?launchid=10000360-page_H5,"https://tvax3.sinaimg.cn/crop.0.0.787.787.180/007mnCylly8hs1vo54witj30lv0lvgmq.jpg?KID=imgbed,tva&Expires=1778777656&ssig=xEKMOb0EMg",search_comments_2026-05-14.csv,search_comment,郎子把海峡控制权拿在了手里,True,False
5298588876013722,1778794293,2026-05-14 21:31:33+08:00,5298587066176021,中国依旧世界之巅,0,1,1778766856870,新疆,5298588876013722,5606563833,阿莱克西娅-卡芙卡,f,https://m.weibo.cn/u/5606563833?launchid=10000360-page_H5,"https://tvax2.sinaimg.cn/crop.0.0.750.750.180/0067qzmVly8hyyi3dl41oj30ku0kuta2.jpg?KID=imgbed,tva&Expires=1778777656&ssig=lbrzvuCFUd",search_comments_2026-05-14.csv,search_comment,中国依旧世界之巅,True,False
5298558217489569,1778786984,2026-05-14 19:29:44+08:00,5298546632036962,她知道休息不好，就不要来参加节目啊，在家好好休息吧,72,4701,1778766896868,山东,5298558217489569,5379600726,木木43866,f,https://m.weibo.cn/u/5379600726?launchid=10000360-page_H5,"https://tvax1.sinaimg.cn/crop.0.0.1080.1080.180/005S4fTEly8hxflur0cl8j30u00u0tby.jpg?KID=imgbed,tva&Expires=1778777696&ssig=2YOmIvO95J",search_comments_2026-05-14.csv,search_comment,她知道休息不好就不要来参加节目啊在家好好休息吧,True,False
5298550762114713,1778785207,2026-05-14 19:00:07+08:00,5298546632036962,好想知道方媛最后有没有成功住进男生单间,1,21,1778766896873,江苏,5298550762114713,7288045660,可爱菜--,f,https://m.weibo.cn/u/7288045660?launchid=10000360-page_H5,"https://tvax4.sinaimg.cn/crop.0.0.500.500.180/007XdTByly8hfn75ojywyj30dw0dwq3j.jpg?KID=imgbed,tva&Expires=1778777696&ssig=Zto4tbIyPj",search_comments_2026-05-14.csv,search_comment,好想知道方媛最后有没有成功住进男生单间,True,False
5298552987454036,1778785737,2026-05-14 19:08:57+08:00,5298546632036962,换单间能理解，就是男生太不方便了,1,135,1778766896879,上海,5298552987454036,7944113224,糖浆发涩发苦,f,https://m.weibo.cn/u/7944113224?launchid=10000360-page_H5,"https://tvax2.sinaimg.cn/crop.0.0.620.620.180/008FCGKsly8hsvnwcwvc4j30h80h8ab7.jpg?KID=imgbed,tva&Expires=1778777696&ssig=lWmVVjep1Y",search_comments_2026-05-14.csv,search_comment,换单间能理解就是男生太不方便了,True,False
5298566874792492,1778789047,2026-05-14 20:04:07+08:00,5298566765480092,你认可方媛的做法吗？,2,19,1778766903266,内蒙古,5298566874792492,7169662622,可是你却冷冰冰,f,https://m.weibo.cn/u/7169662622?launchid=10000360-page_H5,"https://tvax4.sinaimg.cn/crop.0.0.1080.1080.180/007PdaLIly8id40zghfnrj30u00u0tay.jpg?KID=imgbed,tva&Expires=1778777703&ssig=X67tVXOAhV",search_comments_2026-05-14.csv,search_comment,你认可方媛的做法吗,True,False
5298580468533100,1778792289,2026-05-14 20:58:09+08:00,5298566765480092,确实这样太麻烦了,0,0,1778766903269,重庆,5298580468533100,2564132715,結絾明日桜,f,https://m.weibo.cn/u/2564132715?launchid=10000360-page_H5,"https://tvax3.sinaimg.cn/crop.0.0.1080.1080.180/98d58f6bly8ici019s6eij20u00u0q5v.jpg?KID=imgbed,tva&Expires=1778777703&ssig=4K6nTaNHVV",search_comments_2026-05-14.csv,search_comment,确实这样太麻烦了,True,False
5298577293446561,1778791532,2026-05-14 20:45:32+08:00,5298566765480092,这样真的是超级无敌尴尬。,0,0,1778766903272,江苏,5298577293446561,5941102581,Juli·Baker_c,f,https://m.weibo.cn/u/5941102581?launchid=10000360-page_H5,"https://tvax4.sinaimg.cn/crop.0.0.940.940.180/006u4gbbly8iczdejhs70j30q40q40vk.jpg?KID=imgbed,tva&Expires=1778777703&ssig=sMVIaO0QeQ",search_comments_2026-05-14.csv,search_comment,这样真的是超级无敌尴尬,True,False
5298567812221996,1778789272,2026-05-14 20:07:52+08:00,5298567646284102,你觉得方媛考虑是不是欠佳,2,8,1778766909703,湖南,5298567812221996,7953628518,Redttcc,f,https://m.weibo.cn/u/7953628518?launchid=10000360-page_H5,"https://tvax4.sinaimg.cn/crop.0.1.1080.1080.180/005BHmQ1ly8id0k883s29j30u00u0q6n.jpg?KID=imgbed,tva&Expires=1778777709&ssig=13%2F3Nyacoh",search_comments_2026-05-14.csv,search_comment,你觉得方媛考虑是不是欠佳,True,False
5298573423940907,1778790610,2026-05-14 20:30:10+08:00,5298567646284102,感觉这样对别人造成了不便呀,0,3,1778766909708,湖南,5298573423940907,7563979821,世永一,m,https://m.weibo.cn/u/7563979821?launchid=10000360-page_H5,"https://tvax4.sinaimg.cn/crop.0.0.1080.1080.180/008fTGGxly8id1qoxku91j30u00u0gsb.jpg?KID=imgbed,tva&Expires=1778777709&ssig=TMAiZGRqrY",search_comments_2026-05-14.csv,search_comment,感觉这样对别人造成了不便呀,True,False
5298580550323442,1778792309,2026-05-14 20:58:29+08:00,5298567646284102,所以女生几个人，几间房，几个卫生间？,1,8,1778766909711,山东,5298580550323442,7839213662,瓜子群众是路人甲乙丙,f,https://m.weibo.cn/u/7839213662?launchid=10000360-page_H5,"https://tvax4.sinaimg.cn/crop.31.0.1061.1061.180/008ywxA2ly8i9die3cd5bj30v80thjxg.jpg?KID=imgbed,tva&Expires=1778777709&ssig=%2B1BC6YK28C",search_comments_2026-05-14.csv,search_comment,所以女生几个人几间房几个卫生间,True,False
5298568744143982,1778789494,2026-05-14 20:11:34+08:00,5298566421808687,玩游戏都戴着墨镜，这B装的，真不想看她,6,257,1778766916201,海南,5298568744143982,2250817065,16顺顺顺,f,https://m.weibo.cn/u/2250817065?launchid=10000360-page_H5,"https://tvax2.sinaimg.cn/crop.0.0.749.749.180/8628be29ly8fnjfpbi8a9j20ku0kt76n.jpg?KID=imgbed,tva&Expires=1778777716&ssig=oiUlu7jCyl",search_comments_2026-05-14.csv,search_comment,玩游戏都戴着墨镜这B装的真不想看她,True,False
5298583830009947,1778793091,2026-05-14 21:11:31+08:00,5298566421808687,这情商就不要混娱乐圈了我们又不是闲的，看个节目就是为了放松的，结果来看老板娘一样的臭脸,0,20,1778766916205,辽宁,5298583830009947,7912952806,我是跟姐呀,f,https://m.weibo.cn/u/7912952806?launchid=10000360-page_H5,"https://tvax3.sinaimg.cn/crop.0.0.960.960.180/008DvWv4ly8hojecctq79j30qo0qo770.jpg?KID=imgbed,tva&Expires=1778777716&ssig=5NhYi6jwjq",search_comments_2026-05-14.csv,search_comment,这情商就不要混娱乐圈了我们又不是闲的看个节目就是为了放松的结果来看老板娘一样的臭脸,True,False
5298566681595063,1778789002,2026-05-14 20:03:22+08:00,5298566421808687,明明是个综艺，又不是个人秀场,0,32,1778766916206,山东,5298566681595063,5514597595,炸小梨偷薯,f,https://m.weibo.cn/u/5514597595?launchid=10000360-page_H5,"https://tvax4.sinaimg.cn/crop.0.0.1080.1080.180/0061cGKvly8i1xjxplogmj30u00u0dgt.jpg?KID=imgbed,tva&Expires=1778777716&ssig=VZVnZBIUmL",search_comments_2026-05-14.csv,search_comment,明明是个综艺又不是个人秀场,True,False
5298592753389406,1778795218,2026-05-14 21:46:58+08:00,5298573919132406,郭富城老婆么,0,0,1778766922751,广东,5298592753389406,2673858330,漫途飘扬,m,https://m.weibo.cn/u/2673858330?launchid=10000360-page_H5,"https://tva3.sinaimg.cn/crop.0.0.180.180.180/9f5fd71ajw1e8qgp5bmzyj2050050aa8.jpg?KID=imgbed,tva&Expires=1778777722&ssig=KdOPAXcP9K",search_comments_2026-05-14.csv,search_comment,郭富城老婆么,True,False
5298559782229167,1778787357,2026-05-14 19:35:57+08:00,5298559283105319,应援色，昼夜紫眼妆，周也爱我们,1,300,1778766975780,广东,5298559782229167,7413623543,大椰子饼-等谢清圆翻牌版,f,https://m.weibo.cn/u/7413623543?launchid=10000360-page_H5,"https://tvax1.sinaimg.cn/crop.0.0.1080.1080.180/0085IO9hly8icq9g5e50xj30u00u00xs.jpg?KID=imgbed,tva&Expires=1778777775&ssig=7qpVAht8m2",search_comments_2026-05-14.csv,search_comment,应援色昼夜紫眼妆周也爱我们,True,False
5298559356505254,1778787256,2026-05-14 19:34:16+08:00,5298559283105319,好美丽的也子,0,351,1778766975783,重庆,5298559356505254,7745495201,夏至的野心,f,https://m.weibo.cn/u/7745495201?launchid=10000360-page_H5,"https://tvax2.sinaimg.cn/crop.0.0.894.894.180/008sbj7Xly8hydhgkaukdj30ou0ouwfh.jpg?KID=imgbed,tva&Expires=1778777775&ssig=Of9i8fLEA2",search_comments_2026-05-14.csv,search_comment,好美丽的也子,True,False
5298559344968661,1778787252,2026-05-14 19:34:12+08:00,5298559283105319,宝宝美爆啦！,1,354,1778766975787,四川,5298559344968661,7210458762,抹茶椰子粥,f,https://m.weibo.cn/u/7210458762?launchid=10000360-page_H5,"https://tvax3.sinaimg.cn/crop.0.0.1080.1080.180/007RYlHYly8hy348wtlzhj30u00u0dgl.jpg?KID=imgbed,tva&Expires=1778777775&ssig=P%2FnVOZZuoM",search_comments_2026-05-14.csv,search_comment,宝宝美爆啦,True,False
5298553035430372,1778785749,2026-05-14 19:09:09+08:00,5298551359801581,期待周也再次闪耀戛纳红毯,0,82,1778766982175,广东,5298553035430372,7413623543,大椰子饼-等谢清圆翻牌版,f,https://m.weibo.cn/u/7413623543?launchid=10000360-page_H5,"https://tvax1.sinaimg.cn/crop.0.0.1080.1080.180/0085IO9hly8icq9g5e50xj30u00u00xs.jpg?KID=imgbed,tva&Expires=1778777782&ssig=CeX8ythglG",search_comments_2026-05-14.csv,search_comment,期待周也再次闪耀戛纳红毯,True,False
5296663417851625,1778335229,2026-05-09 14:00:29+08:00,5296663297001196,期待田栩宁 💛⚡☀️柠檬水永远支持你💛⚡️☀️,7,13586,1778766988719,安徽,5296663417851625,2767040747,百变_IX,f,https://m.weibo.cn/u/2767040747?launchid=10000360-page_H5,"https://tvax2.sinaimg.cn/crop.0.0.1080.1080.180/a4edb0ebly8iaysw18z8oj20u00u0tau.jpg?KID=imgbed,tva&Expires=1778777788&ssig=2liXdDdciq",search_comments_2026-05-14.csv,search_comment,期待田栩宁 柠檬水永远支持你,True,False
5296663428072965,1778335231,2026-05-09 14:00:31+08:00,5296663297001196,期待田栩宁,2,11792,1778766988722,重庆,5296663428072965,5567690671,一只糯米Ly,f,https://m.weibo.cn/u/5567690671?launchid=10000360-page_H5,"https://tvax1.sinaimg.cn/crop.0.0.1080.1080.180/0064NsGrly8icbdpaqbelj30u00u0dhn.jpg?KID=imgbed,tva&Expires=1778777788&ssig=fiBDbIuklS",search_comments_2026-05-14.csv,search_comment,期待田栩宁,True,False
5298581348025372,1778792499,2026-05-14 21:01:39+08:00,5298580499997246,完全就是迪士尼在逃公主呀,0,15,1778766995058,黑龙江,5298581348025372,7944730307,神奈川的小獭酱,f,https://m.weibo.cn/u/7944730307?launchid=10000360-page_H5,"https://tvax4.sinaimg.cn/crop.0.0.1080.1080.180/008FFhhply8id5bffn6hij30u00u0q5d.jpg?KID=imgbed,tva&Expires=1778777795&ssig=exzpDXWv%2F5",search_comments_2026-05-14.csv,search_comment,完全就是迪士尼在逃公主呀,True,False
5298580623198800,1778792326,2026-05-14 20:58:46+08:00,5298580499997246,骨相真好呀,0,12,1778766995060,黑龙江,5298580623198800,7944730307,神奈川的小獭酱,f,https://m.weibo.cn/u/7944730307?launchid=10000360-page_H5,"https://tvax4.sinaimg.cn/crop.0.0.1080.1080.180/008FFhhply8id5bffn6hij30u00u0q5d.jpg?KID=imgbed,tva&Expires=1778777795&ssig=exzpDXWv%2F5",search_comments_2026-05-14.csv,search_comment,骨相真好呀,True,False
5298580598030731,1778792320,2026-05-14 20:58:40+08:00,5298580499997246,周也也太美了吧,0,9,1778766995063,黑龙江,5298580598030731,7944730307,神奈川的小獭酱,f,https://m.weibo.cn/u/7944730307?launchid=10000360-page_H5,"https://tvax4.sinaimg.cn/crop.0.0.1080.1080.180/008FFhhply8id5bffn6hij30u00u0q5d.jpg?KID=imgbed,tva&Expires=1778777795&ssig=exzpDXWv%2F5",search_comments_2026-05-14.csv,search_comment,周也也太美了吧,True,False
5298591992387955,1778795037,2026-05-14 21:43:57+08:00,5298591100308147,老师的键盘马上擦出火星花子了,0,0,1778767001469,江苏,5298591992387955,9172274603,海底椰椰yeah,f,https://m.weibo.cn/u/9172274603?launchid=10000360-page_H5,"https://tvax3.sinaimg.cn/crop.0.0.1080.1080.180/00a0JVCXly8id1volgkf1j30u00u0add.jpg?KID=imgbed,tva&Expires=1778777801&ssig=siDjxS2lBv",search_comments_2026-05-14.csv,search_comment,老师的键盘马上擦出火星花子了,True,False
5298591825401916,1778794997,2026-05-14 21:43:17+08:00,5298591100308147,老师今天这么高产,0,0,1778767001473,河南,5298591825401916,7823461404,日升北海南,f,https://m.weibo.cn/u/7823461404?launchid=10000360-page_H5,"https://tvax2.sinaimg.cn/crop.0.0.1079.1079.180/008xsrHmly8i60cfhw1gqj30tz0u076w.jpg?KID=imgbed,tva&Expires=1778777801&ssig=NbPhyy2BWi",search_comments_2026-05-14.csv,search_comment,老师今天这么高产,True,False
5298570270086745,1778789858,2026-05-14 20:17:38+08:00,5298567323320330,你这是接单了吧？多少钱一条？,1,1,1778767007807,山东,5298570270086745,7899021283,若相遇则楠相忘,f,https://m.weibo.cn/u/7899021283?launchid=10000360-page_H5,"https://tvax4.sinaimg.cn/crop.0.0.720.720.180/008Czuh5ly8hm1ldruqikj30k00k0dgt.jpg?KID=imgbed,tva&Expires=1778777807&ssig=%2B1vKBiA0Lo",search_comments_2026-05-14.csv,search_comment,你这是接单了吧多少钱一条,True,False
5298585837241272,1778793568,2026-05-14 21:19:28+08:00,5298567323320330,Who sent this woman to the film festival?,0,0,1778767007810,格鲁吉亚,5298585837241272,8489819456,善解长颈鹿做甜品,f,https://m.weibo.cn/u/8489819456?launchid=10000360-page_H5,"https://tvax1.sinaimg.cn/crop.0.0.500.500.180/009gypRSly8ias3cusvkej30dw0dwq3a.jpg?KID=imgbed,tva&Expires=1778777807&ssig=CqPmV%2FUITp",search_comments_2026-05-14.csv,search_comment,Who sent this woman to the film festival,True,False
5298487876911183,1778770213,2026-05-14 14:50:13+08:00,5298481887707876,这销售是咋敢的啊，可不是小数,122,3020,1778767067717,河南,5298487876911183,6414494768,凸凹一凹凸一凹凸,m,https://m.weibo.cn/u/6414494768?launchid=10000360-page_H5,"https://tvax4.sinaimg.cn/crop.10.0.492.492.180/00706z72ly8flzxlsz3tyj30e80do751.jpg?KID=imgbed,tva&Expires=1778777867&ssig=ftVyGXOoBb",search_comments_2026-05-14.csv,search_comment,这销售是咋敢的啊可不是小数,True,False
5298529154891824,1778780054,2026-05-14 17:34:14+08:00,5298481887707876,财务怎么当的 退款居然不原账户退回 ,16,1382,1778767067721,浙江,5298529154891824,1775379735,近城整木,m,https://m.weibo.cn/u/1775379735?launchid=10000360-page_H5,"https://tvax2.sinaimg.cn/crop.0.0.1080.1080.180/69d22517ly8icvspls9e7j20u00u0jti.jpg?KID=imgbed,tva&Expires=1778777867&ssig=49cS%2BIKMvn",search_comments_2026-05-14.csv,search_comment,财务怎么当的 退款居然不原账户退回 ,True,False
5298488162390147,1778770282,2026-05-14 14:51:22+08:00,5298481887707876,我可能都付不出去11w……,32,652,1778767067725,河南,5298488162390147,6820265621,立志拯救世界的少年,m,https://m.weibo.cn/u/6820265621?launchid=10000360-page_H5,"https://tvax2.sinaimg.cn/crop.0.0.1002.1002.180/007rz8Edly8fwx44qmx8aj30ru0rudgi.jpg?KID=imgbed,tva&Expires=1778777867&ssig=cpn7XOQenx",search_comments_2026-05-14.csv,search_comment,我可能都付不出去11w,True,False
5298527372838417,1778779630,2026-05-14 17:27:10+08:00,5298526839115893,咋这样，挺佩服的哈,1,1,1778767074078,海南,5298527372838417,7371412675,最富的公主,f,https://m.weibo.cn/u/7371412675?launchid=10000360-page_H5,"https://tvax1.sinaimg.cn/crop.0.0.1080.1080.180/0082RHaPly8iczr5x2qhkj30u00u0tb3.jpg?KID=imgbed,tva&Expires=1778777874&ssig=D4fBNdzLei",search_comments_2026-05-14.csv,search_comment,咋这样挺佩服的哈,True,False
5298527466952046,1778779653,2026-05-14 17:27:33+08:00,5298526839115893,付完💰不是会有个信息弹出来吗？,1,2,1778767074081,福建,5298527466952046,7978705632,婲婳婳啊,f,https://m.weibo.cn/u/7978705632?launchid=10000360-page_H5,"https://tvax1.sinaimg.cn/crop.0.0.640.640.640.180/002XJY2Tly8ib8wixc3mnj606c06cglo02.jpg?KID=imgbed,tva&Expires=1778777874&ssig=t2r%2BtjCSAI",search_comments_2026-05-14.csv,search_comment,付完不是会有个信息弹出来吗,True,False
5298541182589162,1778782923,2026-05-14 18:22:03+08:00,5298526839115893,心大有钱人，多付十万竟不察觉，账单不细看不行啊！,0,5,1778767074084,云南,5298541182589162,7949090819,呆萌的小甜心m,f,https://m.weibo.cn/u/7949090819?launchid=10000360-page_H5,"https://tvax3.sinaimg.cn/crop.0.0.690.690.180/008FXzEfly8htrngfo1xbj30j60j675p.jpg?KID=imgbed,tva&Expires=1778777874&ssig=KqCvThVozt",search_comments_2026-05-14.csv,search_comment,心大有钱人多付十万竟不察觉账单不细看不行啊,True,False
5298537348730174,1778782009,2026-05-14 18:06:49+08:00,5298537224997437,一个榴莲11🥣这也太贵了,1,4,1778767080420,四川,5298537348730174,2363846763,旗晚吟,f,https://m.weibo.cn/u/2363846763?launchid=10000360-page_H5,"https://tvax2.sinaimg.cn/crop.0.0.1080.1080.180/8ce5706bly8ibicbubk9jj20u00u0god.jpg?KID=imgbed,tva&Expires=1778777880&ssig=wLFlrJOMqq",search_comments_2026-05-14.csv,search_comment,一个榴莲11这也太贵了,True,False
5298538420374178,1778782264,2026-05-14 18:11:04+08:00,5298537224997437,商家诚信为上，我不信他没发现,1,3,1778767080425,内蒙古,5298538420374178,6205283058,CC-yunqi,f,https://m.weibo.cn/u/6205283058?launchid=10000360-page_H5,"https://tvax4.sinaimg.cn/crop.0.0.1080.1080.180/006LWJACly8i9nfwxa7pej30u00u0tb0.jpg?KID=imgbed,tva&Expires=1778777880&ssig=u4nbIdfTd2",search_comments_2026-05-14.csv,search_comment,商家诚信为上我不信他没发现,True,False
5298538227698715,1778782218,2026-05-14 18:10:18+08:00,5298537224997437,这也太坑了，真的不是我说,1,4,1778767080427,内蒙古,5298538227698715,8290649378,橘子汽水C-,m,https://m.weibo.cn/u/8290649378?launchid=10000360-page_H5,"https://tvax3.sinaimg.cn/crop.0.0.132.132.180/00934IDgly4i9ctdpq1dqj303o03odfo.jpg?KID=imgbed,tva&Expires=1778777880&ssig=46BOGTN5dl",search_comments_2026-05-14.csv,search_comment,这也太坑了真的不是我说,True,False
5298537736963299,1778782101,2026-05-14 18:08:21+08:00,5298534614041397,世界是一个巨大的草台班子,0,2,1778767103377,浙江,5298537736963299,5665297910,神夜祭司,f,https://m.weibo.cn/u/5665297910?launchid=10000360-page_H5,"https://tvax4.sinaimg.cn/crop.0.0.1080.1080.180/006bp0MKly8i320bibgd1j30u00u0dho.jpg?KID=imgbed,tva&Expires=1778777903&ssig=o%2Favg1lrq7",search_comments_2026-05-14.csv,search_comment,世界是一个巨大的草台班子,True,False
5298543901806779,1778783571,2026-05-14 18:32:51+08:00,5298543084439833,合作几年还这么坑，这商家以后谁敢打交道啊。,2,0,1778767109761,福建,5298543901806779,7273818835,雾散时风起_iy,f,https://m.weibo.cn/u/7273818835?launchid=10000360-page_H5,"https://tvax2.sinaimg.cn/crop.0.0.1080.1080.180/007WgcyDly8icanvztkb3j30u00u0adc.jpg?KID=imgbed,tva&Expires=1778777909&ssig=0oLrccg7iy",search_comments_2026-05-14.csv,search_comment,合作几年还这么坑这商家以后谁敢打交道啊,True,False
5298544010596410,1778783597,2026-05-14 18:33:17+08:00,5298543084439833,这是自己的销售,1,0,1778767109765,广东,5298544010596410,7569297449,积木木屋,m,https://m.weibo.cn/u/7569297449?launchid=10000360-page_H5,"https://tvax1.sinaimg.cn/crop.0.0.479.479.180/008gg02Jly8i5masimtpjj30db0dbmx7.jpg?KID=imgbed,tva&Expires=1778777909&ssig=vAvFnS4jCz",search_comments_2026-05-14.csv,search_comment,这是自己的销售,True,False
5298590362896751,1778794648,2026-05-14 21:37:28+08:00,5298531913171082,看完新闻我赶紧拿起手机打开支付软件，翻了翻最近三个月的账单，生怕自己哪天不小心也多输个零，现在手心还冒汗呢。,1,1,1778767122506,福建,5298590362896751,7930339377,淡然一笑生,m,https://m.weibo.cn/u/7930339377?launchid=10000360-page_H5,"https://tvax3.sinaimg.cn/crop.0.0.1080.1080.180/008EGTxDly8i1ogoqmtlqj30u00u0mzk.jpg?KID=imgbed,tva&Expires=1778777922&ssig=vB7W8%2FVVAJ",search_comments_2026-05-14.csv,search_comment,看完新闻我赶紧拿起手机打开支付软件翻了翻最近三个月的账单生怕自己哪天不小心也多输个零现在手心还冒汗呢,True,False
5298573472437325,1778790621,2026-05-14 20:30:21+08:00,5298531913171082,有💰人的世界我不懂,0,0,1778767122510,江西,5298573472437325,6136614971,阳光小小玥,f,https://m.weibo.cn/u/6136614971?launchid=10000360-page_H5,"https://tvax1.sinaimg.cn/crop.0.0.1080.1080.180/006HiBSPly8i4bkmwhba2j30u00u00vd.jpg?KID=imgbed,tva&Expires=1778777922&ssig=5lPEaU0bH7",search_comments_2026-05-14.csv,search_comment,有人的世界我不懂,True,False
5298590643913284,1778794714,2026-05-14 21:38:34+08:00,5298531913171082,买完榴莲几个月都不看账单，这得是多有钱的心大老板啊，换我付错两千块当天就能发现。,1,0,1778767122511,福建,5298590643913284,7425737435,枣日成功,f,https://m.weibo.cn/u/7425737435?launchid=10000360-page_H5,"https://tvax1.sinaimg.cn/crop.0.0.1080.1080.180/0086xDwDly8iczbipvs1tj30u00u0tb1.jpg?KID=imgbed,tva&Expires=1778777922&ssig=OqD9uo0%2Bzu",search_comments_2026-05-14.csv,search_comment,买完榴莲几个月都不看账单这得是多有钱的心大老板啊换我付错两千块当天就能发现,True,False
5298530017347932,1778780261,2026-05-14 17:37:41+08:00,5298529446661171,这个图属实吗？我的录音听了吗？意识到自己在造谣吗？,33,64,1778767139297,山西,5298530017347932,6269477225,勇敢小狐不怕困难,f,https://m.weibo.cn/u/6269477225?launchid=10000360-page_H5,"https://tvax4.sinaimg.cn/crop.0.0.1080.1080.180/006Qi5qply8i99cs1z8pkj30u00u0goc.jpg?KID=imgbed,tva&Expires=1778777939&ssig=Se2cRZKXPD",search_comments_2026-05-14.csv,search_comment,这个图属实吗我的录音听了吗意识到自己在造谣吗,True,False
5298529632256943,1778780168,2026-05-14 17:36:08+08:00,5298529446661171,明天有一个直播，应该就知道了。,0,1,1778767139300,山东,5298529632256943,8350954565,岳阳楼茱,m,https://m.weibo.cn/u/8350954565?launchid=10000360-page_H5,"https://tvax2.sinaimg.cn/crop.0.0.500.500.180/00979KLzly8i4tamzlv5xj30dw0dwq46.jpg?KID=imgbed,tva&Expires=1778777939&ssig=GGQkrkidY9",search_comments_2026-05-14.csv,search_comment,明天有一个直播应该就知道了,True,False
5298529719550796,1778780190,2026-05-14 17:36:30+08:00,5298529446661171,娃娃菜我将带头冲锋,0,0,1778767139302,贵州,5298529719550796,6204206654,皮特-格里份,f,https://m.weibo.cn/u/6204206654?launchid=10000360-page_H5,"https://tvax1.sinaimg.cn/crop.0.0.512.512.180/006LSdzgly8i3jjuxggk9j30e80e8gm7.jpg?KID=imgbed,tva&Expires=1778777939&ssig=rIcNP9g%2Fy8",search_comments_2026-05-14.csv,search_comment,娃娃菜我将带头冲锋,True,False
5298506141272936,1778774568,2026-05-14 16:02:48+08:00,5298505927100670,真的有张碧晨吗期待,38,857,1778767145890,重庆,5298506141272936,6003164918,syq_沈云卿,f,https://m.weibo.cn/u/6003164918?launchid=10000360-page_H5,"https://tvax4.sinaimg.cn/crop.0.0.1080.1080.180/006ygFqCly8icwz5gmctjj30u00u00u4.jpg?KID=imgbed,tva&Expires=1778777945&ssig=xtl4oRM%2Bea",search_comments_2026-05-14.csv,search_comment,真的有张碧晨吗期待,True,False
5298506531085061,1778774661,2026-05-14 16:04:21+08:00,5298505927100670,有张碧晨没 真的有她吗 有我就期待,7,615,1778767145891,广东,5298506531085061,6329491643,每天睡不着起不来啊,m,https://m.weibo.cn/u/6329491643?launchid=10000360-page_H5,"https://tvax3.sinaimg.cn/crop.0.0.1080.1080.180/006UlTUTly8id18yyd708j30u00u0mzt.jpg?KID=imgbed,tva&Expires=1778777945&ssig=E6HiOE%2Bhs3",search_comments_2026-05-14.csv,search_comment,有张碧晨没 真的有她吗 有我就期待,True,False
5298514231035114,1778776497,2026-05-14 16:34:57+08:00,5298513584065338,期待张碧晨哇,0,18,1778767152322,江西,5298514231035114,6224000161,菀儿小精灵lhc,f,https://m.weibo.cn/u/6224000161?launchid=10000360-page_H5,"https://tvax4.sinaimg.cn/crop.0.0.1080.1080.180/006NdgLnly8ib27nmkpz7j30u00u0gni.jpg?KID=imgbed,tva&Expires=1778777952&ssig=Nck%2F7JOwbW",search_comments_2026-05-14.csv,search_comment,期待张碧晨哇,True,False
5298516835698048,1778777118,2026-05-14 16:45:18+08:00,5298513584065338,quickly,0,1,1778767152325,河南,5298516835698048,8015625554,戴萌爱吃橘子,f,https://m.weibo.cn/u/8015625554?launchid=10000360-page_H5,"https://tvax3.sinaimg.cn/crop.0.0.1080.1080.180/008KsKn8ly8ic1eya344aj30u00u1q5c.jpg?KID=imgbed,tva&Expires=1778777952&ssig=RgPV9IbP3H",search_comments_2026-05-14.csv,search_comment,quickly,True,False
5298514206657772,1778776491,2026-05-14 16:34:51+08:00,5298513584065338,啊啊啊好期待zbc,0,15,1778767152326,浙江,5298514206657772,7787682355,请早早睡觉_,f,https://m.weibo.cn/u/7787682355?launchid=10000360-page_H5,"https://tvax1.sinaimg.cn/crop.0.0.1080.1080.180/008v2jVVly8ic9rkrkharj30u00u0ac6.jpg?KID=imgbed,tva&Expires=1778777952&ssig=wpfsbs6lTB",search_comments_2026-05-14.csv,search_comment,啊啊啊好期待zbc,True,False
5298555415954928,1778786316,2026-05-14 19:18:36+08:00,5298554889573571,希望胡彦斌能来了啊 呜呜呜,1,2,1778767158729,河南,5298555415954928,5237331118,没有船票我与你游,f,https://m.weibo.cn/u/5237331118?launchid=10000360-page_H5,"https://tvax1.sinaimg.cn/crop.0.0.512.512.180/005Irj4yly8i2o3t70xeaj30e80e8ab2.jpg?KID=imgbed,tva&Expires=1778777958&ssig=TtH2WOyHEq",search_comments_2026-05-14.csv,search_comment,希望胡彦斌能来了啊 呜呜呜,True,False
5298555365363106,1778786304,2026-05-14 19:18:24+08:00,5298554889573571,等到定档了呀，这个阵容真的特别给力的呀,0,0,1778767158732,江苏,5298555365363106,7796388431,O吃胖ing,m,https://m.weibo.cn/u/7796388431?launchid=10000360-page_H5,"https://tvax3.sinaimg.cn/crop.0.0.824.824.180/008vCQMvly8hh47d8bw9jj30mw0mwjsr.jpg?KID=imgbed,tva&Expires=1778777958&ssig=WjJufQk2Nt",search_comments_2026-05-14.csv,search_comment,等到定档了呀这个阵容真的特别给力的呀,True,False
5298555654504906,1778786372,2026-05-14 19:19:32+08:00,5298554889573571,超级希望胡彦斌参加歌手,1,1,1778767158735,湖北,5298555654504906,7752315190,shgkaniaoon,f,https://m.weibo.cn/u/7752315190?launchid=10000360-page_H5,"https://tvax3.sinaimg.cn/crop.0.0.1080.1080.180/008sDVjMly8hn3dbf6m6wj30u00u1tat.jpg?KID=imgbed,tva&Expires=1778777958&ssig=fmhEGDcTRc",search_comments_2026-05-14.csv,search_comment,超级希望胡彦斌参加歌手,True,False
5298510355499229,1778775573,2026-05-14 16:19:33+08:00,5298509827278296,张碧晨唱功超稳，光的方向舞台永远封神,0,21,1778767165167,山东,5298510355499229,7792999834,秋柏秋柏秋柏,m,https://m.weibo.cn/u/7792999834?launchid=10000360-page_H5,"https://tvax1.sinaimg.cn/crop.0.0.512.512.180/008voDfIly8hg80ta8c72j30e80e8wf7.jpg?KID=imgbed,tva&Expires=1778777965&ssig=CEtZXSKnZY",search_comments_2026-05-14.csv,search_comment,张碧晨唱功超稳光的方向舞台永远封神,True,False
5298516006011383,1778776920,2026-05-14 16:42:00+08:00,5298509827278296,期待女王张碧晨,0,14,1778767165171,重庆,5298516006011383,6003164918,syq_沈云卿,f,https://m.weibo.cn/u/6003164918?launchid=10000360-page_H5,"https://tvax4.sinaimg.cn/crop.0.0.1080.1080.180/006ygFqCly8icwz5gmctjj30u00u00u4.jpg?KID=imgbed,tva&Expires=1778777965&ssig=BIBF8NIdRs",search_comments_2026-05-14.csv,search_comment,期待女王张碧晨,True,False
5298515928680059,1778776902,2026-05-14 16:41:42+08:00,5298509827278296,谁来给张碧晨粉丝一个准话，到底有没有张碧晨,0,12,1778767165176,河北,5298515928680059,7731684900,Echoes-我们拥有彼此,m,https://m.weibo.cn/u/7731684900?launchid=10000360-page_H5,"https://tvax1.sinaimg.cn/crop.0.0.1080.1080.180/008rfmraly8icy7q7dql6j30u00u0ju3.jpg?KID=imgbed,tva&Expires=1778777965&ssig=kgJvoqm5JK",search_comments_2026-05-14.csv,search_comment,谁来给张碧晨粉丝一个准话到底有没有张碧晨,True,False
5298565439557589,1778788706,2026-05-14 19:58:26+08:00,5298533146034484,快速选择，你喜欢王楚钦吗,9,27,1778767229426,云南,5298565439557589,5731374962,s形邓媚,f,https://m.weibo.cn/u/5731374962?launchid=10000360-page_H5,"https://tvax1.sinaimg.cn/crop.0.0.1080.1080.180/006fSgrEly8ia5wsiwmeuj30u00u0zng.jpg?KID=imgbed,tva&Expires=1778778029&ssig=o5f2j3atRY",search_comments_2026-05-14.csv,search_comment,快速选择你喜欢王楚钦吗,True,False
5298565372972041,1778788690,2026-05-14 19:58:10+08:00,5298533146034484,王楚钦夸夸博主，欢迎大家关注,0,12,1778767229497,云南,5298565372972041,5731374962,s形邓媚,f,https://m.weibo.cn/u/5731374962?launchid=10000360-page_H5,"https://tvax1.sinaimg.cn/crop.0.0.1080.1080.180/006fSgrEly8ia5wsiwmeuj30u00u0zng.jpg?KID=imgbed,tva&Expires=1778778029&ssig=o5f2j3atRY",search_comments_2026-05-14.csv,search_comment,王楚钦夸夸博主欢迎大家关注,True,False
5298574175769435,1778790789,2026-05-14 20:33:09+08:00,5298533146034484,更喜欢莎莎,16,9,1778767229502,陕西,5298574175769435,2508802827,南飞风筝,f,https://m.weibo.cn/u/2508802827?launchid=10000360-page_H5,"https://tvax1.sinaimg.cn/crop.0.0.640.640.180/95894b0bly8fz68cyyoq0j20hs0hsgmj.jpg?KID=imgbed,tva&Expires=1778778029&ssig=iaHMXyfJ%2FA",search_comments_2026-05-14.csv,search_comment,更喜欢莎莎,True,False
5298531864417851,1778780701,2026-05-14 17:45:01+08:00,5298531435807028,小宋那你看cc 呢哈哈哈哈哈,57,275,1778767236021,重庆,5298531864417851,7538685657,xxxx_xyx,m,https://m.weibo.cn/u/7538685657?launchid=10000360-page_H5,"https://tvax4.sinaimg.cn/crop.0.0.959.959.180/008ebyw9ly8i1dtjrhw8kj30qn0qn0u7.jpg?KID=imgbed,tva&Expires=1778778036&ssig=cxPesIh7Sb",search_comments_2026-05-14.csv,search_comment,小宋那你看cc 呢哈哈哈哈哈,True,False
5298532116598471,1778780761,2026-05-14 17:46:01+08:00,5298531435807028,只是实话实说🤗,0,3,1778767236027,河南,5298532116598471,2638200305,櫻井Aki,f,https://m.weibo.cn/u/2638200305?launchid=10000360-page_H5,"https://tvax4.sinaimg.cn/crop.0.0.959.959.180/9d3fbdf1ly8i280yinnuwj20qn0qndji.jpg?KID=imgbed,tva&Expires=1778778036&ssig=qm6h%2BEcJWI",search_comments_2026-05-14.csv,search_comment,只是实话实说,True,False
5298531940434518,1778780719,2026-05-14 17:45:19+08:00,5298531435807028,话说，王哥今天露的比拍沐浴露广告都多（x,6,75,1778767236033,浙江,5298531940434518,7579487071,下饭必备冰西瓜,f,https://m.weibo.cn/u/7579487071?launchid=10000360-page_H5,"https://tvax3.sinaimg.cn/crop.0.0.1080.1080.180/008gWKPtly8h8t3927pozj30u00u0jw6.jpg?KID=imgbed,tva&Expires=1778778036&ssig=qya%2FsJc3M6",search_comments_2026-05-14.csv,search_comment,话说王哥今天露的比拍沐浴露广告都多x,True,False
5298592836225676,1778795238,2026-05-14 21:47:18+08:00,5298567428444545,确实好看，帅,0,0,1778767242472,重庆,5298592836225676,3232928332,Dai雯儿,f,https://m.weibo.cn/u/3232928332?launchid=10000360-page_H5,"https://tvax2.sinaimg.cn/crop.0.0.1080.1080.180/c0b2924cly8i03oe8dpzej20u00u0q79.jpg?KID=imgbed,tva&Expires=1778778042&ssig=G%2FxCBI7GR7",search_comments_2026-05-14.csv,search_comment,确实好看帅,True,False
5298576633630722,1778791375,2026-05-14 20:42:55+08:00,5298567428444545,孩子尽力了，太帅了，完美,0,2,1778767242478,河南,5298576633630722,1885370845,sxsyxw,f,https://m.weibo.cn/u/1885370845?launchid=10000360-page_H5,"https://tvax4.sinaimg.cn/crop.0.0.1080.1080.180/706079ddly8ianqp0lkdaj20u00u0jtd.jpg?KID=imgbed,tva&Expires=1778778042&ssig=HVrSiXrD1y",search_comments_2026-05-14.csv,search_comment,孩子尽力了太帅了完美,True,False
5298547605897761,1778784454,2026-05-14 18:47:34+08:00,5298545888329729,王楚钦穿西装的样子好帅,0,2,1778767248897,海南,5298547605897761,2469853180,泰妮的追剧日常,f,https://m.weibo.cn/u/2469853180?launchid=10000360-page_H5,"https://tvax3.sinaimg.cn/crop.0.0.1080.1080.180/9336f7fcly8ictu0aln6fj20u00u00ws.jpg?KID=imgbed,tva&Expires=1778778048&ssig=msGXJYPL9T",search_comments_2026-05-14.csv,search_comment,王楚钦穿西装的样子好帅,True,False
5298595859532766,1778795959,2026-05-14 21:59:19+08:00,5298563936419879,#qeelin全球品牌代言人王楚钦#冠军就是养人。 世乒百年MVP加持，手握全球顶奢高珠。品牌创始人和ceo全称陪同，这个全球代言人待遇太顶了,0,0,1778767255337,湖北,5298595859532766,1105251603,L0241007937,f,https://m.weibo.cn/u/1105251603?launchid=10000360-page_H5,"https://tvax1.sinaimg.cn/crop.0.0.1080.1080.180/41e0cd13ly8i8ewm0rbulj20u00u0t9y.jpg?KID=imgbed,tva&Expires=1778778055&ssig=sF%2FHwb5vXv",search_comments_2026-05-14.csv,search_comment,冠军就是养人 世乒百年MVP加持手握全球顶奢高珠品牌创始人和ceo全称陪同这个全球代言人待遇太顶了,True,False
5298568562737384,1778789450,2026-05-14 20:10:50+08:00,5298567098929792,来了 来了,0,0,1778767261750,河北,5298568562737384,6524287360,笑蹦起来,f,https://m.weibo.cn/u/6524287360?launchid=10000360-page_H5,"https://tvax3.sinaimg.cn/crop.0.0.700.700.180/0077xfbily8fu8fo4bgelj30jg0jgjrd.jpg?KID=imgbed,tva&Expires=1778778061&ssig=nT82S8N%2FQC",search_comments_2026-05-14.csv,search_comment,来了 来了,True,False
5298576177499006,1778791266,2026-05-14 20:41:06+08:00,5298575351483831,有些事物，朦胧亦有其美，不必强求清晰。太过透彻，有时只会徒增伤悲。愿今夜的你，安然入梦。,1,2,1778767268188,,5298576177499006,2323507007,高安发布,f,https://m.weibo.cn/u/2323507007?launchid=10000360-page_H5,"https://tvax1.sinaimg.cn/crop.0.0.566.566.180/8a7de73fly8h8vg6zdsooj20fq0fq0uv.jpg?KID=imgbed,tva&Expires=1778778068&ssig=u4J70Xd5Cz",search_comments_2026-05-14.csv,search_comment,有些事物朦胧亦有其美不必强求清晰太过透彻有时只会徒增伤悲愿今夜的你安然入梦,True,False
5298549380090284,1778784877,2026-05-14 18:54:37+08:00,5298536939261930,K:网页链接    D:网页链接,4,134,1778767291737,河北,5298549380090284,2530482895,桥本环纱,f,https://m.weibo.cn/u/2530482895?launchid=10000360-page_H5,"https://tvax1.sinaimg.cn/crop.0.0.1080.1080.180/96d41acfly8i9lyxrtfoyj20u00u0div.jpg?KID=imgbed,tva&Expires=1778778091&ssig=DLN14Lw7NS",search_comments_2026-05-14.csv,search_comment,K网页链接    D网页链接,True,False
5298538439247371,1778782269,2026-05-14 18:11:09+08:00,5298536939261930,19点更，想看的宝子蹲一下,1,39,1778767291744,河北,5298538439247371,2530482895,桥本环纱,f,https://m.weibo.cn/u/2530482895?launchid=10000360-page_H5,"https://tvax1.sinaimg.cn/crop.0.0.1080.1080.180/96d41acfly8i9lyxrtfoyj20u00u0div.jpg?KID=imgbed,tva&Expires=1778778091&ssig=DLN14Lw7NS",search_comments_2026-05-14.csv,search_comment,19点更想看的宝子蹲一下,True,False
5298574560597164,1778790881,2026-05-14 20:34:41+08:00,5298571341729685,刚刚看了一下破3.5了，今晚有没有可能破4，踩踩,1,31,1778767298194,山东,5298574560597164,9176845743,随处找饭吃版,f,https://m.weibo.cn/u/9176845743?launchid=10000360-page_H5,"https://tvax4.sinaimg.cn/crop.0.0.1080.1080.180/00a136N1ly8id45ypyesfj30u00u0di1.jpg?KID=imgbed,tva&Expires=1778778098&ssig=Pg1r2TQU%2BV",search_comments_2026-05-14.csv,search_comment,刚刚看了一下破35了今晚有没有可能破4踩踩,True,False
5298583781772156,1778793079,2026-05-14 21:11:19+08:00,5298571341729685,是不是已经破4了？我在小红书上看到破了,4,5,1778767298201,广东,5298583781772156,7776109601,Hyacinthsf,f,https://m.weibo.cn/u/7776109601?launchid=10000360-page_H5,"https://tvax3.sinaimg.cn/crop.0.0.1080.1080.180/008ufLkBly8i3kici0ngoj30u00u1gs7.jpg?KID=imgbed,tva&Expires=1778778098&ssig=3%2Bnr6BFAlw",search_comments_2026-05-14.csv,search_comment,是不是已经破4了我在小红书上看到破了,True,False
5298231642686255,1778709123,2026-05-13 21:52:03+08:00,5298229975450843,看预告舅舅要被迫害了，好生气！,5,28,1778767304842,浙江,5298231642686255,3271935141,千椿渡,f,https://m.weibo.cn/u/3271935141?launchid=10000360-page_H5,"https://tvax4.sinaimg.cn/crop.0.0.1024.1024.180/c305c4a5ly8i9pbaadb3oj20sg0sgtb1.jpg?KID=imgbed,tva&Expires=1778778104&ssig=RVqup03TIH",search_comments_2026-05-14.csv,search_comment,看预告舅舅要被迫害了好生气,True,False
5298231177380765,1778709012,2026-05-13 21:50:12+08:00,5298229975450843,默默等待浩存出场中,3,42,1778767304846,北京,5298231177380765,7465224380,请勿遨游,f,https://m.weibo.cn/u/7465224380?launchid=10000360-page_H5,"https://tvax3.sinaimg.cn/crop.0.0.960.960.180/0089djSQly8hgdpdtcl7dj30qo0qo75y.jpg?KID=imgbed,tva&Expires=1778778104&ssig=8CvCXpYcvg",search_comments_2026-05-14.csv,search_comment,默默等待浩存出场中,True,False
5298554433177988,1778786082,2026-05-14 19:14:42+08:00,5298553375164983,为撒子预告这张臭脸 一想到后面剧情我就想鼠啊 提前开始拳打脚踢。。。。。。,0,11,1778767311418,江苏,5298554433177988,5629152371,牛肉酱西施,f,https://m.weibo.cn/u/5629152371?launchid=10000360-page_H5,"https://tvax4.sinaimg.cn/crop.0.0.932.932.180/0068XlGbly8hubz5xq34uj30pw0pwwg1.jpg?KID=imgbed,tva&Expires=1778778111&ssig=CdFZYfe74u",search_comments_2026-05-14.csv,search_comment,为撒子预告这张臭脸 一想到后面剧情我就想鼠啊 提前开始拳打脚踢,True,False
5298564957208628,1778788590,2026-05-14 19:56:30+08:00,5298553375164983,这个第几集的呀,2,0,1778767311422,山西,5298564957208628,7989919410,鱼鱼大点声,m,https://m.weibo.cn/u/7989919410?launchid=10000360-page_H5,"https://tvax4.sinaimg.cn/crop.0.0.1062.1062.180/008IIT1Uly8hzy4h9roojj30ti0ti0w8.jpg?KID=imgbed,tva&Expires=1778778111&ssig=0lQdcdXZ5G",search_comments_2026-05-14.csv,search_comment,这个第几集的呀,True,False
5298381861946355,1778744938,2026-05-14 07:48:58+08:00,5298236237549124,别捧杀我们刘浩存还没出场，这是西北地区破8了，感谢西北人民的托举，主角不会让你们失望的,2,292,1778767573216,加拿大,5298381861946355,2637504421,蟹老板好运长存,f,https://m.weibo.cn/u/2637504421?launchid=10000360-page_H5,"https://tvax4.sinaimg.cn/crop.0.0.1080.1080.180/9d351fa5ly8icv1otagd2j20u00u0gmu.jpg?KID=imgbed,tva&Expires=1778778373&ssig=3LcDk6Gg7Q",search_comments_2026-05-14.csv,search_comment,别捧杀我们刘浩存还没出场这是西北地区破8了感谢西北人民的托举主角不会让你们失望的,True,False
5298427073397408,1778755716,2026-05-14 10:48:36+08:00,5298236237549124,虽然但是刘浩存还没出场呢,14,62,1778767573219,江苏,5298427073397408,7799473257,我是好人吗的不是好人,f,https://m.weibo.cn/u/7799473257?launchid=10000360-page_H5,"https://tvax1.sinaimg.cn/crop.0.0.1080.1080.180/008vPNhLly8icw5gvz12uj30u00u0myv.jpg?KID=imgbed,tva&Expires=1778778373&ssig=X%2BORX1Bq5b",search_comments_2026-05-14.csv,search_comment,虽然但是刘浩存还没出场呢,True,False
5298416344901054,1778753159,2026-05-14 10:05:59+08:00,5298236237549124,张嘉译真西北剧王，演技好,1,55,1778767573220,山东,5298416344901054,7117516231,原动力ww,f,https://m.weibo.cn/u/7117516231?launchid=10000360-page_H5,"https://tvax4.sinaimg.cn/crop.0.0.1080.1080.180/007LGn6Tly8i6rx7tn26yj30u00u0wgu.jpg?KID=imgbed,tva&Expires=1778778373&ssig=1u7LPlydo4",search_comments_2026-05-14.csv,search_comment,张嘉译真西北剧王演技好,True,False
5298596280271919,1778796059,2026-05-14 22:00:59+08:00,5298596032289820,《主角》特别好看里面的ost也很好听,0,0,1778767613053,江西,5298596280271919,6399274480,我才不喜欢吃眼泪拌饭,f,https://m.weibo.cn/u/6399274480?launchid=10000360-page_H5,"https://tvax1.sinaimg.cn/crop.0.0.1080.1080.180/006Z4HCwly8icr0siog0jj30u00u0tc3.jpg?KID=imgbed,tva&Expires=1778778413&ssig=FrimEYgTSi",search_comments_2026-05-14.csv,search_comment,主角特别好看里面的ost也很好听,True,False
5298596427860878,1778796094,2026-05-14 22:01:34+08:00,5298596032289820,主角今晚10点有2000云包场，大家记得抢,0,0,1778767613057,山东,5298596427860878,5672008825,少年呀XXX,f,https://m.weibo.cn/u/5672008825?launchid=10000360-page_H5,"https://tvax1.sinaimg.cn/crop.0.0.512.512.180/006bRaBjly8gzt1kv37f3j30e80e8dh8.jpg?KID=imgbed,tva&Expires=1778778413&ssig=vVAKkVhEVc",search_comments_2026-05-14.csv,search_comment,主角今晚10点有2000云包场大家记得抢,True,False
5298416273330085,1778753142,2026-05-14 10:05:42+08:00,5298408990442363,养头发中 为音乐节做准备,37,2571,1778767629828,黑龙江,5298416273330085,1430629423,pink查克拉,f,https://m.weibo.cn/u/1430629423?launchid=10000360-page_H5,"https://tvax2.sinaimg.cn/crop.0.0.996.996.180/5545ac2fly8gdi675670qj20ro0rojso.jpg?KID=imgbed,tva&Expires=1778778429&ssig=oW42%2F8DrUN",search_comments_2026-05-14.csv,search_comment,养头发中 为音乐节做准备,True,False
5298418232854902,1778753609,2026-05-14 10:13:29+08:00,5298408990442363,显得脸更小了，五官优势一下子显出来了,7,413,1778767629831,江西,5298418232854902,7847976723,来杯冰美式420,f,https://m.weibo.cn/u/7847976723?launchid=10000360-page_H5,"https://tvax3.sinaimg.cn/crop.0.0.996.996.180/008z7jfJly8i4fjibdvsaj30ro0roade.jpg?KID=imgbed,tva&Expires=1778778429&ssig=cM16cyUCmU",search_comments_2026-05-14.csv,search_comment,显得脸更小了五官优势一下子显出来了,True,False
5298419192048283,1778753838,2026-05-14 10:17:18+08:00,5298408990442363,还是黄毛吗？,0,3,1778767629834,广东,5298419192048283,7883352786,璀璨柔柔,f,https://m.weibo.cn/u/7883352786?launchid=10000360-page_H5,"https://tvax4.sinaimg.cn/crop.0.0.512.512.180/008BvKboly8hogw1rnmb9j30e80e8aad.jpg?KID=imgbed,tva&Expires=1778778429&ssig=dCjfoLnMiX",search_comments_2026-05-14.csv,search_comment,还是黄毛吗,True,False
5298535974044899,1778781681,2026-05-14 18:01:21+08:00,5298490290733997,鹿晗不错啊,1,1,1778767636324,湖北,5298535974044899,2216319280,财小简,f,https://m.weibo.cn/u/2216319280?launchid=10000360-page_H5,"https://tvax3.sinaimg.cn/crop.0.0.1080.1080.180/841a5930ly8i0muw9n4e2j20u00u0abj.jpg?KID=imgbed,tva&Expires=1778778436&ssig=Wj7uhsXyzq",search_comments_2026-05-14.csv,search_comment,鹿晗不错啊,True,False
5298539660051095,1778782559,2026-05-14 18:15:59+08:00,5298490290733997,鹿晗，不管什么发型都很帅,1,1,1778767636326,广东,5298539660051095,2579096002,熙尘万物看侃吧,f,https://m.weibo.cn/u/2579096002?launchid=10000360-page_H5,"https://tvax2.sinaimg.cn/crop.0.0.1080.1080.180/99b9e1c2ly8ib8m3yf9xoj20u00u0abt.jpg?KID=imgbed,tva&Expires=1778778436&ssig=EGXukWJnKL",search_comments_2026-05-14.csv,search_comment,鹿晗不管什么发型都很帅,True,False
5298555378207690,1778786307,2026-05-14 19:18:27+08:00,5298490290733997,确实是，不用纠结发色了,1,0,1778767636327,福建,5298555378207690,7874454388,忻月的故事,f,https://m.weibo.cn/u/7874454388?launchid=10000360-page_H5,"https://tvax1.sinaimg.cn/crop.0.1.1078.1078.180/008AUpiQly8ibpbl5hznwj30ty0u0ju7.jpg?KID=imgbed,tva&Expires=1778778436&ssig=ohxn0DWiSP",search_comments_2026-05-14.csv,search_comment,确实是不用纠结发色了,True,False
5298520831560796,1778778071,2026-05-14 17:01:11+08:00,5298511488746329,鹿晗五哈延吉录制顺利,0,3,1778767642730,福建,5298520831560796,5508019343,凌晨三点半de蓝,f,https://m.weibo.cn/u/5508019343?launchid=10000360-page_H5,"https://tvax2.sinaimg.cn/crop.0.0.664.664.180/0060L5rFly8gb14hjrkahj30ig0ig40b.jpg?KID=imgbed,tva&Expires=1778778442&ssig=Kf8Pjl%2BfG6",search_comments_2026-05-14.csv,search_comment,鹿晗五哈延吉录制顺利,True,False
5298594324157406,1778795593,2026-05-14 21:53:13+08:00,5298511488746329,鹿晗 轻松驾御，还是超级帅的,0,0,1778767642732,广东,5298594324157406,2280268854,小_小婷_婷,f,https://m.weibo.cn/u/2280268854?launchid=10000360-page_H5,"https://tvax4.sinaimg.cn/crop.0.0.986.986.180/87ea2436ly8icvdwqesy5j20re0req52.jpg?KID=imgbed,tva&Expires=1778778442&ssig=ENstvJKapn",search_comments_2026-05-14.csv,search_comment,鹿晗 轻松驾御还是超级帅的,True,False
5298509970673191,1778775481,2026-05-14 16:18:01+08:00,5298507447538704,帅哥剪什么头发都好看。,0,0,1778767649110,四川,5298509970673191,1878371081,时尚小夭,f,https://m.weibo.cn/u/1878371081?launchid=10000360-page_H5,"https://tvax2.sinaimg.cn/crop.0.0.1021.1021.180/6ff5ab09ly8hwobosss25j20sd0sddha.jpg?KID=imgbed,tva&Expires=1778778449&ssig=OUCJKgVlt0",search_comments_2026-05-14.csv,search_comment,帅哥剪什么头发都好看,True,False
5298537315177428,1778782001,2026-05-14 18:06:41+08:00,5298507447538704,明天五哈延吉录制顺利。,1,2,1778767649112,福建,5298537315177428,5508019343,凌晨三点半de蓝,f,https://m.weibo.cn/u/5508019343?launchid=10000360-page_H5,"https://tvax2.sinaimg.cn/crop.0.0.664.664.180/0060L5rFly8gb14hjrkahj30ig0ig40b.jpg?KID=imgbed,tva&Expires=1778778449&ssig=i0%2BbMpSn7a",search_comments_2026-05-14.csv,search_comment,明天五哈延吉录制顺利,True,False
5298510337679560,1778775569,2026-05-14 16:19:29+08:00,5298507447538704,好像是的耶，以前没见过,0,0,1778767649114,江苏,5298510337679560,7766875245,我止于礼_,f,https://m.weibo.cn/u/7766875245?launchid=10000360-page_H5,"https://tvax1.sinaimg.cn/crop.0.0.1080.1080.180/008tD13nly8ibrm2l5brej30u00u0tbs.jpg?KID=imgbed,tva&Expires=1778778449&ssig=OB7kue2yva",search_comments_2026-05-14.csv,search_comment,好像是的耶以前没见过,True,False
5298558892772249,1778787145,2026-05-14 19:32:25+08:00,5298558181840184,我哥哥剪个头发在热搜上待一天了,0,14,1778767655555,吉林,5298558892772249,5845630349,甜包小奶鹿,f,https://m.weibo.cn/u/5845630349?launchid=10000360-page_H5,"https://tvax1.sinaimg.cn/crop.0.0.1024.1024.180/006nBFutly8icds5texu3j30sg0sgtbr.jpg?KID=imgbed,tva&Expires=1778778455&ssig=cA6kEsFScM",search_comments_2026-05-14.csv,search_comment,我哥哥剪个头发在热搜上待一天了,True,False
5298516353877873,1778777003,2026-05-14 16:43:23+08:00,5298514747457819,哈哈哈巨型芽芽画面太有喜感了,2,518,1778767718826,广东,5298516353877873,5073804860,普通市民爱生活,f,https://m.weibo.cn/u/5073804860?launchid=10000360-page_H5,"https://tvax4.sinaimg.cn/crop.0.0.660.660.180/005xnaqgly8hx6glsjvbcj30ic0icmz8.jpg?KID=imgbed,tva&Expires=1778778518&ssig=FGRpm%2BRw6j",search_comments_2026-05-14.csv,search_comment,哈哈哈巨型芽芽画面太有喜感了,True,False
5298516441696964,1778777024,2026-05-14 16:43:44+08:00,5298514747457819,宋亚轩被叫芽芽可爱,0,83,1778767718829,辽宁,5298516441696964,7959546511,安安的年糕饭,f,https://m.weibo.cn/u/7959546511?launchid=10000360-page_H5,"https://tvax1.sinaimg.cn/crop.0.0.1080.1080.180/008GFrErly8hv7wozx54kj30u00u0adh.jpg?KID=imgbed,tva&Expires=1778778518&ssig=dWONdWEo1z",search_comments_2026-05-14.csv,search_comment,宋亚轩被叫芽芽可爱,True,False
5298516424917127,1778777019,2026-05-14 16:43:39+08:00,5298514747457819,撞名也太巧了巨型芽芽反差萌,0,33,1778767718832,河北,5298516424917127,7893228236,糖炒板荔枝,f,https://m.weibo.cn/u/7893228236?launchid=10000360-page_H5,"https://tvax3.sinaimg.cn/crop.0.0.946.946.180/008CbbeQly8hl8ktcjizpj30qa0qagp0.jpg?KID=imgbed,tva&Expires=1778778518&ssig=A7BWXAbX4d",search_comments_2026-05-14.csv,search_comment,撞名也太巧了巨型芽芽反差萌,True,False
5298415726758965,1778753012,2026-05-14 10:03:32+08:00,5298415014517646,这个ip战略发起者🐮，期待全新国风舞台，期待夯爆了的LIVE现场,1,246,1778767725309,北京,5298415726758965,6592682948,The_Last_Standing,f,https://m.weibo.cn/u/6592682948?launchid=10000360-page_H5,"https://tvax4.sinaimg.cn/crop.0.0.1080.1080.180/007cadZWly8ibz9gqowydj30u00u0dip.jpg?KID=imgbed,tva&Expires=1778778525&ssig=FMhosY3pn2",search_comments_2026-05-14.csv,search_comment,这个ip战略发起者期待全新国风舞台期待夯爆了的LIVE现场,True,False
5298418045946765,1778753564,2026-05-14 10:12:44+08:00,5298415014517646,#国乐无双# 🎵#国乐无双首期阵容官宣# 国乐无双ip战略发起者来啦！现场见！ps：宝宝你拍个新的公式照好不好,0,150,1778767725312,湖南,5298418045946765,7679955163,头五嗷呜w喵,f,https://m.weibo.cn/u/7679955163?launchid=10000360-page_H5,"https://tvax4.sinaimg.cn/crop.0.0.1080.1080.180/008nKjazly8i80deiy4ffj30u00u0tce.jpg?KID=imgbed,tva&Expires=1778778525&ssig=YNQSssxq1I",search_comments_2026-05-14.csv,search_comment,  国乐无双ip战略发起者来啦现场见ps宝宝你拍个新的公式照好不好,True,False
5298452213795898,1778761711,2026-05-14 12:28:31+08:00,5298415014517646,期待这个国乐无双IP战略发起者张杰，一起奔赴下一个live现场,1,76,1778767725315,河南,5298452213795898,6976820346,幼稚班长宝儿,m,https://m.weibo.cn/u/6976820346?launchid=10000360-page_H5,"https://tvax4.sinaimg.cn/crop.0.0.1080.1080.180/007Ca1Gqly8i8jtvt2k47j30u00u0tbf.jpg?KID=imgbed,tva&Expires=1778778525&ssig=YspFBhasDp",search_comments_2026-05-14.csv,search_comment,期待这个国乐无双IP战略发起者张杰一起奔赴下一个live现场,True,False
5298530270839545,1778780321,2026-05-14 17:38:41+08:00,5298529775652935,宋亚轩小名叫yaya吗,1,3,1778767731866,北京,5298530270839545,6531700960,千野奈绪美,f,https://m.weibo.cn/u/6531700960?launchid=10000360-page_H5,"https://tvax3.sinaimg.cn/crop.0.0.1080.1080.180/00782lNuly8id3yonri82j30u00u0412.jpg?KID=imgbed,tva&Expires=1778778531&ssig=g05NnfogtQ",search_comments_2026-05-14.csv,search_comment,宋亚轩小名叫yaya吗,True,False
5298548621181015,1778784695,2026-05-14 18:51:35+08:00,5298545047634012,这也太可爱了吧,0,1,1778767738209,河北,5298548621181015,6901886031,星探娱乐,m,https://m.weibo.cn/u/6901886031?launchid=10000360-page_H5,"https://tvax1.sinaimg.cn/crop.0.0.180.180.180/007x5BQrly8fyl7anan38j3050050q2z.jpg?KID=imgbed,tva&Expires=1778778538&ssig=ve92KchxGf",search_comments_2026-05-14.csv,search_comment,这也太可爱了吧,True,False
5298548017204001,1778784552,2026-05-14 18:49:12+08:00,5298545047634012,宋亚轩这么帅一张脸小名居然叫“芽芽”？好反差哦,0,1,1778767738213,湖南,5298548017204001,7521726054,菁榆屿,f,https://m.weibo.cn/u/7521726054?launchid=10000360-page_H5,"https://tvax2.sinaimg.cn/crop.0.0.1080.1080.180/008d2oyaly8id3yy77uydj30u00u0ac4.jpg?KID=imgbed,tva&Expires=1778778538&ssig=uTnpQKzQsU",search_comments_2026-05-14.csv,search_comment,宋亚轩这么帅一张脸小名居然叫芽芽好反差哦,True,False
5298545704044883,1778784001,2026-05-14 18:40:01+08:00,5298545047634012,他的小名竟然是“芽芽”,0,1,1778767738216,江苏,5298545704044883,7916343045,吸引新xin,f,https://m.weibo.cn/u/7916343045?launchid=10000360-page_H5,"https://tvax1.sinaimg.cn/crop.0.0.1080.1080.180/008DKaslly8ibw5ymqietj30u00u0wgj.jpg?KID=imgbed,tva&Expires=1778778538&ssig=Mn1WStIVr0",search_comments_2026-05-14.csv,search_comment,他的小名竟然是芽芽,True,False
5298491517831878,1778771082,2026-05-14 15:04:42+08:00,5298491056196348,本人也很爱这一组啊 确实帅！,0,16,1778767744640,浙江,5298491517831878,2897299792,麦麦初岛,f,https://m.weibo.cn/u/2897299792?launchid=10000360-page_H5,"https://tvax1.sinaimg.cn/crop.0.0.1080.1080.180/acb14950ly8iacywx39lij20u00u0gnk.jpg?KID=imgbed,tva&Expires=1778778544&ssig=W26oinMhfo",search_comments_2026-05-14.csv,search_comment,本人也很爱这一组啊 确实帅,True,False
5298491765035628,1778771141,2026-05-14 15:05:41+08:00,5298491056196348,我去 我才看到帖子说 之后不会就有很多的音乐配宋了吧,1,4,1778767744646,湖北,5298491765035628,7893713388,探险家hoo,f,https://m.weibo.cn/u/7893713388?launchid=10000360-page_H5,"https://tvax2.sinaimg.cn/crop.0.0.500.500.180/008CddrSly8iaw88kbxvbj30dw0dwaad.jpg?KID=imgbed,tva&Expires=1778778544&ssig=Rr9whUwys2",search_comments_2026-05-14.csv,search_comment,我去 我才看到帖子说 之后不会就有很多的音乐配宋了吧,True,False
5298549894152771,1778784999,2026-05-14 18:56:39+08:00,5298548895912458,救敏  🥺←真的好像,0,2,1778767751047,陕西,5298549894152771,7737973995,忆雾曲,f,https://m.weibo.cn/u/7737973995?launchid=10000360-page_H5,"https://tvax1.sinaimg.cn/crop.0.0.1080.1080.180/008rFKwbly8id445zy26kj30u00u0q4h.jpg?KID=imgbed,tva&Expires=1778778551&ssig=0LGfYlVXzh",search_comments_2026-05-14.csv,search_comment,救敏  真的好像,True,False
5298589915943216,1778794542,2026-05-14 21:35:42+08:00,5298548895912458,无辜又明亮的鹿眼，漂亮的脸蛋，可爱的性格，再也找不到这样的男孩了，独一无二的轩轩。,0,0,1778767751057,海南,5298589915943216,5350507289,想看芽芽呀,f,https://m.weibo.cn/u/5350507289?launchid=10000360-page_H5,"https://tvax2.sinaimg.cn/crop.0.0.1080.1080.180/005Q6bmFly8ibvrax965rj30u00u0wg0.jpg?KID=imgbed,tva&Expires=1778778551&ssig=2GUV6gS9OL",search_comments_2026-05-14.csv,search_comment,无辜又明亮的鹿眼漂亮的脸蛋可爱的性格再也找不到这样的男孩了独一无二的轩轩,True,False
5298465636352763,1778764911,2026-05-14 13:21:51+08:00,5298464453035737,从小老师教育我们应该比成绩，不比吃穿！,0,47,1778767811986,上海,5298465636352763,6052805597,言王彳,m,https://m.weibo.cn/u/6052805597?launchid=10000360-page_H5,"https://tvax3.sinaimg.cn/crop.0.0.960.960.180/006BCXeJly8huck45g33tj30qo0qo42b.jpg?KID=imgbed,tva&Expires=1778778612&ssig=N69P%2BG5gV8",search_comments_2026-05-14.csv,search_comment,从小老师教育我们应该比成绩不比吃穿,True,False
5298485545140315,1778769657,2026-05-14 14:40:57+08:00,5298464453035737,花钱买气看么？,0,0,1778767811992,江苏,5298485545140315,1434026785,海天我回来了,m,https://m.weibo.cn/u/1434026785?launchid=10000360-page_H5,"https://tvax2.sinaimg.cn/crop.0.0.600.600.180/55798321ly8hh6pkklin9j20go0goq4g.jpg?KID=imgbed,tva&Expires=1778778612&ssig=LTXY6S6iZ%2B",search_comments_2026-05-14.csv,search_comment,花钱买气看么,True,False
5298467394029671,1778765330,2026-05-14 13:28:50+08:00,5298464453035737,春游大家交钱是一样的，与孩子家几口人没关系。现在是兄弟姐妹多的孩子去春游要多交钱。这合理吗？,2,9,1778767811999,江苏,5298467394029671,1428708077,司马中原同学,m,https://m.weibo.cn/u/1428708077?launchid=10000360-page_H5,"https://tva3.sinaimg.cn/crop.0.0.180.180.180/55285aedjw1e8qgp5bmzyj2050050aa8.jpg?KID=imgbed,tva&Expires=1778778612&ssig=2URAUUvri8",search_comments_2026-05-14.csv,search_comment,春游大家交钱是一样的与孩子家几口人没关系现在是兄弟姐妹多的孩子去春游要多交钱这合理吗,True,False
5298507665906649,1778774932,2026-05-14 16:08:52+08:00,5298507259839197,支持不花冤枉钱，宁可不看,3,344,1778767818422,北京,5298507665906649,5313152678,Danae美美3413,f,https://m.weibo.cn/u/5313152678?launchid=10000360-page_H5,"https://tvax3.sinaimg.cn/crop.0.0.1080.1080.180/005NzrIWly8i85l70ajwuj30u00u048c.jpg?KID=imgbed,tva&Expires=1778778618&ssig=EJMPPcN%2Fza",search_comments_2026-05-14.csv,search_comment,支持不花冤枉钱宁可不看,True,False
5298507753991324,1778774953,2026-05-14 16:09:13+08:00,5298507259839197,不看，有中国队的都不敢看，何况没有,1,128,1778767818424,山东,5298507753991324,7405250975,入眉入心,f,https://m.weibo.cn/u/7405250975?launchid=10000360-page_H5,"https://tvax4.sinaimg.cn/crop.0.0.600.600.180/00859G3Rly8hkk3izvseqj30go0go40c.jpg?KID=imgbed,tva&Expires=1778778618&ssig=nd%2F4pAmpae",search_comments_2026-05-14.csv,search_comment,不看有中国队的都不敢看何况没有,True,False
5298511851554161,1778775929,2026-05-14 16:25:29+08:00,5298507259839197,国际足联狮子大开口！我们可以不看！！支持央视,16,104,1778767818425,江苏,5298511851554161,2345225534,Bryant曼巴魂,m,https://m.weibo.cn/u/2345225534?launchid=10000360-page_H5,"https://tvax3.sinaimg.cn/crop.0.0.1080.1080.180/8bc94d3ely8hz8xn79b0lj20u00u0mz9.jpg?KID=imgbed,tva&Expires=1778778618&ssig=gayy8rPxBB",search_comments_2026-05-14.csv,search_comment,国际足联狮子大开口我们可以不看支持央视,True,False
5298583924379519,1778793113,2026-05-14 21:11:53+08:00,5298558878089260,预言一个：平局,0,0,1778767824880,天津,5298583924379519,7443395299,LidiaSobieska,f,https://m.weibo.cn/u/7443395299?launchid=10000360-page_H5,"https://tvax3.sinaimg.cn/crop.0.0.996.996.180/0087JJ8Tly8grxpe0x87aj30ro0romyr.jpg?KID=imgbed,tva&Expires=1778778624&ssig=VnDCq5cR8E",search_comments_2026-05-14.csv,search_comment,预言一个平局,True,False
5298453512978540,1778762020,2026-05-14 12:33:40+08:00,5298452869415392,什么？首届？首届？世界杯中场秀？这真有点堪比超级碗了吧？,6,582,1778767831288,湖南,5298453512978540,6111242604,TRMRSZD,f,https://m.weibo.cn/u/6111242604?launchid=10000360-page_H5,"https://tvax3.sinaimg.cn/crop.0.0.769.769.180/006FA9n6ly8i2e8oihc2qj30ld0ldgn6.jpg?KID=imgbed,tva&Expires=1778778631&ssig=x3BS1JmHwS",search_comments_2026-05-14.csv,search_comment,什么首届首届世界杯中场秀这真有点堪比超级碗了吧,True,False
5298454470333063,1778762249,2026-05-14 12:37:29+08:00,5298452869415392,我真的要起飞了哈哈哈哈哈哈哈哈哈，首届世界杯决赛中场秀唉，收视率最高的决赛唉！我们是开创者！,0,264,1778767831291,江苏,5298454470333063,5110590449,-阿永防永foreverbts-,f,https://m.weibo.cn/u/5110590449?launchid=10000360-page_H5,"https://tvax3.sinaimg.cn/crop.0.0.1080.1080.180/005zRw2dly8i4bcgpigllj30u00u0diq.jpg?KID=imgbed,tva&Expires=1778778631&ssig=84x7KRdrSv",search_comments_2026-05-14.csv,search_comment,我真的要起飞了哈哈哈哈哈哈哈哈哈首届世界杯决赛中场秀唉收视率最高的决赛唉我们是开创者,True,False
5298456677584529,1778762775,2026-05-14 12:46:15+08:00,5298452869415392,首届？之前的世界杯没有中场秀？不是很懂这个含金量，跟开幕式表演有啥不一样,6,42,1778767831292,广东,5298456677584529,7400890908,用户7400890908,m,https://m.weibo.cn/u/7400890908?launchid=10000360-page_H5,"https://tvax3.sinaimg.cn/crop.0.0.832.832.180/0084RnOcly8ht3rzbzh03j30n40n4wgo.jpg?KID=imgbed,tva&Expires=1778778631&ssig=e7N6XGhWx5",search_comments_2026-05-14.csv,search_comment,首届之前的世界杯没有中场秀不是很懂这个含金量跟开幕式表演有啥不一样,True,False
5298455061989481,1778762390,2026-05-14 12:39:50+08:00,5298454928821239,期待防弹少年团,6,100,1778767837743,四川,5298455061989481,7186604236,irpitlots,f,https://m.weibo.cn/u/7186604236?launchid=10000360-page_H5,"https://tvax4.sinaimg.cn/crop.0.0.1080.1080.180/007Qmg3yly8id19nthtd7j30u00u0taa.jpg?KID=imgbed,tva&Expires=1778778637&ssig=o3TB%2Fqo6Ow",search_comments_2026-05-14.csv,search_comment,期待防弹少年团,True,False
5298465798358018,1778764950,2026-05-14 13:22:30+08:00,5298454928821239,期待BTS防弹少年团，期待田柾国,0,6,1778767837745,河南,5298465798358018,7440091370,Crystalw_Remedy,f,https://m.weibo.cn/u/7440091370?launchid=10000360-page_H5,"https://tvax3.sinaimg.cn/crop.0.1.1078.1078.180/0087vRDIly8ichspnccujj30ty0u0q8j.jpg?KID=imgbed,tva&Expires=1778778637&ssig=DI7fWCxWOY",search_comments_2026-05-14.csv,search_comment,期待BTS防弹少年团期待田柾国,True,False
5298476751782274,1778767560,2026-05-14 14:06:00+08:00,5298476302732811,新歌的话，我就接一个夏日神曲之炸药2.0,0,158,1778767844137,辽宁,5298476751782274,5868195945,月亮河摆渡人,f,https://m.weibo.cn/u/5868195945?launchid=10000360-page_H5,"https://tvax3.sinaimg.cn/crop.0.0.1080.1080.180/006p8lPHly8hgffvdlrm0j30u00u044v.jpg?KID=imgbed,tva&Expires=1778778644&ssig=nGt6N2J3Tb",search_comments_2026-05-14.csv,search_comment,新歌的话我就接一个夏日神曲之炸药20,True,False
5298476736841522,1778767558,2026-05-14 14:05:58+08:00,5298476302732811,哎呦，其实body to body和Aliens我觉得都很可以。有新歌当然最好啦。,4,51,1778767844144,四川,5298476736841522,7880708330,Merrai-677,f,https://m.weibo.cn/u/7880708330?launchid=10000360-page_H5,"https://tvax4.sinaimg.cn/crop.0.0.1080.1080.180/008BkEeSly8iaygfwvcj7j30u00u0acb.jpg?KID=imgbed,tva&Expires=1778778644&ssig=tnmeiBn2%2BO",search_comments_2026-05-14.csv,search_comment,哎呦其实body to body和Aliens我觉得都很可以有新歌当然最好啦,True,False
5298480482617846,1778768451,2026-05-14 14:20:51+08:00,5298476302732811,宝宝们啥意思？之前传出来主题曲是夏奇拉唱，但是现在又新加了BTS和麦当娜，三组艺人都是表演自己的歌曲吗，我以为是合作世界杯主题曲，没懂诶,7,5,1778767844150,陕西,5298480482617846,7463225652,Muse_蔻蔻v,f,https://m.weibo.cn/u/7463225652?launchid=10000360-page_H5,"https://tvax1.sinaimg.cn/crop.0.0.1080.1080.180/00894VVily8icvyyfo3v9j30u00u075q.jpg?KID=imgbed,tva&Expires=1778778644&ssig=C3Q%2BENYbO1",search_comments_2026-05-14.csv,search_comment,宝宝们啥意思之前传出来主题曲是夏奇拉唱但是现在又新加了BTS和麦当娜三组艺人都是表演自己的歌曲吗我以为是合作世界杯主题曲没懂诶,True,False
5298464365743072,1778764608,2026-05-14 13:16:48+08:00,5298464118276151,如果我是六套，那么谁是我的田柾国,0,139,1778767850591,河南,5298464365743072,6205456067,咬你脸颊肉-,f,https://m.weibo.cn/u/6205456067?launchid=10000360-page_H5,"https://tvax2.sinaimg.cn/crop.0.0.1080.1080.180/006LXsB5ly8icuksznvv4j30u00u0q52.jpg?KID=imgbed,tva&Expires=1778778650&ssig=8aysByFoLh",search_comments_2026-05-14.csv,search_comment,如果我是六套那么谁是我的田柾国,True,False
5298464596429048,1778764663,2026-05-14 13:17:43+08:00,5298464118276151,事到如今我又要发问 如果我是六套谁是我的田柾国,0,89,1778767850596,湖南,5298464596429048,6857515160,桢宝奶,f,https://m.weibo.cn/u/6857515160?launchid=10000360-page_H5,"https://tvax4.sinaimg.cn/crop.0.0.499.499.180/007u5qXely8ib2c318i01j30dv0dv3z1.jpg?KID=imgbed,tva&Expires=1778778650&ssig=1N%2BT30NeYp",search_comments_2026-05-14.csv,search_comment,事到如今我又要发问 如果我是六套谁是我的田柾国,True,False
5298465098961870,1778764783,2026-05-14 13:19:43+08:00,5298464118276151,完全就是田柾国一人带飞全团啊，六套给田柾国磕一个吧,1,88,1778767850600,广东,5298465098961870,6601747095,田果酱专属烤肉屋,m,https://m.weibo.cn/u/6601747095?launchid=10000360-page_H5,"https://tvax3.sinaimg.cn/crop.0.0.1080.1080.180/007cMfZRly8icw97rvxyfj30u00u0myw.jpg?KID=imgbed,tva&Expires=1778778650&ssig=NPueDWwrI7",search_comments_2026-05-14.csv,search_comment,完全就是田柾国一人带飞全团啊六套给田柾国磕一个吧,True,False
5298498540405451,1778772756,2026-05-14 15:32:36+08:00,5298487988061172,然后还有一个重点是我们单人已经开过的开幕式含金量在于田柾国是以首位领衔表演的亚洲歌手的身份登上开幕式的,0,83,1778767857039,广东,5298498540405451,5938603440,TT-T浦D的Island,f,https://m.weibo.cn/u/5938603440?launchid=10000360-page_H5,"https://tvax4.sinaimg.cn/crop.0.0.1080.1080.180/006tTM2sly8icymdwp6avj30u00u0js0.jpg?KID=imgbed,tva&Expires=1778778657&ssig=fs5aje0w0T",search_comments_2026-05-14.csv,search_comment,然后还有一个重点是我们单人已经开过的开幕式含金量在于田柾国是以首位领衔表演的亚洲歌手的身份登上开幕式的,True,False
5298489674172139,1778770642,2026-05-14 14:57:22+08:00,5298487988061172,而且首届决赛中场秀开幕式 多少欧美本土歌手想要的大饼啊 就这么被亚洲艺人bts拿下了,0,53,1778767857044,印度尼西亚,5298489674172139,3632924123,COOSHOOJOOKY,f,https://m.weibo.cn/u/3632924123?launchid=10000360-page_H5,"https://tvax3.sinaimg.cn/crop.0.0.907.907.180/d88a05dbly8ia8y5pg7guj20p70p740w.jpg?KID=imgbed,tva&Expires=1778778657&ssig=RAl9uZaXVZ",search_comments_2026-05-14.csv,search_comment,而且首届决赛中场秀开幕式 多少欧美本土歌手想要的大饼啊 就这么被亚洲艺人bts拿下了,True,False
5298488416142000,1778770342,2026-05-14 14:52:22+08:00,5298487988061172,对呀，开幕式能分三场但决赛只有这一场啊,0,40,1778767857050,韩国,5298488416142000,5412864811,SBNSNSKK-,m,https://m.weibo.cn/u/5412864811?launchid=10000360-page_H5,"https://tvax4.sinaimg.cn/crop.0.0.1080.1080.180/005UjPp9ly8ic7xmqea6jj30u00u0799.jpg?KID=imgbed,tva&Expires=1778778657&ssig=EocXrC37Jr",search_comments_2026-05-14.csv,search_comment,对呀开幕式能分三场但决赛只有这一场啊,True,False
5298563477407107,1778788238,2026-05-14 19:50:38+08:00,5298542039796875,易烊千玺完全变色龙演员犯罪惊悚片新题型期待值拉满了！,0,265,1778767877295,广东,5298563477407107,6460395053,热爱摸鱼-,m,https://m.weibo.cn/u/6460395053?launchid=10000360-page_H5,"https://tvax3.sinaimg.cn/crop.0.0.1080.1080.180/0073d9Sdly8ibtfl0kp2ej30u00u0abo.jpg?KID=imgbed,tva&Expires=1778778677&ssig=AJXwGPhfoB",search_comments_2026-05-14.csv,search_comment,易烊千玺完全变色龙演员犯罪惊悚片新题型期待值拉满了,True,False
5298563762622235,1778788306,2026-05-14 19:51:46+08:00,5298542039796875,千玺！犯罪！悬疑？惊悚？没看过的！已严肃期待,0,186,1778767877299,浙江,5298563762622235,7444293798,Whisper_玊尔_,f,https://m.weibo.cn/u/7444293798?launchid=10000360-page_H5,"https://tvax1.sinaimg.cn/crop.0.0.512.512.180/0087NuSOly8icp1uejgw2j30e80e8aak.jpg?KID=imgbed,tva&Expires=1778778677&ssig=VXdw%2Bgb%2FQ2",search_comments_2026-05-14.csv,search_comment,千玺犯罪悬疑惊悚没看过的已严肃期待,True,False
5298590800943074,1778794753,2026-05-14 21:39:13+08:00,5298588756215184,期待易烊千玺新杂志好帅,0,5,1778767883668,山东,5298590800943074,5672008742,春雨淋玉,f,https://m.weibo.cn/u/5672008742?launchid=10000360-page_H5,"https://tvax4.sinaimg.cn/crop.0.0.1080.1080.180/006bRazYly8icpxxmvkm7j30u00u0tae.jpg?KID=imgbed,tva&Expires=1778778683&ssig=7Z%2FJOsaZgX",search_comments_2026-05-14.csv,search_comment,期待易烊千玺新杂志好帅,True,False
5298596116696262,1778796020,2026-05-14 22:00:20+08:00,5298588756215184,非常幸福的一天了！,0,2,1778767883672,浙江,5298596116696262,3570605042,你说爱像云x_,f,https://m.weibo.cn/u/3570605042?launchid=10000360-page_H5,"https://tvax2.sinaimg.cn/crop.0.0.1080.1080.180/d4d31bf2ly8i3smv2buwjj20u00u0n3t.jpg?KID=imgbed,tva&Expires=1778778683&ssig=g0PGCOMit2",search_comments_2026-05-14.csv,search_comment,非常幸福的一天了,True,False
5298594999700258,1778795754,2026-05-14 21:55:54+08:00,5298588756215184,日子逐渐变得有盼头了#易烊千玺第十二个人# #易烊千玺电影蛮荒禁地# #易烊千玺唱了粉丝选的歌# #华为pura90系列全球代言人易烊千玺# 易烊千玺,0,2,1778767883675,广东,5298594999700258,1778414481,烊烊叻叻崽,f,https://m.weibo.cn/u/1778414481?launchid=10000360-page_H5,"https://tvax4.sinaimg.cn/crop.0.0.1080.1080.180/6a007391ly8ibzkrdr70ij20u00u0jt1.jpg?KID=imgbed,tva&Expires=1778778683&ssig=ripteCLmlt",search_comments_2026-05-14.csv,search_comment,日子逐渐变得有盼头了    易烊千玺,True,False
5298581570587694,1778792552,2026-05-14 21:02:32+08:00,5298581402556476,鸟圈疯狂星期四！完全爽之,0,13,1778767890176,北京,5298581570587694,5375448445,卡卡啊_Yee_x_x_x_x,m,https://m.weibo.cn/u/5375448445?launchid=10000360-page_H5,"https://tvax1.sinaimg.cn/crop.0.0.1080.1080.180/005RMPHnly8ibdqlpcyibj30u00u0407.jpg?KID=imgbed,tva&Expires=1778778690&ssig=DG0dnlYzh8",search_comments_2026-05-14.csv,search_comment,鸟圈疯狂星期四完全爽之,True,False
5298581963805060,1778792646,2026-05-14 21:04:06+08:00,5298581402556476,比过年还热闹的一天#易烊千玺唱了粉丝选的歌# #易烊千玺二登anotherman杂志#,0,0,1778767890183,安徽,5298581963805060,7437476114,放轻松莫焦虑,f,https://m.weibo.cn/u/7437476114?launchid=10000360-page_H5,"https://tvax2.sinaimg.cn/crop.0.0.1080.1080.180/0087kTialy8i85kz2qdacj30u00u0wfi.jpg?KID=imgbed,tva&Expires=1778778690&ssig=4tV4AgUb2I",search_comments_2026-05-14.csv,search_comment,比过年还热闹的一天 ,True,False
5298581531789278,1778792543,2026-05-14 21:02:23+08:00,5298581402556476,今天会不会过得太好了,0,1,1778767890188,陕西,5298581531789278,7799572621,touyamotoutoude1128,f,https://m.weibo.cn/u/7799572621?launchid=10000360-page_H5,"https://tvax3.sinaimg.cn/crop.0.0.512.512.180/008vQd8ply8i852m78s8ej30e80e8wfa.jpg?KID=imgbed,tva&Expires=1778778690&ssig=qFKctkN9VV",search_comments_2026-05-14.csv,search_comment,今天会不会过得太好了,True,False
5298526510908122,1778779425,2026-05-14 17:23:45+08:00,5298525896179855,易烊千玺一直在挑战新题材新人设,2,155,1778767896668,北京,5298526510908122,7031571400,拉不拉比小新,m,https://m.weibo.cn/u/7031571400?launchid=10000360-page_H5,"https://tvax2.sinaimg.cn/crop.0.0.656.656.180/007FRKVWly8hi0ygwpbfxj30i80i874n.jpg?KID=imgbed,tva&Expires=1778778696&ssig=F1MI2QAqat",search_comments_2026-05-14.csv,search_comment,易烊千玺一直在挑战新题材新人设,True,False
5298526250864728,1778779363,2026-05-14 17:22:43+08:00,5298525896179855,最喜欢看惊悚片了，挺让人期待的,0,15,1778767896673,天津,5298526250864728,7738101199,奥巴喵一喵,f,https://m.weibo.cn/u/7738101199?launchid=10000360-page_H5,"https://tvax4.sinaimg.cn/crop.0.0.1080.1080.180/008rGhBRly8ichmdo89a3j30u00u077b.jpg?KID=imgbed,tva&Expires=1778778696&ssig=sFxoLQFOUC",search_comments_2026-05-14.csv,search_comment,最喜欢看惊悚片了挺让人期待的,True,False
5298527595136819,1778779683,2026-05-14 17:28:03+08:00,5298525896179855,应该是惊悚➕悬疑吧,0,52,1778767896681,北京,5298527595136819,6392932450,享福不如享哥哥,f,https://m.weibo.cn/u/6392932450?launchid=10000360-page_H5,"https://tvax2.sinaimg.cn/crop.0.0.440.440.180/006YE5LIly8hi1u6frh9uj30c80c8wes.jpg?KID=imgbed,tva&Expires=1778778696&ssig=kwK%2BIWsj%2FH",search_comments_2026-05-14.csv,search_comment,应该是惊悚悬疑吧,True,False
5298539209164697,1778782452,2026-05-14 18:14:12+08:00,5298527800133771,有千玺在的作品肯定不差,1,114,1778767903119,江西,5298539209164697,7396419903,牛奶味-面包,m,https://m.weibo.cn/u/7396419903?launchid=10000360-page_H5,"https://tvax2.sinaimg.cn/crop.0.0.132.132.180/0084yCHdly4gc39kq5g0bj303o03odfo.jpg?KID=imgbed,tva&Expires=1778778703&ssig=%2B3nHNxIRux",search_comments_2026-05-14.csv,search_comment,有千玺在的作品肯定不差,True,False
5298536870578576,1778781895,2026-05-14 18:04:55+08:00,5298527800133771,期待值拉满！,0,0,1778767903121,山东,5298536870578576,5237099979,你的好友上线了1128,f,https://m.weibo.cn/u/5237099979?launchid=10000360-page_H5,"https://tvax2.sinaimg.cn/crop.17.0.1208.1208.180/005IqkWvly8flr70okgwkj30yi0xkn0j.jpg?KID=imgbed,tva&Expires=1778778703&ssig=x%2B1q%2F9z059",search_comments_2026-05-14.csv,search_comment,期待值拉满,True,False
5298560062195449,1778787424,2026-05-14 19:37:04+08:00,5298527800133771,不敢看恐怖片的集合 咋搞,5,4,1778767903123,江苏,5298560062195449,5799728485,易笑而过1128,f,https://m.weibo.cn/u/5799728485?launchid=10000360-page_H5,"https://tvax3.sinaimg.cn/crop.0.0.576.576.180/006kv4jPly8id4p8zdvt4j30g00g0glr.jpg?KID=imgbed,tva&Expires=1778778703&ssig=UchnKGVTeC",search_comments_2026-05-14.csv,search_comment,不敢看恐怖片的集合 咋搞,True,False
5298571869949935,1778790239,2026-05-14 20:23:59+08:00,5298525035825370,为什么有的人一次就能治好，有的人却反复失败？,5,22,1778767984002,,5298571869949935,1789681642,第一现场,m,https://m.weibo.cn/u/1789681642?launchid=10000360-page_H5,"https://tvax3.sinaimg.cn/crop.0.0.1080.1080.180/6aac5fealy8i1pd5xbxk3j20u00u0q3a.jpg?KID=imgbed,tva&Expires=1778778784&ssig=652AwpzyT%2B",search_comments_2026-05-14.csv,search_comment,为什么有的人一次就能治好有的人却反复失败,True,False
5298572224365142,1778790324,2026-05-14 20:25:24+08:00,5298525035825370,幽门螺杆菌，被世界卫生组织明确列为胃癌的“一类致癌物”，感染者发生胃癌的风险是未感染者的4-6倍。,0,6,1778767984005,,5298572224365142,1789681642,第一现场,m,https://m.weibo.cn/u/1789681642?launchid=10000360-page_H5,"https://tvax3.sinaimg.cn/crop.0.0.1080.1080.180/6aac5fealy8i1pd5xbxk3j20u00u0q3a.jpg?KID=imgbed,tva&Expires=1778778784&ssig=652AwpzyT%2B",search_comments_2026-05-14.csv,search_comment,幽门螺杆菌被世界卫生组织明确列为胃癌的一类致癌物感染者发生胃癌的风险是未感染者的46倍,True,False
5298597576840677,1778796368,2026-05-14 22:06:08+08:00,5298525035825370,【#研究显示幽门螺杆菌耐药率最高达97%#】#幽门螺杆菌4种耐药超级细菌已出现# 网页链接,0,1,1778767984008,,5298597576840677,1789681642,第一现场,m,https://m.weibo.cn/u/1789681642?launchid=10000360-page_H5,"https://tvax3.sinaimg.cn/crop.0.0.1080.1080.180/6aac5fealy8i1pd5xbxk3j20u00u0q3a.jpg?KID=imgbed,tva&Expires=1778778784&ssig=652AwpzyT%2B",search_comments_2026-05-14.csv,search_comment, 网页链接,True,False
5298587580767064,1778793985,2026-05-14 21:26:25+08:00,5298587388087422,抗生素就是这样，要么治好，要么耐药,1,19,1778767990648,上海,5298587580767064,5814227785,濯魔布丁,f,https://m.weibo.cn/u/5814227785?launchid=10000360-page_H5,"https://tvax1.sinaimg.cn/crop.0.0.1080.1080.180/006ltUfvly8icspx3czvtj30u00u0q67.jpg?KID=imgbed,tva&Expires=1778778790&ssig=8ycpE%2BYGFE",search_comments_2026-05-14.csv,search_comment,抗生素就是这样要么治好要么耐药,True,False
5298587815906731,1778794041,2026-05-14 21:27:21+08:00,5298587388087422,一定要遵循醫囑不要自行增減藥物，會影響治療效果的,0,28,1778767990653,中国台湾,5298587815906731,6091030477,Gigi08250,f,https://m.weibo.cn/u/6091030477?launchid=10000360-page_H5,"https://tvax4.sinaimg.cn/crop.0.0.1024.1024.180/006Edlh3ly8ics7ohi6sej30sg0sgjt8.jpg?KID=imgbed,tva&Expires=1778778790&ssig=xaQopZwY1D",search_comments_2026-05-14.csv,search_comment,一定要遵循醫囑不要自行增減藥物會影響治療效果的,True,False
5298587519160476,1778793970,2026-05-14 21:26:10+08:00,5298587388087422,一定要注意自己的身体,0,27,1778767990657,山东,5298587519160476,6129999673,Cyoocz,f,https://m.weibo.cn/u/6129999673?launchid=10000360-page_H5,"https://tvax3.sinaimg.cn/crop.0.0.1080.1080.180/006GQQWtly8ibqrd873p4j30u00u0mz1.jpg?KID=imgbed,tva&Expires=1778778790&ssig=OTbFyd54lg",search_comments_2026-05-14.csv,search_comment,一定要注意自己的身体,True,False
5298583358147433,1778792978,2026-05-14 21:09:38+08:00,5298575760166094,我最愿意看你的医疗博文,0,0,1778767997138,山东,5298583358147433,7226647952,会飞的双鱼0905,f,https://m.weibo.cn/u/7226647952?launchid=10000360-page_H5,"https://tvax2.sinaimg.cn/crop.0.0.512.512.180/007T4hfWly8gjflf2qfx2j30e80e80t5.jpg?KID=imgbed,tva&Expires=1778778797&ssig=Rbhi2Ab4XA",search_comments_2026-05-14.csv,search_comment,我最愿意看你的医疗博文,True,False
5298583299688341,1778792964,2026-05-14 21:09:24+08:00,5298582385067753,积极治疗幽门螺旋杆菌，刻不容缓,0,0,1778768003581,陕西,5298583299688341,1045224682,马先森2026,m,https://m.weibo.cn/u/1045224682?launchid=10000360-page_H5,"https://tvax1.sinaimg.cn/crop.0.0.500.500.180/3e4cdcealy8ia0fnpbujij20dw0dwdgj.jpg?KID=imgbed,tva&Expires=1778778803&ssig=2Cbgh2spzO",search_comments_2026-05-14.csv,search_comment,积极治疗幽门螺旋杆菌刻不容缓,True,False
5298583263777556,1778792956,2026-05-14 21:09:16+08:00,5298582385067753,有的一定要按照恢复的事,0,0,1778768003589,福建,5298583263777556,6648834290,洧一碎岁念年,f,https://m.weibo.cn/u/6648834290?launchid=10000360-page_H5,"https://tvax1.sinaimg.cn/crop.0.0.1080.1080.180/007fXPwKly8iawvzhpy2rj30u00u0q71.jpg?KID=imgbed,tva&Expires=1778778803&ssig=GvhHqyuRr4",search_comments_2026-05-14.csv,search_comment,有的一定要按照恢复的事,True,False
5298585684942159,1778793533,2026-05-14 21:18:53+08:00,5298585266817827,对啊 要遵医嘱 家长也要盯着点,0,2,1778768010045,安徽,5298585684942159,1805474462,芝麻是甜的啊,f,https://m.weibo.cn/u/1805474462?launchid=10000360-page_H5,"https://tvax4.sinaimg.cn/crop.0.0.1080.1080.180/6b9d5a9ely8ib7zuotcs5j20u00u041f.jpg?KID=imgbed,tva&Expires=1778778810&ssig=ifTLf5Fa2Q",search_comments_2026-05-14.csv,search_comment,对啊 要遵医嘱 家长也要盯着点,True,False
5298587320978259,1778793923,2026-05-14 21:25:23+08:00,5298585266817827,天呐四次都没成功,0,0,1778768010055,广西,5298587320978259,6323707292,水原兎紀,f,https://m.weibo.cn/u/6323707292?launchid=10000360-page_H5,"https://tvax2.sinaimg.cn/crop.0.0.1080.1080.180/006TXD8Uly8id5bvza7yoj30u00u0gn9.jpg?KID=imgbed,tva&Expires=1778778810&ssig=06WXsIpCcy",search_comments_2026-05-14.csv,search_comment,天呐四次都没成功,True,False
5298585991382449,1778793605,2026-05-14 21:20:05+08:00,5298585753094541,夏夜萤火虫的光很弱，却能让迷路者看见方向。平凡的力量也能成为别人的光——不必成为太阳，你有自己的亮度，就够了。,0,2,1778768016456,宁夏,5298585991382449,7857396473,可以叫77,f,https://m.weibo.cn/u/7857396473?launchid=10000360-page_H5,"https://tvax4.sinaimg.cn/crop.0.0.1080.1080.180/008zKPLbly8i5la8z5d1ej30u00u03zv.jpg?KID=imgbed,tva&Expires=1778778816&ssig=wRGjsxJgUm",search_comments_2026-05-14.csv,search_comment,夏夜萤火虫的光很弱却能让迷路者看见方向平凡的力量也能成为别人的光不必成为太阳你有自己的亮度就够了,True,False
5298585962810003,1778793599,2026-05-14 21:19:59+08:00,5298585753094541,人活一世重要的是经历。苦也好，乐也好，过去的不再重提，追忆过去，只能徒增伤悲，当你掩面叹息的时候，时光已逝，幸福也从你的指缝悄悄的溜走。世上没有不平的事，只有不平的心。不去怨，不去恨，淡然一切，往事如烟。珍惜现有的生活，幸福就在你身边。,0,2,1778768016462,宁夏,5298585962810003,7857396473,可以叫77,f,https://m.weibo.cn/u/7857396473?launchid=10000360-page_H5,"https://tvax4.sinaimg.cn/crop.0.0.1080.1080.180/008zKPLbly8i5la8z5d1ej30u00u03zv.jpg?KID=imgbed,tva&Expires=1778778816&ssig=wRGjsxJgUm",search_comments_2026-05-14.csv,search_comment,人活一世重要的是经历苦也好乐也好过去的不再重提追忆过去只能徒增伤悲当你掩面叹息的时候时光已逝幸福也从你的指缝悄悄的溜走世上没有不平的事只有不平的心不去怨不去恨淡然一切往事如烟珍惜现有的生活幸福就在你身边,True,False
5298593390660835,1778795370,2026-05-14 21:49:30+08:00,5298583607711076,小病乱治变重疾，抗生素滥用的教训太深刻。,0,0,1778768022817,江苏,5298593390660835,5318830729,小渝粉_,m,https://m.weibo.cn/u/5318830729?launchid=10000360-page_H5,"https://tvax4.sinaimg.cn/crop.0.0.1080.1080.180/005NXgQply8ia6m5zkkeaj30u00u03zx.jpg?KID=imgbed,tva&Expires=1778778822&ssig=aun5OXsK%2Bc",search_comments_2026-05-14.csv,search_comment,小病乱治变重疾抗生素滥用的教训太深刻,True,False
5298588846391794,1778794286,2026-05-14 21:31:26+08:00,5298583607711076,幽门螺杆菌治疗要规范，谨遵医嘱才能避免耐药情况,0,0,1778768022819,河南,5298588846391794,5938472022,情绪拾光者,m,https://m.weibo.cn/u/5938472022?launchid=10000360-page_H5,"https://tvax1.sinaimg.cn/crop.0.0.700.700.180/006tTdQOly8ibsrlxruaej30jg0jgwfa.jpg?KID=imgbed,tva&Expires=1778778822&ssig=%2B7G2NNWKWY",search_comments_2026-05-14.csv,search_comment,幽门螺杆菌治疗要规范谨遵医嘱才能避免耐药情况,True,False
5298593078707113,1778795296,2026-05-14 21:48:16+08:00,5298583607711076,治疗要按疗程来，药敏试验能有效提升根除效果,0,0,1778768022822,河南,5298593078707113,9162070912,寒川渡我,f,https://m.weibo.cn/u/9162070912?launchid=10000360-page_H5,"https://tvax2.sinaimg.cn/crop.0.0.960.960.180/00a037bily8ibre701pgij30qo0qojt9.jpg?KID=imgbed,tva&Expires=1778778822&ssig=txYGPJBanD",search_comments_2026-05-14.csv,search_comment,治疗要按疗程来药敏试验能有效提升根除效果,True,False
5298589359413215,1778794409,2026-05-14 21:33:29+08:00,5298586088115917,幽门螺杆菌确实很可怕的 不治疗好像会变成胃癌,1,0,1778768029168,山西,5298589359413215,8019347802,昼霁,f,https://m.weibo.cn/u/8019347802?launchid=10000360-page_H5,"https://tvax2.sinaimg.cn/crop.0.0.1080.1080.180/008KImHoly8icmfecvzrsj30u00u0mzb.jpg?KID=imgbed,tva&Expires=1778778829&ssig=XIeJUGMoqf",search_comments_2026-05-14.csv,search_comment,幽门螺杆菌确实很可怕的 不治疗好像会变成胃癌,True,False
5298587877774265,1778794056,2026-05-14 21:27:36+08:00,5298586088115917,还是定期检查,0,0,1778768029170,辽宁,5298587877774265,3299376117,昼沐晴,f,https://m.weibo.cn/u/3299376117?launchid=10000360-page_H5,"https://tvax3.sinaimg.cn/crop.0.0.1080.1080.180/c4a87bf5ly8id3k2l0lfzj20u00u0430.jpg?KID=imgbed,tva&Expires=1778778829&ssig=2ye8qUWepq",search_comments_2026-05-14.csv,search_comment,还是定期检查,True,False
5298493729279824,1778771609,2026-05-14 15:13:29+08:00,5298492294824631,这才是纯天然的大美女啊,0,15,1778768052718,河北,5298493729279824,7745331911,孟与星辰共酌,f,https://m.weibo.cn/u/7745331911?launchid=10000360-page_H5,"https://tvax1.sinaimg.cn/crop.0.0.132.132.180/008saCEfly4h02obgfotpj303o03o0s0.jpg?KID=imgbed,tva&Expires=1778778852&ssig=dbd4euk03v",search_comments_2026-05-14.csv,search_comment,这才是纯天然的大美女啊,True,False
5298493734258757,1778771610,2026-05-14 15:13:30+08:00,5298492294824631,那个时代的照片好真实啊,0,8,1778768052724,四川,5298493734258757,7745584792,不得不说的小事情,f,https://m.weibo.cn/u/7745584792?launchid=10000360-page_H5,"https://tvax3.sinaimg.cn/crop.0.0.1080.1080.180/008sbGqYly8hrepr9bq67j30u00u0wjn.jpg?KID=imgbed,tva&Expires=1778778852&ssig=RlobjXnGzp",search_comments_2026-05-14.csv,search_comment,那个时代的照片好真实啊,True,False
5298493758899368,1778771616,2026-05-14 15:13:36+08:00,5298492294824631,这不妥妥的美人骨相吗,0,8,1778768052731,江西,5298493758899368,6687789302,栗町熊,f,https://m.weibo.cn/u/6687789302?launchid=10000360-page_H5,"https://tvax1.sinaimg.cn/crop.0.0.1059.1059.180/007iBhvoly8i2ltr7xpdsj30tf0tfn1r.jpg?KID=imgbed,tva&Expires=1778778852&ssig=ABA0AQj4Km",search_comments_2026-05-14.csv,search_comment,这不妥妥的美人骨相吗,True,False
5298591438737969,1778794905,2026-05-14 21:41:45+08:00,5298441030995963,就是这个视频，让我觉得【盘条靓顺】这个词是有真实写照的真的是不愧为形容词,0,0,1778768059130,湖北,5298591438737969,9151947886,财神来到我家门204130825,f,https://m.weibo.cn/u/9151947886?launchid=10000360-page_H5,"https://tvax4.sinaimg.cn/crop.0.0.512.512.180/009ZmDIGly8ibwyerbd0pj30e80e8aax.jpg?KID=imgbed,tva&Expires=1778778859&ssig=2jBzXhMYIn",search_comments_2026-05-14.csv,search_comment,就是这个视频让我觉得盘条靓顺这个词是有真实写照的真的是不愧为形容词,True,False
5298548188907065,1778784593,2026-05-14 18:49:53+08:00,5298547572082672,真的一直都那么美啊,1,2,1778768065625,甘肃,5298548188907065,6275188204,借来的兔_,f,https://m.weibo.cn/u/6275188204?launchid=10000360-page_H5,"https://tvax2.sinaimg.cn/crop.0.0.1080.1080.180/006QG36Yly8icvlb66hi2j30u00u0ju1.jpg?KID=imgbed,tva&Expires=1778778865&ssig=MilBfvuUp%2B",search_comments_2026-05-14.csv,search_comment,真的一直都那么美啊,True,False
5298548259946555,1778784609,2026-05-14 18:50:09+08:00,5298547572082672,姐姐们太美啦,0,1,1778768065645,湖南,5298548259946555,7700822797,春秋之间_,m,https://m.weibo.cn/u/7700822797?launchid=10000360-page_H5,"https://tvax3.sinaimg.cn/crop.0.0.1080.1080.180/008p9RNjly8i8xa1cfwizj30u00u041p.jpg?KID=imgbed,tva&Expires=1778778865&ssig=BqlClIrk4E",search_comments_2026-05-14.csv,search_comment,姐姐们太美啦,True,False
5298538095578937,1778782187,2026-05-14 18:09:47+08:00,5298537433927092,心态好永远都是18岁,0,6,1778768072060,广东,5298538095578937,7944516531,逆风也发光_,m,https://m.weibo.cn/u/7944516531?launchid=10000360-page_H5,"https://tvax3.sinaimg.cn/crop.0.0.1080.1080.180/008FEnFply8iano11e2gkj30u00u0gpb.jpg?KID=imgbed,tva&Expires=1778778872&ssig=CGbOdHBF1s",search_comments_2026-05-14.csv,search_comment,心态好永远都是18岁,True,False
5298538415394084,1778782263,2026-05-14 18:11:03+08:00,5298537433927092,心态好自然显年轻,0,2,1778768072067,广东,5298538415394084,2019352284,东东的Natasha,f,https://m.weibo.cn/u/2019352284?launchid=10000360-page_H5,"https://tvax1.sinaimg.cn/crop.0.0.1080.1080.180/785cdedcly8i8fxcg6n2yj20u00u0wha.jpg?KID=imgbed,tva&Expires=1778778872&ssig=35g5EEwB0Y",search_comments_2026-05-14.csv,search_comment,心态好自然显年轻,True,False
5298538301100702,1778782236,2026-05-14 18:10:36+08:00,5298537433927092,你们觉得是？,0,1,1778768072075,广东,5298538301100702,2019352284,东东的Natasha,f,https://m.weibo.cn/u/2019352284?launchid=10000360-page_H5,"https://tvax1.sinaimg.cn/crop.0.0.1080.1080.180/785cdedcly8i8fxcg6n2yj20u00u0wha.jpg?KID=imgbed,tva&Expires=1778778872&ssig=35g5EEwB0Y",search_comments_2026-05-14.csv,search_comment,你们觉得是,True,False
5298558419077144,1778787032,2026-05-14 19:30:32+08:00,5298551594945923,以前的剧那是真美人,0,0,1778768078491,云南,5298558419077144,7909137488,夏昼眠眠,m,https://m.weibo.cn/u/7909137488?launchid=10000360-page_H5,"https://tvax4.sinaimg.cn/crop.0.0.1080.1080.180/008DfVXGly8ibeidn3zvnj30u00u0767.jpg?KID=imgbed,tva&Expires=1778778878&ssig=wLBDdrpzZs",search_comments_2026-05-14.csv,search_comment,以前的剧那是真美人,True,False
5298553488670761,1778785856,2026-05-14 19:10:56+08:00,5298553448827932,岁月是美人最好的化妆师，姐姐们越老越有魅力。,0,0,1778768101855,四川,5298553488670761,1273590234,环球旅游攻略咖,m,https://m.weibo.cn/u/1273590234?launchid=10000360-page_H5,"https://tva1.sinaimg.cn/crop.350.0.1147.1147.180/4be971dagw1eyt426787ij21h41827wh.jpg?KID=imgbed,tva&Expires=1778778901&ssig=G4MHZVkWkG",search_comments_2026-05-14.csv,search_comment,岁月是美人最好的化妆师姐姐们越老越有魅力,True,False
5298555431682201,1778786319,2026-05-14 19:18:39+08:00,5298553448827932,美人在岁月中磨砺更出彩！,0,0,1778768101863,福建,5298555431682201,2479902341,季莫零汐,m,https://m.weibo.cn/u/2479902341?launchid=10000360-page_H5,"https://tvax4.sinaimg.cn/crop.0.0.958.958.180/93d04e85ly8hz6j76chcgj20qm0qmadu.jpg?KID=imgbed,tva&Expires=1778778901&ssig=k1gQUd3JWm",search_comments_2026-05-14.csv,search_comment,美人在岁月中磨砺更出彩,True,False
5298555426181046,1778786319,2026-05-14 19:18:39+08:00,5298553448827932,姐姐这气质，真的拿捏了！,0,0,1778768101871,福建,5298555426181046,3951172725,Moni_鱼子酱,m,https://m.weibo.cn/u/3951172725?launchid=10000360-page_H5,"https://tvax2.sinaimg.cn/crop.0.0.924.924.180/eb821c75ly8hsom10nj8jj20po0poabn.jpg?KID=imgbed,tva&Expires=1778778901&ssig=turpTVTLpq",search_comments_2026-05-14.csv,search_comment,姐姐这气质真的拿捏了,True,False
5298559680777799,1778787333,2026-05-14 19:35:33+08:00,5298556099103589,岁月如歌，美人不老。,0,0,1778768108281,浙江,5298559680777799,2935568055,风吟听竹,m,https://m.weibo.cn/u/2935568055?launchid=10000360-page_H5,"https://tvax2.sinaimg.cn/crop.0.0.1080.1080.180/aef936b7ly8g8py2r6fu2j20u00u0tfc.jpg?KID=imgbed,tva&Expires=1778778908&ssig=k%2BvQ9iVkP9",search_comments_2026-05-14.csv,search_comment,岁月如歌美人不老,True,False
5298556244073133,1778786514,2026-05-14 19:21:54+08:00,5298556099103589,岁月沉淀下的从容，是真正的美。,0,0,1778768108287,浙江,5298556244073133,2935568055,风吟听竹,m,https://m.weibo.cn/u/2935568055?launchid=10000360-page_H5,"https://tvax2.sinaimg.cn/crop.0.0.1080.1080.180/aef936b7ly8g8py2r6fu2j20u00u0tfc.jpg?KID=imgbed,tva&Expires=1778778908&ssig=k%2BvQ9iVkP9",search_comments_2026-05-14.csv,search_comment,岁月沉淀下的从容是真正的美,True,False
5298574156108514,1778790784,2026-05-14 20:33:04+08:00,5298573991739681,视频cr🍠哈尔滨日报冰城,0,3,1778768138392,广东,5298574156108514,7402504038,N11小耶,f,https://m.weibo.cn/u/7402504038?launchid=10000360-page_H5,"https://tvax2.sinaimg.cn/crop.0.0.1080.1080.180/0084Y9sqly8i7ot75zdx1j30u00u0jt6.jpg?KID=imgbed,tva&Expires=1778778938&ssig=OHswCnwdoI",search_comments_2026-05-14.csv,search_comment,视频cr哈尔滨日报冰城,True,False
5298579931664436,1778792161,2026-05-14 20:56:01+08:00,5298573991739681,感觉雷总很开心,1,4,1778768138401,广东,5298579931664436,6606981256,JackyZ_thebest,m,https://m.weibo.cn/u/6606981256?launchid=10000360-page_H5,"https://tvax2.sinaimg.cn/crop.0.0.1080.1080.180/007d8dDOly8i2x3xmi6n4j30u00u0795.jpg?KID=imgbed,tva&Expires=1778778938&ssig=uG48UqJjHC",search_comments_2026-05-14.csv,search_comment,感觉雷总很开心,True,False
5298579762842760,1778792121,2026-05-14 20:55:21+08:00,5298573991739681,哈哈有点搞笑,2,4,1778768138409,广东,5298579762842760,6606414514,in甜心橘味,f,https://m.weibo.cn/u/6606414514?launchid=10000360-page_H5,"https://tvax1.sinaimg.cn/crop.0.0.1080.1080.180/007d5QcOly8i8a6sg2cb2j30u00u0wfu.jpg?KID=imgbed,tva&Expires=1778778938&ssig=6U%2BYybkf7Q",search_comments_2026-05-14.csv,search_comment,哈哈有点搞笑,True,False
5298578194173248,1778791747,2026-05-14 20:49:07+08:00,5298577702129602,你觉得会有哪些方面达成合作呢？,0,1,1778768144857,广东,5298578194173248,3178841952,小圆吃饼,f,https://m.weibo.cn/u/3178841952?launchid=10000360-page_H5,"https://tvax2.sinaimg.cn/crop.0.0.1024.1024.180/bd794760ly8i72gx6s6epj20sg0sgtat.jpg?KID=imgbed,tva&Expires=1778778944&ssig=nPhMx%2FqdEv",search_comments_2026-05-14.csv,search_comment,你觉得会有哪些方面达成合作呢,True,False
5298591540187434,1778794929,2026-05-14 21:42:09+08:00,5298577702129602,共谋发展了。,1,0,1778768144862,江西,5298591540187434,5414509426,妖慧慧,f,https://m.weibo.cn/u/5414509426?launchid=10000360-page_H5,"https://tvax1.sinaimg.cn/crop.0.0.1080.1080.180/005UqJfcly8i0nby8og9vj30u00u0di5.jpg?KID=imgbed,tva&Expires=1778778944&ssig=BKCLleByos",search_comments_2026-05-14.csv,search_comment,共谋发展了,True,False
5298589968368017,1778794553,2026-05-14 21:35:53+08:00,5298577702129602,5月14日下午马斯克发现了自己“360度转圈拍摄人民大会堂”的视频，和网友互动回复了一个表情。,0,0,1778768144865,广东,5298589968368017,3178841952,小圆吃饼,f,https://m.weibo.cn/u/3178841952?launchid=10000360-page_H5,"https://tvax2.sinaimg.cn/crop.0.0.1024.1024.180/bd794760ly8i72gx6s6epj20sg0sgtat.jpg?KID=imgbed,tva&Expires=1778778944&ssig=nPhMx%2FqdEv",search_comments_2026-05-14.csv,search_comment,5月14日下午马斯克发现了自己360度转圈拍摄人民大会堂的视频和网友互动回复了一个表情,True,False
5298590054351918,1778794575,2026-05-14 21:36:15+08:00,5298585794255466,社交圈互动多，见面像平常，大佬聚会吸引眼球，气氛热烈友好,0,0,1778768151353,福建,5298590054351918,5442286176,曾经心痛过之后,f,https://m.weibo.cn/u/5442286176?launchid=10000360-page_H5,"https://tvax4.sinaimg.cn/crop.0.0.1080.1080.180/005Wjhfily8hs6kk4ujx3j30u00u0di5.jpg?KID=imgbed,tva&Expires=1778778951&ssig=GmxMXhVxnj",search_comments_2026-05-14.csv,search_comment,社交圈互动多见面像平常大佬聚会吸引眼球气氛热烈友好,True,False
5298590046229375,1778794573,2026-05-14 21:36:13+08:00,5298585794255466,这些大佬们私下关系应该很好，看起来自在自在的，真羡慕,0,0,1778768151362,福建,5298590046229375,5696820096,都市都市888,m,https://m.weibo.cn/u/5696820096?launchid=10000360-page_H5,"https://tva1.sinaimg.cn/crop.0.0.664.664.180/006dxh96jw8eycgnjyr0pj30ig0igdg1.jpg?KID=imgbed,tva&Expires=1778778951&ssig=o8A17qOC6t",search_comments_2026-05-14.csv,search_comment,这些大佬们私下关系应该很好看起来自在自在的真羡慕,True,False
5298590042032580,1778794572,2026-05-14 21:36:12+08:00,5298585794255466,领导间的互动也很轻松自在，亲近气氛浓厚,0,0,1778768151367,福建,5298590042032580,5430748926,伯弨核記,m,https://m.weibo.cn/u/5430748926?launchid=10000360-page_H5,"https://tvax2.sinaimg.cn/crop.0.0.1125.1125.180/005VwRSCly8fl2q5wxqupj30v90v9whq.jpg?KID=imgbed,tva&Expires=1778778951&ssig=o%2BclZzqGLz",search_comments_2026-05-14.csv,search_comment,领导间的互动也很轻松自在亲近气氛浓厚,True,False
5298589561525376,1778794457,2026-05-14 21:34:17+08:00,5298586352883513,都是优秀人士 在一起同框 很难得的,6,5,1778768157878,山西,5298589561525376,7649437177,从头开始冲鸭,f,https://m.weibo.cn/u/7649437177?launchid=10000360-page_H5,"https://tvax2.sinaimg.cn/crop.0.0.1080.1080.180/008lGg2Zly8hia28gxe67j30u00u0dko.jpg?KID=imgbed,tva&Expires=1778778957&ssig=iSGlUlk%2BMR",search_comments_2026-05-14.csv,search_comment,都是优秀人士 在一起同框 很难得的,True,False
5298589083634213,1778794343,2026-05-14 21:32:23+08:00,5298586352883513,那当然啦，这谁能不兴奋,3,3,1778768157882,湖南,5298589083634213,6389952573,牛油果生椰拿铁nice,f,https://m.weibo.cn/u/6389952573?launchid=10000360-page_H5,"https://tvax1.sinaimg.cn/crop.0.0.1080.1080.180/006YrAzbly8hfiektaz9sj30u00u00y1.jpg?KID=imgbed,tva&Expires=1778778957&ssig=q%2F3OhpFBji",search_comments_2026-05-14.csv,search_comment,那当然啦这谁能不兴奋,True,False
5298590666727619,1778794721,2026-05-14 21:38:41+08:00,5298586352883513,马斯克不愧是科技界的大佬，雷总都很尊敬他。,0,2,1778768157887,安徽,5298590666727619,2523060021,骆驼快乐的坚持,f,https://m.weibo.cn/u/2523060021?launchid=10000360-page_H5,"https://tvax3.sinaimg.cn/crop.0.0.1080.1080.180/9662d735ly8hsy2ru6emwj20u00u0q68.jpg?KID=imgbed,tva&Expires=1778778957&ssig=yfMAR6QrWJ",search_comments_2026-05-14.csv,search_comment,马斯克不愧是科技界的大佬雷总都很尊敬他,True,False
5298585526603026,1778793495,2026-05-14 21:18:15+08:00,5298584285350973,这雷总还是主动去合照啊,1,7,1778768164361,黑龙江,5298585526603026,2011820460,浮笙,f,https://m.weibo.cn/u/2011820460?launchid=10000360-page_H5,"https://tvax1.sinaimg.cn/crop.0.0.1079.1079.180/77e9f1acly8i4yhi9gig4j20tz0u0wgv.jpg?KID=imgbed,tva&Expires=1778778964&ssig=YaoqQfh%2FyC",search_comments_2026-05-14.csv,search_comment,这雷总还是主动去合照啊,True,False
5298585287788262,1778793438,2026-05-14 21:17:18+08:00,5298584285350973,这个排场很大啊,0,0,1778768164373,黑龙江,5298585287788262,1251933173,机仙,m,https://m.weibo.cn/u/1251933173?launchid=10000360-page_H5,"https://tvax2.sinaimg.cn/crop.0.0.563.563.180/4a9efbf5ly8ht0z90xw66j20fn0fnwff.jpg?KID=imgbed,tva&Expires=1778778964&ssig=d7N8G0twKR",search_comments_2026-05-14.csv,search_comment,这个排场很大啊,True,False
5298585392386741,1778793463,2026-05-14 21:17:43+08:00,5298584285350973,这个生意谈的好了,0,2,1778768164383,黑龙江,5298585392386741,7224607044,欠爱还情,f,https://m.weibo.cn/u/7224607044?launchid=10000360-page_H5,"https://tvax2.sinaimg.cn/crop.0.0.1080.1080.180/007SVIk4ly8i0hqrdextbj30u00u0mzf.jpg?KID=imgbed,tva&Expires=1778778964&ssig=yiyl14sdzc",search_comments_2026-05-14.csv,search_comment,这个生意谈的好了,True,False
5298545099803877,1778783857,2026-05-14 18:37:37+08:00,5298544907128747,带他去看看小米的车,2,4,1778768187827,广东,5298545099803877,6070645625,流氓兔学长,f,https://m.weibo.cn/u/6070645625?launchid=10000360-page_H5,"https://tvax4.sinaimg.cn/crop.0.0.996.996.180/006CPOf7ly8glj846wp5hj30ro0ro0uc.jpg?KID=imgbed,tva&Expires=1778778987&ssig=y1W2qmA%2B7R",search_comments_2026-05-14.csv,search_comment,带他去看看小米的车,True,False
5298198740732493,1778701278,2026-05-13 19:41:18+08:00,5298198445036483,完全连拍啊神颜神表管,1,33,1778768204880,上海,5298198740732493,7774457543,努力是贺峻霖的,m,https://m.weibo.cn/u/7774457543?launchid=10000360-page_H5,"https://tvax2.sinaimg.cn/crop.0.0.1080.1080.180/008u8Pyvly8i0849hbyvxj30u00u0tdr.jpg?KID=imgbed,tva&Expires=1778779004&ssig=vOFCbP5twT",search_comments_2026-05-14.csv,search_comment,完全连拍啊神颜神表管,True,False
5298222142855685,1778706858,2026-05-13 21:14:18+08:00,5298198445036483,#贺峻霖五十公里桃花坞6# 让人安心下来的温柔力量,0,4,1778768204890,广西,5298222142855685,5557091575,real777real,f,https://m.weibo.cn/u/5557091575?launchid=10000360-page_H5,"https://tvax1.sinaimg.cn/crop.0.0.1080.1080.180/00644Znhly8ica8phg25bj30u00u0mzy.jpg?KID=imgbed,tva&Expires=1778779004&ssig=LOZm4BGCGh",search_comments_2026-05-14.csv,search_comment, 让人安心下来的温柔力量,True,False
5298511924954258,1778775947,2026-05-14 16:25:47+08:00,5298511873573293,💚坞里坞外友友都在💚我已经搬好小板凳坐等开播💚,40,1705,1778768211793,安徽,5298511924954258,6705133107,·小霖安利杂货店·,f,https://m.weibo.cn/u/6705133107?launchid=10000360-page_H5,"https://tvax2.sinaimg.cn/crop.0.0.1080.1080.180/007jM3qbly8icwv4fyqm6j30u00u0ad6.jpg?KID=imgbed,tva&Expires=1778779011&ssig=yLG9T%2FHsOC",search_comments_2026-05-14.csv,search_comment,坞里坞外友友都在我已经搬好小板凳坐等开播,True,False
5298511903721501,1778775942,2026-05-14 16:25:42+08:00,5298511873573293,一起看小贺哥哥解锁新的坞里日常💚,9,1495,1778768211806,广东,5298511903721501,2243572322,掉入一片喧嚣,f,https://m.weibo.cn/u/2243572322?launchid=10000360-page_H5,"https://tvax2.sinaimg.cn/crop.0.0.989.989.180/85ba3262ly8ibvmicohe2j20rh0rhdhn.jpg?KID=imgbed,tva&Expires=1778779011&ssig=bF%2BcEqNC0b",search_comments_2026-05-14.csv,search_comment,一起看小贺哥哥解锁新的坞里日常,True,False
5298529737637980,1778780193,2026-05-14 17:36:33+08:00,5298527555290334,一直以为这种是士大夫发，结果竟然是他们自己,3,51,1778768218239,陕西,5298529737637980,7154636153,香菜三三Ya,f,https://m.weibo.cn/u/7154636153?launchid=10000360-page_H5,"https://tvax4.sinaimg.cn/crop.0.0.1080.1080.180/007Oc7Hjly8hsdjm3e993j30u00u1q6e.jpg?KID=imgbed,tva&Expires=1778779018&ssig=Dz%2FO7dmXfW",search_comments_2026-05-14.csv,search_comment,一直以为这种是士大夫发结果竟然是他们自己,True,False
5298528152979110,1778779816,2026-05-14 17:30:16+08:00,5298527555290334,我哥哥我哥哥 哎呦我们耀文好萌！！,0,41,1778768218249,天津,5298528152979110,7265620936,我没素质丨__,f,https://m.weibo.cn/u/7265620936?launchid=10000360-page_H5,"https://tvax4.sinaimg.cn/crop.0.0.1080.1080.180/007VHNUsly8i6ukfv406ij30u00u07ca.jpg?KID=imgbed,tva&Expires=1778779018&ssig=DS8EjNVH9s",search_comments_2026-05-14.csv,search_comment,我哥哥我哥哥 哎呦我们耀文好萌,True,False
5298527989141265,1778779777,2026-05-14 17:29:37+08:00,5298527555290334,脚打响指的技能要到处宣扬了哈哈哈哈,0,26,1778768218261,陕西,5298527989141265,7815552044,海盐小饼干200,f,https://m.weibo.cn/u/7815552044?launchid=10000360-page_H5,"https://tvax3.sinaimg.cn/crop.0.0.1080.1080.180/008wVg72ly8ibr54hd96nj30u00u0gqt.jpg?KID=imgbed,tva&Expires=1778779018&ssig=DJOo2BtpDL",search_comments_2026-05-14.csv,search_comment,脚打响指的技能要到处宣扬了哈哈哈哈,True,False
5298570548741122,1778789923,2026-05-14 20:18:43+08:00,5298558983209826,#时代峰峻没给贺峻霖桃花坞包场# 💚期待我们贺峻霖#贺峻霖五十公里桃花坞6#,0,0,1778768224746,山东,5298570548741122,6086570405,妖眸粿粿,f,https://m.weibo.cn/u/6086570405?launchid=10000360-page_H5,"https://tvax3.sinaimg.cn/crop.0.0.958.958.180/006DUD0ply8haqghutn6bj30qm0qmq42.jpg?KID=imgbed,tva&Expires=1778779024&ssig=RinNX2pgQk",search_comments_2026-05-14.csv,search_comment, 期待我们贺峻霖,True,False
5298565484123739,1778788717,2026-05-14 19:58:37+08:00,5298558983209826,主持人宝宝,0,1,1778768224751,四川,5298565484123739,6415415817,吃不完的章鱼烧-,m,https://m.weibo.cn/u/6415415817?launchid=10000360-page_H5,"https://tvax3.sinaimg.cn/crop.0.0.1080.1080.180/0070aqIFly8icr33q0a1nj30u00u0q6c.jpg?KID=imgbed,tva&Expires=1778779024&ssig=48LqPDsPQ%2F",search_comments_2026-05-14.csv,search_comment,主持人宝宝,True,False
5298571404380056,1778790128,2026-05-14 20:22:08+08:00,5298556416033527,好帅啊贺峻霖,1,0,1778768231133,湖北,5298571404380056,7961912483,吃瓜小桃气,f,https://m.weibo.cn/u/7961912483?launchid=10000360-page_H5,"https://tvax1.sinaimg.cn/crop.0.0.1080.1080.180/008GPn9hly8id0r2dwh2gj30u00u0n0t.jpg?KID=imgbed,tva&Expires=1778779031&ssig=Tx1duE%2Bb69",search_comments_2026-05-14.csv,search_comment,好帅啊贺峻霖,True,False
5298588936048248,1778794308,2026-05-14 21:31:48+08:00,5298556416033527,贺峻霖妥妥的小狼狗啊,0,0,1778768231139,广东,5298588936048248,5699655728,幸运小喵喵猫,f,https://m.weibo.cn/u/5699655728?launchid=10000360-page_H5,"https://tvax3.sinaimg.cn/crop.0.0.1080.1080.180/006dJaP6ly8ici4nvj2nzj30u00u0djd.jpg?KID=imgbed,tva&Expires=1778779031&ssig=3wUxmU30st",search_comments_2026-05-14.csv,search_comment,贺峻霖妥妥的小狼狗啊,True,False
5298568107393943,1778789342,2026-05-14 20:09:02+08:00,5298562327381922,真是有爱的团体啊,1,0,1778768237615,广东,5298568107393943,2104790901,Hello_是大A啊,f,https://m.weibo.cn/u/2104790901?launchid=10000360-page_H5,"https://tvax2.sinaimg.cn/crop.0.0.960.960.180/7d748f75ly8icuw6ekg0xj20qo0qoq5i.jpg?KID=imgbed,tva&Expires=1778779037&ssig=jdHjf8%2F1Oz",search_comments_2026-05-14.csv,search_comment,真是有爱的团体啊,True,False
5298566899172912,1778789054,2026-05-14 20:04:14+08:00,5298562327381922,小卖部老板辛苦了,1,0,1778768237620,广东,5298566899172912,2271726940,重逢有待,f,https://m.weibo.cn/u/2271726940?launchid=10000360-page_H5,"https://tvax1.sinaimg.cn/crop.0.420.1080.1080.180/8767cd5cly8i664yhtkwnj20u01hc43s.jpg?KID=imgbed,tva&Expires=1778779037&ssig=2jdrycP9a8",search_comments_2026-05-14.csv,search_comment,小卖部老板辛苦了,True,False
5298566849106508,1778789042,2026-05-14 20:04:02+08:00,5298562327381922,哈哈哈，十根烤肠可还行,1,0,1778768237624,安徽,5298566849106508,3907680212,小陈-生活日记,f,https://m.weibo.cn/u/3907680212?launchid=10000360-page_H5,"https://tvax3.sinaimg.cn/crop.0.0.1080.1080.180/e8ea77d4ly8i88d4bwpnhj20u00u0wi1.jpg?KID=imgbed,tva&Expires=1778779037&ssig=LORDBWs5e0",search_comments_2026-05-14.csv,search_comment,哈哈哈十根烤肠可还行,True,False
5298523813972989,1778778782,2026-05-14 17:13:02+08:00,5298511660974341,想改就改了，现在更方便艾特！来预约他的待播剧呀，都值得期待！@微博智搜,5,85,1778768285259,广东,5298523813972989,1869974464,H-Cat,f,https://m.weibo.cn/u/1869974464?launchid=10000360-page_H5,"https://tvax3.sinaimg.cn/crop.0.0.996.996.180/6f758bc0ly8gtf3cg7p2ij20ro0ro3zq.jpg?KID=imgbed,tva&Expires=1778779085&ssig=f0kWkGO%2Fp2",search_comments_2026-05-14.csv,search_comment,想改就改了现在更方便艾特来预约他的待播剧呀都值得期待,True,False
5298540483969613,1778782756,2026-05-14 18:19:16+08:00,5298511660974341,挺好的，改就改了吧,0,2,1778768285267,湖南,5298540483969613,9106794640,瑜你同行oooo,f,https://m.weibo.cn/u/9106794640?launchid=10000360-page_H5,"https://tvax3.sinaimg.cn/crop.0.0.1080.1080.180/009Wjbiwly8ibdb7uf9lzj30u00u0q46.jpg?KID=imgbed,tva&Expires=1778779085&ssig=4vtgBoTOPK",search_comments_2026-05-14.csv,search_comment,挺好的改就改了吧,True,False
5298514931482964,1778776663,2026-05-14 16:37:43+08:00,5298511660974341,为啥改名啊,4,10,1778768285275,北京,5298514931482964,6457307019,迷路的糯米熊,f,https://m.weibo.cn/u/6457307019?launchid=10000360-page_H5,"https://tvax3.sinaimg.cn/crop.0.0.1080.1080.180/00730cxdly8icf09sl7zij30u00u0js2.jpg?KID=imgbed,tva&Expires=1778779085&ssig=pTKAcE9nUe",search_comments_2026-05-14.csv,search_comment,为啥改名啊,True,False
5298527385161275,1778779633,2026-05-14 17:27:13+08:00,5298526833871498,黄景瑜三个名字更有冲击力他真的好努力拍剧 一部接一部,0,87,1778768291812,浙江,5298527385161275,7060297182,剧影星综,f,https://m.weibo.cn/u/7060297182?launchid=10000360-page_H5,"https://tvax1.sinaimg.cn/crop.0.0.1080.1080.180/007HOhP0ly8h282qseq09j30u00u0tbe.jpg?KID=imgbed,tva&Expires=1778779091&ssig=T1JCQzKrnt",search_comments_2026-05-14.csv,search_comment,黄景瑜三个名字更有冲击力他真的好努力拍剧 一部接一部,True,False
5298527217388073,1778779593,2026-05-14 17:26:33+08:00,5298526833871498,呜呜黄景瑜就是老公啊啊啊啊啊,0,4,1778768291819,浙江,5298527217388073,5774002305,我是浪荡的小少年,m,https://m.weibo.cn/u/5774002305?launchid=10000360-page_H5,"https://tvax4.sinaimg.cn/crop.0.0.1080.1080.180/006iL7Lrly8g5nyjrmpy0j30u00u0n12.jpg?KID=imgbed,tva&Expires=1778779091&ssig=JVDEkHuuYO",search_comments_2026-05-14.csv,search_comment,呜呜黄景瑜就是老公啊啊啊啊啊,True,False
5298527490280278,1778779658,2026-05-14 17:27:38+08:00,5298526833871498,黄景瑜真的是完全daddy男神,0,2,1778768291822,浙江,5298527490280278,5342739478,白展堂不追星,m,https://m.weibo.cn/u/5342739478?launchid=10000360-page_H5,"https://tvax2.sinaimg.cn/crop.0.0.1080.1080.180/005PzABoly8grs21ftpcvj30u00u0jsw.jpg?KID=imgbed,tva&Expires=1778779091&ssig=cxQyrXgoUd",search_comments_2026-05-14.csv,search_comment,黄景瑜真的是完全daddy男神,True,False
5298532086187834,1778780754,2026-05-14 17:45:54+08:00,5298529846167732,好哒，期待黄景瑜待播剧呀@黄景瑜,1,79,1778768298443,吉林,5298532086187834,7922675585,经经鲸鲸,f,https://m.weibo.cn/u/7922675585?launchid=10000360-page_H5,"https://tvax2.sinaimg.cn/crop.0.0.1080.1080.180/008EaJQ5ly8ibwzwe3y3lj30u00u0jva.jpg?KID=imgbed,tva&Expires=1778779098&ssig=J3iGkaUwvE",search_comments_2026-05-14.csv,search_comment,好哒期待黄景瑜待播剧呀,True,False
5298532116072972,1778780761,2026-05-14 17:46:01+08:00,5298529846167732,十年一个新的里程 @黄景瑜  其他黄景瑜的待播剧,2,65,1778768298448,马来西亚,5298532116072972,7759492348,维妮的卤蛋阿泽,f,https://m.weibo.cn/u/7759492348?launchid=10000360-page_H5,"https://tvax1.sinaimg.cn/crop.0.0.884.884.180/008t82qoly8ibv6y2yqo8j30ok0okdha.jpg?KID=imgbed,tva&Expires=1778779098&ssig=Ol0vMDlNeU",search_comments_2026-05-14.csv,search_comment,十年一个新的里程   其他黄景瑜的待播剧,True,False
5298533668490640,1778781131,2026-05-14 17:52:11+08:00,5298529846167732,期待黄景瑜赢风@黄景瑜 #黄景瑜赢风#,0,46,1778768298452,黑龙江,5298533668490640,7463250838,何超群啦啦,f,https://m.weibo.cn/u/7463250838?launchid=10000360-page_H5,"https://tvax4.sinaimg.cn/crop.0.0.1080.1080.180/008952twly8i9766y4caxj30u00u0mzw.jpg?KID=imgbed,tva&Expires=1778779098&ssig=lNLBCgcwLj",search_comments_2026-05-14.csv,search_comment,期待黄景瑜赢风 ,True,False
5298542245842256,1778783176,2026-05-14 18:26:16+08:00,5298542118699789,你喜欢黄景瑜吗,2,15,1778768304899,陕西,5298542245842256,2493198814,巧玲爱吃_櫻桃,f,https://m.weibo.cn/u/2493198814?launchid=10000360-page_H5,"https://tvax4.sinaimg.cn/crop.0.0.656.656.180/949b31dely1ic7yrpsn02j20i80i80ta.jpg?KID=imgbed,tva&Expires=1778779104&ssig=cx6DyHy08w",search_comments_2026-05-14.csv,search_comment,你喜欢黄景瑜吗,True,False
5298545558294979,1778783966,2026-05-14 18:39:26+08:00,5298542118699789,想改就该呗，没觉得有别的意思,1,1,1778768304904,北京,5298545558294979,7820635580,南宫碗hah,m,https://m.weibo.cn/u/7820635580?launchid=10000360-page_H5,"https://tvax2.sinaimg.cn/crop.0.0.1080.1080.180/008xgAzyly8ibmuokvfq0j30u00u0q67.jpg?KID=imgbed,tva&Expires=1778779104&ssig=YAqZqN70zX",search_comments_2026-05-14.csv,search_comment,想改就该呗没觉得有别的意思,True,False
5298545144103113,1778783866,2026-05-14 18:37:46+08:00,5298542118699789,感觉中文名就已经很好了,1,2,1778768304908,陕西,5298545144103113,6328825617,苔上雪凇,m,https://m.weibo.cn/u/6328825617?launchid=10000360-page_H5,"https://tvax2.sinaimg.cn/crop.0.0.1080.1080.180/006Uj6Exly8ibdp1ciqj9j30u00u0taq.jpg?KID=imgbed,tva&Expires=1778779104&ssig=UzQE6kkMz7",search_comments_2026-05-14.csv,search_comment,感觉中文名就已经很好了,True,False
5298530293912841,1778780327,2026-05-14 17:38:47+08:00,5298523563100778,你觉得黄景瑜名字以前的好还是现在好？,2,4,1778768311452,浙江,5298530293912841,2017508361,甜芷龍的锁骨,f,https://m.weibo.cn/u/2017508361?launchid=10000360-page_H5,"https://tvax3.sinaimg.cn/crop.0.0.798.798.180/7840bc09ly8ibtf94lavlj20m60m6757.jpg?KID=imgbed,tva&Expires=1778779111&ssig=aHjL9gn5yn",search_comments_2026-05-14.csv,search_comment,你觉得黄景瑜名字以前的好还是现在好,True,False
5298528448416709,1778779887,2026-05-14 17:31:27+08:00,5298523563100778,黄景瑜改完更简约了,0,4,1778768311459,北京,5298528448416709,7881196739,榷予,f,https://m.weibo.cn/u/7881196739?launchid=10000360-page_H5,"https://tvax4.sinaimg.cn/crop.0.0.1080.1080.180/008BmHirly8id31dlgmatj30u00u076m.jpg?KID=imgbed,tva&Expires=1778779111&ssig=dzibjJyLl0",search_comments_2026-05-14.csv,search_comment,黄景瑜改完更简约了,True,False
5298527480840929,1778779656,2026-05-14 17:27:36+08:00,5298523563100778,挺好了，去掉英文名准备往正剧发展了吗,2,2,1778768311462,福建,5298527480840929,6005319548,溜个瓜瓜,m,https://m.weibo.cn/u/6005319548?launchid=10000360-page_H5,"https://tvax1.sinaimg.cn/crop.0.0.1080.1080.180/006ypHWIly8i3gy1jmu2oj30u00u0tbt.jpg?KID=imgbed,tva&Expires=1778779111&ssig=pu%2F5zghYBH",search_comments_2026-05-14.csv,search_comment,挺好了去掉英文名准备往正剧发展了吗,True,False
5298506004706465,1778774536,2026-05-14 16:02:16+08:00,5298503628884359,魏晨 5.18日中午12点，与特别观察员@魏晨 不见不散,0,278,1778768372655,黑龙江,5298506004706465,1679767197,魏晨官方后援会,f,https://m.weibo.cn/u/1679767197?launchid=10000360-page_H5,"https://tvax4.sinaimg.cn/crop.0.0.1080.1080.180/641f369dly8hn2pe73rpbj20u00u00u6.jpg?KID=imgbed,tva&Expires=1778779172&ssig=UGK8laHLWT",search_comments_2026-05-14.csv,search_comment,魏晨 518日中午12点与特别观察员 不见不散,True,False
5298503735574882,1778773994,2026-05-14 15:53:14+08:00,5298503628884359,那你先接通我的,1,475,1778768372662,广东,5298503735574882,2841553005,迷鹭爱吃虾的橙子,f,https://m.weibo.cn/u/2841553005?launchid=10000360-page_H5,"https://tvax1.sinaimg.cn/crop.0.0.1080.1080.180/a95ea86dly8i6hmelqdwlj20u00u0q5e.jpg?KID=imgbed,tva&Expires=1778779172&ssig=IhrpzmtcyS",search_comments_2026-05-14.csv,search_comment,那你先接通我的,True,False
5298504851259881,1778774260,2026-05-14 15:57:40+08:00,5298503628884359,盲猜吧盲猜,23,67,1778768372669,黑龙江,5298504851259881,6545754047,Aye温良,f,https://m.weibo.cn/u/6545754047?launchid=10000360-page_H5,"https://tvax4.sinaimg.cn/crop.0.0.623.623.180/0078ZjEbly8iaichwuzjsj30hb0hbmxi.jpg?KID=imgbed,tva&Expires=1778779172&ssig=eZEXjUtzwI",search_comments_2026-05-14.csv,search_comment,盲猜吧盲猜,True,False
5298484804849073,1778769481,2026-05-14 14:38:01+08:00,5298484556336074,期待三三力安，期待新一季的宝贝们,9,581,1778768379296,河南,5298484804849073,6481422159,见巫山不见云,f,https://m.weibo.cn/u/6481422159?launchid=10000360-page_H5,"https://tvax3.sinaimg.cn/crop.0.0.1080.1080.180/0074DnZ5ly8ibmjh73tskj30u00u0778.jpg?KID=imgbed,tva&Expires=1778779179&ssig=VfA9ThOpZI",search_comments_2026-05-14.csv,search_comment,期待三三力安期待新一季的宝贝们,True,False
5298492432190001,1778771300,2026-05-14 15:08:20+08:00,5298484556336074,多找有女宝的家庭！！！,8,437,1778768379304,海南,5298492432190001,5501671823,矞郁彧,f,https://m.weibo.cn/u/5501671823?launchid=10000360-page_H5,"https://tvax4.sinaimg.cn/crop.0.0.960.960.180/0060ksajly8h07y9ayvjbj30qo0qoacn.jpg?KID=imgbed,tva&Expires=1778779179&ssig=Y9u%2FJdqz%2Bl",search_comments_2026-05-14.csv,search_comment,多找有女宝的家庭,True,False
5298487702064342,1778770172,2026-05-14 14:49:32+08:00,5298484556336074,三三和力安还会在吗！太好了,2,193,1778768379315,江苏,5298487702064342,2984215521,发芽的小豆豆-1003,f,https://m.weibo.cn/u/2984215521?launchid=10000360-page_H5,"https://tvax4.sinaimg.cn/crop.0.0.1080.1080.180/b1df83e1ly8hz72g7yo7uj20u00u0js8.jpg?KID=imgbed,tva&Expires=1778779179&ssig=j%2BnEErcA8I",search_comments_2026-05-14.csv,search_comment,三三和力安还会在吗太好了,True,False
5298489812584012,1778770675,2026-05-14 14:57:55+08:00,5298486388983390,韩庚 欢迎新一季“宝藏爸爸”登场！带着满腔父爱和“大学一场”的热血，这季精彩稳了👏 坐等解锁庚哥的高光时刻！,0,23,1778768385961,河北,5298489812584012,1681176012,韩庚吧_官方粉丝后援会,m,https://m.weibo.cn/u/1681176012?launchid=10000360-page_H5,"https://tvax1.sinaimg.cn/crop.0.0.1080.1080.180/6434b5ccly8ibay62vzzrj20u00u00vu.jpg?KID=imgbed,tva&Expires=1778779185&ssig=yvHBWnumfw",search_comments_2026-05-14.csv,search_comment,韩庚 欢迎新一季宝藏爸爸登场带着满腔父爱和大学一场的热血这季精彩稳了 坐等解锁庚哥的高光时刻,True,False
5298487547923240,1778770135,2026-05-14 14:48:55+08:00,5298486388983390,哇哦，好期待@韩庚 #爸爸当家#,6,1047,1778768385969,山东,5298487547923240,1718047187,韩庚吧山东分会,f,https://m.weibo.cn/u/1718047187?launchid=10000360-page_H5,"https://tvax3.sinaimg.cn/crop.0.0.1080.1080.180/666751d3ly8i7hvdllfmcj20u00u0tcd.jpg?KID=imgbed,tva&Expires=1778779185&ssig=DH3Eeask9Q",search_comments_2026-05-14.csv,search_comment,哇哦好期待 ,True,False
5298488728618068,1778770417,2026-05-14 14:53:37+08:00,5298486388983390,韩庚新综艺，期待,3,1021,1778768385974,山东,5298488728618068,1662779205,执拗拗好运连连事事顺,f,https://m.weibo.cn/u/1662779205?launchid=10000360-page_H5,"https://tvax3.sinaimg.cn/crop.0.0.1328.1328.180/631bff45ly8fkxsylro7zj210w10w0xi.jpg?KID=imgbed,tva&Expires=1778779185&ssig=qYaEH%2Brki5",search_comments_2026-05-14.csv,search_comment,韩庚新综艺期待,True,False
5298552021456591,1778785507,2026-05-14 19:05:07+08:00,5298539171416805,爱你们的……雅莲老师 非常喜欢雅莲老师,0,1,1778768392445,广东,5298552021456591,2502869144,BaoFamilyBell,m,https://m.weibo.cn/u/2502869144?launchid=10000360-page_H5,"https://tvax3.sinaimg.cn/crop.0.0.1080.1080.180/952ec098ly8iczlpfn4qlj20u00u0n14.jpg?KID=imgbed,tva&Expires=1778779192&ssig=3AcYKzxaRN",search_comments_2026-05-14.csv,search_comment,爱你们的雅莲老师 非常喜欢雅莲老师,True,False
5298542205996015,1778783167,2026-05-14 18:26:07+08:00,5298539171416805,张老师 18号见,0,0,1778768392452,云南,5298542205996015,7489942380,林林-Swifties,f,https://m.weibo.cn/u/7489942380?launchid=10000360-page_H5,"https://tvax1.sinaimg.cn/crop.0.0.1080.1080.180/008aT2agly8iczcjn0cc8j30u00u042h.jpg?KID=imgbed,tva&Expires=1778779192&ssig=ymv7Rr51E4",search_comments_2026-05-14.csv,search_comment,张老师 18号见,True,False
5298560411111376,1778787507,2026-05-14 19:38:27+08:00,5298560079758192,你喜欢爸爸当家这个综艺吗？,2,5,1778768398925,广东,5298560411111376,7982201905,春棠洇,f,https://m.weibo.cn/u/7982201905?launchid=10000360-page_H5,"https://tvax3.sinaimg.cn/crop.0.0.1080.1080.180/008Icvm1ly8icgtlct7sqj30u00u040i.jpg?KID=imgbed,tva&Expires=1778779198&ssig=jOXlhZbA6E",search_comments_2026-05-14.csv,search_comment,你喜欢爸爸当家这个综艺吗,True,False
5298561594167428,1778787789,2026-05-14 19:43:09+08:00,5298560079758192,诶这啥节目和爸爸去哪儿一样吗,2,2,1778768398928,山西,5298561594167428,7734730806,初涩果,f,https://m.weibo.cn/u/7734730806?launchid=10000360-page_H5,"https://tvax2.sinaimg.cn/crop.0.0.1080.1080.180/008rs8OGly8ic0q1aevivj30u00u0412.jpg?KID=imgbed,tva&Expires=1778779198&ssig=se5BLLfyjH",search_comments_2026-05-14.csv,search_comment,诶这啥节目和爸爸去哪儿一样吗,True,False
5298600879850241,1778797155,2026-05-14 22:19:15+08:00,5298599579878015,看不下去了吗,0,0,1778768422083,山西,5298600879850241,7369708717,不二嵂,m,https://m.weibo.cn/u/7369708717?launchid=10000360-page_H5,"https://tvax4.sinaimg.cn/crop.0.0.1080.1080.180/0082KxTDly8i9wpbaw3dyj30u00u0abr.jpg?KID=imgbed,tva&Expires=1778779222&ssig=Ow%2FiG7r7DG",search_comments_2026-05-14.csv,search_comment,看不下去了吗,True,False
5298585157763411,1778793406,2026-05-14 21:16:46+08:00,5298584285350973,首富能不松弛吗,0,2,1778768483001,黑龙江,5298585157763411,6435045659,简单音乐,f,https://m.weibo.cn/u/6435045659?launchid=10000360-page_H5,"https://tvax2.sinaimg.cn/crop.0.0.512.512.180/0071uNl1ly8gdimoplrsvj30e80e8weu.jpg?KID=imgbed,tva&Expires=1778779283&ssig=TRhd%2FASXzQ",search_comments_2026-05-14.csv,search_comment,首富能不松弛吗,True,False
5298570997798474,1778790031,2026-05-14 20:20:31+08:00,5298567000621580,他认为中美应该友好，这样有利于他的特斯拉,1,9,1778768489500,江苏,5298570997798474,6019808189,深海雨LIN,f,https://m.weibo.cn/u/6019808189?launchid=10000360-page_H5,"https://tva4.sinaimg.cn/crop.0.0.748.748.180/006zov6tjw8fbp91ae2rhj30ks0kswfg.jpg?KID=imgbed,tva&Expires=1778779289&ssig=tfewo88kXZ",search_comments_2026-05-14.csv,search_comment,他认为中美应该友好这样有利于他的特斯拉,True,False
5298573543473428,1778790637,2026-05-14 20:30:37+08:00,5298567000621580,真是松弛的马斯克,2,0,1778768489503,重庆,5298573543473428,2308663930,小寻的Haru,f,https://m.weibo.cn/u/2308663930?launchid=10000360-page_H5,"https://tvax2.sinaimg.cn/crop.0.0.1080.1080.180/899b6a7aly8i7vjx4owtmj20u00u0776.jpg?KID=imgbed,tva&Expires=1778779289&ssig=f%2BVrSS6vHb",search_comments_2026-05-14.csv,search_comment,真是松弛的马斯克,True,False
5298574642383032,1778790900,2026-05-14 20:35:00+08:00,5298567000621580,她似乎很会拍照,1,0,1778768489506,安徽,5298574642383032,6473317154,小螃蟹的小马甲,f,https://m.weibo.cn/u/6473317154?launchid=10000360-page_H5,"https://tvax1.sinaimg.cn/crop.0.0.1080.1080.180/00745nvcly8i8qxk8xa91j30u00u00vd.jpg?KID=imgbed,tva&Expires=1778779289&ssig=V%2BaBFZQFrE",search_comments_2026-05-14.csv,search_comment,她似乎很会拍照,True,False
5298580078465014,1778792196,2026-05-14 20:56:36+08:00,5298574117570576,极致的中式美学 查看图片,0,4,1778768495934,广东,5298580078465014,7498159071,1991AG7,m,https://m.weibo.cn/u/7498159071?launchid=10000360-page_H5,"https://tvax1.sinaimg.cn/crop.0.0.1024.1024.180/008brvHxly8i32fuz7a7sj30sg0sg0ux.jpg?KID=imgbed,tva&Expires=1778779296&ssig=6UycqEofaE",search_comments_2026-05-14.csv,search_comment,极致的中式美学 查看图片,True,False
5298581823294528,1778792612,2026-05-14 21:03:32+08:00,5298574117570576,是个国人都为之自豪,0,3,1778768495941,江苏,5298581823294528,1773318493,天天开心追剧中,m,https://m.weibo.cn/u/1773318493?launchid=10000360-page_H5,"https://tvax4.sinaimg.cn/crop.0.0.1080.1080.180/69b2b15dly8i8vkz5ly3ij20u00u0ta1.jpg?KID=imgbed,tva&Expires=1778779296&ssig=F0L%2FM0nMer",search_comments_2026-05-14.csv,search_comment,是个国人都为之自豪,True,False
5298586635999745,1778793760,2026-05-14 21:22:40+08:00,5298574117570576,作为国人，是真的好自豪,0,1,1778768495947,广东,5298586635999745,8001201861,岫雾蘅珂逸遥,f,https://m.weibo.cn/u/8001201861?launchid=10000360-page_H5,"https://tvax3.sinaimg.cn/crop.0.0.1080.1080.180/008Jue6Vly8i5c7jzfeztj30u00u00vd.jpg?KID=imgbed,tva&Expires=1778779296&ssig=j1lIpAVFi1",search_comments_2026-05-14.csv,search_comment,作为国人是真的好自豪,True,False
5298583973660088,1778793124,2026-05-14 21:12:04+08:00,5298567927562591,估计是拍给儿子看的,1,1,1778768502368,江苏,5298583973660088,6004692224,体贴的佳宝宝,f,https://m.weibo.cn/u/6004692224?launchid=10000360-page_H5,"https://tvax1.sinaimg.cn/default/images/default_avatar_female_180.gif?KID=imgbed,tva&Expires=1778779302&ssig=hH8jx2JWeV",search_comments_2026-05-14.csv,search_comment,估计是拍给儿子看的,True,False
5298572909088209,1778790487,2026-05-14 20:28:07+08:00,5298567927562591,站在前边也会觉得很震撼吧,0,1,1778768502381,湖北,5298572909088209,1269458754,夏夏夏夏yeyeye,f,https://m.weibo.cn/u/1269458754?launchid=10000360-page_H5,"https://tvax4.sinaimg.cn/crop.0.0.1080.1080.180/4baa6742ly8i8vigbd61ej20u00u0jud.jpg?KID=imgbed,tva&Expires=1778779302&ssig=t8vFJ1KXa2",search_comments_2026-05-14.csv,search_comment,站在前边也会觉得很震撼吧,True,False
5298383501919383,1778745329,2026-05-14 07:55:29+08:00,5298383117877327,不像有八百人的进度啊，感觉只有一人公关一人写代码一人写计划表一样,15,673,1778768570057,云南,5298383501919383,2278438262,狮子头_com,m,https://m.weibo.cn/u/2278438262?launchid=10000360-page_H5,"https://tva2.sinaimg.cn/crop.0.0.512.512.180/87ce3576jw8edc4r6weovj20e80e8my1.jpg?KID=imgbed,tva&Expires=1778779370&ssig=XWYDbmlG%2Fg",search_comments_2026-05-14.csv,search_comment,不像有八百人的进度啊感觉只有一人公关一人写代码一人写计划表一样,True,False
5298387708543413,1778746331,2026-05-14 08:12:11+08:00,5298383117877327,小米至今没有适配任何一款米系鸿蒙软件,43,105,1778768570062,河北,5298387708543413,2739131660,柴-磊,m,https://m.weibo.cn/u/2739131660?launchid=10000360-page_H5,"https://tvax1.sinaimg.cn/crop.0.0.638.638.180/a343d50cly8g3ctfbaogoj20hq0hqglz.jpg?KID=imgbed,tva&Expires=1778779370&ssig=JOxopeHJrT",search_comments_2026-05-14.csv,search_comment,小米至今没有适配任何一款米系鸿蒙软件,True,False
5298580643647455,1778792331,2026-05-14 20:58:51+08:00,5298383117877327,回复@udjdR:啥也不懂，还搁这儿造谣呢？一点脸也不要？ 我在鸿蒙市场搜到的网易系列APP  是假的？,2,0,1778768570065,北京,5298580643647455,2506410783,麥樂嘎嘎酷,m,https://m.weibo.cn/u/2506410783?launchid=10000360-page_H5,"https://tvax2.sinaimg.cn/crop.0.0.600.600.180/9564cb1fly8i50n4wa2qtj20go0goab9.jpg?KID=imgbed,tva&Expires=1778779370&ssig=f4ZBQxzu%2Ft",search_comments_2026-05-14.csv,search_comment,回复 我在鸿蒙市场搜到的网易系列APP  是假的,True,False
5298503995885920,1778774057,2026-05-14 15:54:17+08:00,5298503489422082,我又没有华为手机,21,46,1778768576613,重庆,5298503995885920,3305800797,改个名不知叫啥,m,https://m.weibo.cn/u/3305800797?launchid=10000360-page_H5,"https://tvax3.sinaimg.cn/crop.0.0.1080.1080.180/c50a845dly8hwweqsbhycj20u00u0wg4.jpg?KID=imgbed,tva&Expires=1778779376&ssig=UhDlWmuUVm",search_comments_2026-05-14.csv,search_comment,我又没有华为手机,True,False
5298516391889097,1778777012,2026-05-14 16:43:32+08:00,5298503489422082,看我机型！！不要用，不要用，不要用！！！,26,36,1778768576619,江西,5298516391889097,2093642461,fmxcv,m,https://m.weibo.cn/u/2093642461?launchid=10000360-page_H5,"https://tva1.sinaimg.cn/crop.0.0.512.512.180/7cca72ddjw8fd4tvbmn7oj20e80e874l.jpg?KID=imgbed,tva&Expires=1778779376&ssig=yAJLYyEbAx",search_comments_2026-05-14.csv,search_comment,看我机型不要用不要用不要用,True,False
5298503964427485,1778774049,2026-05-14 15:54:09+08:00,5298503489422082,这波操作很关键,1,6,1778768576624,广东,5298503964427485,6427198001,等下一个终点站,f,https://m.weibo.cn/u/6427198001?launchid=10000360-page_H5,"https://tvax2.sinaimg.cn/crop.0.0.960.960.180/0070XRNTly8fwtpo9c9tej30qo0qodhf.jpg?KID=imgbed,tva&Expires=1778779376&ssig=HRO8tpaCdY",search_comments_2026-05-14.csv,search_comment,这波操作很关键,True,False
5298566212096390,1778788890,2026-05-14 20:01:30+08:00,5298545121822622,以后会先有鸿蒙的功能，再做安卓的适配吗？,1,0,1778768583098,广东,5298566212096390,7592917187,长眉老满,m,https://m.weibo.cn/u/7592917187?launchid=10000360-page_H5,"https://tvax4.sinaimg.cn/crop.0.0.1080.1080.180/008hR6Cfly8h2uqyoq6saj30u00u075h.jpg?KID=imgbed,tva&Expires=1778779383&ssig=llksuj4rOn",search_comments_2026-05-14.csv,search_comment,以后会先有鸿蒙的功能再做安卓的适配吗,True,False
5298546054268130,1778784084,2026-05-14 18:41:24+08:00,5298545121822622,顺应时势，同心协力，方成大业。,0,0,1778768583105,AI生成内容,5298546054268130,7895921289,孔明诸葛亮,m,https://m.weibo.cn/u/7895921289?launchid=10000360-page_H5,"https://tvax3.sinaimg.cn/crop.0.0.1080.1080.180/008CmtPbly8hlvoovtix6j30u00u0wg8.jpg?KID=imgbed,tva&Expires=1778779383&ssig=cQmU%2Fiq4By",search_comments_2026-05-14.csv,search_comment,顺应时势同心协力方成大业,True,False
5298537287912274,1778781994,2026-05-14 18:06:34+08:00,5298537145304718,没用过 也不会用,5,7,1778768589646,四川,5298537287912274,2694509401,土干土干,m,https://m.weibo.cn/u/2694509401?launchid=10000360-page_H5,"https://tvax1.sinaimg.cn/crop.0.0.1080.1080.180/a09af359ly8gxgw0cm9tcj20u00u042y.jpg?KID=imgbed,tva&Expires=1778779389&ssig=fmUrqWRpj7",search_comments_2026-05-14.csv,search_comment,没用过 也不会用,True,False
5298539037200969,1778782411,2026-05-14 18:13:31+08:00,5298537145304718,不好，有些软件功能不兼容,0,8,1778768589652,海南,5298539037200969,1746364637,你的刹车失灵了,f,https://m.weibo.cn/u/1746364637?launchid=10000360-page_H5,"https://tvax3.sinaimg.cn/crop.0.0.1002.1002.180/681768ddly8gnezzh9q8mj20ru0ruwga.jpg?KID=imgbed,tva&Expires=1778779389&ssig=fa%2FKZRy8EW",search_comments_2026-05-14.csv,search_comment,不好有些软件功能不兼容,True,False
5298579480775031,1778792054,2026-05-14 20:54:14+08:00,5298537145304718,不太好。各种剪视频的Vip用不了,0,2,1778768589658,江苏,5298579480775031,1661910033,最后一支多巴胺,m,https://m.weibo.cn/u/1661910033?launchid=10000360-page_H5,"https://tvax2.sinaimg.cn/crop.0.0.1080.1080.180/001OtcIxly8gun3vur29lj60u00u0taz02.jpg?KID=imgbed,tva&Expires=1778779389&ssig=BOKMGDhEj%2F",search_comments_2026-05-14.csv,search_comment,不太好各种剪视频的Vip用不了,True,False
5298518363210470,1778777482,2026-05-14 16:51:22+08:00,5298518029763188,鸿蒙系统越来越成熟了,8,24,1778768596240,江苏,5298518363210470,7844779898,綮喵,f,https://m.weibo.cn/u/7844779898?launchid=10000360-page_H5,"https://tvax2.sinaimg.cn/crop.0.0.1080.1080.180/008yTTC2ly8ibr3t34f1pj30u00u0wh0.jpg?KID=imgbed,tva&Expires=1778779396&ssig=ilcZHOAPs5",search_comments_2026-05-14.csv,search_comment,鸿蒙系统越来越成熟了,True,False
5298518340403761,1778777476,2026-05-14 16:51:16+08:00,5298518029763188,鸿蒙系统的确用起来越来越方便了,7,22,1778768596246,四川,5298518340403761,5507863674,plumtree10,f,https://m.weibo.cn/u/5507863674?launchid=10000360-page_H5,"https://tvax3.sinaimg.cn/crop.0.0.1026.1026.180/0060KqWSly8i62rwjf0pfj30si0sin4y.jpg?KID=imgbed,tva&Expires=1778779396&ssig=y5AyEmUbTD",search_comments_2026-05-14.csv,search_comment,鸿蒙系统的确用起来越来越方便了,True,False
5298518241576783,1778777453,2026-05-14 16:50:53+08:00,5298518029763188,期待使用越来越便利,6,12,1778768596254,广东,5298518241576783,2743345891,繁星闪烁ctj,m,https://m.weibo.cn/u/2743345891?launchid=10000360-page_H5,"https://tvax4.sinaimg.cn/crop.0.0.751.751.180/a38422e3ly8gej30v7w57j20kv0kvwfw.jpg?KID=imgbed,tva&Expires=1778779396&ssig=MMSuOWatYf",search_comments_2026-05-14.csv,search_comment,期待使用越来越便利,True,False
5298244334916981,1778712149,2026-05-13 22:42:29+08:00,5298243781268566,长大了发现一眼就能看出小孩的窘迫，小时候那些亲戚是真的很坏,11,1893,1778768667773,江苏,5298244334916981,7653416852,半框碎碎念,f,https://m.weibo.cn/u/7653416852?launchid=10000360-page_H5,"https://tvax2.sinaimg.cn/crop.0.0.1080.1080.180/008lWXlily8iazi9hrkjdj30u00u0jty.jpg?KID=imgbed,tva&Expires=1778779467&ssig=jUkahZCIPQ",search_comments_2026-05-14.csv,search_comment,长大了发现一眼就能看出小孩的窘迫小时候那些亲戚是真的很坏,True,False
5298247054398516,1778712797,2026-05-13 22:53:17+08:00,5298243781268566,其实看到你有前途之后 那些人还是会在背后诋毁你,20,751,1778768667779,安徽,5298247054398516,7741038335,顾穗安,f,https://m.weibo.cn/u/7741038335?launchid=10000360-page_H5,"https://tvax4.sinaimg.cn/crop.0.0.1080.1080.180/008rSBH1ly8ico2k4g7ddj30u00u0wgg.jpg?KID=imgbed,tva&Expires=1778779467&ssig=kuRmBUdZxz",search_comments_2026-05-14.csv,search_comment,其实看到你有前途之后 那些人还是会在背后诋毁你,True,False
5298244571630261,1778712205,2026-05-13 22:43:25+08:00,5298243781268566,有的人淋过雨 他就想给后来下冰雹；还有的人正因为自己淋过雨，他会给后来人打把伞,5,371,1778768667786,江苏,5298244571630261,5715625428,YoYO_GoUp,f,https://m.weibo.cn/u/5715625428?launchid=10000360-page_H5,"https://tvax3.sinaimg.cn/crop.0.0.1074.1074.180/006eObgUly8ibkrunwjuyj30tu0tuq5b.jpg?KID=imgbed,tva&Expires=1778779467&ssig=lAAXK5sSD4",search_comments_2026-05-14.csv,search_comment,有的人淋过雨 他就想给后来下冰雹还有的人正因为自己淋过雨他会给后来人打把伞,True,False
5298531343798217,1778780577,2026-05-14 17:42:57+08:00,5298528647381626,说的好有道理,0,6,1778768674213,河南,5298531343798217,7934575196,一枝和月蓝,f,https://m.weibo.cn/u/7934575196?launchid=10000360-page_H5,"https://tvax4.sinaimg.cn/crop.0.0.1080.1080.180/008EYFtily8id5d5su6uqj30u00u0wgw.jpg?KID=imgbed,tva&Expires=1778779474&ssig=AEd0omg5J8",search_comments_2026-05-14.csv,search_comment,说的好有道理,True,False
5298532225386847,1778780787,2026-05-14 17:46:27+08:00,5298528647381626,真正重要的是你知道自己去哪里。路上的噪音，就让它留在路上。,0,4,1778768674218,湖南,5298532225386847,7975458230,此间飞_,f,https://m.weibo.cn/u/7975458230?launchid=10000360-page_H5,"https://tvax3.sinaimg.cn/crop.0.0.1080.1080.180/008HKd14ly8icmpla5md5j30u00u0aeh.jpg?KID=imgbed,tva&Expires=1778779474&ssig=BekW8Xu2z6",search_comments_2026-05-14.csv,search_comment,真正重要的是你知道自己去哪里路上的噪音就让它留在路上,True,False
5298529729775755,1778780192,2026-05-14 17:36:32+08:00,5298528647381626,事实真是这样,0,7,1778768674223,河北,5298529729775755,6927616197,娱乐少女日常,f,https://m.weibo.cn/u/6927616197?launchid=10000360-page_H5,"https://tvax1.sinaimg.cn/crop.0.0.180.180.180/007yPzr7ly8grizrtqvugj3050050a9x.jpg?KID=imgbed,tva&Expires=1778779474&ssig=GlQs%2FBdyZX",search_comments_2026-05-14.csv,search_comment,事实真是这样,True,False
5298525686467055,1778779228,2026-05-14 17:20:28+08:00,5298524617180230,如果你正在经历「婚姻危机」或者想要「分手复合」，直接✉️我，为你提供专业🆓分析,4,5,1778768680652,浙江,5298525686467055,2703597591,晓生,m,https://m.weibo.cn/u/2703597591?launchid=10000360-page_H5,"https://tvax1.sinaimg.cn/crop.0.0.1080.1080.180/a125a017ly8id55wz8o11j20u00u0q4d.jpg?KID=imgbed,tva&Expires=1778779480&ssig=7LO6FLN%2B%2Fy",search_comments_2026-05-14.csv,search_comment,如果你正在经历婚姻危机或者想要分手复合直接我为你提供专业分析,True,False
5298548484866148,1778784663,2026-05-14 18:51:03+08:00,5298548218528739,跟好奇门君把时间用来深耕自己， 那些曾经轻视，终将变成遥远的狗吠声。  在更高的地方， 与更好的自己、人事物相遇， 和奇门君及格局大的人，頂峰相見,0,11,1778768687101,广西,5298548484866148,6917109424,昭妍49,f,https://m.weibo.cn/u/6917109424?launchid=10000360-page_H5,"https://tvax4.sinaimg.cn/crop.0.0.674.674.180/007y7u92ly8hiyf0g70x2j30iq0iqgm8.jpg?KID=imgbed,tva&Expires=1778779487&ssig=qpryvWneTf",search_comments_2026-05-14.csv,search_comment,跟好奇门君把时间用来深耕自己 那些曾经轻视终将变成遥远的狗吠声  在更高的地方 与更好的自己人事物相遇 和奇门君及格局大的人頂峰相見,True,False
5298550617407623,1778785171,2026-05-14 18:59:31+08:00,5298548218528739,感恩老师指引，不断提升能力与眼界，与更好的自己、人事物相遇，和奇门君及格局大的人，頂峰相見,0,8,1778768687108,北京,5298550617407623,5128587540,阿关正传,m,https://m.weibo.cn/u/5128587540?launchid=10000360-page_H5,"https://tvax4.sinaimg.cn/crop.0.0.1080.1080.180/005B51TSly8hug371gpxmj30u00u0wix.jpg?KID=imgbed,tva&Expires=1778779487&ssig=9W2A5XSDuZ",search_comments_2026-05-14.csv,search_comment,感恩老师指引不断提升能力与眼界与更好的自己人事物相遇和奇门君及格局大的人頂峰相見,True,False
5298548859735424,1778784753,2026-05-14 18:52:33+08:00,5298548218528739,修好自己，不与烂事纠缠，不为闲言驻足，与更好的自己、人事物相遇，和奇门君及格局大的人，頂峰相見,0,4,1778768687115,广东,5298548859735424,1656695360,bread_holic,f,https://m.weibo.cn/u/1656695360?launchid=10000360-page_H5,"https://tvax4.sinaimg.cn/crop.0.0.1080.1080.180/62bf2a40ly8i135kza3i5j20u00u0n13.jpg?KID=imgbed,tva&Expires=1778779487&ssig=yw5DSLUbt5",search_comments_2026-05-14.csv,search_comment,修好自己不与烂事纠缠不为闲言驻足与更好的自己人事物相遇和奇门君及格局大的人頂峰相見,True,False
5298530844937316,1778780458,2026-05-14 17:40:58+08:00,5298530214480833,你会给不尊重你的好脸色吗,2,5,1778768693540,中国台湾,5298530844937316,7973329244,云端有封信,f,https://m.weibo.cn/u/7973329244?launchid=10000360-page_H5,"https://tvax2.sinaimg.cn/crop.0.0.1080.1080.180/008HBhaAly8ictf9j2h0yj30u00u0myp.jpg?KID=imgbed,tva&Expires=1778779493&ssig=koBnngOJY9",search_comments_2026-05-14.csv,search_comment,你会给不尊重你的好脸色吗,True,False
5298531432926445,1778780598,2026-05-14 17:43:18+08:00,5298530214480833,有的人就是很没礼貌,0,1,1778768693548,中国台湾,5298531432926445,8016885216,璃雾漫花阶,f,https://m.weibo.cn/u/8016885216?launchid=10000360-page_H5,"https://tvax1.sinaimg.cn/crop.0.0.1080.1080.180/008Ky24gly8i46fmattq6j30u00u0go0.jpg?KID=imgbed,tva&Expires=1778779493&ssig=pNI9JcZBa0",search_comments_2026-05-14.csv,search_comment,有的人就是很没礼貌,True,False
5298531868347337,1778780702,2026-05-14 17:45:02+08:00,5298530214480833,专注提升自己本身,0,1,1778768693556,福建,5298531868347337,7383548435,天赋纯,m,https://m.weibo.cn/u/7383548435?launchid=10000360-page_H5,"https://tvax2.sinaimg.cn/crop.0.0.1080.1080.180/0083GCeTly8ick8mzodbej30u00u040h.jpg?KID=imgbed,tva&Expires=1778779493&ssig=ucwzOIWlQI",search_comments_2026-05-14.csv,search_comment,专注提升自己本身,True,False
5298532463676898,1778780844,2026-05-14 17:47:24+08:00,5298532244263807,我所做的一切努力奋斗都是为了值得的人和值得过的生活,2,24,1778768700053,广东,5298532463676898,6658285516,婉鞠了哈,f,https://m.weibo.cn/u/6658285516?launchid=10000360-page_H5,"https://tvax3.sinaimg.cn/crop.0.0.1080.1080.180/007gBudSly8ibuel2kspsj30u00u0wgh.jpg?KID=imgbed,tva&Expires=1778779500&ssig=xvL%2F22qSB4",search_comments_2026-05-14.csv,search_comment,我所做的一切努力奋斗都是为了值得的人和值得过的生活,True,False
5298533850678365,1778781175,2026-05-14 17:52:55+08:00,5298532244263807,性格软不是错，但得学会亮牙齿，别让人赌你没前途。,1,12,1778768700056,广东,5298533850678365,6187304272,春日野穹0vo,f,https://m.weibo.cn/u/6187304272?launchid=10000360-page_H5,"https://tvax3.sinaimg.cn/crop.0.0.1080.1080.180/006KJiucly8id5c5nz5j0j30u00u0dj6.jpg?KID=imgbed,tva&Expires=1778779500&ssig=1bxNNAd0Ad",search_comments_2026-05-14.csv,search_comment,性格软不是错但得学会亮牙齿别让人赌你没前途,True,False
5298531934932342,1778780718,2026-05-14 17:45:18+08:00,5298531376038958,不要为不值得的人付出,1,4,1778768706469,福建,5298531934932342,7383548435,天赋纯,m,https://m.weibo.cn/u/7383548435?launchid=10000360-page_H5,"https://tvax2.sinaimg.cn/crop.0.0.1080.1080.180/0083GCeTly8ick8mzodbej30u00u040h.jpg?KID=imgbed,tva&Expires=1778779506&ssig=Az9WwpkAHH",search_comments_2026-05-14.csv,search_comment,不要为不值得的人付出,True,False
5298533655118274,1778781128,2026-05-14 17:52:08+08:00,5298531376038958,该放手时就放手,0,1,1778768706474,广东,5298533655118274,5387405849,卤蛋有颗心,f,https://m.weibo.cn/u/5387405849?launchid=10000360-page_H5,"https://tvax4.sinaimg.cn/crop.0.0.1080.1080.180/005SB0mJly8ibusrl6pn5j30u00u00tr.jpg?KID=imgbed,tva&Expires=1778779506&ssig=vn9TvDmnJd",search_comments_2026-05-14.csv,search_comment,该放手时就放手,True,False
5298546066850359,1778784087,2026-05-14 18:41:27+08:00,5298536285737480,嘴上说着怕打扰别人，行动上却让整个集体迁就自己，言行有点割裂,6,846,1778768736784,山东,5298546066850359,7925832816,大学生不稀奇,f,https://m.weibo.cn/u/7925832816?launchid=10000360-page_H5,"https://tvax3.sinaimg.cn/crop.0.0.1080.1080.180/008EnZbaly8ib8v3ssxyvj30u00u0myj.jpg?KID=imgbed,tva&Expires=1778779536&ssig=OkTLG9%2FTw8",search_comments_2026-05-14.csv,search_comment,嘴上说着怕打扰别人行动上却让整个集体迁就自己言行有点割裂,True,False
5298551030810796,1778785271,2026-05-14 19:01:11+08:00,5298536285737480,这情商真的不行，也不会体谅人，毕竟9个人用一个洗手间，轮流洗澡得花去多少时间呀，真的是不太方便了，徐志胜一般不会说但是这种提了是真的觉得不方便了,12,474,1778768736788,福建,5298551030810796,1882716061,Dora若冉,f,https://m.weibo.cn/u/1882716061?launchid=10000360-page_H5,"https://tvax1.sinaimg.cn/crop.0.0.512.512.180/7037f79dly8ht3qtxkq5vj20e80e8wes.jpg?KID=imgbed,tva&Expires=1778779536&ssig=8K%2FRqe3DZK",search_comments_2026-05-14.csv,search_comment,这情商真的不行也不会体谅人毕竟9个人用一个洗手间轮流洗澡得花去多少时间呀真的是不太方便了徐志胜一般不会说但是这种提了是真的觉得不方便了,True,False
5298563332446906,1778788204,2026-05-14 19:50:04+08:00,5298553032540878,谁不想住单人间！还美其名曰不打扰别人？！又要捞钱，又要舒服！快回去别委屈自己了！,2,104,1778768743193,上海,5298563332446906,6274861580,我是格格巫2000,f,https://m.weibo.cn/u/6274861580?launchid=10000360-page_H5,"https://tvax4.sinaimg.cn/crop.0.0.500.500.180/006QEG8Qly8icvtghd1boj30dw0dwq43.jpg?KID=imgbed,tva&Expires=1778779543&ssig=G6%2FYwc7SoB",search_comments_2026-05-14.csv,search_comment,谁不想住单人间还美其名曰不打扰别人又要捞钱又要舒服快回去别委屈自己了,True,False
5298567511542989,1778789200,2026-05-14 20:06:40+08:00,5298553032540878,那不叫社恐好吗,0,0,1778768743201,河南,5298567511542989,7311803903,KIKI漫漫,m,https://m.weibo.cn/u/7311803903?launchid=10000360-page_H5,"https://tvax2.sinaimg.cn/crop.0.0.1080.1080.180/007YPAd1ly8haij6t3rn9j30u00u1mzr.jpg?KID=imgbed,tva&Expires=1778779543&ssig=XXNq72ZoXk",search_comments_2026-05-14.csv,search_comment,那不叫社恐好吗,True,False
5298556321663804,1778786532,2026-05-14 19:22:12+08:00,5298556176959136,你们觉得方媛这波操作有问题吗？,2,10,1778768756090,福建,5298556321663804,7549798684,大田狐狸猫,f,https://m.weibo.cn/u/7549798684?launchid=10000360-page_H5,"https://tvax1.sinaimg.cn/crop.0.0.1080.1080.180/008eWbwwly8id47o22dr9j30u00u0ta3.jpg?KID=imgbed,tva&Expires=1778779556&ssig=fN8KxaKFZY",search_comments_2026-05-14.csv,search_comment,你们觉得方媛这波操作有问题吗,True,False
5298557603026905,1778786838,2026-05-14 19:27:18+08:00,5298556176959136,九个男生一个卫生间吗？好尴尬,1,6,1778768756097,辽宁,5298557603026905,7634939066,痛叹泪缘,f,https://m.weibo.cn/u/7634939066?launchid=10000360-page_H5,"https://tvax3.sinaimg.cn/crop.0.0.1080.1080.180/008kHqquly8id32nxtevqj30u00u0jt0.jpg?KID=imgbed,tva&Expires=1778779556&ssig=X7%2FI98xaJJ",search_comments_2026-05-14.csv,search_comment,九个男生一个卫生间吗好尴尬,True,False
5298557144010658,1778786728,2026-05-14 19:25:28+08:00,5298556176959136,感觉九个男生一个厕所不太合适吧,1,10,1778768756105,河南,5298557144010658,4055627236,更叙,f,https://m.weibo.cn/u/4055627236?launchid=10000360-page_H5,"https://tvax2.sinaimg.cn/crop.0.0.1080.1080.180/f1bbf5e4ly8id3xts4luwj20u00u0mze.jpg?KID=imgbed,tva&Expires=1778779556&ssig=nK76cUCOez",search_comments_2026-05-14.csv,search_comment,感觉九个男生一个厕所不太合适吧,True,False
5298571618290811,1778790179,2026-05-14 20:22:59+08:00,5298557574715456,所以如果她不选这一间，就是9个男生共用2个厕所，感觉也没好到哪去,1,3,1778768768974,北京,5298571618290811,1219955307,多吃牛肉干,f,https://m.weibo.cn/u/1219955307?launchid=10000360-page_H5,"https://tvax3.sinaimg.cn/crop.0.0.512.512.180/48b70a6bly8gml7yvkdfwj20e80e8taq.jpg?KID=imgbed,tva&Expires=1778779569&ssig=ZHaNAVHfeE",search_comments_2026-05-14.csv,search_comment,所以如果她不选这一间就是9个男生共用2个厕所感觉也没好到哪去,True,False
5298597119922263,1778796259,2026-05-14 22:04:19+08:00,5298557574715456,我觉得方媛的做法也没错，为什么要委屈自己呢？利益当然要靠自己去争取啊,0,0,1778768768979,天津,5298597119922263,1912366315,菲_小绿,f,https://m.weibo.cn/u/1912366315?launchid=10000360-page_H5,"https://tvax3.sinaimg.cn/crop.0.0.1080.1080.180/71fc64ebly8ggqer999npj20u00u0gny.jpg?KID=imgbed,tva&Expires=1778779569&ssig=eyWTU37xJb",search_comments_2026-05-14.csv,search_comment,我觉得方媛的做法也没错为什么要委屈自己呢利益当然要靠自己去争取啊,True,False
5298573291294904,1778790578,2026-05-14 20:29:38+08:00,5298557574715456,啊，这......即使到了后采阶段，方媛给的解释听上去也不怎么“冠冕堂皇”，很尴尬啊 尤其是现场，她表示还要住以后那一片寂静...志胜给台阶下说试一天，居然还不赶紧顺着说“啊，那太麻烦，还是...”看来那个传说中的XX培训班，真的只教点取悦特定对象的水货课，但凡多教点礼仪社交常识呢,0,9,1778768768983,广东,5298573291294904,5017090839,琉璃劼,f,https://m.weibo.cn/u/5017090839?launchid=10000360-page_H5,"https://tvax2.sinaimg.cn/crop.0.0.1080.1080.180/005txcvZly8ictea4zvizj30u00u0af0.jpg?KID=imgbed,tva&Expires=1778779569&ssig=WYaKsKzXZq",search_comments_2026-05-14.csv,search_comment,啊这即使到了后采阶段方媛给的解释听上去也不怎么冠冕堂皇很尴尬啊 尤其是现场她表示还要住以后那一片寂静志胜给台阶下说试一天居然还不赶紧顺着说啊那太麻烦还是看来那个传说中的XX培训班真的只教点取悦特定对象的水货课但凡多教点礼仪社交常识呢,True,False
5298530882160948,1778780467,2026-05-14 17:41:07+08:00,5298519269443356,蒜苔真的好吃啊啊啊啊啊啊 蒜苔炒肉无敌之（看流口水了,5,138,1778768823303,广西,5298530882160948,8262098805,茶茶窝囊不生气,f,https://m.weibo.cn/u/8262098805?launchid=10000360-page_H5,"https://tvax2.sinaimg.cn/crop.0.0.1080.1080.180/00918Vk9ly8ibfgj05gy1j30u00u040l.jpg?KID=imgbed,tva&Expires=1778779623&ssig=shpPkSAHk9",search_comments_2026-05-14.csv,search_comment,蒜苔真的好吃啊啊啊啊啊啊 蒜苔炒肉无敌之看流口水了,True,False
5298533699683062,1778781138,2026-05-14 17:52:18+08:00,5298519269443356,笑晕了，谁想的天才环节,0,109,1778768823307,北京,5298533699683062,3542821113,月半要咻,f,https://m.weibo.cn/u/3542821113?launchid=10000360-page_H5,"https://tvax1.sinaimg.cn/crop.0.0.1080.1080.180/d32b28f9ly8hrh8v20qevj20u00u0n10.jpg?KID=imgbed,tva&Expires=1778779623&ssig=7XZX5ZGMlJ",search_comments_2026-05-14.csv,search_comment,笑晕了谁想的天才环节,True,False
5298539989305719,1778782638,2026-05-14 18:17:18+08:00,5298519269443356,那个叫蒜苗,9,34,1778768823312,广东,5298539989305719,2409356484,李冬和,m,https://m.weibo.cn/u/2409356484?launchid=10000360-page_H5,"https://tvax1.sinaimg.cn/crop.0.0.1080.1080.180/8f9bdcc4ly8gevwszs80qj20u00u0gpu.jpg?KID=imgbed,tva&Expires=1778779623&ssig=iUPI0E4fV%2B",search_comments_2026-05-14.csv,search_comment,那个叫蒜苗,True,False
5298507449895750,1778774880,2026-05-14 16:08:00+08:00,5298505435316947,哥哥，见面啦，雨霖铃大爆期待下次见面@杨洋,6,5397,1778768829798,河南,5298507449895750,5798107421,淑萍是淑女,m,https://m.weibo.cn/u/5798107421?launchid=10000360-page_H5,"https://tvax3.sinaimg.cn/crop.0.0.996.996.180/006kogBDly8g3ehkju1btj30ro0roac2.jpg?KID=imgbed,tva&Expires=1778779629&ssig=5Cgm4ujpaN",search_comments_2026-05-14.csv,search_comment,哥哥见面啦雨霖铃大爆期待下次见面,True,False
5298511135899739,1778775758,2026-05-14 16:22:38+08:00,5298505435316947,官袍可穿，侠骨难折。 御赐之名，困不住仗剑之心； 江湖之路，走得比朝堂更远。 ——展昭，为公义行侠，为苍生拔剑。@杨洋,0,3271,1778768829804,浙江,5298511135899739,7450457636,奇怪小羊9,m,https://m.weibo.cn/u/7450457636?launchid=10000360-page_H5,"https://tvax2.sinaimg.cn/crop.0.0.534.534.180/0088dmnyly8icqp6jfrvvj30eu0euwep.jpg?KID=imgbed,tva&Expires=1778779629&ssig=9i7epHt1so",search_comments_2026-05-14.csv,search_comment,官袍可穿侠骨难折 御赐之名困不住仗剑之心 江湖之路走得比朝堂更远 展昭为公义行侠为苍生拔剑,True,False
5298524103119442,1778778851,2026-05-14 17:14:11+08:00,5298505435316947,其实本人也是猫塑来的💙~可可爱爱 #杨洋雨霖铃# #杨洋赴一场昭见#  #雨霖铃侠启开封见面会# #电视剧雨霖铃#  #杨洋# 杨洋,0,1197,1778768829810,山东,5298524103119442,7773086830,半糖加冰-99,f,https://m.weibo.cn/u/7773086830?launchid=10000360-page_H5,"https://tvax2.sinaimg.cn/crop.0.0.1080.1080.180/008u34Yely8hah3iiwzr6j30u00u0te1.jpg?KID=imgbed,tva&Expires=1778779629&ssig=jhTvNlCYxN",search_comments_2026-05-14.csv,search_comment,其实本人也是猫塑来的可可爱爱        杨洋,True,False
5298588611772863,1778794230,2026-05-14 21:30:30+08:00,5298588489875616,炒鸡蛋也好吃 看我ip信我的,1,46,1778768836257,河南,5298588611772863,6747707069,不就是论文么,f,https://m.weibo.cn/u/6747707069?launchid=10000360-page_H5,"https://tvax3.sinaimg.cn/crop.0.0.1080.1080.180/007mEGQZly8icxygg7jkij30u00u0tdi.jpg?KID=imgbed,tva&Expires=1778779636&ssig=PmK0w6tk8P",search_comments_2026-05-14.csv,search_comment,炒鸡蛋也好吃 看我ip信我的,True,False
5298588718203917,1778794255,2026-05-14 21:30:55+08:00,5298588489875616,今天去开封府告状了么,0,29,1778768836263,河南,5298588718203917,6747707069,不就是论文么,f,https://m.weibo.cn/u/6747707069?launchid=10000360-page_H5,"https://tvax3.sinaimg.cn/crop.0.0.1080.1080.180/007mEGQZly8icxygg7jkij30u00u0tdi.jpg?KID=imgbed,tva&Expires=1778779636&ssig=PmK0w6tk8P",search_comments_2026-05-14.csv,search_comment,今天去开封府告状了么,True,False
5298588863175760,1778794291,2026-05-14 21:31:31+08:00,5298588489875616,咪咪可以吃蒜苔吗,0,11,1778768836269,安徽,5298588863175760,7517428465,咪是香菇青菜包,f,https://m.weibo.cn/u/7517428465?launchid=10000360-page_H5,"https://tvax3.sinaimg.cn/crop.0.0.1080.1080.180/008cKmydly8id42ozeobwj30u00u0abs.jpg?KID=imgbed,tva&Expires=1778779636&ssig=zEqEfEvTLP",search_comments_2026-05-14.csv,search_comment,咪咪可以吃蒜苔吗,True,False
5298568348833176,1778789400,2026-05-14 20:10:00+08:00,5298568179224158,1207什么时候能衮,19,861,1778768842801,新加坡,5298568348833176,5806432157,摆烂专家icon,f,https://m.weibo.cn/u/5806432157?launchid=10000360-page_H5,"https://tvax1.sinaimg.cn/crop.0.0.1024.1024.180/006kXcfzly8hthy35yojqj30sg0sgwft.jpg?KID=imgbed,tva&Expires=1778779642&ssig=N2NO3TEy9x",search_comments_2026-05-14.csv,search_comment,1207什么时候能衮,True,False
5298568449756188,1778789424,2026-05-14 20:10:24+08:00,5298568179224158,开除1207开除1207开除1207开除1207 查看图片,3,685,1778768842807,西班牙,5298568449756188,2592544702,米酱_糖炒香栗子,f,https://m.weibo.cn/u/2592544702?launchid=10000360-page_H5,"https://tvax4.sinaimg.cn/crop.0.0.1080.1080.180/9a8717bely8icxwqkn8hqj20u00u078m.jpg?KID=imgbed,tva&Expires=1778779642&ssig=vewnWSThtN",search_comments_2026-05-14.csv,search_comment,开除1207开除1207开除1207开除1207 查看图片,True,False
5298568447395698,1778789423,2026-05-14 20:10:23+08:00,5298568179224158,今天这么多人的剧宣你家1207拉了个大的,1,603,1778768842813,浙江,5298568447395698,7538093066,大鲨鱼嗷呜一口你,f,https://m.weibo.cn/u/7538093066?launchid=10000360-page_H5,"https://tvax4.sinaimg.cn/crop.0.0.996.996.180/008e94mely8gmzwfvboroj30ro0ro769.jpg?KID=imgbed,tva&Expires=1778779642&ssig=txyh09359q",search_comments_2026-05-14.csv,search_comment,今天这么多人的剧宣你家1207拉了个大的,True,False
5298536888929437,1778781899,2026-05-14 18:04:59+08:00,5298536128186663,哈哈哈哈这个梗是过不去了,0,38,1778768849333,河南,5298536888929437,6671652343,一个平平无奇的夏侯惇,f,https://m.weibo.cn/u/6671652343?launchid=10000360-page_H5,"https://tvax2.sinaimg.cn/crop.0.0.870.870.180/007hvzxRly8ibgqa1fr1tj30o60o6dhy.jpg?KID=imgbed,tva&Expires=1778779649&ssig=qzZtmOeNDK",search_comments_2026-05-14.csv,search_comment,哈哈哈哈这个梗是过不去了,True,False
5298536902299651,1778781902,2026-05-14 18:05:02+08:00,5298536128186663,河南文旅这波蒜苔仪式感也太会整活了,0,0,1778768849339,广西,5298536902299651,7755148514,阿溪香薰每晚都想用,f,https://m.weibo.cn/u/7755148514?launchid=10000360-page_H5,"https://tvax1.sinaimg.cn/crop.0.0.1080.1080.180/008sPOoyly8i0dprmvq91j30u00u0tbe.jpg?KID=imgbed,tva&Expires=1778779649&ssig=rx5JMC2ugw",search_comments_2026-05-14.csv,search_comment,河南文旅这波蒜苔仪式感也太会整活了,True,False
5298536800848743,1778781878,2026-05-14 18:04:38+08:00,5298536128186663,一直都很喜欢杨洋,0,0,1778768849346,浙江,5298536800848743,7015977667,美食爱好达人,f,https://m.weibo.cn/u/7015977667?launchid=10000360-page_H5,"https://tvax1.sinaimg.cn/crop.0.0.996.996.180/007EOki7ly8g1r42yxrt5j30ro0roq4s.jpg?KID=imgbed,tva&Expires=1778779649&ssig=CFCwuHaPJz",search_comments_2026-05-14.csv,search_comment,一直都很喜欢杨洋,True,False
5298520659857168,1778778030,2026-05-14 17:00:30+08:00,5298511828226700,杨洋真是好权威的一张脸,0,60,1778768855790,山东,5298520659857168,6583540923,二二or三三,f,https://m.weibo.cn/u/6583540923?launchid=10000360-page_H5,"https://tvax3.sinaimg.cn/crop.0.0.1080.1080.180/007bxRJVly8hge2p76tuqj30u00u0tbl.jpg?KID=imgbed,tva&Expires=1778779655&ssig=qKL6%2FySmMU",search_comments_2026-05-14.csv,search_comment,杨洋真是好权威的一张脸,True,False
5298521372623005,1778778199,2026-05-14 17:03:19+08:00,5298511828226700,杨洋颜值依旧能打 展昭白月光永存,0,2,1778768855799,山东,5298521372623005,7994698430,摆烂猫猫9312,f,https://m.weibo.cn/u/7994698430?launchid=10000360-page_H5,"https://tvax1.sinaimg.cn/crop.0.0.1080.1080.180/008J2WgSly8i0mguxs9s3j30u00u0dkd.jpg?KID=imgbed,tva&Expires=1778779655&ssig=7ptAz3V%2BEQ",search_comments_2026-05-14.csv,search_comment,杨洋颜值依旧能打 展昭白月光永存,True,False
5298521196729505,1778778158,2026-05-14 17:02:38+08:00,5298511828226700,展昭这个造型真的很适合他 气质贴合度很高,0,2,1778768855808,黑龙江,5298521196729505,7885421966,拉布拉布多拉多,m,https://m.weibo.cn/u/7885421966?launchid=10000360-page_H5,"https://tvax4.sinaimg.cn/crop.0.0.600.600.180/008BEqtgly8hr36t1v2uyj30go0goaar.jpg?KID=imgbed,tva&Expires=1778779655&ssig=gMT2R8d1Wr",search_comments_2026-05-14.csv,search_comment,展昭这个造型真的很适合他 气质贴合度很高,True,False
5298539347578450,1778782485,2026-05-14 18:14:45+08:00,5298538645032218,蒜苔花应援又有烟火气又有特色,0,18,1778768862253,河北,5298539347578450,7776862390,逸起看世界,f,https://m.weibo.cn/u/7776862390?launchid=10000360-page_H5,"https://tvax1.sinaimg.cn/crop.0.0.1080.1080.180/008uiVamly8h4lapxgsz2j30u00u0dkn.jpg?KID=imgbed,tva&Expires=1778779662&ssig=8llF7oup3d",search_comments_2026-05-14.csv,search_comment,蒜苔花应援又有烟火气又有特色,True,False
5298539387161178,1778782495,2026-05-14 18:14:55+08:00,5298538645032218,杨洋古装气质绝了抱蒜苔反差超可爱,0,1,1778768862260,河南,5298539387161178,8003667704,调皮捣蛋鬼小招财,f,https://m.weibo.cn/u/8003667704?launchid=10000360-page_H5,"https://tvax2.sinaimg.cn/crop.0.0.500.500.180/008JEzAAly8i26xvw0kemj30dw0dw75j.jpg?KID=imgbed,tva&Expires=1778779662&ssig=5Afwj3N%2BGl",search_comments_2026-05-14.csv,search_comment,杨洋古装气质绝了抱蒜苔反差超可爱,True,False
5298539336829826,1778782483,2026-05-14 18:14:43+08:00,5298538645032218,但是我感觉就是超级的喜欢杨洋,0,2,1778768862265,山东,5298539336829826,7775220198,李大明白min,f,https://m.weibo.cn/u/7775220198?launchid=10000360-page_H5,"https://tvax4.sinaimg.cn/crop.0.0.1040.1040.180/008uc1Xoly8hh4q4qham5j30sw0swq4u.jpg?KID=imgbed,tva&Expires=1778779662&ssig=ECinHkwIX0",search_comments_2026-05-14.csv,search_comment,但是我感觉就是超级的喜欢杨洋,True,False
5298568191541405,1778789361,2026-05-14 20:09:21+08:00,5298561357188965,真的好帅啊,0,1,1778768868697,吉林,5298568191541405,7893571270,花期电子刊,f,https://m.weibo.cn/u/7893571270?launchid=10000360-page_H5,"https://tvax3.sinaimg.cn/crop.0.0.1080.1080.180/008CcCtEly8ici68xdz2yj30u00u0jsl.jpg?KID=imgbed,tva&Expires=1778779668&ssig=OzbtAmpdT9",search_comments_2026-05-14.csv,search_comment,真的好帅啊,True,False
5298567335125764,1778789158,2026-05-14 20:05:58+08:00,5298561357188965,杨洋太帅了吧,0,0,1778768868708,北京,5298567335125764,3482589012,王者君啊,m,https://m.weibo.cn/u/3482589012?launchid=10000360-page_H5,"https://tvax4.sinaimg.cn/crop.0.0.996.996.180/cf941754ly8h8v8tawmoaj20ro0romzu.jpg?KID=imgbed,tva&Expires=1778779668&ssig=40FIUX%2Fk2j",search_comments_2026-05-14.csv,search_comment,杨洋太帅了吧,True,False
5298558548576551,1778787063,2026-05-14 19:31:03+08:00,5298557049374456,合作共赢 共创未来,0,5,1778768916062,河北,5298558548576551,7764833244,装蒜西红柿,f,https://m.weibo.cn/u/7764833244?launchid=10000360-page_H5,"https://tvax1.sinaimg.cn/crop.0.0.1080.1080.180/008turPSly8iczkgtkv6bj30u00u0q5n.jpg?KID=imgbed,tva&Expires=1778779716&ssig=7q44Ox1rvC",search_comments_2026-05-14.csv,search_comment,合作共赢 共创未来,True,False
5298583708636309,1778793062,2026-05-14 21:11:02+08:00,5298581089292465,中美关系要健康可持续发展,0,167,1778768922486,浙江,5298583708636309,1741124047,梁伽之蔚,m,https://m.weibo.cn/u/1741124047?launchid=10000360-page_H5,"https://tvax1.sinaimg.cn/crop.0.0.996.996.180/67c771cfly8fik2n0jk3sj20ro0rojtp.jpg?KID=imgbed,tva&Expires=1778779722&ssig=FGZ6aqkWru",search_comments_2026-05-14.csv,search_comment,中美关系要健康可持续发展,True,False
5298588592903309,1778794226,2026-05-14 21:30:26+08:00,5298581089292465,不要霸权，要合作共赢,0,88,1778768922491,山西,5298588592903309,7087678456,李妲玲,f,https://m.weibo.cn/u/7087678456?launchid=10000360-page_H5,"https://tvax1.sinaimg.cn/crop.0.0.1080.1080.180/007JFaWsly8hqft2ooftsj30u00u0gp8.jpg?KID=imgbed,tva&Expires=1778779722&ssig=jM0Fq51cbx",search_comments_2026-05-14.csv,search_comment,不要霸权要合作共赢,True,False
5298576288910197,1778791293,2026-05-14 20:41:33+08:00,5298575971453056,怎么不拿大折叠,0,0,1778768962962,江苏,5298576288910197,6367841796,小拉乱创,f,https://m.weibo.cn/u/6367841796?launchid=10000360-page_H5,"https://tvax4.sinaimg.cn/crop.0.0.996.996.180/006WWOxKly8g0dbbkaekmj30ro0romze.jpg?KID=imgbed,tva&Expires=1778779763&ssig=03mPUe1X9G",search_comments_2026-05-14.csv,search_comment,怎么不拿大折叠,True,False
5298576429158658,1778791326,2026-05-14 20:42:06+08:00,5298575971453056,豆包怎么说这是以前的视频,0,0,1778768962968,北京,5298576429158658,2861575295,璐璐lulufmn,m,https://m.weibo.cn/u/2861575295?launchid=10000360-page_H5,"https://tvax1.sinaimg.cn/crop.0.0.512.512.180/aa902c7fly8h3ullkauw2j20e80e8aak.jpg?KID=imgbed,tva&Expires=1778779763&ssig=FlhKy59vB%2B",search_comments_2026-05-14.csv,search_comment,豆包怎么说这是以前的视频,True,False
5298581904824474,1778792632,2026-05-14 21:03:52+08:00,5298575971453056,新的世名画。卑躬屈膝， 一脸谄媚人家屁股都没抬，坐在那儿，军儿在那蹲着给人家来自拍,0,1,1778768962973,山东,5298581904824474,9139809858,大吉大利的唐三,m,https://m.weibo.cn/u/9139809858?launchid=10000360-page_H5,"https://tvax3.sinaimg.cn/crop.0.0.1080.1080.180/009YxI42ly8i4yi73dks6j30u00u0t9u.jpg?KID=imgbed,tva&Expires=1778779763&ssig=TjwlDyKcxE",search_comments_2026-05-14.csv,search_comment,新的世名画卑躬屈膝 一脸谄媚人家屁股都没抬坐在那儿军儿在那蹲着给人家来自拍,True,False
5298504230504587,1778774113,2026-05-14 15:55:13+08:00,5298427127923500,10已中8、9,3,58,1778769044366,广东,5298504230504587,1011024095,偶然有空-Miss16,f,https://m.weibo.cn/u/1011024095?launchid=10000360-page_H5,"https://tvax4.sinaimg.cn/crop.0.14.640.640.180/3c4300dfly8fgykrqvzl0j20hs0ildgi.jpg?KID=imgbed,tva&Expires=1778779844&ssig=rVH7vxQswe",search_comments_2026-05-14.csv,search_comment,10已中89,True,False
5298572044272893,1778790281,2026-05-14 20:24:41+08:00,5298427127923500,本来挺好的 看到这几条给我整焦虑了,1,45,1778769044372,江苏,5298572044272893,5859427278,千金日記-,f,https://m.weibo.cn/u/5859427278?launchid=10000360-page_H5,"https://tvax2.sinaimg.cn/crop.0.0.1080.1080.180/006oxyHAly8i6foiviteej30u00u0abj.jpg?KID=imgbed,tva&Expires=1778779844&ssig=1SDT46zPVV",search_comments_2026-05-14.csv,search_comment,本来挺好的 看到这几条给我整焦虑了,True,False
5298567289506528,1778789147,2026-05-14 20:05:47+08:00,5298427127923500,这么一说，没几个好人了,0,30,1778769044377,江苏,5298567289506528,5623697670,用户5623697670,m,https://m.weibo.cn/u/5623697670?launchid=10000360-page_H5,"https://tvax1.sinaimg.cn/default/images/default_avatar_male_180.gif?KID=imgbed,tva&Expires=1778779844&ssig=JNNQ65bs2u",search_comments_2026-05-14.csv,search_comment,这么一说没几个好人了,True,False
5298587592562874,1778793988,2026-05-14 21:26:28+08:00,5298579539493217,那你快安慰我呀,2,1,1778769050859,广东,5298587592562874,7519907504,云开雾散唯见蓝月皎洁,f,https://m.weibo.cn/u/7519907504?launchid=10000360-page_H5,"https://tvax2.sinaimg.cn/crop.0.0.1080.1080.180/008cULsIly8ictn5iezppj30u00u0770.jpg?KID=imgbed,tva&Expires=1778779850&ssig=bGXY30sIWb",search_comments_2026-05-14.csv,search_comment,那你快安慰我呀,True,False
5298581900891909,1778792631,2026-05-14 21:03:51+08:00,5298579539493217,感觉现在抑郁症躯体化越来越常见了,0,5,1778769050862,北京,5298581900891909,7496057363,玖见月,f,https://m.weibo.cn/u/7496057363?launchid=10000360-page_H5,"https://tvax4.sinaimg.cn/crop.0.0.1080.1080.180/008biGX1ly8id1p294iaij30u00u0tcl.jpg?KID=imgbed,tva&Expires=1778779850&ssig=c5QRGZvlqz",search_comments_2026-05-14.csv,search_comment,感觉现在抑郁症躯体化越来越常见了,True,False
5179948614552992,1750508251,2025-06-21 12:17:31+08:00,5179944243300795,去密码的，给劳资确诊了,1,264,1778769057347,宁夏,5179948614552992,7348767246,Wsxcvbjo,f,https://m.weibo.cn/u/7348767246?launchid=10000360-page_H5,"https://tvax4.sinaimg.cn/crop.0.0.1080.1080.180/0081kG3Yly8ic8cu6sn7kj30u00u00vx.jpg?KID=imgbed,tva&Expires=1778779857&ssig=E7XsAagyua",search_comments_2026-05-14.csv,search_comment,去密码的给劳资确诊了,True,False
5179950321369772,1750508657,2025-06-21 12:24:17+08:00,5179944243300795,无药可救  也不抱任何希望了   就这样闭关修炼也挺好,1,49,1778769057352,云南,5179950321369772,5642650556,为什么不可以让我用饭团做昵称,m,https://m.weibo.cn/u/5642650556?launchid=10000360-page_H5,"https://tvax2.sinaimg.cn/crop.0.0.1080.1080.180/0069RZaQly8i8bv4sd34tj30u00u0go3.jpg?KID=imgbed,tva&Expires=1778779857&ssig=UabWztQd%2Bf",search_comments_2026-05-14.csv,search_comment,无药可救  也不抱任何希望了   就这样闭关修炼也挺好,True,False
5179949801015583,1750508534,2025-06-21 12:22:14+08:00,5179944243300795,好一个“军书十二卷”,0,31,1778769057358,山东,5179949801015583,6201561076,煤油浇绿鸭,f,https://m.weibo.cn/u/6201561076?launchid=10000360-page_H5,"https://tvax2.sinaimg.cn/crop.0.0.1080.1080.180/006LH7kEly8i7gm8cm7l8j30u00u0422.jpg?KID=imgbed,tva&Expires=1778779857&ssig=xDTDEndaXC",search_comments_2026-05-14.csv,search_comment,好一个军书十二卷,True,False
5298573461688678,1778790619,2026-05-14 20:30:19+08:00,5298572225938999,#10种不舒服是抑郁症躯体化表现# 绝大多数抑郁、焦虑的人，最先难受的不是心情，而是身体。#健康# #健康科普# 中医,0,0,1778769063832,山东,5298573461688678,2914316215,雨之媚,f,https://m.weibo.cn/u/2914316215?launchid=10000360-page_H5,"https://tvax1.sinaimg.cn/crop.0.0.1080.1080.180/adb4efb7ly8hqfm0nd31fj20u00u0aca.jpg?KID=imgbed,tva&Expires=1778779863&ssig=UCDqIYA%2FC7",search_comments_2026-05-14.csv,search_comment, 绝大多数抑郁焦虑的人最先难受的不是心情而是身体  中医,True,False
5298573765771353,1778790690,2026-05-14 20:31:30+08:00,5298572225938999,#10种不舒服是抑郁症躯体化表现# 今天峰哥直白告诉大家，最常见的10种躯体化表现，看懂能救自己一命。#健康养生# 肿瘤,0,0,1778769063842,山东,5298573765771353,7520629614,峰哥健康,m,https://m.weibo.cn/u/7520629614?launchid=10000360-page_H5,"https://tvax1.sinaimg.cn/crop.0.0.1080.1080.180/008cXNjEly8i5db9lfqofj30u00u0q4x.jpg?KID=imgbed,tva&Expires=1778779863&ssig=W%2BtjglAesS",search_comments_2026-05-14.csv,search_comment, 今天峰哥直白告诉大家最常见的10种躯体化表现看懂能救自己一命 肿瘤,True,False
5298574607781125,1778790892,2026-05-14 20:34:52+08:00,5298573419742350,一定要看啊,0,1,1778769070275,新疆,5298574607781125,7846125412,恰似月光i,f,https://m.weibo.cn/u/7846125412?launchid=10000360-page_H5,"https://tvax3.sinaimg.cn/crop.0.0.1080.1080.180/008yZxDSly8iatlonies2j30u00u0jxh.jpg?KID=imgbed,tva&Expires=1778779870&ssig=W5SDDlEuTj",search_comments_2026-05-14.csv,search_comment,一定要看啊,True,False
5298574133821865,1778790778,2026-05-14 20:32:58+08:00,5298573419742350,抑郁症反应太吓人了吧,0,1,1778769070283,重庆,5298574133821865,7568426612,不觉椿深,f,https://m.weibo.cn/u/7568426612?launchid=10000360-page_H5,"https://tvax1.sinaimg.cn/crop.0.0.1080.1080.180/008gcluYly8id3zweulhoj30u00u0gof.jpg?KID=imgbed,tva&Expires=1778779870&ssig=hDoO%2BvB5hX",search_comments_2026-05-14.csv,search_comment,抑郁症反应太吓人了吧,True,False
5298579665322623,1778792098,2026-05-14 20:54:58+08:00,5298571902714681,身体在诉苦，心灵在呐喊！,0,2,1778769076680,四川,5298579665322623,2268867283,好好听哦O,m,https://m.weibo.cn/u/2268867283?launchid=10000360-page_H5,"https://tvax3.sinaimg.cn/crop.0.0.600.600.180/873c2ad3ly8h5e64x05dxj20go0gowfx.jpg?KID=imgbed,tva&Expires=1778779876&ssig=OF1iZvxEL2",search_comments_2026-05-14.csv,search_comment,身体在诉苦心灵在呐喊,True,False
5298578370075578,1778791789,2026-05-14 20:49:49+08:00,5298571902714681,现在人生活压力太大了,0,2,1778769076685,福建,5298578370075578,5183832194,诗的第118页,f,https://m.weibo.cn/u/5183832194?launchid=10000360-page_H5,"https://tvax4.sinaimg.cn/crop.17.0.606.606.180/005EOPyGly8id35bgocnoj30hs0gujsp.jpg?KID=imgbed,tva&Expires=1778779876&ssig=Jtot17M5J%2B",search_comments_2026-05-14.csv,search_comment,现在人生活压力太大了,True,False
5298576525626300,1778791349,2026-05-14 20:42:29+08:00,5298571902714681,现在抑郁症很很多,0,2,1778769076689,安徽,5298576525626300,6323982758,桃树下有个李子,f,https://m.weibo.cn/u/6323982758?launchid=10000360-page_H5,"https://tvax2.sinaimg.cn/crop.0.0.1080.1080.180/006TYMNUly8hv6rr2n5zmj30u00u0dia.jpg?KID=imgbed,tva&Expires=1778779876&ssig=QdBTRFMiPj",search_comments_2026-05-14.csv,search_comment,现在抑郁症很很多,True,False
5298599835733085,1778796907,2026-05-14 22:15:07+08:00,5298599294409416,所以说，谁说A股学不到东西了,1,9,1778769161379,浙江,5298599835733085,5887845847,一本正经地胡说八道哈哈哈,m,https://m.weibo.cn/u/5887845847?launchid=10000360-page_H5,"https://tvax4.sinaimg.cn/crop.0.0.768.768.180/006qsNFBly8hgxpka33rdj30lc0lcq4q.jpg?KID=imgbed,tva&Expires=1778779961&ssig=Vkzu1KKAfx",search_comments_2026-05-14.csv,search_comment,所以说谁说A股学不到东西了,True,False
5298601770878665,1778797368,2026-05-14 22:22:48+08:00,5298599294409416,现在我一上网，关注的博主都在关注金融财经资讯,0,2,1778769161385,广东,5298601770878665,6317254606,半碗汤粉,f,https://m.weibo.cn/u/6317254606?launchid=10000360-page_H5,"https://tvax2.sinaimg.cn/crop.0.0.293.293.180/006Twyvkly8hoe1e2h43ej308508574j.jpg?KID=imgbed,tva&Expires=1778779961&ssig=e3n3zkGdt9",search_comments_2026-05-14.csv,search_comment,现在我一上网关注的博主都在关注金融财经资讯,True,False
5298597247847229,1778796290,2026-05-14 22:04:50+08:00,5298596228369703,就看你的分析,0,3,1778769167842,湖北,5298597247847229,7676484496,GHM人生,f,https://m.weibo.cn/u/7676484496?launchid=10000360-page_H5,"https://tvax2.sinaimg.cn/crop.0.0.996.996.180/008nvKi4ly8gtn0pd6r7vj30ro0rogsb.jpg?KID=imgbed,tva&Expires=1778779967&ssig=T0NV3RxVo7",search_comments_2026-05-14.csv,search_comment,就看你的分析,True,False
5298597279302971,1778796297,2026-05-14 22:04:57+08:00,5298596228369703,黄仁勋看好中国AI,0,3,1778769167846,湖北,5298597279302971,5346281905,俏小妹620,m,https://m.weibo.cn/u/5346281905?launchid=10000360-page_H5,"https://tva1.sinaimg.cn/crop.0.0.640.640.180/005POs9jjw8ew4lmbzud9j30hs0hs0t2.jpg?KID=imgbed,tva&Expires=1778779967&ssig=cZkwO6XL8H",search_comments_2026-05-14.csv,search_comment,黄仁勋看好中国AI,True,False
5298596366782715,1778796080,2026-05-14 22:01:20+08:00,5298595998728733,黄仁勋今天接受新华社记者采访时说，人工智能已为中国带来新的机遇。,0,1,1778769174271,广东,5298596366782715,3178841952,小圆吃饼,f,https://m.weibo.cn/u/3178841952?launchid=10000360-page_H5,"https://tvax2.sinaimg.cn/crop.0.0.1024.1024.180/bd794760ly8i72gx6s6epj20sg0sgtat.jpg?KID=imgbed,tva&Expires=1778779974&ssig=jv%2F7C%2FRDH2",search_comments_2026-05-14.csv,search_comment,黄仁勋今天接受新华社记者采访时说人工智能已为中国带来新的机遇,True,False
5298589215757471,1778794375,2026-05-14 21:32:55+08:00,5298583436792412,可能连老黄自己也想不出华为有什么理由会买他们的芯片,5,10,1778769180679,安徽,5298589215757471,5713365044,HHP良,m,https://m.weibo.cn/u/5713365044?launchid=10000360-page_H5,"https://tvax4.sinaimg.cn/crop.0.0.1080.1080.180/006eEHf6ly8h685pdkdmej30u00u1dhh.jpg?KID=imgbed,tva&Expires=1778779980&ssig=XbB2%2B%2BT%2FRp",search_comments_2026-05-14.csv,search_comment,可能连老黄自己也想不出华为有什么理由会买他们的芯片,True,False
5295529332573361,1778064842,2026-05-06 10:54:02+08:00,5295528860713854,不要指望别人，凡事要靠自己！实力强大了，什么事都顺了！,24,187,1778769187330,上海,5295529332573361,6439712778,冰淇淋爱上滑雪,m,https://m.weibo.cn/u/6439712778?launchid=10000360-page_H5,"https://tvax3.sinaimg.cn/crop.3.0.690.690.180/0071Ont8ly8fmn3v1q5srj30jc0j67bw.jpg?KID=imgbed,tva&Expires=1778779987&ssig=fIFb8tMw1o",search_comments_2026-05-14.csv,search_comment,不要指望别人凡事要靠自己实力强大了什么事都顺了,True,False
5295530084665635,1778065021,2026-05-06 10:57:01+08:00,5295528860713854,“统一的推力必须由大陆方面提供。当大陆的这个推力远大于美国的阻力时，岛内就会有主流政治力量跟进。把我们大陆现在应当做的事情让岛内政治力量去承担，这在现阶段不现实。”赞同这样的表述,10,76,1778769187337,浙江,5295530084665635,3546037087,牧马阿里,m,https://m.weibo.cn/u/3546037087?launchid=10000360-page_H5,"https://tvax2.sinaimg.cn/crop.0.0.750.750.180/d35c3b5fly8gdikf7qht9j20ku0ku3zm.jpg?KID=imgbed,tva&Expires=1778779987&ssig=L8itpodchK",search_comments_2026-05-14.csv,search_comment,统一的推力必须由大陆方面提供当大陆的这个推力远大于美国的阻力时岛内就会有主流政治力量跟进把我们大陆现在应当做的事情让岛内政治力量去承担这在现阶段不现实赞同这样的表述,True,False
5295529710062407,1778064932,2026-05-06 10:55:32+08:00,5295528860713854,打铁还需自身硬,7,26,1778769187346,北京,5295529710062407,2358846843,大芬儿大芬儿,f,https://m.weibo.cn/u/2358846843?launchid=10000360-page_H5,"https://tvax3.sinaimg.cn/crop.0.0.1080.1080.180/8c99257bly8i4ovkub7opj20u00u0goe.jpg?KID=imgbed,tva&Expires=1778779987&ssig=znfF67x3Kx",search_comments_2026-05-14.csv,search_comment,打铁还需自身硬,True,False
5295529409644616,1778064860,2026-05-06 10:54:20+08:00,5295516595527660,AI泡沫什么时候破,1,1,1778769193813,辽宁,5295529409644616,5619984225,jet_shuyao,m,https://m.weibo.cn/u/5619984225?launchid=10000360-page_H5,"https://tvax3.sinaimg.cn/crop.0.0.1080.1080.180/0068kSCRly8i85lz1b8wej30u00u0mz9.jpg?KID=imgbed,tva&Expires=1778779993&ssig=dY3KgiFkdx",search_comments_2026-05-14.csv,search_comment,AI泡沫什么时候破,True,False
5295521833946996,1778063054,2026-05-06 10:24:14+08:00,5295516595527660,老老实实卖游戏显卡算了.........,1,2,1778769193819,江苏,5295521833946996,7701806777,金陵大喵,m,https://m.weibo.cn/u/7701806777?launchid=10000360-page_H5,"https://tvax2.sinaimg.cn/crop.0.0.600.600.180/008pdZLXly8gulsc9vmrpj60go0gomxx02.jpg?KID=imgbed,tva&Expires=1778779993&ssig=vzEesHBOI0",search_comments_2026-05-14.csv,search_comment,老老实实卖游戏显卡算了,True,False
5295832540644460,1778137132,2026-05-07 06:58:52+08:00,5295516595527660,肯定有走私的，不可能完全是空,0,0,1778769193825,河北,5295832540644460,7731419159,棕灰202112,m,https://m.weibo.cn/u/7731419159?launchid=10000360-page_H5,"https://tvax2.sinaimg.cn/crop.0.0.132.132.180/008refj1ly4gxqg5xgh75j303o03odfl.jpg?KID=imgbed,tva&Expires=1778779993&ssig=A6YaKnoq0X",search_comments_2026-05-14.csv,search_comment,肯定有走私的不可能完全是空,True,False
5296008344896518,1778179047,2026-05-07 18:37:27+08:00,5295986471342945,国民党尤其是郑丽文的两岸立场，确实是在台湾的生态环境中已经做到了“天花板”，看一看她访陆回台后的民意调查，不升反降，若她再往前迈，别说她没法选了，国民党也没法选了。现在对台独，国民党这个刹车片愈来愈没用了，事态真的令人悲哀。,1,3,1778769200239,广东,5296008344896518,2490734504,老王谈改革,m,https://m.weibo.cn/u/2490734504?launchid=10000360-page_H5,"https://tvax2.sinaimg.cn/crop.0.0.329.329.180/947597a8ly8hj8wtuu5saj2095095weh.jpg?KID=imgbed,tva&Expires=1778780000&ssig=tckKjIf%2FgF",search_comments_2026-05-14.csv,search_comment,国民党尤其是郑丽文的两岸立场确实是在台湾的生态环境中已经做到了天花板看一看她访陆回台后的民意调查不升反降若她再往前迈别说她没法选了国民党也没法选了现在对台独国民党这个刹车片愈来愈没用了事态真的令人悲哀,True,False
5295986873206249,1778173928,2026-05-07 17:12:08+08:00,5295986471342945,其实，老黄一直就是这样的“两面派”：既想在中国赚钱，把阉割版芯片卖给中国，又想留一手。,0,1,1778769200245,广东,5295986873206249,1747150823,深圳县令,m,https://m.weibo.cn/u/1747150823?launchid=10000360-page_H5,"https://tvax3.sinaimg.cn/crop.0.0.1006.1006.180/682367e7ly8fgt1568xmhj20ry0ryabo.jpg?KID=imgbed,tva&Expires=1778780000&ssig=dnoHKJMcHT",search_comments_2026-05-14.csv,search_comment,其实老黄一直就是这样的两面派既想在中国赚钱把阉割版芯片卖给中国又想留一手,True,False
5296012142843578,1778179953,2026-05-07 18:52:33+08:00,5295986471342945,胡老师说得对，统一真得大陆扛大旗,0,0,1778769200250,上海,5296012142843578,5143098287,王景文007,m,https://m.weibo.cn/u/5143098287?launchid=10000360-page_H5,"https://tva3.sinaimg.cn/crop.0.0.480.480.180/005C3UObjw8eixhu8sljjj30dc0dc0tc.jpg?KID=imgbed,tva&Expires=1778780000&ssig=5QK%2FaQ2TNP",search_comments_2026-05-14.csv,search_comment,胡老师说得对统一真得大陆扛大旗,True,False
5298518952509478,1778777622,2026-05-14 16:53:42+08:00,5298492601795830,现在支付宝直接抢钱了啊,18,355,1778769227447,浙江,5298518952509478,6477242300,好运饺子包一切,f,https://m.weibo.cn/u/6477242300?launchid=10000360-page_H5,"https://tvax3.sinaimg.cn/crop.0.0.1080.1080.180/0074lQC0ly8ib4bwauwg5j30u00u0q45.jpg?KID=imgbed,tva&Expires=1778780027&ssig=QRmiZ7Nizy",search_comments_2026-05-14.csv,search_comment,现在支付宝直接抢钱了啊,True,False
5298535205704023,1778781498,2026-05-14 17:58:18+08:00,5298534976064240,你说离谱不离谱,1,1,1778769253443,黑龙江,5298535205704023,2307586201,冰城小阳子,m,https://m.weibo.cn/u/2307586201?launchid=10000360-page_H5,"https://tvax2.sinaimg.cn/crop.0.0.640.640.180/898af899ly8i0a8n7oiqxj20hs0hsgn4.jpg?KID=imgbed,tva&Expires=1778780053&ssig=GZGAvyoD%2Bp",search_comments_2026-05-14.csv,search_comment,你说离谱不离谱,True,False
5298535859749394,1778781653,2026-05-14 18:00:53+08:00,5298534976064240,这个就离谱了,0,1,1778769253447,四川,5298535859749394,7305579580,鱼的眼泪66725,m,https://m.weibo.cn/u/7305579580?launchid=10000360-page_H5,"https://tvax2.sinaimg.cn/crop.0.0.1080.1080.180/007YpsYIly8hloiccfdx4j30u00u0jys.jpg?KID=imgbed,tva&Expires=1778780053&ssig=VmyelhYg4A",search_comments_2026-05-14.csv,search_comment,这个就离谱了,True,False
5298554344049981,1778786061,2026-05-14 19:14:21+08:00,5298545517136877,？这就很过分了啊！184万啊,1,0,1778769259935,江苏,5298554344049981,2890836770,水瓶橘子,f,https://m.weibo.cn/u/2890836770?launchid=10000360-page_H5,"https://tvax3.sinaimg.cn/crop.0.0.512.512.180/ac4eab22ly8hsn6ei2f2lj20e80e874m.jpg?KID=imgbed,tva&Expires=1778780059&ssig=ZubHs1kGzL",search_comments_2026-05-14.csv,search_comment,这就很过分了啊184万啊,True,False
5298562931363632,1778788108,2026-05-14 19:48:28+08:00,5298545517136877,我的天，上千万啊，心疼客户也心疼你,1,0,1778769259946,江苏,5298562931363632,1873790375,恬欣欣恬,f,https://m.weibo.cn/u/1873790375?launchid=10000360-page_H5,"https://tvax1.sinaimg.cn/crop.0.0.1080.1080.180/6fafc5a7ly8i3lidvw982j20u00u042h.jpg?KID=imgbed,tva&Expires=1778780059&ssig=D6L1Ti9aXk",search_comments_2026-05-14.csv,search_comment,我的天上千万啊心疼客户也心疼你,True,False
5298555210432520,1778786266,2026-05-14 19:17:46+08:00,5298554710790241,我也这么觉得 但是好多有钱人感觉也把钱放支付宝挺多的,1,0,1778769266355,浙江,5298555210432520,3621116035,--One兔three,f,https://m.weibo.cn/u/3621116035?launchid=10000360-page_H5,"https://tvax2.sinaimg.cn/crop.0.0.664.664.180/d7d5d883ly8hvaft54ecnj20ig0ig0tk.jpg?KID=imgbed,tva&Expires=1778780066&ssig=3xR1eE17Qe",search_comments_2026-05-14.csv,search_comment,我也这么觉得 但是好多有钱人感觉也把钱放支付宝挺多的,True,False
5298554986828674,1778786214,2026-05-14 19:16:54+08:00,5298554710790241,这真的太夸张了，压舱石的钱还是要安全,1,1,1778769266360,广东,5298554986828674,4004807777,MUI411,f,https://m.weibo.cn/u/4004807777?launchid=10000360-page_H5,"https://tvax3.sinaimg.cn/crop.0.0.1080.1080.180/eeb48461ly8i9xrppojptj20u00u0jw8.jpg?KID=imgbed,tva&Expires=1778780066&ssig=6PstAQB8xy",search_comments_2026-05-14.csv,search_comment,这真的太夸张了压舱石的钱还是要安全,True,False
5298600060129224,1778796960,2026-05-14 22:16:00+08:00,5298554710790241,还好现在不放余额宝了,0,0,1778769266364,吉林,5298600060129224,3155882020,77木琪,f,https://m.weibo.cn/u/3155882020?launchid=10000360-page_H5,"https://tvax2.sinaimg.cn/crop.0.0.1080.1080.180/bc1af024ly8i98x8ope8pj20u00u0n1t.jpg?KID=imgbed,tva&Expires=1778780066&ssig=8hIeV53S1%2F",search_comments_2026-05-14.csv,search_comment,还好现在不放余额宝了,True,False
5298531661515250,1778780653,2026-05-14 17:44:13+08:00,5298531114159693,先了解一下啥情况呀,0,1,1778769273088,四川,5298531661515250,7361527558,结局好的故事,f,https://m.weibo.cn/u/7361527558?launchid=10000360-page_H5,"https://tvax1.sinaimg.cn/crop.0.0.1080.1080.180/0082cdBsly8i4vti6brgcj30u00u0jtk.jpg?KID=imgbed,tva&Expires=1778780073&ssig=ULy4XPxP3P",search_comments_2026-05-14.csv,search_comment,先了解一下啥情况呀,True,False
5298558778999386,1778787118,2026-05-14 19:31:58+08:00,5298558345676792,迪丽热巴利剑玫瑰演技值得呀！,1,775,1778769290269,浙江,5298558778999386,6329266647,美貌第一要义,m,https://m.weibo.cn/u/6329266647?launchid=10000360-page_H5,"https://tvax3.sinaimg.cn/crop.0.0.1080.1080.180/006UkXnVly8ic1rm251qgj30u00u0q54.jpg?KID=imgbed,tva&Expires=1778780090&ssig=Vaxb4z2nik",search_comments_2026-05-14.csv,search_comment,迪丽热巴利剑玫瑰演技值得呀,True,False
5298560141890199,1778787443,2026-05-14 19:37:23+08:00,5298558345676792,只知道利剑玫瑰是民选精品好剧,1,557,1778769290277,北京,5298560141890199,6056680603,逗比就是这么傲娇,f,https://m.weibo.cn/u/6056680603?launchid=10000360-page_H5,"https://tvax4.sinaimg.cn/crop.0.0.1080.1080.180/006BTdiPly8i94ppm0bxij30u00u0q54.jpg?KID=imgbed,tva&Expires=1778780090&ssig=tSk%2BgmbsPi",search_comments_2026-05-14.csv,search_comment,只知道利剑玫瑰是民选精品好剧,True,False
5298558741774526,1778787108,2026-05-14 19:31:48+08:00,5298558345676792,迪丽热巴利剑玫瑰演技大赏，演的太好了 ，演技细腻，打戏干净利落，台词功底好，支持迪丽热巴利剑玫瑰,2,343,1778769290287,湖北,5298558741774526,7557805933,紫飘悠絮186,f,https://m.weibo.cn/u/7557805933?launchid=10000360-page_H5,"https://tvax4.sinaimg.cn/crop.0.0.1080.1080.180/008ftMzHly8ibdp4j66q3j30u00u0dkf.jpg?KID=imgbed,tva&Expires=1778780090&ssig=e%2BToL2k2Ic",search_comments_2026-05-14.csv,search_comment,迪丽热巴利剑玫瑰演技大赏演的太好了 演技细腻打戏干净利落台词功底好支持迪丽热巴利剑玫瑰,True,False
5298548413566353,1778784647,2026-05-14 18:50:47+08:00,5298523706753396,@杨紫工作室 干活，看一下微博内容都是黑杨紫的，赶紧告，证据都在呢,9,13,1778769296768,辽宁,5298548413566353,2959474697,z小阿姨,f,https://m.weibo.cn/u/2959474697?launchid=10000360-page_H5,"https://tvax3.sinaimg.cn/crop.0.0.1080.1080.180/b0660009ly8hwn8u6z750j20u00u0jt6.jpg?KID=imgbed,tva&Expires=1778780096&ssig=Y%2B3qx7CQnu",search_comments_2026-05-14.csv,search_comment, 干活看一下微博内容都是黑杨紫的赶紧告证据都在呢,True,False
5298523985674920,1778778823,2026-05-14 17:13:43+08:00,5298523706753396,听完跟着你宝宝享福去了,0,6,1778769296776,新疆,5298523985674920,7752618110,7dllxn,f,https://m.weibo.cn/u/7752618110?launchid=10000360-page_H5,"https://tvax1.sinaimg.cn/crop.0.0.960.960.180/008sFc7Aly8icxxvemyvqj30qo0qowgw.jpg?KID=imgbed,tva&Expires=1778780096&ssig=0hkEFil4Bn",search_comments_2026-05-14.csv,search_comment,听完跟着你宝宝享福去了,True,False
5298524507341266,1778778946,2026-05-14 17:15:46+08:00,5298523706753396,下巴要飞出来了,0,9,1778769296781,上海,5298524507341266,1741331803,加州樱桃子,f,https://m.weibo.cn/u/1741331803?launchid=10000360-page_H5,"https://tvax3.sinaimg.cn/crop.0.0.1080.1080.180/67ca9d5bly8gqdeiapv06j20u00u0dis.jpg?KID=imgbed,tva&Expires=1778780096&ssig=%2FYSVx2xqFj",search_comments_2026-05-14.csv,search_comment,下巴要飞出来了,True,False
5298535690144997,1778781613,2026-05-14 18:00:13+08:00,5298535341754419,我推荐都市奋斗剧许我耀眼，许我耀眼值得赵露思值得。赵露思不仅是近七年唯一一番女年冠，饰演的许妍更是都市女性奋斗坚韧的代表。许我耀眼是一部口碑流量双开花的爆剧，相信白玉兰前哨奖的选择 @微博智搜,1,88,1778769303287,重庆,5298535690144997,6744335763,从来不会端水,f,https://m.weibo.cn/u/6744335763?launchid=10000360-page_H5,"https://tvax4.sinaimg.cn/crop.0.0.1080.1080.180/007mqxP5ly8id558p79s3j30u00u0dhq.jpg?KID=imgbed,tva&Expires=1778780103&ssig=9gKiJuQK7D",search_comments_2026-05-14.csv,search_comment,我推荐都市奋斗剧许我耀眼许我耀眼值得赵露思值得赵露思不仅是近七年唯一一番女年冠饰演的许妍更是都市女性奋斗坚韧的代表许我耀眼是一部口碑流量双开花的爆剧相信白玉兰前哨奖的选择 ,True,False
5298535847168320,1778781651,2026-05-14 18:00:51+08:00,5298535341754419,广电总局呼吁“让年轻人挑大梁”，而青年演员赵露思早就用星汉灿烂、偷偷藏不住、许我耀眼等一部部作品证明了自己作为演员的专业能力、号召能力以及传递中国文化的责任心。许我耀眼是人民日报认证长剧之光，总局肯定的都市剧巅峰！恭喜赵露思获得金树林视后提名，也期待入围白玉兰视后提名！,1,20,1778769303293,四川,5298535847168320,7240777481,听霁Petrichor,f,https://m.weibo.cn/u/7240777481?launchid=10000360-page_H5,"https://tvax2.sinaimg.cn/crop.0.0.1080.1080.180/007U1yZzly8icy0xmtbphj30u00u075b.jpg?KID=imgbed,tva&Expires=1778780103&ssig=xILlSTKYK2",search_comments_2026-05-14.csv,search_comment,广电总局呼吁让年轻人挑大梁而青年演员赵露思早就用星汉灿烂偷偷藏不住许我耀眼等一部部作品证明了自己作为演员的专业能力号召能力以及传递中国文化的责任心许我耀眼是人民日报认证长剧之光总局肯定的都市剧巅峰恭喜赵露思获得金树林视后提名也期待入围白玉兰视后提名,True,False
5298535702464803,1778781616,2026-05-14 18:00:16+08:00,5298535341754419,作为2025全平台网播年冠《许我耀眼》  用实打实的数据证明国民度，全民追剧，爆梗，爆剧，爆OST！是当之无愧的民选爆剧。它不仅自身热度一骑绝尘，更强势拉升整个长剧市场大盘，在短剧当道的当下，把大量流失观众重新拉回长剧赛道，扛起行业复苏大旗。值得白玉兰提名@微博智搜,1,62,1778769303299,湖南,5298535702464803,6585123422,小周小周乐悠悠U,f,https://m.weibo.cn/u/6585123422?launchid=10000360-page_H5,"https://tvax1.sinaimg.cn/crop.0.0.512.512.180/007bEvq6ly8i2l6mw9q7qj30e80e8t9f.jpg?KID=imgbed,tva&Expires=1778780103&ssig=BnSlDnVbGX",search_comments_2026-05-14.csv,search_comment,作为2025全平台网播年冠许我耀眼  用实打实的数据证明国民度全民追剧爆梗爆剧爆OST是当之无愧的民选爆剧它不仅自身热度一骑绝尘更强势拉升整个长剧市场大盘在短剧当道的当下把大量流失观众重新拉回长剧赛道扛起行业复苏大旗值得白玉兰提名,True,False
5298532349119024,1778780817,2026-05-14 17:46:57+08:00,5298527058004040,“流量不再是缥缈的数字，而是灌溉社会的活水”邓妍演的特别好，期待演员迪丽热巴新的一年带来更多优秀的作品,1,99,1778769309816,福建,5298532349119024,3027851557,酸奶君H,f,https://m.weibo.cn/u/3027851557?launchid=10000360-page_H5,"https://tvax1.sinaimg.cn/crop.0.0.224.224.180/b4795925ly8i4scvbz7imj2068068glj.jpg?KID=imgbed,tva&Expires=1778780109&ssig=gaTb3g9hVG",search_comments_2026-05-14.csv,search_comment,流量不再是缥缈的数字而是灌溉社会的活水邓妍演的特别好期待演员迪丽热巴新的一年带来更多优秀的作品,True,False
5298540478989512,1778782755,2026-05-14 18:19:15+08:00,5298527058004040,支持对社会有真正意义和价值的好剧《利剑玫瑰》拿奖,0,9,1778769309823,广西,5298540478989512,7854020843,_linsermn,f,https://m.weibo.cn/u/7854020843?launchid=10000360-page_H5,"https://tvax2.sinaimg.cn/crop.0.0.512.512.180/008zwFBxly8i2jgftn75oj30e80e8gm5.jpg?KID=imgbed,tva&Expires=1778780109&ssig=bTNr%2Fy%2Fc3d",search_comments_2026-05-14.csv,search_comment,支持对社会有真正意义和价值的好剧利剑玫瑰拿奖,True,False
5298537361315789,1778782012,2026-05-14 18:06:52+08:00,5298527058004040,迪丽热巴利剑玫瑰值得拿奖,0,6,1778769309830,湖北,5298537361315789,2644989827,F努力成为情绪稳定的人,f,https://m.weibo.cn/u/2644989827?launchid=10000360-page_H5,"https://tva2.sinaimg.cn/crop.0.18.1242.1242.180/9da75783jw8f8zvcf9ttjj20yi0zi40w.jpg?KID=imgbed,tva&Expires=1778780109&ssig=A2BaBR8twQ",search_comments_2026-05-14.csv,search_comment,迪丽热巴利剑玫瑰值得拿奖,True,False
5298556660351284,1778786612,2026-05-14 19:23:32+08:00,5298549931905251,每天看藏海传上各种年鉴，入围各种奖项。在藏海传中肖战的同期声台词专业能力被观众称赞，80%以上戏份更是高光不断，而剧本身立意深刻，文化传播广，想不到藏海传和肖战不拿奖的理由,2,135,1778769316299,山东,5298556660351284,5726262179,热爱生活的宋声声,f,https://m.weibo.cn/u/5726262179?launchid=10000360-page_H5,"https://tvax4.sinaimg.cn/crop.0.0.240.240.180/006fwOnply8huchneo0owj306o06oq2x.jpg?KID=imgbed,tva&Expires=1778780116&ssig=WloFcMIMjJ",search_comments_2026-05-14.csv,search_comment,每天看藏海传上各种年鉴入围各种奖项在藏海传中肖战的同期声台词专业能力被观众称赞80以上戏份更是高光不断而剧本身立意深刻文化传播广想不到藏海传和肖战不拿奖的理由,True,False
5298558173446340,1778786973,2026-05-14 19:29:33+08:00,5298549931905251,藏海传呼声高，是因为肖战演的好，剧情拍的好，所以广大观众喜欢得不得了，粉丝也是观众，很可能只占一小部分。,0,6,1778769316305,北京,5298558173446340,5869365045,朴真山君,f,https://m.weibo.cn/u/5869365045?launchid=10000360-page_H5,"https://tvax4.sinaimg.cn/crop.0.0.1080.1080.180/006pdfY9ly8gj5hlccc1sj30u00u0goo.jpg?KID=imgbed,tva&Expires=1778780116&ssig=ewXfF9k9ZV",search_comments_2026-05-14.csv,search_comment,藏海传呼声高是因为肖战演的好剧情拍的好所以广大观众喜欢得不得了粉丝也是观众很可能只占一小部分,True,False
5298558668375304,1778787091,2026-05-14 19:31:31+08:00,5298549931905251,藏海传是肖战的演技大赏,0,2,1778769316328,湖北,5298558668375304,5829972208,有钱家的曲曲,f,https://m.weibo.cn/u/5829972208?launchid=10000360-page_H5,"https://tvax3.sinaimg.cn/crop.0.0.1080.1080.180/006mxY5Oly8i685i93mofj30u00u0768.jpg?KID=imgbed,tva&Expires=1778780116&ssig=AG%2B7pqY%2Fzd",search_comments_2026-05-14.csv,search_comment,藏海传是肖战的演技大赏,True,False
5298571572154171,1778790168,2026-05-14 20:22:48+08:00,5298541862062157,演的太牛了,0,1,1778769339483,浙江,5298571572154171,7753316529,红海,m,https://m.weibo.cn/u/7753316529?launchid=10000360-page_H5,"https://tvax2.sinaimg.cn/crop.0.0.1080.1080.180/008sI7Oply8id50reedlhj30u00u0acs.jpg?KID=imgbed,tva&Expires=1778780139&ssig=SCIBotFSYA",search_comments_2026-05-14.csv,search_comment,演的太牛了,True,False
5298552902780631,1778785717,2026-05-14 19:08:37+08:00,5298541862062157,期待肖战，白玉兰获奖,0,0,1778769339487,山西,5298552902780631,5604790203,A-简书,f,https://m.weibo.cn/u/5604790203?launchid=10000360-page_H5,"https://tvax2.sinaimg.cn/crop.0.0.1080.1080.180/0067j7XZly8i64y7zuxiaj30u00u0t9t.jpg?KID=imgbed,tva&Expires=1778780139&ssig=B5DBmZ9zt4",search_comments_2026-05-14.csv,search_comment,期待肖战白玉兰获奖,True,False
5298547815876004,1778784504,2026-05-14 18:48:24+08:00,5298541862062157,支持肖战得奖,0,2,1778769339491,四川,5298547815876004,7883094560,优雅的跟随者,f,https://m.weibo.cn/u/7883094560?launchid=10000360-page_H5,"https://tvax1.sinaimg.cn/crop.0.0.959.959.180/008BuF0sly8hui9vit0jyj30qn0qn77e.jpg?KID=imgbed,tva&Expires=1778780139&ssig=4yjlO7HswJ",search_comments_2026-05-14.csv,search_comment,支持肖战得奖,True,False
5298540998822351,1778782879,2026-05-14 18:21:19+08:00,5298539854561642,@微博智搜 2026白玉兰视帝我支持陈晓,1,8,1778769346107,北京,5298540998822351,6871660168,我做的饭真的很难吃,f,https://m.weibo.cn/u/6871660168?launchid=10000360-page_H5,"https://tvax4.sinaimg.cn/crop.0.0.1024.1024.180/007v2MIwly8ibn3cmdic9j30sg0sg0vg.jpg?KID=imgbed,tva&Expires=1778780146&ssig=49QrThLi0h",search_comments_2026-05-14.csv,search_comment, 2026白玉兰视帝我支持陈晓,True,False
5298543214724560,1778783407,2026-05-14 18:30:07+08:00,5298539854561642,陈晓在大生意人里状态超级好！而且大生意人还是🐑8古装史冠！值得一个提名！@微博智搜,1,10,1778769346116,江苏,5298543214724560,6887173967,晴天有时下小七,f,https://m.weibo.cn/u/6887173967?launchid=10000360-page_H5,"https://tvax2.sinaimg.cn/crop.0.0.1080.1080.180/007w5Sz5ly8ic3zhyq992j30u00u0taf.jpg?KID=imgbed,tva&Expires=1778780146&ssig=AnDVHBOw3R",search_comments_2026-05-14.csv,search_comment,陈晓在大生意人里状态超级好而且大生意人还是8古装史冠值得一个提名,True,False
5298488166581620,1778770283,2026-05-14 14:51:23+08:00,5298487647537368,怎么可以有那么没有食欲的饭呢？,19,1059,1778769363212,河南,5298488166581620,6511192106,11点就想睡-,f,https://m.weibo.cn/u/6511192106?launchid=10000360-page_H5,"https://tvax2.sinaimg.cn/crop.0.0.1080.1080.180/0076Eivwly8g9qoevmc3gj30u00u0wh5.jpg?KID=imgbed,tva&Expires=1778780163&ssig=QCOu3wGrrk",search_comments_2026-05-14.csv,search_comment,怎么可以有那么没有食欲的饭呢,True,False
5298585488591839,1778793486,2026-05-14 21:18:06+08:00,5298487647537368,去KTV吃饭人能不能减肥不知道，钱包是肯定减肥了#想减肥可以去KTV吃饭#,0,0,1778769363220,广东,5298585488591839,1744796061,圆兔公众号,m,https://m.weibo.cn/u/1744796061?launchid=10000360-page_H5,"https://tvax2.sinaimg.cn/crop.2.0.318.318.180/67ff799dly1gf89gbcgvej208z08umzj.jpg?KID=imgbed,tva&Expires=1778780163&ssig=bVL2SxLoVh",search_comments_2026-05-14.csv,search_comment,去KTV吃饭人能不能减肥不知道钱包是肯定减肥了,True,False
5298587613271712,1778793993,2026-05-14 21:26:33+08:00,5298487647537368,但是我们贵州的KTV真的非常美味,0,0,1778769363229,贵州,5298587613271712,5307049783,J希安娜,f,https://m.weibo.cn/u/5307049783?launchid=10000360-page_H5,"https://tvax3.sinaimg.cn/crop.0.0.996.996.180/005N9Q59ly8gdjfphsyo2j30ro0rowgl.jpg?KID=imgbed,tva&Expires=1778780163&ssig=RlOoAxwQNV",search_comments_2026-05-14.csv,search_comment,但是我们贵州的KTV真的非常美味,True,False
5298593409799317,1778795375,2026-05-14 21:49:35+08:00,5298591956205905,这个应该是往那块去唱歌吧？,0,0,1778769369666,北京,5298593409799317,7827656076,米粒56锦鲤,f,https://m.weibo.cn/u/7827656076?launchid=10000360-page_H5,"https://tvax3.sinaimg.cn/crop.0.0.935.935.180/008xK2Vmly8hi4ajep3evj30pz0pz75h.jpg?KID=imgbed,tva&Expires=1778780169&ssig=j%2F8%2BpcSJsR",search_comments_2026-05-14.csv,search_comment,这个应该是往那块去唱歌吧,True,False
5298594544092995,1778795645,2026-05-14 21:54:05+08:00,5298591956205905,KTV吃饭减肥不靠谱核心还是热量差,0,0,1778769369674,河北,5298594544092995,5599062735,不知名的呆毛1717,f,https://m.weibo.cn/u/5599062735?launchid=10000360-page_H5,"https://tvax3.sinaimg.cn/crop.0.0.1080.1080.180/0066V5Ztly8iasr0sc97cj30u00u0405.jpg?KID=imgbed,tva&Expires=1778780169&ssig=eIptAye10U",search_comments_2026-05-14.csv,search_comment,KTV吃饭减肥不靠谱核心还是热量差,True,False
5298592882361948,1778795249,2026-05-14 21:47:29+08:00,5298591956205905,ktv一般不是喝酒，吃点零食吗,0,0,1778769369684,安徽,5298592882361948,6232151771,素笺淡墨0807,f,https://m.weibo.cn/u/6232151771?launchid=10000360-page_H5,"https://tvax2.sinaimg.cn/crop.0.0.1080.1080.180/006NLtmXly8hcq5oor5a2j30u00u0772.jpg?KID=imgbed,tva&Expires=1778780169&ssig=Iv2oZm%2Fugn",search_comments_2026-05-14.csv,search_comment,ktv一般不是喝酒吃点零食吗,True,False
5298599027022409,1778796714,2026-05-14 22:11:54+08:00,5298597898751859,你喜欢去ktv吗,2,1,1778769376221,江苏,5298599027022409,6539010415,小猫亨叽叽,f,https://m.weibo.cn/u/6539010415?launchid=10000360-page_H5,"https://tvax3.sinaimg.cn/crop.0.0.1080.1080.180/0078x1jVly8id2zdg8em6j30u00u076e.jpg?KID=imgbed,tva&Expires=1778780176&ssig=OgWy503JRo",search_comments_2026-05-14.csv,search_comment,你喜欢去ktv吗,True,False
5298603979704220,1778797895,2026-05-14 22:31:35+08:00,5298597898751859,太幸福了吧值得推荐,1,1,1778769376236,安徽,5298603979704220,7916875777,Echoll1998,f,https://m.weibo.cn/u/7916875777?launchid=10000360-page_H5,"https://tvax1.sinaimg.cn/crop.0.0.1080.1080.180/008DMp2Nly8i8pdi9mczwj30u00u077l.jpg?KID=imgbed,tva&Expires=1778780176&ssig=igDzfRv9T3",search_comments_2026-05-14.csv,search_comment,太幸福了吧值得推荐,True,False
5298603993338213,1778797898,2026-05-14 22:31:38+08:00,5298597898751859,特别喜欢去ktv,1,1,1778769376248,山东,5298603993338213,6668166620,淚猫头,m,https://m.weibo.cn/u/6668166620?launchid=10000360-page_H5,"https://tvax3.sinaimg.cn/crop.0.0.1080.1080.180/007hgWKwly8icxrqxrv3ej30u00u0adf.jpg?KID=imgbed,tva&Expires=1778780176&ssig=KpOzV76FOV",search_comments_2026-05-14.csv,search_comment,特别喜欢去ktv,True,False
5298602331082165,1778797502,2026-05-14 22:25:02+08:00,5298597411422608,我天啊真的就是好厉害,0,0,1778769382673,山东,5298602331082165,7198036796,森挽崽崽,f,https://m.weibo.cn/u/7198036796?launchid=10000360-page_H5,"https://tvax2.sinaimg.cn/crop.0.0.1080.1080.180/007R8ebGly8ibr3nkrkfoj30u00u041f.jpg?KID=imgbed,tva&Expires=1778780182&ssig=MD5wmsVFYq",search_comments_2026-05-14.csv,search_comment,我天啊真的就是好厉害,True,False
5298602471592406,1778797535,2026-05-14 22:25:35+08:00,5298597411422608,真的假的，我试试去,0,0,1778769382684,浙江,5298602471592406,6433001288,甜之半夏_,f,https://m.weibo.cn/u/6433001288?launchid=10000360-page_H5,"https://tvax4.sinaimg.cn/crop.0.11.489.489.180/0071mdvily8i0gba30dy5j30dl0e8q31.jpg?KID=imgbed,tva&Expires=1778780182&ssig=sf%2BbK6lZ2O",search_comments_2026-05-14.csv,search_comment,真的假的我试试去,True,False
5298602261090871,1778797485,2026-05-14 22:24:45+08:00,5298597411422608,唱起歌来就发狠了,0,0,1778769382692,浙江,5298602261090871,7870262805,一糯金梨,f,https://m.weibo.cn/u/7870262805?launchid=10000360-page_H5,"https://tvax4.sinaimg.cn/crop.0.0.1080.1080.180/008ACOSFly8id56ggacokj30u00u0wgj.jpg?KID=imgbed,tva&Expires=1778780182&ssig=d3uzLjNiYb",search_comments_2026-05-14.csv,search_comment,唱起歌来就发狠了,True,False
5298602603711315,1778797567,2026-05-14 22:26:07+08:00,5298601060467103,哈哈真的太有意思,2,4,1778769389191,山东,5298602603711315,5249452329,梧桐王子213,m,https://m.weibo.cn/u/5249452329?launchid=10000360-page_H5,"https://tvax2.sinaimg.cn/crop.0.0.1080.1080.180/005JgalXly8i43dg991e1j30u00u0dgw.jpg?KID=imgbed,tva&Expires=1778780189&ssig=vc3SxZBSHX",search_comments_2026-05-14.csv,search_comment,哈哈真的太有意思,True,False
5298603270606162,1778797726,2026-05-14 22:28:46+08:00,5298601060467103,真减肥了吗？估计是一斤水分而已,1,3,1778769389196,北京,5298603270606162,6364556474,Jessiedu2020,f,https://m.weibo.cn/u/6364556474?launchid=10000360-page_H5,"https://tvax3.sinaimg.cn/crop.0.0.512.512.180/006WJ1SGly8go9d3wfuedj30e80e874l.jpg?KID=imgbed,tva&Expires=1778780189&ssig=WgJYZRbLyG",search_comments_2026-05-14.csv,search_comment,真减肥了吗估计是一斤水分而已,True,False
5298598744953219,1778796647,2026-05-14 22:10:47+08:00,5298598252384428,@微博智搜 总结一下,1,1,1778769395638,福建,5298598744953219,7383548435,天赋纯,m,https://m.weibo.cn/u/7383548435?launchid=10000360-page_H5,"https://tvax2.sinaimg.cn/crop.0.0.1080.1080.180/0083GCeTly8ick8mzodbej30u00u040h.jpg?KID=imgbed,tva&Expires=1778780195&ssig=hZDJWuwr4N",search_comments_2026-05-14.csv,search_comment, 总结一下,True,False
5298603088417623,1778797682,2026-05-14 22:28:02+08:00,5298598252384428,这个蓝紫光太没食欲了,0,0,1778769395643,浙江,5298603088417623,7581047303,软绻泪,m,https://m.weibo.cn/u/7581047303?launchid=10000360-page_H5,"https://tvax2.sinaimg.cn/crop.0.0.1080.1080.180/008h3iIvly8id3n8iitmij30u00u0jtw.jpg?KID=imgbed,tva&Expires=1778780195&ssig=GTx41HVA%2BE",search_comments_2026-05-14.csv,search_comment,这个蓝紫光太没食欲了,True,False
5298601602842693,1778797327,2026-05-14 22:22:07+08:00,5298598252384428,唱歌确实能帮助放松心情,0,0,1778769395651,福建,5298601602842693,7901305673,萌宠呆呆酱,f,https://m.weibo.cn/u/7901305673?launchid=10000360-page_H5,"https://tvax2.sinaimg.cn/crop.0.40.999.999.180/008CJ4y5ly8i0lkvjmht9j30rr0u0dik.jpg?KID=imgbed,tva&Expires=1778780195&ssig=xKtuFL4H4z",search_comments_2026-05-14.csv,search_comment,唱歌确实能帮助放松心情,True,False
5298597814082114,1778796425,2026-05-14 22:07:05+08:00,5298596534817918,闭着眼还是可以吃的,1,2,1778769402360,安徽,5298597814082114,6329377783,九号房客i,f,https://m.weibo.cn/u/6329377783?launchid=10000360-page_H5,"https://tvax1.sinaimg.cn/crop.0.0.1080.1080.180/006Ulqirly8id35530meij30u00u077d.jpg?KID=imgbed,tva&Expires=1778780202&ssig=%2FFr3RCRZ%2B6",search_comments_2026-05-14.csv,search_comment,闭着眼还是可以吃的,True,False
5298597746973946,1778796409,2026-05-14 22:06:49+08:00,5298596534817918,谁爱吃谁吃吧,1,2,1778769402373,安徽,5298597746973946,5662645359,-sleepycookie-,f,https://m.weibo.cn/u/5662645359?launchid=10000360-page_H5,"https://tvax2.sinaimg.cn/crop.0.0.1024.1024.180/006bdSJFly8icbcz8qqb6j30sg0sg0v3.jpg?KID=imgbed,tva&Expires=1778780202&ssig=FsKU4GC0wu",search_comments_2026-05-14.csv,search_comment,谁爱吃谁吃吧,True,False
5298601456832951,1778797293,2026-05-14 22:21:33+08:00,5298601095856236,有没有跟我一样去ktv疯狂吃东西的,0,0,1778769408787,浙江,5298601456832951,6577579937,樱弥仁子-,f,https://m.weibo.cn/u/6577579937?launchid=10000360-page_H5,"https://tvax2.sinaimg.cn/crop.0.0.1080.1080.180/007b8R0Zly8i8eaodqvfxj30u00u0tav.jpg?KID=imgbed,tva&Expires=1778780208&ssig=BhxpnSJRXV",search_comments_2026-05-14.csv,search_comment,有没有跟我一样去ktv疯狂吃东西的,True,False
5298604198857684,1778797947,2026-05-14 22:32:27+08:00,5298601095856236,哈哈哈这确实挺不错的呀,0,1,1778769408793,陕西,5298604198857684,7729362249,恶女训,m,https://m.weibo.cn/u/7729362249?launchid=10000360-page_H5,"https://tvax2.sinaimg.cn/crop.0.0.828.828.180/008r5Cd3ly8id3tqi1rdxj30n00n0wfi.jpg?KID=imgbed,tva&Expires=1778780208&ssig=1Z3iEoYw98",search_comments_2026-05-14.csv,search_comment,哈哈哈这确实挺不错的呀,True,False
5298604193350023,1778797945,2026-05-14 22:32:25+08:00,5298601095856236,哈哈哈看着好没有食欲,0,1,1778769408799,陕西,5298604193350023,6030886518,岱岱爱吃薯片RollsRoyce,f,https://m.weibo.cn/u/6030886518?launchid=10000360-page_H5,"https://tvax3.sinaimg.cn/crop.0.0.1080.1080.180/006A8Z5cly8i9hkjjfmjyj30u00u077l.jpg?KID=imgbed,tva&Expires=1778780208&ssig=QAmeskCFwk",search_comments_2026-05-14.csv,search_comment,哈哈哈看着好没有食欲,True,False
