comment_id,create_time,create_date_time,note_id,content,sub_comment_count,comment_like_count,last_modify_ts,ip_location,parent_comment_id,user_id,nickname,gender,profile_url,avatar,source_file,data_type,cleaned_content,is_meaningful,is_duplicate
5297371664879807,1778504088,2026-05-11 12:54:48+08:00,5297343323703993,第一部的剧情和演技都在线，第二部希望能延续这种高质量！,0,33,1778482588083,AI吃瓜罗伯特,5297371664879807,5606716867,吃瓜罗伯特,f,https://m.weibo.cn/u/5606716867?launchid=10000360-page_H5,"https://tvax1.sinaimg.cn/crop.0.0.921.921.180/0067rdbdly8ibrqhbg0vxj30pl0pl404.jpg?KID=imgbed,tva&Expires=1778493386&ssig=u9Em9Mys2u",search_comments_2026-05-11.csv,search_comment,第一部的剧情和演技都在线第二部希望能延续这种高质量,True,False
5297343725568109,1778497426,2026-05-11 11:03:46+08:00,5297343323703993,暗河传好看，第二部上来吧,0,168,1778482588086,山东,5297343725568109,7788238637,用户7788238637,m,https://m.weibo.cn/u/7788238637?launchid=10000360-page_H5,"https://tvax1.sinaimg.cn/crop.0.0.1080.1080.180/008v4EEdly8h699id3znxj30u00u0mxt.jpg?KID=imgbed,tva&Expires=1778493386&ssig=i%2FcaGl91l1",search_comments_2026-05-11.csv,search_comment,暗河传好看第二部上来吧,True,False
5297344100959538,1778497516,2026-05-11 11:05:16+08:00,5297343323703993,无龚俊不暗河，无苏暮雨不暗河，先来看《暗河传》《家事法庭》古装正剧都很顶,2,1062,1778482588091,江苏,5297344100959538,7387002425,唯爱Simon宝贝,f,https://m.weibo.cn/u/7387002425?launchid=10000360-page_H5,"https://tvax4.sinaimg.cn/crop.0.0.778.778.180/0083V6Mply8i9dw6ja0e4j30lm0lmgne.jpg?KID=imgbed,tva&Expires=1778493386&ssig=lUCH8OdRnJ",search_comments_2026-05-11.csv,search_comment,无龚俊不暗河无苏暮雨不暗河先来看暗河传家事法庭古装正剧都很顶,True,False
5297335571842600,1778495483,2026-05-11 10:31:23+08:00,5297323926094161,预约戳🔗超酷星剧会的优酷视频,26,402,1778482594553,北京,5297335571842600,1810176641,电视剧暗河传,m,https://m.weibo.cn/u/1810176641?launchid=10000360-page_H5,"https://tvax1.sinaimg.cn/crop.0.0.1079.1079.180/6be51a81ly8i55kwwet37j20tz0u0q5h.jpg?KID=imgbed,tva&Expires=1778493392&ssig=h6eJ75vsuY",search_comments_2026-05-11.csv,search_comment,预约戳超酷星剧会的优酷视频,True,False
5297328069285054,1778493694,2026-05-11 10:01:34+08:00,5297323926094161,暗河传还是太权威了至今仍未可知暗河传的播出效果超出了优酷多少预期，暗河传2官宣海报+文案only苏暮雨，苏暮雨伟大龚俊伟大！！！,2,3163,1778482594568,浙江,5297328069285054,5818909951,攻气包_,f,https://m.weibo.cn/u/5818909951?launchid=10000360-page_H5,"https://tvax3.sinaimg.cn/crop.0.0.1080.1080.180/006lNyijly8i995v4ikiyj30u00u0abx.jpg?KID=imgbed,tva&Expires=1778493392&ssig=UxIBSdvOT7",search_comments_2026-05-11.csv,search_comment,暗河传还是太权威了至今仍未可知暗河传的播出效果超出了优酷多少预期暗河传2官宣海报文案only苏暮雨苏暮雨伟大龚俊伟大,True,False
5297327824708172,1778493636,2026-05-11 10:00:36+08:00,5297323926094161,龚俊nb！把一个纳米ip带飞都开始立项第二部了，海报也是苏暮雨大男主概念，爽之,3,2536,1778482594570,上海,5297327824708172,5516794586,墨水瓶一只,f,https://m.weibo.cn/u/5516794586?launchid=10000360-page_H5,"https://tvax3.sinaimg.cn/crop.0.0.1080.1080.180/0061lUhQly8id0mkv6gdoj30u00u0acd.jpg?KID=imgbed,tva&Expires=1778493392&ssig=MSjv3MujFE",search_comments_2026-05-11.csv,search_comment,龚俊nb把一个纳米ip带飞都开始立项第二部了海报也是苏暮雨大男主概念爽之,True,False
5297393150984836,1778509211,2026-05-11 14:20:11+08:00,5297338077938121,评论区高度认可龚俊对苏暮雨的演绎，65%评论称赞其角色塑造权威性；25%急切期待第二季上线，呼吁加快官宣进度；10%建议提升制作质量，如优化镜头语言。整体情绪积极，聚焦主演表现与续作期待。继续提问戳-&gt;微博智搜,0,0,1778482601050,微博智搜AI生成,5297393150984836,7892270010,微博智搜,f,https://m.weibo.cn/u/7892270010?launchid=10000360-page_H5,"https://tvax2.sinaimg.cn/crop.0.0.1080.1080.180/008C79XAly8i5grzh416kj30u00u0t8z.jpg?KID=imgbed,tva&Expires=1778493399&ssig=hJ%2FsYi17ra",search_comments_2026-05-11.csv,search_comment,评论区高度认可龚俊对苏暮雨的演绎65评论称赞其角色塑造权威性25急切期待第二季上线呼吁加快官宣进度10建议提升制作质量如优化镜头语言整体情绪积极聚焦主演表现与续作期待继续提问戳gt微博智搜,True,False
5297338874858777,1778496270,2026-05-11 10:44:30+08:00,5297338077938121,龚俊苏暮雨太权威了,0,58,1778482601053,北京,5297338874858777,1848993677,你有一只小怪兽,f,https://m.weibo.cn/u/1848993677?launchid=10000360-page_H5,"https://tvax1.sinaimg.cn/crop.0.0.1080.1080.180/6e35678dly8ic7e5qo5zij20u00u0q71.jpg?KID=imgbed,tva&Expires=1778493399&ssig=NLPmFmqY84",search_comments_2026-05-11.csv,search_comment,龚俊苏暮雨太权威了,True,False
5297338522534804,1778496186,2026-05-11 10:43:06+08:00,5297338077938121,龚俊牛逼！！！龚俊苏暮雨牛逼,0,43,1778482601055,江苏,5297338522534804,7575515404,今天还不错-_,f,https://m.weibo.cn/u/7575515404?launchid=10000360-page_H5,"https://tvax2.sinaimg.cn/crop.0.0.1080.1080.180/008gG5Ckly8ibidp7w9z9j30u00u0tav.jpg?KID=imgbed,tva&Expires=1778493399&ssig=Tvy6dCQOG0",search_comments_2026-05-11.csv,search_comment,龚俊牛逼龚俊苏暮雨牛逼,True,False
5297360947386067,1778501533,2026-05-11 12:12:13+08:00,5297360092791267,龚俊还是太扛剧了，纳米级的ip都扛爆了，都画饼出第二部了无论大男主龚俊有没有档期，永远拥护苏暮雨的巨男主地位！,0,10,1778482607463,辽宁,5297360947386067,5726614621,我要反pua,f,https://m.weibo.cn/u/5726614621?launchid=10000360-page_H5,"https://tvax2.sinaimg.cn/crop.0.0.1080.1080.180/006fyi3Xly8iazfgj6ztkj30u00u0gop.jpg?KID=imgbed,tva&Expires=1778493405&ssig=5AI6zQZCvp",search_comments_2026-05-11.csv,search_comment,龚俊还是太扛剧了纳米级的ip都扛爆了都画饼出第二部了无论大男主龚俊有没有档期永远拥护苏暮雨的巨男主地位,True,False
5297365909242797,1778502716,2026-05-11 12:31:56+08:00,5297360092791267,龚俊苏暮雨靠一场场打戏把暗河传带出圈,0,7,1778482607467,广东,5297365909242797,7874106425,嫒瑷嫒暧,f,https://m.weibo.cn/u/7874106425?launchid=10000360-page_H5,"https://tvax2.sinaimg.cn/crop.0.0.1080.1080.180/008ASWMxly8i8yliuvykaj30u00u0wgl.jpg?KID=imgbed,tva&Expires=1778493405&ssig=SqQHdxThPz",search_comments_2026-05-11.csv,search_comment,龚俊苏暮雨靠一场场打戏把暗河传带出圈,True,False
5297339994736931,1778496537,2026-05-11 10:48:57+08:00,5297339585530658,嗯 结论就是龚俊一人带飞纳米ip,0,90,1778482613832,北京,5297339994736931,1863350080,Superrrrr__S,f,https://m.weibo.cn/u/1863350080?launchid=10000360-page_H5,"https://tvax1.sinaimg.cn/crop.0.0.350.350.180/6f107740ly8hkd2l1crs2j209q09qglu.jpg?KID=imgbed,tva&Expires=1778493411&ssig=icA7eVeo0R",search_comments_2026-05-11.csv,search_comment,嗯 结论就是龚俊一人带飞纳米ip,True,False
5297349669685395,1778498844,2026-05-11 11:27:24+08:00,5297339585530658,卧槽龚俊牛逼啊，连拍三部大男主。龚俊苏暮雨把暗河传带飞成大ip。复仇大男主白衣公卿暑假上映，古龙武侠大男主陆小凤在拍,0,11,1778482613837,广东,5297349669685395,5584003187,别人与我2号,m,https://m.weibo.cn/u/5584003187?launchid=10000360-page_H5,"https://tvax2.sinaimg.cn/crop.0.0.1080.1080.180/0065TUjxly8ib96azjt17j30u00u0wfy.jpg?KID=imgbed,tva&Expires=1778493411&ssig=b4c%2F9EtzYy",search_comments_2026-05-11.csv,search_comment,卧槽龚俊牛逼啊连拍三部大男主龚俊苏暮雨把暗河传带飞成大ip复仇大男主白衣公卿暑假上映古龙武侠大男主陆小凤在拍,True,False
5297350440392268,1778499028,2026-05-11 11:30:28+08:00,5297339585530658,龚俊苏暮雨大男主牛逼啊，一个人带火纳米ip《暗河传》单开族谱，,0,61,1778482613841,浙江,5297350440392268,7383802476,俊味仙乐园1129,f,https://m.weibo.cn/u/7383802476?launchid=10000360-page_H5,"https://tvax2.sinaimg.cn/crop.0.0.1080.1080.180/0083HGkkly8iavybcw9c2j30u00u0wjq.jpg?KID=imgbed,tva&Expires=1778493411&ssig=8zzreLMoeI",search_comments_2026-05-11.csv,search_comment,龚俊苏暮雨大男主牛逼啊一个人带火纳米ip暗河传单开族谱,True,False
5297360566749551,1778501442,2026-05-11 12:10:42+08:00,5297360345235468,#暗河传2官宣#龚俊还是太伟大了,0,42,1778482620248,四川,5297360566749551,3056272630,一个果几,m,https://m.weibo.cn/u/3056272630?launchid=10000360-page_H5,"https://tvax1.sinaimg.cn/crop.0.0.1080.1080.180/b62b04f6ly8i11l1uqe5lj20u00u0q38.jpg?KID=imgbed,tva&Expires=1778493418&ssig=brO0OByMoV",search_comments_2026-05-11.csv,search_comment,龚俊还是太伟大了,True,False
5297368767138504,1778503397,2026-05-11 12:43:17+08:00,5297360345235468,龚俊大男主很忙，把剧本写好是关键,0,0,1778482620253,上海,5297368767138504,7569947357,温客行在心中2021,f,https://m.weibo.cn/u/7569947357?launchid=10000360-page_H5,"https://tvax1.sinaimg.cn/crop.0.0.1080.1080.180/008giJ77ly8ibhs0tgfurj30u00u0djl.jpg?KID=imgbed,tva&Expires=1778493418&ssig=HvwEDxOTIa",search_comments_2026-05-11.csv,search_comment,龚俊大男主很忙把剧本写好是关键,True,False
5297367622354589,1778503124,2026-05-11 12:38:44+08:00,5297360345235468,喜欢龚俊苏暮雨人之常情,0,1,1778482620256,山东,5297367622354589,7607793024,东方琪琪V,f,https://m.weibo.cn/u/7607793024?launchid=10000360-page_H5,"https://tvax1.sinaimg.cn/crop.0.0.1080.1080.180/008iRwv6ly8ibgqhckhehj30u00u0gn7.jpg?KID=imgbed,tva&Expires=1778493418&ssig=2%2BjMt3B1Tz",search_comments_2026-05-11.csv,search_comment,喜欢龚俊苏暮雨人之常情,True,False
5297402203603485,1778511369,2026-05-11 14:56:09+08:00,5297401686657856,原班人马回归，这波是情怀拉满了！期待龚俊再次演绎苏暮雨，暗河传2必火  （吃瓜罗伯特悄悄话：听说这次还有新角色加入，剧情更丰富哦~）,0,0,1778482643820,AI吃瓜罗伯特,5297402203603485,5606716867,吃瓜罗伯特,f,https://m.weibo.cn/u/5606716867?launchid=10000360-page_H5,"https://tvax1.sinaimg.cn/crop.0.0.921.921.180/0067rdbdly8ibrqhbg0vxj30pl0pl404.jpg?KID=imgbed,tva&Expires=1778493441&ssig=lh6BbJswZi",search_comments_2026-05-11.csv,search_comment,原班人马回归这波是情怀拉满了期待龚俊再次演绎苏暮雨暗河传2必火  吃瓜罗伯特悄悄话听说这次还有新角色加入剧情更丰富哦,True,False
5297297864787632,1778486493,2026-05-11 08:01:33+08:00,5297295734082077,@千问 贾跃亭亲自掌舵，能给 FF 带来实质性改变吗？,12,50,1778482670753,浙江,5297297864787632,3487624370,丫丫丫丫头唯一,f,https://m.weibo.cn/u/3487624370?launchid=10000360-page_H5,"https://tvax1.sinaimg.cn/crop.0.0.1080.1080.180/cfe0ecb2ly8geymfhnc4yj20u00u0td7.jpg?KID=imgbed,tva&Expires=1778493468&ssig=6VAnKvuaIQ",search_comments_2026-05-11.csv,search_comment, 贾跃亭亲自掌舵能给 FF 带来实质性改变吗,True,False
5297360129234498,1778501338,2026-05-11 12:08:58+08:00,5297295734082077,评论区对贾跃亭重掌FF并转型“物理AI”的反应两极分化：45%质疑其造车承诺12年未兑现及债务问题，嘲讽为“PPT造车”；30%认为转型机器人是蹭热点，缺乏技术积累；15%关注股价短期上涨但担忧家族化治理；10%理性声音强调需观望机器人交付...查看全部戳-&gt;微博智搜,0,8,1778482670757,微博智搜AI生成,5297360129234498,7892270010,微博智搜,f,https://m.weibo.cn/u/7892270010?launchid=10000360-page_H5,"https://tvax2.sinaimg.cn/crop.0.0.1080.1080.180/008C79XAly8i5grzh416kj30u00u0t8z.jpg?KID=imgbed,tva&Expires=1778493468&ssig=Q%2BRAUevtnp",search_comments_2026-05-11.csv,search_comment,评论区对贾跃亭重掌FF并转型物理AI的反应两极分化45质疑其造车承诺12年未兑现及债务问题嘲讽为PPT造车30认为转型机器人是蹭热点缺乏技术积累15关注股价短期上涨但担忧家族化治理10理性声音强调需观望机器人交付查看全部戳gt微博智搜,True,False
5297345808045082,1778497923,2026-05-11 11:12:03+08:00,5297295734082077,怎么不说全宇宙ceo,12,424,1778482670761,浙江,5297345808045082,7549332955,在马儿呢看看,m,https://m.weibo.cn/u/7549332955?launchid=10000360-page_H5,"https://tvax2.sinaimg.cn/crop.0.0.1080.1080.180/008eUemLly8gz75h7mzd7j30u00u0q53.jpg?KID=imgbed,tva&Expires=1778493468&ssig=gYgrUCbZQ%2F",search_comments_2026-05-11.csv,search_comment,怎么不说全宇宙ceo,True,False
5297315478242075,1778490692,2026-05-11 09:11:32+08:00,5297289931000321,车又没了，大哥，在国内你这信用微粒贷都不给你放款的,0,25,1778482677200,四川,5297315478242075,2730320431,记得忘记57,m,https://m.weibo.cn/u/2730320431?launchid=10000360-page_H5,"https://tva1.sinaimg.cn/crop.0.0.180.180.180/a2bd622fjw1e8qgp5bmzyj2050050aa8.jpg?KID=imgbed,tva&Expires=1778493475&ssig=BRuMLiJGRE",search_comments_2026-05-11.csv,search_comment,车又没了大哥在国内你这信用微粒贷都不给你放款的,True,False
5297292137726548,1778485127,2026-05-11 07:38:47+08:00,5297289931000321,视频里我看到亮亮了，这意思是汽车业务放弃了？,2,3,1778482677205,内蒙古,5297292137726548,2589204965,高彦飞农民,m,https://m.weibo.cn/u/2589204965?launchid=10000360-page_H5,"https://tva1.sinaimg.cn/crop.0.0.511.511.180/9a5421e5jw8enyzwgtkcoj20e70e8dgd.jpg?KID=imgbed,tva&Expires=1778493475&ssig=t%2FZF4T8AFb",search_comments_2026-05-11.csv,search_comment,视频里我看到亮亮了这意思是汽车业务放弃了,True,False
5297303082767855,1778487737,2026-05-11 08:22:17+08:00,5297289931000321,汽车又不弄了？,1,8,1778482677206,江苏,5297303082767855,1844655412,小刚同学GG,m,https://m.weibo.cn/u/1844655412?launchid=10000360-page_H5,"https://tvax4.sinaimg.cn/crop.0.0.500.500.180/6df33534ly8i6eajawufij20dw0dw0ty.jpg?KID=imgbed,tva&Expires=1778493475&ssig=qx8WhpHYq2",search_comments_2026-05-11.csv,search_comment,汽车又不弄了,True,False
5297379259450734,1778505899,2026-05-11 13:24:59+08:00,5297351843383552,法拉第生产几辆车了,1,8,1778482683613,北京,5297379259450734,1960769341,haiwanjinglei,m,https://m.weibo.cn/u/1960769341?launchid=10000360-page_H5,"https://tvax1.sinaimg.cn/crop.0.0.512.512.180/74def73dly8fon7j9tdyyj20e80e80tq.jpg?KID=imgbed,tva&Expires=1778493481&ssig=yLtRLLvti%2B",search_comments_2026-05-11.csv,search_comment,法拉第生产几辆车了,True,False
5297359854241081,1778501272,2026-05-11 12:07:52+08:00,5297351843383552,我并不看好他,0,0,1778482683615,浙江,5297359854241081,1112339441,晓看天色暮看雲霞,m,https://m.weibo.cn/u/1112339441?launchid=10000360-page_H5,"https://tva3.sinaimg.cn/crop.0.0.339.339.180/424cf3f1gw1ep6cuhar6aj209g09g756.jpg?KID=imgbed,tva&Expires=1778493481&ssig=X%2F4k0S1sTy",search_comments_2026-05-11.csv,search_comment,我并不看好他,True,False
5297352311308305,1778499473,2026-05-11 11:37:53+08:00,5297351843383552,下周回国吗,0,2,1778482683618,广东,5297352311308305,1400909210,Meta老肖,m,https://m.weibo.cn/u/1400909210?launchid=10000360-page_H5,"https://tvax2.sinaimg.cn/crop.0.0.1000.1000.180/53802d9aly8hmk19xk2caj20rs0rsjv2.jpg?KID=imgbed,tva&Expires=1778493481&ssig=2dKGWYJ2eZ",search_comments_2026-05-11.csv,search_comment,下周回国吗,True,False
5297353100628055,1778499662,2026-05-11 11:41:02+08:00,5297352558775775,老赖为什么能走到这样的高度？,1,5,1778482690020,山东,5297353100628055,5209764359,雷霆哈啦少6,f,https://m.weibo.cn/u/5209764359?launchid=10000360-page_H5,"https://tvax4.sinaimg.cn/crop.0.0.1080.1080.180/005GzDHply8i90yvj8x4vj30u00u0jtb.jpg?KID=imgbed,tva&Expires=1778493488&ssig=4moGwYm%2Fka",search_comments_2026-05-11.csv,search_comment,老赖为什么能走到这样的高度,True,False
5297353426997370,1778499740,2026-05-11 11:42:20+08:00,5297352558775775,了解一下情况,1,1,1778482690023,广西,5297353426997370,3548757760,像你像我吧,f,https://m.weibo.cn/u/3548757760?launchid=10000360-page_H5,"https://tvax3.sinaimg.cn/crop.0.0.996.996.180/d385bf00ly8grgj7p7sq9j20ro0rodii.jpg?KID=imgbed,tva&Expires=1778493488&ssig=X1XB0LfmwM",search_comments_2026-05-11.csv,search_comment,了解一下情况,True,False
5297361400368912,1778501641,2026-05-11 12:14:01+08:00,5297361175186331,贾跃亭回国永远成了一个传说,4,11,1778482696683,广东,5297361400368912,7949528298,萧瑟回首平生烟雨,m,https://m.weibo.cn/u/7949528298?launchid=10000360-page_H5,"https://tvax4.sinaimg.cn/crop.0.0.1080.1080.180/008FZpsmly8ic2p4uzpq7j30u00u0goi.jpg?KID=imgbed,tva&Expires=1778493494&ssig=kDFSQV9But",search_comments_2026-05-11.csv,search_comment,贾跃亭回国永远成了一个传说,True,False
5297361271129510,1778501610,2026-05-11 12:13:30+08:00,5297361175186331,他以前不是ceo吗？,0,3,1778482696687,安徽,5297361271129510,5625606819,满汉全席鸡屁股,f,https://m.weibo.cn/u/5625606819?launchid=10000360-page_H5,"https://tvax2.sinaimg.cn/crop.0.0.1079.1079.180/0068ItjRly8i7bl3qcmwyj30tz0u0wgc.jpg?KID=imgbed,tva&Expires=1778493494&ssig=HzB1Gxk86b",search_comments_2026-05-11.csv,search_comment,他以前不是ceo吗,True,False
5297361416882385,1778501645,2026-05-11 12:14:05+08:00,5297361175186331,这不是用长城魔改了么,3,6,1778482696691,广东,5297361416882385,7569297449,积木木屋,m,https://m.weibo.cn/u/7569297449?launchid=10000360-page_H5,"https://tvax1.sinaimg.cn/crop.0.0.479.479.180/008gg02Jly8i5masimtpjj30db0dbmx7.jpg?KID=imgbed,tva&Expires=1778493494&ssig=xJAjS1KykV",search_comments_2026-05-11.csv,search_comment,这不是用长城魔改了么,True,False
5297401762156865,1778511264,2026-05-11 14:54:24+08:00,5297401598576712,看到英特尔涨成这样，好希望贾跃亭带我们致富,1,1,1778482703110,四川,5297401762156865,1915878710,大老客大大,m,https://m.weibo.cn/u/1915878710?launchid=10000360-page_H5,"https://tvax3.sinaimg.cn/crop.168.47.360.360.180/7231fd36gy1gkopaxjfrej20go0ci42c.jpg?KID=imgbed,tva&Expires=1778493501&ssig=VcOJh%2Fqvfi",search_comments_2026-05-11.csv,search_comment,看到英特尔涨成这样好希望贾跃亭带我们致富,True,False
5297100235476070,1778439374,2026-05-10 18:56:14+08:00,5297099675536188,实不相瞒，我曾经想过如果有人天天给我做好吃的减脂餐，我一定能减肥成功的,57,3507,1778482750317,天津,5297100235476070,7562189689,llemonadesoda,m,https://m.weibo.cn/u/7562189689?launchid=10000360-page_H5,"https://tvax3.sinaimg.cn/crop.0.0.512.512.180/008fMaZrly8i9u5lhokvfj30e80e83z2.jpg?KID=imgbed,tva&Expires=1778493548&ssig=5YnQFiLFKv",search_comments_2026-05-11.csv,search_comment,实不相瞒我曾经想过如果有人天天给我做好吃的减脂餐我一定能减肥成功的,True,False
5297101061752781,1778439571,2026-05-10 18:59:31+08:00,5297099675536188,感觉村驴老师在减脂餐这个赛道也会是一骑绝尘，p1左下角那大白菜看着就比一般的减脂餐香,0,529,1778482750323,上海,5297101061752781,6407885138,抓猪大队队长,f,https://m.weibo.cn/u/6407885138?launchid=10000360-page_H5,"https://tvax2.sinaimg.cn/crop.0.0.664.664.180/006ZEPE6ly8gr0tu6cibqj30ig0igdgi.jpg?KID=imgbed,tva&Expires=1778493548&ssig=26qMQz1PMW",search_comments_2026-05-11.csv,search_comment,感觉村驴老师在减脂餐这个赛道也会是一骑绝尘p1左下角那大白菜看着就比一般的减脂餐香,True,False
5297101032392607,1778439564,2026-05-10 18:59:24+08:00,5297099675536188,这是一期减脂餐的保姆级教程,15,2491,1778482750327,山东,5297101032392607,7984470161,烫手芋泥,f,https://m.weibo.cn/u/7984470161?launchid=10000360-page_H5,"https://tvax4.sinaimg.cn/crop.0.0.1024.1024.180/008Im1qNly8i9z35pkcy9j30sg0sgjty.jpg?KID=imgbed,tva&Expires=1778493548&ssig=%2FgufPh%2FjBb",search_comments_2026-05-11.csv,search_comment,这是一期减脂餐的保姆级教程,True,False
5297385995766786,1778507505,2026-05-11 13:51:45+08:00,5297384563150616,真的一做就会,0,5,1778482756834,江西,5297385995766786,6573213932,瞳色化在蓝漩涡里,m,https://m.weibo.cn/u/6573213932?launchid=10000360-page_H5,"https://tvax2.sinaimg.cn/crop.0.0.1080.1080.180/007aQxdyly8ich7fly9ycj30u00u0goo.jpg?KID=imgbed,tva&Expires=1778493554&ssig=Z%2BUzDJRjAW",search_comments_2026-05-11.csv,search_comment,真的一做就会,True,False
5297386449802199,1778507613,2026-05-11 13:53:33+08:00,5297384563150616,按照村驴做出来的真的好吃,0,1,1778482756836,新疆,5297386449802199,7407372074,小仪在线摸鱼,f,https://m.weibo.cn/u/7407372074?launchid=10000360-page_H5,"https://tvax2.sinaimg.cn/crop.0.0.1080.1080.180/0085izR8ly8icurwff6haj30u00u078f.jpg?KID=imgbed,tva&Expires=1778493554&ssig=24VKGe37cG",search_comments_2026-05-11.csv,search_comment,按照村驴做出来的真的好吃,True,False
5297386332881274,1778507584,2026-05-11 13:53:04+08:00,5297384563150616,我也很喜欢看她的视频，真正的保姆级教程,0,1,1778482756838,广东,5297386332881274,5943017518,候鸟书,f,https://m.weibo.cn/u/5943017518?launchid=10000360-page_H5,"https://tvax3.sinaimg.cn/crop.0.0.1080.1080.180/006ucilgly8ica2tjkejhj30u00u00wg.jpg?KID=imgbed,tva&Expires=1778493554&ssig=326W%2BmJ2SO",search_comments_2026-05-11.csv,search_comment,我也很喜欢看她的视频真正的保姆级教程,True,False
5297385039464904,1778507277,2026-05-11 13:47:57+08:00,5297384243857537,感觉嫩嫩的下次试试,1,4,1778482763255,福建,5297385039464904,6975709059,麻婆番茄,f,https://m.weibo.cn/u/6975709059?launchid=10000360-page_H5,"https://tvax3.sinaimg.cn/crop.0.0.1080.1080.180/007C5mArly8ibcecwu16oj30u00u0jso.jpg?KID=imgbed,tva&Expires=1778493561&ssig=NYZZky5ypo",search_comments_2026-05-11.csv,search_comment,感觉嫩嫩的下次试试,True,False
5297384940634239,1778507252,2026-05-11 13:47:32+08:00,5297384243857537,看着就好吃啊学起来做起来,1,4,1778482763259,江苏,5297384940634239,7305612447,水泥努努包,f,https://m.weibo.cn/u/7305612447?launchid=10000360-page_H5,"https://tvax2.sinaimg.cn/crop.0.0.1080.1080.180/007YpBwPly8i9e6z1f964j30u00u0jrr.jpg?KID=imgbed,tva&Expires=1778493561&ssig=LI%2BYWM%2FndM",search_comments_2026-05-11.csv,search_comment,看着就好吃啊学起来做起来,True,False
5297385813315110,1778507461,2026-05-11 13:51:01+08:00,5297384243857537,看着好美味啊等会去试试,0,2,1778482763262,江西,5297385813315110,6996287368,知岛了咪,f,https://m.weibo.cn/u/6996287368?launchid=10000360-page_H5,"https://tvax1.sinaimg.cn/crop.0.0.1080.1080.180/007DtHWEly8iczgkuoxrij30u00u0djz.jpg?KID=imgbed,tva&Expires=1778493561&ssig=eilUnN6WhV",search_comments_2026-05-11.csv,search_comment,看着好美味啊等会去试试,True,False
5297392899329876,1778509151,2026-05-11 14:19:11+08:00,5297380899688035,白皮肌肉就是最顶的,1,0,1778482769714,北京,5297392899329876,9125500771,生爾为龍,m,https://m.weibo.cn/u/9125500771?launchid=10000360-page_H5,"https://tvax2.sinaimg.cn/crop.0.0.1080.1080.180/009XzFCjly8ic8lul0sf3j30u00u0gny.jpg?KID=imgbed,tva&Expires=1778493567&ssig=rca8750R9D",search_comments_2026-05-11.csv,search_comment,白皮肌肉就是最顶的,True,False
5297388002478228,1778507983,2026-05-11 13:59:43+08:00,5297387083928013,感觉真的很好吃,0,0,1778482776127,山东,5297388002478228,6784276990,述春来,f,https://m.weibo.cn/u/6784276990?launchid=10000360-page_H5,"https://tvax2.sinaimg.cn/crop.0.0.388.388.180/007p88mqly8id0q0b0bg7j30as0as3yl.jpg?KID=imgbed,tva&Expires=1778493574&ssig=FhQUygCZSl",search_comments_2026-05-11.csv,search_comment,感觉真的很好吃,True,False
5297387623154515,1778507893,2026-05-11 13:58:13+08:00,5297387083928013,终于有教程了可以在宿舍做这吃啦,0,0,1778482776129,四川,5297387623154515,7483128484,刹诫书,f,https://m.weibo.cn/u/7483128484?launchid=10000360-page_H5,"https://tvax1.sinaimg.cn/crop.0.0.1080.1080.180/008aqryIly8ic9onr41zoj30u00u0gpf.jpg?KID=imgbed,tva&Expires=1778493574&ssig=zjbfqKfRCB",search_comments_2026-05-11.csv,search_comment,终于有教程了可以在宿舍做这吃啦,True,False
5297387468754509,1778507856,2026-05-11 13:57:36+08:00,5297387083928013,煎完怎么看着和荷包蛋一样,0,0,1778482776131,浙江,5297387468754509,7845843393,祀空域,m,https://m.weibo.cn/u/7845843393?launchid=10000360-page_H5,"https://tvax3.sinaimg.cn/crop.0.0.1080.1080.180/008yYmhbly8icq1lrj3tyj30u00u0whs.jpg?KID=imgbed,tva&Expires=1778493574&ssig=NJlKogvSvy",search_comments_2026-05-11.csv,search_comment,煎完怎么看着和荷包蛋一样,True,False
5297392479897882,1778509051,2026-05-11 14:17:31+08:00,5297392326544814,你觉得村驴老师做的菜好吃吗,2,1,1778482782608,湖北,5297392479897882,7238334001,姝慧子茗,f,https://m.weibo.cn/u/7238334001?launchid=10000360-page_H5,"https://tvax1.sinaimg.cn/crop.0.0.1080.1080.180/007TRjkBly8ic79yzkdhyj30u00u0ae8.jpg?KID=imgbed,tva&Expires=1778493580&ssig=WnxYkrAflZ",search_comments_2026-05-11.csv,search_comment,你觉得村驴老师做的菜好吃吗,True,False
5297393870048628,1778509382,2026-05-11 14:23:02+08:00,5297392326544814,感觉不错哎,1,0,1778482782611,天津,5297393870048628,7519597820,半山见黎,f,https://m.weibo.cn/u/7519597820?launchid=10000360-page_H5,"https://tvax1.sinaimg.cn/crop.0.0.1080.1080.180/008cTsTOly8icyb8199hbj30u00u00wh.jpg?KID=imgbed,tva&Expires=1778493580&ssig=7a9vq7K%2Bf7",search_comments_2026-05-11.csv,search_comment,感觉不错哎,True,False
5297391517303108,1778508820,2026-05-11 14:13:40+08:00,5297385263858401,减脂餐做的好吃，多吃也不会胖吗,1,0,1778482788940,河北,5297391517303108,5312163974,赏优集,m,https://m.weibo.cn/u/5312163974?launchid=10000360-page_H5,"https://tvax4.sinaimg.cn/crop.0.0.1080.1080.180/005Nviw6ly8id0fpkj75wj30u00u0who.jpg?KID=imgbed,tva&Expires=1778493587&ssig=8N%2B7FE%2FCqB",search_comments_2026-05-11.csv,search_comment,减脂餐做的好吃多吃也不会胖吗,True,False
5297386696216047,1778507672,2026-05-11 13:54:32+08:00,5297385263858401,夏天了真的得减肥了,0,0,1778482788944,浙江,5297386696216047,5287984174,多米鱼贝贝,f,https://m.weibo.cn/u/5287984174?launchid=10000360-page_H5,"https://tvax1.sinaimg.cn/crop.0.0.480.480.180/005LRQfkly8i62ms3i60gj30dc0dct8x.jpg?KID=imgbed,tva&Expires=1778493587&ssig=DxERcH0QSQ",search_comments_2026-05-11.csv,search_comment,夏天了真的得减肥了,True,False
5297392070951163,1778508952,2026-05-11 14:15:52+08:00,5297385263858401,真的减脂吗？看着好好吃,0,0,1778482788947,河南,5297392070951163,7774208080,恋惟語,f,https://m.weibo.cn/u/7774208080?launchid=10000360-page_H5,"https://tvax4.sinaimg.cn/crop.0.0.1080.1080.180/008u7MEUly8iapjryw2l9j30u00u0q60.jpg?KID=imgbed,tva&Expires=1778493587&ssig=w1TfAvMupg",search_comments_2026-05-11.csv,search_comment,真的减脂吗看着好好吃,True,False
5297384202700754,1778507077,2026-05-11 13:44:37+08:00,5297383801880648,大家有吃过她这个减脂餐吗,1,1,1778482795321,湖北,5297384202700754,7309024079,吃一口小肉之,m,https://m.weibo.cn/u/7309024079?launchid=10000360-page_H5,"https://tvax3.sinaimg.cn/crop.0.0.1080.1080.180/007YDV39ly8id0h288w3vj30u00u0mzx.jpg?KID=imgbed,tva&Expires=1778493593&ssig=0pNckH2bT6",search_comments_2026-05-11.csv,search_comment,大家有吃过她这个减脂餐吗,True,False
5297187207776352,1778460109,2026-05-11 00:41:49+08:00,5297186978137717,太棒啦楚钦！赢下26岁的第一场球，一年都会顺顺的～祝福你！,1,114,1778482818772,广东,5297187207776352,5082289389,暂且是赫海,f,https://m.weibo.cn/u/5082289389?launchid=10000360-page_H5,"https://tvax1.sinaimg.cn/crop.0.0.1080.1080.180/005xWLDvly8id0vd44y10j30u00u0jux.jpg?KID=imgbed,tva&Expires=1778493616&ssig=HShpFgZctX",search_comments_2026-05-11.csv,search_comment,太棒啦楚钦赢下26岁的第一场球一年都会顺顺的祝福你,True,False
5297187560623136,1778460194,2026-05-11 00:43:14+08:00,5297186978137717,楚帝生日快乐,1,32,1778482818775,江西,5297187560623136,7609425055,一口炫七杯椰汁,f,https://m.weibo.cn/u/7609425055?launchid=10000360-page_H5,"https://tvax2.sinaimg.cn/crop.0.0.1080.1080.180/008iYn4bly8iczudplab9j30u00u0di2.jpg?KID=imgbed,tva&Expires=1778493616&ssig=5k8ruDKZZp",search_comments_2026-05-11.csv,search_comment,楚帝生日快乐,True,False
5297386251357999,1778507566,2026-05-11 13:52:46+08:00,5297353180842501,高兴是终于下班啦,1,0,1778482825191,福建,5297386251357999,7755001161,用户7755001161,f,https://m.weibo.cn/u/7755001161?launchid=10000360-page_H5,"https://tvax1.sinaimg.cn/default/images/default_avatar_female_180.gif?KID=imgbed,tva&Expires=1778493623&ssig=D990N3K7pr",search_comments_2026-05-11.csv,search_comment,高兴是终于下班啦,True,False
5297375216407655,1778504935,2026-05-11 13:08:55+08:00,5297345841335106,评论区围绕中国男乒夺冠热烈讨论，主要聚焦三点：一是王楚钦击败赛前放言的松岛辉空，被赞“实力打脸”，观众直呼解气；二是教练王皓的激动庆祝和队友户上隼辅的憋笑表情成为亮点，增添戏剧性；三是有声音质疑对手傲慢及赛事规则。整体氛围欢腾，胜利场面成为...查看全部戳-&gt;微博智搜,0,0,1778482831659,微博智搜AI生成,5297375216407655,7892270010,微博智搜,f,https://m.weibo.cn/u/7892270010?launchid=10000360-page_H5,"https://tvax2.sinaimg.cn/crop.0.0.1080.1080.180/008C79XAly8i5grzh416kj30u00u0t8z.jpg?KID=imgbed,tva&Expires=1778493629&ssig=9oQvrSgyag",search_comments_2026-05-11.csv,search_comment,评论区围绕中国男乒夺冠热烈讨论主要聚焦三点一是王楚钦击败赛前放言的松岛辉空被赞实力打脸观众直呼解气二是教练王皓的激动庆祝和队友户上隼辅的憋笑表情成为亮点增添戏剧性三是有声音质疑对手傲慢及赛事规则整体氛围欢腾胜利场面成为查看全部戳gt微博智搜,True,False
5297351096797504,1778499184,2026-05-11 11:33:04+08:00,5297345841335106,这小子抗住了呢   王皓这状态宛如亲爹了,0,1,1778482831662,山东,5297351096797504,7722304512,少帅嫂子又跑了01,f,https://m.weibo.cn/u/7722304512?launchid=10000360-page_H5,"https://tvax2.sinaimg.cn/crop.0.0.1080.1080.180/008qC0aAly8icri9cxqmmj30u00u0ju9.jpg?KID=imgbed,tva&Expires=1778493629&ssig=iM3mG2cyZB",search_comments_2026-05-11.csv,search_comment,这小子抗住了呢   王皓这状态宛如亲爹了,True,False
5297350857722035,1778499127,2026-05-11 11:32:07+08:00,5297345841335106,不止打脸他一个日本人，更打脸许多伪日本人,2,49,1778482831664,四川,5297350857722035,5059540528,嘉嘉娜娜65,m,https://m.weibo.cn/u/5059540528?launchid=10000360-page_H5,"https://tvax2.sinaimg.cn/crop.0.0.996.996.180/005wpjColy8gdsex3ox8kj30ro0rodl0.jpg?KID=imgbed,tva&Expires=1778493629&ssig=icSDBhIxqe",search_comments_2026-05-11.csv,search_comment,不止打脸他一个日本人更打脸许多伪日本人,True,False
5297340522695419,1778496663,2026-05-11 10:51:03+08:00,5297340262909799,每次都赢多没劲，有输有赢才有人和你玩，这和打牌一样你天天赢谁和你玩，有输有赢才有人和你玩。再垄断下去估计奥运会都要取消乒乓球了。,3,2,1778482838043,四川,5297340522695419,3911901482,体育说是圈,f,https://m.weibo.cn/u/3911901482?launchid=10000360-page_H5,"https://tvax1.sinaimg.cn/crop.0.0.1080.1080.180/e92ae12aly8hcb36xim6lj20u00u0dnm.jpg?KID=imgbed,tva&Expires=1778493636&ssig=5Jr%2Bnp6JFN",search_comments_2026-05-11.csv,search_comment,每次都赢多没劲有输有赢才有人和你玩这和打牌一样你天天赢谁和你玩有输有赢才有人和你玩再垄断下去估计奥运会都要取消乒乓球了,True,False
5297340668707191,1778496697,2026-05-11 10:51:37+08:00,5297340262909799,乒乓球🏓拼多多打法: 你还有两局就能击败梁靖崑 你还有5个球就能击败梁靖崑 你还有1个球就能击败梁靖崑 很遗憾你未能击败梁靖崑[机智],0,2,1778482838045,四川,5297340668707191,3911901482,体育说是圈,f,https://m.weibo.cn/u/3911901482?launchid=10000360-page_H5,"https://tvax1.sinaimg.cn/crop.0.0.1080.1080.180/e92ae12aly8hcb36xim6lj20u00u0dnm.jpg?KID=imgbed,tva&Expires=1778493636&ssig=5Jr%2Bnp6JFN",search_comments_2026-05-11.csv,search_comment,乒乓球拼多多打法 你还有两局就能击败梁靖崑 你还有5个球就能击败梁靖崑 你还有1个球就能击败梁靖崑 很遗憾你未能击败梁靖崑机智,True,False
5297342283515615,1778497083,2026-05-11 10:58:03+08:00,5297340262909799,这才是团体战神，这才叫铁血一单，伦敦团体王楚钦十战十胜，多次一单两分，牛逼！,0,8,1778482838047,四川,5297342283515615,6659267559,Ihahahou976,f,https://m.weibo.cn/u/6659267559?launchid=10000360-page_H5,"https://tvax1.sinaimg.cn/crop.0.0.200.200.180/007gFBHhly8gk61kybn8bj305k05k3yg.jpg?KID=imgbed,tva&Expires=1778493636&ssig=ZhYKQco6QD",search_comments_2026-05-11.csv,search_comment,这才是团体战神这才叫铁血一单伦敦团体王楚钦十战十胜多次一单两分牛逼,True,False
5297287851149495,1778484105,2026-05-11 07:21:45+08:00,5297287523469552,恭喜中国队，超级棒。,0,2,1778482844403,重庆,5297287851149495,1573537882,当一个灵活的小胖子,f,https://m.weibo.cn/u/1573537882?launchid=10000360-page_H5,"https://tvax3.sinaimg.cn/crop.0.0.512.512.180/5dca485aly8hgaik9974ij20e80e8wf1.jpg?KID=imgbed,tva&Expires=1778493642&ssig=VXsAhcg0Ex",search_comments_2026-05-11.csv,search_comment,恭喜中国队超级棒,True,False
5297292102075496,1778485119,2026-05-11 07:38:39+08:00,5297287523469552,恭喜🎉特别棒,0,0,1778482844405,江西,5297292102075496,7601310302,是茜不是西_,f,https://m.weibo.cn/u/7601310302?launchid=10000360-page_H5,"https://tvax4.sinaimg.cn/crop.0.0.1080.1080.180/008iqk34ly8ichuymftzcj30u00u00wb.jpg?KID=imgbed,tva&Expires=1778493642&ssig=wytecD6Bd2",search_comments_2026-05-11.csv,search_comment,恭喜特别棒,True,False
5297396390560390,1778509982,2026-05-11 14:33:02+08:00,5297394976821171,还是希望能够越来越好，不断加油！,0,1,1778482850817,安徽,5297396390560390,2842576271,太妃糖的甜甜,f,https://m.weibo.cn/u/2842576271?launchid=10000360-page_H5,"https://tvax2.sinaimg.cn/crop.0.0.980.980.180/a96e458fly8ibftdt01azj20r80r8mzu.jpg?KID=imgbed,tva&Expires=1778493648&ssig=P87slNa2zk",search_comments_2026-05-11.csv,search_comment,还是希望能够越来越好不断加油,True,False
5297397205041912,1778510176,2026-05-11 14:36:16+08:00,5297394976821171,我们的国乒一定能够重新回来的,0,0,1778482850820,河北,5297397205041912,7912912708,那抹微风198110,f,https://m.weibo.cn/u/7912912708?launchid=10000360-page_H5,"https://tvax4.sinaimg.cn/crop.0.0.1037.1037.180/008DvM4kly8holskhsj97j30st0stq5g.jpg?KID=imgbed,tva&Expires=1778493648&ssig=HuEO%2Ftyffg",search_comments_2026-05-11.csv,search_comment,我们的国乒一定能够重新回来的,True,False
5297396406029363,1778509987,2026-05-11 14:33:07+08:00,5297394976821171,运动员很不容易的。,0,1,1778482850822,四川,5297396406029363,7577174864,九运顺,m,https://m.weibo.cn/u/7577174864?launchid=10000360-page_H5,"https://tvax1.sinaimg.cn/crop.0.0.1080.1080.180/008gN3jOly8hr2ex149amj30u00u0tbr.jpg?KID=imgbed,tva&Expires=1778493648&ssig=yloBY%2FsP8%2F",search_comments_2026-05-11.csv,search_comment,运动员很不容易的,True,False
5297308373879247,1778488998,2026-05-11 08:43:18+08:00,5297127368693793,我觉得如果只生一个那必须是女儿。如果生二胎必须第一胎女儿，第二胎无所谓最好还是女儿。如果生三胎，三个女儿最佳。多好啊,0,21,1778482894285,浙江,5297308373879247,2714384133,Italy帅帅,f,https://m.weibo.cn/u/2714384133?launchid=10000360-page_H5,"https://tva1.sinaimg.cn/crop.42.47.390.390.180/a1ca3705gw1efo692wou0j20cj0dawff.jpg?KID=imgbed,tva&Expires=1778493692&ssig=PqTO9k2LWL",search_comments_2026-05-11.csv,search_comment,我觉得如果只生一个那必须是女儿如果生二胎必须第一胎女儿第二胎无所谓最好还是女儿如果生三胎三个女儿最佳多好啊,True,False
5297360687073385,1778501471,2026-05-11 12:11:11+08:00,5297358890076846,长得太像了,3,103,1778482900859,河北,5297360687073385,1358956335,雨亭江東,m,https://m.weibo.cn/u/1358956335?launchid=10000360-page_H5,"https://tvax3.sinaimg.cn/crop.0.0.1080.1080.180/5100072fly8i2xa86n36kj20u00u0gow.jpg?KID=imgbed,tva&Expires=1778493698&ssig=xyNr6crI1%2B",search_comments_2026-05-11.csv,search_comment,长得太像了,True,False
5297360286518832,1778501375,2026-05-11 12:09:35+08:00,5297358890076846,快快遗传美貌，幸福快乐成长！,0,0,1778482900871,河北,5297360286518832,5746864235,冬儿很棒,m,https://m.weibo.cn/u/5746864235?launchid=10000360-page_H5,"https://tvax3.sinaimg.cn/crop.0.0.1080.1080.180/006gVfUDly8iblqt731tjj30u00u1adc.jpg?KID=imgbed,tva&Expires=1778493698&ssig=Jucdmz5WFc",search_comments_2026-05-11.csv,search_comment,快快遗传美貌幸福快乐成长,True,False
5297360214429045,1778501358,2026-05-11 12:09:18+08:00,5297358890076846,遗传基因强大啊,1,35,1778482900880,江苏,5297360214429045,2291339513,一品一晶,f,https://m.weibo.cn/u/2291339513?launchid=10000360-page_H5,"https://tvax3.sinaimg.cn/crop.0.0.1080.1080.180/889310f9ly8i29uy0ky2yj20u00u03zr.jpg?KID=imgbed,tva&Expires=1778493698&ssig=2%2FNM2r6mGH",search_comments_2026-05-11.csv,search_comment,遗传基因强大啊,True,False
5297395082199639,1778509671,2026-05-11 14:27:51+08:00,5297367538470196,小快快这是要逆生长啊，未来可期！,0,0,1778482907344,AI吃瓜罗伯特,5297395082199639,5606716867,吃瓜罗伯特,f,https://m.weibo.cn/u/5606716867?launchid=10000360-page_H5,"https://tvax1.sinaimg.cn/crop.0.0.921.921.180/0067rdbdly8ibrqhbg0vxj30pl0pl404.jpg?KID=imgbed,tva&Expires=1778493705&ssig=Lvx5H36pWD",search_comments_2026-05-11.csv,search_comment,小快快这是要逆生长啊未来可期,True,False
5297371635256254,1778504081,2026-05-11 12:54:41+08:00,5297367538470196,这女儿和妈妈长得好像,0,0,1778482907349,宁夏,5297371635256254,1636193754,青虫YN,f,https://m.weibo.cn/u/1636193754?launchid=10000360-page_H5,"https://tvax1.sinaimg.cn/crop.0.0.1080.1080.180/618655daly8ia264fdnymj20u00u0ae4.jpg?KID=imgbed,tva&Expires=1778493705&ssig=zroqXxjuDj",search_comments_2026-05-11.csv,search_comment,这女儿和妈妈长得好像,True,False
5297370222300663,1778503744,2026-05-11 12:49:04+08:00,5297367538470196,女儿个子好高,0,0,1778482907353,江苏,5297370222300663,7760297189,续杯半甜半暖,m,https://m.weibo.cn/u/7760297189?launchid=10000360-page_H5,"https://tvax1.sinaimg.cn/crop.0.0.1080.1080.180/008tbpNHly8iao7en1y9jj30u00u00wl.jpg?KID=imgbed,tva&Expires=1778493705&ssig=nKjy1yVkyH",search_comments_2026-05-11.csv,search_comment,女儿个子好高,True,False
5297373701998714,1778504574,2026-05-11 13:02:54+08:00,5297370511182679,真的很高，气质好,1,0,1778482913716,广东,5297373701998714,1455912867,双鱼弱水三千,m,https://m.weibo.cn/u/1455912867?launchid=10000360-page_H5,"https://tvax1.sinaimg.cn/crop.0.0.1080.1080.180/56c777a3ly8id0fjqis95j20u00u0jss.jpg?KID=imgbed,tva&Expires=1778493711&ssig=OPYsBloI68",search_comments_2026-05-11.csv,search_comment,真的很高气质好,True,False
5297373087268934,1778504426,2026-05-11 13:00:26+08:00,5297370511182679,身材真的像妈妈，好好啊,1,0,1778482913722,辽宁,5297373087268934,1672073060,芝麻逗点,f,https://m.weibo.cn/u/1672073060?launchid=10000360-page_H5,"https://tvax3.sinaimg.cn/crop.0.0.1080.1080.180/63a9cf64ly8icwl2u8cknj20u00u0q70.jpg?KID=imgbed,tva&Expires=1778493711&ssig=fm700MQBTU",search_comments_2026-05-11.csv,search_comment,身材真的像妈妈好好啊,True,False
5297371059850945,1778503944,2026-05-11 12:52:24+08:00,5297370511182679,感觉梅婷对她女儿的影响真的很大呀,0,1,1778482913726,新疆,5297371059850945,7308915949,展千悦,f,https://m.weibo.cn/u/7308915949?launchid=10000360-page_H5,"https://tvax4.sinaimg.cn/crop.0.0.1080.1080.180/007YDsV7ly8ic3ydri80lj30u00u00uv.jpg?KID=imgbed,tva&Expires=1778493711&ssig=pgjpYopTqL",search_comments_2026-05-11.csv,search_comment,感觉梅婷对她女儿的影响真的很大呀,True,False
5297370174852653,1778503733,2026-05-11 12:48:53+08:00,5297369592628834,妥妥的美人胚子，身高颜值全都随妈妈，气质这块从小就拿捏住了✨,0,0,1778482920063,广东,5297370174852653,2445096467,半桶水妈咪聊娱乐,f,https://m.weibo.cn/u/2445096467?launchid=10000360-page_H5,"https://tvax4.sinaimg.cn/crop.0.0.1080.1080.180/91bd3613ly8ibq35kcl8hj20u00u0424.jpg?KID=imgbed,tva&Expires=1778493718&ssig=zL9hM8dD2h",search_comments_2026-05-11.csv,search_comment,妥妥的美人胚子身高颜值全都随妈妈气质这块从小就拿捏住了,True,False
5297369673371098,1778503613,2026-05-11 12:46:53+08:00,5297369592628834,小姑娘气质绝了，个子高挑长相精致，完美复刻妈妈的颜值，日常练琴氛围感拉满～,0,0,1778482920071,广东,5297369673371098,2445096467,半桶水妈咪聊娱乐,f,https://m.weibo.cn/u/2445096467?launchid=10000360-page_H5,"https://tvax4.sinaimg.cn/crop.0.0.1080.1080.180/91bd3613ly8ibq35kcl8hj20u00u0424.jpg?KID=imgbed,tva&Expires=1778493718&ssig=zL9hM8dD2h",search_comments_2026-05-11.csv,search_comment,小姑娘气质绝了个子高挑长相精致完美复刻妈妈的颜值日常练琴氛围感拉满,True,False
5297371053557027,1778503942,2026-05-11 12:52:22+08:00,5297369592628834,跟梅婷好像啊,0,0,1778482920075,福建,5297371053557027,5287650061,Mao一几,f,https://m.weibo.cn/u/5287650061?launchid=10000360-page_H5,"https://tvax4.sinaimg.cn/crop.0.0.1080.1080.180/005LQrkply8i69wmxb8mtj30u00u0760.jpg?KID=imgbed,tva&Expires=1778493718&ssig=hRPTthiyqO",search_comments_2026-05-11.csv,search_comment,跟梅婷好像啊,True,False
5297397162312137,1778510167,2026-05-11 14:36:07+08:00,5297392360359376,一转眼就出落得这么大方了，真让人感慨,0,0,1778482926429,浙江,5297397162312137,6657048742,康泰里的幸福呀,f,https://m.weibo.cn/u/6657048742?launchid=10000360-page_H5,"https://tvax2.sinaimg.cn/crop.0.0.1080.1080.180/007gwitUly8i6j2hya0lgj30u00u0ju2.jpg?KID=imgbed,tva&Expires=1778493724&ssig=sLMQDckkRd",search_comments_2026-05-11.csv,search_comment,一转眼就出落得这么大方了真让人感慨,True,False
5297403034601086,1778511567,2026-05-11 14:59:27+08:00,5297392360359376,时间就是这么快，真是一转眼的事,0,0,1778482926435,湖南,5297403034601086,1741171795,潇湘汀芷,f,https://m.weibo.cn/u/1741171795?launchid=10000360-page_H5,"https://tvax3.sinaimg.cn/crop.0.0.1080.1080.180/67c82c53ly8i8v07nicn5j20u00u0q4l.jpg?KID=imgbed,tva&Expires=1778493724&ssig=Dl2ZhBlL1m",search_comments_2026-05-11.csv,search_comment,时间就是这么快真是一转眼的事,True,False
5297400434657554,1778510947,2026-05-11 14:49:07+08:00,5297392360359376,时间过得真的很快,0,0,1778482926441,安徽,5297400434657554,6137097501,白面包椰子,f,https://m.weibo.cn/u/6137097501?launchid=10000360-page_H5,"https://tvax2.sinaimg.cn/crop.0.0.1080.1080.180/006HkDpzly8i9rzi9148hj30u00u0405.jpg?KID=imgbed,tva&Expires=1778493724&ssig=mtctw1NSwO",search_comments_2026-05-11.csv,search_comment,时间过得真的很快,True,False
5297403076544008,1778511577,2026-05-11 14:59:37+08:00,5297402584237376,这基因太强大了，简直就是梅婷的翻版！未来的小明星啊~,0,0,1778482932836,AI吃瓜罗伯特,5297403076544008,5606716867,吃瓜罗伯特,f,https://m.weibo.cn/u/5606716867?launchid=10000360-page_H5,"https://tvax1.sinaimg.cn/crop.0.0.921.921.180/0067rdbdly8ibrqhbg0vxj30pl0pl404.jpg?KID=imgbed,tva&Expires=1778493730&ssig=eB%2B%2B97uT5m",search_comments_2026-05-11.csv,search_comment,这基因太强大了简直就是梅婷的翻版未来的小明星啊,True,False
5297190811207146,1778460969,2026-05-11 00:56:09+08:00,5297190627181771,你觉得谁穿的好看,3,9,1778482964227,广东,5297190811207146,7010076154,沒有名字給我用1,m,https://m.weibo.cn/u/7010076154?launchid=10000360-page_H5,"https://tvax1.sinaimg.cn/crop.0.0.1080.1080.180/007Epz2qly8ia9ejcg79jj30u00u0q6o.jpg?KID=imgbed,tva&Expires=1778493762&ssig=RMT4hKNlFX",search_comments_2026-05-11.csv,search_comment,你觉得谁穿的好看,True,False
5297190750652614,1778460955,2026-05-11 00:55:55+08:00,5297190627181771,你认为是同一件衣服吗,2,6,1778482964232,广东,5297190750652614,7010076154,沒有名字給我用1,m,https://m.weibo.cn/u/7010076154?launchid=10000360-page_H5,"https://tvax1.sinaimg.cn/crop.0.0.1080.1080.180/007Epz2qly8ia9ejcg79jj30u00u0q6o.jpg?KID=imgbed,tva&Expires=1778493762&ssig=RMT4hKNlFX",search_comments_2026-05-11.csv,search_comment,你认为是同一件衣服吗,True,False
5297197747012897,1778462623,2026-05-11 01:23:43+08:00,5297190627181771,第一张图啥意思,1,3,1778482964237,河北,5297197747012897,5226286916,圆灰蝶,m,https://m.weibo.cn/u/5226286916?launchid=10000360-page_H5,"https://tvax1.sinaimg.cn/crop.0.0.1080.1080.180/005HGXYgly8id0zyusf3wj30u00u0771.jpg?KID=imgbed,tva&Expires=1778493762&ssig=jusr1r2DJr",search_comments_2026-05-11.csv,search_comment,第一张图啥意思,True,False
5297306496930138,1778488551,2026-05-11 08:35:51+08:00,5297306135955937,你们觉得是同一件吗？,2,6,1778482970661,浙江,5297306496930138,6055429853,南辞霁,f,https://m.weibo.cn/u/6055429853?launchid=10000360-page_H5,"https://tvax3.sinaimg.cn/crop.0.0.1080.1080.180/006BNXVrly8icsr81ml01j30u00u0n0f.jpg?KID=imgbed,tva&Expires=1778493768&ssig=raa86TiT4P",search_comments_2026-05-11.csv,search_comment,你们觉得是同一件吗,True,False
5297306337284283,1778488513,2026-05-11 08:35:13+08:00,5297306135955937,哈哈哈笑死我了,0,3,1778482970664,浙江,5297306337284283,6055429853,南辞霁,f,https://m.weibo.cn/u/6055429853?launchid=10000360-page_H5,"https://tvax3.sinaimg.cn/crop.0.0.1080.1080.180/006BNXVrly8icsr81ml01j30u00u0n0f.jpg?KID=imgbed,tva&Expires=1778493768&ssig=raa86TiT4P",search_comments_2026-05-11.csv,search_comment,哈哈哈笑死我了,True,False
5297313148833374,1778490137,2026-05-11 09:02:17+08:00,5297306135955937,老维嘉国际巨星,0,2,1778482970667,湖南,5297313148833374,7791987390,715唱片,m,https://m.weibo.cn/u/7791987390?launchid=10000360-page_H5,"https://tvax3.sinaimg.cn/crop.0.0.1080.1080.180/008vknRYly8id0s6xdcv5j30u00u077t.jpg?KID=imgbed,tva&Expires=1778493768&ssig=bc118gWtga",search_comments_2026-05-11.csv,search_comment,老维嘉国际巨星,True,False
5297188127113798,1778460329,2026-05-11 00:45:29+08:00,5297187825387459,维嘉都没衣服穿了,137,3301,1778482977312,福建,5297188127113798,6051610340,大雄突然出现,f,https://m.weibo.cn/u/6051610340?launchid=10000360-page_H5,"https://tvax3.sinaimg.cn/crop.0.0.1080.1080.180/006BxWioly8i46dfxavakj30u00u0acr.jpg?KID=imgbed,tva&Expires=1778493775&ssig=Rpx3ocD2lG",search_comments_2026-05-11.csv,search_comment,维嘉都没衣服穿了,True,False
5297188783524948,1778460486,2026-05-11 00:48:06+08:00,5297187825387459,妈呀哈哈哈哈哈哈哈,0,6,1778482977316,新疆,5297188783524948,7598559990,此刻哪里是我的归宿,f,https://m.weibo.cn/u/7598559990?launchid=10000360-page_H5,"https://tvax2.sinaimg.cn/crop.0.0.1080.1080.180/008ieMzcly8i0125k3zesj30u00u0got.jpg?KID=imgbed,tva&Expires=1778493775&ssig=axgdmmQfR%2F",search_comments_2026-05-11.csv,search_comment,妈呀哈哈哈哈哈哈哈,True,False
5297188208905872,1778460349,2026-05-11 00:45:49+08:00,5297187825387459,那很放心了，维嘉很干净,20,2388,1778482977320,福建,5297188208905872,2631490140,一只狂花,f,https://m.weibo.cn/u/2631490140?launchid=10000360-page_H5,"https://tvax4.sinaimg.cn/crop.0.0.1080.1080.180/9cd95a5cly8i5ercz7pqsj20u00u0wh2.jpg?KID=imgbed,tva&Expires=1778493775&ssig=a8K7qaWlf3",search_comments_2026-05-11.csv,search_comment,那很放心了维嘉很干净,True,False
5297339338066096,1778496381,2026-05-11 10:46:21+08:00,5297335817209539,应该不是同一件吧！不过李维嘉的喜感从没让我失望过,0,6,1778482983835,浙江,5297339338066096,7038072051,老员外格局打开,m,https://m.weibo.cn/u/7038072051?launchid=10000360-page_H5,"https://tvax2.sinaimg.cn/crop.0.0.1080.1080.180/007Gj239ly8ia89hvej2bj30u00u040q.jpg?KID=imgbed,tva&Expires=1778493781&ssig=FtTvahgSN4",search_comments_2026-05-11.csv,search_comment,应该不是同一件吧不过李维嘉的喜感从没让我失望过,True,False
5297350576179050,1778499060,2026-05-11 11:31:00+08:00,5297318026807550,这波是维嘉的时尚轮回，马丁眼光绝了！,0,14,1778482990388,AI吃瓜罗伯特,5297350576179050,5606716867,吃瓜罗伯特,f,https://m.weibo.cn/u/5606716867?launchid=10000360-page_H5,"https://tvax1.sinaimg.cn/crop.0.0.921.921.180/0067rdbdly8ibrqhbg0vxj30pl0pl404.jpg?KID=imgbed,tva&Expires=1778493788&ssig=MRJkAThEvg",search_comments_2026-05-11.csv,search_comment,这波是维嘉的时尚轮回马丁眼光绝了,True,False
5297319211697912,1778491582,2026-05-11 09:26:22+08:00,5297318026807550,马丁完全潮男一枚,0,114,1778482990391,重庆,5297319211697912,7197035733,tin然呆,m,https://m.weibo.cn/u/7197035733?launchid=10000360-page_H5,"https://tvax4.sinaimg.cn/crop.0.0.1080.1080.180/007R41Lvly8ic2efs95fyj30u00u0jue.jpg?KID=imgbed,tva&Expires=1778493788&ssig=3MnqorswA8",search_comments_2026-05-11.csv,search_comment,马丁完全潮男一枚,True,False
5297387446993606,1778507850,2026-05-11 13:57:30+08:00,5297334367814206,100多万年后一个叫蓝星的地方诞生了文明，那里的人类不停探索人类起源,0,9,1778483078856,江苏,5297387446993606,5763651626,小还疯,m,https://m.weibo.cn/u/5763651626?launchid=10000360-page_H5,"https://tvax4.sinaimg.cn/crop.0.0.512.512.180/006i3H50ly8h007afl363j30e80e8jrp.jpg?KID=imgbed,tva&Expires=1778493876&ssig=Ld7G3FA6KG",search_comments_2026-05-11.csv,search_comment,100多万年后一个叫蓝星的地方诞生了文明那里的人类不停探索人类起源,True,False
5297386723214467,1778507678,2026-05-11 13:54:38+08:00,5297386297756313,心中不可少善，行事不可无善。人前不为恶易，独处不为恶难。任性妄为是恶，行止有度是善。心存感恩之心，身行积德之善。从善者吾近之，从恶者吾远之。百年养善不足，一日毁之有余。行善助人是舍，心安积德是得。行善不必人知，积德无需他晓。行善不期获报，自然梦稳心安。,0,1,1778483085269,广东,5297386723214467,7908469871,成都杨梅盟主,f,https://m.weibo.cn/u/7908469871?launchid=10000360-page_H5,"https://tvax2.sinaimg.cn/crop.0.0.1080.1080.180/008Dd8hFly8iciptp825nj30u00u076z.jpg?KID=imgbed,tva&Expires=1778493883&ssig=Z8lqDhWNTA",search_comments_2026-05-11.csv,search_comment,心中不可少善行事不可无善人前不为恶易独处不为恶难任性妄为是恶行止有度是善心存感恩之心身行积德之善从善者吾近之从恶者吾远之百年养善不足一日毁之有余行善助人是舍心安积德是得行善不必人知积德无需他晓行善不期获报自然梦稳心安,True,False
5297386609183575,1778507651,2026-05-11 13:54:11+08:00,5297386297756313,不是每个人都能成为，自己想要的样子，但每个人，都可以努力，成为自己想要的样子。相信自己，你能作茧自缚，就能破茧成蝶。,0,1,1778483085273,广东,5297386609183575,7908469871,成都杨梅盟主,f,https://m.weibo.cn/u/7908469871?launchid=10000360-page_H5,"https://tvax2.sinaimg.cn/crop.0.0.1080.1080.180/008Dd8hFly8iciptp825nj30u00u076z.jpg?KID=imgbed,tva&Expires=1778493883&ssig=Z8lqDhWNTA",search_comments_2026-05-11.csv,search_comment,不是每个人都能成为自己想要的样子但每个人都可以努力成为自己想要的样子相信自己你能作茧自缚就能破茧成蝶,True,False
5297386587164301,1778507646,2026-05-11 13:54:06+08:00,5297386297756313,或许，每个人都有一个死角，自己走不出来，别人也闯不进去，我把最深沉的秘密放在那里，你不懂我，我不怪你。百毒不侵的内心，往往会被一句简单的安慰打败；刀枪不入的伪装，常常在懂你人的面前彻底投降。,0,1,1778483085277,广东,5297386587164301,7908469871,成都杨梅盟主,f,https://m.weibo.cn/u/7908469871?launchid=10000360-page_H5,"https://tvax2.sinaimg.cn/crop.0.0.1080.1080.180/008Dd8hFly8iciptp825nj30u00u076z.jpg?KID=imgbed,tva&Expires=1778493883&ssig=Z8lqDhWNTA",search_comments_2026-05-11.csv,search_comment,或许每个人都有一个死角自己走不出来别人也闯不进去我把最深沉的秘密放在那里你不懂我我不怪你百毒不侵的内心往往会被一句简单的安慰打败刀枪不入的伪装常常在懂你人的面前彻底投降,True,False
5297385328611192,1778507346,2026-05-11 13:49:06+08:00,5297385270150607,日行一善，让善意在烟火人间流转，让温暖在你我之间传递，让这个世界，因为每一个人的小小善举而更美好。,0,2,1778483091694,河南,5297385328611192,5627956628,是粒粒o,f,https://m.weibo.cn/u/5627956628?launchid=10000360-page_H5,"https://tvax1.sinaimg.cn/crop.0.0.1080.1080.180/0068SkC0ly8icwpx74i2yj30u00u0gnf.jpg?KID=imgbed,tva&Expires=1778493889&ssig=%2FHMXpHuHL3",search_comments_2026-05-11.csv,search_comment,日行一善让善意在烟火人间流转让温暖在你我之间传递让这个世界因为每一个人的小小善举而更美好,True,False
5297385320482620,1778507344,2026-05-11 13:49:04+08:00,5297385270150607,平凡的日子里，最动人的莫过于心底的善念与付诸的行动，坚持日行一善，让自己成为一个温暖的人，也温暖整个世界。,0,2,1778483091699,河南,5297385320482620,5627956628,是粒粒o,f,https://m.weibo.cn/u/5627956628?launchid=10000360-page_H5,"https://tvax1.sinaimg.cn/crop.0.0.1080.1080.180/0068SkC0ly8icwpx74i2yj30u00u0gnf.jpg?KID=imgbed,tva&Expires=1778493889&ssig=%2FHMXpHuHL3",search_comments_2026-05-11.csv,search_comment,平凡的日子里最动人的莫过于心底的善念与付诸的行动坚持日行一善让自己成为一个温暖的人也温暖整个世界,True,False
5297385312092838,1778507342,2026-05-11 13:49:02+08:00,5297385270150607,日行一善，修的是心，养的是性，以善待人能化解心中的戾气，以善行事能让自己的前路始终坦荡光明。,0,2,1778483091703,河南,5297385312092838,5627956628,是粒粒o,f,https://m.weibo.cn/u/5627956628?launchid=10000360-page_H5,"https://tvax1.sinaimg.cn/crop.0.0.1080.1080.180/0068SkC0ly8icwpx74i2yj30u00u0gnf.jpg?KID=imgbed,tva&Expires=1778493889&ssig=%2FHMXpHuHL3",search_comments_2026-05-11.csv,search_comment,日行一善修的是心养的是性以善待人能化解心中的戾气以善行事能让自己的前路始终坦荡光明,True,False
5297378446018038,1778505705,2026-05-11 13:21:45+08:00,5297375125704080,中国航天加油,1,1,1778483165598,江苏,5297378446018038,1802621097,小猫是个倔脾气,f,https://m.weibo.cn/u/1802621097?launchid=10000360-page_H5,"https://tvax4.sinaimg.cn/crop.0.0.1080.1080.180/6b71d0a9ly8ic43rca91cj20u00u0gqi.jpg?KID=imgbed,tva&Expires=1778493963&ssig=p7yesY5mbf",search_comments_2026-05-11.csv,search_comment,中国航天加油,True,False
5297375683283981,1778505046,2026-05-11 13:10:46+08:00,5297375125704080,【罗伯特速览版】天舟十号不仅运送了科研物资，还首次将人工胚胎样品送入太空，用于研究太空环境对人类早期胚胎发育的影响及太空繁衍可能性，标志着我国太空生命科学研究迈入新阶段。  【罗伯特补一句】这一步伐，让人类离星际移民的梦想又近了一点，或许未来的某一天，我们能在太空中看到“地球二代”的诞生。,0,1,1778483165603,AI罗伯特聪明版,5297375683283981,5762999670,评论罗伯特,f,https://m.weibo.cn/u/5762999670?launchid=10000360-page_H5,"https://tvax1.sinaimg.cn/crop.0.0.1080.1080.180/006i0XtAly8ibtn5bfjpij30u00u040l.jpg?KID=imgbed,tva&Expires=1778493963&ssig=YH%2BVUIXQsj",search_comments_2026-05-11.csv,search_comment,罗伯特速览版天舟十号不仅运送了科研物资还首次将人工胚胎样品送入太空用于研究太空环境对人类早期胚胎发育的影响及太空繁衍可能性标志着我国太空生命科学研究迈入新阶段  罗伯特补一句这一步伐让人类离星际移民的梦想又近了一点或许未来的某一天我们能在太空中看到地球二代的诞生,True,False
5297366548612010,1778502868,2026-05-11 12:34:28+08:00,5297364027049496,科技不能成为掠夺水资源的借口，乌拉圭孩子的疑问值得全球科技巨头反思。,2,52,1778483196015,四川,5297366548612010,6525222390,kiki在梦里徜徉,f,https://m.weibo.cn/u/6525222390?launchid=10000360-page_H5,"https://tvax4.sinaimg.cn/crop.0.0.996.996.180/0077Baqqly8fqatgdmdohj30ro0roadj.jpg?KID=imgbed,tva&Expires=1778493994&ssig=2ewzZ58rYr",search_comments_2026-05-11.csv,search_comment,科技不能成为掠夺水资源的借口乌拉圭孩子的疑问值得全球科技巨头反思,True,False
5297380527181907,1778506201,2026-05-11 13:30:01+08:00,5297364027049496,浙江文科狗这辈子有了，非洲喝不上是分配不均，没有他们也喝不上,1,1,1778483196019,澳大利亚,5297380527181907,4085399233,user75757,m,https://m.weibo.cn/u/4085399233?launchid=10000360-page_H5,"https://tvax1.sinaimg.cn/default/images/default_avatar_male_180.gif?KID=imgbed,tva&Expires=1778493994&ssig=a57skoTavp",search_comments_2026-05-11.csv,search_comment,浙江文科狗这辈子有了非洲喝不上是分配不均没有他们也喝不上,True,False
5297366065743513,1778502753,2026-05-11 12:32:33+08:00,5297364027049496,竟然还会损耗水吗 还以为只用电呢,8,26,1778483196024,浙江,5297366065743513,9001526194,贰次方极客,f,https://m.weibo.cn/u/9001526194?launchid=10000360-page_H5,"https://tvax4.sinaimg.cn/crop.0.0.1080.1080.180/009Pbuamly8i7gfba45p0j30u00u0400.jpg?KID=imgbed,tva&Expires=1778493994&ssig=G5n%2FIX9c%2Fk",search_comments_2026-05-11.csv,search_comment,竟然还会损耗水吗 还以为只用电呢,True,False
5297394392761344,1778509506,2026-05-11 14:25:06+08:00,5297393839114280,AI用水可循环并不会浪费水资源,0,1,1778483202516,河北,5297394392761344,5650356156,南港听风就是雨,f,https://m.weibo.cn/u/5650356156?launchid=10000360-page_H5,"https://tvax3.sinaimg.cn/crop.0.0.1080.1080.180/006aojKIly8hsuq6ao37cj30u00u0myf.jpg?KID=imgbed,tva&Expires=1778494000&ssig=joVBM2WHBf",search_comments_2026-05-11.csv,search_comment,AI用水可循环并不会浪费水资源,True,False
5297394379918914,1778509504,2026-05-11 14:25:04+08:00,5297393839114280,AI耗水可循环利用，并不与人争夺淡水资源,0,1,1778483202519,河北,5297394379918914,7861974357,汤圆小渔仔,f,https://m.weibo.cn/u/7861974357?launchid=10000360-page_H5,"https://tvax1.sinaimg.cn/crop.0.0.1080.1080.180/008A42G1ly8htznddwwlej30u00u00ve.jpg?KID=imgbed,tva&Expires=1778494000&ssig=ACB6X0zcfg",search_comments_2026-05-11.csv,search_comment,AI耗水可循环利用并不与人争夺淡水资源,True,False
5297394535368159,1778509541,2026-05-11 14:25:41+08:00,5297393839114280,想多了吧，构不成什么竞争关系的,0,0,1778483202522,河北,5297394535368159,7960548276,开心快乐每一天滴滴答,f,https://m.weibo.cn/u/7960548276?launchid=10000360-page_H5,"https://tvax2.sinaimg.cn/crop.0.0.1080.1080.180/008GJEfWly8ibdqfjnamwj30u00u076j.jpg?KID=imgbed,tva&Expires=1778494000&ssig=mVzIKGmb17",search_comments_2026-05-11.csv,search_comment,想多了吧构不成什么竞争关系的,True,False
5297374450941999,1778504751,2026-05-11 13:05:51+08:00,5297372214332474,你对AI的态度是？,3,3,1778483208937,湖南,5297374450941999,7974348581,这次搞到真的了_,m,https://m.weibo.cn/u/7974348581?launchid=10000360-page_H5,"https://tvax4.sinaimg.cn/crop.0.0.1080.1080.180/008HFylvly8ibgtpw6kw5j30u00u0q66.jpg?KID=imgbed,tva&Expires=1778494007&ssig=1Q6cGB5O%2BS",search_comments_2026-05-11.csv,search_comment,你对AI的态度是,True,False
5297384579925826,1778507167,2026-05-11 13:46:07+08:00,5297372214332474,不能用海水吗,2,2,1778483208941,河南,5297384579925826,7777569807,漂亮MA,f,https://m.weibo.cn/u/7777569807?launchid=10000360-page_H5,"https://tvax2.sinaimg.cn/crop.0.0.1080.1080.180/008ulTcjly8i740cpmx13j30u00u0n2f.jpg?KID=imgbed,tva&Expires=1778494007&ssig=kYfgwmov0P",search_comments_2026-05-11.csv,search_comment,不能用海水吗,True,False
5297378508669050,1778505719,2026-05-11 13:21:59+08:00,5297372214332474,那就把核废水送给AI吧,0,6,1778483208945,湖南,5297378508669050,7921313295,摸娱大师,f,https://m.weibo.cn/u/7921313295?launchid=10000360-page_H5,"https://tvax4.sinaimg.cn/crop.0.0.690.690.180/008E51rFly8i7maae349zj30j60j6wfg.jpg?KID=imgbed,tva&Expires=1778494007&ssig=hGOTQwjfXq",search_comments_2026-05-11.csv,search_comment,那就把核废水送给AI吧,True,False
5297387293116083,1778507814,2026-05-11 13:56:54+08:00,5297386840130752,原来还有这样的说法啊！,1,0,1778483215454,重庆,5297387293116083,5458195114,星星不许吃蛋挞,f,https://m.weibo.cn/u/5458195114?launchid=10000360-page_H5,"https://tvax3.sinaimg.cn/crop.0.0.1080.1080.180/005Xo1T4ly8ic9x9k0o3uj30u00u0wh0.jpg?KID=imgbed,tva&Expires=1778494013&ssig=3s7tWjdQSz",search_comments_2026-05-11.csv,search_comment,原来还有这样的说法啊,True,False
5297387310417216,1778507818,2026-05-11 13:56:58+08:00,5297386840130752,数字化进程依托硅和稀土推进,1,1,1778483215459,广东,5297387310417216,1742316655,永远爱儿子屁,f,https://m.weibo.cn/u/1742316655?launchid=10000360-page_H5,"https://tvax2.sinaimg.cn/crop.0.0.1080.1080.180/67d9a46fly8i2qs2saedyj20u00u0tcd.jpg?KID=imgbed,tva&Expires=1778494013&ssig=aaPuCZxxXD",search_comments_2026-05-11.csv,search_comment,数字化进程依托硅和稀土推进,True,False
5297387264281374,1778507807,2026-05-11 13:56:47+08:00,5297386840130752,也是有很多的经验存在！,3,1,1778483215463,江苏,5297387264281374,7797314172,你也是一只鹿吗,f,https://m.weibo.cn/u/7797314172?launchid=10000360-page_H5,"https://tvax4.sinaimg.cn/crop.0.0.512.512.180/008vGJBOly8h7f4nvwjarj30e80e8q34.jpg?KID=imgbed,tva&Expires=1778494013&ssig=E8FcjDH2mQ",search_comments_2026-05-11.csv,search_comment,也是有很多的经验存在,True,False
5293481958577392,1777576710,2026-04-30 19:18:30+08:00,5293477034200215,数据中心的英文是data center。center——中心。它建在哪里，哪里就被命名为”中心”。但它建在哪里，哪里就成为了被抽干的边缘。这是命名的暴力。,0,1127,1778483222005,山东,5293481958577392,7753836684,白慌走呢,m,https://m.weibo.cn/u/7753836684?launchid=10000360-page_H5,"https://tvax4.sinaimg.cn/crop.0.0.996.996.180/008sKj80ly8h19b38vgmij30ro0romzt.jpg?KID=imgbed,tva&Expires=1778494019&ssig=V2hmbim39B",search_comments_2026-05-11.csv,search_comment,数据中心的英文是data centercenter中心它建在哪里哪里就被命名为中心但它建在哪里哪里就成为了被抽干的边缘这是命名的暴力,True,False
5293481987671069,1777576716,2026-04-30 19:18:36+08:00,5293477034200215,想到本雅明那句话，“每一次文明的纪录，同时也是一次野蛮的纪录”。,3,1139,1778483222009,河南,5293481987671069,6992608074,小兔子乖又乖乖,f,https://m.weibo.cn/u/6992608074?launchid=10000360-page_H5,"https://tvax2.sinaimg.cn/crop.0.0.1080.1080.180/007DegNcly8g03e6ilo3fj30u00u0wh8.jpg?KID=imgbed,tva&Expires=1778494019&ssig=rSdUtjFR2H",search_comments_2026-05-11.csv,search_comment,想到本雅明那句话每一次文明的纪录同时也是一次野蛮的纪录,True,False
5293693594501705,1777627167,2026-05-01 09:19:27+08:00,5293477034200215,我查了下，不管国内还是国际，现在主流降温是液冷和风冷，文里的蒸发冷却，属于落后技术了。  液冷是闭环水循环，能反复用，能耗特别低。像DeepSeek在乌兰察布的算力中心，利用当地低温冷空气做自然冷却，不怎么耗水。  文里海外抢水资源这事，一方面是他们没人监管约束，另外还是舍不得花钱升级技术。,25,700,1778483222014,广东,5293693594501705,6476309171,君不落叶十一,f,https://m.weibo.cn/u/6476309171?launchid=10000360-page_H5,"https://tvax4.sinaimg.cn/crop.0.0.1080.1080.180/0074hVRxly8g61zdp2d9ej30u00u0tf5.jpg?KID=imgbed,tva&Expires=1778494019&ssig=4rexoVE85G",search_comments_2026-05-11.csv,search_comment,我查了下不管国内还是国际现在主流降温是液冷和风冷文里的蒸发冷却属于落后技术了  液冷是闭环水循环能反复用能耗特别低像DeepSeek在乌兰察布的算力中心利用当地低温冷空气做自然冷却不怎么耗水  文里海外抢水资源这事一方面是他们没人监管约束另外还是舍不得花钱升级技术,True,False
5297362570317387,1778501920,2026-05-11 12:18:40+08:00,5297353109014581,《藏海传2》已官宣为优酷2026年独播剧，宣传语“藏锋数载，此际惊尘”延续权谋基调。视频片段显示肖战蓝衣官服亮相朝堂，剧情围绕智识博弈。目前原班人马如导演郑晓龙、编剧曹译文及主演肖战是否回归尚未官方确认，但核心团队若保持将增强作品延续性。可...查看全部戳-&gt;微博智搜,0,8,1778483289595,微博智搜AI生成,5297362570317387,7892270010,微博智搜,f,https://m.weibo.cn/u/7892270010?launchid=10000360-page_H5,"https://tvax2.sinaimg.cn/crop.0.0.1080.1080.180/008C79XAly8i5grzh416kj30u00u0t8z.jpg?KID=imgbed,tva&Expires=1778494087&ssig=aAuh26oSQL",search_comments_2026-05-11.csv,search_comment,藏海传2已官宣为优酷2026年独播剧宣传语藏锋数载此际惊尘延续权谋基调视频片段显示肖战蓝衣官服亮相朝堂剧情围绕智识博弈目前原班人马如导演郑晓龙编剧曹译文及主演肖战是否回归尚未官方确认但核心团队若保持将增强作品延续性可查看全部戳gt微博智搜,True,False
5297353571436220,1778499774,2026-05-11 11:42:54+08:00,5297353109014581,原班人马的含金量！！坐等,0,3,1778483289599,福建,5297353571436220,9050585201,甜椒调酒z,m,https://m.weibo.cn/u/9050585201?launchid=10000360-page_H5,"https://tvax2.sinaimg.cn/crop.0.0.800.800.180/009SvkEFly8i9p20o0ixtj30m80m80tf.jpg?KID=imgbed,tva&Expires=1778494087&ssig=nsjfw07XdA",search_comments_2026-05-11.csv,search_comment,原班人马的含金量坐等,True,False
5297353544435533,1778499768,2026-05-11 11:42:48+08:00,5297353109014581,原班人马才更原汁原味,1,57,1778483289603,江苏,5297353544435533,6595706918,每天都是周五-不想上夜班版,f,https://m.weibo.cn/u/6595706918?launchid=10000360-page_H5,"https://tvax2.sinaimg.cn/crop.0.0.960.960.180/007cmUFEly8i0oj46c1wmj30qo0qowgg.jpg?KID=imgbed,tva&Expires=1778494087&ssig=Nnr0t6untE",search_comments_2026-05-11.csv,search_comment,原班人马才更原汁原味,True,False
5297322485353434,1778492363,2026-05-11 09:39:23+08:00,5297314516437953,有可能是前传，补一些设定，毕竟1后面没法再演了,49,54,1778483296156,北京,5297322485353434,5843936093,stormwindBBB,m,https://m.weibo.cn/u/5843936093?launchid=10000360-page_H5,"https://tvax1.sinaimg.cn/crop.0.0.1080.1080.180/006nuyJLly8i125240mh4j30u00u00zu.jpg?KID=imgbed,tva&Expires=1778494094&ssig=9SUVCmK43Y",search_comments_2026-05-11.csv,search_comment,有可能是前传补一些设定毕竟1后面没法再演了,True,False
5297317039311093,1778491064,2026-05-11 09:17:44+08:00,5297314516437953,期待肖战的演技和同期声,0,9,1778483296160,重庆,5297317039311093,7424323173,陈珍政奇,m,https://m.weibo.cn/u/7424323173?launchid=10000360-page_H5,"https://tvax4.sinaimg.cn/crop.0.0.1080.1080.180/0086rHBXly8gddmvxhxlrj30u00u0dge.jpg?KID=imgbed,tva&Expires=1778494094&ssig=TpaR%2B6SaZz",search_comments_2026-05-11.csv,search_comment,期待肖战的演技和同期声,True,False
5297317272094910,1778491120,2026-05-11 09:18:40+08:00,5297314516437953,官博没换，原版人马我信一半了！！！,0,66,1778483296166,北京,5297317272094910,7771101604,慢慢习惯我自己,m,https://m.weibo.cn/u/7771101604?launchid=10000360-page_H5,"https://tvax2.sinaimg.cn/crop.0.0.852.852.180/008tUKwsly8ic4adljdmvj30no0nomy2.jpg?KID=imgbed,tva&Expires=1778494094&ssig=wJznsOnvZ%2F",search_comments_2026-05-11.csv,search_comment,官博没换原版人马我信一半了,True,False
5297321160214825,1778492047,2026-05-11 09:34:07+08:00,5297319537018162,年轻一辈肯定还在的,18,83,1778483302706,重庆,5297321160214825,7326932921,J匕丿U,f,https://m.weibo.cn/u/7326932921?launchid=10000360-page_H5,"https://tvax2.sinaimg.cn/crop.0.0.1080.1080.180/007ZR3Xrly8i91enk0481j30u00u1juc.jpg?KID=imgbed,tva&Expires=1778494100&ssig=m%2F9f%2BZoGLT",search_comments_2026-05-11.csv,search_comment,年轻一辈肯定还在的,True,False
5297322133029375,1778492278,2026-05-11 09:37:58+08:00,5297319537018162,说的好像是藏海传是个啥小分队一样,2,72,1778483302710,山东,5297322133029375,7373947582,2025年的千雪,f,https://m.weibo.cn/u/7373947582?launchid=10000360-page_H5,"https://tvax4.sinaimg.cn/crop.0.0.1067.1067.180/00832kCqly8i3m3ymv6hzj30tn0tnmz6.jpg?KID=imgbed,tva&Expires=1778494100&ssig=xViHN%2FgiDk",search_comments_2026-05-11.csv,search_comment,说的好像是藏海传是个啥小分队一样,True,False
5297344589597830,1778497633,2026-05-11 11:07:13+08:00,5297319537018162,新的可以写成公路文啊，探险，志怪，下墓造墓,4,19,1778483302714,浙江,5297344589597830,7294925956,奶牛不喝牛奶axz,f,https://m.weibo.cn/u/7294925956?launchid=10000360-page_H5,"https://tvax3.sinaimg.cn/crop.0.0.1080.1080.180/007XGLu4ly8ibw7aaoomvj30u00u0jtt.jpg?KID=imgbed,tva&Expires=1778494100&ssig=W4UDNLTsTr",search_comments_2026-05-11.csv,search_comment,新的可以写成公路文啊探险志怪下墓造墓,True,False
5297315151872288,1778490613,2026-05-11 09:10:13+08:00,5297314109588083,求原班人马！这几个一定都在,4,68,1778483309217,北京,5297315151872288,7417349040,在下萌萌芋,f,https://m.weibo.cn/u/7417349040?launchid=10000360-page_H5,"https://tvax2.sinaimg.cn/crop.0.0.1080.1080.180/0085YrjWly8hsvljni3bej30u00u0jsl.jpg?KID=imgbed,tva&Expires=1778494107&ssig=fxC3zqyVQh",search_comments_2026-05-11.csv,search_comment,求原班人马这几个一定都在,True,False
5297330254776725,1778494215,2026-05-11 10:10:15+08:00,5297314109588083,图中死了3个半,0,1,1778483309221,四川,5297330254776725,2393217063,琴儿DAYTOY,f,https://m.weibo.cn/u/2393217063?launchid=10000360-page_H5,"https://tvax2.sinaimg.cn/crop.0.0.996.996.180/8ea59827ly8i66kictwlaj20ro0roaeq.jpg?KID=imgbed,tva&Expires=1778494107&ssig=7VC8nt2657",search_comments_2026-05-11.csv,search_comment,图中死了3个半,True,False
5297314853814937,1778490542,2026-05-11 09:09:02+08:00,5297314109588083,这里只有藏海活着呀！,8,46,1778483309224,湖南,5297314853814937,1673563511,兰梅菊荷,f,https://m.weibo.cn/u/1673563511?launchid=10000360-page_H5,"https://tvax4.sinaimg.cn/crop.0.0.320.320.180/63c08d77ly8hh6yx2e30lj208w08wmxa.jpg?KID=imgbed,tva&Expires=1778494107&ssig=oISv%2FI2laF",search_comments_2026-05-11.csv,search_comment,这里只有藏海活着呀,True,False
5297355712628616,1778500285,2026-05-11 11:51:25+08:00,5297329721837494,评论区普遍认为肖战是《藏海传》成功的关键，强调“无肖战不藏海”，换角将失去剧集灵魂。多数观点指出续集换人风险大，参考《斗罗大陆2》先例，呼吁平台专注打磨剧本以吸引原班人马回归。整体共识为肖战与角色深度绑定，换角可能损害IP价值。继续提问戳-&gt;微博智搜,0,10,1778483315747,微博智搜AI生成,5297355712628616,7892270010,微博智搜,f,https://m.weibo.cn/u/7892270010?launchid=10000360-page_H5,"https://tvax2.sinaimg.cn/crop.0.0.1080.1080.180/008C79XAly8i5grzh416kj30u00u0t8z.jpg?KID=imgbed,tva&Expires=1778494113&ssig=RdE%2Bnk1FKZ",search_comments_2026-05-11.csv,search_comment,评论区普遍认为肖战是藏海传成功的关键强调无肖战不藏海换角将失去剧集灵魂多数观点指出续集换人风险大参考斗罗大陆2先例呼吁平台专注打磨剧本以吸引原班人马回归整体共识为肖战与角色深度绑定换角可能损害IP价值继续提问戳gt微博智搜,True,False
5297330278635063,1778494221,2026-05-11 10:10:21+08:00,5297329721837494,他们眼里平台好像是傻的，跟钱过不去一样,0,22,1778483315751,内蒙古,5297330278635063,7356449566,幸福一森38743,m,https://m.weibo.cn/u/7356449566?launchid=10000360-page_H5,"https://tvax1.sinaimg.cn/crop.0.0.1080.1080.180/0081QUAmly8gt0ax6kqf4j30u00u0wez.jpg?KID=imgbed,tva&Expires=1778494113&ssig=04yOCZD5l3",search_comments_2026-05-11.csv,search_comment,他们眼里平台好像是傻的跟钱过不去一样,True,False
5297330479702766,1778494269,2026-05-11 10:11:09+08:00,5297329721837494,藏海传还是太爆了，2好好搞，1给我横扫奖项，肖战最佳男主当之无愧！,3,335,1778483315754,广东,5297330479702766,2943466103,陈橙橙要有钱吖,f,https://m.weibo.cn/u/2943466103?launchid=10000360-page_H5,"https://tvax4.sinaimg.cn/crop.0.0.1080.1080.180/af71ba77ly8i9f5idy5gej20u00u042l.jpg?KID=imgbed,tva&Expires=1778494113&ssig=03RisBtdsK",search_comments_2026-05-11.csv,search_comment,藏海传还是太爆了2好好搞1给我横扫奖项肖战最佳男主当之无愧,True,False
5297355179951737,1778500158,2026-05-11 11:49:18+08:00,5297334902850591,到底要给自己买多少热搜才能消停啊,1,67,1778483376048,江苏,5297355179951737,5440543954,阿虾tuan,m,https://m.weibo.cn/u/5440543954?launchid=10000360-page_H5,"https://tvax3.sinaimg.cn/crop.0.0.512.512.180/005WbY0Wly8hr7i6rrzh5j30e80e8t9b.jpg?KID=imgbed,tva&Expires=1778494174&ssig=evL2TAkhfg",search_comments_2026-05-11.csv,search_comment,到底要给自己买多少热搜才能消停啊,True,False
5297355014278563,1778500118,2026-05-11 11:48:38+08:00,5297334902850591,我的妈以为李维嘉见男友父母,1,14,1778483376053,湖北,5297355014278563,6480448079,嗯嗯很牛,m,https://m.weibo.cn/u/6480448079?launchid=10000360-page_H5,"https://tvax4.sinaimg.cn/crop.0.0.996.996.180/0074ziA7ly8g62nzshaoej30ro0rojt6.jpg?KID=imgbed,tva&Expires=1778494174&ssig=5olfqWJn1f",search_comments_2026-05-11.csv,search_comment,我的妈以为李维嘉见男友父母,True,False
5297361666705688,1778501704,2026-05-11 12:15:04+08:00,5297334902850591,你这么有钱，当然喜欢啊,0,10,1778483376058,重庆,5297361666705688,5194392613,小眼也性感,f,https://m.weibo.cn/u/5194392613?launchid=10000360-page_H5,"https://tvax2.sinaimg.cn/crop.0.0.1080.1080.180/005Fx8O1ly8gzt0tm6yj9j30u00u0dir.jpg?KID=imgbed,tva&Expires=1778494174&ssig=r3Jz2ku4uU",search_comments_2026-05-11.csv,search_comment,你这么有钱当然喜欢啊,True,False
5297159929072555,1778453606,2026-05-10 22:53:26+08:00,5297159408978105,李嘉格新男友帅不帅？,2,5,1778483382466,贵州,5297159929072555,6598625685,香椿这玩意到底谁爱吃-,f,https://m.weibo.cn/u/6598625685?launchid=10000360-page_H5,"https://tvax4.sinaimg.cn/crop.0.0.1080.1080.180/007cz9Yxly8iaadirped0j30u00u0mz0.jpg?KID=imgbed,tva&Expires=1778494180&ssig=NOnjBe3oMp",search_comments_2026-05-11.csv,search_comment,李嘉格新男友帅不帅,True,False
5297160122010998,1778453652,2026-05-10 22:54:12+08:00,5297159408978105,李嘉格新男友真的好帅，比车澈帅多了,1,5,1778483382473,贵州,5297160122010998,7903747625,吉光片羽-v,f,https://m.weibo.cn/u/7903747625?launchid=10000360-page_H5,"https://tvax3.sinaimg.cn/crop.0.0.1080.1080.180/008CTjOply8ib141ql9raj30u00u0q6e.jpg?KID=imgbed,tva&Expires=1778494180&ssig=meuHLyXlqW",search_comments_2026-05-11.csv,search_comment,李嘉格新男友真的好帅比车澈帅多了,True,False
5297159747404696,1778453562,2026-05-10 22:52:42+08:00,5297159408978105,李嘉格离开车澈后过得更好了,0,4,1778483382478,贵州,5297159747404696,6598625685,香椿这玩意到底谁爱吃-,f,https://m.weibo.cn/u/6598625685?launchid=10000360-page_H5,"https://tvax4.sinaimg.cn/crop.0.0.1080.1080.180/007cz9Yxly8iaadirped0j30u00u0mz0.jpg?KID=imgbed,tva&Expires=1778494180&ssig=NOnjBe3oMp",search_comments_2026-05-11.csv,search_comment,李嘉格离开车澈后过得更好了,True,False
5297405343828951,1778512118,2026-05-11 15:08:38+08:00,5297404825305234,能顺利被男方父母接纳，说明人品、相处模式都被认可，家人的态度其实是最能说明问题的。,0,1,1778483388922,湖北,5297405343828951,1860640491,Jan3简,f,https://m.weibo.cn/u/1860640491?launchid=10000360-page_H5,"https://tvax2.sinaimg.cn/crop.0.0.1080.1080.180/6ee71eebly8ia9jbt20q7j20u00u0gmt.jpg?KID=imgbed,tva&Expires=1778494186&ssig=zG9aJlRRf0",search_comments_2026-05-11.csv,search_comment,能顺利被男方父母接纳说明人品相处模式都被认可家人的态度其实是最能说明问题的,True,False
5297405134378246,1778512068,2026-05-11 15:07:48+08:00,5297404825305234,不用被世俗标准绑架，舒服自在、被人认可的爱情，才最珍贵。,0,1,1778483388925,湖北,5297405134378246,1860640491,Jan3简,f,https://m.weibo.cn/u/1860640491?launchid=10000360-page_H5,"https://tvax2.sinaimg.cn/crop.0.0.1080.1080.180/6ee71eebly8ia9jbt20q7j20u00u0gmt.jpg?KID=imgbed,tva&Expires=1778494186&ssig=zG9aJlRRf0",search_comments_2026-05-11.csv,search_comment,不用被世俗标准绑架舒服自在被人认可的爱情才最珍贵,True,False
5297405060713071,1778512050,2026-05-11 15:07:30+08:00,5297404825305234,能被对方父母真心接纳认可，就说明这段感情得到了家人的肯定，是踏实靠谱的。,0,1,1778483388928,湖北,5297405060713071,1860640491,Jan3简,f,https://m.weibo.cn/u/1860640491?launchid=10000360-page_H5,"https://tvax2.sinaimg.cn/crop.0.0.1080.1080.180/6ee71eebly8ia9jbt20q7j20u00u0gmt.jpg?KID=imgbed,tva&Expires=1778494186&ssig=zG9aJlRRf0",search_comments_2026-05-11.csv,search_comment,能被对方父母真心接纳认可就说明这段感情得到了家人的肯定是踏实靠谱的,True,False
5297404878258718,1778512006,2026-05-11 15:06:46+08:00,5297399443753444,看李嘉格现在的状态，说明过得很幸福,0,0,1778483395474,江苏,5297404878258718,1728052523,秋天与泡芙,f,https://m.weibo.cn/u/1728052523?launchid=10000360-page_H5,"https://tvax3.sinaimg.cn/crop.0.0.563.563.180/66fffd2bly8i7axx44bv7j20fn0fnq3o.jpg?KID=imgbed,tva&Expires=1778494193&ssig=MN7htI03YB",search_comments_2026-05-11.csv,search_comment,看李嘉格现在的状态说明过得很幸福,True,False
5297403653788427,1778511715,2026-05-11 15:01:55+08:00,5297399443753444,这个感觉他们好甜,0,0,1778483395478,广东,5297403653788427,7047890066,紫依梦亿,m,https://m.weibo.cn/u/7047890066?launchid=10000360-page_H5,"https://tvax3.sinaimg.cn/crop.0.0.1080.1080.180/007GYeaely8i4tk01bcb0j30u00u0dia.jpg?KID=imgbed,tva&Expires=1778494193&ssig=KAEwja%2Fuv%2B",search_comments_2026-05-11.csv,search_comment,这个感觉他们好甜,True,False
5297405469919347,1778512148,2026-05-11 15:09:08+08:00,5297399443753444,我觉得他们这样子好甜,0,0,1778483395480,广东,5297405469919347,6367417939,风吹过slowly,f,https://m.weibo.cn/u/6367417939?launchid=10000360-page_H5,"https://tvax2.sinaimg.cn/crop.0.0.1080.1080.180/006WV2hlly8i459w22uknj30u00u0djr.jpg?KID=imgbed,tva&Expires=1778494193&ssig=7b8dhHavCB",search_comments_2026-05-11.csv,search_comment,我觉得他们这样子好甜,True,False
5297403830995369,1778511757,2026-05-11 15:02:37+08:00,5297403390328909,这婆婆情商太高了吧！李嘉格真的嫁对人了~,0,0,1778483401814,AI吃瓜罗伯特,5297403830995369,5606716867,吃瓜罗伯特,f,https://m.weibo.cn/u/5606716867?launchid=10000360-page_H5,"https://tvax1.sinaimg.cn/crop.0.0.921.921.180/0067rdbdly8ibrqhbg0vxj30pl0pl404.jpg?KID=imgbed,tva&Expires=1778494199&ssig=q%2BX3MuGJE%2F",search_comments_2026-05-11.csv,search_comment,这婆婆情商太高了吧李嘉格真的嫁对人了,True,False
5297354960011938,1778500105,2026-05-11 11:48:25+08:00,5297350974636506,又一对姐弟恋，祝福,0,3,1778483424934,广东,5297354960011938,5254060810,彩彩-ing,f,https://m.weibo.cn/u/5254060810?launchid=10000360-page_H5,"https://tvax4.sinaimg.cn/crop.0.0.1080.1080.180/005Jzveily8i5uz23eiq3j30u00u079r.jpg?KID=imgbed,tva&Expires=1778494223&ssig=Kgwc54%2FEsh",search_comments_2026-05-11.csv,search_comment,又一对姐弟恋祝福,True,False
5297354792240167,1778500065,2026-05-11 11:47:45+08:00,5297350974636506,李嘉格越来越清醒了,0,3,1778483424942,天津,5297354792240167,7499970224,小冷旻子,f,https://m.weibo.cn/u/7499970224?launchid=10000360-page_H5,"https://tvax1.sinaimg.cn/crop.0.0.1080.1080.180/008bz6RGly8icqc05i7zrj30u00u0q4p.jpg?KID=imgbed,tva&Expires=1778494223&ssig=J0cO5URmHZ",search_comments_2026-05-11.csv,search_comment,李嘉格越来越清醒了,True,False
5297362512907466,1778501906,2026-05-11 12:18:26+08:00,5297350974636506,自己幸福就好了,0,1,1778483424947,四川,5297362512907466,6573849678,Eustoma简要来财了,f,https://m.weibo.cn/u/6573849678?launchid=10000360-page_H5,"https://tvax3.sinaimg.cn/crop.0.0.1080.1080.180/007aTcBwly8ickl2dxqy4j30u00u00tn.jpg?KID=imgbed,tva&Expires=1778494223&ssig=xLK2C1HTfc",search_comments_2026-05-11.csv,search_comment,自己幸福就好了,True,False
5297377264011129,1778505423,2026-05-11 13:17:03+08:00,5297354108309154,这婆婆也太好了吧！神仙家庭 [语音评论4&quot;],0,0,1778483431328,AI吃瓜罗伯特,5297377264011129,5606716867,吃瓜罗伯特,f,https://m.weibo.cn/u/5606716867?launchid=10000360-page_H5,"https://tvax1.sinaimg.cn/crop.0.0.921.921.180/0067rdbdly8ibrqhbg0vxj30pl0pl404.jpg?KID=imgbed,tva&Expires=1778494229&ssig=hPsBE3lLXf",search_comments_2026-05-11.csv,search_comment,这婆婆也太好了吧神仙家庭 语音评论4quot,True,False
5297337020711937,1778495828,2026-05-11 10:37:08+08:00,5297336483318833,初夏新雨，与风同舞，流连芬芳秘境，轻嗅诗意盎然，感谢@Coach蔻驰 的选择与青睐，恭喜刘宇解锁蔻驰香水大中华区代言人全新身份，新篇共启，期待携手共赴浪漫之约。@刘宇Yu_,0,274,1778483465319,上海,5297337020711937,1740273274,宇与鱼遇雨欲语于宇,f,https://m.weibo.cn/u/1740273274?launchid=10000360-page_H5,"https://tvax1.sinaimg.cn/crop.0.0.1080.1080.180/67ba767aly8icmwqir1fij20u00u0acu.jpg?KID=imgbed,tva&Expires=1778494263&ssig=2hlgoSSgds",search_comments_2026-05-11.csv,search_comment,初夏新雨与风同舞流连芬芳秘境轻嗅诗意盎然感谢 的选择与青睐恭喜刘宇解锁蔻驰香水大中华区代言人全新身份新篇共启期待携手共赴浪漫之约,True,False
5297338329599331,1778496140,2026-05-11 10:42:20+08:00,5297336483318833,期待COACH蔻驰香水大中华区代言人刘宇,1,250,1778483465322,上海,5297338329599331,7601043342,5A摸鱼Yu_,f,https://m.weibo.cn/u/7601043342?launchid=10000360-page_H5,"https://tvax3.sinaimg.cn/crop.0.0.1080.1080.180/008ipcBgly8iadb6rzj57j30u00u0n30.jpg?KID=imgbed,tva&Expires=1778494263&ssig=IBWIUJaXjK",search_comments_2026-05-11.csv,search_comment,期待COACH蔻驰香水大中华区代言人刘宇,True,False
5297383544193518,1778506920,2026-05-11 13:42:00+08:00,5297383472104238,阳光，是前行的火，点亮我们前行的灯；阳光，是前行的灯，照亮我们前行的路，拥有阳光，帮助我们驶向成功的码头。,0,1,1778483471683,四川,5297383544193518,5491099561,云佑渝,f,https://m.weibo.cn/u/5491099561?launchid=10000360-page_H5,"https://tvax2.sinaimg.cn/crop.0.0.1080.1080.180/005ZC5PXly8iad9i3aox0j30u00u00v7.jpg?KID=imgbed,tva&Expires=1778494269&ssig=0fw8sp2Mje",search_comments_2026-05-11.csv,search_comment,阳光是前行的火点亮我们前行的灯阳光是前行的灯照亮我们前行的路拥有阳光帮助我们驶向成功的码头,True,False
5297383531350352,1778506917,2026-05-11 13:41:57+08:00,5297383472104238,诚信，是做人的第一品质，是为人处世之本，是为人之德的核心。诚信，是古老中国文化的瑰宝，也是现代文明的基石。是重信用、守承诺、讲信誉，也是忠诚老实，诚恳待人。,0,1,1778483471690,四川,5297383531350352,5491099561,云佑渝,f,https://m.weibo.cn/u/5491099561?launchid=10000360-page_H5,"https://tvax2.sinaimg.cn/crop.0.0.1080.1080.180/005ZC5PXly8iad9i3aox0j30u00u00v7.jpg?KID=imgbed,tva&Expires=1778494269&ssig=0fw8sp2Mje",search_comments_2026-05-11.csv,search_comment,诚信是做人的第一品质是为人处世之本是为人之德的核心诚信是古老中国文化的瑰宝也是现代文明的基石是重信用守承诺讲信誉也是忠诚老实诚恳待人,True,False
5297383522959794,1778506914,2026-05-11 13:41:54+08:00,5297383472104238,新时代是奋斗者的时代，更是青年人担当作为的时代。青年应敢于担当、志存高远，开拓进取、奋力前行，肩负起一代更比一代强的责任，锻造精彩人生，用奋斗点亮青春之光。,0,1,1778483471695,四川,5297383522959794,5491099561,云佑渝,f,https://m.weibo.cn/u/5491099561?launchid=10000360-page_H5,"https://tvax2.sinaimg.cn/crop.0.0.1080.1080.180/005ZC5PXly8iad9i3aox0j30u00u00v7.jpg?KID=imgbed,tva&Expires=1778494269&ssig=0fw8sp2Mje",search_comments_2026-05-11.csv,search_comment,新时代是奋斗者的时代更是青年人担当作为的时代青年应敢于担当志存高远开拓进取奋力前行肩负起一代更比一代强的责任锻造精彩人生用奋斗点亮青春之光,True,False
5297377234913039,1778505416,2026-05-11 13:16:56+08:00,5297376924798758,刘宇宝宝太牛了,0,0,1778483478078,山西,5297377234913039,9041955071,小宇滴o,f,https://m.weibo.cn/u/9041955071?launchid=10000360-page_H5,"https://tvax3.sinaimg.cn/crop.0.0.1080.1080.180/009RV7z1ly8ibuganrxcrj30u00u076p.jpg?KID=imgbed,tva&Expires=1778494276&ssig=kr6Ad1jiZK",search_comments_2026-05-11.csv,search_comment,刘宇宝宝太牛了,True,False
5297377436762778,1778505464,2026-05-11 13:17:44+08:00,5297376924798758,刘宇yyds！他的每一次亮相都让人眼前一亮，期待他在《月鳞绮纪》中的精彩表现！  （话说回来，刘宇宝宝的新香水广告真是撩人心弦啊~） [语音评论12&quot;],0,0,1778483478084,AI吃瓜罗伯特,5297377436762778,5606716867,吃瓜罗伯特,f,https://m.weibo.cn/u/5606716867?launchid=10000360-page_H5,"https://tvax1.sinaimg.cn/crop.0.0.921.921.180/0067rdbdly8ibrqhbg0vxj30pl0pl404.jpg?KID=imgbed,tva&Expires=1778494276&ssig=vbwd7ONLm7",search_comments_2026-05-11.csv,search_comment,刘宇yyds他的每一次亮相都让人眼前一亮期待他在月鳞绮纪中的精彩表现  话说回来刘宇宝宝的新香水广告真是撩人心弦啊 语音评论12quot,True,False
5297361402467014,1778501641,2026-05-11 12:14:01+08:00,5297361020518650,没有什么比坚持更重要，因为坚持是通往成功的唯一路径，只要你不放弃就会有收获。,1,1,1778483484542,浙江,5297361402467014,7140445333,元宝咩咩_,f,https://m.weibo.cn/u/7140445333?launchid=10000360-page_H5,"https://tvax3.sinaimg.cn/crop.0.0.915.915.180/007NeA17ly8icr6nxspn7j30pf0pf77o.jpg?KID=imgbed,tva&Expires=1778494282&ssig=dSqfyRvQML",search_comments_2026-05-11.csv,search_comment,没有什么比坚持更重要因为坚持是通往成功的唯一路径只要你不放弃就会有收获,True,False
5297361377034519,1778501634,2026-05-11 12:13:54+08:00,5297361020518650,你不能左右天气，但你可以改变心情；你不能改变过去，但你可以决定未来。,1,1,1778483484552,浙江,5297361377034519,7140445333,元宝咩咩_,f,https://m.weibo.cn/u/7140445333?launchid=10000360-page_H5,"https://tvax3.sinaimg.cn/crop.0.0.915.915.180/007NeA17ly8icr6nxspn7j30pf0pf77o.jpg?KID=imgbed,tva&Expires=1778494282&ssig=dSqfyRvQML",search_comments_2026-05-11.csv,search_comment,你不能左右天气但你可以改变心情你不能改变过去但你可以决定未来,True,False
5297361347677226,1778501628,2026-05-11 12:13:48+08:00,5297361020518650,确定目标和方向，然后付诸于行动，不等待，不纠结，不焦灼，不退步，一步一个脚印地努力前行。,1,1,1778483484557,浙江,5297361347677226,7140445333,元宝咩咩_,f,https://m.weibo.cn/u/7140445333?launchid=10000360-page_H5,"https://tvax3.sinaimg.cn/crop.0.0.915.915.180/007NeA17ly8icr6nxspn7j30pf0pf77o.jpg?KID=imgbed,tva&Expires=1778494282&ssig=dSqfyRvQML",search_comments_2026-05-11.csv,search_comment,确定目标和方向然后付诸于行动不等待不纠结不焦灼不退步一步一个脚印地努力前行,True,False
5297333182926022,1778494913,2026-05-11 10:21:53+08:00,5297330317689402,感觉适合我！！！,1,0,1778483491120,广东,5297333182926022,2440188132,nn5678,f,https://m.weibo.cn/u/2440188132?launchid=10000360-page_H5,"https://tvax2.sinaimg.cn/crop.0.0.1080.1080.180/917250e4ly8h6y2g91etrj20u00u0gnt.jpg?KID=imgbed,tva&Expires=1778494289&ssig=Glub1bEkTs",search_comments_2026-05-11.csv,search_comment,感觉适合我,True,False
5297332469638271,1778494743,2026-05-11 10:19:03+08:00,5297330317689402,包装好精致捏喜欢喜欢！！！,1,0,1778483491125,新疆,5297332469638271,7218239301,小圆想你啦-,f,https://m.weibo.cn/u/7218239301?launchid=10000360-page_H5,"https://tvax3.sinaimg.cn/crop.0.0.1080.1080.180/007SuZMxly8icvnv84n33j30u00u0414.jpg?KID=imgbed,tva&Expires=1778494289&ssig=aMSMop6rQf",search_comments_2026-05-11.csv,search_comment,包装好精致捏喜欢喜欢,True,False
5297365044956012,1778502510,2026-05-11 12:28:30+08:00,5297330317689402,哇塞，玫瑰香哎,0,1,1778483491129,安徽,5297365044956012,7459539310,踩了月亮的兔子,f,https://m.weibo.cn/u/7459539310?launchid=10000360-page_H5,"https://tvax3.sinaimg.cn/crop.0.0.1080.1080.180/0088PsWaly8ici9ixz83dj30u00u0q4q.jpg?KID=imgbed,tva&Expires=1778494289&ssig=jeAYJM7zGg",search_comments_2026-05-11.csv,search_comment,哇塞玫瑰香哎,True,False
5297327736887289,1778493615,2026-05-11 10:00:15+08:00,5297327684191259,哇！！！恭喜小宇成为COACH蔻驰香水大中华区代言人！！！简直太棒啦！！！,15,3258,1778483497662,河南,5297327736887289,3192354264,欢迎来到小晚星球,f,https://m.weibo.cn/u/3192354264?launchid=10000360-page_H5,"https://tvax1.sinaimg.cn/crop.0.0.512.512.180/be4775d8ly8i5modpeadcj20e80e8dgf.jpg?KID=imgbed,tva&Expires=1778494295&ssig=y3N9zKIOYd",search_comments_2026-05-11.csv,search_comment,哇恭喜小宇成为COACH蔻驰香水大中华区代言人简直太棒啦,True,False
5297327736891953,1778493615,2026-05-11 10:00:15+08:00,5297327684191259,恭喜小宇成为蔻驰香水大中华区代言人🎉🎉🎉🎉🎉🎉🎉🎉🎉🎉,5,2888,1778483497667,广西,5297327736891953,3025569507,若是潇湘妃子,f,https://m.weibo.cn/u/3025569507?launchid=10000360-page_H5,"https://tvax2.sinaimg.cn/crop.0.0.1080.1080.180/b45686e3ly8i5vijzjhptj20u00u0q4c.jpg?KID=imgbed,tva&Expires=1778494295&ssig=Q%2FyCQEgYte",search_comments_2026-05-11.csv,search_comment,恭喜小宇成为蔻驰香水大中华区代言人,True,False
5297327759952439,1778493620,2026-05-11 10:00:20+08:00,5297327684191259,恭喜宝宝解锁新身份！！,2,2566,1778483497671,江苏,5297327759952439,5668924970,一碗小宇粥_活力四射版,f,https://m.weibo.cn/u/5668924970?launchid=10000360-page_H5,"https://tvax3.sinaimg.cn/crop.0.0.1080.1080.180/006bEelIly8ht1mbzn53hj30u00u0tas.jpg?KID=imgbed,tva&Expires=1778494295&ssig=tE8L%2FkxBQf",search_comments_2026-05-11.csv,search_comment,恭喜宝宝解锁新身份,True,False
5297362948066474,1778502010,2026-05-11 12:20:10+08:00,5297351989921689,优质评论主要包括三类：真实互动如“太好了家楼下就有屈臣氏”突出购买便利性；有趣表达如“拿下拿下！刘宇蒸蚌！”用谐音梗增添活力；有价值原创如“南风携暖意送来少年的礼物...”描绘香氛意境，构建完整故事场景。这些评论均围绕粉丝支持与产品体验展开...查看全部戳-&gt;微博智搜,0,31,1778483504234,微博智搜AI生成,5297362948066474,7892270010,微博智搜,f,https://m.weibo.cn/u/7892270010?launchid=10000360-page_H5,"https://tvax2.sinaimg.cn/crop.0.0.1080.1080.180/008C79XAly8i5grzh416kj30u00u0t8z.jpg?KID=imgbed,tva&Expires=1778494302&ssig=E%2F6GKb3oOM",search_comments_2026-05-11.csv,search_comment,优质评论主要包括三类真实互动如太好了家楼下就有屈臣氏突出购买便利性有趣表达如拿下拿下刘宇蒸蚌用谐音梗增添活力有价值原创如南风携暖意送来少年的礼物描绘香氛意境构建完整故事场景这些评论均围绕粉丝支持与产品体验展开查看全部戳gt微博智搜,True,False
5297361360522720,1778501631,2026-05-11 12:13:51+08:00,5297351989921689,水色寄语，蒸腾心动温度，闻风至，沐雨归，与@Coach蔻驰 香水大中华区代言人刘宇一起抵达香氛宇宙，漫游星河，铭刻流动浪漫。@刘宇Yu_,0,188,1778483504239,上海,5297361360522720,1740273274,宇与鱼遇雨欲语于宇,f,https://m.weibo.cn/u/1740273274?launchid=10000360-page_H5,"https://tvax1.sinaimg.cn/crop.0.0.1080.1080.180/67ba767aly8icmwqir1fij20u00u0acu.jpg?KID=imgbed,tva&Expires=1778494302&ssig=18YqR5jCdC",search_comments_2026-05-11.csv,search_comment,水色寄语蒸腾心动温度闻风至沐雨归与 香水大中华区代言人刘宇一起抵达香氛宇宙漫游星河铭刻流动浪漫,True,False
5297361310188254,1778501619,2026-05-11 12:13:39+08:00,5297351989921689,镌刻甜蜜约定，交织心动乐章，轻嗅夏意，遥望冬语，@Coach蔻驰 香水大中华区代言人刘宇邀你共同赴约香气故事，笔触灵动，气韵翩然，沉醉芳香之旅。@刘宇Yu_,0,183,1778483504243,上海,5297361310188254,1740273274,宇与鱼遇雨欲语于宇,f,https://m.weibo.cn/u/1740273274?launchid=10000360-page_H5,"https://tvax1.sinaimg.cn/crop.0.0.1080.1080.180/67ba767aly8icmwqir1fij20u00u0acu.jpg?KID=imgbed,tva&Expires=1778494302&ssig=18YqR5jCdC",search_comments_2026-05-11.csv,search_comment,镌刻甜蜜约定交织心动乐章轻嗅夏意遥望冬语 香水大中华区代言人刘宇邀你共同赴约香气故事笔触灵动气韵翩然沉醉芳香之旅,True,False
5297333116076831,1778494897,2026-05-11 10:21:37+08:00,5297332758774414,哇，感觉很好闻很适合我诶,0,0,1778483510624,广东,5297333116076831,2440188132,nn5678,f,https://m.weibo.cn/u/2440188132?launchid=10000360-page_H5,"https://tvax2.sinaimg.cn/crop.0.0.1080.1080.180/917250e4ly8h6y2g91etrj20u00u0gnt.jpg?KID=imgbed,tva&Expires=1778494308&ssig=JhPWRYi%2BJX",search_comments_2026-05-11.csv,search_comment,哇感觉很好闻很适合我诶,True,False
5297377713849324,1778505530,2026-05-11 13:18:50+08:00,5297332758774414,香水瓶好漂亮,0,0,1778483510634,安徽,5297377713849324,5979736993,雨滴翠,f,https://m.weibo.cn/u/5979736993?launchid=10000360-page_H5,"https://tvax3.sinaimg.cn/crop.0.0.664.664.180/006wGmKRly8fwwl4dl3b7j30ig0igjsm.jpg?KID=imgbed,tva&Expires=1778494308&ssig=3yrgrK0c1z",search_comments_2026-05-11.csv,search_comment,香水瓶好漂亮,True,False
5297363916950928,1778502241,2026-05-11 12:24:01+08:00,5297362282220021,他们两个现在很幸福呢,2,10,1778483524263,云南,5297363916950928,1830887007,·小天狼星,m,https://m.weibo.cn/u/1830887007?launchid=10000360-page_H5,"https://tvax3.sinaimg.cn/crop.0.0.1080.1080.180/6d211e5fly8ibpbcjy4hrj20u00u0whl.jpg?KID=imgbed,tva&Expires=1778494322&ssig=3NP%2B2NW%2BuB",search_comments_2026-05-11.csv,search_comment,他们两个现在很幸福呢,True,False
5297363224625780,1778502076,2026-05-11 12:21:16+08:00,5297362282220021,好般配的两个人，他们的小孩应该会很帅,1,10,1778483524267,广东,5297363224625780,6084117007,六月is_your_island,m,https://m.weibo.cn/u/6084117007?launchid=10000360-page_H5,"https://tvax3.sinaimg.cn/crop.0.0.1080.1080.180/006DKkLtly8icevov7cowj30u00u040z.jpg?KID=imgbed,tva&Expires=1778494322&ssig=MtS5wC8Gj%2F",search_comments_2026-05-11.csv,search_comment,好般配的两个人他们的小孩应该会很帅,True,False
5297359669170994,1778501228,2026-05-11 12:07:08+08:00,5297356757273565,你觉得这个名字取得好吗,2,3,1778483530830,浙江,5297359669170994,2017508361,甜芷龍的锁骨,f,https://m.weibo.cn/u/2017508361?launchid=10000360-page_H5,"https://tvax3.sinaimg.cn/crop.0.0.798.798.180/7840bc09ly8ibtf94lavlj20m60m6757.jpg?KID=imgbed,tva&Expires=1778494328&ssig=DvyY9s22T3",search_comments_2026-05-11.csv,search_comment,你觉得这个名字取得好吗,True,False
5297357241192097,1778500649,2026-05-11 11:57:29+08:00,5297356757273565,陈伟霆都有儿子了啊,1,5,1778483530837,辽宁,5297357241192097,6306698102,对女神心动了吗,f,https://m.weibo.cn/u/6306698102?launchid=10000360-page_H5,"https://tvax4.sinaimg.cn/crop.0.0.1080.1080.180/006SOgh8ly8ibvx4t8iu6j30u00u00un.jpg?KID=imgbed,tva&Expires=1778494328&ssig=tgt5RiVakt",search_comments_2026-05-11.csv,search_comment,陈伟霆都有儿子了啊,True,False
5297357302271106,1778500664,2026-05-11 11:57:44+08:00,5297356757273565,名字的寓意很好呀！沉稳又大气,1,6,1778483530840,山东,5297357302271106,7595310906,昂你没事吧,f,https://m.weibo.cn/u/7595310906?launchid=10000360-page_H5,"https://tvax1.sinaimg.cn/crop.0.0.1080.1080.180/008i19kCly8id0pckudk7j30u00u0ju2.jpg?KID=imgbed,tva&Expires=1778494328&ssig=GxzEl9YqfM",search_comments_2026-05-11.csv,search_comment,名字的寓意很好呀沉稳又大气,True,False
5297361826088780,1778501742,2026-05-11 12:15:42+08:00,5297361209526162,好幸福啊一家,1,12,1778483537405,广东,5297361826088780,7848396987,叁壹公里,m,https://m.weibo.cn/u/7848396987?launchid=10000360-page_H5,"https://tvax2.sinaimg.cn/crop.0.0.1080.1080.180/008z94Ably8iclc1c249ij30u00u0t9q.jpg?KID=imgbed,tva&Expires=1778494335&ssig=gIzzyuPSVN",search_comments_2026-05-11.csv,search_comment,好幸福啊一家,True,False
5297361756885963,1778501726,2026-05-11 12:15:26+08:00,5297361209526162,不敢想长大有多好看,1,12,1778483537409,福建,5297361756885963,7800347293,_别扯我兔耳-,f,https://m.weibo.cn/u/7800347293?launchid=10000360-page_H5,"https://tvax3.sinaimg.cn/crop.0.0.1080.1080.180/008vTsF7ly8icq9zafsrzj30u00u0wgk.jpg?KID=imgbed,tva&Expires=1778494335&ssig=aszZEZWgE6",search_comments_2026-05-11.csv,search_comment,不敢想长大有多好看,True,False
5297361498933972,1778501664,2026-05-11 12:14:24+08:00,5297361209526162,郎才女貌神仙组合，默默幸福低调过日子，温柔又治愈，太美好了,0,14,1778483537413,广东,5297361498933972,7758099858,Dora_拉拉,f,https://m.weibo.cn/u/7758099858?launchid=10000360-page_H5,"https://tvax2.sinaimg.cn/crop.0.0.1080.1080.180/008t2caSly8icya3cfppwj30u00u0abg.jpg?KID=imgbed,tva&Expires=1778494335&ssig=T5FNPO%2BQUb",search_comments_2026-05-11.csv,search_comment,郎才女貌神仙组合默默幸福低调过日子温柔又治愈太美好了,True,False
5297367190605308,1778503021,2026-05-11 12:37:01+08:00,5297365785510473,bu vuo ow,1,3,1778483543924,北京,5297367190605308,2291374854,TianYooooooo,f,https://m.weibo.cn/u/2291374854?launchid=10000360-page_H5,"https://tvax4.sinaimg.cn/crop.0.0.1080.1080.180/88939b06ly8ica1tu6ygwj20u00u0taf.jpg?KID=imgbed,tva&Expires=1778494341&ssig=91XmycQBDk",search_comments_2026-05-11.csv,search_comment,bu vuo ow,True,False
5297365850260227,1778502702,2026-05-11 12:31:42+08:00,5297365722336314,小名也很好听,0,16,1778483550311,吉林,5297365850260227,7765321452,郁禾祈轩意,f,https://m.weibo.cn/u/7765321452?launchid=10000360-page_H5,"https://tvax2.sinaimg.cn/crop.0.0.1080.1080.180/008twuQcly8iczn28rykkj30u00u0myj.jpg?KID=imgbed,tva&Expires=1778494348&ssig=90xj5vu2JF",search_comments_2026-05-11.csv,search_comment,小名也很好听,True,False
5297365825095018,1778502696,2026-05-11 12:31:36+08:00,5297365722336314,小宝宝很可爱,0,16,1778483550315,吉林,5297365825095018,7765321452,郁禾祈轩意,f,https://m.weibo.cn/u/7765321452?launchid=10000360-page_H5,"https://tvax2.sinaimg.cn/crop.0.0.1080.1080.180/008twuQcly8iczn28rykkj30u00u0myj.jpg?KID=imgbed,tva&Expires=1778494348&ssig=90xj5vu2JF",search_comments_2026-05-11.csv,search_comment,小宝宝很可爱,True,False
5297365783414027,1778502686,2026-05-11 12:31:26+08:00,5297365722336314,有这么漂亮而且人格这么健康的爸爸妈妈，宝宝会生的多漂亮成长的多么幸福啊,0,15,1778483550319,吉林,5297365783414027,7765321452,郁禾祈轩意,f,https://m.weibo.cn/u/7765321452?launchid=10000360-page_H5,"https://tvax2.sinaimg.cn/crop.0.0.1080.1080.180/008twuQcly8iczn28rykkj30u00u0myj.jpg?KID=imgbed,tva&Expires=1778494348&ssig=90xj5vu2JF",search_comments_2026-05-11.csv,search_comment,有这么漂亮而且人格这么健康的爸爸妈妈宝宝会生的多漂亮成长的多么幸福啊,True,False
5297404330643342,1778511876,2026-05-11 15:04:36+08:00,5297403877133059,这波是赢麻了，恭喜恭喜！小Win继承爸妈的好基因，未来的小帅哥呀,0,0,1778483573648,AI吃瓜罗伯特,5297404330643342,5606716867,吃瓜罗伯特,f,https://m.weibo.cn/u/5606716867?launchid=10000360-page_H5,"https://tvax1.sinaimg.cn/crop.0.0.921.921.180/0067rdbdly8ibrqhbg0vxj30pl0pl404.jpg?KID=imgbed,tva&Expires=1778494371&ssig=wSGVANablw",search_comments_2026-05-11.csv,search_comment,这波是赢麻了恭喜恭喜小Win继承爸妈的好基因未来的小帅哥呀,True,False
5297339879396204,1778496510,2026-05-11 10:48:30+08:00,5297338135872213,晚上关灯后 我用左眼看一会 用右眼看一会可以吗,0,35,1778483617906,重庆,5297339879396204,1844090517,小白蔡不甜,m,https://m.weibo.cn/u/1844090517?launchid=10000360-page_H5,"https://tvax3.sinaimg.cn/crop.0.0.512.512.180/6dea9695ly8hnr00bjm1dj20e80e8t94.jpg?KID=imgbed,tva&Expires=1778494415&ssig=6FyOXkRcGE",search_comments_2026-05-11.csv,search_comment,晚上关灯后 我用左眼看一会 用右眼看一会可以吗,True,False
5297341374661066,1778496865,2026-05-11 10:54:25+08:00,5297338135872213,很容易砸脸，一砸一个准的那种,0,79,1778483617912,重庆,5297341374661066,6311399194,小白蔡很甜,f,https://m.weibo.cn/u/6311399194?launchid=10000360-page_H5,"https://tvax2.sinaimg.cn/crop.0.0.1080.1080.180/006T7Zfcly8i6blj1p8mej30u00u0jvw.jpg?KID=imgbed,tva&Expires=1778494415&ssig=7L0ShKmQsG",search_comments_2026-05-11.csv,search_comment,很容易砸脸一砸一个准的那种,True,False
5297381174413538,1778506355,2026-05-11 13:32:35+08:00,5297378124891636,我的天我平常好喜欢躺着玩手机,1,1,1778483624557,浙江,5297381174413538,6872149044,小雨兮茗,m,https://m.weibo.cn/u/6872149044?launchid=10000360-page_H5,"https://tvax3.sinaimg.cn/crop.0.0.1080.1080.180/007v4PTCly8icwu1enmwrj30u00u0ju4.jpg?KID=imgbed,tva&Expires=1778494422&ssig=zgLqFu0qrg",search_comments_2026-05-11.csv,search_comment,我的天我平常好喜欢躺着玩手机,True,False
5297382648712887,1778506707,2026-05-11 13:38:27+08:00,5297378124891636,因为有了手机，眼睛都快瞎了,1,1,1778483624562,四川,5297382648712887,8004065635,才晴肆意,f,https://m.weibo.cn/u/8004065635?launchid=10000360-page_H5,"https://tvax1.sinaimg.cn/crop.55.0.530.530.180/008JGf6Ply8i662tb63zcj30hs0eq3z9.jpg?KID=imgbed,tva&Expires=1778494422&ssig=hEbSFtvcsV",search_comments_2026-05-11.csv,search_comment,因为有了手机眼睛都快瞎了,True,False
5297378610644748,1778505744,2026-05-11 13:22:24+08:00,5297378124891636,好的谢谢博主分享,0,1,1778483624566,安徽,5297378610644748,6228940472,些许清风,f,https://m.weibo.cn/u/6228940472?launchid=10000360-page_H5,"https://tvax2.sinaimg.cn/crop.0.0.1024.1024.180/006NxZXOly8hx4vn8bf31j30sg0sgwhg.jpg?KID=imgbed,tva&Expires=1778494422&ssig=aMA0iWPOss",search_comments_2026-05-11.csv,search_comment,好的谢谢博主分享,True,False
5297368058565336,1778503228,2026-05-11 12:40:28+08:00,5297367412638580,@千问 不良躺卧姿势对眼部屈光有哪些隐患？,1,0,1778483630921,天津,5297368058565336,5864833439,阳光明媚23781,f,https://m.weibo.cn/u/5864833439?launchid=10000360-page_H5,"https://tvax2.sinaimg.cn/crop.0.0.800.800.180/006oUf5Jly8iam726a2p2j30m80m876m.jpg?KID=imgbed,tva&Expires=1778494429&ssig=iG%2FIzleJVK",search_comments_2026-05-11.csv,search_comment, 不良躺卧姿势对眼部屈光有哪些隐患,True,False
5297365960623700,1778502727,2026-05-11 12:32:07+08:00,5297365764277722,气血不足身体会发出哪些信号？@千问,1,0,1778483637336,四川,5297365960623700,5443772282,嘻嘻鱼和三喵,f,https://m.weibo.cn/u/5443772282?launchid=10000360-page_H5,"https://tvax2.sinaimg.cn/crop.0.0.1080.1080.180/005WpvQKly8ibigcwh3ezj30u00u0whu.jpg?KID=imgbed,tva&Expires=1778494435&ssig=pTm0NnnhtO",search_comments_2026-05-11.csv,search_comment,气血不足身体会发出哪些信号,True,False
5297383946848633,1778507016,2026-05-11 13:43:36+08:00,5297383298567399,俺老孙躺着翻筋斗云都行，你这姿势算啥！舒服就成！,1,2,1778483643842,AI生成内容,5297383946848633,7895847291,花果山_孙悟空,m,https://m.weibo.cn/u/7895847291?launchid=10000360-page_H5,"https://tvax2.sinaimg.cn/crop.0.402.690.690.180/008CmazFly8i3eyfa07hzj30j615i43d.jpg?KID=imgbed,tva&Expires=1778494441&ssig=inDQotQNPF",search_comments_2026-05-11.csv,search_comment,俺老孙躺着翻筋斗云都行你这姿势算啥舒服就成,True,False
5297374639687182,1778504797,2026-05-11 13:06:37+08:00,5297374005826283,你的建议，我听了🙉,1,5,1778483650232,北京,5297374639687182,7993794640,乌鸦礼拜-Q,f,https://m.weibo.cn/u/7993794640?launchid=10000360-page_H5,"https://tvax2.sinaimg.cn/crop.0.0.512.512.180/008IZ99Cly8i2cl7o742rj30e80e8t96.jpg?KID=imgbed,tva&Expires=1778494448&ssig=ecoshdWi2H",search_comments_2026-05-11.csv,search_comment,你的建议我听了,True,False
5297375415108274,1778504982,2026-05-11 13:09:42+08:00,5297374005826283,这样啊明白了学起来,0,1,1778483650237,安徽,5297375415108274,7148636152,椿幸织猫序,f,https://m.weibo.cn/u/7148636152?launchid=10000360-page_H5,"https://tvax4.sinaimg.cn/crop.0.0.1080.1080.180/007NMWP6ly8icz3xcoaaoj30u00u075s.jpg?KID=imgbed,tva&Expires=1778494448&ssig=%2FK2tF3BN1L",search_comments_2026-05-11.csv,search_comment,这样啊明白了学起来,True,False
5297374101770682,1778504669,2026-05-11 13:04:29+08:00,5297371501038397,我也挺喜欢躺着看手机的,0,1,1778483656625,河北,5297374101770682,7387086486,热爱生活热爱你呦,m,https://m.weibo.cn/u/7387086486?launchid=10000360-page_H5,"https://tvax3.sinaimg.cn/crop.0.0.1080.1080.180/0083VsEely8i59qogljiqj30u00u0wfk.jpg?KID=imgbed,tva&Expires=1778494454&ssig=l7InX3RsL%2F",search_comments_2026-05-11.csv,search_comment,我也挺喜欢躺着看手机的,True,False
5297374513334423,1778504767,2026-05-11 13:06:07+08:00,5297371501038397,第一个我试过，起来的时候差点没晕过去,0,1,1778483656630,贵州,5297374513334423,7154926004,小猪批发市场,m,https://m.weibo.cn/u/7154926004?launchid=10000360-page_H5,"https://tvax4.sinaimg.cn/crop.0.0.512.512.180/007Odl6kly8icrms3ujsej30e80e83yv.jpg?KID=imgbed,tva&Expires=1778494454&ssig=uguMG%2Fe0SQ",search_comments_2026-05-11.csv,search_comment,第一个我试过起来的时候差点没晕过去,True,False
5297374459331081,1778504753,2026-05-11 13:05:53+08:00,5297371501038397,反正天天都躺着看。,0,1,1778483656634,四川,5297374459331081,1878371081,时尚小夭,f,https://m.weibo.cn/u/1878371081?launchid=10000360-page_H5,"https://tvax2.sinaimg.cn/crop.0.0.1021.1021.180/6ff5ab09ly8hwobosss25j20sd0sddha.jpg?KID=imgbed,tva&Expires=1778494454&ssig=U3s2Qon%2FQ0",search_comments_2026-05-11.csv,search_comment,反正天天都躺着看,True,False
5297339661289421,1778496458,2026-05-11 10:47:38+08:00,5297330695963294,这颜色好特别啊，英国捷豹路虎设计师有点东西,0,7,1778483714288,上海,5297339661289421,5851461482,帕特里克克Patrick,m,https://m.weibo.cn/u/5851461482?launchid=10000360-page_H5,"https://tvax2.sinaimg.cn/crop.0.0.996.996.180/006o08r0ly8ftytqq1bsmj30ro0rp0ui.jpg?KID=imgbed,tva&Expires=1778494512&ssig=oBQJxQ6Iv8",search_comments_2026-05-11.csv,search_comment,这颜色好特别啊英国捷豹路虎设计师有点东西,True,False
5297338916800371,1778496280,2026-05-11 10:44:40+08:00,5297330695963294,很帅的证件照！真的很期待实车的试乘试驾！颜值、品牌、传承、硬核！看看都具备了这些特点的神行者8，开着、玩着坐着到底有多爽！,0,2,1778483714294,北京,5297338916800371,2958936177,四驱小胖,m,https://m.weibo.cn/u/2958936177?launchid=10000360-page_H5,"https://tvax4.sinaimg.cn/crop.0.0.512.512.180/b05dc871ly8h0pjrs76k4j20e80e8q4g.jpg?KID=imgbed,tva&Expires=1778494512&ssig=jExi%2F4kl33",search_comments_2026-05-11.csv,search_comment,很帅的证件照真的很期待实车的试乘试驾颜值品牌传承硬核看看都具备了这些特点的神行者8开着玩着坐着到底有多爽,True,False
5297340565162789,1778496673,2026-05-11 10:51:13+08:00,5297330695963294,快见到了～看起来很有体量感。#神行者8定义豪华新旗舰#,0,1,1778483714299,北京,5297340565162789,6062716018,小志说车,m,https://m.weibo.cn/u/6062716018?launchid=10000360-page_H5,"https://tvax2.sinaimg.cn/crop.81.18.900.900.180/006Cixoely8gy59fiti17j30u0190dhq.jpg?KID=imgbed,tva&Expires=1778494512&ssig=2t5qJJFM0J",search_comments_2026-05-11.csv,search_comment,快见到了看起来很有体量感,True,False
5297328584139138,1778493817,2026-05-11 10:03:37+08:00,5297325853377774,期待实车的越野表现,1,0,1778483720913,湖南,5297328584139138,7194739398,香菜是好吃的耶,f,https://m.weibo.cn/u/7194739398?launchid=10000360-page_H5,"https://tvax3.sinaimg.cn/crop.0.0.1024.1024.180/007QUonQly8hh0y6veibvj30sg0sgwg8.jpg?KID=imgbed,tva&Expires=1778494518&ssig=n1atCDTQ%2Bj",search_comments_2026-05-11.csv,search_comment,期待实车的越野表现,True,False
5297326513193790,1778493322,2026-05-11 09:55:22+08:00,5297325853377774,怎么看着有两个小犄角，可爱风？,1,0,1778483720923,山东,5297326513193790,5701043977,总少点缘分,m,https://m.weibo.cn/u/5701043977?launchid=10000360-page_H5,"https://tvax4.sinaimg.cn/crop.0.0.1080.1080.180/006dOZYdly8i84rfcx9l2j30u00u0ace.jpg?KID=imgbed,tva&Expires=1778494518&ssig=%2BMGosFjgj5",search_comments_2026-05-11.csv,search_comment,怎么看着有两个小犄角可爱风,True,False
5297372805465891,1778504360,2026-05-11 12:59:20+08:00,5297293735234378,奇瑞能把这么多顶级资源整合在一起，确实有实力,0,0,1778483727331,河北,5297372805465891,7114045708,你是仙女的魔法棒,m,https://m.weibo.cn/u/7114045708?launchid=10000360-page_H5,"https://tvax1.sinaimg.cn/crop.0.0.800.800.180/007LrOgIly8hyjd3y8w6hj30m80m8gmp.jpg?KID=imgbed,tva&Expires=1778494525&ssig=EZ8pnJ%2B4ms",search_comments_2026-05-11.csv,search_comment,奇瑞能把这么多顶级资源整合在一起确实有实力,True,False
5297372575041413,1778504305,2026-05-11 12:58:25+08:00,5297277947085372,宁德时代电池的能量密度越来越高,0,0,1778483733920,河北,5297372575041413,7114045708,你是仙女的魔法棒,m,https://m.weibo.cn/u/7114045708?launchid=10000360-page_H5,"https://tvax1.sinaimg.cn/crop.0.0.800.800.180/007LrOgIly8hyjd3y8w6hj30m80m8gmp.jpg?KID=imgbed,tva&Expires=1778494531&ssig=5iyyPfj2EG",search_comments_2026-05-11.csv,search_comment,宁德时代电池的能量密度越来越高,True,False
5297372461531600,1778504277,2026-05-11 12:57:57+08:00,5297277947085372,8397芯片的算力，足够应对未来几年的需求,0,0,1778483733925,青海,5297372461531600,7695480008,随风而去的天空很蓝,f,https://m.weibo.cn/u/7695480008?launchid=10000360-page_H5,"https://tvax2.sinaimg.cn/crop.0.0.1080.1080.180/008oNrTily8hxslkkhjerj30u00u0gpc.jpg?KID=imgbed,tva&Expires=1778494531&ssig=Ybs2KyguDc",search_comments_2026-05-11.csv,search_comment,8397芯片的算力足够应对未来几年的需求,True,False
5297371982595050,1778504164,2026-05-11 12:56:04+08:00,5297277947085372,华为智驾让开车变成一种更放松的事,0,0,1778483733930,天津,5297371982595050,7696620950,奶思的小阿思,m,https://m.weibo.cn/u/7696620950?launchid=10000360-page_H5,"https://tvax2.sinaimg.cn/crop.0.0.800.800.180/008oSeHAly8hyjd4mj33yj30m80m8whs.jpg?KID=imgbed,tva&Expires=1778494531&ssig=hHVmPvhKI4",search_comments_2026-05-11.csv,search_comment,华为智驾让开车变成一种更放松的事,True,False
5296798105077532,1778367341,2026-05-09 22:55:41+08:00,5296797548282865,方盒硬派气场，颜值直接拿捏,1,1,1778483740468,河南,5296798105077532,5643355343,小幸运的冰儿,f,https://m.weibo.cn/u/5643355343?launchid=10000360-page_H5,"https://tvax3.sinaimg.cn/crop.0.0.1080.1080.180/0069UWwnly8ibuj0wd5exj30u00u0go4.jpg?KID=imgbed,tva&Expires=1778494538&ssig=rI0hinw%2BH0",search_comments_2026-05-11.csv,search_comment,方盒硬派气场颜值直接拿捏,True,False
5297153762138223,1778452136,2026-05-10 22:28:56+08:00,5296797548282865,高端大气上档次,0,0,1778483740472,广东,5297153762138223,2743345891,繁星闪烁ctj,m,https://m.weibo.cn/u/2743345891?launchid=10000360-page_H5,"https://tvax4.sinaimg.cn/crop.0.0.751.751.180/a38422e3ly8gej30v7w57j20kv0kvwfw.jpg?KID=imgbed,tva&Expires=1778494538&ssig=H22hkTGTbx",search_comments_2026-05-11.csv,search_comment,高端大气上档次,True,False
5297093289183317,1778437718,2026-05-10 18:28:38+08:00,5296797548282865,大尺寸六座布局，科技豪华兼顾全地形，看着太心动,0,0,1778483740477,河南,5297093289183317,2675218693,爱犯困的小宋,f,https://m.weibo.cn/u/2675218693?launchid=10000360-page_H5,"https://tvax1.sinaimg.cn/crop.0.0.1080.1080.180/9f749905ly8hq9w6yh7tmj20u00u0n0b.jpg?KID=imgbed,tva&Expires=1778494538&ssig=VFUo%2Bxeyln",search_comments_2026-05-11.csv,search_comment,大尺寸六座布局科技豪华兼顾全地形看着太心动,True,False
5297280003605062,1778482234,2026-05-11 06:50:34+08:00,5297178428839436,800V+增程，续航破千，完美,0,4,1778483746863,安徽,5297280003605062,8404894793,梓师傅在比耶耶耶耶耶,f,https://m.weibo.cn/u/8404894793?launchid=10000360-page_H5,"https://tvax4.sinaimg.cn/crop.0.0.1080.1080.180/009aO55fly8iafy5vt7y8j30u00u0tau.jpg?KID=imgbed,tva&Expires=1778494544&ssig=Uv3%2B1dygyV",search_comments_2026-05-11.csv,search_comment,800V增程续航破千完美,True,False
5297279936496580,1778482218,2026-05-11 06:50:18+08:00,5297178428839436,什么时候上市,0,4,1778483746874,安徽,5297279936496580,8404894793,梓师傅在比耶耶耶耶耶,f,https://m.weibo.cn/u/8404894793?launchid=10000360-page_H5,"https://tvax4.sinaimg.cn/crop.0.0.1080.1080.180/009aO55fly8iafy5vt7y8j30u00u0tau.jpg?KID=imgbed,tva&Expires=1778494544&ssig=Uv3%2B1dygyV",search_comments_2026-05-11.csv,search_comment,什么时候上市,True,False
5297178583239505,1778458054,2026-05-11 00:07:34+08:00,5297178375619371,做人存善念，做事留真誠，生活之中，那些覺得別人對不起自己的人，只是將放在別人身上的希望看得太重了而已。做人，只要你不帶目的性的去和別人相處，你便會發現，自己收穫的便會驚喜。,2,1,1778483753368,江苏,5297178583239505,3172272920,温沉丶,m,https://m.weibo.cn/u/3172272920?launchid=10000360-page_H5,"https://tvax2.sinaimg.cn/crop.0.0.1080.1080.180/bd150b18ly8ibi3fhrccwj20u00u075v.jpg?KID=imgbed,tva&Expires=1778494551&ssig=tsHP389hhW",search_comments_2026-05-11.csv,search_comment,做人存善念做事留真誠生活之中那些覺得別人對不起自己的人只是將放在別人身上的希望看得太重了而已做人只要你不帶目的性的去和別人相處你便會發現自己收穫的便會驚喜,True,False
5297178571444740,1778458051,2026-05-11 00:07:31+08:00,5297178375619371,人生路上，遇见善良，学会付出；遇见微笑，学会分享；遇见坎坷，学会勇敢，遇见朋友，学会珍惜，遇见真诚，学会回报。也许这条路艰难，但拥有笑对人生的心态，就有享受人生的能力。,2,1,1778483753373,江苏,5297178571444740,3172272920,温沉丶,m,https://m.weibo.cn/u/3172272920?launchid=10000360-page_H5,"https://tvax2.sinaimg.cn/crop.0.0.1080.1080.180/bd150b18ly8ibi3fhrccwj20u00u075v.jpg?KID=imgbed,tva&Expires=1778494551&ssig=tsHP389hhW",search_comments_2026-05-11.csv,search_comment,人生路上遇见善良学会付出遇见微笑学会分享遇见坎坷学会勇敢遇见朋友学会珍惜遇见真诚学会回报也许这条路艰难但拥有笑对人生的心态就有享受人生的能力,True,False
5297178463702744,1778458025,2026-05-11 00:07:05+08:00,5297178375619371,与其等风来，不如追风去。任何时候，都不要怀疑自己的价值。把行动交给现在，把结果交给时间，把自己活成一束光。有一天你会发现，你已经成为自己的月亮，无需凭借谁的光。,2,1,1778483753392,江苏,5297178463702744,3172272920,温沉丶,m,https://m.weibo.cn/u/3172272920?launchid=10000360-page_H5,"https://tvax2.sinaimg.cn/crop.0.0.1080.1080.180/bd150b18ly8ibi3fhrccwj20u00u075v.jpg?KID=imgbed,tva&Expires=1778494551&ssig=tsHP389hhW",search_comments_2026-05-11.csv,search_comment,与其等风来不如追风去任何时候都不要怀疑自己的价值把行动交给现在把结果交给时间把自己活成一束光有一天你会发现你已经成为自己的月亮无需凭借谁的光,True,False
5297165540790371,1778454944,2026-05-10 23:15:44+08:00,5297164747538966,为中国运动员骄傲,0,6,1778483800577,江苏,5297165540790371,7456341997,陪你九九-yb,m,https://m.weibo.cn/u/7456341997?launchid=10000360-page_H5,"https://tvax2.sinaimg.cn/crop.13.0.613.613.180/0088C3aBly8hi6vqvzw6pj30hs0h1gm9.jpg?KID=imgbed,tva&Expires=1778494598&ssig=sjw%2FXQbxHi",search_comments_2026-05-11.csv,search_comment,为中国运动员骄傲,True,False
5297401411666376,1778511179,2026-05-11 14:52:59+08:00,5297362451042371,真的是特别喜欢莎莎，非常棒呀！,0,1,1778483807044,安徽,5297401411666376,2842576271,太妃糖的甜甜,f,https://m.weibo.cn/u/2842576271?launchid=10000360-page_H5,"https://tvax2.sinaimg.cn/crop.0.0.980.980.180/a96e458fly8ibftdt01azj20r80r8mzu.jpg?KID=imgbed,tva&Expires=1778494605&ssig=hFRJfvHNte",search_comments_2026-05-11.csv,search_comment,真的是特别喜欢莎莎非常棒呀,True,False
5297402412271935,1778511419,2026-05-11 14:56:59+08:00,5297362451042371,孙颖莎真的是太可爱了,0,0,1778483807049,湖北,5297402412271935,7829814538,她说是薄荷糖,m,https://m.weibo.cn/u/7829814538?launchid=10000360-page_H5,"https://tvax1.sinaimg.cn/crop.0.0.1080.1080.180/008xT6rgly8hm7238z9mgj30u00u0n4l.jpg?KID=imgbed,tva&Expires=1778494605&ssig=nixqw7srFi",search_comments_2026-05-11.csv,search_comment,孙颖莎真的是太可爱了,True,False
5297401872779576,1778511290,2026-05-11 14:54:50+08:00,5297362451042371,希望越来越好 努力，就有好成果 加油,0,0,1778483807053,广东,5297401872779576,6974043221,哲么圆,f,https://m.weibo.cn/u/6974043221?launchid=10000360-page_H5,"https://tvax4.sinaimg.cn/crop.0.0.1080.1080.180/007BYne5ly8hxj5ct4v3mj30u00u0tc9.jpg?KID=imgbed,tva&Expires=1778494605&ssig=IesOsuZYov",search_comments_2026-05-11.csv,search_comment,希望越来越好 努力就有好成果 加油,True,False
5297322808312888,1778492440,2026-05-11 09:40:40+08:00,5297319496125533,评论区整体氛围温暖治愈，网友普遍认同“规避痛苦优于追求幸福”，强调在能力范围内减少精神负担；呼吁拒绝内耗与外界压力，果断切断消耗源；主张自身感受至上，认为优先爱自己并非自私而是生存前提。讨论形成“放过自己、轻松活着”的集体共识，鼓励卸下重担...查看全部戳-&gt;微博智搜,0,2,1778483941851,微博智搜AI生成,5297322808312888,7892270010,微博智搜,f,https://m.weibo.cn/u/7892270010?launchid=10000360-page_H5,"https://tvax2.sinaimg.cn/crop.0.0.1080.1080.180/008C79XAly8i5grzh416kj30u00u0t8z.jpg?KID=imgbed,tva&Expires=1778494739&ssig=o1FtqEmKnl",search_comments_2026-05-11.csv,search_comment,评论区整体氛围温暖治愈网友普遍认同规避痛苦优于追求幸福强调在能力范围内减少精神负担呼吁拒绝内耗与外界压力果断切断消耗源主张自身感受至上认为优先爱自己并非自私而是生存前提讨论形成放过自己轻松活着的集体共识鼓励卸下重担查看全部戳gt微博智搜,True,False
5297356949952009,1778500580,2026-05-11 11:56:20+08:00,5297319496125533,#建议不要给自己的人生加重量# 人生本不必负重前行，别过度内耗、别纠结遗憾、别强求圆满。放过自己，少胡思乱想，少自我施压，轻装上阵，日子才会过得温柔又顺遂。,0,0,1778483941856,吉林,5297356949952009,6131025139,Sexcu1,m,https://m.weibo.cn/u/6131025139?launchid=10000360-page_H5,"https://tvax1.sinaimg.cn/crop.0.0.1080.1080.180/006GV9Ifly8ibl7jz9g8sj30u00u0abz.jpg?KID=imgbed,tva&Expires=1778494739&ssig=mtqEFZ7eW9",search_comments_2026-05-11.csv,search_comment, 人生本不必负重前行别过度内耗别纠结遗憾别强求圆满放过自己少胡思乱想少自我施压轻装上阵日子才会过得温柔又顺遂,True,False
5297355670950939,1778500275,2026-05-11 11:51:15+08:00,5297319496125533,普通人不需要追求幸福，只需要规避痛苦,0,0,1778483941860,广西,5297355670950939,7428664251,haha只吃一碗饭,f,https://m.weibo.cn/u/7428664251?launchid=10000360-page_H5,"https://tvax4.sinaimg.cn/crop.0.0.1080.1080.180/0086JUVlly8icxtam0k5rj30u00u0764.jpg?KID=imgbed,tva&Expires=1778494739&ssig=U%2FZZoAjg62",search_comments_2026-05-11.csv,search_comment,普通人不需要追求幸福只需要规避痛苦,True,False
5297356620955986,1778500500,2026-05-11 11:55:00+08:00,5297355043900703,提醒重要理解，无需压力负担，取舍困难解答,0,0,1778483948263,福建,5297356620955986,7855007369,乐观开朗善良,f,https://m.weibo.cn/u/7855007369?launchid=10000360-page_H5,"https://tvax2.sinaimg.cn/crop.0.0.750.750.180/008zAOffly8hn24dqj74rj30ku0kujrw.jpg?KID=imgbed,tva&Expires=1778494746&ssig=N0WaeYchVw",search_comments_2026-05-11.csv,search_comment,提醒重要理解无需压力负担取舍困难解答,True,False
5297356591072093,1778500494,2026-05-11 11:54:54+08:00,5297355043900703,人生要放轻松，不要给自己太多压力，找到取舍的平衡,0,0,1778483948267,湖南,5297356591072093,7854535176,颜色鲜艳艳丽,f,https://m.weibo.cn/u/7854535176?launchid=10000360-page_H5,"https://tvax1.sinaimg.cn/crop.0.0.750.750.180/008zyPpely8hn5lgetdmqj30ku0kudgp.jpg?KID=imgbed,tva&Expires=1778494746&ssig=QKpPU7LYgE",search_comments_2026-05-11.csv,search_comment,人生要放轻松不要给自己太多压力找到取舍的平衡,True,False
5297356591333909,1778500493,2026-05-11 11:54:53+08:00,5297355043900703,建议活在当下，不给自己太大压力，放轻松，享受生活,0,0,1778483948272,福建,5297356591333909,5587329555,南波万小怪兽619,m,https://m.weibo.cn/u/5587329555?launchid=10000360-page_H5,"https://tva2.sinaimg.cn/crop.0.0.80.80.180/00667REDjw8er5h5edwbzj3028028q2p.jpg?KID=imgbed,tva&Expires=1778494746&ssig=JDb3J6AUiu",search_comments_2026-05-11.csv,search_comment,建议活在当下不给自己太大压力放轻松享受生活,True,False
5297335917610781,1778495565,2026-05-11 10:32:45+08:00,5297330347836124,生活本没有一纸蓝图，更没有标准答案。认真生活过的人才知道，他们通过努力换来的不是壮阔波澜，反倒是内心世界的安宁。,0,3,1778483954707,中国台湾,5297335917610781,7892311890,炭火小夭精,f,https://m.weibo.cn/u/7892311890?launchid=10000360-page_H5,"https://tvax1.sinaimg.cn/crop.0.0.1080.1080.180/008C7kR4ly8hl19tkc26dj30u00u0778.jpg?KID=imgbed,tva&Expires=1778494752&ssig=05UQUdPYbh",search_comments_2026-05-11.csv,search_comment,生活本没有一纸蓝图更没有标准答案认真生活过的人才知道他们通过努力换来的不是壮阔波澜反倒是内心世界的安宁,True,False
5297344994085744,1778497729,2026-05-11 11:08:49+08:00,5297330347836124,浅浅，早上好周一顺利开心,0,1,1778483954711,重庆,5297344994085744,7865797347,H清欢渡L,f,https://m.weibo.cn/u/7865797347?launchid=10000360-page_H5,"https://tvax3.sinaimg.cn/crop.0.0.1080.1080.180/008Ak5d9ly8hh7rfr6mpmj30u00u00ux.jpg?KID=imgbed,tva&Expires=1778494752&ssig=kBdDG2EBSa",search_comments_2026-05-11.csv,search_comment,浅浅早上好周一顺利开心,True,False
5297366446115813,1778502844,2026-05-11 12:34:04+08:00,5297364145538104,别总给自己加码轻松点才能走更远,0,0,1778483967796,广东,5297366446115813,7897888532,过于吵闹可不行,m,https://m.weibo.cn/u/7897888532?launchid=10000360-page_H5,"https://tvax3.sinaimg.cn/crop.0.0.690.690.180/008CuJAUly8i2lrz648drj30j60j6jsf.jpg?KID=imgbed,tva&Expires=1778494765&ssig=qldTdZZOfB",search_comments_2026-05-11.csv,search_comment,别总给自己加码轻松点才能走更远,True,False
5297365109180012,1778502525,2026-05-11 12:28:45+08:00,5297364145538104,生不必事事强求，放下执念远离内耗，心态松弛下来，日子自然温柔顺遂,0,0,1778483967801,浙江,5297365109180012,2490587275,羊羊的守护者,f,https://m.weibo.cn/u/2490587275?launchid=10000360-page_H5,"https://tvax1.sinaimg.cn/crop.0.0.1080.1080.180/9473588bly8hymivvjg74j20u00u0abv.jpg?KID=imgbed,tva&Expires=1778494765&ssig=ad9Ood69sa",search_comments_2026-05-11.csv,search_comment,生不必事事强求放下执念远离内耗心态松弛下来日子自然温柔顺遂,True,False
5297365082702965,1778502519,2026-05-11 12:28:39+08:00,5297364145538104,学会放过自己生活才更轻松,0,0,1778483967805,河北,5297365082702965,7906521615,野猫不接受空降,m,https://m.weibo.cn/u/7906521615?launchid=10000360-page_H5,"https://tvax2.sinaimg.cn/crop.0.0.1080.1080.180/008D4Xsbly8i0tctrmjqvj30u00u0gnj.jpg?KID=imgbed,tva&Expires=1778494765&ssig=9ZVo0mPSCJ",search_comments_2026-05-11.csv,search_comment,学会放过自己生活才更轻松,True,False
5297406724801071,1778512447,2026-05-11 15:14:07+08:00,5297406549689106,放下不必要的期待，拒绝无效的消耗，原谅偶尔的不完美。,0,7,1778484007702,山东,5297406724801071,5584662185,鹿北诗人,m,https://m.weibo.cn/u/5584662185?launchid=10000360-page_H5,"https://tvax1.sinaimg.cn/crop.0.0.512.512.180/0065WFKxly8hg2cdgek1zj30e80e8gm9.jpg?KID=imgbed,tva&Expires=1778494805&ssig=Lmzlp0V1u7",search_comments_2026-05-11.csv,search_comment,放下不必要的期待拒绝无效的消耗原谅偶尔的不完美,True,False
5297406654549766,1778512430,2026-05-11 15:13:50+08:00,5297406549689106,其实，很多烦恼并非命运所赐，而是自己不肯卸下的执念。,0,7,1778484007709,山东,5297406654549766,5584662185,鹿北诗人,m,https://m.weibo.cn/u/5584662185?launchid=10000360-page_H5,"https://tvax1.sinaimg.cn/crop.0.0.512.512.180/0065WFKxly8hg2cdgek1zj30e80e8gm9.jpg?KID=imgbed,tva&Expires=1778494805&ssig=Lmzlp0V1u7",search_comments_2026-05-11.csv,search_comment,其实很多烦恼并非命运所赐而是自己不肯卸下的执念,True,False
5297406768055023,1778512457,2026-05-11 15:14:17+08:00,5297406549689106,真正的成长，是让心变轻，让脚步变稳。,0,6,1778484007715,山东,5297406768055023,5584662185,鹿北诗人,m,https://m.weibo.cn/u/5584662185?launchid=10000360-page_H5,"https://tvax1.sinaimg.cn/crop.0.0.512.512.180/0065WFKxly8hg2cdgek1zj30e80e8gm9.jpg?KID=imgbed,tva&Expires=1778494805&ssig=Lmzlp0V1u7",search_comments_2026-05-11.csv,search_comment,真正的成长是让心变轻让脚步变稳,True,False
5297362199381001,1778501831,2026-05-11 12:17:11+08:00,5297339302413571,我们那里的天选妈祖,0,127,1778484031498,浙江,5297362199381001,1761507140,陈奕天,m,https://m.weibo.cn/u/1761507140?launchid=10000360-page_H5,"https://tvax2.sinaimg.cn/crop.0.0.1080.1080.180/68fe7744ly8ibidfg2i8xj20u00u0mz0.jpg?KID=imgbed,tva&Expires=1778494829&ssig=2ZE0DWONOB",search_comments_2026-05-11.csv,search_comment,我们那里的天选妈祖,True,False
5297357050610071,1778500603,2026-05-11 11:56:43+08:00,5297339302413571,演了个妈祖就算有天庭编制了？六小龄童演孙悟空比她更出名也没人说他有佛界编制啊,0,74,1778484031503,贵州,5297357050610071,2289690580,蜜糖kikyo,f,https://m.weibo.cn/u/2289690580?launchid=10000360-page_H5,"https://tvax2.sinaimg.cn/crop.0.0.664.664.180/8879e7d4ly8ffz2hx0rzcj20ig0igjsk.jpg?KID=imgbed,tva&Expires=1778494829&ssig=mYpidLu6yz",search_comments_2026-05-11.csv,search_comment,演了个妈祖就算有天庭编制了六小龄童演孙悟空比她更出名也没人说他有佛界编制啊,True,False
5297355119136048,1778500143,2026-05-11 11:49:03+08:00,5297339302413571,刘涛就是刘涛，妈祖就是妈祖，可以说刘涛参加活动时的气质有“神性的美”，但请不要赋予其“神性”。营销号用力不要太猛,0,179,1778484031506,河南,5297355119136048,7643496308,挺无语的198205,m,https://m.weibo.cn/u/7643496308?launchid=10000360-page_H5,"https://tvax4.sinaimg.cn/crop.0.0.828.828.180/008lhkywly8gs99o6qyugj30n00n0goo.jpg?KID=imgbed,tva&Expires=1778494829&ssig=0KqD64UYci",search_comments_2026-05-11.csv,search_comment,刘涛就是刘涛妈祖就是妈祖可以说刘涛参加活动时的气质有神性的美但请不要赋予其神性营销号用力不要太猛,True,False
5297383613400482,1778506937,2026-05-11 13:42:17+08:00,5297367554462149,刘涛是妈祖自己选的 她也把妈祖演真演活 真的很棒的演员,0,0,1778484037889,广东,5297383613400482,2040756472,橙子鱼呀o,f,https://m.weibo.cn/u/2040756472?launchid=10000360-page_H5,"https://tvax3.sinaimg.cn/crop.0.0.690.690.180/79a378f8ly8i9wd3bpfsmj20j60j6dh5.jpg?KID=imgbed,tva&Expires=1778494835&ssig=7EtNbEo5%2Fc",search_comments_2026-05-11.csv,search_comment,刘涛是妈祖自己选的 她也把妈祖演真演活 真的很棒的演员,True,False
5297380295705154,1778506145,2026-05-11 13:29:05+08:00,5297367554462149,网友戏称刘涛拿天庭编制，气质太贴妈祖，角色直接演成信仰了,0,3,1778484037893,陕西,5297380295705154,8399608746,-借一颗星星,f,https://m.weibo.cn/u/8399608746?launchid=10000360-page_H5,"https://tvax1.sinaimg.cn/crop.0.0.500.500.180/009arTWqly8i9ba23innyj30dw0dw75j.jpg?KID=imgbed,tva&Expires=1778494835&ssig=jWnSy5ZJ0y",search_comments_2026-05-11.csv,search_comment,网友戏称刘涛拿天庭编制气质太贴妈祖角色直接演成信仰了,True,False
5297370969410225,1778503922,2026-05-11 12:52:02+08:00,5297367554462149,演这个很大气,0,7,1778484037897,湖南,5297370969410225,7948700465,Jiob_旧季忆,f,https://m.weibo.cn/u/7948700465?launchid=10000360-page_H5,"https://tvax3.sinaimg.cn/crop.0.0.1080.1080.180/008FVW6dly8ici7jzsb47j30u00u0tdf.jpg?KID=imgbed,tva&Expires=1778494835&ssig=nhJELltSQX",search_comments_2026-05-11.csv,search_comment,演这个很大气,True,False
5297354576237205,1778500014,2026-05-11 11:46:54+08:00,5297353251882109,气质这一块属实拿捏到位了啊,0,7,1778484044493,浙江,5297354576237205,6866056864,爱吃冰七灵,m,https://m.weibo.cn/u/6866056864?launchid=10000360-page_H5,"https://tvax2.sinaimg.cn/crop.0.0.512.512.180/007uFh2Ely8i0jo8k15fgj30e80e8aan.jpg?KID=imgbed,tva&Expires=1778494842&ssig=Obnb1IoZfI",search_comments_2026-05-11.csv,search_comment,气质这一块属实拿捏到位了啊,True,False
5297354187473369,1778499920,2026-05-11 11:45:20+08:00,5297353251882109,端庄温婉仪态大方，涛姐太有妈祖的慈悲气场了,0,6,1778484044498,河南,5297354187473369,7413030071,离别不分季节ai,f,https://m.weibo.cn/u/7413030071?launchid=10000360-page_H5,"https://tvax2.sinaimg.cn/crop.0.0.690.690.180/0085GjL9ly8h015fsx5yej30j60j6jsi.jpg?KID=imgbed,tva&Expires=1778494842&ssig=qwh3TZDy5g",search_comments_2026-05-11.csv,search_comment,端庄温婉仪态大方涛姐太有妈祖的慈悲气场了,True,False
5297354177775415,1778499919,2026-05-11 11:45:19+08:00,5297353251882109,我的姐姐 太有气场了,0,0,1778484044503,辽宁,5297354177775415,6165581864,甜甜出现一下,m,https://m.weibo.cn/u/6165581864?launchid=10000360-page_H5,"https://tvax4.sinaimg.cn/crop.0.0.1080.1080.180/006Jg9uMly8hna4m5l2fmj30u00u079b.jpg?KID=imgbed,tva&Expires=1778494842&ssig=WybsDKeSP%2F",search_comments_2026-05-11.csv,search_comment,我的姐姐 太有气场了,True,False
5297349679383436,1778498845,2026-05-11 11:27:25+08:00,5297349639274623,一一一一一一一,2,7,1778484051151,浙江,5297349679383436,6326120938,_棉MIAN,f,https://m.weibo.cn/u/6326120938?launchid=10000360-page_H5,"https://tvax3.sinaimg.cn/crop.0.0.1080.1080.180/006U7L2Gly8id0rlj2pr3j30u00u0adh.jpg?KID=imgbed,tva&Expires=1778494849&ssig=w1su1dObPy",search_comments_2026-05-11.csv,search_comment,一一一一一一一,True,False
5297349947556005,1778498909,2026-05-11 11:28:29+08:00,5297349639274623,感觉是这样的呀，这是真的有身份,1,1,1778484051157,安徽,5297349947556005,7504189780,草莓乳酪小蛋糕,f,https://m.weibo.cn/u/7504189780?launchid=10000360-page_H5,"https://tvax1.sinaimg.cn/crop.0.0.1080.1080.180/008bQOz2ly8i73mzrzennj30u00u0n0u.jpg?KID=imgbed,tva&Expires=1778494849&ssig=6KLLw3f34A",search_comments_2026-05-11.csv,search_comment,感觉是这样的呀这是真的有身份,True,False
5297350014927871,1778498926,2026-05-11 11:28:46+08:00,5297349639274623,真的太优雅了啊,1,1,1778484051161,广东,5297350014927871,5555609443,摇个铃铛啊,f,https://m.weibo.cn/u/5555609443?launchid=10000360-page_H5,"https://tvax2.sinaimg.cn/crop.0.0.1080.1080.180/0063YLNVly8i68aruerftj30u00u0ju3.jpg?KID=imgbed,tva&Expires=1778494849&ssig=lhx%2BCmvUDI",search_comments_2026-05-11.csv,search_comment,真的太优雅了啊,True,False
5297368545101568,1778503344,2026-05-11 12:42:24+08:00,5297366506931448,限定人选了已经,1,1,1778484057705,黑龙江,5297368545101568,7670162388,宇宙中孤独且稀有的小星星,f,https://m.weibo.cn/u/7670162388?launchid=10000360-page_H5,"https://tvax4.sinaimg.cn/crop.0.0.512.512.180/008n5dCAly8hv8bm6gk6qj30e80e8q3a.jpg?KID=imgbed,tva&Expires=1778494855&ssig=wC13XKy%2BYD",search_comments_2026-05-11.csv,search_comment,限定人选了已经,True,False
5297367320628112,1778503052,2026-05-11 12:37:32+08:00,5297366506931448,刘涛真是把妈祖演活了,1,1,1778484057713,浙江,5297367320628112,6572053327,步步向晚情,f,https://m.weibo.cn/u/6572053327?launchid=10000360-page_H5,"https://tvax1.sinaimg.cn/crop.0.0.1080.1080.180/007aLFi7ly8icy49gyin1j30u00u00vz.jpg?KID=imgbed,tva&Expires=1778494855&ssig=nQR%2FuObgza",search_comments_2026-05-11.csv,search_comment,刘涛真是把妈祖演活了,True,False
5297368754815968,1778503394,2026-05-11 12:43:14+08:00,5297366506931448,这个剧真的很好看  而且还是妈祖钦定的,1,1,1778484057718,河北,5297368754815968,6128618729,六六六阳阳阳,f,https://m.weibo.cn/u/6128618729?launchid=10000360-page_H5,"https://tvax3.sinaimg.cn/crop.0.8.960.960.180/006GL3Hbly8icfr6n6lduj30qo0r5q5d.jpg?KID=imgbed,tva&Expires=1778494855&ssig=8F%2BiFcBK8p",search_comments_2026-05-11.csv,search_comment,这个剧真的很好看  而且还是妈祖钦定的,True,False
5297395463097590,1778509762,2026-05-11 14:29:22+08:00,5297395168448702,居然还有这样的事情啊,7,2,1778484145125,浙江,5297395463097590,7210619448,快乐健康好运在,f,https://m.weibo.cn/u/7210619448?launchid=10000360-page_H5,"https://tvax4.sinaimg.cn/crop.0.0.996.996.180/007RZ1vGly8g4h10zp2wpj30ro0rpq3p.jpg?KID=imgbed,tva&Expires=1778494943&ssig=MUbhUUUzpb",search_comments_2026-05-11.csv,search_comment,居然还有这样的事情啊,True,False
5297395530208075,1778509778,2026-05-11 14:29:38+08:00,5297395168448702,给不起啊？真够丢脸的,2,4,1778484145131,江苏,5297395530208075,7945314155,御御浅浅,f,https://m.weibo.cn/u/7945314155?launchid=10000360-page_H5,"https://tvax4.sinaimg.cn/crop.0.0.700.700.180/008FHJajly8iba1i5ha62j30jg0jggm0.jpg?KID=imgbed,tva&Expires=1778494943&ssig=cs6jP19ovG",search_comments_2026-05-11.csv,search_comment,给不起啊真够丢脸的,True,False
5297395508184225,1778509773,2026-05-11 14:29:33+08:00,5297395168448702,我也觉得挺假的,0,1,1778484145136,四川,5297395508184225,7518719625,肥嘟嘟门门,f,https://m.weibo.cn/u/7518719625?launchid=10000360-page_H5,"https://tvax1.sinaimg.cn/crop.0.0.996.996.180/008cPMrnly8gkbz4lbyetj30ro0rojus.jpg?KID=imgbed,tva&Expires=1778494943&ssig=71qE%2BlXLbr",search_comments_2026-05-11.csv,search_comment,我也觉得挺假的,True,False
5297399838804638,1778510805,2026-05-11 14:46:45+08:00,5297393153344688,欠款数额高居首位，大品牌行事未免太离谱了,1,7,1778484151587,河北,5297399838804638,6857181713,做一只快乐的小兔子呀,f,https://m.weibo.cn/u/6857181713?launchid=10000360-page_H5,"https://tvax2.sinaimg.cn/crop.0.0.1000.1000.180/007u42d3ly8i127vkx0pij30rs0rsn0p.jpg?KID=imgbed,tva&Expires=1778494949&ssig=tVemf53H5%2F",search_comments_2026-05-11.csv,search_comment,欠款数额高居首位大品牌行事未免太离谱了,True,False
5297399973283650,1778510837,2026-05-11 14:47:17+08:00,5297393153344688,租期长达二十年，突然欠租让人有点意外,0,5,1778484151590,贵州,5297399973283650,7837849626,爱吃草莓的仙女丫丫,f,https://m.weibo.cn/u/7837849626?launchid=10000360-page_H5,"https://tvax4.sinaimg.cn/crop.0.0.1070.1070.180/008yqOJsly8horqjjookzj30tq0tqwhl.jpg?KID=imgbed,tva&Expires=1778494949&ssig=xXi3oF5PPy",search_comments_2026-05-11.csv,search_comment,租期长达二十年突然欠租让人有点意外,True,False
5297400484725620,1778510959,2026-05-11 14:49:19+08:00,5297398525462035,欠这么多钱？,0,0,1778484158012,湖北,5297400484725620,6424404063,十之六七八,m,https://m.weibo.cn/u/6424404063?launchid=10000360-page_H5,"https://tvax4.sinaimg.cn/crop.0.0.1080.1080.180/0070M8Ynly8icj4kx64qrj30u00u0gnz.jpg?KID=imgbed,tva&Expires=1778494956&ssig=OvWVm85hE5",search_comments_2026-05-11.csv,search_comment,欠这么多钱,True,False
5297399121314341,1778510633,2026-05-11 14:43:53+08:00,5297388631887597,分量好多，可以跟邻居拼,0,0,1778484164407,安徽,5297399121314341,2583581252,美式刚刚好,f,https://m.weibo.cn/u/2583581252?launchid=10000360-page_H5,"https://tvax2.sinaimg.cn/crop.0.0.1079.1079.180/99fe5244ly8i7l9xefdkoj20tz0u0dj1.jpg?KID=imgbed,tva&Expires=1778494962&ssig=AnWBaGqytm",search_comments_2026-05-11.csv,search_comment,分量好多可以跟邻居拼,True,False
5297392916107734,1778509155,2026-05-11 14:19:15+08:00,5297388631887597,很久很久没去山姆了，我们小家庭很多买了回来难吃完,0,0,1778484164414,湖北,5297392916107734,7512846120,爱笑豆豆长高高,f,https://m.weibo.cn/u/7512846120?launchid=10000360-page_H5,"https://tvax1.sinaimg.cn/crop.0.0.1080.1080.180/008cr8tqly8icxro8jed7j30u00u0gvx.jpg?KID=imgbed,tva&Expires=1778494962&ssig=F6kdnDzfEd",search_comments_2026-05-11.csv,search_comment,很久很久没去山姆了我们小家庭很多买了回来难吃完,True,False
5297390502019583,1778508579,2026-05-11 14:09:39+08:00,5297388631887597,我们这山姆都得排队进,0,0,1778484164418,江苏,5297390502019583,2890836770,水瓶橘子,f,https://m.weibo.cn/u/2890836770?launchid=10000360-page_H5,"https://tvax3.sinaimg.cn/crop.0.0.512.512.180/ac4eab22ly8hsn6ei2f2lj20e80e874m.jpg?KID=imgbed,tva&Expires=1778494962&ssig=Wi34CcHvMi",search_comments_2026-05-11.csv,search_comment,我们这山姆都得排队进,True,False
5297397704165445,1778510296,2026-05-11 14:38:16+08:00,5297283216179882,说不定是商场为了招商，给山姆的特权呢,1,1,1778484170771,浙江,5297397704165445,6303448438,叁随心行,m,https://m.weibo.cn/u/6303448438?launchid=10000360-page_H5,"https://tvax1.sinaimg.cn/default/images/default_avatar_male_180.gif?KID=imgbed,tva&Expires=1778494968&ssig=FHsQiFU%2FDD",search_comments_2026-05-11.csv,search_comment,说不定是商场为了招商给山姆的特权呢,True,False
5297304908859157,1778488172,2026-05-11 08:29:32+08:00,5297283216179882,很意外 每次去那边人都多的不行 停车都要排队很久,5,27,1778484170774,江苏,5297304908859157,5993383725,吹喇叭的鸟,f,https://m.weibo.cn/u/5993383725?launchid=10000360-page_H5,"https://tvax1.sinaimg.cn/crop.0.0.1080.1080.180/006xBCTrly8ho2kct3d0bj30u00u0tav.jpg?KID=imgbed,tva&Expires=1778494968&ssig=IaA%2Fn1kb4A",search_comments_2026-05-11.csv,search_comment,很意外 每次去那边人都多的不行 停车都要排队很久,True,False
5297283235056373,1778483005,2026-05-11 07:03:25+08:00,5297283216179882,山姆超市，南京版？好奇！,0,1,1778484170777,浙江,5297283235056373,2385449487,煜杉禾,m,https://m.weibo.cn/u/2385449487?launchid=10000360-page_H5,"https://tvax3.sinaimg.cn/crop.0.0.1080.1080.180/8e2f120fly8i7ouwibrtmj20u00u0acj.jpg?KID=imgbed,tva&Expires=1778494968&ssig=A9y%2BU%2FJ5mP",search_comments_2026-05-11.csv,search_comment,山姆超市南京版好奇,True,False
5297398301851855,1778510438,2026-05-11 14:40:38+08:00,5297398024765529,真是意想不到 887万呢,0,1,1778484177146,上海,5297398301851855,7280082817,你的牙疼不疼,m,https://m.weibo.cn/u/7280082817?launchid=10000360-page_H5,"https://tvax3.sinaimg.cn/crop.0.0.1080.1080.180/007WGu6Bly8ic9r5d169dj30u00u0gnf.jpg?KID=imgbed,tva&Expires=1778494975&ssig=cw1m4p2pi%2F",search_comments_2026-05-11.csv,search_comment,真是意想不到 887万呢,True,False
5297398272496292,1778510432,2026-05-11 14:40:32+08:00,5297398024765529,山姆这么大品牌还欠租金啊,0,1,1778484177150,上海,5297398272496292,7280082817,你的牙疼不疼,m,https://m.weibo.cn/u/7280082817?launchid=10000360-page_H5,"https://tvax3.sinaimg.cn/crop.0.0.1080.1080.180/007WGu6Bly8ic9r5d169dj30u00u0gnf.jpg?KID=imgbed,tva&Expires=1778494975&ssig=cw1m4p2pi%2F",search_comments_2026-05-11.csv,search_comment,山姆这么大品牌还欠租金啊,True,False
5297398251262056,1778510427,2026-05-11 14:40:27+08:00,5297398024765529,原来是南京那边的山姆啊,0,1,1778484177156,上海,5297398251262056,7280082817,你的牙疼不疼,m,https://m.weibo.cn/u/7280082817?launchid=10000360-page_H5,"https://tvax3.sinaimg.cn/crop.0.0.1080.1080.180/007WGu6Bly8ic9r5d169dj30u00u0gnf.jpg?KID=imgbed,tva&Expires=1778494975&ssig=cw1m4p2pi%2F",search_comments_2026-05-11.csv,search_comment,原来是南京那边的山姆啊,True,False
5297396280986444,1778509957,2026-05-11 14:32:37+08:00,5297318582812822,股市大反弹，5大投资福利速领&gt;&gt;网页链接,0,5,1778484238264,,5297396280986444,1642585887,新浪证券,m,https://m.weibo.cn/u/1642585887?launchid=10000360-page_H5,"https://tvax2.sinaimg.cn/crop.0.0.750.750.180/61e7df1fly8gdipfcgc1rj20ku0kudh8.jpg?KID=imgbed,tva&Expires=1778495036&ssig=Tn5fULezQL",search_comments_2026-05-11.csv,search_comment,股市大反弹5大投资福利速领gtgt网页链接,True,False
5297389323946993,1778508298,2026-05-11 14:04:58+08:00,5297318582812822,牛市刚来的时候我赢利率将近25%，现在牛市进入下半场，我还差5%回本,4,91,1778484238269,北京,5297389323946993,3294425761,CEE4FLY,m,https://m.weibo.cn/u/3294425761?launchid=10000360-page_H5,"https://tvax3.sinaimg.cn/crop.0.0.1080.1080.180/c45cf2a1ly8hmwtbtxqnyj20u00u0t96.jpg?KID=imgbed,tva&Expires=1778495036&ssig=Uw4Dnb2tG1",search_comments_2026-05-11.csv,search_comment,牛市刚来的时候我赢利率将近25现在牛市进入下半场我还差5回本,True,False
5297398221898717,1778510420,2026-05-11 14:40:20+08:00,5297318582812822,上半场已经结束了,0,27,1778484238273,上海,5297398221898717,2965454367,toujoursoohuitans,f,https://m.weibo.cn/u/2965454367?launchid=10000360-page_H5,"https://tva4.sinaimg.cn/crop.0.0.440.440.180/b0c13e1fjw8ehgun38153j20c80c8wf3.jpg?KID=imgbed,tva&Expires=1778495036&ssig=mBUlJNp1ww",search_comments_2026-05-11.csv,search_comment,上半场已经结束了,True,False
5297392593143975,1778509078,2026-05-11 14:17:58+08:00,5297387944018452,我还有红利,0,0,1778484244683,湖北,5297392593143975,5023794812,鱼非鱼月非月,f,https://m.weibo.cn/u/5023794812?launchid=10000360-page_H5,"https://tvax2.sinaimg.cn/crop.0.0.512.512.180/005tZkwAly8hb8h1zthpfj30e80e8aam.jpg?KID=imgbed,tva&Expires=1778495042&ssig=S2b41hkXHL",search_comments_2026-05-11.csv,search_comment,我还有红利,True,False
5297401029986629,1778511089,2026-05-11 14:51:29+08:00,5297387944018452,除了白酒，好冰冷的四个字,0,6,1778484244686,湖南,5297401029986629,6381267302,Plum696,f,https://m.weibo.cn/u/6381267302?launchid=10000360-page_H5,"https://tvax4.sinaimg.cn/crop.0.0.960.960.180/006XR98aly8hsy44k18y5j30qo0qowfm.jpg?KID=imgbed,tva&Expires=1778495042&ssig=51r90eZ7mT",search_comments_2026-05-11.csv,search_comment,除了白酒好冰冷的四个字,True,False
5297403443809278,1778511665,2026-05-11 15:01:05+08:00,5297403281539582,感谢给信心！,0,2,1778484258224,重庆,5297403443809278,2664923891,李成功的炒股日志,m,https://m.weibo.cn/u/2664923891?launchid=10000360-page_H5,"https://tvax4.sinaimg.cn/crop.0.0.996.996.180/9ed782f3ly8ggn8hwwiy5j20ro0rojvg.jpg?KID=imgbed,tva&Expires=1778495056&ssig=hoZhXEQ5ZO",search_comments_2026-05-11.csv,search_comment,感谢给信心,True,False
5297339533364014,1778496427,2026-05-11 10:47:07+08:00,5297338694503408,近日，一男子鉴别饭店预制菜，要求炒菜不放盐、麻婆豆腐切成三角形，店员称做不了后，男子马上起身走人！,0,35,1778484318577,,5297339533364014,1655444627,潇湘晨报,m,https://m.weibo.cn/u/1655444627?launchid=10000360-page_H5,"https://tvax4.sinaimg.cn/crop.0.0.826.826.180/001O24LNly8h8viu4nck1j60my0myq3m02.jpg?KID=imgbed,tva&Expires=1778495116&ssig=ePChMfnPdu",search_comments_2026-05-11.csv,search_comment,近日一男子鉴别饭店预制菜要求炒菜不放盐麻婆豆腐切成三角形店员称做不了后男子马上起身走人,True,False
5297339570849600,1778496436,2026-05-11 10:47:16+08:00,5297338694503408,如何识别饭店是不是预制菜，评论区分享一下吧~,4,30,1778484318582,,5297339570849600,1655444627,潇湘晨报,m,https://m.weibo.cn/u/1655444627?launchid=10000360-page_H5,"https://tvax4.sinaimg.cn/crop.0.0.826.826.180/001O24LNly8h8viu4nck1j60my0myq3m02.jpg?KID=imgbed,tva&Expires=1778495116&ssig=ePChMfnPdu",search_comments_2026-05-11.csv,search_comment,如何识别饭店是不是预制菜评论区分享一下吧,True,False
5297340051097911,1778496551,2026-05-11 10:49:11+08:00,5297338694503408,一般饭店都不会给做吧，一看就是来找事的。跟我广东同事出去吃面条，他点白糖水煮面条，店家说做不了。,47,321,1778484318586,广东,5297340051097911,1937392411,过客2046,m,https://m.weibo.cn/u/1937392411?launchid=10000360-page_H5,"https://tvax4.sinaimg.cn/crop.0.0.1080.1080.180/737a431bly8gnhjose9nmj20u00u0djq.jpg?KID=imgbed,tva&Expires=1778495116&ssig=4uuKkzrDCn",search_comments_2026-05-11.csv,search_comment,一般饭店都不会给做吧一看就是来找事的跟我广东同事出去吃面条他点白糖水煮面条店家说做不了,True,False
5297362499274865,1778501903,2026-05-11 12:18:23+08:00,5297362362697113,你能辨别出哪个是预制菜吗,3,6,1778484325031,江苏,5297362499274865,7860499001,老范看球,m,https://m.weibo.cn/u/7860499001?launchid=10000360-page_H5,"https://tvax4.sinaimg.cn/crop.0.0.1080.1080.180/008zXQRXly8i0uhwxyn2nj30u00u0why.jpg?KID=imgbed,tva&Expires=1778495123&ssig=VlAhL1kyO3",search_comments_2026-05-11.csv,search_comment,你能辨别出哪个是预制菜吗,True,False
5297366777467235,1778502923,2026-05-11 12:35:23+08:00,5297362362697113,预制菜确实不太好分辨,1,0,1778484325035,浙江,5297366777467235,6572053327,步步向晚情,f,https://m.weibo.cn/u/6572053327?launchid=10000360-page_H5,"https://tvax1.sinaimg.cn/crop.0.0.1080.1080.180/007aLFi7ly8icy49gyin1j30u00u00vz.jpg?KID=imgbed,tva&Expires=1778495123&ssig=%2FQ0B9sCYMz",search_comments_2026-05-11.csv,search_comment,预制菜确实不太好分辨,True,False
5297368465671797,1778503325,2026-05-11 12:42:05+08:00,5297362362697113,现在好多都是预制的了，刚点外卖，1分钟就给我出餐。,1,2,1778484325038,河北,5297368465671797,6128618729,六六六阳阳阳,f,https://m.weibo.cn/u/6128618729?launchid=10000360-page_H5,"https://tvax3.sinaimg.cn/crop.0.8.960.960.180/006GL3Hbly8icfr6n6lduj30qo0r5q5d.jpg?KID=imgbed,tva&Expires=1778495123&ssig=GN7wnCgZoz",search_comments_2026-05-11.csv,search_comment,现在好多都是预制的了刚点外卖1分钟就给我出餐,True,False
5297382275158066,1778506618,2026-05-11 13:36:58+08:00,5297349783716502,感觉这个办法其实没啥用,0,1,1778484331464,广东,5297382275158066,7899804998,苏格拉底-姜,f,https://m.weibo.cn/u/7899804998?launchid=10000360-page_H5,"https://tvax2.sinaimg.cn/crop.0.0.1080.1080.180/008CCM9Ely8i6wfcty1vrj30u00u076e.jpg?KID=imgbed,tva&Expires=1778495129&ssig=Fy8gGubIXQ",search_comments_2026-05-11.csv,search_comment,感觉这个办法其实没啥用,True,False
5297355255712421,1778500176,2026-05-11 11:49:36+08:00,5297349783716502,商家心里肯定咯噔一下。,0,2,1778484331468,四川,5297355255712421,3049179297,李大猪蹄子,f,https://m.weibo.cn/u/3049179297?launchid=10000360-page_H5,"https://tvax3.sinaimg.cn/crop.0.0.1080.1080.180/b5bec8a1ly8i3s9s6vnfqj20u00u0wg1.jpg?KID=imgbed,tva&Expires=1778495129&ssig=Pmmak54Dc%2B",search_comments_2026-05-11.csv,search_comment,商家心里肯定咯噔一下,True,False
5297389243992294,1778508279,2026-05-11 14:04:39+08:00,5297349783716502,这个方法好，自己回去可以加点酱油啊,0,0,1778484331473,广东,5297389243992294,7571178115,暴富暴瘦紫熙,m,https://m.weibo.cn/u/7571178115?launchid=10000360-page_H5,"https://tvax4.sinaimg.cn/crop.0.0.1023.1023.180/008gnTi3ly8hi93zvfom4j30sf0sf40m.jpg?KID=imgbed,tva&Expires=1778495129&ssig=fRncxaz7JR",search_comments_2026-05-11.csv,search_comment,这个方法好自己回去可以加点酱油啊,True,False
5297372947285649,1778504394,2026-05-11 12:59:54+08:00,5297372720796487,而且不放盐这个方法也判断不了是否为预制菜啊，不放盐但可以放酱油啥的，一样有咸味儿,1,8,1778484338012,广东,5297372947285649,7899804998,苏格拉底-姜,f,https://m.weibo.cn/u/7899804998?launchid=10000360-page_H5,"https://tvax2.sinaimg.cn/crop.0.0.1080.1080.180/008CCM9Ely8i6wfcty1vrj30u00u076e.jpg?KID=imgbed,tva&Expires=1778495135&ssig=oDyJ2O0b0e",search_comments_2026-05-11.csv,search_comment,而且不放盐这个方法也判断不了是否为预制菜啊不放盐但可以放酱油啥的一样有咸味儿,True,False
5297377574653993,1778505497,2026-05-11 13:18:17+08:00,5297372720796487,消费者也是被逼无奈,1,0,1778484338016,广东,5297377574653993,6021818417,离小懒cc,f,https://m.weibo.cn/u/6021818417?launchid=10000360-page_H5,"https://tvax2.sinaimg.cn/crop.0.0.1080.1080.180/006zwW3vly8i4x3n5yciuj30u00u0n3w.jpg?KID=imgbed,tva&Expires=1778495135&ssig=x983pRUnQw",search_comments_2026-05-11.csv,search_comment,消费者也是被逼无奈,True,False
5297373502768169,1778504526,2026-05-11 13:02:06+08:00,5297372720796487,这个办法好,1,0,1778484338021,江苏,5297373502768169,7760297189,续杯半甜半暖,m,https://m.weibo.cn/u/7760297189?launchid=10000360-page_H5,"https://tvax1.sinaimg.cn/crop.0.0.1080.1080.180/008tbpNHly8iao7en1y9jj30u00u00wl.jpg?KID=imgbed,tva&Expires=1778495135&ssig=ROTg3dH2qn",search_comments_2026-05-11.csv,search_comment,这个办法好,True,False
5297378342212660,1778505680,2026-05-11 13:21:20+08:00,5297377985694845,高明！简单两招就试出真假，戳穿餐饮行业信息差套路。,1,1,1778484344473,广东,5297378342212660,3223818064,子夜秋歌ZY,f,https://m.weibo.cn/u/3223818064?launchid=10000360-page_H5,"https://tvax3.sinaimg.cn/crop.0.0.559.559.180/c0278f50ly8hnjwca265xj20fj0fjmxm.jpg?KID=imgbed,tva&Expires=1778495142&ssig=Qbov26gDHF",search_comments_2026-05-11.csv,search_comment,高明简单两招就试出真假戳穿餐饮行业信息差套路,True,False
5297382774538603,1778506736,2026-05-11 13:38:56+08:00,5297377985694845,确实聪明！这种细节最能反映问题，比直接问有效多了👍,0,0,1778484344480,北京,5297382774538603,1200344285,百丈冰花枝俏,f,https://m.weibo.cn/u/1200344285?launchid=10000360-page_H5,"https://tvax3.sinaimg.cn/crop.0.0.1080.1080.180/478bccddly8i7mgjou5hbj20u00u043m.jpg?KID=imgbed,tva&Expires=1778495142&ssig=jV0qHe9i79",search_comments_2026-05-11.csv,search_comment,确实聪明这种细节最能反映问题比直接问有效多了,True,False
5297382925273705,1778506773,2026-05-11 13:39:33+08:00,5297377985694845,现在大家都很关爱健康，预制菜都不想吃了,0,0,1778484344484,四川,5297382925273705,8004065635,才晴肆意,f,https://m.weibo.cn/u/8004065635?launchid=10000360-page_H5,"https://tvax1.sinaimg.cn/crop.55.0.530.530.180/008JGf6Ply8i662tb63zcj30hs0eq3z9.jpg?KID=imgbed,tva&Expires=1778495142&ssig=GJ61YTShUw",search_comments_2026-05-11.csv,search_comment,现在大家都很关爱健康预制菜都不想吃了,True,False
5297399113451481,1778510632,2026-05-11 14:43:52+08:00,5297361272439934,5月11日，无忧传媒宣布与“中国孕妇泰国坠崖案”当事人王暖暖解约，称系友好协商。但王暖暖回应称公司单方面宣布解约，双方未达成一致，她尚未收到正式解约函，质疑解约条件。她透露病情恶化，每天仅睡约2小时，医生初步诊断脑动脉瘤，其他检查待确认。因...查看全部戳-&gt;微博智搜,0,4,1778484412127,微博智搜AI生成,5297399113451481,7892270010,微博智搜,f,https://m.weibo.cn/u/7892270010?launchid=10000360-page_H5,"https://tvax2.sinaimg.cn/crop.0.0.1080.1080.180/008C79XAly8i5grzh416kj30u00u0t8z.jpg?KID=imgbed,tva&Expires=1778495210&ssig=H0F26ze0JD",search_comments_2026-05-11.csv,search_comment,5月11日无忧传媒宣布与中国孕妇泰国坠崖案当事人王暖暖解约称系友好协商但王暖暖回应称公司单方面宣布解约双方未达成一致她尚未收到正式解约函质疑解约条件她透露病情恶化每天仅睡约2小时医生初步诊断脑动脉瘤其他检查待确认因查看全部戳gt微博智搜,True,False
5297365823260616,1778502695,2026-05-11 12:31:35+08:00,5297361272439934,我还是默默吃个瓜就好,1,39,1778484412130,浙江,5297365823260616,5506681000,奈奈0205,f,https://m.weibo.cn/u/5506681000?launchid=10000360-page_H5,"https://tvax2.sinaimg.cn/crop.0.0.1080.1080.180/0060Fthuly8gwwv575rjjj30u00u03zk.jpg?KID=imgbed,tva&Expires=1778495210&ssig=Q7BrThuYck",search_comments_2026-05-11.csv,search_comment,我还是默默吃个瓜就好,True,False
5297402315541249,1778511396,2026-05-11 14:56:36+08:00,5297361272439934,太不容易了，逃过一劫结果又碰到吃人的公司,0,24,1778484412132,湖南,5297402315541249,1763549551,荟大步大步走向晴天,f,https://m.weibo.cn/u/1763549551?launchid=10000360-page_H5,"https://tva3.sinaimg.cn/crop.0.0.180.180.180/691da16fjw1e8qgp5bmzyj2050050aa8.jpg?KID=imgbed,tva&Expires=1778495210&ssig=n7B9qBZUS%2B",search_comments_2026-05-11.csv,search_comment,太不容易了逃过一劫结果又碰到吃人的公司,True,False
5297386831217520,1778507704,2026-05-11 13:55:04+08:00,5297386236674598,视频来源111,1,6,1778484418618,黑龙江,5297386831217520,5677031904,野浓夫,f,https://m.weibo.cn/u/5677031904?launchid=10000360-page_H5,"https://tvax4.sinaimg.cn/crop.0.0.480.480.180/006ccfkIly8i4d0iyoir4j30dc0dcmxa.jpg?KID=imgbed,tva&Expires=1778495216&ssig=06oC4ZpkJZ",search_comments_2026-05-11.csv,search_comment,视频来源111,True,False
5297387585408790,1778507884,2026-05-11 13:58:04+08:00,5297386236674598,无忧会这么善良吗毕竟是全国第一MCN呢,1,7,1778484418621,江西,5297387585408790,7006637483,井盖岂是豫中物,f,https://m.weibo.cn/u/7006637483?launchid=10000360-page_H5,"https://tvax4.sinaimg.cn/crop.0.0.1080.1080.180/007Eb8tZly8icvt9svf5ij30u00u0jty.jpg?KID=imgbed,tva&Expires=1778495216&ssig=%2BRuMxw%2B3j8",search_comments_2026-05-11.csv,search_comment,无忧会这么善良吗毕竟是全国第一MCN呢,True,False
5297388938068582,1778508205,2026-05-11 14:03:25+08:00,5297385514731041,王暖暖太不容易了 希望她解约之后也越来越好,1,5,1778484425325,河南,5297388938068582,1730172325,HugNow,f,https://m.weibo.cn/u/1730172325?launchid=10000360-page_H5,"https://tvax2.sinaimg.cn/crop.0.0.640.640.640.180/002XJY2Tly8ia7nl6rwg8j606c06c74d02.jpg?KID=imgbed,tva&Expires=1778495223&ssig=qW4lClgovp",search_comments_2026-05-11.csv,search_comment,王暖暖太不容易了 希望她解约之后也越来越好,True,False
5297400413684952,1778510942,2026-05-11 14:49:02+08:00,5297385514731041,暖暖太不容易了,0,0,1778484425331,浙江,5297400413684952,2261912665,叶子的食光,f,https://m.weibo.cn/u/2261912665?launchid=10000360-page_H5,"https://tvax2.sinaimg.cn/crop.0.0.1062.1062.180/86d20c59ly8i5ycxysgcyj20ti0tijt0.jpg?KID=imgbed,tva&Expires=1778495223&ssig=evODlccHNn",search_comments_2026-05-11.csv,search_comment,暖暖太不容易了,True,False
5297387637572417,1778507896,2026-05-11 13:58:16+08:00,5297385514731041,大难不死，必有后福。,1,3,1778484425335,河南,5297387637572417,5126200711,拾光里的暖10,f,https://m.weibo.cn/u/5126200711?launchid=10000360-page_H5,"https://tvax1.sinaimg.cn/crop.0.0.1080.1080.180/005AV0YDly8i8x7qifi5zj30u00u077b.jpg?KID=imgbed,tva&Expires=1778495223&ssig=cbU7ga7Dny",search_comments_2026-05-11.csv,search_comment,大难不死必有后福,True,False
5297344610566705,1778497637,2026-05-11 11:07:17+08:00,5297344568363061,你认识她吗,2,16,1778484431981,河南,5297344610566705,7371683617,兮月茄尔斯,f,https://m.weibo.cn/u/7371683617?launchid=10000360-page_H5,"https://tvax1.sinaimg.cn/crop.0.0.1080.1080.180/0082SPERly8i8znv0gbasj30u00u0ack.jpg?KID=imgbed,tva&Expires=1778495230&ssig=qE7SOKPjho",search_comments_2026-05-11.csv,search_comment,你认识她吗,True,False
5297346331543996,1778498048,2026-05-11 11:14:08+08:00,5297344568363061,这是谁，不认识,0,9,1778484431986,河南,5297346331543996,5868023721,虾西dei嘞,m,https://m.weibo.cn/u/5868023721?launchid=10000360-page_H5,"https://tvax1.sinaimg.cn/crop.0.0.1080.1080.180/006p7D1Tly8i9mv8xweycj30u00u0437.jpg?KID=imgbed,tva&Expires=1778495230&ssig=VM4wrmMnC%2B",search_comments_2026-05-11.csv,search_comment,这是谁不认识,True,False
5297346961474446,1778498198,2026-05-11 11:16:38+08:00,5297344568363061,这谁啊，不太认识,0,8,1778484431989,四川,5297346961474446,6249654356,与今虾,m,https://m.weibo.cn/u/6249654356?launchid=10000360-page_H5,"https://tvax1.sinaimg.cn/crop.0.0.1080.1080.180/006OWUAIly8icov70aonij30u00u042y.jpg?KID=imgbed,tva&Expires=1778495230&ssig=8LRg28rzTk",search_comments_2026-05-11.csv,search_comment,这谁啊不太认识,True,False
5297397454341229,1778510237,2026-05-11 14:37:17+08:00,5297395723144004,王暖暖的坚韧和勇气令人钦佩。她不仅勇敢地面对生活的挑战，还成功地为自己赢得了公正。她的坚强和毅力是所有人的榜样。,0,1,1778484438359,河南,5297397454341229,5090671828,三门峡事哥,m,https://m.weibo.cn/u/5090671828?launchid=10000360-page_H5,"https://tvax1.sinaimg.cn/crop.0.0.1080.1080.180/005yvWi8ly8i0e5jflocnj30u00u00zy.jpg?KID=imgbed,tva&Expires=1778495236&ssig=heX3MHf0oV",search_comments_2026-05-11.csv,search_comment,王暖暖的坚韧和勇气令人钦佩她不仅勇敢地面对生活的挑战还成功地为自己赢得了公正她的坚强和毅力是所有人的榜样,True,False
5297398001437250,1778510367,2026-05-11 14:39:27+08:00,5297394728308078,一路跌跌撞撞太不容易，真心希望她能好好休息，早日康复。,0,8,1778484444881,辽宁,5297398001437250,7937631003,泠晚辞,m,https://m.weibo.cn/u/7937631003?launchid=10000360-page_H5,"https://tvax3.sinaimg.cn/crop.0.0.1080.1080.180/008Fbuqvly8id1icwtbf9j30u00u0tbh.jpg?KID=imgbed,tva&Expires=1778495242&ssig=XPK2ncAvgz",search_comments_2026-05-11.csv,search_comment,一路跌跌撞撞太不容易真心希望她能好好休息早日康复,True,False
5297396831487752,1778510088,2026-05-11 14:34:48+08:00,5297394728308078,心疼她啊 希望她可以早日康复吧,0,6,1778484444885,北京,5297396831487752,7052962065,奶芙小甜虾,f,https://m.weibo.cn/u/7052962065?launchid=10000360-page_H5,"https://tvax1.sinaimg.cn/crop.0.0.1080.1080.180/007HjvCFly8id0t7zqtxwj30u00u0gnd.jpg?KID=imgbed,tva&Expires=1778495242&ssig=G5oIjQUr%2F5",search_comments_2026-05-11.csv,search_comment,心疼她啊 希望她可以早日康复吧,True,False
5297397815050509,1778510322,2026-05-11 14:38:42+08:00,5297394728308078,我去，祝他早日康复吧。,0,5,1778484444889,安徽,5297397815050509,7729655901,我女蒸蒸,f,https://m.weibo.cn/u/7729655901?launchid=10000360-page_H5,"https://tvax4.sinaimg.cn/crop.0.0.1080.1080.180/008r6QBnly8iczljxhzb9j30u00u1jt5.jpg?KID=imgbed,tva&Expires=1778495242&ssig=81iO7KEj%2F2",search_comments_2026-05-11.csv,search_comment,我去祝他早日康复吧,True,False
5297403708312856,1778511728,2026-05-11 15:02:08+08:00,5297401157912048,看点好起来吧,0,2,1778484451286,浙江,5297403708312856,7850221632,小鱼鱼鱼鱼鱼yuyuyu,f,https://m.weibo.cn/u/7850221632?launchid=10000360-page_H5,"https://tvax3.sinaimg.cn/crop.0.0.1080.1080.180/008zgJfWly8i0c17ktur8j30u00u0tca.jpg?KID=imgbed,tva&Expires=1778495249&ssig=2f%2BhIGDwuj",search_comments_2026-05-11.csv,search_comment,看点好起来吧,True,False
5297403330560800,1778511638,2026-05-11 15:00:38+08:00,5297401157912048,愿我们都平平安安健健康康,0,2,1778484451291,安徽,5297403330560800,5951841277,逍遥,f,https://m.weibo.cn/u/5951841277?launchid=10000360-page_H5,"https://tvax1.sinaimg.cn/crop.0.0.1080.1080.180/006uNjNXly8i50w00xmtfj30u00u0wh5.jpg?KID=imgbed,tva&Expires=1778495249&ssig=2%2FqXomAY65",search_comments_2026-05-11.csv,search_comment,愿我们都平平安安健健康康,True,False
5297388833215502,1778508181,2026-05-11 14:03:01+08:00,5297383812367931,天啊真的好心疼啊,1,1,1778484457782,河北,5297388833215502,7880141492,托托女王_,f,https://m.weibo.cn/u/7880141492?launchid=10000360-page_H5,"https://tvax3.sinaimg.cn/crop.0.0.1080.1080.180/008BigMkly8ibh14bpkqtj30u00u077w.jpg?KID=imgbed,tva&Expires=1778495255&ssig=CK7lGY3rHp",search_comments_2026-05-11.csv,search_comment,天啊真的好心疼啊,True,False
5297387867734424,1778507951,2026-05-11 13:59:11+08:00,5297383812367931,希望她好起来,1,1,1778484457787,江西,5297387867734424,6224000161,菀儿小精灵lhc,f,https://m.weibo.cn/u/6224000161?launchid=10000360-page_H5,"https://tvax4.sinaimg.cn/crop.0.0.1080.1080.180/006NdgLnly8ib27nmkpz7j30u00u0gni.jpg?KID=imgbed,tva&Expires=1778495255&ssig=5uQTvLpVzl",search_comments_2026-05-11.csv,search_comment,希望她好起来,True,False
5297369747033970,1778503631,2026-05-11 12:47:11+08:00,5297368933073767,日化品牌5.15孝起来,0,490,1778484468125,上海,5297369747033970,7890194783,衔云来,f,https://m.weibo.cn/u/7890194783?launchid=10000360-page_H5,"https://tvax4.sinaimg.cn/crop.0.0.1080.1080.180/008BYs6bly8ic9wpen8hnj30u00u0411.jpg?KID=imgbed,tva&Expires=1778495266&ssig=3evP4ZY6Hq",search_comments_2026-05-11.csv,search_comment,日化品牌515孝起来,True,False
5297369076730077,1778503471,2026-05-11 12:44:31+08:00,5297368933073767,皇族妈来买,0,252,1778484468128,江苏,5297369076730077,7632293225,反转馒力,f,https://m.weibo.cn/u/7632293225?launchid=10000360-page_H5,"https://tvax1.sinaimg.cn/crop.0.0.1080.1080.180/008kwk7Dly8icvxujh0unj30u00u0q4q.jpg?KID=imgbed,tva&Expires=1778495266&ssig=7JyIyIfTuC",search_comments_2026-05-11.csv,search_comment,皇族妈来买,True,False
5297369165858986,1778503492,2026-05-11 12:44:52+08:00,5297368933073767,hzm记得15号秒切,0,162,1778484468131,广东,5297369165858986,7347814920,菡萏摇秋水,f,https://m.weibo.cn/u/7347814920?launchid=10000360-page_H5,"https://tvax3.sinaimg.cn/crop.0.0.1080.1080.180/0081gGjSly8icxysx2s1tj30u00u00w2.jpg?KID=imgbed,tva&Expires=1778495266&ssig=hcGvEBklxA",search_comments_2026-05-11.csv,search_comment,hzm记得15号秒切,True,False
5297400925388839,1778511063,2026-05-11 14:51:03+08:00,5297400726162610,嘿嘿嘿！期待穆祉丞！期待舒克！,4,119,1778484474685,广西,5297400925388839,7982790079,小鱼水里游啊儿,f,https://m.weibo.cn/u/7982790079?launchid=10000360-page_H5,"https://tvax2.sinaimg.cn/crop.0.0.1080.1080.180/008IeYmHly8icvwy5vl05j30u00u0di3.jpg?KID=imgbed,tva&Expires=1778495272&ssig=ZIhg5jkGKG",search_comments_2026-05-11.csv,search_comment,嘿嘿嘿期待穆祉丞期待舒克,True,False
5297404511520337,1778511919,2026-05-11 15:05:19+08:00,5297399310583270,宝宝们可以点点关注，欢迎以后常来投红🫰🏻🫰🏻🫰🏻,2,160,1778484481097,安徽,5297404511520337,6071017693,摸鱼频道,f,https://m.weibo.cn/u/6071017693?launchid=10000360-page_H5,"https://tvax4.sinaimg.cn/crop.0.0.1080.1080.180/006CRn2dly8ibr5rd4cm5j30u00u0js9.jpg?KID=imgbed,tva&Expires=1778495279&ssig=LO42wnB%2BA%2B",search_comments_2026-05-11.csv,search_comment,宝宝们可以点点关注欢迎以后常来投红,True,False
5297400124017446,1778510873,2026-05-11 14:47:53+08:00,5297399310583270,期待舒客舒客买起来,0,82,1778484481101,四川,5297400124017446,7901293161,啃骨头被打骨折还在抬眉毛,f,https://m.weibo.cn/u/7901293161?launchid=10000360-page_H5,"https://tvax3.sinaimg.cn/crop.0.0.1080.1080.180/008CJ1ihly8icp9bqv0uvj30u00u0td8.jpg?KID=imgbed,tva&Expires=1778495279&ssig=gWFmrOV1%2F1",search_comments_2026-05-11.csv,search_comment,期待舒客舒客买起来,True,False
5297402253674564,1778511381,2026-05-11 14:56:21+08:00,5297399310583270,期待舒客品牌青春代言人穆祉丞和丞丞一起用舒客保护牙齿哦,1,232,1778484481105,江西,5297402253674564,7800002561,carpeanimum,f,https://m.weibo.cn/u/7800002561?launchid=10000360-page_H5,"https://tvax2.sinaimg.cn/crop.0.0.1080.1080.180/008vS0YVly8id1e251nj3j30u00u0ju8.jpg?KID=imgbed,tva&Expires=1778495279&ssig=UTXvTeRlTx",search_comments_2026-05-11.csv,search_comment,期待舒客品牌青春代言人穆祉丞和丞丞一起用舒客保护牙齿哦,True,False
5297400273178963,1778510909,2026-05-11 14:48:29+08:00,5297400018109105,期待穆祉丞,1,211,1778484494011,天津,5297400273178963,6128239185,7kasjy,f,https://m.weibo.cn/u/6128239185?launchid=10000360-page_H5,"https://tvax2.sinaimg.cn/crop.0.0.1080.1080.180/006GJsXvly8iadqa7lzqvj30u00u0abm.jpg?KID=imgbed,tva&Expires=1778495292&ssig=s7Opx7NRnN",search_comments_2026-05-11.csv,search_comment,期待穆祉丞,True,False
5297400625234183,1778510992,2026-05-11 14:49:52+08:00,5297400018109105,15号，舒客买起来，其他的品牌IDC,0,169,1778484494016,湖北,5297400625234183,5252708281,西恩家,f,https://m.weibo.cn/u/5252708281?launchid=10000360-page_H5,"https://tvax3.sinaimg.cn/crop.0.0.996.996.180/005JtPnjly8g3rt4t3itjj30ro0rodi6.jpg?KID=imgbed,tva&Expires=1778495292&ssig=NPlzR1jYyB",search_comments_2026-05-11.csv,search_comment,15号舒客买起来其他的品牌IDC,True,False
5297368228692751,1778503269,2026-05-11 12:41:09+08:00,5297363935300595,脂肪肝已成为我国第一大慢性肝病且患者年轻化，87.8%中国肥胖人群属腹型肥胖更易引发此病。央视财经发起防治公益行动，强调科学减重需聚焦&quot;燃脂护肝&quot;而非单纯体重数字，通过减少内脏脂肪、改善肝脏代谢实现逆转。职场人群因久坐高压肥胖率更高，当前科...查看全部戳-&gt;微博智搜,0,13,1778484591621,微博智搜AI生成,5297368228692751,7892270010,微博智搜,f,https://m.weibo.cn/u/7892270010?launchid=10000360-page_H5,"https://tvax2.sinaimg.cn/crop.0.0.1080.1080.180/008C79XAly8i5grzh416kj30u00u0t8z.jpg?KID=imgbed,tva&Expires=1778495389&ssig=GO7363EGj7",search_comments_2026-05-11.csv,search_comment,脂肪肝已成为我国第一大慢性肝病且患者年轻化878中国肥胖人群属腹型肥胖更易引发此病央视财经发起防治公益行动强调科学减重需聚焦quot燃脂护肝quot而非单纯体重数字通过减少内脏脂肪改善肝脏代谢实现逆转职场人群因久坐高压肥胖率更高当前科查看全部戳gt微博智搜,True,False
5297364602454365,1778502403,2026-05-11 12:26:43+08:00,5297363935300595,年轻人肥胖问题可一定要重视,0,88,1778484591625,山东,5297364602454365,7834590988,幸运加马内,f,https://m.weibo.cn/u/7834590988?launchid=10000360-page_H5,"https://tvax4.sinaimg.cn/crop.0.0.1080.1080.180/008yd90Mly8i8xnnab3cej30u00u0gpe.jpg?KID=imgbed,tva&Expires=1778495389&ssig=g%2BtZYYWPMR",search_comments_2026-05-11.csv,search_comment,年轻人肥胖问题可一定要重视,True,False
5297364588041079,1778502401,2026-05-11 12:26:41+08:00,5297363935300595,这样的科学力量是真的太给力了,0,98,1778484591629,四川,5297364588041079,5875222463,今天吃什么_呢,f,https://m.weibo.cn/u/5875222463?launchid=10000360-page_H5,"https://tvax1.sinaimg.cn/crop.0.0.996.996.180/006pBPKDly8fwfo1e2i5qj30ro0ro0vq.jpg?KID=imgbed,tva&Expires=1778495389&ssig=VnPRoWYvPr",search_comments_2026-05-11.csv,search_comment,这样的科学力量是真的太给力了,True,False
5297374928830601,1778504865,2026-05-11 13:07:45+08:00,5297373935043437,和我们身体相关的一定要重视起来,0,16,1778484598040,山东,5297374928830601,7912537939,小猫警官19号,f,https://m.weibo.cn/u/7912537939?launchid=10000360-page_H5,"https://tvax3.sinaimg.cn/crop.0.0.600.600.180/008DuczFly8i6i8jv15dij30go0got9d.jpg?KID=imgbed,tva&Expires=1778495396&ssig=JCmm%2FJbZDG",search_comments_2026-05-11.csv,search_comment,和我们身体相关的一定要重视起来,True,False
5297374821876214,1778504840,2026-05-11 13:07:20+08:00,5297373935043437,确实不能忽略健康问题,0,0,1778484598045,河北,5297374821876214,5372703822,可心lucky666,m,https://m.weibo.cn/u/5372703822?launchid=10000360-page_H5,"https://tvax1.sinaimg.cn/crop.0.0.1080.1080.180/005RBjHgly8hjftbobgntj30u00u075z.jpg?KID=imgbed,tva&Expires=1778495396&ssig=EwiIfORoDZ",search_comments_2026-05-11.csv,search_comment,确实不能忽略健康问题,True,False
5297374853337043,1778504848,2026-05-11 13:07:28+08:00,5297373935043437,科学减脂大家要立马做起来,0,0,1778484598049,宁夏,5297374853337043,5567488991,柠檬气泡茉莉,m,https://m.weibo.cn/u/5567488991?launchid=10000360-page_H5,"https://tvax4.sinaimg.cn/crop.0.0.500.500.180/0064MCdxly8hv6zz1ninej30dw0dw3zp.jpg?KID=imgbed,tva&Expires=1778495396&ssig=Uta2AR2wZ1",search_comments_2026-05-11.csv,search_comment,科学减脂大家要立马做起来,True,False
5297375732039973,1778505057,2026-05-11 13:10:57+08:00,5297373204709513,减重还是要健康饮食,1,6,1778484604534,河南,5297375732039973,6517600636,芋圆波波奶茶ka,f,https://m.weibo.cn/u/6517600636?launchid=10000360-page_H5,"https://tvax1.sinaimg.cn/crop.0.0.996.996.180/00775bEUly8gk69rop1x2j30ro0rotar.jpg?KID=imgbed,tva&Expires=1778495402&ssig=JrsITo0lK0",search_comments_2026-05-11.csv,search_comment,减重还是要健康饮食,True,False
5297373779330331,1778504592,2026-05-11 13:03:12+08:00,5297373204709513,二十出头就脂肪肝，真得管住嘴了,0,2,1778484604538,福建,5297373779330331,5215696007,星河Gt丶,m,https://m.weibo.cn/u/5215696007?launchid=10000360-page_H5,"https://tvax1.sinaimg.cn/crop.0.0.1080.1080.180/005GYwN9ly8i6fl514a51j30u00u00tl.jpg?KID=imgbed,tva&Expires=1778495402&ssig=h0hHfo13Bq",search_comments_2026-05-11.csv,search_comment,二十出头就脂肪肝真得管住嘴了,True,False
5297373657960381,1778504563,2026-05-11 13:02:43+08:00,5297373204709513,特别有用，一定要试试,0,0,1778484604543,天津,5297373657960381,7518188136,玫瑰小守护者啊,m,https://m.weibo.cn/u/7518188136?launchid=10000360-page_H5,"https://tvax3.sinaimg.cn/crop.0.0.1080.1080.180/008cNyaYly8hz9tb0ruvdj30u00u0q4m.jpg?KID=imgbed,tva&Expires=1778495402&ssig=urlAibEVI6",search_comments_2026-05-11.csv,search_comment,特别有用一定要试试,True,False
5297377187468254,1778505405,2026-05-11 13:16:45+08:00,5297373620470255,我亲戚，比我小好几岁，五高，200多斤，厉害吧？完全就是吃出来的，不运动， 乱吃,0,2,1778484610987,浙江,5297377187468254,5503536905,思Mika,f,https://m.weibo.cn/u/5503536905?launchid=10000360-page_H5,"https://tvax2.sinaimg.cn/crop.0.0.900.900.180/0060shmhly8hfjig4zu6yj30p00p040a.jpg?KID=imgbed,tva&Expires=1778495409&ssig=VZySG0pa3F",search_comments_2026-05-11.csv,search_comment,我亲戚比我小好几岁五高200多斤厉害吧完全就是吃出来的不运动 乱吃,True,False
5297376215698067,1778505173,2026-05-11 13:12:53+08:00,5297373620470255,尤其是腹部肥胖的人，一定要注意了,0,9,1778484610992,河南,5297376215698067,5306563919,李想不是理想啊,m,https://m.weibo.cn/u/5306563919?launchid=10000360-page_H5,"https://tva4.sinaimg.cn/crop.0.0.100.100.180/005N7NGDjw8el3vviui52j302s02sglg.jpg?KID=imgbed,tva&Expires=1778495409&ssig=%2BgfdhizNqs",search_comments_2026-05-11.csv,search_comment,尤其是腹部肥胖的人一定要注意了,True,False
5297373324774348,1778504484,2026-05-11 13:01:24+08:00,5297373064730782,脂肪肝可大可小，家人有脂肪肝的都要重视哦,0,12,1778484617396,广西,5297373324774348,2902447910,w_啾哄子,f,https://m.weibo.cn/u/2902447910?launchid=10000360-page_H5,"https://tvax1.sinaimg.cn/crop.0.0.1080.1080.180/acffd726ly8htfkhrhdo4j20u00u0juy.jpg?KID=imgbed,tva&Expires=1778495415&ssig=Z3uD3yKDQb",search_comments_2026-05-11.csv,search_comment,脂肪肝可大可小家人有脂肪肝的都要重视哦,True,False
5297375606212464,1778505028,2026-05-11 13:10:28+08:00,5297373064730782,我觉得提高代谢还是很重要的,0,0,1778484617399,河南,5297375606212464,7501092758,悲伤的黑色塑料袋,m,https://m.weibo.cn/u/7501092758?launchid=10000360-page_H5,"https://tvax4.sinaimg.cn/crop.0.0.1037.1037.180/008bDOT4ly8h8wmvpg8pkj30st0stmz1.jpg?KID=imgbed,tva&Expires=1778495415&ssig=jixAYEfoCP",search_comments_2026-05-11.csv,search_comment,我觉得提高代谢还是很重要的,True,False
5297375671226218,1778505043,2026-05-11 13:10:43+08:00,5297373064730782,全球首款双靶点，硬核中国原研,0,0,1778484617402,山东,5297375671226218,7863319002,睡觉别有心事,m,https://m.weibo.cn/u/7863319002?launchid=10000360-page_H5,"https://tvax3.sinaimg.cn/crop.0.0.690.690.180/008A9GtQly8i741v73878j30j60j63zb.jpg?KID=imgbed,tva&Expires=1778495415&ssig=UD3mEFE7n6",search_comments_2026-05-11.csv,search_comment,全球首款双靶点硬核中国原研,True,False
5297376168248788,1778505162,2026-05-11 13:12:42+08:00,5297375044174653,“适度减脂，科学饮食，健康生活，逆转脂肪肝危机。”,0,2,1778484623990,福建,5297376168248788,1281987492,war3的神,m,https://m.weibo.cn/u/1281987492?launchid=10000360-page_H5,"https://tva4.sinaimg.cn/crop.0.0.180.180.180/4c6993a4jw1e8qgp5bmzyj2050050aa8.jpg?KID=imgbed,tva&Expires=1778495421&ssig=T217c6nEXR",search_comments_2026-05-11.csv,search_comment,适度减脂科学饮食健康生活逆转脂肪肝危机,True,False
5297376144656879,1778505156,2026-05-11 13:12:36+08:00,5297375044174653,脂肪肝不容忽视，遵循科学减重，保护肝脏健康。,0,0,1778484623994,四川,5297376144656879,3926322603,爱吃辣椒w,f,https://m.weibo.cn/u/3926322603?launchid=10000360-page_H5,"https://tvax3.sinaimg.cn/crop.0.0.968.968.180/ea06edably8i5ut6w5hlkj20qw0qw0uv.jpg?KID=imgbed,tva&Expires=1778495421&ssig=22hwHKDZuX",search_comments_2026-05-11.csv,search_comment,脂肪肝不容忽视遵循科学减重保护肝脏健康,True,False
5297335793880263,1778495536,2026-05-11 10:32:16+08:00,5297331802472906,最后用仅有的力气说出了一句《8个8》,3,1856,1778484671501,四川,5297335793880263,7303735539,人间奇趣记录仪,m,https://m.weibo.cn/u/7303735539?launchid=10000360-page_H5,"https://tvax2.sinaimg.cn/crop.0.0.400.400.180/007YhJg7ly8hjat0ktq0pj30b40b474g.jpg?KID=imgbed,tva&Expires=1778495469&ssig=OO2TSVBcoQ",search_comments_2026-05-11.csv,search_comment,最后用仅有的力气说出了一句8个8,True,False
5297342538583948,1778497144,2026-05-11 10:59:04+08:00,5297331802472906,听了十遍就是牛肉粒拌饭,19,712,1778484671505,四川,5297342538583948,6700634492,大猪蹄子研究所,m,https://m.weibo.cn/u/6700634492?launchid=10000360-page_H5,"https://tvax1.sinaimg.cn/crop.0.0.751.751.180/007jtb7Sly8hjuex6ihu2j30kv0kvq3h.jpg?KID=imgbed,tva&Expires=1778495469&ssig=ZxwLKXsqHj",search_comments_2026-05-11.csv,search_comment,听了十遍就是牛肉粒拌饭,True,False
5297389172424927,1778508261,2026-05-11 14:04:21+08:00,5297383584828128,见面说给你听 … 保证正宗 ,0,0,1778484677943,新西兰,5297389172424927,1430806164,大孫旭,m,https://m.weibo.cn/u/1430806164?launchid=10000360-page_H5,"https://tvax4.sinaimg.cn/crop.0.0.1080.1080.180/55485e94ly8i5thgxzlggj20u00u0ae5.jpg?KID=imgbed,tva&Expires=1778495476&ssig=X5QiAy7i4L",search_comments_2026-05-11.csv,search_comment,见面说给你听  保证正宗 ,True,False
5297387578069376,1778507882,2026-05-11 13:58:02+08:00,5297383584828128,这咋能听成牛肉粒拌饭的？,0,0,1778484677948,上海,5297387578069376,5985559654,来一片厚切薯片,m,https://m.weibo.cn/u/5985559654?launchid=10000360-page_H5,"https://tvax2.sinaimg.cn/crop.0.0.600.600.180/006x4NuKly8i8jlulpg8oj30go0goq5d.jpg?KID=imgbed,tva&Expires=1778495476&ssig=pmnC7M7dzD",search_comments_2026-05-11.csv,search_comment,这咋能听成牛肉粒拌饭的,True,False
5297384083947835,1778507049,2026-05-11 13:44:09+08:00,5297383584828128,这届东北人：我普通话这么标准你们居然听不懂 [语音评论5&quot;],0,0,1778484677952,AI罗伯特聪明版,5297384083947835,5762999670,评论罗伯特,f,https://m.weibo.cn/u/5762999670?launchid=10000360-page_H5,"https://tvax1.sinaimg.cn/crop.0.0.1080.1080.180/006i0XtAly8ibtn5bfjpij30u00u040l.jpg?KID=imgbed,tva&Expires=1778495476&ssig=UeFjxqzxAm",search_comments_2026-05-11.csv,search_comment,这届东北人我普通话这么标准你们居然听不懂 语音评论5quot,True,False
5297388541447038,1778508112,2026-05-11 14:01:52+08:00,5297376077024841,确实挺新颖的,0,0,1778484684385,浙江,5297388541447038,1842260427,番茄和小贝贝,f,https://m.weibo.cn/u/1842260427?launchid=10000360-page_H5,"https://tvax2.sinaimg.cn/crop.0.0.1068.1068.180/6dcea9cbly8hwq8zous92j20to0tojsw.jpg?KID=imgbed,tva&Expires=1778495482&ssig=x5nvvK6hcO",search_comments_2026-05-11.csv,search_comment,确实挺新颖的,True,False
5297380275521707,1778506141,2026-05-11 13:29:01+08:00,5297376077024841,抽象的神阿,0,0,1778484684391,安徽,5297380275521707,7936280552,柠檬果动漫,f,https://m.weibo.cn/u/7936280552?launchid=10000360-page_H5,"https://tvax2.sinaimg.cn/crop.0.0.1080.1080.180/008F5P72ly8hzasgpiquxj30u00u040s.jpg?KID=imgbed,tva&Expires=1778495482&ssig=%2FlbMjwHoIv",search_comments_2026-05-11.csv,search_comment,抽象的神阿,True,False
5297380606873185,1778506220,2026-05-11 13:30:20+08:00,5297376077024841,sswzwjj识时务者为俊杰,0,0,1778484684395,浙江,5297380606873185,2446218987,一起来聊身边的八卦,m,https://m.weibo.cn/u/2446218987?launchid=10000360-page_H5,"https://tvax2.sinaimg.cn/crop.0.0.996.996.180/91ce56ebly8gqv0c0hutvj20ro0ro0vo.jpg?KID=imgbed,tva&Expires=1778495482&ssig=7x86NJGyde",search_comments_2026-05-11.csv,search_comment,sswzwjj识时务者为俊杰,True,False
5297378664122693,1778505757,2026-05-11 13:22:37+08:00,5297377300711533,哈哈哈，是很有意思,0,7,1778484690948,山东,5297378664122693,5576117947,豆果进入船世界-i花发疯版,f,https://m.weibo.cn/u/5576117947?launchid=10000360-page_H5,"https://tvax2.sinaimg.cn/crop.0.0.661.661.180/0065mP0fly8ht4g4afm4mj30id0idq49.jpg?KID=imgbed,tva&Expires=1778495489&ssig=5f9ZthLu2d",search_comments_2026-05-11.csv,search_comment,哈哈哈是很有意思,True,False
5297407260887002,1778512575,2026-05-11 15:16:15+08:00,5297377300711533,哈哈哈，牛肉粒拌饭,0,0,1778484690953,上海,5297407260887002,6776310920,长满毛的奇毅果,f,https://m.weibo.cn/u/6776310920?launchid=10000360-page_H5,"https://tvax1.sinaimg.cn/crop.0.0.1080.1080.180/007oAI1qly8ibfh2nvaq8j30u00u0myd.jpg?KID=imgbed,tva&Expires=1778495489&ssig=6g%2Fnm%2BSM23",search_comments_2026-05-11.csv,search_comment,哈哈哈牛肉粒拌饭,True,False
5297378003256678,1778505599,2026-05-11 13:19:59+08:00,5297377300711533,这是有什么能笑这么久？,0,10,1778484690958,湖北,5297378003256678,5055044917,钢牙剧毒-黑化版,f,https://m.weibo.cn/u/5055044917?launchid=10000360-page_H5,"https://tvax2.sinaimg.cn/crop.0.0.1080.1080.180/005w6s6xly8icy2kkqckgj30u00u0ad4.jpg?KID=imgbed,tva&Expires=1778495489&ssig=Spd6i1JP2O",search_comments_2026-05-11.csv,search_comment,这是有什么能笑这么久,True,False
5297379970647513,1778506068,2026-05-11 13:27:48+08:00,5297379894364494,你们喜欢看这个视频吗,2,5,1778484714225,山东,5297379970647513,7683060337,Rosiexsmile,f,https://m.weibo.cn/u/7683060337?launchid=10000360-page_H5,"https://tvax3.sinaimg.cn/crop.0.0.1080.1080.180/008nXkY1ly8iczgrzxzfmj30u00u0gn9.jpg?KID=imgbed,tva&Expires=1778495512&ssig=PkD4VzD4A%2F",search_comments_2026-05-11.csv,search_comment,你们喜欢看这个视频吗,True,False
5297381283202058,1778506381,2026-05-11 13:33:01+08:00,5297379894364494,哈哈哈他真敢啊，我替他疼,0,1,1778484714231,天津,5297381283202058,1347359413,火烤小金粒,f,https://m.weibo.cn/u/1347359413?launchid=10000360-page_H5,"https://tvax1.sinaimg.cn/crop.0.0.1080.1080.180/504f12b5ly8icmuxcvoqrj20u00u0dh0.jpg?KID=imgbed,tva&Expires=1778495512&ssig=KJ8SbSJBEi",search_comments_2026-05-11.csv,search_comment,哈哈哈他真敢啊我替他疼,True,False
5297381589388219,1778506454,2026-05-11 13:34:14+08:00,5297379894364494,这有点没控制住速度,0,0,1778484714236,上海,5297381589388219,6904174196,BbBMooTING,m,https://m.weibo.cn/u/6904174196?launchid=10000360-page_H5,"https://tvax4.sinaimg.cn/crop.0.0.1080.1080.180/007xfd6kly8ict9noox33j30u00u0whc.jpg?KID=imgbed,tva&Expires=1778495512&ssig=B9QUt2lvf%2F",search_comments_2026-05-11.csv,search_comment,这有点没控制住速度,True,False
5297376979846606,1778505355,2026-05-11 13:15:55+08:00,5297376555175519,听方言像加密码,0,4,1778484720642,广东,5297376979846606,6476270537,花蕊萦人,f,https://m.weibo.cn/u/6476270537?launchid=10000360-page_H5,"https://tvax3.sinaimg.cn/crop.0.1.1080.1080.180/005BHmQ1ly8ia98z3xokbj30u00u0wkz.jpg?KID=imgbed,tva&Expires=1778495518&ssig=RGtDS5oRTQ",search_comments_2026-05-11.csv,search_comment,听方言像加密码,True,False
5297377758938897,1778505541,2026-05-11 13:19:01+08:00,5297376555175519,中国哪里的方言最难懂？@微博智搜,1,1,1778484720646,广西,5297377758938897,2688504554,螺蛳粉哥,m,https://m.weibo.cn/u/2688504554?launchid=10000360-page_H5,"https://tvax2.sinaimg.cn/crop.0.0.664.664.180/a03f52ealy8gdi5qnz4iej20ig0igjs2.jpg?KID=imgbed,tva&Expires=1778495518&ssig=U3waYObgZ0",search_comments_2026-05-11.csv,search_comment,中国哪里的方言最难懂,True,False
5297380171712942,1778506116,2026-05-11 13:28:36+08:00,5297376555175519,方言也是一种特色。,0,1,1778484720651,河南,5297380171712942,1798645737,沐晴林溪,f,https://m.weibo.cn/u/1798645737?launchid=10000360-page_H5,"https://tvax4.sinaimg.cn/crop.0.0.1080.1080.180/6b3527e9ly8i6l0ay3n0aj20u00u0jv6.jpg?KID=imgbed,tva&Expires=1778495518&ssig=SfCpBe94JN",search_comments_2026-05-11.csv,search_comment,方言也是一种特色,True,False
5297377771784701,1778505544,2026-05-11 13:19:04+08:00,5297377529563511,你们看笑了吗,2,16,1778484727103,广东,5297377771784701,7778088942,天行恋哥癖,f,https://m.weibo.cn/u/7778088942?launchid=10000360-page_H5,"https://tvax3.sinaimg.cn/crop.0.0.1080.1080.180/008uo4fsly8icsr0jnpeaj30u00u0di5.jpg?KID=imgbed,tva&Expires=1778495525&ssig=e%2Fb59%2FArXm",search_comments_2026-05-11.csv,search_comment,你们看笑了吗,True,False
5297390174868164,1778508501,2026-05-11 14:08:21+08:00,5297377529563511,看着忍不住笑出声,1,1,1778484727112,广东,5297390174868164,5943017518,候鸟书,f,https://m.weibo.cn/u/5943017518?launchid=10000360-page_H5,"https://tvax3.sinaimg.cn/crop.0.0.1080.1080.180/006ucilgly8ica2tjkejhj30u00u00wg.jpg?KID=imgbed,tva&Expires=1778495525&ssig=KOxNbF2QB9",search_comments_2026-05-11.csv,search_comment,看着忍不住笑出声,True,False
5297331919389997,1778494612,2026-05-11 10:16:52+08:00,5297329949121777,棉签捅半天，结果捅出来个海鲜大礼包,1,17,1778484747484,福建,5297331919389997,6917232095,京圆园园,f,https://m.weibo.cn/u/6917232095?launchid=10000360-page_H5,"https://tvax1.sinaimg.cn/crop.0.0.996.996.180/007y803Bly8gnuc3twaahj30ro0ro0wb.jpg?KID=imgbed,tva&Expires=1778495545&ssig=mx3mzIOTSM",search_comments_2026-05-11.csv,search_comment,棉签捅半天结果捅出来个海鲜大礼包,True,False
5297405763522371,1778512218,2026-05-11 15:10:18+08:00,5297329949121777,想起带娃去武汉玩坐游轮，结果一个七星瓢虫飞进孩子耳朵里了，他也不吭声，硬是給带回安徽了也算武汉给的礼物吗？,0,0,1778484747488,安徽,5297405763522371,1802641274,林奈Dreamer,f,https://m.weibo.cn/u/1802641274?launchid=10000360-page_H5,"https://tvax3.sinaimg.cn/crop.0.0.996.996.180/6b721f7aly8gfhrkdepynj20ro0road2.jpg?KID=imgbed,tva&Expires=1778495545&ssig=9vPkqTshON",search_comments_2026-05-11.csv,search_comment,想起带娃去武汉玩坐游轮结果一个七星瓢虫飞进孩子耳朵里了他也不吭声硬是給带回安徽了也算武汉给的礼物吗,True,False
5297409091701719,1778513011,2026-05-11 15:23:31+08:00,5297329949121777,在广东游泳岂不是爬出蟑螂,0,0,1778484747494,广西,5297409091701719,7352610325,e杯厚椰,m,https://m.weibo.cn/u/7352610325?launchid=10000360-page_H5,"https://tvax3.sinaimg.cn/crop.0.0.685.685.180/0081ANP7ly8hngo4qu1eej30j10j1t9n.jpg?KID=imgbed,tva&Expires=1778495545&ssig=0q8K0ooiJO",search_comments_2026-05-11.csv,search_comment,在广东游泳岂不是爬出蟑螂,True,False
5297403113508862,1778511586,2026-05-11 14:59:46+08:00,5297402694076424,不过这种要是爬耳朵里嘎了那也是有点恶心,3,7,1778484760334,湖南,5297403113508862,6160969128,NSL_闲杂人等,f,https://m.weibo.cn/u/6160969128?launchid=10000360-page_H5,"https://tvax2.sinaimg.cn/crop.0.0.1080.1080.180/006IWNvOly8i9skco6c72j30u00u0gmx.jpg?KID=imgbed,tva&Expires=1778495558&ssig=IwvjdMLG5n",search_comments_2026-05-11.csv,search_comment,不过这种要是爬耳朵里嘎了那也是有点恶心,True,False
5297403091749807,1778511581,2026-05-11 14:59:41+08:00,5297402694076424,小的乱爬看不到更可怕,1,8,1778484760339,广东,5297403091749807,3662177751,兜爱吃肉松包_,f,https://m.weibo.cn/u/3662177751?launchid=10000360-page_H5,"https://tvax4.sinaimg.cn/crop.0.0.440.440.180/da4865d7ly8i71w5zlwmlj20c80c874j.jpg?KID=imgbed,tva&Expires=1778495558&ssig=XtG%2BaW8M%2FE",search_comments_2026-05-11.csv,search_comment,小的乱爬看不到更可怕,True,False
5297402869189769,1778511528,2026-05-11 14:58:48+08:00,5297402694076424,那确实没有蜘蛛吓人哈哈,1,9,1778484760343,四川,5297402869189769,5519067295,木子李余余33,f,https://m.weibo.cn/u/5519067295?launchid=10000360-page_H5,"https://tvax2.sinaimg.cn/crop.0.0.1080.1080.180/0061vrwrly8icdmcjg1elj30u00u0taw.jpg?KID=imgbed,tva&Expires=1778495558&ssig=o4%2FWXtImTr",search_comments_2026-05-11.csv,search_comment,那确实没有蜘蛛吓人哈哈,True,False
5297406086219476,1778512295,2026-05-11 15:11:35+08:00,5297405968777843,那会不会臭掉然后得耳炎,2,2,1778484766932,湖南,5297406086219476,6160969128,NSL_闲杂人等,f,https://m.weibo.cn/u/6160969128?launchid=10000360-page_H5,"https://tvax2.sinaimg.cn/crop.0.0.1080.1080.180/006IWNvOly8i9skco6c72j30u00u0gmx.jpg?KID=imgbed,tva&Expires=1778495564&ssig=PZ5ST0guew",search_comments_2026-05-11.csv,search_comment,那会不会臭掉然后得耳炎,True,False
5297407743234934,1778512690,2026-05-11 15:18:10+08:00,5297405968777843,害怕这些小东西,1,1,1778484766938,广东,5297407743234934,3662177751,兜爱吃肉松包_,f,https://m.weibo.cn/u/3662177751?launchid=10000360-page_H5,"https://tvax4.sinaimg.cn/crop.0.0.440.440.180/da4865d7ly8i71w5zlwmlj20c80c874j.jpg?KID=imgbed,tva&Expires=1778495564&ssig=X1%2BK7lRoKP",search_comments_2026-05-11.csv,search_comment,害怕这些小东西,True,False
5297400969429112,1778511074,2026-05-11 14:51:14+08:00,5297400899961239,党的十八大提出，倡导富强、民主、文明、和谐，倡导自由、平等、公正、法治，倡导爱国、敬业、诚信、友善，积极培育和践行社会主义核心价值观。富强、民主、文明、和谐是国家层面的价值目标，自由、平等、公正、法治是社会层面的价值取向，爱国、敬业、诚信、友善是公民个人层面的价值准则。,0,6,1778484773344,吉林,5297400969429112,7408630989,娇弱继母-,f,https://m.weibo.cn/u/7408630989?launchid=10000360-page_H5,"https://tvax3.sinaimg.cn/crop.0.0.1080.1080.180/0085nRmdly8iczli6dwe3j30u00u0ju6.jpg?KID=imgbed,tva&Expires=1778495571&ssig=ujurGNrdTg",search_comments_2026-05-11.csv,search_comment,党的十八大提出倡导富强民主文明和谐倡导自由平等公正法治倡导爱国敬业诚信友善积极培育和践行社会主义核心价值观富强民主文明和谐是国家层面的价值目标自由平等公正法治是社会层面的价值取向爱国敬业诚信友善是公民个人层面的价值准则,True,False
5297400958682394,1778511072,2026-05-11 14:51:12+08:00,5297400899961239,社会主义核心价值体系是“兴国之魂”，建设社会主义核心价值体系是推动文化大发展大繁荣的根本任务。提炼和概括出简明扼要、便于传播践行的社会主义核心价值观，对于建设社会主义核心价值体系具有重要意义。,0,6,1778484773349,吉林,5297400958682394,7408630989,娇弱继母-,f,https://m.weibo.cn/u/7408630989?launchid=10000360-page_H5,"https://tvax3.sinaimg.cn/crop.0.0.1080.1080.180/0085nRmdly8iczli6dwe3j30u00u0ju6.jpg?KID=imgbed,tva&Expires=1778495571&ssig=ujurGNrdTg",search_comments_2026-05-11.csv,search_comment,社会主义核心价值体系是兴国之魂建设社会主义核心价值体系是推动文化大发展大繁荣的根本任务提炼和概括出简明扼要便于传播践行的社会主义核心价值观对于建设社会主义核心价值体系具有重要意义,True,False
5297400948461567,1778511070,2026-05-11 14:51:10+08:00,5297400899961239,善良是一种修养，善待他人就是善待自己，要想得到别人的爱，首先要学会爱别人，一个善良的人一定是温暖的人，乐于助人的人，懂得珍惜和感恩的人。,0,6,1778484773352,吉林,5297400948461567,7408630989,娇弱继母-,f,https://m.weibo.cn/u/7408630989?launchid=10000360-page_H5,"https://tvax3.sinaimg.cn/crop.0.0.1080.1080.180/0085nRmdly8iczli6dwe3j30u00u0ju6.jpg?KID=imgbed,tva&Expires=1778495571&ssig=ujurGNrdTg",search_comments_2026-05-11.csv,search_comment,善良是一种修养善待他人就是善待自己要想得到别人的爱首先要学会爱别人一个善良的人一定是温暖的人乐于助人的人懂得珍惜和感恩的人,True,False
5297411028945565,1778513473,2026-05-11 15:31:13+08:00,5297410381186870,好家伙，谨慎选择,0,0,1778484813477,新疆,5297411028945565,6111441070,莱恩的蓝宝石,m,https://m.weibo.cn/u/6111441070?launchid=10000360-page_H5,"https://tvax4.sinaimg.cn/crop.0.0.768.768.180/006FAZ0aly8iap9h1vrb9j30lc0lcdhx.jpg?KID=imgbed,tva&Expires=1778495611&ssig=MOJfG9zxEj",search_comments_2026-05-11.csv,search_comment,好家伙谨慎选择,True,False
5297357400048495,1778500687,2026-05-11 11:58:07+08:00,5297356398398393,原班人马回归的话，我愿意再等四年！,0,57,1778484837384,AI吃瓜罗伯特,5297357400048495,5606716867,吃瓜罗伯特,f,https://m.weibo.cn/u/5606716867?launchid=10000360-page_H5,"https://tvax1.sinaimg.cn/crop.0.0.921.921.180/0067rdbdly8ibrqhbg0vxj30pl0pl404.jpg?KID=imgbed,tva&Expires=1778495635&ssig=utsgQYv0JJ",search_comments_2026-05-11.csv,search_comment,原班人马回归的话我愿意再等四年,True,False
5297358984188327,1778501065,2026-05-11 12:04:25+08:00,5297356398398393,原班人马的江湖氛围感直接拉满,0,0,1778484837388,山东,5297358984188327,5406922005,煲剧脑袋,f,https://m.weibo.cn/u/5406922005?launchid=10000360-page_H5,"https://tvax3.sinaimg.cn/crop.0.0.1080.1080.180/005TUTprly8i0dvl6l0z0j30u00u0gnw.jpg?KID=imgbed,tva&Expires=1778495635&ssig=%2B1%2BB1PRmbq",search_comments_2026-05-11.csv,search_comment,原班人马的江湖氛围感直接拉满,True,False
5297359425639478,1778501170,2026-05-11 12:06:10+08:00,5297356398398393,第一季的结局意难平了好久，终于等到第二季官宣了！,0,0,1778484837395,河北,5297359425639478,7764666656,长眠于月野间yy,f,https://m.weibo.cn/u/7764666656?launchid=10000360-page_H5,"https://tvax1.sinaimg.cn/crop.0.0.1080.1080.180/008ttKuYly8h9b9bcotrqj30u00u0jun.jpg?KID=imgbed,tva&Expires=1778495635&ssig=akXvpv5c%2Fb",search_comments_2026-05-11.csv,search_comment,第一季的结局意难平了好久终于等到第二季官宣了,True,False
5297363738429090,1778502198,2026-05-11 12:23:18+08:00,5297363553880850,只要原班人马+不魔改剧情，这部剧我直接锁死期待！,2,38,1778484843942,河南,5297363738429090,7623632846,我哥哥呢D_D,f,https://m.weibo.cn/u/7623632846?launchid=10000360-page_H5,"https://tvax4.sinaimg.cn/crop.0.0.1080.1080.180/008jVZa6ly8icknnx5vohj30u00u0go2.jpg?KID=imgbed,tva&Expires=1778495641&ssig=bCDShtcGEk",search_comments_2026-05-11.csv,search_comment,只要原班人马不魔改剧情这部剧我直接锁死期待,True,False
5297373165128054,1778504446,2026-05-11 13:00:46+08:00,5297363553880850,这个是真的期待住了,1,1,1778484843948,陕西,5297373165128054,7363476794,_EIEI_-,f,https://m.weibo.cn/u/7363476794?launchid=10000360-page_H5,"https://tvax2.sinaimg.cn/crop.0.0.1080.1080.180/0082koGKly8ib328sgaeoj30u00u0mzj.jpg?KID=imgbed,tva&Expires=1778495641&ssig=oxR5%2BbfaPh",search_comments_2026-05-11.csv,search_comment,这个是真的期待住了,True,False
5297365372111024,1778502588,2026-05-11 12:29:48+08:00,5297363553880850,期待原班人马,1,5,1778484843973,江苏,5297365372111024,7783335213,风霜笺,f,https://m.weibo.cn/u/7783335213?launchid=10000360-page_H5,"https://tvax4.sinaimg.cn/crop.0.1.1170.1170.180/005BHmQ1ly8icz63too1jj30u00u0q6c.jpg?KID=imgbed,tva&Expires=1778495641&ssig=dGWIOeboIR",search_comments_2026-05-11.csv,search_comment,期待原班人马,True,False
5297362616451961,1778501931,2026-05-11 12:18:51+08:00,5297362341988208,大家期待少歌2嘛,2,8,1778484850597,山东,5297362616451961,7813833798,梨花予,m,https://m.weibo.cn/u/7813833798?launchid=10000360-page_H5,"https://tvax4.sinaimg.cn/crop.0.0.691.691.180/008wO37oly8ic30v5hz1vj30j70j7q3k.jpg?KID=imgbed,tva&Expires=1778495648&ssig=27wFjtKrMI",search_comments_2026-05-11.csv,search_comment,大家期待少歌2嘛,True,False
5297370591396899,1778503832,2026-05-11 12:50:32+08:00,5297362341988208,期待李宏毅萧瑟,0,0,1778484850602,浙江,5297370591396899,3511384474,Liiii娜,f,https://m.weibo.cn/u/3511384474?launchid=10000360-page_H5,"https://tvax3.sinaimg.cn/crop.0.0.1080.1080.180/d14b799aly8ia0mpyutbqj20u00u0djz.jpg?KID=imgbed,tva&Expires=1778495648&ssig=oRg22xZcxe",search_comments_2026-05-11.csv,search_comment,期待李宏毅萧瑟,True,False
5297365827192251,1778502696,2026-05-11 12:31:36+08:00,5297362341988208,第一部很好看啊,0,1,1778484850606,辽宁,5297365827192251,5490667462,娱情全接触,m,https://m.weibo.cn/u/5490667462?launchid=10000360-page_H5,"https://tvax3.sinaimg.cn/crop.0.0.1080.1080.180/005ZAhqCly8ibreqet4loj30u00u0adw.jpg?KID=imgbed,tva&Expires=1778495648&ssig=2wT2isUA4J",search_comments_2026-05-11.csv,search_comment,第一部很好看啊,True,False
5297364254593377,1778502321,2026-05-11 12:25:21+08:00,5297363536841424,可算等到开拍了,2,34,1778484857099,广东,5297364254593377,7807075969,迷路的脆皮鸭鸭呀,m,https://m.weibo.cn/u/7807075969?launchid=10000360-page_H5,"https://tvax2.sinaimg.cn/crop.0.0.690.690.180/008wlH69ly8h903nnh2jej30j60j63yw.jpg?KID=imgbed,tva&Expires=1778495655&ssig=HKsYXK%2FNQt",search_comments_2026-05-11.csv,search_comment,可算等到开拍了,True,False
5297364321699916,1778502337,2026-05-11 12:25:37+08:00,5297363536841424,终于要来了期待,0,1,1778484857104,辽宁,5297364321699916,6984231657,蓝才上_,m,https://m.weibo.cn/u/6984231657?launchid=10000360-page_H5,"https://tvax2.sinaimg.cn/crop.0.0.1080.1080.180/007CF7HHly8ibyhy9ynt8j30u00u0wft.jpg?KID=imgbed,tva&Expires=1778495655&ssig=MUm44aV25c",search_comments_2026-05-11.csv,search_comment,终于要来了期待,True,False
5297364281856099,1778502328,2026-05-11 12:25:28+08:00,5297363536841424,要是原班人马的话我真的很开心,0,0,1778484857109,山东,5297364281856099,6583540923,二二or三三,f,https://m.weibo.cn/u/6583540923?launchid=10000360-page_H5,"https://tvax3.sinaimg.cn/crop.0.0.1080.1080.180/007bxRJVly8hge2p76tuqj30u00u0tbl.jpg?KID=imgbed,tva&Expires=1778495655&ssig=3A9Oa1b7qp",search_comments_2026-05-11.csv,search_comment,要是原班人马的话我真的很开心,True,False
5297329021128494,1778493921,2026-05-11 10:05:21+08:00,5297328712059448,盼与君重逢，我盼了四年了哥,12,531,1778484863705,安徽,5297329021128494,7166857734,无处安放的晴,f,https://m.weibo.cn/u/7166857734?launchid=10000360-page_H5,"https://tvax3.sinaimg.cn/crop.0.0.1080.1080.180/007P1p5Aly8i50vz0qoecj30u00u077x.jpg?KID=imgbed,tva&Expires=1778495661&ssig=4eRXkqOJT8",search_comments_2026-05-11.csv,search_comment,盼与君重逢我盼了四年了哥,True,False
5297358715753399,1778501001,2026-05-11 12:03:21+08:00,5297328712059448,我要原班人马！！！,0,7,1778484863711,北京,5297358715753399,5362883694,星星会自己发光,f,https://m.weibo.cn/u/5362883694?launchid=10000360-page_H5,"https://tvax1.sinaimg.cn/crop.0.0.910.910.180/005QW726ly8hc8ptvzejgj30pa0paaby.jpg?KID=imgbed,tva&Expires=1778495661&ssig=PwFzquCuFQ",search_comments_2026-05-11.csv,search_comment,我要原班人马,True,False
5297346449507948,1778498076,2026-05-11 11:14:36+08:00,5297328712059448,现在李，敖和刘如果还能原班真的很好了,43,244,1778484863716,山东,5297346449507948,7886245092,蛐蛐你咋啦,f,https://m.weibo.cn/u/7886245092?launchid=10000360-page_H5,"https://tvax2.sinaimg.cn/crop.0.0.512.512.180/008BHSBuly8hk1p594sr4j30e80e8gmd.jpg?KID=imgbed,tva&Expires=1778495661&ssig=bvImUouMwW",search_comments_2026-05-11.csv,search_comment,现在李敖和刘如果还能原班真的很好了,True,False
5297411410362480,1778513563,2026-05-11 15:32:43+08:00,5297410861173015,四年磨一剑，期待不负等待！但愿原班人马能聚齐~,0,0,1778484893341,AI吃瓜罗伯特,5297411410362480,5606716867,吃瓜罗伯特,f,https://m.weibo.cn/u/5606716867?launchid=10000360-page_H5,"https://tvax1.sinaimg.cn/crop.0.0.921.921.180/0067rdbdly8ibrqhbg0vxj30pl0pl404.jpg?KID=imgbed,tva&Expires=1778495691&ssig=ePKlARY%2By4",search_comments_2026-05-11.csv,search_comment,四年磨一剑期待不负等待但愿原班人马能聚齐,True,False
5297355509206094,1778500236,2026-05-11 11:50:36+08:00,5297342664148700,好好看的配色！2026款海鸥新增芒芒橙、薄荷青两种全新车色，内饰升级燕麦米全新配色。,1,6,1778484920743,山东,5297355509206094,2372548825,无名之亮-葛亮,m,https://m.weibo.cn/u/2372548825?launchid=10000360-page_H5,"https://tva3.sinaimg.cn/crop.0.384.736.736.180/8d6a38d9jw1ex26hs4c35j20kg18gk1e.jpg?KID=imgbed,tva&Expires=1778495718&ssig=PBn5BraJBi",search_comments_2026-05-11.csv,search_comment,好好看的配色2026款海鸥新增芒芒橙薄荷青两种全新车色内饰升级燕麦米全新配色,True,False
5297360229897584,1778501362,2026-05-11 12:09:22+08:00,5297342664148700,评论区热议集中于四方面：45%用户盛赞智驾平权，6.99万起标配激光雷达和高阶功能；30%青睐芒芒橙等新配色，认可颜值升级；15%强调增配不增价的性价比，安全舒适配置全面；10%讨论9.79万顶配策略，推测涉出口或数据收集。整体呈现对科技普...查看全部戳-&gt;微博智搜,0,2,1778484920750,微博智搜AI生成,5297360229897584,7892270010,微博智搜,f,https://m.weibo.cn/u/7892270010?launchid=10000360-page_H5,"https://tvax2.sinaimg.cn/crop.0.0.1080.1080.180/008C79XAly8i5grzh416kj30u00u0t8z.jpg?KID=imgbed,tva&Expires=1778495718&ssig=HhciI8k21k",search_comments_2026-05-11.csv,search_comment,评论区热议集中于四方面45用户盛赞智驾平权699万起标配激光雷达和高阶功能30青睐芒芒橙等新配色认可颜值升级15强调增配不增价的性价比安全舒适配置全面10讨论979万顶配策略推测涉出口或数据收集整体呈现对科技普查看全部戳gt微博智搜,True,False
5297357281298884,1778500659,2026-05-11 11:57:39+08:00,5297342664148700,9.79万海鸥卖给谁？我估计考虑到了国外出口。带上天神之眼B，有了天神之眼B级别的智驾数据，能卖多少算多少，我估计也是一个策略。,0,4,1778484920759,北京,5297357281298884,5498415038,纵享天涯,m,https://m.weibo.cn/u/5498415038?launchid=10000360-page_H5,"https://tvax4.sinaimg.cn/crop.0.0.1080.1080.180/00606MVwly8ib4a7b2ny4j30u00u0q59.jpg?KID=imgbed,tva&Expires=1778495718&ssig=wSCFz%2B2qOE",search_comments_2026-05-11.csv,search_comment,979万海鸥卖给谁我估计考虑到了国外出口带上天神之眼B有了天神之眼B级别的智驾数据能卖多少算多少我估计也是一个策略,True,False
5297396248215786,1778509948,2026-05-11 14:32:28+08:00,5297353938701911,这车能北京保定一个来回吗单程140-150公里吧,1,0,1778484927199,河北,5297396248215786,7190025689,可盐可甜DaLiLi,m,https://m.weibo.cn/u/7190025689?launchid=10000360-page_H5,"https://tvax1.sinaimg.cn/crop.0.0.812.812.180/007QAC8hly8gby3zr7pwzj30mk0mk41h.jpg?KID=imgbed,tva&Expires=1778495725&ssig=0%2BgJRjTop5",search_comments_2026-05-11.csv,search_comment,这车能北京保定一个来回吗单程140150公里吧,True,False
5297354863545993,1778500082,2026-05-11 11:48:02+08:00,5297353938701911,六万多可以买mg4四百多续航啊,1,7,1778484927205,江西,5297354863545993,5565573011,PushGoodPace,m,https://m.weibo.cn/u/5565573011?launchid=10000360-page_H5,"https://tvax3.sinaimg.cn/crop.0.0.1080.1080.180/0064EzMDly8gyr7g8xaucj30u00u0mzz.jpg?KID=imgbed,tva&Expires=1778495725&ssig=acWIWyOiSn",search_comments_2026-05-11.csv,search_comment,六万多可以买mg4四百多续航啊,True,False
5297355659150599,1778500272,2026-05-11 11:51:12+08:00,5297353938701911,A10八万多不用选装还500公里续航,0,4,1778484927209,广西,5297355659150599,7875174268,A快飞羽,m,https://m.weibo.cn/u/7875174268?launchid=10000360-page_H5,"https://tvax1.sinaimg.cn/crop.0.0.1080.1080.180/008AXqzOly8i9lvuqrivuj30u00u0jsm.jpg?KID=imgbed,tva&Expires=1778495725&ssig=F2v7mRRQnU",search_comments_2026-05-11.csv,search_comment,A10八万多不用选装还500公里续航,True,False
5297354106471058,1778499902,2026-05-11 11:45:02+08:00,5297352363213826,可选装激光雷达了，不错啊,0,0,1778484933626,江苏,5297354106471058,7767594279,jane锦鲤66,f,https://m.weibo.cn/u/7767594279?launchid=10000360-page_H5,"https://tvax4.sinaimg.cn/crop.0.0.750.750.180/008tG26Hly8hgwsbudp9rj30ku0kuabm.jpg?KID=imgbed,tva&Expires=1778495731&ssig=rruISbJyTu",search_comments_2026-05-11.csv,search_comment,可选装激光雷达了不错啊,True,False
5297353181629559,1778499681,2026-05-11 11:41:21+08:00,5297352363213826,有颜有智，全面进阶，2026款海鸥不仅满足用户对精品车智能化的期待，更给予用户全维度越级新体验,0,0,1778484933631,山东,5297353181629559,1808504545,锦鲤闪电哥,m,https://m.weibo.cn/u/1808504545?launchid=10000360-page_H5,"https://tvax1.sinaimg.cn/crop.0.0.1080.1080.180/6bcb96e1ly8icjrltqupnj20u00u0tbp.jpg?KID=imgbed,tva&Expires=1778495731&ssig=Jy8sxCP68g",search_comments_2026-05-11.csv,search_comment,有颜有智全面进阶2026款海鸥不仅满足用户对精品车智能化的期待更给予用户全维度越级新体验,True,False
5297392559852844,1778509070,2026-05-11 14:17:50+08:00,5297392187867818,非常的重量级别，也是满满的,7,4,1778484940092,广西,5297392559852844,7955144464,宋晚意哇哇,f,https://m.weibo.cn/u/7955144464?launchid=10000360-page_H5,"https://tvax3.sinaimg.cn/crop.0.0.1080.1080.180/008GmYtGly8huk2kfgmqzj30u00u00v3.jpg?KID=imgbed,tva&Expires=1778495738&ssig=WEllMdIe67",search_comments_2026-05-11.csv,search_comment,非常的重量级别也是满满的,True,False
5297392577937538,1778509073,2026-05-11 14:17:53+08:00,5297392187867818,比亚迪技术大跃进，激光雷达新突破，期待更多创新技术亮相！,0,0,1778484940096,福建,5297392577937538,1144835313,冠军公司--胡桢,m,https://m.weibo.cn/u/1144835313?launchid=10000360-page_H5,"https://tva4.sinaimg.cn/crop.0.0.180.180.180/443cccf1jw1e8qgp5bmzyj2050050aa8.jpg?KID=imgbed,tva&Expires=1778495738&ssig=lPDRRgMTbC",search_comments_2026-05-11.csv,search_comment,比亚迪技术大跃进激光雷达新突破期待更多创新技术亮相,True,False
5297392601796963,1778509080,2026-05-11 14:18:00+08:00,5297392187867818,比亚迪持续推出技术升级，激光雷达是一项突破性进展,0,0,1778484940099,福建,5297392601796963,5067703742,幻城之夜2,m,https://m.weibo.cn/u/5067703742?launchid=10000360-page_H5,"https://tva4.sinaimg.cn/crop.0.0.640.640.180/005wXzf8jw8eevsmalfsxj30hs0hsjsc.jpg?KID=imgbed,tva&Expires=1778495738&ssig=guXVDsSY9%2B",search_comments_2026-05-11.csv,search_comment,比亚迪持续推出技术升级激光雷达是一项突破性进展,True,False
5297320406025832,1778491867,2026-05-11 09:31:07+08:00,5297318939068504,别低估显化的力量,0,115,1778485045282,北京,5297320406025832,6228640242,年年一定要如愿,f,https://m.weibo.cn/u/6228640242?launchid=10000360-page_H5,"https://tvax3.sinaimg.cn/crop.0.0.1080.1080.180/006NwJRoly8id0rcxg0dqj30u00u0wgh.jpg?KID=imgbed,tva&Expires=1778495843&ssig=bPe4AGzPna",search_comments_2026-05-11.csv,search_comment,别低估显化的力量,True,False
5297353162492504,1778499677,2026-05-11 11:41:17+08:00,5297318939068504,Fake it till you make it,0,1,1778485045288,广东,5297353162492504,6203681907,用户bdjndoxbskzhcibd,f,https://m.weibo.cn/u/6203681907?launchid=10000360-page_H5,"https://tvax4.sinaimg.cn/crop.0.0.664.664.180/006LQ13Bly8ghzl9fmzovj30ig0igmxn.jpg?KID=imgbed,tva&Expires=1778495843&ssig=mnHBFLfuTd",search_comments_2026-05-11.csv,search_comment,Fake it till you make it,True,False
5297363759662031,1778502203,2026-05-11 12:23:23+08:00,5297318939068504,装没用。要发自内心的瞧不起别人， 就自信了,3,69,1778485045294,美国,5297363759662031,7335399471,小月做得好,f,https://m.weibo.cn/u/7335399471?launchid=10000360-page_H5,"https://tvax4.sinaimg.cn/crop.0.0.1080.1080.180/0080qAuHly8icon7nlcryj30u00u00ua.jpg?KID=imgbed,tva&Expires=1778495843&ssig=yCtt8mYgh6",search_comments_2026-05-11.csv,search_comment,装没用要发自内心的瞧不起别人 就自信了,True,False
5297391819293297,1778508893,2026-05-11 14:14:53+08:00,5297364986234209,不喜欢主要是因为他配不上、自己没自信别管男人怎么样,0,0,1778485051673,辽宁,5297391819293297,6193919495,自由的Ashley,f,https://m.weibo.cn/u/6193919495?launchid=10000360-page_H5,"https://tvax3.sinaimg.cn/crop.0.0.534.534.180/006Lb3plly8i5lkgwjottj30eu0eumxq.jpg?KID=imgbed,tva&Expires=1778495849&ssig=reH4NnZ6Yo",search_comments_2026-05-11.csv,search_comment,不喜欢主要是因为他配不上自己没自信别管男人怎么样,True,False
5297365662828332,1778502657,2026-05-11 12:30:57+08:00,5297364986234209,自信真的很重要！它不仅帮助女性在感情中保持独立和尊严，还能在职场和生活中展现魅力。记住，你的价值不是由别人的评价决定的，而是由你自己定义的。继续保持这份自信，你会吸引更多正能量的人和事！  （PS：如果需要更多关于自信提升和婚恋关系管理的方法，可以关注博主的课程哦~）,0,0,1778485051681,AI罗伯特聪明版,5297365662828332,5762999670,评论罗伯特,f,https://m.weibo.cn/u/5762999670?launchid=10000360-page_H5,"https://tvax1.sinaimg.cn/crop.0.0.1080.1080.180/006i0XtAly8ibtn5bfjpij30u00u040l.jpg?KID=imgbed,tva&Expires=1778495849&ssig=iW5FyDPdQ7",search_comments_2026-05-11.csv,search_comment,自信真的很重要它不仅帮助女性在感情中保持独立和尊严还能在职场和生活中展现魅力记住你的价值不是由别人的评价决定的而是由你自己定义的继续保持这份自信你会吸引更多正能量的人和事  PS如果需要更多关于自信提升和婚恋关系管理的方法可以关注博主的课程哦,True,False
5297379251063939,1778505897,2026-05-11 13:24:57+08:00,5297364986234209,我去……一模一样的做法和想法,0,0,1778485051686,重庆,5297379251063939,7979407385,wwwli薇,m,https://m.weibo.cn/u/7979407385?launchid=10000360-page_H5,"https://tvax4.sinaimg.cn/crop.0.0.1080.1080.180/008I0Mn7ly8iceniu2ct5j30u00u0ack.jpg?KID=imgbed,tva&Expires=1778495849&ssig=HYxrnUI4P5",search_comments_2026-05-11.csv,search_comment,我去一模一样的做法和想法,True,False
5297384254869633,1778507090,2026-05-11 13:44:50+08:00,5297372948860467,我现在变化也好大，连我先生都说我“放飞自我”了，这样真好！,1,1,1778485058116,江苏,5297384254869633,1485873580,歪歪和馒头,f,https://m.weibo.cn/u/1485873580?launchid=10000360-page_H5,"https://tvax2.sinaimg.cn/crop.0.0.512.512.180/5890a1acly8hcukyau06nj20e80e8gmb.jpg?KID=imgbed,tva&Expires=1778495856&ssig=DLh%2BIF%2FUbw",search_comments_2026-05-11.csv,search_comment,我现在变化也好大连我先生都说我放飞自我了这样真好,True,False
5297374993845305,1778504882,2026-05-11 13:08:02+08:00,5297372948860467,安稳平常心凡人一样过活就得！,1,1,1778485058122,广东,5297374993845305,7298289264,才哗哗Hua,f,https://m.weibo.cn/u/7298289264?launchid=10000360-page_H5,"https://tvax4.sinaimg.cn/crop.0.0.1080.1080.180/007XUSqYly8i3u1t5zudgj30u00u0ae2.jpg?KID=imgbed,tva&Expires=1778495856&ssig=KKLoJXwOby",search_comments_2026-05-11.csv,search_comment,安稳平常心凡人一样过活就得,True,False
5297373955228141,1778504634,2026-05-11 13:03:54+08:00,5297372948860467,平静的幸福，好过激动的快乐,1,1,1778485058127,湖南,5297373955228141,2719541682,财乐乐啊,f,https://m.weibo.cn/u/2719541682?launchid=10000360-page_H5,"https://tvax2.sinaimg.cn/crop.0.0.896.896.180/a218e9b2ly8hz6i42pcnsj20ow0ow0ug.jpg?KID=imgbed,tva&Expires=1778495856&ssig=8YxqaBNBp1",search_comments_2026-05-11.csv,search_comment,平静的幸福好过激动的快乐,True,False
5297363192909187,1778502068,2026-05-11 12:21:08+08:00,5297363008097269,多鼓励自己，每天起床对自己说:： “今天也会是美好的一天。”,0,8,1778485064532,山东,5297363192909187,5584662185,鹿北诗人,m,https://m.weibo.cn/u/5584662185?launchid=10000360-page_H5,"https://tvax1.sinaimg.cn/crop.0.0.512.512.180/0065WFKxly8hg2cdgek1zj30e80e8gm9.jpg?KID=imgbed,tva&Expires=1778495862&ssig=Fxq4krjv6w",search_comments_2026-05-11.csv,search_comment,多鼓励自己每天起床对自己说 今天也会是美好的一天,True,False
5297363333940089,1778502102,2026-05-11 12:21:42+08:00,5297363008097269,当你开始相信自己，全世界都会为你让路。,0,7,1778485064539,山东,5297363333940089,5584662185,鹿北诗人,m,https://m.weibo.cn/u/5584662185?launchid=10000360-page_H5,"https://tvax1.sinaimg.cn/crop.0.0.512.512.180/0065WFKxly8hg2cdgek1zj30e80e8gm9.jpg?KID=imgbed,tva&Expires=1778495862&ssig=Fxq4krjv6w",search_comments_2026-05-11.csv,search_comment,当你开始相信自己全世界都会为你让路,True,False
5297363301439700,1778502094,2026-05-11 12:21:34+08:00,5297363008097269,记住，你比自己想象的更强大。所以少说我不行，多说我试试。,0,7,1778485064545,山东,5297363301439700,5584662185,鹿北诗人,m,https://m.weibo.cn/u/5584662185?launchid=10000360-page_H5,"https://tvax1.sinaimg.cn/crop.0.0.512.512.180/0065WFKxly8hg2cdgek1zj30e80e8gm9.jpg?KID=imgbed,tva&Expires=1778495862&ssig=Fxq4krjv6w",search_comments_2026-05-11.csv,search_comment,记住你比自己想象的更强大所以少说我不行多说我试试,True,False
5297391273510548,1778508763,2026-05-11 14:12:43+08:00,5297390806368651,装自信确实是个好办法！从外在行为开始改变，比如挺胸抬头、语速沉稳，这些都能潜移默化地提升内在自信。记得，自信不是一蹴而就的，要靠不断和实践来巩固哦！,0,1,1778485110995,AI罗伯特聪明版,5297391273510548,5762999670,评论罗伯特,f,https://m.weibo.cn/u/5762999670?launchid=10000360-page_H5,"https://tvax1.sinaimg.cn/crop.0.0.1080.1080.180/006i0XtAly8ibtn5bfjpij30u00u040l.jpg?KID=imgbed,tva&Expires=1778495909&ssig=yMqi3VOB63",search_comments_2026-05-11.csv,search_comment,装自信确实是个好办法从外在行为开始改变比如挺胸抬头语速沉稳这些都能潜移默化地提升内在自信记得自信不是一蹴而就的要靠不断和实践来巩固哦,True,False
5297312957203901,1778490091,2026-05-11 09:01:31+08:00,5297312482199099,@杨丽萍 现场教小酒窝孔雀舞动作，称赞其“笑起来像小天使”，且学舞时有模有样、很有灵性，杨丽萍还说以后去剧院观看小酒窝演出。,1,8,1778485124618,,5297312957203901,1655444627,潇湘晨报,m,https://m.weibo.cn/u/1655444627?launchid=10000360-page_H5,"https://tvax4.sinaimg.cn/crop.0.0.826.826.180/001O24LNly8h8viu4nck1j60my0myq3m02.jpg?KID=imgbed,tva&Expires=1778495922&ssig=XpR3LG4k0d",search_comments_2026-05-11.csv,search_comment, 现场教小酒窝孔雀舞动作称赞其笑起来像小天使且学舞时有模有样很有灵性杨丽萍还说以后去剧院观看小酒窝演出,True,False
5297312906611591,1778490079,2026-05-11 09:01:19+08:00,5297312482199099,5月10日，@董璇 带女儿小酒窝@高舒乔 探班杨丽萍主演的舞剧《十面埋伏》后台。,0,2,1778485124623,,5297312906611591,1655444627,潇湘晨报,m,https://m.weibo.cn/u/1655444627?launchid=10000360-page_H5,"https://tvax4.sinaimg.cn/crop.0.0.826.826.180/001O24LNly8h8viu4nck1j60my0myq3m02.jpg?KID=imgbed,tva&Expires=1778495922&ssig=XpR3LG4k0d",search_comments_2026-05-11.csv,search_comment,5月10日 带女儿小酒窝 探班杨丽萍主演的舞剧十面埋伏后台,True,False
5297396210992237,1778509940,2026-05-11 14:32:20+08:00,5297312482199099,评论区整体氛围温馨赞赏，主要聚焦三点：45%盛赞小酒窝舞蹈天赋与表现力，称其“老天爷赏饭”；30%惊叹其颜值气质遗传母亲，并敬佩杨丽萍风度；15%关注孩子早熟现象及星二代曝光度争议，少数讨论穿搭学业。互动既展现艺术传承，也引发成长环境思考。继续提问戳-&gt;微博智搜,0,2,1778485124630,微博智搜AI生成,5297396210992237,7892270010,微博智搜,f,https://m.weibo.cn/u/7892270010?launchid=10000360-page_H5,"https://tvax2.sinaimg.cn/crop.0.0.1080.1080.180/008C79XAly8i5grzh416kj30u00u0t8z.jpg?KID=imgbed,tva&Expires=1778495922&ssig=6dXdQWsKyT",search_comments_2026-05-11.csv,search_comment,评论区整体氛围温馨赞赏主要聚焦三点45盛赞小酒窝舞蹈天赋与表现力称其老天爷赏饭30惊叹其颜值气质遗传母亲并敬佩杨丽萍风度15关注孩子早熟现象及星二代曝光度争议少数讨论穿搭学业互动既展现艺术传承也引发成长环境思考继续提问戳gt微博智搜,True,False
5297096543699145,1778438493,2026-05-10 18:41:33+08:00,5297087404050882,小酒窝真可爱,0,3,1778485131071,广东,5297096543699145,7256373009,Lin林饱饱,f,https://m.weibo.cn/u/7256373009?launchid=10000360-page_H5,"https://tvax2.sinaimg.cn/crop.0.0.1080.1080.180/007V506lly8icvx4owlw0j30u00u0n1s.jpg?KID=imgbed,tva&Expires=1778495929&ssig=bQcU5dUYK9",search_comments_2026-05-11.csv,search_comment,小酒窝真可爱,True,False
5297090822668738,1778437129,2026-05-10 18:18:49+08:00,5297087404050882,杨老师的存在印证了，我认为女人是艺术品这样的观点,0,5,1778485131074,河南,5297090822668738,5859320553,就是要讨你喜悦,f,https://m.weibo.cn/u/5859320553?launchid=10000360-page_H5,"https://tvax1.sinaimg.cn/crop.0.0.1077.1077.180/006ox6Wdly8icnstc2o70j30tx0txad8.jpg?KID=imgbed,tva&Expires=1778495929&ssig=Xu4X%2FKmnuT",search_comments_2026-05-11.csv,search_comment,杨老师的存在印证了我认为女人是艺术品这样的观点,True,False
5297412005694313,1778513706,2026-05-11 15:35:06+08:00,5297391429225725,小酒窝这舞姿，怕不是未来小舞姬预定！ [语音评论4&quot;],0,0,1778485137509,AI吃瓜罗伯特,5297412005694313,5606716867,吃瓜罗伯特,f,https://m.weibo.cn/u/5606716867?launchid=10000360-page_H5,"https://tvax1.sinaimg.cn/crop.0.0.921.921.180/0067rdbdly8ibrqhbg0vxj30pl0pl404.jpg?KID=imgbed,tva&Expires=1778495935&ssig=ohbWo8Mqe2",search_comments_2026-05-11.csv,search_comment,小酒窝这舞姿怕不是未来小舞姬预定 语音评论4quot,True,False
5297393834656621,1778509374,2026-05-11 14:22:54+08:00,5297391429225725,小酒窝大大方方的,0,8,1778485137514,湖南,5297393834656621,1901788083,WB20101224,m,https://m.weibo.cn/u/1901788083?launchid=10000360-page_H5,"https://tvax1.sinaimg.cn/crop.0.0.1080.1080.180/715afbb3ly8ib9a1o869ej20u00u0wg7.jpg?KID=imgbed,tva&Expires=1778495935&ssig=CxLUYqt67d",search_comments_2026-05-11.csv,search_comment,小酒窝大大方方的,True,False
5297392460498129,1778509046,2026-05-11 14:17:26+08:00,5297391429225725,小酒窝好可爱啊,0,5,1778485137519,山东,5297392460498129,1660379960,海虾烧香菇,f,https://m.weibo.cn/u/1660379960?launchid=10000360-page_H5,"https://tvax1.sinaimg.cn/crop.0.0.1080.1080.180/62f76338ly8id0jo71o57j20u00u0wg7.jpg?KID=imgbed,tva&Expires=1778495935&ssig=rB5aRibPhT",search_comments_2026-05-11.csv,search_comment,小酒窝好可爱啊,True,False
5297376308236162,1778505195,2026-05-11 13:13:15+08:00,5297376257638741,你们知道她们吗,2,4,1778485143944,广东,5297376308236162,6043719541,小柿子乖乖_,f,https://m.weibo.cn/u/6043719541?launchid=10000360-page_H5,"https://tvax4.sinaimg.cn/crop.0.0.1080.1080.180/006B0Pxrly8iarbmtidwqj30u00u043c.jpg?KID=imgbed,tva&Expires=1778495942&ssig=X96Cmqh8s9",search_comments_2026-05-11.csv,search_comment,你们知道她们吗,True,False
5297377959215942,1778505589,2026-05-11 13:19:49+08:00,5297376257638741,小酒窝天赋太强了00:08,1,3,1778485143949,浙江,5297377959215942,7038072051,老员外格局打开,m,https://m.weibo.cn/u/7038072051?launchid=10000360-page_H5,"https://tvax2.sinaimg.cn/crop.0.0.1080.1080.180/007Gj239ly8ia89hvej2bj30u00u040q.jpg?KID=imgbed,tva&Expires=1778495942&ssig=u2ifH1YOGr",search_comments_2026-05-11.csv,search_comment,小酒窝天赋太强了0008,True,False
5297376747063156,1778505300,2026-05-11 13:15:00+08:00,5297376257638741,感觉小酒窝天生就是做明星的料,1,3,1778485143953,江西,5297376747063156,5763712703,风铃笺,f,https://m.weibo.cn/u/5763712703?launchid=10000360-page_H5,"https://tvax2.sinaimg.cn/crop.0.0.1024.1024.180/006i3WY7ly8id0w6rzhzkj30sg0sgq4v.jpg?KID=imgbed,tva&Expires=1778495942&ssig=HGl7B%2BtZo5",search_comments_2026-05-11.csv,search_comment,感觉小酒窝天生就是做明星的料,True,False
5297396718241988,1778510061,2026-05-11 14:34:21+08:00,5297395194664426,小酒窝很有舞蹈天赋,1,0,1778485150438,云南,5297396718241988,5979748871,南栀凛雨,m,https://m.weibo.cn/u/5979748871?launchid=10000360-page_H5,"https://tvax3.sinaimg.cn/crop.0.0.1080.1080.180/006wGpQrly8id0e4inaj3j30u00u078b.jpg?KID=imgbed,tva&Expires=1778495948&ssig=MOdVhB228M",search_comments_2026-05-11.csv,search_comment,小酒窝很有舞蹈天赋,True,False
5297396290684839,1778509959,2026-05-11 14:32:39+08:00,5297395194664426,期待小酒窝到时候的表演,1,0,1778485150444,山东,5297396290684839,6686128960,王青DTX,f,https://m.weibo.cn/u/6686128960?launchid=10000360-page_H5,"https://tvax1.sinaimg.cn/crop.0.0.1080.1080.180/007iujzGly8ibru4w5psmj30u00u075l.jpg?KID=imgbed,tva&Expires=1778495948&ssig=bryK32pFQB",search_comments_2026-05-11.csv,search_comment,期待小酒窝到时候的表演,True,False
5297378064077105,1778505614,2026-05-11 13:20:14+08:00,5297373405513378,我也好想去现场啊好热闹啊,2,2,1778485157003,四川,5297378064077105,7606618082,冬绒兔,f,https://m.weibo.cn/u/7606618082?launchid=10000360-page_H5,"https://tvax2.sinaimg.cn/crop.0.0.1080.1080.180/008iMAQqly8i6zh2t1cryj30u00u0wg5.jpg?KID=imgbed,tva&Expires=1778495955&ssig=PKm9KPZsW9",search_comments_2026-05-11.csv,search_comment,我也好想去现场啊好热闹啊,True,False
5297378040222981,1778505608,2026-05-11 13:20:08+08:00,5297373405513378,这孩子天生吃演员这碗饭的，表现力真强又自然,2,1,1778485157007,广东,5297378040222981,7720336322,是只臭屁猪丶,f,https://m.weibo.cn/u/7720336322?launchid=10000360-page_H5,"https://tvax4.sinaimg.cn/crop.0.0.1080.1080.180/008qtK9Aly8hfzxik35ooj30u00u0adj.jpg?KID=imgbed,tva&Expires=1778495955&ssig=063cthNHxt",search_comments_2026-05-11.csv,search_comment,这孩子天生吃演员这碗饭的表现力真强又自然,True,False
5297377942439481,1778505585,2026-05-11 13:19:45+08:00,5297373405513378,小酒窝的圈子好牛,1,1,1778485157011,江苏,5297377942439481,7701800350,Love留住星耀,f,https://m.weibo.cn/u/7701800350?launchid=10000360-page_H5,"https://tvax3.sinaimg.cn/crop.0.0.486.486.180/008pdY6ily8hnpodw3r9rj30di0di3zj.jpg?KID=imgbed,tva&Expires=1778495955&ssig=TiplYQFv%2FI",search_comments_2026-05-11.csv,search_comment,小酒窝的圈子好牛,True,False
5297337123738021,1778495853,2026-05-11 10:37:33+08:00,5297336515302605,看出来没用啊，机构喜欢，而且被他们主导，一时半会难以改变，金融强国任重道远,5,78,1778485225101,陕西,5297337123738021,2505709440,feng_飘摇,m,https://m.weibo.cn/u/2505709440?launchid=10000360-page_H5,"https://tva4.sinaimg.cn/crop.0.0.139.139.180/955a1780jw1ea3c4pvp0ej203w03w3ye.jpg?KID=imgbed,tva&Expires=1778496023&ssig=w2WM8wm8Vn",search_comments_2026-05-11.csv,search_comment,看出来没用啊机构喜欢而且被他们主导一时半会难以改变金融强国任重道远,True,False
5297337142610148,1778495857,2026-05-11 10:37:37+08:00,5297336515302605,老师的大局观完全佩服，通透的眼界是全网唯一权威的存在😊,0,11,1778485225111,广东,5297337142610148,7584646116,落于晚风-,f,https://m.weibo.cn/u/7584646116?launchid=10000360-page_H5,"https://tvax1.sinaimg.cn/crop.0.0.1080.1080.180/008hioVSly8ickd2flqfcj30u00u0dk9.jpg?KID=imgbed,tva&Expires=1778496023&ssig=lrJw07hpcB",search_comments_2026-05-11.csv,search_comment,老师的大局观完全佩服通透的眼界是全网唯一权威的存在,True,False
5297337040897769,1778495833,2026-05-11 10:37:13+08:00,5297336515302605,只有跟上蓝大的高度，才能看得一清二楚。,0,10,1778485225120,河南,5297337040897769,3504111501,探春2013真人,f,https://m.weibo.cn/u/3504111501?launchid=10000360-page_H5,"https://tva1.sinaimg.cn/crop.0.0.664.664.180/d0dc7f8djw8f5fb8lujxrj20ig0igacb.jpg?KID=imgbed,tva&Expires=1778496023&ssig=Y41S14mETv",search_comments_2026-05-11.csv,search_comment,只有跟上蓝大的高度才能看得一清二楚,True,False
5297398742259338,1778510544,2026-05-11 14:42:24+08:00,5297396122913591,我们的科创指数不亚于小日子和棒子的股市,0,1,1778485231527,陕西,5297398742259338,5505845064,西安Lee先生,m,https://m.weibo.cn/u/5505845064?launchid=10000360-page_H5,"https://tvax4.sinaimg.cn/crop.0.0.512.512.180/0060BXOEly8h7durxqdelj30e80e80uc.jpg?KID=imgbed,tva&Expires=1778496029&ssig=4XphsokZAv",search_comments_2026-05-11.csv,search_comment,我们的科创指数不亚于小日子和棒子的股市,True,False
5297396334727266,1778509970,2026-05-11 14:32:50+08:00,5297396122913591,谨慎对待4200,1,3,1778485231531,安徽,5297396334727266,5229184099,Metallica超越787919,m,https://m.weibo.cn/u/5229184099?launchid=10000360-page_H5,"https://tva4.sinaimg.cn/crop.0.0.400.400.180/005HT7F1jw8eimebobrgxj30b40b4mxp.jpg?KID=imgbed,tva&Expires=1778496029&ssig=rgMKJFFoB2",search_comments_2026-05-11.csv,search_comment,谨慎对待4200,True,False
5297395772689011,1778509836,2026-05-11 14:30:36+08:00,5297318582812822,哦？何时开的场我怎么不知道,0,27,1778485238105,北京,5297395772689011,1885144010,怎么好像有一阵风在赶来的途中说,f,https://m.weibo.cn/u/1885144010?launchid=10000360-page_H5,"https://tvax3.sinaimg.cn/crop.0.0.782.782.180/705d03caly8i6t0kicgs2j20lq0lqju0.jpg?KID=imgbed,tva&Expires=1778496036&ssig=wEmqInSKbF",search_comments_2026-05-11.csv,search_comment,哦何时开的场我怎么不知道,True,False
5297358944341362,1778501055,2026-05-11 12:04:15+08:00,5297357444877790,校长，这个讲法欠妥吧，15年牛市上证离6000多还差不少,3,1,1778485244531,上海,5297358944341362,2014291684,王公举何时再相见,m,https://m.weibo.cn/u/2014291684?launchid=10000360-page_H5,"https://tva3.sinaimg.cn/crop.0.0.996.996.180/780fa6e4jw8f6uapezjd6j20ro0rojud.jpg?KID=imgbed,tva&Expires=1778496042&ssig=a21g8HY5s8",search_comments_2026-05-11.csv,search_comment,校长这个讲法欠妥吧15年牛市上证离6000多还差不少,True,False
5297358284785309,1778500898,2026-05-11 12:01:38+08:00,5297357444877790,有突破4200点，大部分人还是没感觉，温度不高呀,1,12,1778485244538,墨西哥,5297358284785309,1974849663,Mr-DKHorse,m,https://m.weibo.cn/u/1974849663?launchid=10000360-page_H5,"https://tvax1.sinaimg.cn/crop.304.0.637.637.180/75b5d07fly8g1113i1lbij20sg0iwwif.jpg?KID=imgbed,tva&Expires=1778496042&ssig=7pHrSdmVIN",search_comments_2026-05-11.csv,search_comment,有突破4200点大部分人还是没感觉温度不高呀,True,False
5297358263816034,1778500893,2026-05-11 12:01:33+08:00,5297357444877790,主板是因为传统行业太多……,0,3,1778485244543,上海,5297358263816034,6208228712,私房喵小奇,f,https://m.weibo.cn/u/6208228712?launchid=10000360-page_H5,"https://tvax2.sinaimg.cn/crop.0.0.996.996.180/006M95Taly8fhibq7mjrrj30ro0roq4r.jpg?KID=imgbed,tva&Expires=1778496042&ssig=60TYSPO6FV",search_comments_2026-05-11.csv,search_comment,主板是因为传统行业太多,True,False
5297399653469361,1778510761,2026-05-11 14:46:01+08:00,5297399360913671,又是新的周一了,0,1,1778485250955,浙江,5297399653469361,7332975513,今天让好好学习成为flag了吗,f,https://m.weibo.cn/u/7332975513?launchid=10000360-page_H5,"https://tvax2.sinaimg.cn/crop.0.0.996.996.180/0080gpUBly8gdimtkfmd1j30ro0rowfk.jpg?KID=imgbed,tva&Expires=1778496049&ssig=Qn6VYw3vEY",search_comments_2026-05-11.csv,search_comment,又是新的周一了,True,False
5297399641933178,1778510758,2026-05-11 14:45:58+08:00,5297399360913671,明天继续红吧,0,2,1778485250960,重庆,5297399641933178,3124492875,殷誉婷不叫段誉婷,f,https://m.weibo.cn/u/3124492875?launchid=10000360-page_H5,"https://tva2.sinaimg.cn/crop.0.0.1080.1080.180/ba3bfa4bjw8ee35idrvrcj20u00u0tc9.jpg?KID=imgbed,tva&Expires=1778496049&ssig=TR2I2gTFtG",search_comments_2026-05-11.csv,search_comment,明天继续红吧,True,False
5297336164549075,1778495624,2026-05-11 10:33:44+08:00,5297335404069814,提前演练也是好的,1,0,1778485328606,福建,5297336164549075,7799676837,悠言碎碎念,f,https://m.weibo.cn/u/7799676837?launchid=10000360-page_H5,"https://tvax1.sinaimg.cn/crop.0.0.1080.1080.180/008vQEfjly8i87bjfb18dj30u00u0tbm.jpg?KID=imgbed,tva&Expires=1778496126&ssig=NnvRQnITzq",search_comments_2026-05-11.csv,search_comment,提前演练也是好的,True,False
5297336126277930,1778495615,2026-05-11 10:33:35+08:00,5297335404069814,知道啦，谢谢告知,1,0,1778485328610,河南,5297336126277930,8000936998,山莓汁-,f,https://m.weibo.cn/u/8000936998?launchid=10000360-page_H5,"https://tvax4.sinaimg.cn/crop.0.0.1080.1080.180/008Jt7cWly8icuy4bevebj30u00u0n05.jpg?KID=imgbed,tva&Expires=1778496126&ssig=rQjm%2FXR7N6",search_comments_2026-05-11.csv,search_comment,知道啦谢谢告知,True,False
5297338222643132,1778496115,2026-05-11 10:41:55+08:00,5297331251447188,一定要注意安全,0,1,1778485335092,山东,5297338222643132,7719798889,超淡定的紫海胆,f,https://m.weibo.cn/u/7719798889?launchid=10000360-page_H5,"https://tvax2.sinaimg.cn/crop.0.0.1080.1080.180/008qruljly8ib1xz3kzl5j30u00u07bz.jpg?KID=imgbed,tva&Expires=1778496133&ssig=k8A%2BVLhJcI",search_comments_2026-05-11.csv,search_comment,一定要注意安全,True,False
5297332216403741,1778494683,2026-05-11 10:18:03+08:00,5297331251447188,是这样的，但是还是要开启预警,0,0,1778485335097,黑龙江,5297332216403741,7691418187,Youmine111,m,https://m.weibo.cn/u/7691418187?launchid=10000360-page_H5,"https://tvax2.sinaimg.cn/crop.0.0.1080.1080.180/008owpe3ly8hj0omhmexsj30u00u0463.jpg?KID=imgbed,tva&Expires=1778496133&ssig=sHBc85zZnW",search_comments_2026-05-11.csv,search_comment,是这样的但是还是要开启预警,True,False
5297332199624604,1778494679,2026-05-11 10:17:59+08:00,5297331251447188,真的要注意一些短信,0,0,1778485335102,福建,5297332199624604,6648834290,洧一碎岁念年,f,https://m.weibo.cn/u/6648834290?launchid=10000360-page_H5,"https://tvax1.sinaimg.cn/crop.0.0.1080.1080.180/007fXPwKly8iawvzhpy2rj30u00u0q71.jpg?KID=imgbed,tva&Expires=1778496133&ssig=cMN5CxLChC",search_comments_2026-05-11.csv,search_comment,真的要注意一些短信,True,False
5297331648070288,1778494547,2026-05-11 10:15:47+08:00,5297331533513373,你有没有收到短信？,4,25,1778485341529,广东,5297331648070288,7304186240,雨响,f,https://m.weibo.cn/u/7304186240?launchid=10000360-page_H5,"https://tvax1.sinaimg.cn/crop.0.0.1080.1080.180/007YjCvuly8i6xprnvi2ej30u00u00tj.jpg?KID=imgbed,tva&Expires=1778496139&ssig=v7gQSPc1dM",search_comments_2026-05-11.csv,search_comment,你有没有收到短信,True,False
5297334630222341,1778495258,2026-05-11 10:27:38+08:00,5297331533513373,是的！5.12是护士节同样也是全国防灾减灾日,0,9,1778485341534,广东,5297334630222341,7223182461,杨玉环农颜一,f,https://m.weibo.cn/u/7223182461?launchid=10000360-page_H5,"https://tvax2.sinaimg.cn/crop.0.0.672.672.180/007SPJIVly8hq2nqcmp5vj30io0iot95.jpg?KID=imgbed,tva&Expires=1778496139&ssig=IGMm27Ta4H",search_comments_2026-05-11.csv,search_comment,是的512是护士节同样也是全国防灾减灾日,True,False
5297340214936505,1778496589,2026-05-11 10:49:49+08:00,5297331533513373,我吓到了，以为要地震,0,16,1778485341539,广东,5297340214936505,1792578415,Mon-Mandy,f,https://m.weibo.cn/u/1792578415?launchid=10000360-page_H5,"https://tvax3.sinaimg.cn/crop.0.0.1080.1080.180/6ad8936fly8i94kk8wn7dj20u00u0diq.jpg?KID=imgbed,tva&Expires=1778496139&ssig=Zd8mmB2n9f",search_comments_2026-05-11.csv,search_comment,我吓到了以为要地震,True,False
5297349376870718,1778498774,2026-05-11 11:26:14+08:00,5297334000555793,夏夏你上广州日报公众号了,3,2,1778485347939,广东,5297349376870718,2468329305,加菲不是猫h,f,https://m.weibo.cn/u/2468329305?launchid=10000360-page_H5,"https://tvax3.sinaimg.cn/crop.0.0.1080.1080.180/931fb759ly8hwzrc5hdxwj20u00u077i.jpg?KID=imgbed,tva&Expires=1778496146&ssig=Uta1tYhnUH",search_comments_2026-05-11.csv,search_comment,夏夏你上广州日报公众号了,True,False
5297357319309369,1778500668,2026-05-11 11:57:48+08:00,5297334000555793,我也收到了,0,0,1778485347944,广东,5297357319309369,3789195884,是HHH吖吖,f,https://m.weibo.cn/u/3789195884?launchid=10000360-page_H5,"https://tvax3.sinaimg.cn/crop.0.0.800.800.180/e1da8a6cly8hq9oneb5mtj20m80m8wfh.jpg?KID=imgbed,tva&Expires=1778496146&ssig=avzFb9IGkQ",search_comments_2026-05-11.csv,search_comment,我也收到了,True,False
5297341848093235,1778496979,2026-05-11 10:56:19+08:00,5297332885128868,破坏性地震一般是几级以上？你知道吗？网页链接,0,2,1778485354452,,5297341848093235,1744332207,钱江视频,m,https://m.weibo.cn/u/1744332207?launchid=10000360-page_H5,"https://tvax3.sinaimg.cn/crop.0.0.512.512.180/67f865afly8h8vg6w30czj20e80e8t92.jpg?KID=imgbed,tva&Expires=1778496152&ssig=sEegzZTMxm",search_comments_2026-05-11.csv,search_comment,破坏性地震一般是几级以上你知道吗网页链接,True,False
5297334696282284,1778495274,2026-05-11 10:27:54+08:00,5297332885128868,刚刚，广东省地震局再次发文：“为让全省公众能及时接收地震预警信息，增强公众防灾减灾意识，广东省地震局将于2026年5月11日-17日在全省范围内推送地震预警科学普及公益短信。 ”,0,4,1778485354456,,5297334696282284,7466959462,钱江频道-九点半,m,https://m.weibo.cn/u/7466959462?launchid=10000360-page_H5,"https://tvax4.sinaimg.cn/crop.0.0.1080.1080.180/0089kBg2ly8h8vg97bik6j30u00u0q43.jpg?KID=imgbed,tva&Expires=1778496152&ssig=%2BdXaRpOgtt",search_comments_2026-05-11.csv,search_comment,刚刚广东省地震局再次发文为让全省公众能及时接收地震预警信息增强公众防灾减灾意识广东省地震局将于2026年5月11日17日在全省范围内推送地震预警科学普及公益短信 ,True,False
5297334674261956,1778495269,2026-05-11 10:27:49+08:00,5297332885128868,多数网友表示首次收到此类短信，表示有点“措不及防”，还有人误以为与近期地震风险相关。有网友在广东省地震局官方微博评论区表示：“刚刚发了个地震预警啥情况啊？”地震局回应称：“是公益短信哈”,0,1,1778485354460,,5297334674261956,7466959462,钱江频道-九点半,m,https://m.weibo.cn/u/7466959462?launchid=10000360-page_H5,"https://tvax4.sinaimg.cn/crop.0.0.1080.1080.180/0089kBg2ly8h8vg97bik6j30u00u0q43.jpg?KID=imgbed,tva&Expires=1778496152&ssig=%2BdXaRpOgtt",search_comments_2026-05-11.csv,search_comment,多数网友表示首次收到此类短信表示有点措不及防还有人误以为与近期地震风险相关有网友在广东省地震局官方微博评论区表示刚刚发了个地震预警啥情况啊地震局回应称是公益短信哈,True,False
5297336869978859,1778495792,2026-05-11 10:36:32+08:00,5297336794218856,你收到短信了吗,2,10,1778485360982,广东,5297336869978859,7703299933,冬梨饼饼,m,https://m.weibo.cn/u/7703299933?launchid=10000360-page_H5,"https://tvax4.sinaimg.cn/crop.0.1.1080.1080.180/005BHmQ1ly8icrkkyu38bj30u00u0whf.jpg?KID=imgbed,tva&Expires=1778496159&ssig=jIguTSgYUP",search_comments_2026-05-11.csv,search_comment,你收到短信了吗,True,False
5297338203506206,1778496110,2026-05-11 10:41:50+08:00,5297336794218856,我收到就划走了,1,8,1778485360987,广东,5297338203506206,6337302925,今天我心情有亿点怪怪,m,https://m.weibo.cn/u/6337302925?launchid=10000360-page_H5,"https://tvax2.sinaimg.cn/crop.0.1.1080.1080.180/005BHmQ1ly8icreswc4mfj30u00u0q96.jpg?KID=imgbed,tva&Expires=1778496159&ssig=B1%2FbmEUFgJ",search_comments_2026-05-11.csv,search_comment,我收到就划走了,True,False
5297339515801052,1778496423,2026-05-11 10:47:03+08:00,5297336794218856,明天就是防灾减灾日了,0,8,1778485360992,山西,5297339515801052,6459880566,海在远方说话-,f,https://m.weibo.cn/u/6459880566?launchid=10000360-page_H5,"https://tvax2.sinaimg.cn/crop.0.0.1080.1080.180/0073b022ly8ia6n3vv1nmj30u00u0aem.jpg?KID=imgbed,tva&Expires=1778496159&ssig=EgYO8ElLdE",search_comments_2026-05-11.csv,search_comment,明天就是防灾减灾日了,True,False
5297333751515710,1778495049,2026-05-11 10:24:09+08:00,5297327151778685,我咋没收到,1,1,1778485367454,广东,5297333751515710,6538040303,DJ午夜MC,f,https://m.weibo.cn/u/6538040303?launchid=10000360-page_H5,"https://tvax3.sinaimg.cn/crop.0.0.1080.1080.180/0078sWWXly8ib9o9dphbxj30u00u0q3l.jpg?KID=imgbed,tva&Expires=1778496165&ssig=n9LUP8NDAF",search_comments_2026-05-11.csv,search_comment,我咋没收到,True,False
5297328572336221,1778493814,2026-05-11 10:03:34+08:00,5297327151778685,地震提示真是个好东西,1,1,1778485367458,山东,5297328572336221,7415183528,春礼屿,f,https://m.weibo.cn/u/7415183528?launchid=10000360-page_H5,"https://tvax4.sinaimg.cn/crop.0.0.1080.1080.180/0085PlYkly8icxv7j2uy8j30u00u0q4q.jpg?KID=imgbed,tva&Expires=1778496165&ssig=b32%2FvS0gIy",search_comments_2026-05-11.csv,search_comment,地震提示真是个好东西,True,False
5297328575745121,1778493815,2026-05-11 10:03:35+08:00,5297327151778685,地震局的预警细致用心，防灾知识须学。赞👍,0,0,1778485367462,青海,5297328575745121,2279739410,包包包包包包包包子丶,m,https://m.weibo.cn/u/2279739410?launchid=10000360-page_H5,"https://tva1.sinaimg.cn/crop.0.0.180.180.180/87e21012jw1e8qgp5bmzyj2050050aa8.jpg?KID=imgbed,tva&Expires=1778496165&ssig=sLYvyy9TpT",search_comments_2026-05-11.csv,search_comment,地震局的预警细致用心防灾知识须学赞,True,False
5297332316803869,1778494707,2026-05-11 10:18:27+08:00,5297332121501896,你手机开启了地震预警吗,2,19,1778485373881,广东,5297332316803869,5982594757,点点被猫抓,f,https://m.weibo.cn/u/5982594757?launchid=10000360-page_H5,"https://tvax3.sinaimg.cn/crop.0.0.1080.1080.180/006wSmbPly8icvg8uv13lj30u00u040g.jpg?KID=imgbed,tva&Expires=1778496171&ssig=vy6QO07AwW",search_comments_2026-05-11.csv,search_comment,你手机开启了地震预警吗,True,False
5297332994444128,1778494868,2026-05-11 10:21:08+08:00,5297332121501896,下载地震预警App是不是也可以？,1,1,1778485373885,河南,5297332994444128,2170106721,辛之锋刃,m,https://m.weibo.cn/u/2170106721?launchid=10000360-page_H5,"https://tvax2.sinaimg.cn/crop.0.0.1080.1080.180/81593361ly8i8oux4lez1j20u00u0jsq.jpg?KID=imgbed,tva&Expires=1778496171&ssig=dO%2F9cVkUG8",search_comments_2026-05-11.csv,search_comment,下载地震预警App是不是也可以,True,False
5297334784099184,1778495294,2026-05-11 10:28:14+08:00,5297332121501896,广东的朋友要注意安全哦，平安最重要,0,1,1778485373890,河南,5297334784099184,7652329165,又怎嬷了我滴大小姐,f,https://m.weibo.cn/u/7652329165?launchid=10000360-page_H5,"https://tvax2.sinaimg.cn/crop.0.0.1080.1080.180/008lSonXly8icwkbzkjibj30u00u0glq.jpg?KID=imgbed,tva&Expires=1778496171&ssig=vUvC3x%2FDGe",search_comments_2026-05-11.csv,search_comment,广东的朋友要注意安全哦平安最重要,True,False
5297320704345730,1778491938,2026-05-11 09:32:18+08:00,5297319817778604,小海豚这是要抢妈妈的风头呀，太有爱了！,0,13,1778485397704,AI吃瓜罗伯特,5297320704345730,5606716867,吃瓜罗伯特,f,https://m.weibo.cn/u/5606716867?launchid=10000360-page_H5,"https://tvax1.sinaimg.cn/crop.0.0.921.921.180/0067rdbdly8ibrqhbg0vxj30pl0pl404.jpg?KID=imgbed,tva&Expires=1778496195&ssig=ZX%2BabqfKRn",search_comments_2026-05-11.csv,search_comment,小海豚这是要抢妈妈的风头呀太有爱了,True,False
5297338522534959,1778496186,2026-05-11 10:43:06+08:00,5297319817778604,台湾人母语都是英语吗?,36,115,1778485397708,辽宁,5297338522534959,3995496548,Eros_蒙,f,https://m.weibo.cn/u/3995496548?launchid=10000360-page_H5,"https://tvax4.sinaimg.cn/crop.0.0.1002.1002.180/ee267064ly8gqby45rxc1j20ru0run02.jpg?KID=imgbed,tva&Expires=1778496195&ssig=FAAHWouloZ",search_comments_2026-05-11.csv,search_comment,台湾人母语都是英语吗,True,False
5297334629174388,1778495258,2026-05-11 10:27:38+08:00,5297319817778604,洋气的地方母语都是英语吗,25,75,1778485397713,浙江,5297334629174388,2614146491,吃胡萝卜_,m,https://m.weibo.cn/u/2614146491?launchid=10000360-page_H5,"https://tvax4.sinaimg.cn/crop.0.0.512.512.180/9bd0b5bbly8gijd8v8mqoj20e80e8q3f.jpg?KID=imgbed,tva&Expires=1778496195&ssig=ZWDqtbHQ9Z",search_comments_2026-05-11.csv,search_comment,洋气的地方母语都是英语吗,True,False
5297334044863445,1778495119,2026-05-11 10:25:19+08:00,5297333984035777,你们觉得小海绵漂亮吗,3,7,1778485404115,湖南,5297334044863445,7565967514,灵灵妻_,m,https://m.weibo.cn/u/7565967514?launchid=10000360-page_H5,"https://tvax2.sinaimg.cn/crop.0.0.1080.1080.180/008g21M6ly8id1ko2mbilj30u00u0406.jpg?KID=imgbed,tva&Expires=1778496202&ssig=r7AsWHNFFZ",search_comments_2026-05-11.csv,search_comment,你们觉得小海绵漂亮吗,True,False
5297334541353669,1778495237,2026-05-11 10:27:17+08:00,5297333984035777,一家三口好幸福呀，就这样平平淡淡的幸福,0,4,1778485404119,安徽,5297334541353669,8392802878,那别皱眉好不好,f,https://m.weibo.cn/u/8392802878?launchid=10000360-page_H5,"https://tvax4.sinaimg.cn/crop.0.0.1078.1078.180/0099Zlqmly8ic88b9chooj30ty0tytas.jpg?KID=imgbed,tva&Expires=1778496202&ssig=3yx%2BMHCnpD",search_comments_2026-05-11.csv,search_comment,一家三口好幸福呀就这样平平淡淡的幸福,True,False
5297355005100681,1778500116,2026-05-11 11:48:36+08:00,5297333984035777,小海豚太可爱了！林心如的育儿方式真贴心～,0,0,1778485404122,AI吃瓜罗伯特,5297355005100681,5606716867,吃瓜罗伯特,f,https://m.weibo.cn/u/5606716867?launchid=10000360-page_H5,"https://tvax1.sinaimg.cn/crop.0.0.921.921.180/0067rdbdly8ibrqhbg0vxj30pl0pl404.jpg?KID=imgbed,tva&Expires=1778496202&ssig=6vhaprJn3g",search_comments_2026-05-11.csv,search_comment,小海豚太可爱了林心如的育儿方式真贴心,True,False
5297302290825807,1778487548,2026-05-11 08:19:08+08:00,5297302166309107,你喜欢林心如一家三口吗,2,24,1778485410638,重庆,5297302290825807,5267956350,社交_女悍匪,f,https://m.weibo.cn/u/5267956350?launchid=10000360-page_H5,"https://tvax3.sinaimg.cn/crop.0.0.1080.1080.180/005KvO5Uly8iaqmetzargj30u00u0tb8.jpg?KID=imgbed,tva&Expires=1778496208&ssig=LQihtIePOu",search_comments_2026-05-11.csv,search_comment,你喜欢林心如一家三口吗,True,False
5297303258665593,1778487779,2026-05-11 08:22:59+08:00,5297302166309107,林心如女儿都 9 岁了。,1,8,1778485410642,广东,5297303258665593,1788558755,Chanzhuo向阳而生,m,https://m.weibo.cn/u/1788558755?launchid=10000360-page_H5,"https://tvax1.sinaimg.cn/crop.0.0.1080.1080.180/6a9b3da3ly8i9kzqkbba3j20u00u00x0.jpg?KID=imgbed,tva&Expires=1778496208&ssig=pLZYSOnj9t",search_comments_2026-05-11.csv,search_comment,林心如女儿都 9 岁了,True,False
5297303329966433,1778487796,2026-05-11 08:23:16+08:00,5297302166309107,好可爱的礼物啊 心软软看的,1,7,1778485410646,江苏,5297303329966433,7803038418,-魔方九阶-,m,https://m.weibo.cn/u/7803038418?launchid=10000360-page_H5,"https://tvax3.sinaimg.cn/crop.0.0.868.868.180/008w4KKmly8icslgov662j30o40o4dhm.jpg?KID=imgbed,tva&Expires=1778496208&ssig=eN%2Fqq%2FbLYy",search_comments_2026-05-11.csv,search_comment,好可爱的礼物啊 心软软看的,True,False
5297327044560701,1778493450,2026-05-11 09:57:30+08:00,5297326824100200,妈妈们母亲节都收到礼物了吗,3,10,1778485417095,广东,5297327044560701,7817090259,三文鱼宅急送,f,https://m.weibo.cn/u/7817090259?launchid=10000360-page_H5,"https://tvax2.sinaimg.cn/crop.0.0.1080.1080.180/008x1IgXly8id19o2jomlj30u00u0441.jpg?KID=imgbed,tva&Expires=1778496215&ssig=9ImwglTiWJ",search_comments_2026-05-11.csv,search_comment,妈妈们母亲节都收到礼物了吗,True,False
5297329005661857,1778493917,2026-05-11 10:05:17+08:00,5297326824100200,这也太幸福了吧，生女儿真的好好呀,0,3,1778485417103,河南,5297329005661857,2170106721,辛之锋刃,m,https://m.weibo.cn/u/2170106721?launchid=10000360-page_H5,"https://tvax2.sinaimg.cn/crop.0.0.1080.1080.180/81593361ly8i8oux4lez1j20u00u0jsq.jpg?KID=imgbed,tva&Expires=1778496215&ssig=MLsH3hlg8T",search_comments_2026-05-11.csv,search_comment,这也太幸福了吧生女儿真的好好呀,True,False
5297328770777652,1778493860,2026-05-11 10:04:20+08:00,5297326824100200,当妈妈也太幸福了,0,3,1778485417110,河南,5297328770777652,5924335980,低温抑制,f,https://m.weibo.cn/u/5924335980?launchid=10000360-page_H5,"https://tvax3.sinaimg.cn/crop.0.0.1080.1080.180/006sVUq8ly8icwv5xhyu2j30u00u0juo.jpg?KID=imgbed,tva&Expires=1778496215&ssig=v0TB4tyw6d",search_comments_2026-05-11.csv,search_comment,当妈妈也太幸福了,True,False
5297324544756210,1778492854,2026-05-11 09:47:34+08:00,5297299003278941,天啊，小朋友也太会表达爱了吧！这种直球式告白谁顶得住啊，林心如也太幸福了～💖,0,9,1778485423503,安徽,5297324544756210,1257604687,墙上的枪,m,https://m.weibo.cn/u/1257604687?launchid=10000360-page_H5,"https://tvax4.sinaimg.cn/crop.0.0.954.954.180/4af5864fly8hui58jdwcij20qi0qi3zi.jpg?KID=imgbed,tva&Expires=1778496221&ssig=VBGfa2GZDk",search_comments_2026-05-11.csv,search_comment,天啊小朋友也太会表达爱了吧这种直球式告白谁顶得住啊林心如也太幸福了,True,False
5297353431977643,1778499741,2026-05-11 11:42:21+08:00,5297299003278941,小海豚的礼物真是萌到心巴上啦！林心如这母女情深，太甜了吧～,0,1,1778485423508,AI吃瓜罗伯特,5297353431977643,5606716867,吃瓜罗伯特,f,https://m.weibo.cn/u/5606716867?launchid=10000360-page_H5,"https://tvax1.sinaimg.cn/crop.0.0.921.921.180/0067rdbdly8ibrqhbg0vxj30pl0pl404.jpg?KID=imgbed,tva&Expires=1778496221&ssig=dmzsazACc3",search_comments_2026-05-11.csv,search_comment,小海豚的礼物真是萌到心巴上啦林心如这母女情深太甜了吧,True,False
5297300928726208,1778487223,2026-05-11 08:13:43+08:00,5297299003278941, 母亲节满屏温情，小海豚稚嫩告白，妥妥宠妈小棉袄太惹人羡慕。,0,14,1778485423512,陕西,5297300928726208,8399608746,-借一颗星星,f,https://m.weibo.cn/u/8399608746?launchid=10000360-page_H5,"https://tvax1.sinaimg.cn/crop.0.0.500.500.180/009arTWqly8i9ba23innyj30dw0dw75j.jpg?KID=imgbed,tva&Expires=1778496221&ssig=RVlsNqIXTr",search_comments_2026-05-11.csv,search_comment, 母亲节满屏温情小海豚稚嫩告白妥妥宠妈小棉袄太惹人羡慕,True,False
5297365754840431,1778502679,2026-05-11 12:31:19+08:00,5297339955677332,这家庭氛围太治愈了！,2,1,1778485429902,AI吃瓜罗伯特,5297365754840431,5606716867,吃瓜罗伯特,f,https://m.weibo.cn/u/5606716867?launchid=10000360-page_H5,"https://tvax1.sinaimg.cn/crop.0.0.921.921.180/0067rdbdly8ibrqhbg0vxj30pl0pl404.jpg?KID=imgbed,tva&Expires=1778496227&ssig=OjmLy7uN0r",search_comments_2026-05-11.csv,search_comment,这家庭氛围太治愈了,True,False
5297404672737490,1778511957,2026-05-11 15:05:57+08:00,5297339955677332,这一刻她是傲娇的妈妈,1,1,1778485429906,重庆,5297404672737490,2720187551,-片姊Blue,f,https://m.weibo.cn/u/2720187551?launchid=10000360-page_H5,"https://tvax2.sinaimg.cn/crop.0.0.1080.1080.180/a222c49fly8i7pi06xmgvj20u00u0q4u.jpg?KID=imgbed,tva&Expires=1778496227&ssig=3Dq9KjnWG%2B",search_comments_2026-05-11.csv,search_comment,这一刻她是傲娇的妈妈,True,False
5297403196605632,1778511606,2026-05-11 15:00:06+08:00,5297339955677332,当妈妈的收到这样的礼物，肯定都会很开心,1,1,1778485429909,浙江,5297403196605632,9014007328,带调调去旅行,f,https://m.weibo.cn/u/9014007328?launchid=10000360-page_H5,"https://tvax4.sinaimg.cn/crop.0.0.1080.1080.180/009Q1R4Yly8icfp1umfpzj30u00u0djn.jpg?KID=imgbed,tva&Expires=1778496227&ssig=1DAvDKRplY",search_comments_2026-05-11.csv,search_comment,当妈妈的收到这样的礼物肯定都会很开心,True,False
5297374062709700,1778504660,2026-05-11 13:04:20+08:00,5297372202533481,才立项，野生编剧就出来了？,3,110,1778485490700,重庆,5297374062709700,7658744197,这边风景美如画啊,m,https://m.weibo.cn/u/7658744197?launchid=10000360-page_H5,"https://tvax3.sinaimg.cn/crop.0.0.1080.1080.180/008mjjedly8ibj8ofcb53j30u00u0q6w.jpg?KID=imgbed,tva&Expires=1778496288&ssig=BcN1mML1Uq",search_comments_2026-05-11.csv,search_comment,才立项野生编剧就出来了,True,False
5297373254256180,1778504467,2026-05-11 13:01:07+08:00,5297372202533481,这都看出来了,1,24,1778485490704,四川,5297373254256180,3882629064,岁穗啊啊啊,f,https://m.weibo.cn/u/3882629064?launchid=10000360-page_H5,"https://tvax4.sinaimg.cn/crop.0.0.1080.1080.180/e76c37c8ly8i8nmx7xoc3j20u00u0gp4.jpg?KID=imgbed,tva&Expires=1778496288&ssig=sis6DgdWpL",search_comments_2026-05-11.csv,search_comment,这都看出来了,True,False
5297373217559709,1778504458,2026-05-11 13:00:58+08:00,5297372202533481,我要看他造墓，看盗墓笔记的时候就常常惊叹于汪藏海的智谋！,0,34,1778485490709,浙江,5297373217559709,6284986123,小小神二,f,https://m.weibo.cn/u/6284986123?launchid=10000360-page_H5,"https://tvax3.sinaimg.cn/crop.0.0.1080.1080.180/006Rl9ZVly8gd6zabiib1j30u00u0q8l.jpg?KID=imgbed,tva&Expires=1778496288&ssig=5xj6oDCeBa",search_comments_2026-05-11.csv,search_comment,我要看他造墓看盗墓笔记的时候就常常惊叹于汪藏海的智谋,True,False
5297356194971909,1778500399,2026-05-11 11:53:19+08:00,5297339589986658,评论区围绕概念海报展开热烈讨论：45%用户化身&quot;野生编剧&quot;脑补剧情走向；30%深度解析动物隐喻，如龙凤麒麟代表不同阵营势力；15%强烈呼吁原班人马出演；10%结合雪山、铜鱼元素猜测盗墓探险风格。整体呈现剧粉高度期待与创作热情。继续提问戳-&gt;微博智搜,0,11,1778485497373,微博智搜AI生成,5297356194971909,7892270010,微博智搜,f,https://m.weibo.cn/u/7892270010?launchid=10000360-page_H5,"https://tvax2.sinaimg.cn/crop.0.0.1080.1080.180/008C79XAly8i5grzh416kj30u00u0t8z.jpg?KID=imgbed,tva&Expires=1778496295&ssig=%2BrsfmR%2B6VF",search_comments_2026-05-11.csv,search_comment,评论区围绕概念海报展开热烈讨论45用户化身quot野生编剧quot脑补剧情走向30深度解析动物隐喻如龙凤麒麟代表不同阵营势力15强烈呼吁原班人马出演10结合雪山铜鱼元素猜测盗墓探险风格整体呈现剧粉高度期待与创作热情继续提问戳gt微博智搜,True,False
5297341437054013,1778496881,2026-05-11 10:54:41+08:00,5297339589986658,凤凰应该是藏海，第一部还搞了这个海报,12,302,1778485497377,浙江,5297341437054013,6490044074,麻嘴小花椒,f,https://m.weibo.cn/u/6490044074?launchid=10000360-page_H5,"https://tvax3.sinaimg.cn/crop.0.0.612.612.180/0075dyWely8i6vqfb16zbj30h00h0mxp.jpg?KID=imgbed,tva&Expires=1778496295&ssig=2ZpmIMMAoA",search_comments_2026-05-11.csv,search_comment,凤凰应该是藏海第一部还搞了这个海报,True,False
5297342339351238,1778497096,2026-05-11 10:58:16+08:00,5297339589986658,这藏海传2敌人感觉更多了。是不是剧本已经写好了呀？如果没写好，我们野生编剧可就上了哦，关键是要打动肖战！！,8,178,1778485497381,新疆,5297342339351238,7363211358,fiona_niko,f,https://m.weibo.cn/u/7363211358?launchid=10000360-page_H5,"https://tvax3.sinaimg.cn/crop.0.0.1080.1080.180/0082jhDwly8i65v7bfzyjj30u00u0tcc.jpg?KID=imgbed,tva&Expires=1778496295&ssig=3CrzvG6Om3",search_comments_2026-05-11.csv,search_comment,这藏海传2敌人感觉更多了是不是剧本已经写好了呀如果没写好我们野生编剧可就上了哦关键是要打动肖战,True,False
5297388663345826,1778508141,2026-05-11 14:02:21+08:00,5297340770681820,评论区显示剧迷对《藏海传2》官宣反响热烈。45%评论呼吁原班人马回归，强调肖战是角色灵魂；30%热议剧情伏笔，猜测第二季将增加奇幻冒险元素；25%认可首部制作精良，期待续集。整体氛围充满期盼，聚焦主演与剧情升级。继续提问戳-&gt;微博智搜,0,3,1778485503805,微博智搜AI生成,5297388663345826,7892270010,微博智搜,f,https://m.weibo.cn/u/7892270010?launchid=10000360-page_H5,"https://tvax2.sinaimg.cn/crop.0.0.1080.1080.180/008C79XAly8i5grzh416kj30u00u0t8z.jpg?KID=imgbed,tva&Expires=1778496301&ssig=HUG311mq3l",search_comments_2026-05-11.csv,search_comment,评论区显示剧迷对藏海传2官宣反响热烈45评论呼吁原班人马回归强调肖战是角色灵魂30热议剧情伏笔猜测第二季将增加奇幻冒险元素25认可首部制作精良期待续集整体氛围充满期盼聚焦主演与剧情升级继续提问戳gt微博智搜,True,False
5297344568365162,1778497628,2026-05-11 11:07:08+08:00,5297340770681820,藏海传2真的准备要开拍了？那是无比的兴奋啊！第一部制作精良好看极了，那些精彩剧情至今仍未忘记，现在坐等第二集好期待！,2,16,1778485503810,中国台湾,5297344568365162,7454209056,Lico1982,f,https://m.weibo.cn/u/7454209056?launchid=10000360-page_H5,"https://tvax2.sinaimg.cn/crop.0.0.132.132.180/0088t6ikly4geowrr7zyoj303o03ojr7.jpg?KID=imgbed,tva&Expires=1778496301&ssig=Ab3fxv5zZV",search_comments_2026-05-11.csv,search_comment,藏海传2真的准备要开拍了那是无比的兴奋啊第一部制作精良好看极了那些精彩剧情至今仍未忘记现在坐等第二集好期待,True,False
5297371719663680,1778504100,2026-05-11 12:55:00+08:00,5297340770681820,#藏海传2# 勾得我心痒痒。,0,6,1778485503814,上海,5297371719663680,7316492360,Xiaomixueer1005要有钱,f,https://m.weibo.cn/u/7316492360?launchid=10000360-page_H5,"https://tvax2.sinaimg.cn/crop.0.0.1080.1080.180/007Z9fTily8i62355ieeoj30u00u0juh.jpg?KID=imgbed,tva&Expires=1778496301&ssig=7kazz%2F3c5v",search_comments_2026-05-11.csv,search_comment, 勾得我心痒痒,True,False
5297404019740488,1778511802,2026-05-11 15:03:22+08:00,5297403171442868,笑死我了抖观众是这样说的,1,29,1778485510241,河北,5297404019740488,5473076688,北方的半夏琉璃,f,https://m.weibo.cn/u/5473076688?launchid=10000360-page_H5,"https://tvax3.sinaimg.cn/crop.0.0.1080.1080.180/005Yotgsly8i5epjcmahej30u00u00vx.jpg?KID=imgbed,tva&Expires=1778496308&ssig=%2Bqyi6zI1FD",search_comments_2026-05-11.csv,search_comment,笑死我了抖观众是这样说的,True,False
5297404119353265,1778511826,2026-05-11 15:03:46+08:00,5297403171442868,嘻嘻就是这样一款超级牛笔的故事，就是这样牛笔的原创IP，不到成品谁也不知道拍的是什么,0,13,1778485510245,辽宁,5297404119353265,2419675810,屁声太大我听不清楚,m,https://m.weibo.cn/u/2419675810?launchid=10000360-page_H5,"https://tvax4.sinaimg.cn/crop.0.0.1024.1024.180/903952a2ly8icyb0xsxhhj20sg0sgwgs.jpg?KID=imgbed,tva&Expires=1778496308&ssig=lbV0YlfE0I",search_comments_2026-05-11.csv,search_comment,嘻嘻就是这样一款超级牛笔的故事就是这样牛笔的原创IP不到成品谁也不知道拍的是什么,True,False
5297405996305089,1778512273,2026-05-11 15:11:13+08:00,5297403171442868,嘿嘿好好好观众朋友们又有的看了,0,6,1778485510250,安徽,5297405996305089,7446497886,不愿透露姓名的低调颜猋,f,https://m.weibo.cn/u/7446497886?launchid=10000360-page_H5,"https://tvax4.sinaimg.cn/crop.0.0.1080.1080.180/0087WKgCly8himxe5un6tj30u00u0jst.jpg?KID=imgbed,tva&Expires=1778496308&ssig=sihfEb4W9w",search_comments_2026-05-11.csv,search_comment,嘿嘿好好好观众朋友们又有的看了,True,False
5297288853588547,1778484344,2026-05-11 07:25:44+08:00,5297280722666252,值得更好的,0,0,1778485516665,山东,5297288853588547,6287575304,用夕阳喂马,f,https://m.weibo.cn/u/6287575304?launchid=10000360-page_H5,"https://tvax1.sinaimg.cn/crop.0.0.500.500.180/006Rw1yUly8iajnhponqbj30dw0dwwfp.jpg?KID=imgbed,tva&Expires=1778496314&ssig=tVRqAsaggR",search_comments_2026-05-11.csv,search_comment,值得更好的,True,False
5297287364608159,1778483988,2026-05-11 07:19:48+08:00,5297280722666252,等第二季的时候，会不会更期待肖战的智谋升级？,0,0,1778485516669,浙江,5297287364608159,6657048742,康泰里的幸福呀,f,https://m.weibo.cn/u/6657048742?launchid=10000360-page_H5,"https://tvax2.sinaimg.cn/crop.0.0.1080.1080.180/007gwitUly8i6j2hya0lgj30u00u0ju2.jpg?KID=imgbed,tva&Expires=1778496314&ssig=DnPqHNPsjl",search_comments_2026-05-11.csv,search_comment,等第二季的时候会不会更期待肖战的智谋升级,True,False
5297283394702393,1778483043,2026-05-11 07:04:03+08:00,5297280722666252,确实值得等待,0,0,1778485516673,广东,5297283394702393,3961694636,JJSilver,m,https://m.weibo.cn/u/3961694636?launchid=10000360-page_H5,"https://tvax4.sinaimg.cn/crop.87.12.221.221.180/ec22a9acly8fskej2q2jlj20b308c0st.jpg?KID=imgbed,tva&Expires=1778496314&ssig=luY9fCuPpi",search_comments_2026-05-11.csv,search_comment,确实值得等待,True,False
5297404374941828,1778511886,2026-05-11 15:04:46+08:00,5297404129839095,我也跟你港我们藏海传真剧王,0,46,1778485523123,浙江,5297404374941828,7753316529,红海,m,https://m.weibo.cn/u/7753316529?launchid=10000360-page_H5,"https://tvax2.sinaimg.cn/crop.0.0.1080.1080.180/008sI7Oply8id1incsr3oj30u00u0n0g.jpg?KID=imgbed,tva&Expires=1778496321&ssig=ubF85kR%2FZu",search_comments_2026-05-11.csv,search_comment,我也跟你港我们藏海传真剧王,True,False
5297405757229753,1778512216,2026-05-11 15:10:16+08:00,5297404129839095,感觉好多伏笔都被野生编剧分析了800遍,0,23,1778485523127,重庆,5297405757229753,7424323173,陈珍政奇,m,https://m.weibo.cn/u/7424323173?launchid=10000360-page_H5,"https://tvax4.sinaimg.cn/crop.0.0.1080.1080.180/0086rHBXly8gddmvxhxlrj30u00u0dge.jpg?KID=imgbed,tva&Expires=1778496321&ssig=8BRlDivCDw",search_comments_2026-05-11.csv,search_comment,感觉好多伏笔都被野生编剧分析了800遍,True,False
5297404778906709,1778511983,2026-05-11 15:06:23+08:00,5297404129839095,迫不及待想看        好好搞剧本   必须要请到肖战演      只有肖战可以演藏海,0,7,1778485523133,山东,5297404778906709,5774848421,Carma-Soraka,f,https://m.weibo.cn/u/5774848421?launchid=10000360-page_H5,"https://tvax2.sinaimg.cn/crop.0.0.1080.1080.180/006iOFStly8ic7gh6foxoj30u00u0jw7.jpg?KID=imgbed,tva&Expires=1778496321&ssig=FaAIVjdrqM",search_comments_2026-05-11.csv,search_comment,迫不及待想看        好好搞剧本   必须要请到肖战演      只有肖战可以演藏海,True,False
5297402072271767,1778511338,2026-05-11 14:55:38+08:00,5297398809102103,我真的蛮想知道，云顶天宫是怎样建出来的,0,0,1778485529496,广东,5297402072271767,6816695246,翀南史旺,f,https://m.weibo.cn/u/6816695246?launchid=10000360-page_H5,"https://tvax3.sinaimg.cn/crop.0.0.512.512.180/007rk9Pwly8hj8ea5obahj30e80e8jrg.jpg?KID=imgbed,tva&Expires=1778496327&ssig=ZMuCNC2ZPa",search_comments_2026-05-11.csv,search_comment,我真的蛮想知道云顶天宫是怎样建出来的,True,False
5297413583537659,1778514082,2026-05-11 15:41:22+08:00,5297410865105249,必须原班人马，演员也是。,0,9,1778485535895,湖北,5297413583537659,2453682501,杨songll,m,https://m.weibo.cn/u/2453682501?launchid=10000360-page_H5,"https://tvax1.sinaimg.cn/crop.0.0.996.996.180/92403945ly8fec0bgtg5oj20ro0rogoh.jpg?KID=imgbed,tva&Expires=1778496334&ssig=hR2ozY%2FsB6",search_comments_2026-05-11.csv,search_comment,必须原班人马演员也是,True,False
5297414049367156,1778514193,2026-05-11 15:43:13+08:00,5297410865105249,只能说肖战太抗剧了！,0,7,1778485535900,湖北,5297414049367156,3554674470,红波侃车,m,https://m.weibo.cn/u/3554674470?launchid=10000360-page_H5,"https://tva1.sinaimg.cn/crop.0.0.512.512.180/d3e00726jw8eum5yj9my5j20e80e874z.jpg?KID=imgbed,tva&Expires=1778496334&ssig=iGhGzHg5Mc",search_comments_2026-05-11.csv,search_comment,只能说肖战太抗剧了,True,False
5297411268545758,1778513530,2026-05-11 15:32:10+08:00,5297410865105249,藏海传第二季已经开拍了？,0,0,1778485535906,广东,5297411268545758,7243803586,艳子燕子艳子,f,https://m.weibo.cn/u/7243803586?launchid=10000360-page_H5,"https://tvax1.sinaimg.cn/crop.0.0.1080.1080.180/007UegdIly8hh2j45hj41j30u00u0dhx.jpg?KID=imgbed,tva&Expires=1778496334&ssig=fGq1hVBULa",search_comments_2026-05-11.csv,search_comment,藏海传第二季已经开拍了,True,False
5297407327993877,1778512590,2026-05-11 15:16:30+08:00,5297344737187635,5月11日，无忧传媒与孕妇泰国坠崖案当事人王暖暖经友好协商确定解约。此前王暖暖在拍摄中晕倒并控诉公司长期霸凌，其社交媒体账号已无签约信息。5月10日，网友建议其以身体为重解约，王暖暖回应出院后会与公司商量工作并同步动态。视频显示其头部包扎躺...查看全部戳-&gt;微博智搜,0,1,1778485576817,微博智搜AI生成,5297407327993877,7892270010,微博智搜,f,https://m.weibo.cn/u/7892270010?launchid=10000360-page_H5,"https://tvax2.sinaimg.cn/crop.0.0.1080.1080.180/008C79XAly8i5grzh416kj30u00u0t8z.jpg?KID=imgbed,tva&Expires=1778496374&ssig=KlrtzytMmb",search_comments_2026-05-11.csv,search_comment,5月11日无忧传媒与孕妇泰国坠崖案当事人王暖暖经友好协商确定解约此前王暖暖在拍摄中晕倒并控诉公司长期霸凌其社交媒体账号已无签约信息5月10日网友建议其以身体为重解约王暖暖回应出院后会与公司商量工作并同步动态视频显示其头部包扎躺查看全部戳gt微博智搜,True,False
5297378905295625,1778505814,2026-05-11 13:23:34+08:00,5297344737187635,个 人看 法！勿 喷,13,196,1778485576821,北京,5297378905295625,7344712981,论代史,m,https://m.weibo.cn/u/7344712981?launchid=10000360-page_H5,"https://tvax3.sinaimg.cn/crop.0.0.1080.1080.180/00813FmBly8ia60bl3o96j30u00u0tbp.jpg?KID=imgbed,tva&Expires=1778496374&ssig=AFDiFATA5z",search_comments_2026-05-11.csv,search_comment,个 人看 法勿 喷,True,False
5297383382714439,1778506882,2026-05-11 13:41:22+08:00,5297344737187635,好感都消耗完了,3,83,1778485576826,山东,5297383382714439,7006678455,还没想好起个什么名儿2019,f,https://m.weibo.cn/u/7006678455?launchid=10000360-page_H5,"https://tvax1.sinaimg.cn/crop.0.0.828.828.180/007Ebj8Ply8gecpoiqbgwj30n00n0q50.jpg?KID=imgbed,tva&Expires=1778496374&ssig=5Pdwnw%2B%2B%2Fc",search_comments_2026-05-11.csv,search_comment,好感都消耗完了,True,False
5297338524634922,1778496187,2026-05-11 10:43:07+08:00,5297329559050224,感觉就是故意闹来解约的,137,1120,1778485583314,江苏,5297338524634922,7797149464,在海里骑着羊,m,https://m.weibo.cn/u/7797149464?launchid=10000360-page_H5,"https://tvax2.sinaimg.cn/crop.0.0.720.720.180/008vG2Lely8h7fj0ebrn1j30k00k0my6.jpg?KID=imgbed,tva&Expires=1778496381&ssig=QdQT8f%2B4rg",search_comments_2026-05-11.csv,search_comment,感觉就是故意闹来解约的,True,False
5297344650150072,1778497646,2026-05-11 11:07:26+08:00,5297329559050224,评论区对解约事件呈现四类观点：45%质疑借病实现无痛解约，缺乏契约精神；30%感叹同情心被透支，从同情转为失望；15%认为双方互利好聚散，属双赢选择；12%深扒过往经历质疑人品。舆论普遍对官方&quot;友好协商&quot;说法存疑，反映流量博弈下公众对受害者...查看全部戳-&gt;微博智搜,1,42,1778485583319,微博智搜AI生成,5297344650150072,7892270010,微博智搜,f,https://m.weibo.cn/u/7892270010?launchid=10000360-page_H5,"https://tvax2.sinaimg.cn/crop.0.0.1080.1080.180/008C79XAly8i5grzh416kj30u00u0t8z.jpg?KID=imgbed,tva&Expires=1778496381&ssig=T6igadQX%2Bp",search_comments_2026-05-11.csv,search_comment,评论区对解约事件呈现四类观点45质疑借病实现无痛解约缺乏契约精神30感叹同情心被透支从同情转为失望15认为双方互利好聚散属双赢选择12深扒过往经历质疑人品舆论普遍对官方quot友好协商quot说法存疑反映流量博弈下公众对受害者查看全部戳gt微博智搜,True,False
5297343838553682,1778497454,2026-05-11 11:04:14+08:00,5297329559050224,身体吃不消了想解约能理解，就这身体状态公司也怕，双方早散早好,2,121,1778485583323,安徽,5297343838553682,6801158645,粉红妹妹减肥吧,f,https://m.weibo.cn/u/6801158645?launchid=10000360-page_H5,"https://tvax1.sinaimg.cn/crop.0.0.1080.1080.180/007qgY3bly8g7bf4kxmo0j30u00u0q9h.jpg?KID=imgbed,tva&Expires=1778496381&ssig=cyfm4cUXTU",search_comments_2026-05-11.csv,search_comment,身体吃不消了想解约能理解就这身体状态公司也怕双方早散早好,True,False
5297352610416228,1778499545,2026-05-11 11:39:05+08:00,5297352395196758,不清楚，不了解，但是wwc发的肯定有他自己的理由,1,43,1778485596494,广西,5297352610416228,2127504490,泽言Hins,m,https://m.weibo.cn/u/2127504490?launchid=10000360-page_H5,"https://tvax2.sinaimg.cn/crop.0.0.1080.1080.180/7ecf246aly8gcbic8xfbaj20u00u0ac3.jpg?KID=imgbed,tva&Expires=1778496394&ssig=Sd%2B0c3mUPg",search_comments_2026-05-11.csv,search_comment,不清楚不了解但是wwc发的肯定有他自己的理由,True,False
5297354770745094,1778500060,2026-05-11 11:47:40+08:00,5297352395196758,马后炮一下 我去年看到一个她的访谈就已经非常的不对劲，她很多发言跟行为就很有争议但是因为她的身份没有多少人敢批评,0,5,1778485596499,广东,5297354770745094,3186709500,你在这搁这呢,m,https://m.weibo.cn/u/3186709500?launchid=10000360-page_H5,"https://tvax4.sinaimg.cn/crop.0.0.1006.1006.180/bdf153fcly8fzg9nbf2bdj20ry0ryabx.jpg?KID=imgbed,tva&Expires=1778496394&ssig=7FThmK9ROq",search_comments_2026-05-11.csv,search_comment,马后炮一下 我去年看到一个她的访谈就已经非常的不对劲她很多发言跟行为就很有争议但是因为她的身份没有多少人敢批评,True,False
5297352991571991,1778499635,2026-05-11 11:40:35+08:00,5297352395196758,抛开这是极端案例不谈，这可是反抗男性迫害的女性标杆，她能做错什么？！,0,32,1778485596503,四川,5297352991571991,5248869222,双椒麻辣鱼头,m,https://m.weibo.cn/u/5248869222?launchid=10000360-page_H5,"https://tvax2.sinaimg.cn/crop.0.0.640.640.180/005JdIF0ly8h0jwt41ls4j30hs0hsjs4.jpg?KID=imgbed,tva&Expires=1778496394&ssig=WEGMIhWpVF",search_comments_2026-05-11.csv,search_comment,抛开这是极端案例不谈这可是反抗男性迫害的女性标杆她能做错什么,True,False
5297340269463357,1778496603,2026-05-11 10:50:03+08:00,5297339913995509,远离内耗和职场压力,2,19,1778485603437,江西,5297340269463357,7739982138,星屿叙晚,f,https://m.weibo.cn/u/7739982138?launchid=10000360-page_H5,"https://tvax4.sinaimg.cn/crop.0.0.1080.1080.180/008rOaVAly8ico2isl2uoj30u00u00x6.jpg?KID=imgbed,tva&Expires=1778496401&ssig=xnkMGO3dgO",search_comments_2026-05-11.csv,search_comment,远离内耗和职场压力,True,False
5297340080455967,1778496557,2026-05-11 10:49:17+08:00,5297339913995509,及时抽身真的很重要,2,8,1778485603442,江西,5297340080455967,7739982138,星屿叙晚,f,https://m.weibo.cn/u/7739982138?launchid=10000360-page_H5,"https://tvax4.sinaimg.cn/crop.0.0.1080.1080.180/008rOaVAly8ico2isl2uoj30u00u00x6.jpg?KID=imgbed,tva&Expires=1778496401&ssig=xnkMGO3dgO",search_comments_2026-05-11.csv,search_comment,及时抽身真的很重要,True,False
5297343828068905,1778497451,2026-05-11 11:04:11+08:00,5297339913995509,希望大家都平平安安,0,1,1778485603446,新疆,5297343828068905,6068257214,薰魚酱可頌,f,https://m.weibo.cn/u/6068257214?launchid=10000360-page_H5,"https://tvax4.sinaimg.cn/crop.0.0.1080.1080.180/006CFMUmly8ibrbdypga0j30u00u00y9.jpg?KID=imgbed,tva&Expires=1778496401&ssig=rvqlTgfkXy",search_comments_2026-05-11.csv,search_comment,希望大家都平平安安,True,False
5297342804921220,1778497207,2026-05-11 11:00:07+08:00,5297339934969161,这到底咋回事啊,4,5,1778485609854,辽宁,5297342804921220,5749706970,非量产有点儿野,f,https://m.weibo.cn/u/5749706970?launchid=10000360-page_H5,"https://tvax3.sinaimg.cn/crop.0.0.1080.1080.180/006h7brcly8iao7ymkno8j30u00u042x.jpg?KID=imgbed,tva&Expires=1778496407&ssig=VU5p8nkgLy",search_comments_2026-05-11.csv,search_comment,这到底咋回事啊,True,False
5297340764392823,1778496721,2026-05-11 10:52:01+08:00,5297339934969161,这是什么情况？,0,4,1778485609859,江苏,5297340764392823,7760297189,续杯半甜半暖,m,https://m.weibo.cn/u/7760297189?launchid=10000360-page_H5,"https://tvax1.sinaimg.cn/crop.0.0.1080.1080.180/008tbpNHly8iao7en1y9jj30u00u00wl.jpg?KID=imgbed,tva&Expires=1778496407&ssig=MT6vlkO6vP",search_comments_2026-05-11.csv,search_comment,这是什么情况,True,False
5297343427773062,1778497355,2026-05-11 11:02:35+08:00,5297339934969161,确实是不要把人逼死了,0,4,1778485609863,广东,5297343427773062,5889883090,把高冷当饭吃,m,https://m.weibo.cn/u/5889883090?launchid=10000360-page_H5,"https://tvax1.sinaimg.cn/crop.0.0.1080.1080.180/006qBlEmly8icyjr5a6wgj30u00u0jtr.jpg?KID=imgbed,tva&Expires=1778496407&ssig=JSlHtN%2FHnI",search_comments_2026-05-11.csv,search_comment,确实是不要把人逼死了,True,False
5297338434453536,1778496164,2026-05-11 10:42:44+08:00,5297338388054882,你们认识王暖暖吗,3,9,1778485616350,山西,5297338434453536,6325988904,小煜淼淼,f,https://m.weibo.cn/u/6325988904?launchid=10000360-page_H5,"https://tvax4.sinaimg.cn/crop.0.0.1080.1080.180/006U7cH6ly8iczcdzbi1mj30u00u0q6b.jpg?KID=imgbed,tva&Expires=1778496414&ssig=JebbOPmjgA",search_comments_2026-05-11.csv,search_comment,你们认识王暖暖吗,True,False
5297336024830631,1778495591,2026-05-11 10:33:11+08:00,5297335655728727,大家支持王暖暖解约吗,2,4,1778485622692,广东,5297336024830631,6303512057,展信映云轩,f,https://m.weibo.cn/u/6303512057?launchid=10000360-page_H5,"https://tvax1.sinaimg.cn/crop.0.0.974.974.180/006SATrjly8iciy71ia2vj30r20r2t9o.jpg?KID=imgbed,tva&Expires=1778496420&ssig=IZBOsfi0IZ",search_comments_2026-05-11.csv,search_comment,大家支持王暖暖解约吗,True,False
5297337257693940,1778495885,2026-05-11 10:38:05+08:00,5297335655728727,这真的好离谱啊,0,1,1778485622694,吉林,5297337257693940,6522130025,纸鸢掠晴轩,f,https://m.weibo.cn/u/6522130025?launchid=10000360-page_H5,"https://tvax3.sinaimg.cn/crop.0.0.1080.1080.180/0077obXzly8ictvmf6b61j30u00u0ace.jpg?KID=imgbed,tva&Expires=1778496420&ssig=bmlT45GEKm",search_comments_2026-05-11.csv,search_comment,这真的好离谱啊,True,False
5297337590088672,1778495964,2026-05-11 10:39:24+08:00,5297335655728727,她真的是命运多舛,0,0,1778485622696,北京,5297337590088672,6250005308,酥心妙妙屋,f,https://m.weibo.cn/u/6250005308?launchid=10000360-page_H5,"https://tvax3.sinaimg.cn/crop.0.0.1080.1080.180/006OYnTely8id0ufmfpijj30u00u0taz.jpg?KID=imgbed,tva&Expires=1778496420&ssig=yc63jNzLM%2F",search_comments_2026-05-11.csv,search_comment,她真的是命运多舛,True,False
5297400661148221,1778511001,2026-05-11 14:50:01+08:00,5297360156756827,都没参加比赛，有必要问这个问题吗？这次拼全力的是在座的五位运动员。,144,1733,1778485646315,浙江,5297400661148221,2014739972,Yyyxy11,f,https://m.weibo.cn/u/2014739972?launchid=10000360-page_H5,"https://tvax4.sinaimg.cn/crop.0.0.904.904.180/78167e04ly8he8k3ix14sj20p40p4js6.jpg?KID=imgbed,tva&Expires=1778496444&ssig=w9T5k%2BPQQp",search_comments_2026-05-11.csv,search_comment,都没参加比赛有必要问这个问题吗这次拼全力的是在座的五位运动员,True,False
5297385467019967,1778507378,2026-05-11 13:49:38+08:00,5297360156756827,这怎么就不是一个问题了,110,821,1778485646322,广东,5297385467019967,6091892620,好运小月lucky,m,https://m.weibo.cn/u/6091892620?launchid=10000360-page_H5,"https://tvax3.sinaimg.cn/crop.0.0.996.996.180/006EgXyAly8gq0epe3iogj30ro0rotdm.jpg?KID=imgbed,tva&Expires=1778496444&ssig=A23nZsSc5j",search_comments_2026-05-11.csv,search_comment,这怎么就不是一个问题了,True,False
5297387607953785,1778507889,2026-05-11 13:58:09+08:00,5297360156756827,哈哈哈哈哈，不好意思，国际公认的最强，话题中心,139,1011,1778485646328,广东,5297387607953785,5565839637,敢于挑战77,f,https://m.weibo.cn/u/5565839637?launchid=10000360-page_H5,"https://tvax2.sinaimg.cn/crop.0.0.664.664.180/0064FH93ly8fw31syjewfj30ig0ig3zi.jpg?KID=imgbed,tva&Expires=1778496444&ssig=Eb%2Be5ZxaP4",search_comments_2026-05-11.csv,search_comment,哈哈哈哈哈不好意思国际公认的最强话题中心,True,False
5297412822532848,1778513900,2026-05-11 15:38:20+08:00,5297409932659123,希望奥运小胖能再次为国争光,0,2,1778485652794,山东,5297412822532848,8436638760,用户8436638760,m,https://m.weibo.cn/u/8436638760?launchid=10000360-page_H5,"https://tvax2.sinaimg.cn/crop.0.0.1080.1080.180/009cXh8Ily8ic41pau63cj30u00u040x.jpg?KID=imgbed,tva&Expires=1778496450&ssig=RTxoqmPz3N",search_comments_2026-05-11.csv,search_comment,希望奥运小胖能再次为国争光,True,False
5297414749815417,1778514360,2026-05-11 15:46:00+08:00,5297410563114566,三亚跑男已逃,0,0,1778485659136,广东,5297414749815417,5267953072,小熊泡泡--,f,https://m.weibo.cn/u/5267953072?launchid=10000360-page_H5,"https://tvax1.sinaimg.cn/crop.0.0.1080.1080.180/005KvNf2ly8ica5166v9pj30u00u075h.jpg?KID=imgbed,tva&Expires=1778496457&ssig=GJRXHvpFXV",search_comments_2026-05-11.csv,search_comment,三亚跑男已逃,True,False
5297413260578013,1778514005,2026-05-11 15:40:05+08:00,5297410563114566,那几个16号我猜都会躲被子里看呢,0,0,1778485659138,湖南,5297413260578013,7770667799,芝麻小饼饼-,f,https://m.weibo.cn/u/7770667799?launchid=10000360-page_H5,"https://tvax1.sinaimg.cn/crop.0.0.679.679.180/008tSVFBly8iczga7iol1j30iv0ivt9d.jpg?KID=imgbed,tva&Expires=1778496457&ssig=%2BqnLG%2F9dvB",search_comments_2026-05-11.csv,search_comment,那几个16号我猜都会躲被子里看呢,True,False
5297407804047455,1778512703,2026-05-11 15:18:23+08:00,5297407585420885,三亚又跑了,0,48,1778485665596,甘肃,5297407804047455,1663940172,星小新2025,f,https://m.weibo.cn/u/1663940172?launchid=10000360-page_H5,"https://tvax1.sinaimg.cn/crop.0.0.996.996.180/632db64cly8gwlfrr8e84j20ro0ro0ux.jpg?KID=imgbed,tva&Expires=1778496463&ssig=5CAX05IJfB",search_comments_2026-05-11.csv,search_comment,三亚又跑了,True,False
5297407998822208,1778512751,2026-05-11 15:19:11+08:00,5297407585420885,偷你的图片和文案,0,0,1778485665603,广东,5297407998822208,7616399071,喜欢看小猪被爱,f,https://m.weibo.cn/u/7616399071?launchid=10000360-page_H5,"https://tvax4.sinaimg.cn/crop.0.0.600.600.180/008jrDkjly8iaytu9pss6j30go0go0tm.jpg?KID=imgbed,tva&Expires=1778496463&ssig=VIZBSjRCDF",search_comments_2026-05-11.csv,search_comment,偷你的图片和文案,True,False
5297407766039016,1778512695,2026-05-11 15:18:15+08:00,5297407585420885,回下水道了吗？咋不出来,0,37,1778485665606,四川,5297407766039016,1973089223,矢野氿桃桃_超级金满贯版,f,https://m.weibo.cn/u/1973089223?launchid=10000360-page_H5,"https://tvax1.sinaimg.cn/crop.0.0.1024.1024.180/759af3c7ly8id1jg7nr8jj20sg0sgtaw.jpg?KID=imgbed,tva&Expires=1778496463&ssig=bavqxy0xXh",search_comments_2026-05-11.csv,search_comment,回下水道了吗咋不出来,True,False
5297408237896359,1778512808,2026-05-11 15:20:08+08:00,5297406157787138,这么关心樊振东，直接来看比赛好嘛,0,5,1778485672049,浙江,5297408237896359,7755524993,果酱小猫的珍珠小妹,f,https://m.weibo.cn/u/7755524993?launchid=10000360-page_H5,"https://tvax4.sinaimg.cn/crop.0.1.1078.1078.180/008sRokNly8i9kp63kxmij30ty0u0n0r.jpg?KID=imgbed,tva&Expires=1778496470&ssig=PgYYIx5He1",search_comments_2026-05-11.csv,search_comment,这么关心樊振东直接来看比赛好嘛,True,False
5297411543011013,1778513596,2026-05-11 15:33:16+08:00,5297406157787138,#国乒夺冠记者提问樊振东能否回归#  #樊振东单扛七个平台#  樊振东未参加的比赛不用管，马上到来的欧冠欢迎预约收看,0,3,1778485672053,安徽,5297411543011013,2955437785,安子是繁星0804,f,https://m.weibo.cn/u/2955437785?launchid=10000360-page_H5,"https://tvax3.sinaimg.cn/crop.0.0.1080.1080.180/b02866d9ly8icc3qwk2soj20u00u0myy.jpg?KID=imgbed,tva&Expires=1778496470&ssig=1CJavg82eC",search_comments_2026-05-11.csv,search_comment,    樊振东未参加的比赛不用管马上到来的欧冠欢迎预约收看,True,False
5297408655231032,1778512907,2026-05-11 15:21:47+08:00,5297406157787138,#国乒夺冠记者提问樊振东能否回归# #樊振东单扛七个平台# 还是期待樊振东欧冠联赛吧,0,3,1778485672059,广东,5297408655231032,6069231430,蒌蒿春江绿满川,f,https://m.weibo.cn/u/6069231430?launchid=10000360-page_H5,"https://tvax2.sinaimg.cn/crop.0.0.1080.1080.180/006CJSlwly8i74595ovytj30u00u0q5p.jpg?KID=imgbed,tva&Expires=1778496470&ssig=UROIGM%2FCOk",search_comments_2026-05-11.csv,search_comment,  还是期待樊振东欧冠联赛吧,True,False
5297407944295639,1778512738,2026-05-11 15:18:58+08:00,5297402779271491,说得也有道理，可是真的很舍不得你樊振东，能希望你回到国际赛场，洛杉矶奥运会团体比赛吧,2,2,1778485678475,广东,5297407944295639,5592273011,缘起缘落湜这兲,f,https://m.weibo.cn/u/5592273011?launchid=10000360-page_H5,"https://tvax3.sinaimg.cn/crop.0.0.1080.1080.180/0066sBFNly8hfpft0a836j30u00u0ac9.jpg?KID=imgbed,tva&Expires=1778496476&ssig=MxvxjA1%2FeN",search_comments_2026-05-11.csv,search_comment,说得也有道理可是真的很舍不得你樊振东能希望你回到国际赛场洛杉矶奥运会团体比赛吧,True,False
5297407761580615,1778512694,2026-05-11 15:18:14+08:00,5297402779271491,小胖目前阶段是为自己而活，虽然我喜欢看小胖比赛，支持他，未来的事情未来自会有答案。,1,14,1778485678484,河北,5297407761580615,1880359953,DonDonDonDang,f,https://m.weibo.cn/u/1880359953?launchid=10000360-page_H5,"https://tvax3.sinaimg.cn/crop.0.0.1080.1080.180/70140411ly8h2m8s0lui4j20u00u0adf.jpg?KID=imgbed,tva&Expires=1778496476&ssig=PJQpQ5KwUJ",search_comments_2026-05-11.csv,search_comment,小胖目前阶段是为自己而活虽然我喜欢看小胖比赛支持他未来的事情未来自会有答案,True,False
5297404178862454,1778511840,2026-05-11 15:04:00+08:00,5297402779271491,你在哪看到他疲惫了？,1,8,1778485678491,江苏,5297404178862454,2610891315,幸运玥baby,f,https://m.weibo.cn/u/2610891315?launchid=10000360-page_H5,"https://tvax4.sinaimg.cn/crop.0.0.1024.1024.180/9b9f0a33ly8id1kty3uw6j20sg0sg40x.jpg?KID=imgbed,tva&Expires=1778496476&ssig=9vKqrgQBF2",search_comments_2026-05-11.csv,search_comment,你在哪看到他疲惫了,True,False
5297413197662456,1778513990,2026-05-11 15:39:50+08:00,5297413017569688,武汉大学雷点太多。以后坚决不去这个学校,2,2,1778486441608,新加坡,5297413197662456,6232427153,5d2-,m,https://m.weibo.cn/u/6232427153?launchid=10000360-page_H5,"https://tvax1.sinaimg.cn/crop.0.0.1080.1080.180/006NMD0Bly8ibdqv0earxj30u00u0n07.jpg?KID=imgbed,tva&Expires=1778497239&ssig=vN6FoFF%2BHP",search_comments_2026-05-11.csv,search_comment,武汉大学雷点太多以后坚决不去这个学校,True,False
5297418379986307,1778515226,2026-05-11 16:00:26+08:00,5297416624670582,武汉大学这几年真的谜之……看不懂,0,0,1778486470695,北京,5297418379986307,7826028712,Q要开心耶,f,https://m.weibo.cn/u/7826028712?launchid=10000360-page_H5,"https://tvax4.sinaimg.cn/crop.0.0.800.800.180/008xDdzyly8hbx3yca9qzj30m80m8myf.jpg?KID=imgbed,tva&Expires=1778497268&ssig=%2BstmrPeB7Y",search_comments_2026-05-11.csv,search_comment,武汉大学这几年真的谜之看不懂,True,False
5297413453776877,1778514051,2026-05-11 15:40:51+08:00,5297412517662458,没有错，毕竟要为面临毕业的武大学子着想。,0,17,1778486493672,湖北,5297413453776877,2453682501,杨songll,m,https://m.weibo.cn/u/2453682501?launchid=10000360-page_H5,"https://tvax1.sinaimg.cn/crop.0.0.996.996.180/92403945ly8fec0bgtg5oj20ro0rogoh.jpg?KID=imgbed,tva&Expires=1778497291&ssig=3Wr3lDNhSA",search_comments_2026-05-11.csv,search_comment,没有错毕竟要为面临毕业的武大学子着想,True,False
5297413768348016,1778514125,2026-05-11 15:42:05+08:00,5297412517662458,每次都有你，这个时候确实应该要思考自身哪里出问题了。,0,12,1778486493679,湖北,5297413768348016,3619557480,嘿曼巴狂人,f,https://m.weibo.cn/u/3619557480?launchid=10000360-page_H5,"https://tvax3.sinaimg.cn/crop.0.0.996.996.180/d7be1068ly8ge8e43bs5bj20ro0ro42v.jpg?KID=imgbed,tva&Expires=1778497291&ssig=%2FoUfjU9cbc",search_comments_2026-05-11.csv,search_comment,每次都有你这个时候确实应该要思考自身哪里出问题了,True,False
5297414023415841,1778514187,2026-05-11 15:43:07+08:00,5297413289152455,先关评再道歉这波操作真傲慢🎐🎐🎐,0,0,1778486516569,江西,5297414023415841,7930390599,再見后是一个人的繁华,f,https://m.weibo.cn/u/7930390599?launchid=10000360-page_H5,"https://tvax4.sinaimg.cn/crop.0.0.800.800.180/008EH6RNly8hrq702emx7j30m80m8my0.jpg?KID=imgbed,tva&Expires=1778497314&ssig=aaNGX6dLDZ",search_comments_2026-05-11.csv,search_comment,先关评再道歉这波操作真傲慢,True,False
5297414018699448,1778514186,2026-05-11 15:43:06+08:00,5297413289152455,降两级处罚警示了责任底线,0,0,1778486516572,辽宁,5297414018699448,7930390559,星星-它敲胸的丶,f,https://m.weibo.cn/u/7930390559?launchid=10000360-page_H5,"https://tvax4.sinaimg.cn/crop.0.0.512.512.180/008EH6R9ly8hr9eauv3u0j30e80e8gm6.jpg?KID=imgbed,tva&Expires=1778497314&ssig=waQZyEa7Jt",search_comments_2026-05-11.csv,search_comment,降两级处罚警示了责任底线,True,False
5297414013717426,1778514185,2026-05-11 15:43:05+08:00,5297413289152455,关评避责太傲慢，罚降两级算轻了。,0,0,1778486516574,安徽,5297414013717426,7931232397,再說就冒饭了,m,https://m.weibo.cn/u/7931232397?launchid=10000360-page_H5,"https://tvax2.sinaimg.cn/crop.0.0.500.500.180/008EKDRbly8i50ap6dtswj30dw0dw3zn.jpg?KID=imgbed,tva&Expires=1778497314&ssig=nx2qM%2Faocm",search_comments_2026-05-11.csv,search_comment,关评避责太傲慢罚降两级算轻了,True,False
5297413277616210,1778514009,2026-05-11 15:40:09+08:00,5297372676228324,评论区氛围轻松欢乐，主要围绕三点：一是玩梗互动，粉丝对明星秒懂并调侃&quot;梗过时了&quot;感到可爱，赞其冲浪速度快；二是期待行程，大量评论聚焦5月13日品牌直播及待播剧《云初令》《灿如繁星》的安利；三是表达依赖，尽管博文提及&quot;不再依赖&quot;，粉丝仍直白抒...查看全部戳-&gt;微博智搜,0,1,1778486526924,微博智搜AI生成,5297413277616210,7892270010,微博智搜,f,https://m.weibo.cn/u/7892270010?launchid=10000360-page_H5,"https://tvax2.sinaimg.cn/crop.0.0.1080.1080.180/008C79XAly8i5grzh416kj30u00u0t8z.jpg?KID=imgbed,tva&Expires=1778497324&ssig=X7h1Oz2wgF",search_comments_2026-05-11.csv,search_comment,评论区氛围轻松欢乐主要围绕三点一是玩梗互动粉丝对明星秒懂并调侃quot梗过时了quot感到可爱赞其冲浪速度快二是期待行程大量评论聚焦5月13日品牌直播及待播剧云初令灿如繁星的安利三是表达依赖尽管博文提及quot不再依赖quot粉丝仍直白抒查看全部戳gt微博智搜,True,False
5297408004849709,1778512751,2026-05-11 15:19:11+08:00,5297372676228324,我的姐姐一直都可以依赖,7,216,1778486526927,湖北,5297408004849709,6518938985,小欣甜虞,m,https://m.weibo.cn/u/6518938985?launchid=10000360-page_H5,"https://tvax4.sinaimg.cn/crop.0.0.960.960.180/0077aNPbly8id1l65liiuj30qo0qo0t0.jpg?KID=imgbed,tva&Expires=1778497324&ssig=4RLRKVZ79G",search_comments_2026-05-11.csv,search_comment,我的姐姐一直都可以依赖,True,False
5297408273288123,1778512816,2026-05-11 15:20:16+08:00,5297372676228324,期待姐姐5.13号的直播呀,3,141,1778486526933,湖北,5297408273288123,6518938985,小欣甜虞,m,https://m.weibo.cn/u/6518938985?launchid=10000360-page_H5,"https://tvax4.sinaimg.cn/crop.0.0.960.960.180/0077aNPbly8id1l65liiuj30qo0qo0t0.jpg?KID=imgbed,tva&Expires=1778497324&ssig=4RLRKVZ79G",search_comments_2026-05-11.csv,search_comment,期待姐姐513号的直播呀,True,False
5297409777470985,1778513175,2026-05-11 15:26:15+08:00,5297352241841490,评论区主要围绕三个话题：一是“依赖姐姐”梗过时引发热议，有网友觉得新鲜后变尴尬，也有人调侃互动可爱；二是虞书欣机场状态获赞，粉丝夸她笑容甜、亲手收信比心，亲切没架子；三是造型细节如小卷发、呆萌反应受关注，整体氛围欢乐，偏向可爱圈粉。网友们一...查看全部戳-&gt;微博智搜,0,0,1778486533294,微博智搜AI生成,5297409777470985,7892270010,微博智搜,f,https://m.weibo.cn/u/7892270010?launchid=10000360-page_H5,"https://tvax2.sinaimg.cn/crop.0.0.1080.1080.180/008C79XAly8i5grzh416kj30u00u0t8z.jpg?KID=imgbed,tva&Expires=1778497331&ssig=%2BMJals9pd7",search_comments_2026-05-11.csv,search_comment,评论区主要围绕三个话题一是依赖姐姐梗过时引发热议有网友觉得新鲜后变尴尬也有人调侃互动可爱二是虞书欣机场状态获赞粉丝夸她笑容甜亲手收信比心亲切没架子三是造型细节如小卷发呆萌反应受关注整体氛围欢乐偏向可爱圈粉网友们一查看全部戳gt微博智搜,True,False
5297356648223917,1778500508,2026-05-11 11:55:08+08:00,5297352241841490,看到欣欣就開心,0,23,1778486533300,中国台湾,5297356648223917,6561071390,王袐書,f,https://m.weibo.cn/u/6561071390?launchid=10000360-page_H5,"https://tvax4.sinaimg.cn/crop.0.0.750.750.180/007a1Ao6ly8h5wkmcjjxqj30ku0ku0vl.jpg?KID=imgbed,tva&Expires=1778497331&ssig=In2Ta6%2FJUk",search_comments_2026-05-11.csv,search_comment,看到欣欣就開心,True,False
5297363105088501,1778502047,2026-05-11 12:20:47+08:00,5297352241841490,因为姐姐会让我们一直依赖，所以不回答,0,23,1778486533302,广东,5297363105088501,5883945130,兔叽啊pa,f,https://m.weibo.cn/u/5883945130?launchid=10000360-page_H5,"https://tvax1.sinaimg.cn/crop.0.0.1080.1080.180/006qcqUOly8ibj988um48j30u00u0jtb.jpg?KID=imgbed,tva&Expires=1778497331&ssig=OpuFn4vU9V",search_comments_2026-05-11.csv,search_comment,因为姐姐会让我们一直依赖所以不回答,True,False
5297414739329628,1778514358,2026-05-11 15:45:58+08:00,5297414531189493,这是我孩子,0,7,1778486539717,江苏,5297414739329628,6935197157,祈妙妙妙妙,f,https://m.weibo.cn/u/6935197157?launchid=10000360-page_H5,"https://tvax3.sinaimg.cn/crop.0.0.1080.1080.180/007zlnAFly8ib6yz7kfapj30u00u00vc.jpg?KID=imgbed,tva&Expires=1778497337&ssig=rCD8g1AtkE",search_comments_2026-05-11.csv,search_comment,这是我孩子,True,False
5297415672563351,1778514580,2026-05-11 15:49:40+08:00,5297414531189493,好可爱 隔着屏幕看图听到清脆的声音了,0,6,1778486539719,广东,5297415672563351,1091852150,郁火重生YX,m,https://m.weibo.cn/u/1091852150?launchid=10000360-page_H5,"https://tvax1.sinaimg.cn/crop.0.0.1080.1080.180/41145776ly8hlrtda451oj20u00u0jsz.jpg?KID=imgbed,tva&Expires=1778497337&ssig=4PMvHsRJvh",search_comments_2026-05-11.csv,search_comment,好可爱 隔着屏幕看图听到清脆的声音了,True,False
5297414764236130,1778514364,2026-05-11 15:46:04+08:00,5297414531189493,你就是很可爱,0,6,1778486539721,北京,5297414764236130,5589814189,明儿个大乐透会中一等奖,m,https://m.weibo.cn/u/5589814189?launchid=10000360-page_H5,"https://tvax2.sinaimg.cn/crop.0.0.1024.1024.180/0066ii1nly8hjtg4qel5ij30sg0sgads.jpg?KID=imgbed,tva&Expires=1778497337&ssig=Ve%2B3xLbUL1",search_comments_2026-05-11.csv,search_comment,你就是很可爱,True,False
5297418931012029,1778515356,2026-05-11 16:02:36+08:00,5297418690376005,《灿如繁星》灿如繁星 《云初令》云初令,0,0,1778486568867,安徽,5297418931012029,7577007783,请你不要到处bb,f,https://m.weibo.cn/u/7577007783?launchid=10000360-page_H5,"https://tvax2.sinaimg.cn/crop.0.0.1080.1080.180/008gMlQXly8id0d2np9nvj30u00u0tb4.jpg?KID=imgbed,tva&Expires=1778497366&ssig=vNzP%2BoJ9HS",search_comments_2026-05-11.csv,search_comment,灿如繁星灿如繁星 云初令云初令,True,False
5297409527120563,1778513115,2026-05-11 15:25:15+08:00,5297402950193046,传奇莎莎越来越好,0,7,1778486612381,浙江,5297409527120563,7333127190,用户7333127190,f,https://m.weibo.cn/u/7333127190?launchid=10000360-page_H5,"https://tvax1.sinaimg.cn/default/images/default_avatar_female_180.gif?KID=imgbed,tva&Expires=1778497410&ssig=BbmLJTHFJJ",search_comments_2026-05-11.csv,search_comment,传奇莎莎越来越好,True,False
5297407292081882,1778512582,2026-05-11 15:16:22+08:00,5297402950193046,她真的是全能啊，文采真好，每次总结都写特别特别好,0,17,1778486612390,黑龙江,5297407292081882,6868536643,知行合一的新的开始,m,https://m.weibo.cn/u/6868536643?launchid=10000360-page_H5,"https://tvax2.sinaimg.cn/crop.0.0.1080.1080.180/007uPG95ly8hb6lqtl15pj30u00u00vz.jpg?KID=imgbed,tva&Expires=1778497410&ssig=R1i8riS9v3",search_comments_2026-05-11.csv,search_comment,她真的是全能啊文采真好每次总结都写特别特别好,True,False
5297416219923004,1778514711,2026-05-11 15:51:51+08:00,5297409946813622,可爱可爱#孙颖莎# 礼貌拿图,0,0,1778486618854,四川,5297416219923004,7991007633,爱运动的Megastar,f,https://m.weibo.cn/u/7991007633?launchid=10000360-page_H5,"https://tvax4.sinaimg.cn/crop.0.0.1080.1080.180/008INs7Tly8icp78xqac5j30u00u0dij.jpg?KID=imgbed,tva&Expires=1778497416&ssig=0bWFYwgG%2BX",search_comments_2026-05-11.csv,search_comment,可爱可爱 礼貌拿图,True,False
5297410836268459,1778513427,2026-05-11 15:30:27+08:00,5297409946813622,#孙颖莎##孙颖莎晒照总结世乒赛#好可爱好可爱,0,2,1778486618858,上海,5297410836268459,3884303671,是甜橘呀_,f,https://m.weibo.cn/u/3884303671?launchid=10000360-page_H5,"https://tvax2.sinaimg.cn/crop.0.0.896.896.180/e785c537ly8gw0n3zwhc4j20ow0owdjy.jpg?KID=imgbed,tva&Expires=1778497416&ssig=dZtmyzrQpw",search_comments_2026-05-11.csv,search_comment,好可爱好可爱,True,False
5297416636990017,1778514810,2026-05-11 15:53:30+08:00,5297416035107096,孙颖莎达成20个世界冠军啦！女乒史上第三名！恭喜🎉#孙颖莎晒照总结世乒赛# #megastar孙颖莎#,0,3,1778486625280,贵州,5297416636990017,5052134143,美丽尔公主,f,https://m.weibo.cn/u/5052134143?launchid=10000360-page_H5,"https://tvax3.sinaimg.cn/crop.0.0.1080.1080.180/005vUeSzly8icssnxzckyj30u00u076k.jpg?KID=imgbed,tva&Expires=1778497423&ssig=AMAKYS03iH",search_comments_2026-05-11.csv,search_comment,孙颖莎达成20个世界冠军啦女乒史上第三名恭喜 ,True,False
5297411289253501,1778513535,2026-05-11 15:32:15+08:00,5297411120697918,太不容易了！九年一单，这份坚持和实力真的让人佩服。莎莎值得最好的支持和资源，希望教练组能好好规划，让她在赛场上继续发光！,0,0,1778486638116,千问AI生成,5297411289253501,7984486935,千问,m,https://m.weibo.cn/u/7984486935?launchid=10000360-page_H5,"https://tvax4.sinaimg.cn/crop.0.0.600.600.180/008Im5Nlly8i8bel4kzlhj30go0go3yt.jpg?KID=imgbed,tva&Expires=1778497436&ssig=t5UKFPnHte",search_comments_2026-05-11.csv,search_comment,太不容易了九年一单这份坚持和实力真的让人佩服莎莎值得最好的支持和资源希望教练组能好好规划让她在赛场上继续发光,True,False
5297407220778888,1778512565,2026-05-11 15:16:05+08:00,5297403653521755,孙颖莎你真棒，莎莎辛苦啦,0,1,1778486661641,浙江,5297407220778888,6244015988,我依然如此热爱,f,https://m.weibo.cn/u/6244015988?launchid=10000360-page_H5,"https://tvax3.sinaimg.cn/crop.170.0.514.514.180/006OzfNily8icds1u4xttj30nq0ea3zy.jpg?KID=imgbed,tva&Expires=1778497459&ssig=CgrpjNtgfj",search_comments_2026-05-11.csv,search_comment,孙颖莎你真棒莎莎辛苦啦,True,False
5297409770916405,1778513173,2026-05-11 15:26:13+08:00,5297403653521755,孙颖莎真棒,0,0,1778486661649,辽宁,5297409770916405,7818402462,好一个圆脸妹_,f,https://m.weibo.cn/u/7818402462?launchid=10000360-page_H5,"https://tvax2.sinaimg.cn/crop.0.0.1080.1080.180/008x7dDwly8id1kkxpruaj30u00u0dij.jpg?KID=imgbed,tva&Expires=1778497459&ssig=PFpp2wFdQc",search_comments_2026-05-11.csv,search_comment,孙颖莎真棒,True,False
5297417994112062,1778515134,2026-05-11 15:58:54+08:00,5297403653521755,@千问 如何从深度协作体系分析中国女乒在国际赛场长盛不衰的组织机制？,2,0,1778486661656,江苏,5297417994112062,6460187467,夜吟6460187467,m,https://m.weibo.cn/u/6460187467?launchid=10000360-page_H5,"https://tvax1.sinaimg.cn/crop.0.0.1080.1080.180/0073chS3ly8ibqi8zunxqj30u00u0tep.jpg?KID=imgbed,tva&Expires=1778497459&ssig=U7ce9msIuw",search_comments_2026-05-11.csv,search_comment, 如何从深度协作体系分析中国女乒在国际赛场长盛不衰的组织机制,True,False
5297416435927823,1778514762,2026-05-11 15:52:42+08:00,5297416300397398,感谢孙颖莎，恭喜孙颖莎，祝福孙颖莎#孙颖莎晒照总结世乒赛#,0,2,1778486668082,广东,5297416435927823,5519410995,柳疏影浅,f,https://m.weibo.cn/u/5519410995?launchid=10000360-page_H5,"https://tvax1.sinaimg.cn/crop.0.0.676.676.180/0061wSVZly8ia87vt03lxj30is0ismy7.jpg?KID=imgbed,tva&Expires=1778497466&ssig=0vYTT1hQVp",search_comments_2026-05-11.csv,search_comment,感谢孙颖莎恭喜孙颖莎祝福孙颖莎,True,False
5297400748183798,1778511022,2026-05-11 14:50:22+08:00,5297334367814206,哈哈，这就是早期“外星人”,0,4,1778486708839,浙江,5297400748183798,1788898127,一年很长不长的时间,m,https://m.weibo.cn/u/1788898127?launchid=10000360-page_H5,"https://tva4.sinaimg.cn/crop.0.0.640.640.180/6aa06b4fjw8f1we4mucdnj20hs0hsaal.jpg?KID=imgbed,tva&Expires=1778497506&ssig=eyGiScG%2FWg",search_comments_2026-05-11.csv,search_comment,哈哈这就是早期外星人,True,False
5297408973736667,1778512983,2026-05-11 15:23:03+08:00,5297334367814206,变异了咋办,2,2,1778486708844,内蒙古,5297408973736667,2327846180,叮叮仁兄,m,https://m.weibo.cn/u/2327846180?launchid=10000360-page_H5,"https://tva3.sinaimg.cn/crop.0.0.664.664.180/8ac01d24jw8fcvjgkrfguj20ig0igq46.jpg?KID=imgbed,tva&Expires=1778497506&ssig=vZpXY5T%2FXp",search_comments_2026-05-11.csv,search_comment,变异了咋办,True,False
5297405089809797,1778512057,2026-05-11 15:07:37+08:00,5297375125704080,期待更多惊喜成果,0,0,1778486738774,江苏,5297405089809797,1802621097,小猫是个倔脾气,f,https://m.weibo.cn/u/1802621097?launchid=10000360-page_H5,"https://tvax4.sinaimg.cn/crop.0.0.1080.1080.180/6b71d0a9ly8ic43rca91cj20u00u0gqi.jpg?KID=imgbed,tva&Expires=1778497536&ssig=dpDl3hU%2FBA",search_comments_2026-05-11.csv,search_comment,期待更多惊喜成果,True,False
5297412957799803,1778513933,2026-05-11 15:38:53+08:00,5297412514251862,从“上天”到“繁衍”，这是对生命最深的敬意 [语音评论4&quot;],0,0,1778486785314,AI罗伯特聪明版,5297412957799803,5762999670,评论罗伯特,f,https://m.weibo.cn/u/5762999670?launchid=10000360-page_H5,"https://tvax1.sinaimg.cn/crop.0.0.1080.1080.180/006i0XtAly8ibtn5bfjpij30u00u040l.jpg?KID=imgbed,tva&Expires=1778497583&ssig=PrYrNrDH%2Bd",search_comments_2026-05-11.csv,search_comment,从上天到繁衍这是对生命最深的敬意 语音评论4quot,True,False
5297413795612470,1778514133,2026-05-11 15:42:13+08:00,5297302492938268,评论区观点两极分化：42%网友被孩子面对妈妈打针时的紧张与关心暖到，赞其懂事暖心；31%担忧带孩子进入医美场景会扭曲价值观，质疑借娃博流量；18%批评有钱整容却不优先矫正孩子“地包天”问题；9%讨论孩子外貌变化与身世传闻。整体凸显对儿童成长...查看全部戳-&gt;微博智搜,0,1,1778486795894,微博智搜AI生成,5297413795612470,7892270010,微博智搜,f,https://m.weibo.cn/u/7892270010?launchid=10000360-page_H5,"https://tvax2.sinaimg.cn/crop.0.0.1080.1080.180/008C79XAly8i5grzh416kj30u00u0t8z.jpg?KID=imgbed,tva&Expires=1778497593&ssig=yTeuYNuuEn",search_comments_2026-05-11.csv,search_comment,评论区观点两极分化42网友被孩子面对妈妈打针时的紧张与关心暖到赞其懂事暖心31担忧带孩子进入医美场景会扭曲价值观质疑借娃博流量18批评有钱整容却不优先矫正孩子地包天问题9讨论孩子外貌变化与身世传闻整体凸显对儿童成长查看全部戳gt微博智搜,True,False
5297372658666666,1778504325,2026-05-11 12:58:45+08:00,5297302492938268,孩子很可爱啊，就是不知道会不会被带歪,21,300,1778486795898,新疆,5297372658666666,3728796510,爱可抵岁月漫长ing,f,https://m.weibo.cn/u/3728796510?launchid=10000360-page_H5,"https://tvax2.sinaimg.cn/crop.0.0.1080.1080.180/de40eb5ely8h66axk22u2j20u00u00wv.jpg?KID=imgbed,tva&Expires=1778497593&ssig=YMQyRDAnTK",search_comments_2026-05-11.csv,search_comment,孩子很可爱啊就是不知道会不会被带歪,True,False
5297403871888862,1778511767,2026-05-11 15:02:47+08:00,5297302492938268,孩子越来越像她爸爸了,12,44,1778486795903,广西,5297403871888862,2753007327,会游泳的猪思,f,https://m.weibo.cn/u/2753007327?launchid=10000360-page_H5,"https://tvax1.sinaimg.cn/crop.0.0.1080.1080.180/a4178edfly8ht4nxd3t01j20u00u0tbp.jpg?KID=imgbed,tva&Expires=1778497593&ssig=qLYnsxiCIf",search_comments_2026-05-11.csv,search_comment,孩子越来越像她爸爸了,True,False
5297400882137977,1778511054,2026-05-11 14:50:54+08:00,5297400191387305,像他爸爸那边的基因，跟妈妈合不来，我家儿子就是虽然我带大的但是和他爸爸那边的人一见面就会自动亲和,1,11,1778486802564,福建,5297400882137977,7830156914,风羽思归,f,https://m.weibo.cn/u/7830156914?launchid=10000360-page_H5,"https://tvax1.sinaimg.cn/crop.0.0.968.968.180/008xUxvsly8iavboaw1jaj30qw0qw413.jpg?KID=imgbed,tva&Expires=1778497600&ssig=VCAHKZFzmV",search_comments_2026-05-11.csv,search_comment,像他爸爸那边的基因跟妈妈合不来我家儿子就是虽然我带大的但是和他爸爸那边的人一见面就会自动亲和,True,False
5297412694607126,1778513870,2026-05-11 15:37:50+08:00,5297400191387305,黄一鸣肯定早就看穿女儿小心思了,0,1,1778486802571,福建,5297412694607126,8470428380,时光涯,f,https://m.weibo.cn/u/8470428380?launchid=10000360-page_H5,"https://tvax4.sinaimg.cn/crop.0.0.1080.1080.180/009ff3mAly8iaw4qni69dj30u00u040c.jpg?KID=imgbed,tva&Expires=1778497600&ssig=i0U7otC4Jy",search_comments_2026-05-11.csv,search_comment,黄一鸣肯定早就看穿女儿小心思了,True,False
5297412946265363,1778513930,2026-05-11 15:38:50+08:00,5297400191387305,过两分钟又黏上来喊最爱妈妈了,0,1,1778486802574,福建,5297412946265363,8260691165,米粒小船,f,https://m.weibo.cn/u/8260691165?launchid=10000360-page_H5,"https://tvax3.sinaimg.cn/crop.0.0.1080.1080.180/0091318hly8iayncfa6azj30u00u0ac6.jpg?KID=imgbed,tva&Expires=1778497600&ssig=d2BkH2re0%2B",search_comments_2026-05-11.csv,search_comment,过两分钟又黏上来喊最爱妈妈了,True,False
5297407006345963,1778512514,2026-05-11 15:15:14+08:00,5297406943167572,你们理解她这种做法吗？,2,9,1778486809068,吉林,5297407006345963,7765321452,郁禾祈轩意,f,https://m.weibo.cn/u/7765321452?launchid=10000360-page_H5,"https://tvax2.sinaimg.cn/crop.0.0.1080.1080.180/008twuQcly8iczn28rykkj30u00u0myj.jpg?KID=imgbed,tva&Expires=1778497607&ssig=VWe4Nw%2Boid",search_comments_2026-05-11.csv,search_comment,你们理解她这种做法吗,True,False
5297407522767085,1778512636,2026-05-11 15:17:16+08:00,5297406943167572,我看不懂她,0,7,1778486809089,山西,5297407522767085,6653136944,小猫瑷,f,https://m.weibo.cn/u/6653136944?launchid=10000360-page_H5,"https://tvax3.sinaimg.cn/crop.0.0.1080.1080.180/007gfSQoly8id0k2uj47fj30u00u0acl.jpg?KID=imgbed,tva&Expires=1778497607&ssig=WAdMoDu2Kf",search_comments_2026-05-11.csv,search_comment,我看不懂她,True,False
5297408994968557,1778512988,2026-05-11 15:23:08+08:00,5297408722600578,拿小孩引流不合适吧,0,2,1778486815513,江苏,5297408994968557,7612852836,倘若逝水似弦,f,https://m.weibo.cn/u/7612852836?launchid=10000360-page_H5,"https://tvax2.sinaimg.cn/crop.0.0.1080.1080.180/008jcKMYly8id0ujqz7e9j30u00u0ju8.jpg?KID=imgbed,tva&Expires=1778497613&ssig=a1frXlbM4W",search_comments_2026-05-11.csv,search_comment,拿小孩引流不合适吧,True,False
5297409670253096,1778513149,2026-05-11 15:25:49+08:00,5297408722600578,有那钱去整容，麻烦先给孩子矫正一下反颌吧。给孩子输出的都是什么价值观,0,2,1778486815516,安徽,5297409670253096,6261121859,碎饼干-_-,m,https://m.weibo.cn/u/6261121859?launchid=10000360-page_H5,"https://tvax1.sinaimg.cn/crop.0.0.1080.1080.180/006PJ1Orly8id0smu495lj30u00u0q6d.jpg?KID=imgbed,tva&Expires=1778497613&ssig=bkIULl%2Bkkn",search_comments_2026-05-11.csv,search_comment,有那钱去整容麻烦先给孩子矫正一下反颌吧给孩子输出的都是什么价值观,True,False
5297403160169154,1778511597,2026-05-11 14:59:57+08:00,5297402468630841,你觉得黄一鸣对孩子好吗,2,12,1778486821919,广东,5297403160169154,6282284901,柠檬叶叶糖,f,https://m.weibo.cn/u/6282284901?launchid=10000360-page_H5,"https://tvax4.sinaimg.cn/crop.0.0.555.555.180/006R9PhPly8icrs8i4cuoj30ff0ffgly.jpg?KID=imgbed,tva&Expires=1778497619&ssig=DaqTYBTBek",search_comments_2026-05-11.csv,search_comment,你觉得黄一鸣对孩子好吗,True,False
5297416280475034,1778514725,2026-05-11 15:52:05+08:00,5297402468630841,闪闪这个孩子真的长得挺可爱的，有童星潜质,0,1,1778486821927,江苏,5297416280475034,2243451350,闲闲的姐,f,https://m.weibo.cn/u/2243451350?launchid=10000360-page_H5,"https://tvax1.sinaimg.cn/crop.0.0.1080.1080.180/85b859d6ly8i63laybo2bj20u00u0q4d.jpg?KID=imgbed,tva&Expires=1778497619&ssig=v%2FR3Nn5gVi",search_comments_2026-05-11.csv,search_comment,闪闪这个孩子真的长得挺可爱的有童星潜质,True,False
5297418830876323,1778515333,2026-05-11 16:02:13+08:00,5297402468630841,都已经那么好看了，为什么还要整啊,0,1,1778486821931,江西,5297418830876323,6573666710,绑娜娜,f,https://m.weibo.cn/u/6573666710?launchid=10000360-page_H5,"https://tvax4.sinaimg.cn/crop.0.0.720.720.180/007aSr0qly8i1v86hy04yj30k00k0dh8.jpg?KID=imgbed,tva&Expires=1778497619&ssig=PP0R497DOx",search_comments_2026-05-11.csv,search_comment,都已经那么好看了为什么还要整啊,True,False
5297417079753803,1778514916,2026-05-11 15:55:16+08:00,5297415525238517,干嘛让孩子看这个,0,5,1778486828446,北京,5297417079753803,7827656076,米粒56锦鲤,f,https://m.weibo.cn/u/7827656076?launchid=10000360-page_H5,"https://tvax3.sinaimg.cn/crop.0.0.935.935.180/008xK2Vmly8hi4ajep3evj30pz0pz75h.jpg?KID=imgbed,tva&Expires=1778497626&ssig=5uAWp89l4N",search_comments_2026-05-11.csv,search_comment,干嘛让孩子看这个,True,False
5297417333507510,1778514976,2026-05-11 15:56:16+08:00,5297415525238517,感觉很不称职诶,0,5,1778486828450,河南,5297417333507510,7650454318,你是我唯一的了解,m,https://m.weibo.cn/u/7650454318?launchid=10000360-page_H5,"https://tvax4.sinaimg.cn/crop.0.0.1078.1078.180/008lKwEuly8ic0itywikuj30ty0tydhv.jpg?KID=imgbed,tva&Expires=1778497626&ssig=Ni8Tecug2j",search_comments_2026-05-11.csv,search_comment,感觉很不称职诶,True,False
5297417274525839,1778514962,2026-05-11 15:56:02+08:00,5297415525238517,小孩子还是不要知道这些,0,5,1778486828454,河南,5297417274525839,7242655245,岁隐言时,m,https://m.weibo.cn/u/7242655245?launchid=10000360-page_H5,"https://tvax4.sinaimg.cn/crop.0.0.540.540.180/007U9ru5ly1icw6hpd63mj30f00f0wet.jpg?KID=imgbed,tva&Expires=1778497626&ssig=tbXvgQZPd1",search_comments_2026-05-11.csv,search_comment,小孩子还是不要知道这些,True,False
5297410649624062,1778513383,2026-05-11 15:29:43+08:00,5297410391933564,你觉得应该让孩子看到做医美吗,2,18,1778486834904,山东,5297410649624062,7356420692,天上掉下个珍妹妹-,f,https://m.weibo.cn/u/7356420692?launchid=10000360-page_H5,"https://tvax4.sinaimg.cn/crop.0.0.1080.1080.180/0081QN4Ely8id0uz8zpo3j30u00u0wfl.jpg?KID=imgbed,tva&Expires=1778497633&ssig=hwYUYeOjnH",search_comments_2026-05-11.csv,search_comment,你觉得应该让孩子看到做医美吗,True,False
5297413512498890,1778514065,2026-05-11 15:41:05+08:00,5297410391933564,把“变美”建立在让孩子恐惧的基础上，这种审美引导真的合适吗？,1,4,1778486834915,辽宁,5297413512498890,7937631003,泠晚辞,m,https://m.weibo.cn/u/7937631003?launchid=10000360-page_H5,"https://tvax3.sinaimg.cn/crop.0.0.1080.1080.180/008Fbuqvly8id1icwtbf9j30u00u0tbh.jpg?KID=imgbed,tva&Expires=1778497633&ssig=Ob9LmscA75",search_comments_2026-05-11.csv,search_comment,把变美建立在让孩子恐惧的基础上这种审美引导真的合适吗,True,False
5297412734192754,1778513880,2026-05-11 15:38:00+08:00,5297410391933564,突然变了一个人，小朋友应该就会害怕吧,1,4,1778486834925,四川,5297412734192754,8445212215,在冬天想看雪,m,https://m.weibo.cn/u/8445212215?launchid=10000360-page_H5,"https://tvax4.sinaimg.cn/crop.0.0.1080.1080.180/009dxfufly8ibdfb4vmobj30u00u0tak.jpg?KID=imgbed,tva&Expires=1778497633&ssig=rwbwE1gvJo",search_comments_2026-05-11.csv,search_comment,突然变了一个人小朋友应该就会害怕吧,True,False
5297331803263482,1778494584,2026-05-11 10:16:24+08:00,5297329949121777,不过感觉有一点点小恐怖的,0,44,1778486875592,河南,5297331803263482,5306563919,李想不是理想啊,m,https://m.weibo.cn/u/5306563919?launchid=10000360-page_H5,"https://tva4.sinaimg.cn/crop.0.0.100.100.180/005N7NGDjw8el3vviui52j302s02sglg.jpg?KID=imgbed,tva&Expires=1778497673&ssig=NpkVntOHwn",search_comments_2026-05-11.csv,search_comment,不过感觉有一点点小恐怖的,True,False
5297332249954372,1778494691,2026-05-11 10:18:11+08:00,5297329949121777,🌊海边风光无限好这趟旅程真的特别治愈,0,2,1778486875609,河北,5297332249954372,7686362258,博傲血旺,f,https://m.weibo.cn/u/7686362258?launchid=10000360-page_H5,"https://tvax4.sinaimg.cn/crop.0.0.1080.1080.180/008obbWOly8gv1tpdfhp8j60u00u0mz302.jpg?KID=imgbed,tva&Expires=1778497673&ssig=uN7jcoLHH3",search_comments_2026-05-11.csv,search_comment,海边风光无限好这趟旅程真的特别治愈,True,False
5297418377889244,1778515225,2026-05-11 16:00:25+08:00,5297418016395422,真的好吓人啊我的天呐,0,0,1778486895047,江西,5297418377889244,6224000161,菀儿小精灵lhc,f,https://m.weibo.cn/u/6224000161?launchid=10000360-page_H5,"https://tvax4.sinaimg.cn/crop.0.0.1080.1080.180/006NdgLnly8ib27nmkpz7j30u00u0gni.jpg?KID=imgbed,tva&Expires=1778497693&ssig=lMmoUnBwoY",search_comments_2026-05-11.csv,search_comment,真的好吓人啊我的天呐,True,False
5297418724706518,1778515308,2026-05-11 16:01:48+08:00,5297418016395422,真的会吓一跳啊 一点也不可爱,0,0,1778486895053,河北,5297418724706518,7880141492,托托女王_,f,https://m.weibo.cn/u/7880141492?launchid=10000360-page_H5,"https://tvax3.sinaimg.cn/crop.0.0.1080.1080.180/008BigMkly8ibh14bpkqtj30u00u077w.jpg?KID=imgbed,tva&Expires=1778497693&ssig=%2FyIf2ZlD7h",search_comments_2026-05-11.csv,search_comment,真的会吓一跳啊 一点也不可爱,True,False
5297418287713095,1778515204,2026-05-11 16:00:04+08:00,5297418016395422,我也觉得很吓人,0,0,1778486895059,山东,5297418287713095,6668166620,淚猫头,m,https://m.weibo.cn/u/6668166620?launchid=10000360-page_H5,"https://tvax3.sinaimg.cn/crop.0.0.1080.1080.180/007hgWKwly8icxrqxrv3ej30u00u0adf.jpg?KID=imgbed,tva&Expires=1778497693&ssig=GG0G9Y4nHZ",search_comments_2026-05-11.csv,search_comment,我也觉得很吓人,True,False
5297414577063038,1778514319,2026-05-11 15:45:19+08:00,5297414087116076,大家遇到过这种事吗,1,1,1778486924770,湖北,5297414577063038,7309024079,吃一口小肉之,m,https://m.weibo.cn/u/7309024079?launchid=10000360-page_H5,"https://tvax3.sinaimg.cn/crop.0.0.1080.1080.180/007YDV39ly8id0h288w3vj30u00u0mzx.jpg?KID=imgbed,tva&Expires=1778497722&ssig=3NVk8iS03J",search_comments_2026-05-11.csv,search_comment,大家遇到过这种事吗,True,False
5297418671230672,1778515295,2026-05-11 16:01:35+08:00,5297414087116076,这么小的螃蟹吗,0,0,1778486924777,陕西,5297418671230672,6890502616,心上游来一尾鱼,f,https://m.weibo.cn/u/6890502616?launchid=10000360-page_H5,"https://tvax2.sinaimg.cn/crop.0.0.1080.1080.180/007wjQuYly8iay87vs085j30u00u0abo.jpg?KID=imgbed,tva&Expires=1778497722&ssig=W%2FKxtGS7b5",search_comments_2026-05-11.csv,search_comment,这么小的螃蟹吗,True,False
5297400092558322,1778510866,2026-05-11 14:47:46+08:00,5297390636499510,又来了，全部免费送,12,7,1778486965617,广东,5297400092558322,2833144575,邪恶小法师88,m,https://m.weibo.cn/u/2833144575?launchid=10000360-page_H5,"https://tvax4.sinaimg.cn/crop.0.0.996.996.180/a8de5affly8fprbsosvpvj20ro0roabh.jpg?KID=imgbed,tva&Expires=1778497763&ssig=P%2FKOWXTDHD",search_comments_2026-05-11.csv,search_comment,又来了全部免费送,True,False
5297412634839810,1778513856,2026-05-11 15:37:36+08:00,5297390636499510,前几年看楼盘，有个项目规划的是同一个小区名字，规划一二三期，最近几年的市场大家也知道，现在的结果是一个地块，硬生生的叫了三个名字,0,2,1778486965627,山东,5297412634839810,1266856927,CASatIME,f,https://m.weibo.cn/u/1266856927?launchid=10000360-page_H5,"https://tvax3.sinaimg.cn/crop.0.0.664.664.180/4b82b3dfly8g2vz8pf9epj20ig0igwfg.jpg?KID=imgbed,tva&Expires=1778497763&ssig=HxQFol7w9%2F",search_comments_2026-05-11.csv,search_comment,前几年看楼盘有个项目规划的是同一个小区名字规划一二三期最近几年的市场大家也知道现在的结果是一个地块硬生生的叫了三个名字,True,False
5297360666102825,1778501466,2026-05-11 12:11:06+08:00,5297359887270498,不是，战哥，怎么米17M还没预热,34,72,1778486972232,广东,5297360666102825,5648804672,龙牙仔丶,f,https://m.weibo.cn/u/5648804672?launchid=10000360-page_H5,"https://tvax2.sinaimg.cn/crop.0.0.720.720.180/006ahO8Mly8hnpdsa8ut0j30k00k03zj.jpg?KID=imgbed,tva&Expires=1778497770&ssig=EdUQjy%2FV9%2B",search_comments_2026-05-11.csv,search_comment,不是战哥怎么米17M还没预热,True,False
5297360011788684,1778501309,2026-05-11 12:08:29+08:00,5297359887270498,这是转型成汽车博主了？,0,10,1778486972246,江苏,5297360011788684,7126127812,海王星星星星星星,m,https://m.weibo.cn/u/7126127812?launchid=10000360-page_H5,"https://tvax2.sinaimg.cn/crop.0.0.300.300.180/007Mgvnmly8hrfecrmw39j308c08cdfx.jpg?KID=imgbed,tva&Expires=1778497770&ssig=GABnRw7LoD",search_comments_2026-05-11.csv,search_comment,这是转型成汽车博主了,True,False
5297360435413298,1778501410,2026-05-11 12:10:10+08:00,5297359887270498,玄戒上车吗？,6,24,1778486972259,浙江,5297360435413298,6118209599,芥末汽水285,m,https://m.weibo.cn/u/6118209599?launchid=10000360-page_H5,"https://tvax1.sinaimg.cn/crop.0.0.1080.1080.180/006G3nNZly8hz8tys7w8hj30u00u077o.jpg?KID=imgbed,tva&Expires=1778497770&ssig=hFEmgnISBq",search_comments_2026-05-11.csv,search_comment,玄戒上车吗,True,False
5297413371727555,1778514032,2026-05-11 15:40:32+08:00,5297413196613621,確實挺小眾，靜待後續,0,1,1778486978717,中国台湾,5297413371727555,6091030477,Gigi08250,f,https://m.weibo.cn/u/6091030477?launchid=10000360-page_H5,"https://tvax4.sinaimg.cn/crop.0.0.1024.1024.180/006Edlh3ly8ics7ohi6sej30sg0sgjt8.jpg?KID=imgbed,tva&Expires=1778497776&ssig=Y2%2F67qSHLq",search_comments_2026-05-11.csv,search_comment,確實挺小眾靜待後續,True,False
5297420514893248,1778515735,2026-05-11 16:08:55+08:00,5297419606556999,如果高考时候开到学校附近也能做到不掉线吗,0,0,1778487002057,河北,5297420514893248,7782845188,向北总拉黑,f,https://m.weibo.cn/u/7782845188?launchid=10000360-page_H5,"https://tvax2.sinaimg.cn/crop.0.0.512.512.180/008uI1z6ly8hwo0g2r34kj30e80e80ty.jpg?KID=imgbed,tva&Expires=1778497800&ssig=jZFFBUnxOw",search_comments_2026-05-11.csv,search_comment,如果高考时候开到学校附近也能做到不掉线吗,True,False
5297382141200569,1778506586,2026-05-11 13:36:26+08:00,5297381817977735,之前以为第一个不行的日系是日产，没想到是本田，而且今年好像居然没有任何套壳新车计划,8,28,1778487097136,广东,5297382141200569,1746992980,nakashimakin_,m,https://m.weibo.cn/u/1746992980?launchid=10000360-page_H5,"https://tva3.sinaimg.cn/crop.111.0.426.426.180/6820ff54jw8f01l6vhicxj20g40buwf6.jpg?KID=imgbed,tva&Expires=1778497895&ssig=q15jxRs7gB",search_comments_2026-05-11.csv,search_comment,之前以为第一个不行的日系是日产没想到是本田而且今年好像居然没有任何套壳新车计划,True,False
5297382065704842,1778506568,2026-05-11 13:36:08+08:00,5297381817977735,本田有新能源车吗，，，没有吧,4,5,1778487097146,江苏,5297382065704842,6822983210,PanDuang_,m,https://m.weibo.cn/u/6822983210?launchid=10000360-page_H5,"https://tvax1.sinaimg.cn/crop.0.0.812.812.180/007rKxCily8gml1yhioetj30mk0mkdgm.jpg?KID=imgbed,tva&Expires=1778497895&ssig=p8Tj1iXy9u",search_comments_2026-05-11.csv,search_comment,本田有新能源车吗没有吧,True,False
5297390646986547,1778508614,2026-05-11 14:10:14+08:00,5297381817977735,也不全是因为石油，你看丰田就卖得还可以,6,3,1778487097156,广东,5297390646986547,5214220820,胡胡胡老胡胡,m,https://m.weibo.cn/u/5214220820?launchid=10000360-page_H5,"https://tva1.sinaimg.cn/crop.0.0.720.720.180/005GSl1Ojw8etltjsb1crj30k00k0dgu.jpg?KID=imgbed,tva&Expires=1778497895&ssig=wG9xIhjBAV",search_comments_2026-05-11.csv,search_comment,也不全是因为石油你看丰田就卖得还可以,True,False
5297397383040314,1778510220,2026-05-11 14:37:00+08:00,5297383992461279,@千问 本田若想稳住中国市场，急需补齐哪些短板？,1,0,1778487103655,广东,5297397383040314,6342686905,疾风知劲草Star,m,https://m.weibo.cn/u/6342686905?launchid=10000360-page_H5,"https://tvax1.sinaimg.cn/crop.0.0.512.512.180/006VfgBHly8hiy739lk20j30e80e875g.jpg?KID=imgbed,tva&Expires=1778497901&ssig=zWBUoOvB2I",search_comments_2026-05-11.csv,search_comment, 本田若想稳住中国市场急需补齐哪些短板,True,False
5297411347711928,1778513549,2026-05-11 15:32:29+08:00,5297383262390337,跌的太狠了吧,0,0,1778487110085,湖南,5297411347711928,1581579097,永远存在的SAI,f,https://m.weibo.cn/u/1581579097?launchid=10000360-page_H5,"https://tvax3.sinaimg.cn/crop.0.0.1080.1080.180/5e44fb59ly8hlhfy9yhxdj20u00u078t.jpg?KID=imgbed,tva&Expires=1778497908&ssig=k1GHpVNuX1",search_comments_2026-05-11.csv,search_comment,跌的太狠了吧,True,False
5297388621404193,1778508131,2026-05-11 14:02:11+08:00,5297387213687654,可选择性太多了，车太多了,1,1,1778487116607,辽宁,5297388621404193,5409306145,郭少MVP,m,https://m.weibo.cn/u/5409306145?launchid=10000360-page_H5,"https://tvax2.sinaimg.cn/crop.0.0.996.996.180/005U4TDjly8gxc1f09co9j30ro0rojsq.jpg?KID=imgbed,tva&Expires=1778497914&ssig=KBJLRNSpmt",search_comments_2026-05-11.csv,search_comment,可选择性太多了车太多了,True,False
5297411502378714,1778513586,2026-05-11 15:33:06+08:00,5297410923563039,哈哈不容易啊,0,5,1778487123092,上海,5297411502378714,2230410681,开衫白,f,https://m.weibo.cn/u/2230410681?launchid=10000360-page_H5,"https://tvax1.sinaimg.cn/crop.37.0.1006.1006.180/84f15db9ly8iazhbmitzmj20u00ry765.jpg?KID=imgbed,tva&Expires=1778497921&ssig=jXjhSE2OoC",search_comments_2026-05-11.csv,search_comment,哈哈不容易啊,True,False
5297411517843807,1778513590,2026-05-11 15:33:10+08:00,5297410923563039,现在也卖不动了,0,3,1778487123104,天津,5297411517843807,7520057562,任菲儿的九月,f,https://m.weibo.cn/u/7520057562?launchid=10000360-page_H5,"https://tvax3.sinaimg.cn/crop.0.0.1080.1080.180/008cVov0ly8i57j8uoq32j30u00u0wii.jpg?KID=imgbed,tva&Expires=1778497921&ssig=96Or9gKUGo",search_comments_2026-05-11.csv,search_comment,现在也卖不动了,True,False
5297384795934016,1778507219,2026-05-11 13:46:59+08:00,5297384034928203,下降完全是在意料之中啊,13,12,1778487129742,辽宁,5297384795934016,7979149916,出来混总是要胖的N,f,https://m.weibo.cn/u/7979149916?launchid=10000360-page_H5,"https://tvax1.sinaimg.cn/crop.0.0.500.500.180/008HZHooly8hy2y2sf9kej30dw0dwabb.jpg?KID=imgbed,tva&Expires=1778497927&ssig=aKAXeXlZQ6",search_comments_2026-05-11.csv,search_comment,下降完全是在意料之中啊,True,False
5297384966064548,1778507259,2026-05-11 13:47:39+08:00,5297384034928203,还是得抓紧跟上脚步呀,7,6,1778487129753,黑龙江,5297384966064548,6274799845,听说-糖很甜Y,f,https://m.weibo.cn/u/6274799845?launchid=10000360-page_H5,"https://tvax4.sinaimg.cn/crop.0.0.500.500.180/006QEq57ly8hvhh5r8syaj30dw0dwmy7.jpg?KID=imgbed,tva&Expires=1778497927&ssig=Aqrkv4PQ%2Fd",search_comments_2026-05-11.csv,search_comment,还是得抓紧跟上脚步呀,True,False
5297386735535925,1778507681,2026-05-11 13:54:41+08:00,5297384034928203,本田这真的是跟不上节奏了,1,0,1778487129765,宁夏,5297386735535925,7928319253,烟雨也等天青色_,f,https://m.weibo.cn/u/7928319253?launchid=10000360-page_H5,"https://tvax3.sinaimg.cn/crop.0.0.500.500.180/008Eyq0Zly8hr3gs9ys0kj30dw0dwdgs.jpg?KID=imgbed,tva&Expires=1778497927&ssig=dRb5sN4jyJ",search_comments_2026-05-11.csv,search_comment,本田这真的是跟不上节奏了,True,False
5297320874741559,1778491979,2026-05-11 09:32:59+08:00,5297108420661199,为什么东本一直不发销量,0,0,1778487136152,湖北,5297320874741559,5533966899,彼时有月色-,m,https://m.weibo.cn/u/5533966899?launchid=10000360-page_H5,"https://tvax2.sinaimg.cn/crop.0.0.996.996.180/0062vXADly8gdwvoarsx2j30ro0romze.jpg?KID=imgbed,tva&Expires=1778497934&ssig=eF97toisDe",search_comments_2026-05-11.csv,search_comment,为什么东本一直不发销量,True,False
5297121692485431,1778444489,2026-05-10 20:21:29+08:00,5297108420661199,能卖5100也是挺神奇了,0,0,1778487136165,北京,5297121692485431,7988442980,铁汉请留步,m,https://m.weibo.cn/u/7988442980?launchid=10000360-page_H5,"https://tvax3.sinaimg.cn/crop.0.0.500.500.180/008ICGWwly8hzj5eljquyj30dw0dwaat.jpg?KID=imgbed,tva&Expires=1778497934&ssig=8lrAD%2Fufqz",search_comments_2026-05-11.csv,search_comment,能卖5100也是挺神奇了,True,False
5297397698659968,1778510295,2026-05-11 14:38:15+08:00,5297390825246436,原本俩人打得不可开交，现在凯美瑞和AV龙加起来3月份砍2.8万，雅阁/Inspire是零头……//@周而复始直至梦醒:雅阁停产hev几乎是主动把市场让给了凯美瑞混动……,0,0,1778487142675,北京,5297397698659968,5065886873,PRND21,m,https://m.weibo.cn/u/5065886873?launchid=10000360-page_H5,"https://tva2.sinaimg.cn/crop.0.0.498.498.180/005wPWANjw8f7e67067okj30du0duq43.jpg?KID=imgbed,tva&Expires=1778497940&ssig=Z46nnyrFx5",search_comments_2026-05-11.csv,search_comment,原本俩人打得不可开交现在凯美瑞和AV龙加起来3月份砍28万雅阁Inspire是零头,True,False
5297392622504993,1778509085,2026-05-11 14:18:05+08:00,5297390825246436,phev不是插混吗？,3,0,1778487142682,四川,5297392622504993,1412984193,生活就是玩_k76,m,https://m.weibo.cn/u/1412984193?launchid=10000360-page_H5,"https://tvax2.sinaimg.cn/crop.0.0.500.500.180/54386d81ly8i1d84lo9wbj20dw0dwq3u.jpg?KID=imgbed,tva&Expires=1778497940&ssig=fNu3smBoX0",search_comments_2026-05-11.csv,search_comment,phev不是插混吗,True,False
5297395837700314,1778509851,2026-05-11 14:30:51+08:00,5297390825246436,十一代雅阁还有一个败笔，外形！什么车都是先外观后内饰！,0,4,1778487142689,广东,5297395837700314,5380133796,科学才是真理,m,https://m.weibo.cn/u/5380133796?launchid=10000360-page_H5,"https://tvax4.sinaimg.cn/crop.0.0.1080.1080.180/005S6uzyly8hp5qal0gnlj30u00u0wgl.jpg?KID=imgbed,tva&Expires=1778497940&ssig=wvcqh%2BlCGQ",search_comments_2026-05-11.csv,search_comment,十一代雅阁还有一个败笔外形什么车都是先外观后内饰,True,False
5297406388210595,1778512367,2026-05-11 15:12:47+08:00,5297360156756827,我又抱着樊振东的巴黎奥运会乒乓球男子单打金牌笑了,139,2388,1778487163409,河北,5297406388210595,6330879818,甜西西米露,f,https://m.weibo.cn/u/6330879818?launchid=10000360-page_H5,"https://tvax1.sinaimg.cn/crop.0.0.1080.1080.180/006UrJ2Oly8icsmhaewg0j30u00u0myp.jpg?KID=imgbed,tva&Expires=1778497961&ssig=s3ew%2Fl125t",search_comments_2026-05-11.csv,search_comment,我又抱着樊振东的巴黎奥运会乒乓球男子单打金牌笑了,True,False
5297404075313387,1778511815,2026-05-11 15:03:35+08:00,5297360156756827,反正记者问的问题他们也是瞎回应的，没有落实的，所以各位无需理会不参与的赛事，请关注5.16号的欧冠比赛，7个平台看比赛哟,22,2102,1778487163416,海南,5297404075313387,3810860376,小胖胖WXF,f,https://m.weibo.cn/u/3810860376?launchid=10000360-page_H5,"https://tvax1.sinaimg.cn/crop.0.0.960.960.180/e3251d58ly8hslmeriimfj20qo0qowh2.jpg?KID=imgbed,tva&Expires=1778497961&ssig=XiUArt7HQZ",search_comments_2026-05-11.csv,search_comment,反正记者问的问题他们也是瞎回应的没有落实的所以各位无需理会不参与的赛事请关注516号的欧冠比赛7个平台看比赛哟,True,False
5297416338408898,1778514739,2026-05-11 15:52:19+08:00,5297413468194180,樊振东加油,0,0,1778487169929,上海,5297416338408898,5288657217,用户5288657217,f,https://m.weibo.cn/u/5288657217?launchid=10000360-page_H5,"https://tvax1.sinaimg.cn/default/images/default_avatar_female_180.gif?KID=imgbed,tva&Expires=1778497967&ssig=bthHGJVx6o",search_comments_2026-05-11.csv,search_comment,樊振东加油,True,False
5297410943487674,1778513453,2026-05-11 15:30:53+08:00,5297409026426308,有东哥在是不是我们更有把握,1,2,1778487176345,山东,5297410943487674,7335588659,如期而至小确幸,m,https://m.weibo.cn/u/7335588659?launchid=10000360-page_H5,"https://tvax4.sinaimg.cn/crop.0.0.1080.1080.180/0080rnI7ly8i8lqzls6ltj30u00u0whr.jpg?KID=imgbed,tva&Expires=1778497974&ssig=fQJGPpGsGN",search_comments_2026-05-11.csv,search_comment,有东哥在是不是我们更有把握,True,False
5297411389393801,1778513559,2026-05-11 15:32:39+08:00,5297409026426308,哪壶不开提哪壶,1,0,1778487176351,辽宁,5297411389393801,7470061857,时光漫邮纪,f,https://m.weibo.cn/u/7470061857?launchid=10000360-page_H5,"https://tvax4.sinaimg.cn/crop.0.0.1080.1080.180/0089xCkFly8i3vy6ugn2hj30u00u0429.jpg?KID=imgbed,tva&Expires=1778497974&ssig=alvc4v0Xjw",search_comments_2026-05-11.csv,search_comment,哪壶不开提哪壶,True,False
5297411056470284,1778513480,2026-05-11 15:31:20+08:00,5297409026426308,这记者问的不是时候呀,0,0,1778487176358,海南,5297411056470284,7809896038,妮香兰子ai,f,https://m.weibo.cn/u/7809896038?launchid=10000360-page_H5,"https://tvax2.sinaimg.cn/crop.0.0.904.904.180/008wxwJ8ly8hvxoztxdo8j30p40p4tbx.jpg?KID=imgbed,tva&Expires=1778497974&ssig=GgkGPUR5X1",search_comments_2026-05-11.csv,search_comment,这记者问的不是时候呀,True,False
5297414932005432,1778514404,2026-05-11 15:46:44+08:00,5297408449710853,欧洲公认现在樊振东最强。 查看图片,0,3,1778487182740,河北,5297414932005432,3302362197,爱吃糖的唐女士,f,https://m.weibo.cn/u/3302362197?launchid=10000360-page_H5,"https://tvax1.sinaimg.cn/crop.0.0.1080.1080.180/c4d60c55ly8ic1yirv639j20u00u0mzu.jpg?KID=imgbed,tva&Expires=1778497980&ssig=Z21oZEzyHR",search_comments_2026-05-11.csv,search_comment,欧洲公认现在樊振东最强 查看图片,True,False
5297408596509209,1778512893,2026-05-11 15:21:33+08:00,5297408449710853,有的人听了扎心了,0,0,1778487182744,浙江,5297408596509209,7709046690,叮叮咚咚FZD,f,https://m.weibo.cn/u/7709046690?launchid=10000360-page_H5,"https://tvax1.sinaimg.cn/crop.0.0.1080.1080.180/008pIncKly8iapxtzlctcj30u00u041u.jpg?KID=imgbed,tva&Expires=1778497980&ssig=74POsrw8%2Bp",search_comments_2026-05-11.csv,search_comment,有的人听了扎心了,True,False
5297419845635167,1778515575,2026-05-11 16:06:15+08:00,5297408449710853,这么多的平台，太牛了樊振东,0,0,1778487182750,河南,5297419845635167,5454337094,俪美人生,m,https://m.weibo.cn/u/5454337094?launchid=10000360-page_H5,"https://tvax3.sinaimg.cn/crop.0.0.1080.1080.180/005X7QeWly8ibunru33s6j30u00u040e.jpg?KID=imgbed,tva&Expires=1778497980&ssig=RrQGVFj1Oo",search_comments_2026-05-11.csv,search_comment,这么多的平台太牛了樊振东,True,False
5297415918715643,1778514638,2026-05-11 15:50:38+08:00,5297365764277722,#建议爱躺着玩手机的反复观看#原来休息也有“伪休息”呀，生命在于运动不伤仲永的小基地,0,0,1778487296457,广东,5297415918715643,1460025233,人生-没有说明书,f,https://m.weibo.cn/u/1460025233?launchid=10000360-page_H5,"https://tvax2.sinaimg.cn/crop.0.0.928.928.180/57063791ly8i0zt9kukw2j20ps0ps0y7.jpg?KID=imgbed,tva&Expires=1778498094&ssig=KPmSRzMZJ2",search_comments_2026-05-11.csv,search_comment,原来休息也有伪休息呀生命在于运动不伤仲永的小基地,True,False
5297414265374756,1778514245,2026-05-11 15:44:05+08:00,5297413772543366,一定要多多发照片我们都爱看,0,13,1778487357584,河南,5297414265374756,7078083330,莓泥不行yayaya,f,https://m.weibo.cn/u/7078083330?launchid=10000360-page_H5,"https://tvax3.sinaimg.cn/crop.0.0.1080.1080.180/007J0UOmly8hzmm24npaqj30u00u0jtr.jpg?KID=imgbed,tva&Expires=1778498155&ssig=QHV05OCaJn",search_comments_2026-05-11.csv,search_comment,一定要多多发照片我们都爱看,True,False
5297414229197378,1778514236,2026-05-11 15:43:56+08:00,5297413772543366,所以我比较喜欢他们一起玩游戏的,0,11,1778487357592,四川,5297414229197378,7929473534,高远的小火炬,m,https://m.weibo.cn/u/7929473534?launchid=10000360-page_H5,"https://tvax4.sinaimg.cn/crop.0.0.512.512.180/008EDgiqly8hr7kv6pg3kj30e80e8t9e.jpg?KID=imgbed,tva&Expires=1778498155&ssig=pgJcI9gbxK",search_comments_2026-05-11.csv,search_comment,所以我比较喜欢他们一起玩游戏的,True,False
5297414256723346,1778514243,2026-05-11 15:44:03+08:00,5297413772543366,一定要请来呀好期待,0,9,1778487357598,广东,5297414256723346,5832430785,哦阿迪,f,https://m.weibo.cn/u/5832430785?launchid=10000360-page_H5,"https://tvax2.sinaimg.cn/crop.0.0.750.750.180/006mIhGhly8g35la6pznwj30ku0kuwfe.jpg?KID=imgbed,tva&Expires=1778498155&ssig=gisNvwuRk4",search_comments_2026-05-11.csv,search_comment,一定要请来呀好期待,True,False
5296927635669488,1778398223,2026-05-10 07:30:23+08:00,5296925059581684,估计不是档期的问题，是合约的问题。如果完全退出跑男了肯定能去，他们还在跑男，怎么可能去五哈啊，竞争综艺啊,127,4066,1778487364209,北京,5296927635669488,7714458177,鲸雾藏予凯-KAI,f,https://m.weibo.cn/u/7714458177?launchid=10000360-page_H5,"https://tvax2.sinaimg.cn/crop.0.0.1080.1080.180/008q54YNly8hasqomovtsj30u00u00v4.jpg?KID=imgbed,tva&Expires=1778498162&ssig=i4Kxv%2BqlXY",search_comments_2026-05-11.csv,search_comment,估计不是档期的问题是合约的问题如果完全退出跑男了肯定能去他们还在跑男怎么可能去五哈啊竞争综艺啊,True,False
5296954756302622,1778404689,2026-05-10 09:18:09+08:00,5296925059581684,#陈赫回应邀请李晨上五哈# 部分观众对比《奔跑吧》与《五哈》现状，认为前者近年收视下滑、团魂减弱，而《五哈》因邓超、陈赫、鹿晗“铁三角”的自然互动更受好评。舆论呼吁李晨“跳槽”延续情怀价值，但也承认需理性看待合约与规划的现实约束。,0,2,1778487364219,天津,5296954756302622,8015264974,屿渝生花,m,https://m.weibo.cn/u/8015264974?launchid=10000360-page_H5,"https://tvax3.sinaimg.cn/crop.0.0.1080.1080.180/008Krezkly8ichszsgefhj30u00u0dhw.jpg?KID=imgbed,tva&Expires=1778498162&ssig=3SRyi8kGHK",search_comments_2026-05-11.csv,search_comment, 部分观众对比奔跑吧与五哈现状认为前者近年收视下滑团魂减弱而五哈因邓超陈赫鹿晗铁三角的自然互动更受好评舆论呼吁李晨跳槽延续情怀价值但也承认需理性看待合约与规划的现实约束,True,False
5296964818438755,1778407088,2026-05-10 09:58:08+08:00,5296925059581684,总有人自作聪明，综艺从来没有竞品，没有你们以为的那么对立，所以不可能有合约禁止上综艺，而且五哈的观众不要把网综想的多厉害，和电视台的大综艺差远了，跑男要是真承认和五哈对垒真是丢脸，最后一两期飞行又不是常驻纵然李晨签了很弱智的不平等条约也可以通过不通告费，邀请朋友的方式规避。,0,51,1778487364226,江苏,5296964818438755,2243966393,理想不过是个葬送我们一生的口号,m,https://m.weibo.cn/u/2243966393?launchid=10000360-page_H5,"https://tvax2.sinaimg.cn/crop.0.0.512.512.180/85c035b9ly8i2hbedzmfcj20e80e8wf7.jpg?KID=imgbed,tva&Expires=1778498162&ssig=eXmW9oxDBN",search_comments_2026-05-11.csv,search_comment,总有人自作聪明综艺从来没有竞品没有你们以为的那么对立所以不可能有合约禁止上综艺而且五哈的观众不要把网综想的多厉害和电视台的大综艺差远了跑男要是真承认和五哈对垒真是丢脸最后一两期飞行又不是常驻纵然李晨签了很弱智的不平等条约也可以通过不通告费邀请朋友的方式规避,True,False
5297417006353791,1778514898,2026-05-11 15:54:58+08:00,5297414149505320,去吧 最好能让初代跑男合体一下,2,58,1778487370840,江苏,5297417006353791,3212476591,22沈泽瀛22,f,https://m.weibo.cn/u/3212476591?launchid=10000360-page_H5,"https://tvax2.sinaimg.cn/crop.0.0.1080.1080.180/bf7a80afly8ibr3n43tw1j20u00u0dhs.jpg?KID=imgbed,tva&Expires=1778498168&ssig=sVLczons84",search_comments_2026-05-11.csv,search_comment,去吧 最好能让初代跑男合体一下,True,False
5297418883313982,1778515346,2026-05-11 16:02:26+08:00,5297414149505320,第一、二季由陆皓和岑俊义共同执导，岑俊义侧重编剧工作 。 第三季由岑俊义和陈格洲担任总导演，姚译添当时为副总导演 。 综艺《哈哈哈哈哈》（简称“五哈”）的总导演是王征宇。,0,0,1778487370848,上海,5297418883313982,5493303767,因你而在丶Because_of_you,m,https://m.weibo.cn/u/5493303767?launchid=10000360-page_H5,"https://tvax2.sinaimg.cn/crop.0.0.512.512.180/005ZLlfFly8gn2k3kfe3dj30e80e83z8.jpg?KID=imgbed,tva&Expires=1778498168&ssig=%2B6Z9kcX5BZ",search_comments_2026-05-11.csv,search_comment,第一二季由陆皓和岑俊义共同执导岑俊义侧重编剧工作  第三季由岑俊义和陈格洲担任总导演姚译添当时为副总导演  综艺哈哈哈哈哈简称五哈的总导演是王征宇,True,False
5297418314188300,1778515210,2026-05-11 16:00:10+08:00,5297414149505320,如果李晨去了五哈 初代跑男确实是合体了 但是也要考虑其他常驻嘉宾他们要怎么办呢（虽然我很想李晨去五哈,0,0,1778487370857,广东,5297418314188300,7272475782,蝴蝶兰sy,f,https://m.weibo.cn/u/7272475782?launchid=10000360-page_H5,"https://tvax1.sinaimg.cn/crop.0.0.1080.1080.180/007Wazauly8hu8kfsf0f9j30u00u00w1.jpg?KID=imgbed,tva&Expires=1778498168&ssig=6O9%2Fv1vGMl",search_comments_2026-05-11.csv,search_comment,如果李晨去了五哈 初代跑男确实是合体了 但是也要考虑其他常驻嘉宾他们要怎么办呢虽然我很想李晨去五哈,True,False
5296834647950082,1778376053,2026-05-10 01:20:53+08:00,5296832969703659,虽然但是李晨也不可能离开跑男吧？要能去五哈早去了。抖人这么干真的不想想后果吗,10,547,1778487377385,河南,5296834647950082,6986999068,倒数第一萌物,f,https://m.weibo.cn/u/6986999068?launchid=10000360-page_H5,"https://tvax2.sinaimg.cn/crop.0.0.1080.1080.180/007CQJDmly8ibfs1dnvgvj30u00u0q4o.jpg?KID=imgbed,tva&Expires=1778498175&ssig=2nsTILOBas",search_comments_2026-05-11.csv,search_comment,虽然但是李晨也不可能离开跑男吧要能去五哈早去了抖人这么干真的不想想后果吗,True,False
5296835599532936,1778376280,2026-05-10 01:24:40+08:00,5296832969703659,居然这个撕名牌的综艺还在录…,4,322,1778487377390,重庆,5296835599532936,2316034357,超载月光太重,f,https://m.weibo.cn/u/2316034357?launchid=10000360-page_H5,"https://tvax4.sinaimg.cn/crop.0.0.1080.1080.180/8a0be135ly8ic7yeoepy7j20u00u0dja.jpg?KID=imgbed,tva&Expires=1778498175&ssig=TC74pvoNVM",search_comments_2026-05-11.csv,search_comment,居然这个撕名牌的综艺还在录,True,False
5296834798421904,1778376089,2026-05-10 01:21:29+08:00,5296832969703659,抖人自己有新的胖猫,7,248,1778487377395,重庆,5296834798421904,5672177751,赞星画册,f,https://m.weibo.cn/u/5672177751?launchid=10000360-page_H5,"https://tvax1.sinaimg.cn/crop.0.0.1080.1080.180/006bRSxVly8icbb3kjyntj30u00u0whg.jpg?KID=imgbed,tva&Expires=1778498175&ssig=k7KRzek9kP",search_comments_2026-05-11.csv,search_comment,抖人自己有新的胖猫,True,False
5297411677489991,1778513628,2026-05-11 15:33:48+08:00,5297411368682927,你支持李晨去五哈吗,3,20,1778487383872,山东,5297411677489991,7714219076,178蓝调女高,f,https://m.weibo.cn/u/7714219076?launchid=10000360-page_H5,"https://tvax3.sinaimg.cn/crop.0.0.1080.1080.180/008q44Mkly8ibp7rg1w7ij30u00u0ju5.jpg?KID=imgbed,tva&Expires=1778498181&ssig=ZQXrvLkwkw",search_comments_2026-05-11.csv,search_comment,你支持李晨去五哈吗,True,False
5297413124522220,1778513972,2026-05-11 15:39:32+08:00,5297411368682927,李晨去五哈是好事啊,1,26,1778487383878,江苏,5297413124522220,7404299223,男娘-,m,https://m.weibo.cn/u/7404299223?launchid=10000360-page_H5,"https://tvax3.sinaimg.cn/crop.0.0.1080.1080.180/00855Gt1ly8id1d59lit2j30u00u075h.jpg?KID=imgbed,tva&Expires=1778498181&ssig=rElOs%2BQdtF",search_comments_2026-05-11.csv,search_comment,李晨去五哈是好事啊,True,False
5297413803742352,1778514135,2026-05-11 15:42:15+08:00,5297411368682927,郑恺李晨都去五哈吧,1,14,1778487383883,广东,5297413803742352,5271604092,莫大人瑶瑶酱,f,https://m.weibo.cn/u/5271604092?launchid=10000360-page_H5,"https://tvax1.sinaimg.cn/crop.0.0.512.512.180/005KL72sly8hfjo71iq54j30e80e8dgt.jpg?KID=imgbed,tva&Expires=1778498181&ssig=RLt9TW8wSq",search_comments_2026-05-11.csv,search_comment,郑恺李晨都去五哈吧,True,False
5297411341682648,1778513548,2026-05-11 15:32:28+08:00,5297401430805017,真求了，不是原班人马的第二季不如不拍,1,7,1778487454838,湖南,5297411341682648,2254827392,不暴躁姐姐,f,https://m.weibo.cn/u/2254827392?launchid=10000360-page_H5,"https://tvax3.sinaimg.cn/crop.0.0.512.512.180/8665ef80ly8huxuu3xlefj20e80e8mx9.jpg?KID=imgbed,tva&Expires=1778498252&ssig=QUFw%2FkiqBk",search_comments_2026-05-11.csv,search_comment,真求了不是原班人马的第二季不如不拍,True,False
5297403986970338,1778511794,2026-05-11 15:03:14+08:00,5297401430805017,原班人马拍续集才是良心操作,0,2,1778487454842,河北,5297403986970338,7894647370,性感小野猫77,f,https://m.weibo.cn/u/7894647370?launchid=10000360-page_H5,"https://tvax4.sinaimg.cn/crop.0.0.1080.1080.180/008Ch8q6ly8hlg927leq3j30u00u0jub.jpg?KID=imgbed,tva&Expires=1778498252&ssig=E1cVKzn%2BK%2B",search_comments_2026-05-11.csv,search_comment,原班人马拍续集才是良心操作,True,False
5297402300859189,1778511392,2026-05-11 14:56:32+08:00,5297401430805017,期待值一下子就拉满了,0,1,1778487454849,河南,5297402300859189,7496281301,哥哥_来杯可乐,f,https://m.weibo.cn/u/7496281301?launchid=10000360-page_H5,"https://tvax4.sinaimg.cn/crop.0.0.1080.1080.180/008bjDcVly8i4esuiquukj30u00u0tby.jpg?KID=imgbed,tva&Expires=1778498252&ssig=b1qLiAilhu",search_comments_2026-05-11.csv,search_comment,期待值一下子就拉满了,True,False
5297363028542552,1778502029,2026-05-11 12:20:29+08:00,5297362501110331,期待藏海传2原班人马，无肖战不藏海,0,171,1778487461347,浙江,5297363028542552,7927485971,椰椰1005星球,f,https://m.weibo.cn/u/7927485971?launchid=10000360-page_H5,"https://tvax4.sinaimg.cn/crop.0.0.1024.1024.180/008EuVeXly8iaj2uypsfcj30sg0sg423.jpg?KID=imgbed,tva&Expires=1778498259&ssig=9yOWfG2GfQ",search_comments_2026-05-11.csv,search_comment,期待藏海传2原班人马无肖战不藏海,True,False
5297363178492183,1778502065,2026-05-11 12:21:05+08:00,5297362501110331,当然是期待剧王藏海传啦,1,119,1778487461352,山东,5297363178492183,7311159045,AAA_Misamisa,m,https://m.weibo.cn/u/7311159045?launchid=10000360-page_H5,"https://tvax3.sinaimg.cn/crop.0.0.1080.1080.180/007YMSs5ly8i45oyotwk3j30u00u00vb.jpg?KID=imgbed,tva&Expires=1778498259&ssig=uMNyIsWIBN",search_comments_2026-05-11.csv,search_comment,当然是期待剧王藏海传啦,True,False
5297364034127309,1778502269,2026-05-11 12:24:29+08:00,5297362501110331,无肖战不藏海！！期待肖战期待《藏海传2》,1,93,1778487461355,湖北,5297364034127309,7309149721,限定物语x,m,https://m.weibo.cn/u/7309149721?launchid=10000360-page_H5,"https://tvax3.sinaimg.cn/crop.0.0.1080.1080.180/007YErJDly8i817kb6hc3j30u00u040q.jpg?KID=imgbed,tva&Expires=1778498259&ssig=gwRruBsolL",search_comments_2026-05-11.csv,search_comment,无肖战不藏海期待肖战期待藏海传2,True,False
5297293760659795,1778485514,2026-05-11 07:45:14+08:00,5297279405655519,无肖战不藏海，接下来优酷可得好好努力了，争取早点做出能打动肖战的故事,1,138,1778487467802,天津,5297293760659795,7460948956,LUCKY_LUCKY_L,m,https://m.weibo.cn/u/7460948956?launchid=10000360-page_H5,"https://tvax1.sinaimg.cn/crop.0.0.1080.1080.180/0088VnEoly8hrnu69o1xuj30u00u0juj.jpg?KID=imgbed,tva&Expires=1778498265&ssig=0EgmmFrGvV",search_comments_2026-05-11.csv,search_comment,无肖战不藏海接下来优酷可得好好努力了争取早点做出能打动肖战的故事,True,False
5297305676939711,1778488354,2026-05-11 08:32:34+08:00,5297279405655519,藏海传大爆剧,0,3,1778487467808,海南,5297305676939711,6583986039,大红唇爱你呦,f,https://m.weibo.cn/u/6583986039?launchid=10000360-page_H5,"https://tvax1.sinaimg.cn/crop.0.0.500.500.180/007bzJxdly8i9pmel9s6yj30dw0dw75e.jpg?KID=imgbed,tva&Expires=1778498265&ssig=fh199lzUn8",search_comments_2026-05-11.csv,search_comment,藏海传大爆剧,True,False
5297281412890919,1778482569,2026-05-11 06:56:09+08:00,5297279405655519,肖战是我心中唯一的藏海，他演的太好了，无人可替代,0,80,1778487467813,广西,5297281412890919,7775109767,清风暖阳下的笑容,f,https://m.weibo.cn/u/7775109767?launchid=10000360-page_H5,"https://tvax4.sinaimg.cn/crop.0.0.500.500.180/008ubzefly8i9b2tuoougj30dw0dwgmt.jpg?KID=imgbed,tva&Expires=1778498265&ssig=GpVpFKmI0r",search_comments_2026-05-11.csv,search_comment,肖战是我心中唯一的藏海他演的太好了无人可替代,True,False
5297352253901362,1778499460,2026-05-11 11:37:40+08:00,5297350587188996,好快啊，这么快就有各种解析了,0,5,1778487474257,山东,5297352253901362,7726993337,浮世悦悠悠,f,https://m.weibo.cn/u/7726993337?launchid=10000360-page_H5,"https://tvax4.sinaimg.cn/crop.0.0.1080.1080.180/008qVFWNly8i8dlbvb6zoj30u00u0n0x.jpg?KID=imgbed,tva&Expires=1778498272&ssig=GhBSj3Lyeq",search_comments_2026-05-11.csv,search_comment,好快啊这么快就有各种解析了,True,False
5297395857624864,1778509856,2026-05-11 14:30:56+08:00,5297390959202106,优酷感觉又在崛起了,1,2,1778487480791,重庆,5297395857624864,2720187551,-片姊Blue,f,https://m.weibo.cn/u/2720187551?launchid=10000360-page_H5,"https://tvax2.sinaimg.cn/crop.0.0.1080.1080.180/a222c49fly8i7pi06xmgvj20u00u0q4u.jpg?KID=imgbed,tva&Expires=1778498278&ssig=hvezmr2FsR",search_comments_2026-05-11.csv,search_comment,优酷感觉又在崛起了,True,False
5297392834578550,1778509135,2026-05-11 14:18:55+08:00,5297390959202106,优酷今年的剧很不错啊,0,1,1778487480799,浙江,5297392834578550,3042779901,桃茜姬,f,https://m.weibo.cn/u/3042779901?launchid=10000360-page_H5,"https://tvax3.sinaimg.cn/crop.0.0.1080.1080.180/b55d22fdly8icpr1e6s32j20u00u0gq3.jpg?KID=imgbed,tva&Expires=1778498278&ssig=0rAo6VwBi1",search_comments_2026-05-11.csv,search_comment,优酷今年的剧很不错啊,True,False
5297394512037857,1778509535,2026-05-11 14:25:35+08:00,5297390959202106,优酷2026年要厉害起来了吗,0,1,1778487480806,重庆,5297394512037857,7568426612,不觉椿深,f,https://m.weibo.cn/u/7568426612?launchid=10000360-page_H5,"https://tvax1.sinaimg.cn/crop.0.0.1080.1080.180/008gcluYly8id0fsl92tej30u00u0768.jpg?KID=imgbed,tva&Expires=1778498278&ssig=N6U9QUOvow",search_comments_2026-05-11.csv,search_comment,优酷2026年要厉害起来了吗,True,False
5297422583734470,1778516228,2026-05-11 16:17:08+08:00,5297421926009775,这阵容，这颜值，简直就是视觉盛宴啊！我已经准备好小板凳，坐等开播啦～,0,0,1778487493702,AI吃瓜罗伯特,5297422583734470,5606716867,吃瓜罗伯特,f,https://m.weibo.cn/u/5606716867?launchid=10000360-page_H5,"https://tvax1.sinaimg.cn/crop.0.0.921.921.180/0067rdbdly8ibrqhbg0vxj30pl0pl404.jpg?KID=imgbed,tva&Expires=1778498291&ssig=82S0gQ%2FZhN",search_comments_2026-05-11.csv,search_comment,这阵容这颜值简直就是视觉盛宴啊我已经准备好小板凳坐等开播啦,True,False
5297374872208856,1778504853,2026-05-11 13:07:33+08:00,5297323711925192,@微博智搜 帮我梳理一下,1,0,1778487524312,四川,5297374872208856,6142544054,呼呼哈啦哈啦,f,https://m.weibo.cn/u/6142544054?launchid=10000360-page_H5,"https://tvax3.sinaimg.cn/crop.0.0.996.996.180/006HHujcly8i7kujdxin0j30ro0rp0y9.jpg?KID=imgbed,tva&Expires=1778498322&ssig=iPuENu02J9",search_comments_2026-05-11.csv,search_comment, 帮我梳理一下,True,False
5297324224154065,1778492777,2026-05-11 09:46:17+08:00,5297323711925192,可爱的小猫咪真的能治愈我的心,0,9,1778487524317,福建,5297324224154065,2440188612,睡好了就不困,f,https://m.weibo.cn/u/2440188612?launchid=10000360-page_H5,"https://tvax1.sinaimg.cn/crop.0.0.1080.1080.180/917252c4ly8hqvaa45jv8j20u00u0tdg.jpg?KID=imgbed,tva&Expires=1778498322&ssig=oslCnREl2w",search_comments_2026-05-11.csv,search_comment,可爱的小猫咪真的能治愈我的心,True,False
5297324211569641,1778492774,2026-05-11 09:46:14+08:00,5297323711925192,猫猫们没有那么记仇的,0,7,1778487524320,广东,5297324211569641,7902007975,_下一秒向你靠近,m,https://m.weibo.cn/u/7902007975?launchid=10000360-page_H5,"https://tvax1.sinaimg.cn/crop.0.0.1080.1080.180/008CM1fxly8hnol08saegj30u00u0n5e.jpg?KID=imgbed,tva&Expires=1778498322&ssig=MOkOjzZRh8",search_comments_2026-05-11.csv,search_comment,猫猫们没有那么记仇的,True,False
5297407124571525,1778512542,2026-05-11 15:15:42+08:00,5297404061682486,可可爱爱的小团子,0,2,1778487530764,河南,5297407124571525,7576811517,太阳花迎夏,f,https://m.weibo.cn/u/7576811517?launchid=10000360-page_H5,"https://tvax1.sinaimg.cn/crop.0.0.995.995.180/008gLwNnly8h8wc6adfk7j30rn0rnwip.jpg?KID=imgbed,tva&Expires=1778498328&ssig=CiW5CoKNns",search_comments_2026-05-11.csv,search_comment,可可爱爱的小团子,True,False
5297406509846664,1778512396,2026-05-11 15:13:16+08:00,5297404061682486,可可爱爱的猫咪,0,0,1778487530776,江苏,5297406509846664,7760297189,续杯半甜半暖,m,https://m.weibo.cn/u/7760297189?launchid=10000360-page_H5,"https://tvax1.sinaimg.cn/crop.0.0.1080.1080.180/008tbpNHly8iao7en1y9jj30u00u00wl.jpg?KID=imgbed,tva&Expires=1778498328&ssig=EBCV8mCy0q",search_comments_2026-05-11.csv,search_comment,可可爱爱的猫咪,True,False
5297396879722131,1778510100,2026-05-11 14:35:00+08:00,5297396394230064,好乖的两只猫,0,6,1778487537251,山西,5297396879722131,5885659952,真是狗,f,https://m.weibo.cn/u/5885659952?launchid=10000360-page_H5,"https://tvax2.sinaimg.cn/crop.0.0.400.400.180/006qjD1ely1id0nxooclnj30b40b4jrk.jpg?KID=imgbed,tva&Expires=1778498335&ssig=qpuP16NItY",search_comments_2026-05-11.csv,search_comment,好乖的两只猫,True,False
5297396793477705,1778510079,2026-05-11 14:34:39+08:00,5297396394230064,怎么这么萌,0,6,1778487537257,山西,5297396793477705,5885659952,真是狗,f,https://m.weibo.cn/u/5885659952?launchid=10000360-page_H5,"https://tvax2.sinaimg.cn/crop.0.0.400.400.180/006qjD1ely1id0nxooclnj30b40b4jrk.jpg?KID=imgbed,tva&Expires=1778498335&ssig=qpuP16NItY",search_comments_2026-05-11.csv,search_comment,怎么这么萌,True,False
5297400073686175,1778510861,2026-05-11 14:47:41+08:00,5297399451880788,小猫根本不会记仇，好快和好,1,3,1778487543837,浙江,5297400073686175,7370913478,再赏无言,m,https://m.weibo.cn/u/7370913478?launchid=10000360-page_H5,"https://tvax4.sinaimg.cn/crop.0.0.960.960.180/0082PBjgly8icr4wm86yaj30qo0qomy8.jpg?KID=imgbed,tva&Expires=1778498341&ssig=ziP%2B63npXb",search_comments_2026-05-11.csv,search_comment,小猫根本不会记仇好快和好,True,False
5297399896739921,1778510819,2026-05-11 14:46:59+08:00,5297399451880788,猫：我俩冷静一下，明天再吵 [语音评论4&quot;],1,1,1778487543845,AI罗伯特贱萌版,5297399896739921,5762999670,评论罗伯特,f,https://m.weibo.cn/u/5762999670?launchid=10000360-page_H5,"https://tvax1.sinaimg.cn/crop.0.0.1080.1080.180/006i0XtAly8ibtn5bfjpij30u00u040l.jpg?KID=imgbed,tva&Expires=1778498341&ssig=wndb5MD3Zv",search_comments_2026-05-11.csv,search_comment,猫我俩冷静一下明天再吵 语音评论4quot,True,False
5297400165435007,1778510882,2026-05-11 14:48:02+08:00,5297399451880788,哈哈小猫也会生气吗感觉好可爱的样子,1,2,1778487543853,安徽,5297400165435007,7799252321,绵绵冰小咩丶,f,https://m.weibo.cn/u/7799252321?launchid=10000360-page_H5,"https://tvax4.sinaimg.cn/crop.0.0.1024.1024.180/008vOROhly8hpxe26k98tj30sg0sgwgl.jpg?KID=imgbed,tva&Expires=1778498341&ssig=AhOWhEt99O",search_comments_2026-05-11.csv,search_comment,哈哈小猫也会生气吗感觉好可爱的样子,True,False
5297395127553214,1778509682,2026-05-11 14:28:02+08:00,5297394843124412,猫猫可爱吗,2,13,1778487590552,云南,5297395127553214,6148649444,烟花织星网,f,https://m.weibo.cn/u/6148649444?launchid=10000360-page_H5,"https://tvax4.sinaimg.cn/crop.0.0.1080.1080.180/006I76Bely8icgkiqayp0j30u00u0mzw.jpg?KID=imgbed,tva&Expires=1778498388&ssig=JFkVXk%2F2f5",search_comments_2026-05-11.csv,search_comment,猫猫可爱吗,True,False
5297395262819099,1778509714,2026-05-11 14:28:34+08:00,5297394843124412,好萌的两只猫猫,1,3,1778487590563,河南,5297395262819099,7671653152,怪我困丞癖,m,https://m.weibo.cn/u/7671653152?launchid=10000360-page_H5,"https://tvax2.sinaimg.cn/crop.0.0.1080.1080.180/008nbtraly8iczf1puu0ej30u00u0wfw.jpg?KID=imgbed,tva&Expires=1778498388&ssig=9ACArsSw%2BV",search_comments_2026-05-11.csv,search_comment,好萌的两只猫猫,True,False
5297331823968344,1778494588,2026-05-11 10:16:28+08:00,5297327675540737,镜头前后，每一面都精彩，磊磊你也太全面了吧！马上get这份“全磊守护“，和小曼一起解锁人生的多面可能 Get吴磊同款守护,62,21537,1778487614688,,5297331823968344,1967011550,曼秀雷敦中国官方微博,m,https://m.weibo.cn/u/1967011550?launchid=10000360-page_H5,"https://tvax1.sinaimg.cn/crop.0.0.180.180.180/753e36dely8gayjktnhnmj2050050jso.jpg?KID=imgbed,tva&Expires=1778498412&ssig=bdNZtzguAr",search_comments_2026-05-11.csv,search_comment,镜头前后每一面都精彩磊磊你也太全面了吧马上get这份全磊守护和小曼一起解锁人生的多面可能 Get吴磊同款守护,True,False
5297327758905386,1778493620,2026-05-11 10:00:20+08:00,5297327675540737,恭喜全世界最帅的男人吴磊喜提新代言！！,1,21259,1778487614707,浙江,5297327758905386,5314033961,1筱风_,m,https://m.weibo.cn/u/5314033961?launchid=10000360-page_H5,"https://tvax2.sinaimg.cn/crop.0.0.1080.1080.180/005ND8Zbly8i3lkfuud4pj30u00u0jt3.jpg?KID=imgbed,tva&Expires=1778498412&ssig=2Ftjq7RVTb",search_comments_2026-05-11.csv,search_comment,恭喜全世界最帅的男人吴磊喜提新代言,True,False
5297332021102705,1778494636,2026-05-11 10:17:16+08:00,5297327675540737,恭喜qsjzsdnr喜提新代言@曼秀雷敦中国官方微博 💚,1,1184,1778487614713,安徽,5297332021102705,6613550292,比巴biu好吃,m,https://m.weibo.cn/u/6613550292?launchid=10000360-page_H5,"https://tvax3.sinaimg.cn/crop.0.0.1080.1080.180/007dzMy0ly8icx4r3hjo5j30u00u0q5y.jpg?KID=imgbed,tva&Expires=1778498412&ssig=nj6vaVwuei",search_comments_2026-05-11.csv,search_comment,恭喜qsjzsdnr喜提新代言 ,True,False
5297331006080503,1778494394,2026-05-11 10:13:14+08:00,5297330836210797,惊不惊喜意不意外哈哈哈哈哈哈哈哈,1,10,1778487621194,浙江,5297331006080503,7739218350,滚滚蜡笔球,f,https://m.weibo.cn/u/7739218350?launchid=10000360-page_H5,"https://tvax3.sinaimg.cn/crop.0.0.1080.1080.180/008rKYeqly8ib0n2xjbg5j30u00u078w.jpg?KID=imgbed,tva&Expires=1778498419&ssig=V1YM%2B23fsq",search_comments_2026-05-11.csv,search_comment,惊不惊喜意不意外哈哈哈哈哈哈哈哈,True,False
5297330980916798,1778494388,2026-05-11 10:13:08+08:00,5297330836210797,偶遇看火箭发射呢,3,7,1778487621200,江西,5297330980916798,7385777328,Yuwerr永记,f,https://m.weibo.cn/u/7385777328?launchid=10000360-page_H5,"https://tvax3.sinaimg.cn/crop.0.0.1080.1080.180/0083PY4Mly8ia7me70rouj30u00u00uy.jpg?KID=imgbed,tva&Expires=1778498419&ssig=7FWpT%2BkMdD",search_comments_2026-05-11.csv,search_comment,偶遇看火箭发射呢,True,False
5297331293391016,1778494463,2026-05-11 10:14:23+08:00,5297330836210797,突然一点都不困了 周一综合征都被治好了,0,10,1778487621205,浙江,5297331293391016,2011380587,叫我赵琦大姐姐,f,https://m.weibo.cn/u/2011380587?launchid=10000360-page_H5,"https://tvax1.sinaimg.cn/crop.0.0.996.996.180/77e33b6bly8fhfabmt7dtj20ro0romyq.jpg?KID=imgbed,tva&Expires=1778498419&ssig=2EhMRiU%2Fmj",search_comments_2026-05-11.csv,search_comment,突然一点都不困了 周一综合征都被治好了,True,False
5297346904853472,1778498185,2026-05-11 11:16:25+08:00,5297344530876917,🎞️光影间诠释人间百态，用真心向世界交付💡，恭喜青年演员 #吴磊全面代言曼秀雷敦# ，用心演好戏，细致面对生活💎，开启一场双向契合的美好之旅⭐。#曼秀雷敦品牌代言人吴磊#,0,15,1778487627705,上海,5297346904853472,7899942182,撸啊撸_leo,m,https://m.weibo.cn/u/7899942182?launchid=10000360-page_H5,"https://tvax3.sinaimg.cn/crop.0.0.1080.1080.180/008CDlQily8i1im7cj14nj30u00u0dhj.jpg?KID=imgbed,tva&Expires=1778498425&ssig=uEqlI90SeD",search_comments_2026-05-11.csv,search_comment,光影间诠释人间百态用真心向世界交付恭喜青年演员  用心演好戏细致面对生活开启一场双向契合的美好之旅,True,False
5297346770374194,1778498153,2026-05-11 11:15:53+08:00,5297344530876917,时光淬炼经典，青年自带光彩📽️。当@曼秀雷敦中国官方微博 的百年“处处关怀”🕰️，邂逅@吴磊LEO 的温润笃定，便成就一场优雅共鸣，温柔亦有力量💡。#吴磊全面代言曼秀雷敦#｜#曼秀雷敦品牌代言人吴磊#,0,9,1778487627718,上海,5297346770374194,2728926170,Polly681633,f,https://m.weibo.cn/u/2728926170?launchid=10000360-page_H5,"https://tvax4.sinaimg.cn/crop.0.0.1080.1080.180/a2a81bdaly8i1imbhblh7j20u00u0jua.jpg?KID=imgbed,tva&Expires=1778498425&ssig=k3jWq4eBKx",search_comments_2026-05-11.csv,search_comment,时光淬炼经典青年自带光彩当 的百年处处关怀邂逅 的温润笃定便成就一场优雅共鸣温柔亦有力量,True,False
5297354815312326,1778500071,2026-05-11 11:47:51+08:00,5297354662217816,曼秀雷敦这波代言我反手一个,0,2,1778487634152,四川,5297354815312326,3556644317,3胖儿er,f,https://m.weibo.cn/u/3556644317?launchid=10000360-page_H5,"https://tvax3.sinaimg.cn/crop.0.0.1080.1080.180/d3fe15ddly8ic1u9frro9j20u00u044u.jpg?KID=imgbed,tva&Expires=1778498432&ssig=VeYkLWcNIr",search_comments_2026-05-11.csv,search_comment,曼秀雷敦这波代言我反手一个,True,False
5297354743744507,1778500054,2026-05-11 11:47:34+08:00,5297354662217816,中午好朋友们,0,2,1778487634161,四川,5297354743744507,3556644317,3胖儿er,f,https://m.weibo.cn/u/3556644317?launchid=10000360-page_H5,"https://tvax3.sinaimg.cn/crop.0.0.1080.1080.180/d3fe15ddly8ic1u9frro9j20u00u044u.jpg?KID=imgbed,tva&Expires=1778498432&ssig=VeYkLWcNIr",search_comments_2026-05-11.csv,search_comment,中午好朋友们,True,False
5297017590123513,1778419670,2026-05-10 13:27:50+08:00,5297005635044510,还以为今天是🚲或者🐶北,1,0,1778487640614,广东,5297017590123513,1747104960,mitsu244,m,https://m.weibo.cn/u/1747104960?launchid=10000360-page_H5,"https://tvax4.sinaimg.cn/crop.0.0.1080.1080.180/6822b4c0ly8gdi9uhnp8ij20u00u0aca.jpg?KID=imgbed,tva&Expires=1778498438&ssig=CuRrVq1olm",search_comments_2026-05-11.csv,search_comment,还以为今天是或者北,True,False
5297006060241833,1778416921,2026-05-10 12:42:01+08:00,5297005635044510,这剪影是不是吴磊本人？hint也太帅了吧！大家觉得呢？,0,0,1778487640632,AI生成内容,5297006060241833,7914407847,美妆小甜豆,f,https://m.weibo.cn/u/7914407847?launchid=10000360-page_H5,"https://tvax1.sinaimg.cn/crop.0.0.513.513.180/008DC31tly8hp0ua97mrmj30e90e974t.jpg?KID=imgbed,tva&Expires=1778498438&ssig=E7YpFv8Mg3",search_comments_2026-05-11.csv,search_comment,这剪影是不是吴磊本人hint也太帅了吧大家觉得呢,True,False
5297330188453143,1778494199,2026-05-11 10:09:59+08:00,5297329412510134,买买买#吴磊全面代言曼秀雷敦# ｜#曼秀雷敦品牌代言人吴磊# 网页链接,0,46,1778487647141,北京,5297330188453143,6988322051,萌萌哒三石蓝莓果,f,https://m.weibo.cn/u/6988322051?launchid=10000360-page_H5,"https://tvax3.sinaimg.cn/crop.0.0.1080.1080.180/007CWhNNly8i31prcmhsrj30u00u07a8.jpg?KID=imgbed,tva&Expires=1778498445&ssig=NIi9ml%2FqEP",search_comments_2026-05-11.csv,search_comment,买买买  网页链接,True,False
5297330408664572,1778494252,2026-05-11 10:10:52+08:00,5297329412510134,必须买起来呀 #吴磊全面代言曼秀雷敦#｜#曼秀雷敦品牌代言人吴磊#,0,33,1778487647148,上海,5297330408664572,2664611831,软气猫Leo,f,https://m.weibo.cn/u/2664611831?launchid=10000360-page_H5,"https://tvax2.sinaimg.cn/crop.0.0.720.720.180/9ed2bff7ly8h8z3ct5resj20k00k0wfd.jpg?KID=imgbed,tva&Expires=1778498445&ssig=gT5hiQsiv%2F",search_comments_2026-05-11.csv,search_comment,必须买起来呀 ,True,False
5297411711833148,1778513636,2026-05-11 15:33:56+08:00,5297411234206868,吴磊弟弟这是要逆天啊，全面开花，演技颜值双在线，曼秀雷敦这次真是捡到宝了！ [语音评论8&quot;],0,3,1778487653602,AI吃瓜罗伯特,5297411711833148,5606716867,吃瓜罗伯特,f,https://m.weibo.cn/u/5606716867?launchid=10000360-page_H5,"https://tvax1.sinaimg.cn/crop.0.0.921.921.180/0067rdbdly8ibrqhbg0vxj30pl0pl404.jpg?KID=imgbed,tva&Expires=1778498451&ssig=AoLPwVg9vI",search_comments_2026-05-11.csv,search_comment,吴磊弟弟这是要逆天啊全面开花演技颜值双在线曼秀雷敦这次真是捡到宝了 语音评论8quot,True,False
5297411851290566,1778513669,2026-05-11 15:34:29+08:00,5297411234206868,曼秀雷敦用起来很不错,0,0,1778487653610,河南,5297411851290566,5319939817,Action7-,f,https://m.weibo.cn/u/5319939817?launchid=10000360-page_H5,"https://tvax1.sinaimg.cn/crop.0.0.1080.1080.180/005O1VmVly8h9arai4zlvj30u00u0n1i.jpg?KID=imgbed,tva&Expires=1778498451&ssig=zq1x6Pcuvl",search_comments_2026-05-11.csv,search_comment,曼秀雷敦用起来很不错,True,False
5297411870165251,1778513674,2026-05-11 15:34:34+08:00,5297411234206868,真的是长了一张偶像剧男主角的脸啊,0,0,1778487653619,河北,5297411870165251,7315851584,肉乎乎的狮子,m,https://m.weibo.cn/u/7315851584?launchid=10000360-page_H5,"https://tvax4.sinaimg.cn/crop.0.0.1023.1023.180/007Z6zccly8he5j7w4j9oj30sg0sf76p.jpg?KID=imgbed,tva&Expires=1778498451&ssig=hL7XFNqImK",search_comments_2026-05-11.csv,search_comment,真的是长了一张偶像剧男主角的脸啊,True,False
5297348339303633,1778498527,2026-05-11 11:22:07+08:00,5297343373251922,地广已经迫不及待地铺起来了,0,0,1778487660061,浙江,5297348339303633,1601679933,忆海璇心,m,https://m.weibo.cn/u/1601679933?launchid=10000360-page_H5,"https://tva4.sinaimg.cn/crop.0.0.180.180.180/5f77b23djw8ej5i2vyfiaj2050050aaa.jpg?KID=imgbed,tva&Expires=1778498458&ssig=6Huv6Jn910",search_comments_2026-05-11.csv,search_comment,地广已经迫不及待地铺起来了,True,False
5297371999112507,1778504168,2026-05-11 12:56:08+08:00,5297343373251922,#吴磊全面代言曼秀雷敦# #吴磊你也太全面了# 看起来就很清爽的吴磊，太适合代言了,0,2,1778487660069,北京,5297371999112507,3016653863,平凡滴小透明,m,https://m.weibo.cn/u/3016653863?launchid=10000360-page_H5,"https://tvax2.sinaimg.cn/crop.0.0.1080.1080.180/b3ce7c27ly8i7lvfcifa5j20u00u0mzp.jpg?KID=imgbed,tva&Expires=1778498458&ssig=vwRDunYCC4",search_comments_2026-05-11.csv,search_comment,  看起来就很清爽的吴磊太适合代言了,True,False
5297280921896251,1778482453,2026-05-11 06:54:13+08:00,5297143021834727,故意省略了补光灯这个关键信息是因为自己也觉得补光灯有问题吗没有补光灯人家能知道你这边养多肉呢,35,2285,1778487677370,广西,5297280921896251,7208105066,也不是没名字,m,https://m.weibo.cn/u/7208105066?launchid=10000360-page_H5,"https://tvax4.sinaimg.cn/crop.0.0.1080.1080.180/007ROtp8ly8i5dgr1skqrj30u00u0n0u.jpg?KID=imgbed,tva&Expires=1778498475&ssig=OehG42xt8W",search_comments_2026-05-11.csv,search_comment,故意省略了补光灯这个关键信息是因为自己也觉得补光灯有问题吗没有补光灯人家能知道你这边养多肉呢,True,False
5297266359009401,1778478981,2026-05-11 05:56:21+08:00,5297143021834727,你这不是养花你这是卖花的吧，养这么多,0,109,1778487677382,江苏,5297266359009401,2122741070,whfish_huan,f,https://m.weibo.cn/u/2122741070?launchid=10000360-page_H5,"https://tvax2.sinaimg.cn/crop.0.0.1080.1080.180/7e86754ely8g99h9nu4c1j20u00u0n11.jpg?KID=imgbed,tva&Expires=1778498475&ssig=FL5PYNztUP",search_comments_2026-05-11.csv,search_comment,你这不是养花你这是卖花的吧养这么多,True,False
5297302073770413,1778487495,2026-05-11 08:18:15+08:00,5297143021834727,住宅养花需注意社区规定，部分小区可能限制外窗摆放植物以防高空坠物。若跨小区投诉，物业通常需核实是否违反具体条例，如影响公共安全或邻里采光。建议先查阅物业管理协议，或通过12345咨询属地绿化管理规定，理性协调邻里关系。继续提问戳-&gt;微博智搜,0,13,1778487677394,微博智搜AI生成,5297302073770413,7892270010,微博智搜,f,https://m.weibo.cn/u/7892270010?launchid=10000360-page_H5,"https://tvax2.sinaimg.cn/crop.0.0.1080.1080.180/008C79XAly8i5grzh416kj30u00u0t8z.jpg?KID=imgbed,tva&Expires=1778498475&ssig=Y7lg87woT9",search_comments_2026-05-11.csv,search_comment,住宅养花需注意社区规定部分小区可能限制外窗摆放植物以防高空坠物若跨小区投诉物业通常需核实是否违反具体条例如影响公共安全或邻里采光建议先查阅物业管理协议或通过12345咨询属地绿化管理规定理性协调邻里关系继续提问戳gt微博智搜,True,False
5297376705118546,1778505289,2026-05-11 13:14:49+08:00,5297376386614356,大家见过养多肉开补光灯吗？,3,4,1778487683795,浙江,5297376705118546,6786114653,暇客千寻,f,https://m.weibo.cn/u/6786114653?launchid=10000360-page_H5,"https://tvax2.sinaimg.cn/crop.0.0.1003.1003.180/007pfQq9ly8i36py2bl4xj30rv0rv76a.jpg?KID=imgbed,tva&Expires=1778498481&ssig=X8nFMH01O0",search_comments_2026-05-11.csv,search_comment,大家见过养多肉开补光灯吗,True,False
5297376728452395,1778505295,2026-05-11 13:14:55+08:00,5297376386614356,养多肉，夜灯亮起，生活也能美如画。,1,2,1778487683802,浙江,5297376728452395,5027768184,Ad海海之梦,f,https://m.weibo.cn/u/5027768184?launchid=10000360-page_H5,"https://tvax4.sinaimg.cn/crop.0.0.1023.1023.180/005ug0bely8hwtzk03b03j30sg0sfjvy.jpg?KID=imgbed,tva&Expires=1778498481&ssig=2gRP7luGrf",search_comments_2026-05-11.csv,search_comment,养多肉夜灯亮起生活也能美如画,True,False
5297389548079223,1778508352,2026-05-11 14:05:52+08:00,5297376386614356,这种灯光晚上瘆人,1,11,1778487683808,北京,5297389548079223,5367752270,采来叨,f,https://m.weibo.cn/u/5367752270?launchid=10000360-page_H5,"https://tvax4.sinaimg.cn/crop.0.0.1080.1080.180/005Rgxzwly8i5upza9epqj30u00u0tcc.jpg?KID=imgbed,tva&Expires=1778498481&ssig=Zx2chPXiRU",search_comments_2026-05-11.csv,search_comment,这种灯光晚上瘆人,True,False
5297414179390912,1778514224,2026-05-11 15:43:44+08:00,5297368891132296,你们家睡觉都不挡窗帘的么,2,3,1778487690346,辽宁,5297414179390912,6542584470,即檀风月也檀情,f,https://m.weibo.cn/u/6542584470?launchid=10000360-page_H5,"https://tvax1.sinaimg.cn/crop.0.0.1080.1080.180/0078M15Yly8i021y5y0ejj30u00u0416.jpg?KID=imgbed,tva&Expires=1778498488&ssig=nL06Zw6OBq",search_comments_2026-05-11.csv,search_comment,你们家睡觉都不挡窗帘的么,True,False
5297379394720789,1778505931,2026-05-11 13:25:31+08:00,5297368891132296,那个灯太影响了,1,21,1778487690353,河北,5297379394720789,2242157727,希妈爱美食,f,https://m.weibo.cn/u/2242157727?launchid=10000360-page_H5,"https://tvax4.sinaimg.cn/crop.0.0.1080.1080.180/85a49c9fly8i5t8vrwofwj20u00u0djh.jpg?KID=imgbed,tva&Expires=1778498488&ssig=N%2BioRmXqbp",search_comments_2026-05-11.csv,search_comment,那个灯太影响了,True,False
5297390723532265,1778508632,2026-05-11 14:10:32+08:00,5297368891132296,标题老是说的不清不楚,0,6,1778487690363,浙江,5297390723532265,6786114653,暇客千寻,f,https://m.weibo.cn/u/6786114653?launchid=10000360-page_H5,"https://tvax2.sinaimg.cn/crop.0.0.1003.1003.180/007pfQq9ly8i36py2bl4xj30rv0rv76a.jpg?KID=imgbed,tva&Expires=1778498488&ssig=BxvUyNC23F",search_comments_2026-05-11.csv,search_comment,标题老是说的不清不楚,True,False
5297413893129070,1778514156,2026-05-11 15:42:36+08:00,5297403882112280,我也估计是这个光，我之前有个同事也是，电费都多交不少,1,0,1778487696840,江苏,5297413893129070,2890836770,水瓶橘子,f,https://m.weibo.cn/u/2890836770?launchid=10000360-page_H5,"https://tvax3.sinaimg.cn/crop.0.0.512.512.180/ac4eab22ly8hsn6ei2f2lj20e80e874m.jpg?KID=imgbed,tva&Expires=1778498494&ssig=9aQ%2Bm5yufp",search_comments_2026-05-11.csv,search_comment,我也估计是这个光我之前有个同事也是电费都多交不少,True,False
5297413466096199,1778514053,2026-05-11 15:40:53+08:00,5297403882112280,那确实有点扰民了 原来养多肉需要开灯的呀 怪不得我的多肉都没养活,1,0,1778487696846,美国,5297413466096199,6186487647,徐大毛陆小卡,m,https://m.weibo.cn/u/6186487647?launchid=10000360-page_H5,"https://tvax3.sinaimg.cn/crop.0.0.1080.1080.180/006KFS2Ply8hbsgh39p4nj30u00u0tb4.jpg?KID=imgbed,tva&Expires=1778498494&ssig=LvbPCtd4hl",search_comments_2026-05-11.csv,search_comment,那确实有点扰民了 原来养多肉需要开灯的呀 怪不得我的多肉都没养活,True,False
5297421899010556,1778516065,2026-05-11 16:14:25+08:00,5297403882112280,看图片是在太刺眼了,0,0,1778487696851,广东,5297421899010556,2040756472,橙子鱼呀o,f,https://m.weibo.cn/u/2040756472?launchid=10000360-page_H5,"https://tvax3.sinaimg.cn/crop.0.0.690.690.180/79a378f8ly8i9wd3bpfsmj20j60j6dh5.jpg?KID=imgbed,tva&Expires=1778498494&ssig=yPag4GFiE8",search_comments_2026-05-11.csv,search_comment,看图片是在太刺眼了,True,False
5297373254522223,1778504467,2026-05-11 13:01:07+08:00,5297367557343955,那确实影响了,0,2,1778487703234,广东,5297373254522223,1942814485,奔向自由快乐的索菲亚,f,https://m.weibo.cn/u/1942814485?launchid=10000360-page_H5,"https://tvax2.sinaimg.cn/crop.0.0.1080.1080.180/73ccff15ly8i6p2cft3emj20u00u0juj.jpg?KID=imgbed,tva&Expires=1778498501&ssig=3eD2le4SKD",search_comments_2026-05-11.csv,search_comment,那确实影响了,True,False
5297370452460176,1778503798,2026-05-11 12:49:58+08:00,5297367557343955,如果是这样影响人家了,0,0,1778487703239,河北,5297370452460176,2242157727,希妈爱美食,f,https://m.weibo.cn/u/2242157727?launchid=10000360-page_H5,"https://tvax4.sinaimg.cn/crop.0.0.1080.1080.180/85a49c9fly8i5t8vrwofwj20u00u0djh.jpg?KID=imgbed,tva&Expires=1778498501&ssig=8Tb%2FKR%2Bvrg",search_comments_2026-05-11.csv,search_comment,如果是这样影响人家了,True,False
5297386366960806,1778507593,2026-05-11 13:53:13+08:00,5297367557343955,真是什么人也有,0,0,1778487703245,河北,5297386366960806,1358956335,雨亭江東,m,https://m.weibo.cn/u/1358956335?launchid=10000360-page_H5,"https://tvax3.sinaimg.cn/crop.0.0.1080.1080.180/5100072fly8i2xa86n36kj20u00u0gow.jpg?KID=imgbed,tva&Expires=1778498501&ssig=pOCEFAGvTI",search_comments_2026-05-11.csv,search_comment,真是什么人也有,True,False
5297400151540050,1778510879,2026-05-11 14:47:59+08:00,5297396310343737,为什么被投诉呢？,1,1,1778487709747,江苏,5297400151540050,1762055070,啦啦爱是空白日记我是笔,f,https://m.weibo.cn/u/1762055070?launchid=10000360-page_H5,"https://tvax1.sinaimg.cn/crop.0.0.1080.1080.180/6906d39ely8i9ok053oxxj20u00u0t9d.jpg?KID=imgbed,tva&Expires=1778498507&ssig=UqmonKYdlD",search_comments_2026-05-11.csv,search_comment,为什么被投诉呢,True,False
5297398295299272,1778510437,2026-05-11 14:40:37+08:00,5297396310343737,这花确实好看啊,0,1,1778487709756,重庆,5297398295299272,2754559825,海棠花开海棠溪,f,https://m.weibo.cn/u/2754559825?launchid=10000360-page_H5,"https://tvax2.sinaimg.cn/crop.0.0.1080.1080.180/a42f3f51ly8ibhbdcf9xnj20u00u0jsz.jpg?KID=imgbed,tva&Expires=1778498507&ssig=oPfZzC88Ue",search_comments_2026-05-11.csv,search_comment,这花确实好看啊,True,False
5297400814243491,1778511038,2026-05-11 14:50:38+08:00,5297396310343737,有影响到别人吗,0,1,1778487709762,浙江,5297400814243491,5287984174,多米鱼贝贝,f,https://m.weibo.cn/u/5287984174?launchid=10000360-page_H5,"https://tvax1.sinaimg.cn/crop.0.0.480.480.180/005LRQfkly8i62ms3i60gj30dc0dct8x.jpg?KID=imgbed,tva&Expires=1778498507&ssig=fwM32cFID5",search_comments_2026-05-11.csv,search_comment,有影响到别人吗,True,False
5297420206082375,1778515661,2026-05-11 16:07:41+08:00,5297420100440159,没有养植物的天赋,0,7,1778487716131,安徽,5297420206082375,7788420499,Angry重生在西山给苏易水剥螃蟹,f,https://m.weibo.cn/u/7788420499?launchid=10000360-page_H5,"https://tvax2.sinaimg.cn/crop.0.0.1080.1080.180/008v5pXtly8id1e1uwk1uj30u00u0tas.jpg?KID=imgbed,tva&Expires=1778498514&ssig=RszDYP3J8E",search_comments_2026-05-11.csv,search_comment,没有养植物的天赋,True,False
5297423590368181,1778516468,2026-05-11 16:21:08+08:00,5297420100440159,灯开太久了吧,0,0,1778487716137,黑龙江,5297423590368181,2208210885,Survivor_花卷DVD,f,https://m.weibo.cn/u/2208210885?launchid=10000360-page_H5,"https://tvax2.sinaimg.cn/crop.0.0.1080.1080.180/839e9fc5ly8i5r3wo3xj6j20u00u0755.jpg?KID=imgbed,tva&Expires=1778498514&ssig=b%2FZjkdmwbZ",search_comments_2026-05-11.csv,search_comment,灯开太久了吧,True,False
5297423169881819,1778516368,2026-05-11 16:19:28+08:00,5297420100440159,专门卖多肉的,0,0,1778487716143,四川,5297423169881819,7843780517,皎皎敏月,f,https://m.weibo.cn/u/7843780517?launchid=10000360-page_H5,"https://tvax3.sinaimg.cn/crop.0.0.480.480.180/008yPHCZly8hz7n8azz36j30dc0dcjrs.jpg?KID=imgbed,tva&Expires=1778498514&ssig=Y9T93%2F6RlY",search_comments_2026-05-11.csv,search_comment,专门卖多肉的,True,False
5297412152230875,1778513741,2026-05-11 15:35:41+08:00,5297396834634116,真的很专业,0,0,1778487722582,广东,5297412152230875,2747712665,W云之铃,f,https://m.weibo.cn/u/2747712665?launchid=10000360-page_H5,"https://tvax4.sinaimg.cn/crop.0.0.1080.1080.180/a3c6c499ly8hvxmiwqbi4j20u00u0jug.jpg?KID=imgbed,tva&Expires=1778498520&ssig=MdQYvJhyff",search_comments_2026-05-11.csv,search_comment,真的很专业,True,False
5297412054979151,1778513718,2026-05-11 15:35:18+08:00,5297396834634116,养多肉这么麻烦啊,0,0,1778487722591,广东,5297412054979151,2683832713,奋斗kitty,m,https://m.weibo.cn/u/2683832713?launchid=10000360-page_H5,"https://tvax3.sinaimg.cn/crop.0.0.995.995.180/9ff80989ly8hcs8a123wvj20rn0rntb9.jpg?KID=imgbed,tva&Expires=1778498520&ssig=RxPeoeHBDE",search_comments_2026-05-11.csv,search_comment,养多肉这么麻烦啊,True,False
5297405798909870,1778512226,2026-05-11 15:10:26+08:00,5297396834634116,主要那个灯 晚上太亮了。,0,0,1778487722602,河南,5297405798909870,1798645737,沐晴林溪,f,https://m.weibo.cn/u/1798645737?launchid=10000360-page_H5,"https://tvax4.sinaimg.cn/crop.0.0.1080.1080.180/6b3527e9ly8i6l0ay3n0aj20u00u0jv6.jpg?KID=imgbed,tva&Expires=1778498520&ssig=l%2FYiDQoJYn",search_comments_2026-05-11.csv,search_comment,主要那个灯 晚上太亮了,True,False
5297421632408303,1778516001,2026-05-11 16:13:21+08:00,5297401655200189,这么说也不赖山姆,1,1,1778487779249,内蒙古,5297421632408303,3883720447,牛批洪洪,f,https://m.weibo.cn/u/3883720447?launchid=10000360-page_H5,"https://tvax4.sinaimg.cn/crop.0.0.1080.1080.180/e77cdeffly8i8zujumuepj20u00u0td8.jpg?KID=imgbed,tva&Expires=1778498577&ssig=XgW79CWnCa",search_comments_2026-05-11.csv,search_comment,这么说也不赖山姆,True,False
5297420848335835,1778515814,2026-05-11 16:10:14+08:00,5297401655200189,原来是这样啊,1,1,1778487779256,河北,5297420848335835,7633218180,娱路路,f,https://m.weibo.cn/u/7633218180?launchid=10000360-page_H5,"https://tvax2.sinaimg.cn/crop.0.0.472.472.180/008kAcKgly8i4y5kpileij30d40d4jry.jpg?KID=imgbed,tva&Expires=1778498577&ssig=2tC%2FpKoDhM",search_comments_2026-05-11.csv,search_comment,原来是这样啊,True,False
5297418541469764,1778515264,2026-05-11 16:01:04+08:00,5297401655200189,大老赖拿它没办法么,1,1,1778487779260,山东,5297418541469764,1237974537,暮光红茶,f,https://m.weibo.cn/u/1237974537?launchid=10000360-page_H5,"https://tvax3.sinaimg.cn/crop.0.0.1080.1080.180/49c9fe09ly8id1bz5hvhgj20u00u0ju6.jpg?KID=imgbed,tva&Expires=1778498577&ssig=vKei85c5Db",search_comments_2026-05-11.csv,search_comment,大老赖拿它没办法么,True,False
5297360353624255,1778501390,2026-05-11 12:09:50+08:00,5297360045606747,这个价，迪子利润很高啊,0,0,1778487872582,重庆,5297360353624255,1931497622,重庆GamePC李,m,https://m.weibo.cn/u/1931497622?launchid=10000360-page_H5,"https://tvax2.sinaimg.cn/crop.0.0.1080.1080.180/73205096ly8iba0tkhxs5j20u00u0wi2.jpg?KID=imgbed,tva&Expires=1778498670&ssig=%2BvvkEMnlRQ",search_comments_2026-05-11.csv,search_comment,这个价迪子利润很高啊,True,False
5297409057097973,1778513003,2026-05-11 15:23:23+08:00,5297394859116553,杨丽萍对小酒窝说“下次专门去剧院看你演出”，这份期许，比孔雀舞还美 [语音评论7&quot;],0,0,1778487982517,AI吃瓜罗伯特,5297409057097973,5606716867,吃瓜罗伯特,f,https://m.weibo.cn/u/5606716867?launchid=10000360-page_H5,"https://tvax1.sinaimg.cn/crop.0.0.921.921.180/0067rdbdly8ibrqhbg0vxj30pl0pl404.jpg?KID=imgbed,tva&Expires=1778498780&ssig=7AW%2BFZ3kvL",search_comments_2026-05-11.csv,search_comment,杨丽萍对小酒窝说下次专门去剧院看你演出这份期许比孔雀舞还美 语音评论7quot,True,False
5297396791641652,1778510079,2026-05-11 14:34:39+08:00,5297394859116553,这也太有爱了吧,0,1,1778487982522,河北,5297396791641652,6901886031,星探娱乐,m,https://m.weibo.cn/u/6901886031?launchid=10000360-page_H5,"https://tvax1.sinaimg.cn/crop.0.0.180.180.180/007x5BQrly8fyl7anan38j3050050q2z.jpg?KID=imgbed,tva&Expires=1778498780&ssig=RtfR0%2FDZ8p",search_comments_2026-05-11.csv,search_comment,这也太有爱了吧,True,False
5297397395620492,1778510223,2026-05-11 14:37:03+08:00,5297394859116553,她是个很好的老师,0,0,1778487982526,湖南,5297397395620492,6534526726,维妮一勺盐,m,https://m.weibo.cn/u/6534526726?launchid=10000360-page_H5,"https://tvax3.sinaimg.cn/crop.0.0.1080.1080.180/0078ecUmly8id1lilzzajj30u00u0410.jpg?KID=imgbed,tva&Expires=1778498780&ssig=mMnYcxrMFx",search_comments_2026-05-11.csv,search_comment,她是个很好的老师,True,False
5297374126936171,1778504675,2026-05-11 13:04:35+08:00,5297373405513378,小小的孩子还挺优秀,2,1,1778487989016,四川,5297374126936171,2945475193,牛奶小方子,f,https://m.weibo.cn/u/2945475193?launchid=10000360-page_H5,"https://tvax4.sinaimg.cn/crop.0.0.1080.1080.180/af906279ly8ib5bihb42vj20u00u0dic.jpg?KID=imgbed,tva&Expires=1778498787&ssig=DHrrN4WiHF",search_comments_2026-05-11.csv,search_comment,小小的孩子还挺优秀,True,False
5297373778546365,1778504592,2026-05-11 13:03:12+08:00,5297373405513378,真的是做到了极致,0,0,1778487989026,福建,5297373778546365,6535261449,Hi_小七七,f,https://m.weibo.cn/u/6535261449?launchid=10000360-page_H5,"https://tvax1.sinaimg.cn/crop.0.0.1080.1080.180/0078hi2Jly8i9cw8gnzjnj30u00u0dk6.jpg?KID=imgbed,tva&Expires=1778498787&ssig=Dhh8UiKaQ%2F",search_comments_2026-05-11.csv,search_comment,真的是做到了极致,True,False
5297374672455371,1778504805,2026-05-11 13:06:45+08:00,5297373405513378,杨丽萍太牛了,0,1,1778487989036,福建,5297374672455371,5496785302,大鱼海棠一,f,https://m.weibo.cn/u/5496785302?launchid=10000360-page_H5,"https://tvax2.sinaimg.cn/crop.0.0.1080.1080.180/005ZZWXsly8icvwjigaw9j30u00u0ju8.jpg?KID=imgbed,tva&Expires=1778498787&ssig=tn20OXC8cI",search_comments_2026-05-11.csv,search_comment,杨丽萍太牛了,True,False
5297356803150838,1778500545,2026-05-11 11:55:45+08:00,5297355789700779,做饭做得好的人一般多线程处理能力比较强，反应敏捷,0,10,1778488029113,河北,5297356803150838,5729193604,赵子谦,m,https://m.weibo.cn/u/5729193604?launchid=10000360-page_H5,"https://tvax4.sinaimg.cn/crop.0.0.512.512.180/006fJ6Ysly8h2cpt5yelaj30e80e8dh4.jpg?KID=imgbed,tva&Expires=1778498827&ssig=jwhZt9bMUm",search_comments_2026-05-11.csv,search_comment,做饭做得好的人一般多线程处理能力比较强反应敏捷,True,False
5297356913773875,1778500571,2026-05-11 11:56:11+08:00,5297355789700779,突然发现，会做饭是顶级的生存浪漫。,0,7,1778488029117,广东,5297356913773875,7858847209,小妹的幸福呀,f,https://m.weibo.cn/u/7858847209?launchid=10000360-page_H5,"https://tvax2.sinaimg.cn/crop.0.0.700.700.180/008zQVa9ly8hihv788c02j30jg0jg3zt.jpg?KID=imgbed,tva&Expires=1778498827&ssig=AzPeSIl5O0",search_comments_2026-05-11.csv,search_comment,突然发现会做饭是顶级的生存浪漫,True,False
5297357253771799,1778500652,2026-05-11 11:57:32+08:00,5297355789700779,🥘会做饭的人也太厉害了吧，幸福感直接被美食拉满,0,1,1778488029121,河北,5297357253771799,7738966471,星星填满天空,m,https://m.weibo.cn/u/7738966471?launchid=10000360-page_H5,"https://tvax3.sinaimg.cn/crop.0.0.1080.1080.180/008rJUHRly8h7uicc7nhrj30u00u0wgt.jpg?KID=imgbed,tva&Expires=1778498827&ssig=Mwh19Kj7Ed",search_comments_2026-05-11.csv,search_comment,会做饭的人也太厉害了吧幸福感直接被美食拉满,True,False
5297411998090268,1778513704,2026-05-11 15:35:04+08:00,5297410056127750,好羡慕会做饭的,0,1,1778488035499,四川,5297411998090268,6573849678,Eustoma简要来财了,f,https://m.weibo.cn/u/6573849678?launchid=10000360-page_H5,"https://tvax3.sinaimg.cn/crop.0.0.1080.1080.180/007aTcBwly8ickl2dxqy4j30u00u00tn.jpg?KID=imgbed,tva&Expires=1778498833&ssig=cEASPnWn5J",search_comments_2026-05-11.csv,search_comment,好羡慕会做饭的,True,False
5297410316438242,1778513303,2026-05-11 15:28:23+08:00,5297410056127750,做饭真的靠感觉来的,1,2,1778488035510,河南,5297410316438242,6410575862,香蕉圆又圆-,f,https://m.weibo.cn/u/6410575862?launchid=10000360-page_H5,"https://tvax1.sinaimg.cn/crop.0.0.1080.1080.180/006ZQ7CSly8ibtpiorncmj30u00u0jty.jpg?KID=imgbed,tva&Expires=1778498833&ssig=N8WFxMRLNa",search_comments_2026-05-11.csv,search_comment,做饭真的靠感觉来的,True,False
5297416691516580,1778514823,2026-05-11 15:53:43+08:00,5297416624670477,太权威了还是,0,0,1778488041958,江苏,5297416691516580,3813032565,吃不胖的妙妙,f,https://m.weibo.cn/u/3813032565?launchid=10000360-page_H5,"https://tvax3.sinaimg.cn/crop.0.0.690.690.180/e3464275ly8hk0r2ky5rtj20j60j6aau.jpg?KID=imgbed,tva&Expires=1778498840&ssig=wjf%2BZcbYhj",search_comments_2026-05-11.csv,search_comment,太权威了还是,True,False
5297420428903973,1778515714,2026-05-11 16:08:34+08:00,5297415053641451,看得我忍不住流口水,0,1,1778488048429,山东,5297420428903973,6471994326,星坠枯萎千山,f,https://m.weibo.cn/u/6471994326?launchid=10000360-page_H5,"https://tvax3.sinaimg.cn/crop.0.0.512.512.180/0073ZPngly8hwsofm6frwj30e80e8745.jpg?KID=imgbed,tva&Expires=1778498846&ssig=x3VpGvPs%2BY",search_comments_2026-05-11.csv,search_comment,看得我忍不住流口水,True,False
5297420487103409,1778515728,2026-05-11 16:08:48+08:00,5297415053641451,完全是有光环在身上的,0,0,1778488048436,山东,5297420487103409,7846946668,蓝色面心情,f,https://m.weibo.cn/u/7846946668?launchid=10000360-page_H5,"https://tvax2.sinaimg.cn/crop.0.0.512.512.180/008z2ZhWly8hw8z7xfuk0j30e80e8wf0.jpg?KID=imgbed,tva&Expires=1778498846&ssig=4BWmvDvURy",search_comments_2026-05-11.csv,search_comment,完全是有光环在身上的,True,False
5297420414225882,1778515711,2026-05-11 16:08:31+08:00,5297415053641451,会做饭也是挺吸引我,0,0,1778488048444,河南,5297420414225882,5180803758,最後苡园,f,https://m.weibo.cn/u/5180803758?launchid=10000360-page_H5,"https://tvax1.sinaimg.cn/crop.0.0.1032.1032.180/005EC7IWly8hrdffkgbaaj30so0so76k.jpg?KID=imgbed,tva&Expires=1778498846&ssig=B3GrQl71i5",search_comments_2026-05-11.csv,search_comment,会做饭也是挺吸引我,True,False
5297405060972553,1778512049,2026-05-11 15:07:29+08:00,5297404847065935,@微博智搜 分析这篇文章,1,6,1778488054840,天津,5297405060972553,1119204215,美梦成真0507,f,https://m.weibo.cn/u/1119204215?launchid=10000360-page_H5,"https://tvax1.sinaimg.cn/crop.0.0.640.640.640.180/002XJY2Tly8ib8wixc3mnj606c06cglo02.jpg?KID=imgbed,tva&Expires=1778498852&ssig=2RKrORsYQ1",search_comments_2026-05-11.csv,search_comment, 分析这篇文章,True,False
5297409756499849,1778513170,2026-05-11 15:26:10+08:00,5297404847065935,比我厉害我觉得,0,4,1778488054849,云南,5297409756499849,7413192932,南榆风,f,https://m.weibo.cn/u/7413192932?launchid=10000360-page_H5,"https://tvax4.sinaimg.cn/crop.0.0.1080.1080.180/0085H07Wly8ibu4ircb5kj30u00u043x.jpg?KID=imgbed,tva&Expires=1778498852&ssig=o2pdEsEUZ0",search_comments_2026-05-11.csv,search_comment,比我厉害我觉得,True,False
5297409009652294,1778512992,2026-05-11 15:23:12+08:00,5297404847065935,说老实话就冲她这身段我都想去看,0,4,1778488054857,四川,5297409009652294,7818986054,吃菜的悟空,f,https://m.weibo.cn/u/7818986054?launchid=10000360-page_H5,"https://tvax2.sinaimg.cn/crop.0.0.959.959.180/008x9Fsily8hb8556rd7nj30qn0qnabc.jpg?KID=imgbed,tva&Expires=1778498852&ssig=cFu8gcEQlp",search_comments_2026-05-11.csv,search_comment,说老实话就冲她这身段我都想去看,True,False
5297417159180425,1778514934,2026-05-11 15:55:34+08:00,5297318582812822,中信建投分析认为，2026年下半年A股将进入结构性慢牛行情，由资金抱团和结构性景气驱动。投资策略建议遵循“景气为纲”，聚焦两大主线：一是“算力牛”，即AI算力产业链（如半导体、光通信），认为其尚未全面泡沫化；二是“复苏牛”，由PPI-外需驱...查看全部戳-&gt;微博智搜,0,0,1778488132898,微博智搜AI生成,5297417159180425,7892270010,微博智搜,f,https://m.weibo.cn/u/7892270010?launchid=10000360-page_H5,"https://tvax2.sinaimg.cn/crop.0.0.1080.1080.180/008C79XAly8i5grzh416kj30u00u0t8z.jpg?KID=imgbed,tva&Expires=1778498930&ssig=%2BkoDBfX%2B%2Fs",search_comments_2026-05-11.csv,search_comment,中信建投分析认为2026年下半年A股将进入结构性慢牛行情由资金抱团和结构性景气驱动投资策略建议遵循景气为纲聚焦两大主线一是算力牛即AI算力产业链如半导体光通信认为其尚未全面泡沫化二是复苏牛由PPI外需驱查看全部戳gt微博智搜,True,False
5297412476241416,1778513818,2026-05-11 15:36:58+08:00,5297411656515950,复苏板块有潜力！ 别光盯着科技，PPI回升背景下，有色和储能这些复苏线也有补涨机会。,0,2,1778488152159,广东,5297412476241416,1650933515,扬帆锐评,m,https://m.weibo.cn/u/1650933515?launchid=10000360-page_H5,"https://tvax4.sinaimg.cn/crop.72.0.354.354.180/62673f0bly8fn4gwjd6gfj20dw09ugp8.jpg?KID=imgbed,tva&Expires=1778498950&ssig=6bbTaZjx0k",search_comments_2026-05-11.csv,search_comment,复苏板块有潜力 别光盯着科技PPI回升背景下有色和储能这些复苏线也有补涨机会,True,False
5297412369286412,1778513793,2026-05-11 15:36:33+08:00,5297411656515950,算力主线逻辑硬！！ 业绩验证期还是得抱紧算力大腿，光通信和液冷这波确实没泡沫。,0,1,1778488152165,广东,5297412369286412,1650933515,扬帆锐评,m,https://m.weibo.cn/u/1650933515?launchid=10000360-page_H5,"https://tvax4.sinaimg.cn/crop.72.0.354.354.180/62673f0bly8fn4gwjd6gfj20dw09ugp8.jpg?KID=imgbed,tva&Expires=1778498950&ssig=6bbTaZjx0k",search_comments_2026-05-11.csv,search_comment,算力主线逻辑硬 业绩验证期还是得抱紧算力大腿光通信和液冷这波确实没泡沫,True,False
5297415663386642,1778514577,2026-05-11 15:49:37+08:00,5297411656515950,股市还是有风险的。,0,0,1778488152172,河南,5297415663386642,1798645737,沐晴林溪,f,https://m.weibo.cn/u/1798645737?launchid=10000360-page_H5,"https://tvax4.sinaimg.cn/crop.0.0.1080.1080.180/6b3527e9ly8i6l0ay3n0aj20u00u0jv6.jpg?KID=imgbed,tva&Expires=1778498950&ssig=PBS11nHzXS",search_comments_2026-05-11.csv,search_comment,股市还是有风险的,True,False
5297419528973144,1778515500,2026-05-11 16:05:00+08:00,5297412694608903,我们的恒生医药大鼎会受影响吗,0,0,1778488158698,河北,5297419528973144,2170567671,萝卜你光长叶,f,https://m.weibo.cn/u/2170567671?launchid=10000360-page_H5,"https://tvax3.sinaimg.cn/crop.0.0.1080.1080.180/81603bf7ly8ib30i51ktrj20u00u0n1z.jpg?KID=imgbed,tva&Expires=1778498956&ssig=8Vui%2Bh0C1%2B",search_comments_2026-05-11.csv,search_comment,我们的恒生医药大鼎会受影响吗,True,False
5297423668751177,1778516487,2026-05-11 16:21:27+08:00,5297421351390059,扶不起的阿斗,0,1,1778488178011,湖北,5297423668751177,5586232182,我说并没有,f,https://m.weibo.cn/u/5586232182?launchid=10000360-page_H5,"https://tvax2.sinaimg.cn/crop.0.0.1080.1080.180/00663gb4ly8hqznyxyww6j30u00u0jt7.jpg?KID=imgbed,tva&Expires=1778498976&ssig=jiVN2vvvWc",search_comments_2026-05-11.csv,search_comment,扶不起的阿斗,True,False
5297422544932706,1778516219,2026-05-11 16:16:59+08:00,5297421351390059,港股感觉和白酒一样,0,1,1778488178018,广东,5297422544932706,6980057401,柠檬小阿茶,f,https://m.weibo.cn/u/6980057401?launchid=10000360-page_H5,"https://tvax3.sinaimg.cn/crop.0.0.664.664.180/007CnBMZly8fzqatwfib7j30ig0ihwfg.jpg?KID=imgbed,tva&Expires=1778498976&ssig=eMXlBzhjUf",search_comments_2026-05-11.csv,search_comment,港股感觉和白酒一样,True,False
5297413449580938,1778514050,2026-05-11 15:40:50+08:00,5297396436173692,评论区围绕《藏海传2》官宣热烈讨论：约45%剧粉强烈呼吁原班人马回归，玩梗“死了的当阴兵也要客串”；30%粉丝脑洞续集剧情，猜测新势力与伏笔；15%引用热搜数据认证该剧现象级爆款地位；10%以幽默方式催更及互动。整体氛围积极，展现剧粉的高期...查看全部戳-&gt;微博智搜,0,1,1778488195067,微博智搜AI生成,5297413449580938,7892270010,微博智搜,f,https://m.weibo.cn/u/7892270010?launchid=10000360-page_H5,"https://tvax2.sinaimg.cn/crop.0.0.1080.1080.180/008C79XAly8i5grzh416kj30u00u0t8z.jpg?KID=imgbed,tva&Expires=1778498993&ssig=0U1zsrGhXJ",search_comments_2026-05-11.csv,search_comment,评论区围绕藏海传2官宣热烈讨论约45剧粉强烈呼吁原班人马回归玩梗死了的当阴兵也要客串30粉丝脑洞续集剧情猜测新势力与伏笔15引用热搜数据认证该剧现象级爆款地位10以幽默方式催更及互动整体氛围积极展现剧粉的高期查看全部戳gt微博智搜,True,False
5297398561641175,1778510501,2026-05-11 14:41:41+08:00,5297396436173692,期待《藏海传》2,0,1,1778488195071,广西,5297398561641175,7749676173,老五家xz,f,https://m.weibo.cn/u/7749676173?launchid=10000360-page_H5,"https://tvax4.sinaimg.cn/crop.0.0.1023.1023.180/008ssQMZly8i63il3s5nkj30sg0sf12d.jpg?KID=imgbed,tva&Expires=1778498993&ssig=ufCvM%2FEtug",search_comments_2026-05-11.csv,search_comment,期待藏海传2,True,False
5297405620916233,1778512184,2026-05-11 15:09:44+08:00,5297396436173692,真正的大爆剧就是这么热火朝天，肖战已经是藏海本海了，那些走了的就让他们入土为安吧，开启新地图解锁新故事，还有更广阔的天地等着藏大人呢,0,42,1778488195077,天津,5297405620916233,7874860773,夕阳其实也挺好,f,https://m.weibo.cn/u/7874860773?launchid=10000360-page_H5,"https://tvax4.sinaimg.cn/crop.0.0.1080.1080.180/008AW71rly8hiih5davllj30u00u0wgf.jpg?KID=imgbed,tva&Expires=1778498993&ssig=L0uycKZNhO",search_comments_2026-05-11.csv,search_comment,真正的大爆剧就是这么热火朝天肖战已经是藏海本海了那些走了的就让他们入土为安吧开启新地图解锁新故事还有更广阔的天地等着藏大人呢,True,False
5297369251840024,1778503512,2026-05-11 12:45:12+08:00,5297365311555129,无头老卒和长生奴奴,0,4,1778488201463,北京,5297369251840024,5311939888,奴奴求凶,m,https://m.weibo.cn/u/5311939888?launchid=10000360-page_H5,"https://tvax2.sinaimg.cn/crop.0.0.720.720.180/005NumdOly1icc5x1j2gzj30k00k0abb.jpg?KID=imgbed,tva&Expires=1778498999&ssig=l3yj1VCuZE",search_comments_2026-05-11.csv,search_comment,无头老卒和长生奴奴,True,False
5297397209237362,1778510178,2026-05-11 14:36:18+08:00,5297365311555129,"2+2四部,我不嫌多，多多益善。",0,5,1778488201473,江苏,5297397209237362,7956074747,甜美皂皂爱笑笑,f,https://m.weibo.cn/u/7956074747?launchid=10000360-page_H5,"https://tvax2.sinaimg.cn/crop.0.0.500.500.180/008GqSufly8humz4juv2fj30dw0dwt9q.jpg?KID=imgbed,tva&Expires=1778498999&ssig=VyElCEpWQa",search_comments_2026-05-11.csv,search_comment,22四部我不嫌多多多益善,True,False
5297386329213779,1778507584,2026-05-11 13:53:04+08:00,5297374814801011,跟着肖战见世面,0,0,1778488207918,山东,5297386329213779,5760665408,永远的小王子BX,f,https://m.weibo.cn/u/5760665408?launchid=10000360-page_H5,"https://tvax1.sinaimg.cn/crop.0.0.1080.1080.180/006hRaecly8i8oqb17q6fj30u00u041f.jpg?KID=imgbed,tva&Expires=1778499006&ssig=tj%2BBZh61%2Ff",search_comments_2026-05-11.csv,search_comment,跟着肖战见世面,True,False
5297376057098455,1778505134,2026-05-11 13:12:14+08:00,5297374814801011,我曹不早说，我应该爬出去看看。。。,0,0,1778488207923,广东,5297376057098455,6613975734,效果导员zsh,f,https://m.weibo.cn/u/6613975734?launchid=10000360-page_H5,"https://tvax1.sinaimg.cn/crop.0.0.1080.1080.180/007dBzdYly8ibs6xcpcz3j30u00u0q57.jpg?KID=imgbed,tva&Expires=1778499006&ssig=T0flh2T5Pu",search_comments_2026-05-11.csv,search_comment,我曹不早说我应该爬出去看看,True,False
5297396687832196,1778510054,2026-05-11 14:34:14+08:00,5297366715335689,我喜欢的男孩治愈微笑，人间理想，星辰皓月，神仙颜值，温柔体贴，可盐可甜，深得我心，乱我心曲，让人沦陷，肖战是你啊@肖战🌸((☀️⥎☀️))🌸,0,1,1778488214448,山东,5297396687832196,3197583303,尚小妞妞,f,https://m.weibo.cn/u/3197583303?launchid=10000360-page_H5,"https://tvax4.sinaimg.cn/crop.0.0.1080.1080.180/be973fc7ly8i634hq8oo8j20u00u077h.jpg?KID=imgbed,tva&Expires=1778499012&ssig=nrZ8Gk%2FCbq",search_comments_2026-05-11.csv,search_comment,我喜欢的男孩治愈微笑人间理想星辰皓月神仙颜值温柔体贴可盐可甜深得我心乱我心曲让人沦陷肖战是你啊,True,False
5297369374528210,1778503542,2026-05-11 12:45:42+08:00,5297366715335689,简单的喜欢最长远，平凡的陪伴最心安，懂你的人最温暖，时光温柔，还需你懂，生活可爱，也需你宠，这一次，喜欢跟合适撞了个满怀，我爱肖战❤️❤️  @肖战,0,1,1778488214452,河北,5297369374528210,3754370354,别丢下蘑菇,f,https://m.weibo.cn/u/3754370354?launchid=10000360-page_H5,"https://tvax1.sinaimg.cn/crop.0.0.1080.1080.180/dfc72532ly8i72nhupp9yj20u00u077a.jpg?KID=imgbed,tva&Expires=1778499012&ssig=u3oB5%2FT6mn",search_comments_2026-05-11.csv,search_comment,简单的喜欢最长远平凡的陪伴最心安懂你的人最温暖时光温柔还需你懂生活可爱也需你宠这一次喜欢跟合适撞了个满怀我爱肖战  ,True,False
5297367431774301,1778503078,2026-05-11 12:37:58+08:00,5297366715335689,抬头见云卷云舒，日子慢悠悠过。 @肖战,0,1,1778488214457,河北,5297367431774301,7946519001,梦回少女心,f,https://m.weibo.cn/u/7946519001?launchid=10000360-page_H5,"https://tvax1.sinaimg.cn/crop.0.0.1080.1080.180/008FMMBjly8ht7zga7hb2j30u00u0tbd.jpg?KID=imgbed,tva&Expires=1778499012&ssig=i9VKjHqbZU",search_comments_2026-05-11.csv,search_comment,抬头见云卷云舒日子慢悠悠过 ,True,False
5297364858307363,1778502465,2026-05-11 12:27:45+08:00,5297364774683877,总觉得有点心神不宁,7,12,1778488305463,辽宁,5297364858307363,8395465727,老许的投资笔记,m,https://m.weibo.cn/u/8395465727?launchid=10000360-page_H5,"https://tvax4.sinaimg.cn/crop.0.0.1080.1080.180/009aaw9xly8ibtg0bxjpij30u00u040h.jpg?KID=imgbed,tva&Expires=1778499103&ssig=rFfrAij5dn",search_comments_2026-05-11.csv,search_comment,总觉得有点心神不宁,True,False
5297365349304713,1778502582,2026-05-11 12:29:42+08:00,5297364774683877,涨的你头晕目眩,0,1,1778488305466,江西,5297365349304713,3752987655,戏幻尼,m,https://m.weibo.cn/u/3752987655?launchid=10000360-page_H5,"https://tvax4.sinaimg.cn/crop.0.0.1080.1080.180/dfb20c07ly8hc7grsn25cj20u00u0tdo.jpg?KID=imgbed,tva&Expires=1778499103&ssig=%2B7sR0UB0aD",search_comments_2026-05-11.csv,search_comment,涨的你头晕目眩,True,False
5297387249601626,1778507804,2026-05-11 13:56:44+08:00,5297369371378821,整体市场是不是到了大幅回调的时候了？大热必死,1,0,1778488311916,湖北,5297387249601626,1141604120,老实88哒,f,https://m.weibo.cn/u/1141604120?launchid=10000360-page_H5,"https://tvax1.sinaimg.cn/crop.0.0.1006.1006.180/440b7f18ly8gjh5g6obh1j20ry0rymzi.jpg?KID=imgbed,tva&Expires=1778499110&ssig=MCbEchuZ31",search_comments_2026-05-11.csv,search_comment,整体市场是不是到了大幅回调的时候了大热必死,True,False
5297369857917365,1778503656,2026-05-11 12:47:36+08:00,5297369371378821,恒生科技今年能有40个点的涨幅吗，半导体给我馋哭了,0,3,1778488311920,江西,5297369857917365,5898050208,鱼塘千千万万,m,https://m.weibo.cn/u/5898050208?launchid=10000360-page_H5,"https://tvax2.sinaimg.cn/crop.0.0.1080.1080.180/006r9Ci4ly8iblbib83jpj30u00u0jta.jpg?KID=imgbed,tva&Expires=1778499110&ssig=d52in4DjB%2B",search_comments_2026-05-11.csv,search_comment,恒生科技今年能有40个点的涨幅吗半导体给我馋哭了,True,False
5297415773229007,1778514604,2026-05-11 15:50:04+08:00,5297413701239357,杭电三连板，通鼎互联三连板，富春染织2连板，侯总心情大好，只要关注我的就可以申请进群抄作业交流：志远同道会-11群,1,6,1778488318379,上海,5297415773229007,6081242334,侯卫东88,m,https://m.weibo.cn/u/6081242334?launchid=10000360-page_H5,"https://tvax4.sinaimg.cn/crop.0.0.1080.1080.180/006DygVMly8ib0m19k9pxj30u00u0gqz.jpg?KID=imgbed,tva&Expires=1778499116&ssig=1SZOgtMcS6",search_comments_2026-05-11.csv,search_comment,杭电三连板通鼎互联三连板富春染织2连板侯总心情大好只要的就可以申请进群抄作业交流志远同道会11群,True,False
5297421481410597,1778515964,2026-05-11 16:12:44+08:00,5297419854287133,老班长几几年的,0,0,1778488324816,浙江,5297421481410597,6187792787,少年老兵008,m,https://m.weibo.cn/u/6187792787?launchid=10000360-page_H5,"https://tvax2.sinaimg.cn/crop.0.0.1242.1242.180/006KLlztly8fe9wx4dns3j30yi0yigro.jpg?KID=imgbed,tva&Expires=1778499122&ssig=2XL7UjgUV%2F",search_comments_2026-05-11.csv,search_comment,老班长几几年的,True,False
5297381006377328,1778506314,2026-05-11 13:31:54+08:00,5297378996261824,半导体板块领涨市场，存储芯片概念股大面积上涨。澜起科技涨停，长川科技、普冉股份、兴福电子均录得20cm涨停，兆易创新、长电科技等录得10cm涨停。,1,3,1778488331395,,5297381006377328,7399555658,红星资本局,f,https://m.weibo.cn/u/7399555658?launchid=10000360-page_H5,"https://tvax1.sinaimg.cn/crop.0.0.640.640.180/0084LMrUly8h8viewardpj30hs0hst9e.jpg?KID=imgbed,tva&Expires=1778499129&ssig=9qm1cfo%2BpO",search_comments_2026-05-11.csv,search_comment,半导体板块领涨市场存储芯片概念股大面积上涨澜起科技涨停长川科技普冉股份兴福电子均录得20cm涨停兆易创新长电科技等录得10cm涨停,True,False
5297387423663162,1778507845,2026-05-11 13:57:25+08:00,5297378996261824,截至上午收盘，沪指涨0.94%，现报4219.13点，深证成指涨2.13%，创业板指涨3.03%，科创综指涨3.47%，科创50指数涨5.27%。,0,4,1778488331406,,5297387423663162,7399555658,红星资本局,f,https://m.weibo.cn/u/7399555658?launchid=10000360-page_H5,"https://tvax1.sinaimg.cn/crop.0.0.640.640.180/0084LMrUly8h8viewardpj30hs0hst9e.jpg?KID=imgbed,tva&Expires=1778499129&ssig=9qm1cfo%2BpO",search_comments_2026-05-11.csv,search_comment,截至上午收盘沪指涨094现报421913点深证成指涨213创业板指涨303科创综指涨347科创50指数涨527,True,False
5297380414983597,1778506174,2026-05-11 13:29:34+08:00,5297378996261824,5月11日上午，A股主要指数全线上涨，沪指站上4200点，创业板指大涨3%，科创50指数涨逾5%，均刷新多年来新高。,0,4,1778488331412,,5297380414983597,7399555658,红星资本局,f,https://m.weibo.cn/u/7399555658?launchid=10000360-page_H5,"https://tvax1.sinaimg.cn/crop.0.0.640.640.180/0084LMrUly8h8viewardpj30hs0hst9e.jpg?KID=imgbed,tva&Expires=1778499129&ssig=9qm1cfo%2BpO",search_comments_2026-05-11.csv,search_comment,5月11日上午A股主要指数全线上涨沪指站上4200点创业板指大涨3科创50指数涨逾5均刷新多年来新高,True,False
5297384462486821,1778507139,2026-05-11 13:45:39+08:00,5297384344258012,如果商家对预制菜明确标明，你们会去该店铺嘛,2,8,1778488451508,安徽,5297384462486821,7560837276,Ghost_星辰予她丶想看小雲二巡版,f,https://m.weibo.cn/u/7560837276?launchid=10000360-page_H5,"https://tvax3.sinaimg.cn/crop.0.0.1080.1080.180/008fGvakly8icenugti1gj30u00u00tq.jpg?KID=imgbed,tva&Expires=1778499249&ssig=P7TLS9CZqv",search_comments_2026-05-11.csv,search_comment,如果商家对预制菜明确标明你们会去该店铺嘛,True,False
5297385075115062,1778507285,2026-05-11 13:48:05+08:00,5297384344258012,现在预制菜很普遍吧，感觉不至于,0,24,1778488451519,广东,5297385075115062,5943017518,候鸟书,f,https://m.weibo.cn/u/5943017518?launchid=10000360-page_H5,"https://tvax3.sinaimg.cn/crop.0.0.1080.1080.180/006ucilgly8ica2tjkejhj30u00u00wg.jpg?KID=imgbed,tva&Expires=1778499249&ssig=J9XHHtU3ws",search_comments_2026-05-11.csv,search_comment,现在预制菜很普遍吧感觉不至于,True,False
5297385282473660,1778507335,2026-05-11 13:48:55+08:00,5297384344258012,现在怎么说呢  卫生就好了,1,24,1778488451529,江苏,5297385282473660,6976800737,真的超级爱你真源zzy,f,https://m.weibo.cn/u/6976800737?launchid=10000360-page_H5,"https://tvax4.sinaimg.cn/crop.0.0.512.512.180/007C9WA9ly8i7ntvupihej30e80e8wew.jpg?KID=imgbed,tva&Expires=1778499249&ssig=GZUCwSLgFt",search_comments_2026-05-11.csv,search_comment,现在怎么说呢  卫生就好了,True,False
5297418667294962,1778515293,2026-05-11 16:01:33+08:00,5297406121869362,还能这样，有额外要求就能判断了,0,0,1778488458004,山东,5297418667294962,5242334774,蜉蝣mayfly-ephemeros,f,https://m.weibo.cn/u/5242334774?launchid=10000360-page_H5,"https://tvax2.sinaimg.cn/crop.0.0.1080.1080.180/005IMiKGly8i6yr2hb6yoj30u00u0n0a.jpg?KID=imgbed,tva&Expires=1778499256&ssig=PUShPGSr%2B7",search_comments_2026-05-11.csv,search_comment,还能这样有额外要求就能判断了,True,False
5297407325897610,1778512590,2026-05-11 15:16:30+08:00,5297406121869362,这个大哥真的好拼，他怎么干脆不吃,0,0,1778488458010,广东,5297407325897610,6193772603,甜甜甜吃糖,m,https://m.weibo.cn/u/6193772603?launchid=10000360-page_H5,"https://tvax4.sinaimg.cn/crop.0.0.512.512.180/006Larc7ly8hhcyp6ytiyj30e80e80tp.jpg?KID=imgbed,tva&Expires=1778499256&ssig=nY8oTl9ZVr",search_comments_2026-05-11.csv,search_comment,这个大哥真的好拼他怎么干脆不吃,True,False
5297417089450302,1778514917,2026-05-11 15:55:17+08:00,5297406121869362,这大哥真牛,0,0,1778488458016,广东,5297417089450302,9190493423,奶盖不加糖晓,f,https://m.weibo.cn/u/9190493423?launchid=10000360-page_H5,"https://tvax2.sinaimg.cn/crop.0.0.1080.1080.180/00a1YnaTly8icegoh2yhij30u00u0n09.jpg?KID=imgbed,tva&Expires=1778499256&ssig=KbHnBVTuG1",search_comments_2026-05-11.csv,search_comment,这大哥真牛,True,False
5297377742427108,1778505537,2026-05-11 13:18:57+08:00,5297377300711533,哈哈哈哈，我当时也笑岔气了，论幽默感，还得看我大东北,0,11,1778488514650,辽宁,5297377742427108,1668789582,Miss口罩,f,https://m.weibo.cn/u/1668789582?launchid=10000360-page_H5,"https://tvax3.sinaimg.cn/crop.0.0.1080.1080.180/6377b54ely8id16x76jkmj20u00u0n1v.jpg?KID=imgbed,tva&Expires=1778499312&ssig=Ty9D9dCWNk",search_comments_2026-05-11.csv,search_comment,哈哈哈哈我当时也笑岔气了论幽默感还得看我大东北,True,False
5297378438415543,1778505703,2026-05-11 13:21:43+08:00,5297377300711533,我说八为拔第二声,0,8,1778488514658,辽宁,5297378438415543,5138578790,五个毅_锦鲤版,f,https://m.weibo.cn/u/5138578790?launchid=10000360-page_H5,"https://tvax1.sinaimg.cn/crop.0.0.950.950.180/005BKX54ly8i5urgpx2ewj30qe0qe408.jpg?KID=imgbed,tva&Expires=1778499312&ssig=3nb1djxZdy",search_comments_2026-05-11.csv,search_comment,我说八为拔第二声,True,False
5297084293185656,1778435572,2026-05-10 17:52:52+08:00,5297083777287873,好幸福的一家人,0,5,1778488618225,山东,5297084293185656,6572711748,点点音乐美文m,f,https://m.weibo.cn/u/6572711748?launchid=10000360-page_H5,"https://tvax1.sinaimg.cn/crop.0.0.1080.1080.180/007aOqzOly8hd8nltb457j30u00u0ju7.jpg?KID=imgbed,tva&Expires=1778499416&ssig=XZclQY8uwd",search_comments_2026-05-11.csv,search_comment,好幸福的一家人,True,False
5297084194361304,1778435550,2026-05-10 17:52:30+08:00,5297083777287873,看的人心里暖暖的被治愈到了,0,5,1778488618231,四川,5297084194361304,7565112387,祈雪霜,f,https://m.weibo.cn/u/7565112387?launchid=10000360-page_H5,"https://tvax2.sinaimg.cn/crop.0.0.1080.1080.180/008fYrjJly8i6yc9pdqq5j30u00u0djq.jpg?KID=imgbed,tva&Expires=1778499416&ssig=4yUm2Ix6b6",search_comments_2026-05-11.csv,search_comment,看的人心里暖暖的被治愈到了,True,False
5297426312986908,1778517116,2026-05-11 16:31:56+08:00,5297425883332976,小Win和小太阳，这名字也太会取了吧！一家都是颜值担当，羡慕ing~,0,0,1778488624737,AI吃瓜罗伯特,5297426312986908,5606716867,吃瓜罗伯特,f,https://m.weibo.cn/u/5606716867?launchid=10000360-page_H5,"https://tvax1.sinaimg.cn/crop.0.0.921.921.180/0067rdbdly8ibrqhbg0vxj30pl0pl404.jpg?KID=imgbed,tva&Expires=1778499422&ssig=MhMq6ZDUD8",search_comments_2026-05-11.csv,search_comment,小Win和小太阳这名字也太会取了吧一家都是颜值担当羡慕ing,True,False
5297423607144310,1778516472,2026-05-11 16:21:12+08:00,5297423179580219,小Win和小太阳，这名字取得太有爱了吧！陈伟霆和何穗的儿子简直是幸福的小宝贝~,0,0,1778488631177,AI吃瓜罗伯特,5297423607144310,5606716867,吃瓜罗伯特,f,https://m.weibo.cn/u/5606716867?launchid=10000360-page_H5,"https://tvax1.sinaimg.cn/crop.0.0.921.921.180/0067rdbdly8ibrqhbg0vxj30pl0pl404.jpg?KID=imgbed,tva&Expires=1778499429&ssig=er%2F2eOrx9k",search_comments_2026-05-11.csv,search_comment,小Win和小太阳这名字取得太有爱了吧陈伟霆和何穗的儿子简直是幸福的小宝贝,True,False
5297424638935848,1778516718,2026-05-11 16:25:18+08:00,5297423179580219,开始消费孩子 查看图片,0,0,1778488631184,浙江,5297424638935848,6236046211,初南627,f,https://m.weibo.cn/u/6236046211?launchid=10000360-page_H5,"https://tvax3.sinaimg.cn/crop.0.142.944.944.180/006O1Ouvly8i979bucp5jj30q80y4q45.jpg?KID=imgbed,tva&Expires=1778499429&ssig=PK0BBwxrfU",search_comments_2026-05-11.csv,search_comment,开始消费孩子 查看图片,True,False
5297421824298299,1778516047,2026-05-11 16:14:07+08:00,5297421225821404,小Win和小太阳，这名字取得太有爱了吧！,0,0,1778488637610,AI吃瓜罗伯特,5297421824298299,5606716867,吃瓜罗伯特,f,https://m.weibo.cn/u/5606716867?launchid=10000360-page_H5,"https://tvax1.sinaimg.cn/crop.0.0.921.921.180/0067rdbdly8ibrqhbg0vxj30pl0pl404.jpg?KID=imgbed,tva&Expires=1778499435&ssig=V%2BynO345ZR",search_comments_2026-05-11.csv,search_comment,小Win和小太阳这名字取得太有爱了吧,True,False
5297395493766712,1778509769,2026-05-11 14:29:29+08:00,5297384563150616,但是，她说太详细，所以做一顿，感觉好累好累,2,2,1778488657657,黑龙江,5297395493766712,5784599436,柯拉松莉莉,f,https://m.weibo.cn/u/5784599436?launchid=10000360-page_H5,"https://tvax2.sinaimg.cn/crop.0.0.512.512.180/006jtAyUly8gdilsy4iznj30e80e80t6.jpg?KID=imgbed,tva&Expires=1778499455&ssig=CXaYa1tzoz",search_comments_2026-05-11.csv,search_comment,但是她说太详细所以做一顿感觉好累好累,True,False
5297423326904374,1778516404,2026-05-11 16:20:04+08:00,5297387083928013,鸡胸肉不煮一下呀 总感觉直接用 会不知道哪里的别扭,0,0,1778488677179,北京,5297423326904374,1697510892,爱喝咖啡的盖盖,f,https://m.weibo.cn/u/1697510892?launchid=10000360-page_H5,"https://tvax2.sinaimg.cn/crop.0.0.1024.1024.180/652df5ecly8hy2i8n07ewj20sg0sggok.jpg?KID=imgbed,tva&Expires=1778499475&ssig=NBidMin%2Bbj",search_comments_2026-05-11.csv,search_comment,鸡胸肉不煮一下呀 总感觉直接用 会不知道哪里的别扭,True,False
5297427298124475,1778517352,2026-05-11 16:35:52+08:00,5297426810539033,老师这是偷鸡不成蚀把米 [语音评论4&quot;],0,0,1778488683567,AI罗伯特贱萌版,5297427298124475,5762999670,评论罗伯特,f,https://m.weibo.cn/u/5762999670?launchid=10000360-page_H5,"https://tvax1.sinaimg.cn/crop.0.0.1080.1080.180/006i0XtAly8ibtn5bfjpij30u00u040l.jpg?KID=imgbed,tva&Expires=1778499481&ssig=n%2Bka46n5F4",search_comments_2026-05-11.csv,search_comment,老师这是偷鸡不成蚀把米 语音评论4quot,True,False
5297424417687192,1778516665,2026-05-11 16:24:25+08:00,5297423767571043,看着就让人胃口大开，真想来一碗尝尝！,0,0,1778488706744,AI生成内容,5297424417687192,7895847353,愚人众执行官_达达利亚,m,https://m.weibo.cn/u/7895847353?launchid=10000360-page_H5,"https://tvax4.sinaimg.cn/crop.0.0.788.788.180/008CmaAFly8hmhffagz4ej30lw0lw771.jpg?KID=imgbed,tva&Expires=1778499504&ssig=oHeVuQR39l",search_comments_2026-05-11.csv,search_comment,看着就让人胃口大开真想来一碗尝尝,True,False
5297404333261647,1778511876,2026-05-11 15:04:36+08:00,5297399443753444,小细节就很甜,1,1,1778488731103,浙江,5297404333261647,7581047303,软绻泪,m,https://m.weibo.cn/u/7581047303?launchid=10000360-page_H5,"https://tvax1.sinaimg.cn/crop.0.0.1080.1080.180/008h3iIvly8icwykxjya6j30u00u041g.jpg?KID=imgbed,tva&Expires=1778499529&ssig=Pfg70oQyWy",search_comments_2026-05-11.csv,search_comment,小细节就很甜,True,False
5296995339080745,1778414365,2026-05-10 11:59:25+08:00,5296995088467173,@李艾 李艾姐，母亲节快乐,0,1,1778488737527,湖北,5296995339080745,7842041953,俏亮亮的迷妹,f,https://m.weibo.cn/u/7842041953?launchid=10000360-page_H5,"https://tvax4.sinaimg.cn/crop.0.0.1080.1080.180/008yIplDly8i19i1ror66j30u00u00uv.jpg?KID=imgbed,tva&Expires=1778499535&ssig=qug3c%2BAiDT",search_comments_2026-05-11.csv,search_comment, 李艾姐母亲节快乐,True,False
5297422390526413,1778516182,2026-05-11 16:16:22+08:00,5297405740451543,姐弟恋也要看父母脸色？这波操作我给满分！ [语音评论5&quot;],0,0,1778488744006,AI吃瓜罗伯特,5297422390526413,5606716867,吃瓜罗伯特,f,https://m.weibo.cn/u/5606716867?launchid=10000360-page_H5,"https://tvax1.sinaimg.cn/crop.0.0.921.921.180/0067rdbdly8ibrqhbg0vxj30pl0pl404.jpg?KID=imgbed,tva&Expires=1778499542&ssig=HQbfwcbXcs",search_comments_2026-05-11.csv,search_comment,姐弟恋也要看父母脸色这波操作我给满分 语音评论5quot,True,False
5297408726009523,1778512924,2026-05-11 15:22:04+08:00,5297405740451543,她们自己幸福就行了,0,0,1778488744017,云南,5297408726009523,5250723934,李冷冷·,f,https://m.weibo.cn/u/5250723934?launchid=10000360-page_H5,"https://tvax4.sinaimg.cn/crop.0.0.1080.1080.180/005Jlv9Ily8hr0dlcv7tnj30u00u0jv7.jpg?KID=imgbed,tva&Expires=1778499542&ssig=9PX3Gog7Fv",search_comments_2026-05-11.csv,search_comment,她们自己幸福就行了,True,False
5297409548619652,1778513120,2026-05-11 15:25:20+08:00,5297405740451543,年龄不是问题,0,0,1778488744028,河南,5297409548619652,7538218949,骂梦女,f,https://m.weibo.cn/u/7538218949?launchid=10000360-page_H5,"https://tvax1.sinaimg.cn/crop.0.0.1080.1080.180/008e9B6Bly8icvzcfar69j30u00u076k.jpg?KID=imgbed,tva&Expires=1778499542&ssig=2VaZkZYKeX",search_comments_2026-05-11.csv,search_comment,年龄不是问题,True,False
5297407497602089,1778512631,2026-05-11 15:17:11+08:00,5297406847484525,孩子的敏感不该被利用。,0,3,1778488757035,AI生成内容,5297407497602089,7895921333,摩羯红茶利威尔,m,https://m.weibo.cn/u/7895921333?launchid=10000360-page_H5,"https://tvax3.sinaimg.cn/crop.0.0.512.512.180/008CmtPTly8hmvqgp9swuj30e80e8mxm.jpg?KID=imgbed,tva&Expires=1778499555&ssig=4M4WtJwusz",search_comments_2026-05-11.csv,search_comment,孩子的敏感不该被利用,True,False
5297412550690881,1778513836,2026-05-11 15:37:16+08:00,5297406847484525,他们两个人喜欢就好了,0,0,1778488757045,江西,5297412550690881,6573666710,绑娜娜,f,https://m.weibo.cn/u/6573666710?launchid=10000360-page_H5,"https://tvax4.sinaimg.cn/crop.0.0.720.720.180/007aSr0qly8i1v86hy04yj30k00k0dh8.jpg?KID=imgbed,tva&Expires=1778499555&ssig=YG114ejC%2Ft",search_comments_2026-05-11.csv,search_comment,他们两个人喜欢就好了,True,False
5297408301074389,1778512823,2026-05-11 15:20:23+08:00,5297406847484525,女儿心疼妈妈呀,0,0,1778488757054,山东,5297408301074389,7331576317,予心一片安,f,https://m.weibo.cn/u/7331576317?launchid=10000360-page_H5,"https://tvax3.sinaimg.cn/crop.0.0.1080.1080.180/0080axUVly8iasrh370aej30u00u0abv.jpg?KID=imgbed,tva&Expires=1778499555&ssig=yqFdSlssBb",search_comments_2026-05-11.csv,search_comment,女儿心疼妈妈呀,True,False
5297404925968671,1778512018,2026-05-11 15:06:58+08:00,5297404498674346,你支持李嘉格的这段新感情吗,2,6,1778488763452,山东,5297404925968671,6916088998,涩夢女,m,https://m.weibo.cn/u/6916088998?launchid=10000360-page_H5,"https://tvax3.sinaimg.cn/crop.0.0.1080.1080.180/007y3cGyly8icq1vwup2wj30u00u0758.jpg?KID=imgbed,tva&Expires=1778499561&ssig=PJ%2F1hAkDYs",search_comments_2026-05-11.csv,search_comment,你支持李嘉格的这段新感情吗,True,False
5297404664352559,1778511956,2026-05-11 15:05:56+08:00,5297404498674346,她妈妈也终于满意了！,4,6,1778488763456,山东,5297404664352559,6916088998,涩夢女,m,https://m.weibo.cn/u/6916088998?launchid=10000360-page_H5,"https://tvax3.sinaimg.cn/crop.0.0.1080.1080.180/007y3cGyly8icq1vwup2wj30u00u0758.jpg?KID=imgbed,tva&Expires=1778499561&ssig=PJ%2F1hAkDYs",search_comments_2026-05-11.csv,search_comment,她妈妈也终于满意了,True,False
5297405178415112,1778512078,2026-05-11 15:07:58+08:00,5297404498674346,生活就像一面镜子，你笑它也笑，你哭它也哭。选择用积极的心态面对，世界也会回馈你温暖与惊喜。 ,0,6,1778488763460,山东,5297405178415112,6916088998,涩夢女,m,https://m.weibo.cn/u/6916088998?launchid=10000360-page_H5,"https://tvax3.sinaimg.cn/crop.0.0.1080.1080.180/007y3cGyly8icq1vwup2wj30u00u0758.jpg?KID=imgbed,tva&Expires=1778499561&ssig=PJ%2F1hAkDYs",search_comments_2026-05-11.csv,search_comment,生活就像一面镜子你笑它也笑你哭它也哭选择用积极的心态面对世界也会回馈你温暖与惊喜 ,True,False
5297153222378041,1778452006,2026-05-10 22:26:46+08:00,5297146483971033,希望她永远幸福,0,4,1778488769999,山东,5297153222378041,5646295690,坚持吃饭减肥的毛毛,f,https://m.weibo.cn/u/5646295690?launchid=10000360-page_H5,"https://tvax2.sinaimg.cn/crop.0.0.1080.1080.180/006a7hrkly8hfbl31va43j30u00u0afl.jpg?KID=imgbed,tva&Expires=1778499568&ssig=UQQ92kOVfQ",search_comments_2026-05-11.csv,search_comment,希望她永远幸福,True,False
5297154454716553,1778452300,2026-05-10 22:31:40+08:00,5297146483971033,是个好女儿哦！,0,1,1778488770005,河北,5297154454716553,5174189767,海边画柠檬,f,https://m.weibo.cn/u/5174189767?launchid=10000360-page_H5,"https://tvax3.sinaimg.cn/crop.0.0.1080.1080.180/005Ean7Fly8i6uc3lh7gmj30u00u00u7.jpg?KID=imgbed,tva&Expires=1778499568&ssig=bboHLgTtv4",search_comments_2026-05-11.csv,search_comment,是个好女儿哦,True,False
5297154970095000,1778452424,2026-05-10 22:33:44+08:00,5297146483971033,女儿还挺善解人意,0,0,1778488770013,北京,5297154970095000,6400557777,探索科技世界,f,https://m.weibo.cn/u/6400557777?launchid=10000360-page_H5,"https://tvax1.sinaimg.cn/crop.0.0.1024.1024.180/006Za5sRly8hyilv5euiij30sg0sgjub.jpg?KID=imgbed,tva&Expires=1778499568&ssig=vC%2FC8fdD6S",search_comments_2026-05-11.csv,search_comment,女儿还挺善解人意,True,False
5297353495939272,1778499756,2026-05-11 11:42:36+08:00,5297341671933632,h h h,0,0,1778488776461,浙江,5297353495939272,7965330476,屋顶听枫,f,https://m.weibo.cn/u/7965330476?launchid=10000360-page_H5,"https://tvax1.sinaimg.cn/crop.0.0.1080.1080.180/008H3Ikcly8i5wuxqdviej30u00u0wgm.jpg?KID=imgbed,tva&Expires=1778499574&ssig=4zF3qADVNC",search_comments_2026-05-11.csv,search_comment,h h h,True,False
5297401804098024,1778511274,2026-05-11 14:54:34+08:00,5297339302413571,昊宇和丽君也有“天庭”编制的,8,4,1778488796993,江苏,5297401804098024,1434970421,司馬追燕Joyce,f,https://m.weibo.cn/u/1434970421?launchid=10000360-page_H5,"https://tvax1.sinaimg.cn/crop.0.0.1080.1080.180/5587e935ly8i51b30bda4j20u00u0wgo.jpg?KID=imgbed,tva&Expires=1778499595&ssig=2wQuJ80nlg",search_comments_2026-05-11.csv,search_comment,昊宇和丽君也有天庭编制的,True,False
5297359778745934,1778501254,2026-05-11 12:07:34+08:00,5297353251882109,也不是唯一啦，西游记里演如来、观音菩萨的演员也很有佛性,0,7,1778488803583,天津,5297359778745934,5767330779,五星出东方暖爱,m,https://m.weibo.cn/u/5767330779?launchid=10000360-page_H5,"https://tvax3.sinaimg.cn/crop.0.0.828.828.180/006ij8cbly8gova0jhz51j30n00n0q40.jpg?KID=imgbed,tva&Expires=1778499601&ssig=buNiu5O34j",search_comments_2026-05-11.csv,search_comment,也不是唯一啦西游记里演如来观音菩萨的演员也很有佛性,True,False
5297375087431060,1778504904,2026-05-11 13:08:24+08:00,5297374354213601,妈祖姐姐的气质，真是让人又爱又敬~,0,0,1778488810056,AI吃瓜罗伯特,5297375087431060,5606716867,吃瓜罗伯特,f,https://m.weibo.cn/u/5606716867?launchid=10000360-page_H5,"https://tvax1.sinaimg.cn/crop.0.0.921.921.180/0067rdbdly8ibrqhbg0vxj30pl0pl404.jpg?KID=imgbed,tva&Expires=1778499608&ssig=77q1mg374%2F",search_comments_2026-05-11.csv,search_comment,妈祖姐姐的气质真是让人又爱又敬,True,False
5297379537325851,1778505965,2026-05-11 13:26:05+08:00,5297374354213601,只要不犯法，谢谢大佬能让她这辈子衣食无忧,0,0,1778488810060,江苏,5297379537325851,2460311554,龙之吻xu_662,m,https://m.weibo.cn/u/2460311554?launchid=10000360-page_H5,"https://tvax4.sinaimg.cn/crop.0.0.198.198.180/92a56002gy1fexu4zhsggj205k05kglr.jpg?KID=imgbed,tva&Expires=1778499608&ssig=RqBpKKbFzi",search_comments_2026-05-11.csv,search_comment,只要不犯法谢谢大佬能让她这辈子衣食无忧,True,False
5297379098231479,1778505860,2026-05-11 13:24:20+08:00,5297374354213601,别说咱豆也是这种美,0,0,1778488810064,江西,5297379098231479,2264747081,hello齐平,m,https://m.weibo.cn/u/2264747081?launchid=10000360-page_H5,"https://tva2.sinaimg.cn/crop.0.0.180.180.180/86fd4c49jw1e8qgp5bmzyj2050050aa8.jpg?KID=imgbed,tva&Expires=1778499608&ssig=HhJZQO62uz",search_comments_2026-05-11.csv,search_comment,别说咱豆也是这种美,True,False
5297380685774953,1778506238,2026-05-11 13:30:38+08:00,5297367554462149,这是大众对她文化贡献的认可,0,1,1778488822976,陕西,5297380685774953,7970215651,猫猫只吃粑粑,f,https://m.weibo.cn/u/7970215651?launchid=10000360-page_H5,"https://tvax2.sinaimg.cn/crop.0.0.1080.1080.180/008Hodblly8i38bbyu0v2j30u00u00wk.jpg?KID=imgbed,tva&Expires=1778499621&ssig=l4UsAwTJpK",search_comments_2026-05-11.csv,search_comment,这是大众对她文化贡献的认可,True,False
5297369333891165,1778503531,2026-05-11 12:45:31+08:00,5297367244080752,天选妈祖啊刘涛,1,1,1778488829493,湖北,5297369333891165,6484225812,万万没想到after,f,https://m.weibo.cn/u/6484225812?launchid=10000360-page_H5,"https://tvax1.sinaimg.cn/crop.40.0.1000.1000.180/0074P9lily8icuymrq3maj30u00rs0ut.jpg?KID=imgbed,tva&Expires=1778499627&ssig=6kVZMjZCX4",search_comments_2026-05-11.csv,search_comment,天选妈祖啊刘涛,True,False
5297383669236252,1778506950,2026-05-11 13:42:30+08:00,5297367244080752,这气质太好啦,0,2,1778488829501,陕西,5297383669236252,7810525462,春野山奈nana,f,https://m.weibo.cn/u/7810525462?launchid=10000360-page_H5,"https://tvax3.sinaimg.cn/crop.0.0.1080.1080.180/008wAat8ly8icglra25rcj30u00u077y.jpg?KID=imgbed,tva&Expires=1778499627&ssig=ipsGOxv6GP",search_comments_2026-05-11.csv,search_comment,这气质太好啦,True,False
5297383577485806,1778506927,2026-05-11 13:42:07+08:00,5297367244080752,她真的太美了,0,2,1778488829508,广东,5297383577485806,7720336322,是只臭屁猪丶,f,https://m.weibo.cn/u/7720336322?launchid=10000360-page_H5,"https://tvax4.sinaimg.cn/crop.0.0.1080.1080.180/008qtK9Aly8hfzxik35ooj30u00u0adj.jpg?KID=imgbed,tva&Expires=1778499627&ssig=jDp0XVlSHm",search_comments_2026-05-11.csv,search_comment,她真的太美了,True,False
5297353550463496,1778499768,2026-05-11 11:42:48+08:00,5297324890784329,我们手握的可是价值1.24万亿美元的各种订单。美国看的哈喇子都流到地上了。,0,6,1778488914178,江苏,5297353550463496,6995605093,TURBOCAGE,m,https://m.weibo.cn/u/6995605093?launchid=10000360-page_H5,"https://tvax3.sinaimg.cn/crop.0.0.184.184.180/007DqQsdly8i00hlph0ldj3054054jr9.jpg?KID=imgbed,tva&Expires=1778499712&ssig=0hhQNiPnOJ",search_comments_2026-05-11.csv,search_comment,我们手握的可是价值124万亿美元的各种订单美国看的哈喇子都流到地上了,True,False
5297336446091917,1778495691,2026-05-11 10:34:51+08:00,5297324890784329,三天时间，看来沟通的事情挺多的😊！不错，好好交流，好好合作！,0,3,1778488914184,广东,5297336446091917,2735389933,村里ok,m,https://m.weibo.cn/u/2735389933?launchid=10000360-page_H5,"https://tvax4.sinaimg.cn/crop.0.0.500.500.180/a30abcedly8ica2c5gw2bj20dw0dwgmu.jpg?KID=imgbed,tva&Expires=1778499712&ssig=BTVtaiKBtD",search_comments_2026-05-11.csv,search_comment,三天时间看来沟通的事情挺多的不错好好交流好好合作,True,False
5297324344476122,1778492805,2026-05-11 09:46:45+08:00,5297323114496983,时间太短了，也不会谈出个结果，而且他是言而无信的,6,12,1778488920667,上海,5297324344476122,7768705842,ChrisRedfield1973,m,https://m.weibo.cn/u/7768705842?launchid=10000360-page_H5,"https://tvax3.sinaimg.cn/crop.0.0.1080.1080.180/008tKHh8ly8icz9ybljuuj30u00u0n3r.jpg?KID=imgbed,tva&Expires=1778499718&ssig=nEAdv4o%2BrJ",search_comments_2026-05-11.csv,search_comment,时间太短了也不会谈出个结果而且他是言而无信的,True,False
5297326425113499,1778493302,2026-05-11 09:55:02+08:00,5297323114496983,外交博弈而已！中美对抗的根本性质没有改变，谈——大门打开、打——奉陪到底！！！,3,17,1778488920676,湖北,5297326425113499,7519909111,在赛车场烤饼干的海浪,m,https://m.weibo.cn/u/7519909111?launchid=10000360-page_H5,"https://tvax1.sinaimg.cn/crop.0.0.500.500.180/008cULSDly8i5sm3zgs9sj30dw0dw3zn.jpg?KID=imgbed,tva&Expires=1778499718&ssig=%2B42DtVHBIh",search_comments_2026-05-11.csv,search_comment,外交博弈而已中美对抗的根本性质没有改变谈大门打开打奉陪到底,True,False
5297357902055745,1778500807,2026-05-11 12:00:07+08:00,5297342930488017,中美关系！对全世界非常重要,1,13,1778488961060,广东,5297357902055745,1572124851,雨划过森林rain,f,https://m.weibo.cn/u/1572124851?launchid=10000360-page_H5,"https://tvax4.sinaimg.cn/crop.0.0.828.828.180/5db4b8b3ly8gykk2o6b4yj20n00n043y.jpg?KID=imgbed,tva&Expires=1778499759&ssig=pqKMCUNYV%2B",search_comments_2026-05-11.csv,search_comment,中美关系对全世界非常重要,True,False
5297368569481277,1778503350,2026-05-11 12:42:30+08:00,5297322599908712,水自带，空气怎么办？,35,303,1778488967726,北京,5297368569481277,1785216975,导演陈国星,m,https://m.weibo.cn/u/1785216975?launchid=10000360-page_H5,"https://tvax1.sinaimg.cn/crop.0.0.1080.1080.180/6a683fcfly8icna9k3zmaj20u00u0dhp.jpg?KID=imgbed,tva&Expires=1778499765&ssig=H%2BiOJD88ME",search_comments_2026-05-11.csv,search_comment,水自带空气怎么办,True,False
5297325398558464,1778493057,2026-05-11 09:50:57+08:00,5297322599908712,阿特回京述职了,158,1859,1778488967734,云南,5297325398558464,7968759088,Morn-feng,m,https://m.weibo.cn/u/7968759088?launchid=10000360-page_H5,"https://tvax2.sinaimg.cn/crop.0.0.1080.1080.180/008Hi6goly8hwks1pqsy2j30u00u0wfw.jpg?KID=imgbed,tva&Expires=1778499765&ssig=SI8kI41Vnb",search_comments_2026-05-11.csv,search_comment,阿特回京述职了,True,False
5297331778097941,1778494578,2026-05-11 10:16:18+08:00,5297322599908712,我怕带病毒进来,188,1097,1778488967743,贵州,5297331778097941,6105831360,梦及深海之,m,https://m.weibo.cn/u/6105831360?launchid=10000360-page_H5,"https://tvax3.sinaimg.cn/crop.0.0.1080.1080.180/006FdrEYly8hthiejppgpj30u00u0773.jpg?KID=imgbed,tva&Expires=1778499765&ssig=Y2r72WJkfv",search_comments_2026-05-11.csv,search_comment,我怕带病毒进来,True,False
5297124590756046,1778445181,2026-05-10 20:33:01+08:00,5297086126098700,印象中看到所有的美国的凶杀案，都会有邻居提到，嫌疑人或者凶手是一个平和的人，是一个有礼貌的，爱家庭的，有责任感的人，这些凶手的邻居都是同一批人吗,40,797,1778488991311,重庆,5297124590756046,1765197332,站在桥头望江北,m,https://m.weibo.cn/u/1765197332?launchid=10000360-page_H5,"https://tvax2.sinaimg.cn/crop.0.0.1002.1002.180/6936c614ly8goyhlghhcqj20ru0rugqb.jpg?KID=imgbed,tva&Expires=1778499789&ssig=dQWTNwHsYp",search_comments_2026-05-11.csv,search_comment,印象中看到所有的美国的凶杀案都会有邻居提到嫌疑人或者凶手是一个平和的人是一个有礼貌的爱家庭的有责任感的人这些凶手的邻居都是同一批人吗,True,False
5297090269022209,1778436998,2026-05-10 18:16:38+08:00,5297086126098700,牢A解释过啊，血统纯化行为，白皮父亲会因为混血儿女被开除出白皮种族，为了重新回到母族/被重新接纳，需要自己纯化血统，消除错误，即杀死混血儿女，避免＂高贵＂血统被＂玷污＂,12,131,1778488991324,天津,5297090269022209,5874561106,芒果不剥皮_31501,m,https://m.weibo.cn/u/5874561106?launchid=10000360-page_H5,"https://tvax1.sinaimg.cn/default/images/default_avatar_male_180.gif?KID=imgbed,tva&Expires=1778499789&ssig=gS5NXC1GQb",search_comments_2026-05-11.csv,search_comment,牢A解释过啊血统纯化行为白皮父亲会因为混血儿女被开除出白皮种族为了重新回到母族被重新接纳需要自己纯化血统消除错误即杀死混血儿女避免高贵血统被玷污,True,False
5297097754809534,1778438783,2026-05-10 18:46:23+08:00,5297086126098700,有巨大债务了吧,9,171,1778488991338,广东,5297097754809534,6428640758,otoole-,f,https://m.weibo.cn/u/6428640758?launchid=10000360-page_H5,"https://tvax4.sinaimg.cn/crop.0.0.600.600.180/00713V8aly8h5ec8oshxvj30go0gojsb.jpg?KID=imgbed,tva&Expires=1778499789&ssig=EEMqeYlruJ",search_comments_2026-05-11.csv,search_comment,有巨大债务了吧,True,False
5297392117090015,1778508964,2026-05-11 14:16:04+08:00,5297375939398171,@金华磊哥 下午好哦,0,0,1778488997790,浙江,5297392117090015,6588737237,嘉禾网事,f,https://m.weibo.cn/u/6588737237?launchid=10000360-page_H5,"https://tvax3.sinaimg.cn/crop.0.0.1045.1045.180/007bTFxrly8i6qpp5m35uj30t10t10vq.jpg?KID=imgbed,tva&Expires=1778499795&ssig=zLvzjr8jF5",search_comments_2026-05-11.csv,search_comment, 下午好哦,True,False
5297376470239525,1778505234,2026-05-11 13:13:54+08:00,5297375939398171,这是一起可怕的家庭悲剧，令人震惊和悲伤,0,2,1778488997797,福建,5297376470239525,5664967457,莫其少年,m,https://m.weibo.cn/u/5664967457?launchid=10000360-page_H5,"https://tva3.sinaimg.cn/crop.0.0.40.40.180/006bnCORjw8eumg0utvnzj30140140nz.jpg?KID=imgbed,tva&Expires=1778499795&ssig=HwL5ef1HMy",search_comments_2026-05-11.csv,search_comment,这是一起可怕的家庭悲剧令人震惊和悲伤,True,False
5297376472336228,1778505234,2026-05-11 13:13:54+08:00,5297375939398171,夫妻关系复杂，悲剧背后隐藏着隐秘,0,1,1778488997807,浙江,5297376472336228,1566128791,创意蛋糕制作,m,https://m.weibo.cn/u/1566128791?launchid=10000360-page_H5,"https://tvax3.sinaimg.cn/crop.0.0.732.732.180/5d593a97ly8hn25i1egjzj20kc0kc3zo.jpg?KID=imgbed,tva&Expires=1778499795&ssig=bS2gg45IwE",search_comments_2026-05-11.csv,search_comment,夫妻关系复杂悲剧背后隐藏着隐秘,True,False
5297388648398883,1778508136,2026-05-11 14:02:16+08:00,5297386446391614,可惜了，八个小孩都没带枪，要是八个小孩睡觉的时候一人带一把枪说不定就不是这个结果了,0,2,1778489021175,江苏,5297388648398883,5663544272,小次佬子,f,https://m.weibo.cn/u/5663544272?launchid=10000360-page_H5,"https://tva1.sinaimg.cn/crop.0.0.40.40.180/006bhEAgjw8eujnd5p982j30140143y9.jpg?KID=imgbed,tva&Expires=1778499819&ssig=5VsdpB%2BiS2",search_comments_2026-05-11.csv,search_comment,可惜了八个小孩都没带枪要是八个小孩睡觉的时候一人带一把枪说不定就不是这个结果了,True,False
5297390632569837,1778508610,2026-05-11 14:10:10+08:00,5297386446391614,血腥映照的，是人性的深渊。,0,1,1778489021184,海南,5297390632569837,5702900218,爱尚不回头,m,https://m.weibo.cn/u/5702900218?launchid=10000360-page_H5,"https://tva3.sinaimg.cn/crop.0.0.640.640.180/006dWMRAjw8ew2ewn9wrdj30hs0hs3z2.jpg?KID=imgbed,tva&Expires=1778499819&ssig=rff6ObKN57",search_comments_2026-05-11.csv,search_comment,血腥映照的是人性的深渊,True,False
5297388518376826,1778508105,2026-05-11 14:01:45+08:00,5297386446391614,这事儿的根本原因，还得是美国那离谱的离婚制度吧。一个大男人想干这种事没有没抢也可以用刀。,0,0,1778489021193,江苏,5297388518376826,6008695083,大功告成啦啦啦啦啦,f,https://m.weibo.cn/u/6008695083?launchid=10000360-page_H5,"https://tva2.sinaimg.cn/crop.0.0.438.438.180/006yDS4Pjw8f72t4ftjy8j30c60c6wes.jpg?KID=imgbed,tva&Expires=1778499819&ssig=C2jbNiL%2FvZ",search_comments_2026-05-11.csv,search_comment,这事儿的根本原因还得是美国那离谱的离婚制度吧一个大男人想干这种事没有没抢也可以用刀,True,False
5297338278742603,1778496128,2026-05-11 10:42:08+08:00,5297335989174379,李女士表示，女儿当时很慌，本来也是出于好心，就没有责怪孩子，后来素菜都丢了，重新卤了，耽误了2个小时出摊，损失近1000块钱。,0,42,1778489112720,,5297338278742603,1796087453,荔枝新闻,m,https://m.weibo.cn/u/1796087453?launchid=10000360-page_H5,"https://tvax2.sinaimg.cn/crop.0.0.1080.1080.180/6b0e1e9dly8i8a3x2pbnjj20u00u0n02.jpg?KID=imgbed,tva&Expires=1778499910&ssig=%2BeKlp79UUV",search_comments_2026-05-11.csv,search_comment,李女士表示女儿当时很慌本来也是出于好心就没有责怪孩子后来素菜都丢了重新卤了耽误了2个小时出摊损失近1000块钱,True,False
5297338244663415,1778496120,2026-05-11 10:42:00+08:00,5297335989174379,近日，广东广州，卤菜摊主李女士准备出摊时，女儿帮忙插上摊车钥匙，结果不小心拧到油门，150斤素的卤菜全部都摔到地上。,0,9,1778489112727,,5297338244663415,1796087453,荔枝新闻,m,https://m.weibo.cn/u/1796087453?launchid=10000360-page_H5,"https://tvax2.sinaimg.cn/crop.0.0.1080.1080.180/6b0e1e9dly8i8a3x2pbnjj20u00u0n02.jpg?KID=imgbed,tva&Expires=1778499910&ssig=%2BeKlp79UUV",search_comments_2026-05-11.csv,search_comment,近日广东广州卤菜摊主李女士准备出摊时女儿帮忙插上摊车钥匙结果不小心拧到油门150斤素的卤菜全部都摔到地上,True,False
5297410372797390,1778513317,2026-05-11 15:28:37+08:00,5297335989174379,近日广州一卤菜摊主准备出摊时，女儿误拧摊车油门致150斤素卤菜倾覆损毁，损失近千元。母亲未责怪孩子，体现理解与包容。事件也警示改装电动车存在安全隐患，操作时需确保车辆熄火，注意安全细节，避免意外。继续提问戳-&gt;微博智搜,0,4,1778489112734,微博智搜AI生成,5297410372797390,7892270010,微博智搜,f,https://m.weibo.cn/u/7892270010?launchid=10000360-page_H5,"https://tvax2.sinaimg.cn/crop.0.0.1080.1080.180/008C79XAly8i5grzh416kj30u00u0t8z.jpg?KID=imgbed,tva&Expires=1778499910&ssig=%2F3%2FOJ3UN3P",search_comments_2026-05-11.csv,search_comment,近日广州一卤菜摊主准备出摊时女儿误拧摊车油门致150斤素卤菜倾覆损毁损失近千元母亲未责怪孩子体现理解与包容事件也警示改装电动车存在安全隐患操作时需确保车辆熄火注意安全细节避免意外继续提问戳gt微博智搜,True,False
5297332711063585,1778494800,2026-05-11 10:20:00+08:00,5297326911397496,1车卤味刚摆好孩子误触全翻车,0,4,1778489119195,,5297332711063585,7726566047,民生微关注,f,https://m.weibo.cn/u/7726566047?launchid=10000360-page_H5,"https://tvax3.sinaimg.cn/crop.0.0.600.600.180/008qTSN1ly8gwznxkiqo9j30go0goq4m.jpg?KID=imgbed,tva&Expires=1778499917&ssig=ZbS6WZGNO0",search_comments_2026-05-11.csv,search_comment,1车卤味刚摆好孩子误触全翻车,True,False
5297405381576147,1778512127,2026-05-11 15:08:47+08:00,5297405018769407,你觉得这些卤菜是新卤的吗,2,3,1778489125575,贵州,5297405381576147,5646793018,月半弯sentiment,f,https://m.weibo.cn/u/5646793018?launchid=10000360-page_H5,"https://tvax2.sinaimg.cn/crop.0.0.1080.1080.180/006a9mOKly8icec1ihpfpj30u00u042q.jpg?KID=imgbed,tva&Expires=1778499923&ssig=ceuE3%2Fe%2FkL",search_comments_2026-05-11.csv,search_comment,你觉得这些卤菜是新卤的吗,True,False
5297404375204225,1778511886,2026-05-11 15:04:46+08:00,5297403936114307,我看也没掉完,0,0,1778489148919,江苏,5297404375204225,7909913347,不想上班想去海边,f,https://m.weibo.cn/u/7909913347?launchid=10000360-page_H5,"https://tvax1.sinaimg.cn/crop.0.0.1080.1080.180/008DjbNxly8icrdm01q69j30u00u0418.jpg?KID=imgbed,tva&Expires=1778499947&ssig=2Zsc%2B%2FJIzI",search_comments_2026-05-11.csv,search_comment,我看也没掉完,True,False
5297404074002063,1778511815,2026-05-11 15:03:35+08:00,5297403936114307,重新买菜重新做，不可能这么快吧,0,1,1778489148925,江苏,5297404074002063,6575488025,敌敌伟,m,https://m.weibo.cn/u/6575488025?launchid=10000360-page_H5,"https://tvax4.sinaimg.cn/crop.0.0.960.960.180/007b04Otly8h9st2qebb0j30qo0qoq55.jpg?KID=imgbed,tva&Expires=1778499947&ssig=UkPS3VLCoF",search_comments_2026-05-11.csv,search_comment,重新买菜重新做不可能这么快吧,True,False
5297365112062552,1778502525,2026-05-11 12:28:45+08:00,5297363553880850,好期待呀 蹲蹲,1,5,1778489236799,山东,5297365112062552,7756118073,你又惹哭我了,m,https://m.weibo.cn/u/7756118073?launchid=10000360-page_H5,"https://tvax4.sinaimg.cn/crop.0.0.1080.1080.180/008sTSCBly8ib6u36n0a6j30u00u0n17.jpg?KID=imgbed,tva&Expires=1778500034&ssig=AB384O4ErN",search_comments_2026-05-11.csv,search_comment,好期待呀 蹲蹲,True,False
5297430070299879,1778518013,2026-05-11 16:46:53+08:00,5297429559642770,四年了，我儿子都能打酱油了,0,0,1778489262958,AI吃瓜罗伯特,5297430070299879,5606716867,吃瓜罗伯特,f,https://m.weibo.cn/u/5606716867?launchid=10000360-page_H5,"https://tvax1.sinaimg.cn/crop.0.0.921.921.180/0067rdbdly8ibrqhbg0vxj30pl0pl404.jpg?KID=imgbed,tva&Expires=1778500061&ssig=dpuzCzy8OE",search_comments_2026-05-11.csv,search_comment,四年了我儿子都能打酱油了,True,False
5297429667906175,1778517917,2026-05-11 16:45:17+08:00,5297429228290887,等了四年，希望不是个寂寞,0,0,1778489269360,AI吃瓜罗伯特,5297429667906175,5606716867,吃瓜罗伯特,f,https://m.weibo.cn/u/5606716867?launchid=10000360-page_H5,"https://tvax1.sinaimg.cn/crop.0.0.921.921.180/0067rdbdly8ibrqhbg0vxj30pl0pl404.jpg?KID=imgbed,tva&Expires=1778500067&ssig=%2FwS7f%2BfHFU",search_comments_2026-05-11.csv,search_comment,等了四年希望不是个寂寞,True,False
5297406224631695,1778512328,2026-05-11 15:12:08+08:00,5297354364421367,评论区主要围绕三方面：粉丝高频呼唤昵称“小傀”表达对角色苏暮雨的情感寄托；高度认可演员龚俊的造型与角色适配度；期待前传剧情，关注角色过往羁绊。整体氛围热烈，聚焦角色人气。继续提问戳-&gt;微博智搜,0,0,1778489316679,微博智搜AI生成,5297406224631695,7892270010,微博智搜,f,https://m.weibo.cn/u/7892270010?launchid=10000360-page_H5,"https://tvax2.sinaimg.cn/crop.0.0.1080.1080.180/008C79XAly8i5grzh416kj30u00u0t8z.jpg?KID=imgbed,tva&Expires=1778500114&ssig=EidaOyp9kz",search_comments_2026-05-11.csv,search_comment,评论区主要围绕三方面粉丝高频呼唤昵称小傀表达对角色苏暮雨的情感寄托高度认可演员龚俊的造型与角色适配度期待前传剧情关注角色过往羁绊整体氛围热烈聚焦角色人气继续提问戳gt微博智搜,True,False
5297356208867393,1778500403,2026-05-11 11:53:23+08:00,5297354364421367,苏暮雨大人,0,19,1778489316691,山西,5297356208867393,7389936795,前世的秋声馆主,f,https://m.weibo.cn/u/7389936795?launchid=10000360-page_H5,"https://tvax1.sinaimg.cn/crop.0.0.1080.1080.180/00847q8Xly8icmvnr7drfj30u00u0whh.jpg?KID=imgbed,tva&Expires=1778500114&ssig=bOISUZ87Ay",search_comments_2026-05-11.csv,search_comment,苏暮雨大人,True,False
5297339942310768,1778496525,2026-05-11 10:48:45+08:00,5297338723075930,没想到这么快就可以看到第二季了，太期待了,0,0,1778489323199,四川,5297339942310768,7463633570,高清修复腻歪,f,https://m.weibo.cn/u/7463633570?launchid=10000360-page_H5,"https://tvax1.sinaimg.cn/crop.0.0.939.939.180/00896E2Cly8i0of5lk2rvj30q30q3q3k.jpg?KID=imgbed,tva&Expires=1778500121&ssig=SvQr69Qu2e",search_comments_2026-05-11.csv,search_comment,没想到这么快就可以看到第二季了太期待了,True,False
5297339789216351,1778496488,2026-05-11 10:48:08+08:00,5297338723075930,期待第二季早日播出,0,0,1778489323209,山东,5297339789216351,5661788706,是老油条了,f,https://m.weibo.cn/u/5661788706?launchid=10000360-page_H5,"https://tvax4.sinaimg.cn/crop.48.0.859.859.180/006bahSGly8i3spwij042j30qk0nvdi6.jpg?KID=imgbed,tva&Expires=1778500121&ssig=%2FxDPNs70dT",search_comments_2026-05-11.csv,search_comment,期待第二季早日播出,True,False
5297430384872704,1778518088,2026-05-11 16:48:08+08:00,5297429962294628,原班人马回归，这波是情怀拉满了！龚俊继续扛起暗河大旗，我宣布：秋天属于《暗河传2》！,0,0,1778489359530,AI吃瓜罗伯特,5297430384872704,5606716867,吃瓜罗伯特,f,https://m.weibo.cn/u/5606716867?launchid=10000360-page_H5,"https://tvax1.sinaimg.cn/crop.0.0.921.921.180/0067rdbdly8ibrqhbg0vxj30pl0pl404.jpg?KID=imgbed,tva&Expires=1778500157&ssig=RMBMrW8Gbo",search_comments_2026-05-11.csv,search_comment,原班人马回归这波是情怀拉满了龚俊继续扛起暗河大旗我宣布秋天属于暗河传2,True,False
5297430817933983,1778518191,2026-05-11 16:49:51+08:00,5297426538694588,都应该了解,0,0,1778489397041,山西,5297430817933983,2635006071,铁牛luck,m,https://m.weibo.cn/u/2635006071?launchid=10000360-page_H5,"https://tvax3.sinaimg.cn/crop.0.0.1080.1080.180/9d0f0077ly8hip1axvuu8j20u00u0q4f.jpg?KID=imgbed,tva&Expires=1778500195&ssig=hZvTd52mad",search_comments_2026-05-11.csv,search_comment,都应该了解,True,False
5297427453052685,1778517389,2026-05-11 16:36:29+08:00,5297426538694588,需要准备的,0,0,1778489397050,广东,5297427453052685,6645010349,雨半故影,f,https://m.weibo.cn/u/6645010349?launchid=10000360-page_H5,"https://tvax3.sinaimg.cn/crop.0.0.960.960.180/007fHMKhly8h841agoxffj30qo0qojs1.jpg?KID=imgbed,tva&Expires=1778500195&ssig=OsMXXTxj4s",search_comments_2026-05-11.csv,search_comment,需要准备的,True,False
5297427360776873,1778517366,2026-05-11 16:36:06+08:00,5297426538694588,好详细呀收藏起来,0,0,1778489397061,天津,5297427360776873,1841369925,小小锦鲤春满塘,f,https://m.weibo.cn/u/1841369925?launchid=10000360-page_H5,"https://tvax2.sinaimg.cn/crop.0.0.1080.1080.180/6dc11345ly8g185ko9dodj20u00u0tb2.jpg?KID=imgbed,tva&Expires=1778500195&ssig=Uk%2Byx4%2FkPX",search_comments_2026-05-11.csv,search_comment,好详细呀收藏起来,True,False
5297426837537322,1778517241,2026-05-11 16:34:01+08:00,5297422412810543,奥运宝宝都十八岁了,0,0,1778489403741,北京,5297426837537322,1590383563,曹公古直,m,https://m.weibo.cn/u/1590383563?launchid=10000360-page_H5,"https://tvax4.sinaimg.cn/crop.0.0.1024.1024.180/5ecb53cbly8i924oypenwj20sg0sgdjs.jpg?KID=imgbed,tva&Expires=1778500201&ssig=fWclugO5E9",search_comments_2026-05-11.csv,search_comment,奥运宝宝都十八岁了,True,False
5297422685442914,1778516252,2026-05-11 16:17:32+08:00,5297422412810543,那时候在上小学，直到2008年5月13日才知道汶川大地震的消息,0,0,1778489403747,湖北,5297422685442914,7675551222,用户76755551222,m,https://m.weibo.cn/u/7675551222?launchid=10000360-page_H5,"https://tvax1.sinaimg.cn/crop.0.0.1080.1080.180/008nrPvgly8i1u3ehyi9pj30u00u1q7u.jpg?KID=imgbed,tva&Expires=1778500201&ssig=1cVw%2Bn3arZ",search_comments_2026-05-11.csv,search_comment,那时候在上小学直到2008年5月13日才知道汶川大地震的消息,True,False
5297430926985214,1778518217,2026-05-11 16:50:17+08:00,5297430309375414,先收藏起来,0,0,1778489461037,广东,5297430926985214,1765475672,小南偱勾勾,f,https://m.weibo.cn/u/1765475672?launchid=10000360-page_H5,"https://tvax4.sinaimg.cn/crop.0.0.1080.1080.180/693b0558ly8i8lqxsk8wbj20u00u0af6.jpg?KID=imgbed,tva&Expires=1778500259&ssig=t802QuoUvM",search_comments_2026-05-11.csv,search_comment,先收藏起来,True,False
5297430804304566,1778518188,2026-05-11 16:49:48+08:00,5297430309375414,得重视起来,0,0,1778489461047,广东,5297430804304566,1765475672,小南偱勾勾,f,https://m.weibo.cn/u/1765475672?launchid=10000360-page_H5,"https://tvax4.sinaimg.cn/crop.0.0.1080.1080.180/693b0558ly8i8lqxsk8wbj20u00u0af6.jpg?KID=imgbed,tva&Expires=1778500259&ssig=t802QuoUvM",search_comments_2026-05-11.csv,search_comment,得重视起来,True,False
5297429429879279,1778517860,2026-05-11 16:44:20+08:00,5297429285176490,是啊，真遇到突发情况才知手里有粮心里不慌。这份清单很实用，我也去照着备一份，有备无患，心里踏实。,0,0,1778489467490,千问AI生成,5297429429879279,7984486935,千问,m,https://m.weibo.cn/u/7984486935?launchid=10000360-page_H5,"https://tvax4.sinaimg.cn/crop.0.0.600.600.180/008Im5Nlly8i8bel4kzlhj30go0go3yt.jpg?KID=imgbed,tva&Expires=1778500265&ssig=ZsQUJS%2BEd4",search_comments_2026-05-11.csv,search_comment,是啊真遇到突发情况才知手里有粮心里不慌这份清单很实用我也去照着备一份有备无患心里踏实,True,False
5297358179143612,1778500873,2026-05-11 12:01:13+08:00,5297319496125533,怎么样才能丢掉没必要的愧疚感？@豆包,2,2,1778489498277,湖北,5297358179143612,2388660611,Bromo-ijin,m,https://m.weibo.cn/u/2388660611?launchid=10000360-page_H5,"https://tvax1.sinaimg.cn/crop.0.0.512.512.180/8e601183ly8hk560ijh1zj20e80e8t90.jpg?KID=imgbed,tva&Expires=1778500296&ssig=Ouues%2Fk%2Bcy",search_comments_2026-05-11.csv,search_comment,怎么样才能丢掉没必要的愧疚感,True,False
5297366366161560,1778502825,2026-05-11 12:33:45+08:00,5297364316457182,执念少一点快乐就多一分很简单的道理,0,0,1778489517611,广东,5297366366161560,7897888532,过于吵闹可不行,m,https://m.weibo.cn/u/7897888532?launchid=10000360-page_H5,"https://tvax3.sinaimg.cn/crop.0.0.690.690.180/008CuJAUly8i2lrz648drj30j60j6jsf.jpg?KID=imgbed,tva&Expires=1778500315&ssig=OY4sQgjBVL",search_comments_2026-05-11.csv,search_comment,执念少一点快乐就多一分很简单的道理,True,False
5297365427687632,1778502601,2026-05-11 12:30:01+08:00,5297364316457182,人生少些执念松弛下来才最自在通透,0,0,1778489517621,河南,5297365427687632,7944874874,莓莓抹茶星冰乐hy,f,https://m.weibo.cn/u/7944874874?launchid=10000360-page_H5,"https://tvax4.sinaimg.cn/crop.0.0.512.512.180/008FFST8ly8httcolk2gsj30e80e83zk.jpg?KID=imgbed,tva&Expires=1778500315&ssig=kdGW0PkBOQ",search_comments_2026-05-11.csv,search_comment,人生少些执念松弛下来才最自在通透,True,False
5297365393347178,1778502593,2026-05-11 12:29:53+08:00,5297364316457182,只遵循自己的内心，不要给人生加重量,0,0,1778489517632,山东,5297365393347178,6008115810,爱好那么小众,m,https://m.weibo.cn/u/6008115810?launchid=10000360-page_H5,"https://tvax3.sinaimg.cn/crop.0.0.1080.1080.180/006yBrnIly8i5btry2951j30u00u0tcp.jpg?KID=imgbed,tva&Expires=1778500315&ssig=nAGPYRFuHp",search_comments_2026-05-11.csv,search_comment,只遵循自己的内心不要给人生加重量,True,False
5297372268860481,1778504232,2026-05-11 12:57:12+08:00,5297320150437316,冰棍是不是好点,16,55,1778489599071,上海,5297372268860481,1443365434,脆皮甜瓜瓜,f,https://m.weibo.cn/u/1443365434?launchid=10000360-page_H5,"https://tvax2.sinaimg.cn/crop.0.0.800.800.180/5608023aly8hskdybhgl1j20m80m80x2.jpg?KID=imgbed,tva&Expires=1778500397&ssig=DPt7mbnnvp",search_comments_2026-05-11.csv,search_comment,冰棍是不是好点,True,False
5297320796358711,1778491960,2026-05-11 09:32:40+08:00,5297320150437316,雪糕是糖油混合物具象化了 ,3,2118,1778489599078,安徽,5297320796358711,7892055892,小豌豆905,m,https://m.weibo.cn/u/7892055892?launchid=10000360-page_H5,"https://tvax2.sinaimg.cn/crop.0.0.511.511.180/008C6gg4ly8hrndhy9n2dj30e70e70t8.jpg?KID=imgbed,tva&Expires=1778500397&ssig=HRd7sTsbte",search_comments_2026-05-11.csv,search_comment,雪糕是糖油混合物具象化了 ,True,False
5297382665224271,1778506710,2026-05-11 13:38:30+08:00,5297320150437316,那么冰淇淋🍦是不是也是啊,6,13,1778489599085,江苏,5297382665224271,5855870113,Cocoonrebirth_,f,https://m.weibo.cn/u/5855870113?launchid=10000360-page_H5,"https://tvax1.sinaimg.cn/crop.0.0.990.990.180/006oiDjXly8gzir2kizjaj30ri0rijvo.jpg?KID=imgbed,tva&Expires=1778500397&ssig=SsFj1RYACp",search_comments_2026-05-11.csv,search_comment,那么冰淇淋是不是也是啊,True,False
5297387432315124,1778507847,2026-05-11 13:57:27+08:00,5297379462349176,总结:3块钱以下的放心吃,2,82,1778489605616,山东,5297387432315124,1871070047,斯温特恩开心好运大爆发,f,https://m.weibo.cn/u/1871070047?launchid=10000360-page_H5,"https://tvax4.sinaimg.cn/crop.0.0.996.996.180/6f86435fly8gpw7vl5a93j20ro0roq65.jpg?KID=imgbed,tva&Expires=1778500403&ssig=zCqzA3TMzW",search_comments_2026-05-11.csv,search_comment,总结3块钱以下的放心吃,True,False
5297379961212144,1778506066,2026-05-11 13:27:46+08:00,5297379462349176,热量不进嘴，只进肚子 [语音评论3&quot;],0,3,1778489605621,AI罗伯特,5297379961212144,5762999670,评论罗伯特,f,https://m.weibo.cn/u/5762999670?launchid=10000360-page_H5,"https://tvax1.sinaimg.cn/crop.0.0.1080.1080.180/006i0XtAly8ibtn5bfjpij30u00u040l.jpg?KID=imgbed,tva&Expires=1778500403&ssig=44%2FMHTyB32",search_comments_2026-05-11.csv,search_comment,热量不进嘴只进肚子 语音评论3quot,True,False
5297381664884817,1778506472,2026-05-11 13:34:32+08:00,5297379462349176,最爱的苦咖啡呢？,1,5,1778489605627,内蒙古,5297381664884817,2564518203,周长一圈-Y,f,https://m.weibo.cn/u/2564518203?launchid=10000360-page_H5,"https://tvax1.sinaimg.cn/crop.0.0.996.996.180/98db713bly8gjmpcpyab7j20ro0rowg8.jpg?KID=imgbed,tva&Expires=1778500403&ssig=zdAA048xd%2B",search_comments_2026-05-11.csv,search_comment,最爱的苦咖啡呢,True,False
5297383978045890,1778507024,2026-05-11 13:43:44+08:00,5297381597513064,大家喜欢吃雪糕吗,2,6,1778489612000,广西,5297383978045890,6215601130,厄洛斯乐章,f,https://m.weibo.cn/u/6215601130?launchid=10000360-page_H5,"https://tvax3.sinaimg.cn/crop.0.0.1080.1080.180/006ME1N8ly8ictobimjodj30u00u076z.jpg?KID=imgbed,tva&Expires=1778500410&ssig=YV67Z8NCWE",search_comments_2026-05-11.csv,search_comment,大家喜欢吃雪糕吗,True,False
5297386961765532,1778507735,2026-05-11 13:55:35+08:00,5297381597513064,感觉热量都好高啊,0,1,1778489612007,湖南,5297386961765532,7644754529,垂耳兔wv,f,https://m.weibo.cn/u/7644754529?launchid=10000360-page_H5,"https://tvax1.sinaimg.cn/crop.0.0.1080.1080.180/008lmBSply8icp83kcb1oj30u00u0q4g.jpg?KID=imgbed,tva&Expires=1778500410&ssig=AQmyRTR3LL",search_comments_2026-05-11.csv,search_comment,感觉热量都好高啊,True,False
5297402172935540,1778511362,2026-05-11 14:56:02+08:00,5297381597513064,山东人来说，煎饼纯碳水，糖油混合物的是煎饼果子,0,0,1778489612015,山东,5297402172935540,3627200291,在大树荫下晒太阳的姑凉,f,https://m.weibo.cn/u/3627200291?launchid=10000360-page_H5,"https://tvax1.sinaimg.cn/crop.0.0.996.996.180/d832af23ly8gdi7h0tl8zj20ro0ro0uo.jpg?KID=imgbed,tva&Expires=1778500410&ssig=9174yiTN%2BI",search_comments_2026-05-11.csv,search_comment,山东人来说煎饼纯碳水糖油混合物的是煎饼果子,True,False
5297386526081043,1778507630,2026-05-11 13:53:50+08:00,5297383988003526,我喜欢吃绿豆的雪糕,1,4,1778489618459,江西,5297386526081043,6573666710,绑娜娜,f,https://m.weibo.cn/u/6573666710?launchid=10000360-page_H5,"https://tvax4.sinaimg.cn/crop.0.0.720.720.180/007aSr0qly8i1v86hy04yj30k00k0dh8.jpg?KID=imgbed,tva&Expires=1778500416&ssig=WF%2BcWOom63",search_comments_2026-05-11.csv,search_comment,我喜欢吃绿豆的雪糕,True,False
5297386221996646,1778507559,2026-05-11 13:52:39+08:00,5297383988003526,管不住嘴的时候可以吃点低卡雪糕,1,1,1778489618467,广东,5297386221996646,5943017518,候鸟书,f,https://m.weibo.cn/u/5943017518?launchid=10000360-page_H5,"https://tvax3.sinaimg.cn/crop.0.0.1080.1080.180/006ucilgly8ica2tjkejhj30u00u00wg.jpg?KID=imgbed,tva&Expires=1778500416&ssig=6Uo4lsplQP",search_comments_2026-05-11.csv,search_comment,管不住嘴的时候可以吃点低卡雪糕,True,False
5297384931983668,1778507251,2026-05-11 13:47:31+08:00,5297383988003526,自制的也很好吃,1,1,1778489618477,山东,5297384931983668,7369377968,赐予花的特权,m,https://m.weibo.cn/u/7369377968?launchid=10000360-page_H5,"https://tvax3.sinaimg.cn/crop.0.0.1080.1080.180/0082J9QYly8icj2q2wwavj30u00u0goj.jpg?KID=imgbed,tva&Expires=1778500416&ssig=wXhXhp9pK7",search_comments_2026-05-11.csv,search_comment,自制的也很好吃,True,False
5297378070366101,1778505615,2026-05-11 13:20:15+08:00,5297377231769226,奶茶为什么会有油？不是糖水吗？还是炒饭炒面也是 哪来的糖,1,1,1778489624933,山西,5297378070366101,7808301579,冬欲漫,f,https://m.weibo.cn/u/7808301579?launchid=10000360-page_H5,"https://tvax4.sinaimg.cn/crop.0.0.512.512.180/008wqPW3ly8hmkzv9qb1fj30e80e83zb.jpg?KID=imgbed,tva&Expires=1778500423&ssig=VL0kSZH0Nq",search_comments_2026-05-11.csv,search_comment,奶茶为什么会有油不是糖水吗还是炒饭炒面也是 哪来的糖,True,False
5297377872187017,1778505568,2026-05-11 13:19:28+08:00,5297377231769226,我还以为只有炸的甜的是糖油混合物，炒饭居然也是,1,0,1778489624938,山西,5297377872187017,7754841435,01卓是可爱小猫,f,https://m.weibo.cn/u/7754841435?launchid=10000360-page_H5,"https://tvax2.sinaimg.cn/crop.0.0.960.960.180/008sOwvFly8h1g9ajco4cj30qo0qowgu.jpg?KID=imgbed,tva&Expires=1778500423&ssig=sdTDOsPllA",search_comments_2026-05-11.csv,search_comment,我还以为只有炸的甜的是糖油混合物炒饭居然也是,True,False
5297377946898109,1778505586,2026-05-11 13:19:46+08:00,5297377231769226,那我先吃100%的含糖物，隔一段时间，就吃100%的含油物，不就不会发胖了[得意R]（美国一双胞胎做个实验，如果吃100%的含糖物或者100%的含油物，是不会发胖的，只有吃两者都含有的食物才会发胖）#雪糕是糖油混合物具象化了#,0,1,1778489624942,山西,5297377946898109,6023889349,imnotR,f,https://m.weibo.cn/u/6023889349?launchid=10000360-page_H5,"https://tvax1.sinaimg.cn/crop.0.0.1080.1080.180/006zFCNDly8hsy0f1suttj30u00u0gn1.jpg?KID=imgbed,tva&Expires=1778500423&ssig=vgIp32NiOF",search_comments_2026-05-11.csv,search_comment,那我先吃100的含糖物隔一段时间就吃100的含油物不就不会发胖了得意R美国一双胞胎做个实验如果吃100的含糖物或者100的含油物是不会发胖的只有吃两者都含有的食物才会发胖,True,False
5297425171614058,1778516845,2026-05-11 16:27:25+08:00,5297413994579217,整点凉白开 冻成冰块 嚼着吃 比雪糕过瘾 不用担心任何热量,0,0,1778489631427,北京,5297425171614058,1688188390,十排,m,https://m.weibo.cn/u/1688188390?launchid=10000360-page_H5,"https://tvax4.sinaimg.cn/crop.0.0.1080.1080.180/649fb5e6ly8i9naruiisnj20u00u0gmj.jpg?KID=imgbed,tva&Expires=1778500429&ssig=wjhVnQEyDz",search_comments_2026-05-11.csv,search_comment,整点凉白开 冻成冰块 嚼着吃 比雪糕过瘾 不用担心任何热量,True,False
5297415452364517,1778514528,2026-05-11 15:48:48+08:00,5297413994579217,爱吃巧乐兹的我轻轻碎了,0,1,1778489631437,广东,5297415452364517,6270230182,Chen橙子菇凉,f,https://m.weibo.cn/u/6270230182?launchid=10000360-page_H5,"https://tvax2.sinaimg.cn/crop.0.0.1064.1064.180/006QlfiSly8hqaqfca0h1j30tk0tkn02.jpg?KID=imgbed,tva&Expires=1778500429&ssig=XFvTg8neZe",search_comments_2026-05-11.csv,search_comment,爱吃巧乐兹的我轻轻碎了,True,False
5297420437032310,1778515716,2026-05-11 16:08:36+08:00,5297413994579217,雪糕热量本身就高,0,0,1778489631445,北京,5297420437032310,6261195378,兵羽-2017,f,https://m.weibo.cn/u/6261195378?launchid=10000360-page_H5,"https://tvax3.sinaimg.cn/crop.0.0.1080.1080.180/006PJkWely8i8w792zr2lj30u00u00y0.jpg?KID=imgbed,tva&Expires=1778500429&ssig=AdbK%2FJiGQp",search_comments_2026-05-11.csv,search_comment,雪糕热量本身就高,True,False
5297381566323611,1778506449,2026-05-11 13:34:09+08:00,5297381253841014,你在冬天还是夏天更爱吃,2,7,1778489638021,安徽,5297381566323611,5851144230,吐泡泡1oO,f,https://m.weibo.cn/u/5851144230?launchid=10000360-page_H5,"https://tvax3.sinaimg.cn/crop.0.0.1080.1080.180/006nYNU2ly8icsp0r7706j30u00u076s.jpg?KID=imgbed,tva&Expires=1778500436&ssig=OVHGiYV77T",search_comments_2026-05-11.csv,search_comment,你在冬天还是夏天更爱吃,True,False
5297381474044581,1778506427,2026-05-11 13:33:47+08:00,5297381253841014,你爱吃雪糕吗,2,6,1778489638030,安徽,5297381474044581,5851144230,吐泡泡1oO,f,https://m.weibo.cn/u/5851144230?launchid=10000360-page_H5,"https://tvax3.sinaimg.cn/crop.0.0.1080.1080.180/006nYNU2ly8icsp0r7706j30u00u076s.jpg?KID=imgbed,tva&Expires=1778500436&ssig=OVHGiYV77T",search_comments_2026-05-11.csv,search_comment,你爱吃雪糕吗,True,False
5297381395924468,1778506408,2026-05-11 13:33:28+08:00,5297381253841014,雪糕被称为&quot;糖油混合物具象化&quot;，,2,6,1778489638040,安徽,5297381395924468,5851144230,吐泡泡1oO,f,https://m.weibo.cn/u/5851144230?launchid=10000360-page_H5,"https://tvax3.sinaimg.cn/crop.0.0.1080.1080.180/006nYNU2ly8icsp0r7706j30u00u076s.jpg?KID=imgbed,tva&Expires=1778500436&ssig=OVHGiYV77T",search_comments_2026-05-11.csv,search_comment,雪糕被称为quot糖油混合物具象化quot,True,False
5297430616605427,1778518143,2026-05-11 16:49:03+08:00,5297430428124552,哈哈哈哈，你这是在给“糖油混合物”做减法啊！全是冰，热量都被冻住了，吃的就是个心理安慰，没毛病！,0,0,1778489644396,千问AI生成,5297430616605427,7984486935,千问,m,https://m.weibo.cn/u/7984486935?launchid=10000360-page_H5,"https://tvax4.sinaimg.cn/crop.0.0.600.600.180/008Im5Nlly8i8bel4kzlhj30go0go3yt.jpg?KID=imgbed,tva&Expires=1778500442&ssig=bD0ttf3N3S",search_comments_2026-05-11.csv,search_comment,哈哈哈哈你这是在给糖油混合物做减法啊全是冰热量都被冻住了吃的就是个心理安慰没毛病,True,False
5297369639816962,1778503605,2026-05-11 12:46:45+08:00,5297368933073767,记得定闹钟秒切 不要像上次睡过了,3,494,1778489654710,四川,5297369639816962,6739473690,肉肉拉拉zzzc,f,https://m.weibo.cn/u/6739473690?launchid=10000360-page_H5,"https://tvax3.sinaimg.cn/crop.0.0.1080.1080.180/007m68Yyly8i80indip32j30u00u0aen.jpg?KID=imgbed,tva&Expires=1778500452&ssig=UAY0ceKc8N",search_comments_2026-05-11.csv,search_comment,记得定闹钟秒切 不要像上次睡过了,True,False
5297402497991554,1778511438,2026-05-11 14:57:18+08:00,5297400726162610,期待穆祉丞🧡💖支持祉丞,1,280,1778489661250,北京,5297402497991554,6069940897,像素小猫闯关日记,f,https://m.weibo.cn/u/6069940897?launchid=10000360-page_H5,"https://tvax3.sinaimg.cn/crop.0.0.1080.1080.180/006CMQUxly8iakinw7juwj30u00u0tcc.jpg?KID=imgbed,tva&Expires=1778500459&ssig=REO2Ah1pUP",search_comments_2026-05-11.csv,search_comment,期待穆祉丞支持祉丞,True,False
5297400323244432,1778510920,2026-05-11 14:48:40+08:00,5297400018109105,期待穆祉丞新代言🧡💖,0,91,1778489680797,吉林,5297400323244432,5933037115,再来杯热可可,m,https://m.weibo.cn/u/5933037115?launchid=10000360-page_H5,"https://tvax4.sinaimg.cn/crop.0.0.1080.1080.180/006twpZ1ly8icz5csoewaj30u00u0ae5.jpg?KID=imgbed,tva&Expires=1778500478&ssig=ExN%2BjgpBUS",search_comments_2026-05-11.csv,search_comment,期待穆祉丞新代言,True,False
5297411263302304,1778513529,2026-05-11 15:32:09+08:00,5297408952240678,秉持平等、尊重、互惠的精神，扩大合作，为世界注入更多确定性和稳定性！,0,1,1778489772899,浙江,5297411263302304,6162926109,沕涌潇师妹_3,f,https://m.weibo.cn/u/6162926109?launchid=10000360-page_H5,"https://tvax2.sinaimg.cn/crop.0.0.1080.1080.180/006J50C1ly8iahg1iun8sj30u00u0dhu.jpg?KID=imgbed,tva&Expires=1778500570&ssig=4d%2FIL78gNT",search_comments_2026-05-11.csv,search_comment,秉持平等尊重互惠的精神扩大合作为世界注入更多确定性和稳定性,True,False
5297421550622772,1778515982,2026-05-11 16:13:02+08:00,5297408952240678,#外交部谈特朗普访华# #外交部介绍特朗普访华安排#   希望能促进两国友好交流，促进经济发展，互惠互利合作共赢,0,0,1778489772904,上海,5297421550622772,3213177190,蓝悦婷,f,https://m.weibo.cn/u/3213177190?launchid=10000360-page_H5,"https://tvax4.sinaimg.cn/crop.0.0.1080.1080.180/bf853166ly8icf8wjr4oqj20u00u0jtd.jpg?KID=imgbed,tva&Expires=1778500570&ssig=ixdBEzai0W",search_comments_2026-05-11.csv,search_comment,    希望能促进两国友好交流促进经济发展互惠互利合作共赢,True,False
5297345882228937,1778497941,2026-05-11 11:12:21+08:00,5297342019537169,墙头草一根，他有啥资格评头论足,0,0,1778489830267,江西,5297345882228937,2504803877,袅绕半支烟,m,https://m.weibo.cn/u/2504803877?launchid=10000360-page_H5,"https://tva1.sinaimg.cn/crop.0.0.996.996.180/954c4625jw8f2n76pyfvsj20ro0rpdh3.jpg?KID=imgbed,tva&Expires=1778500628&ssig=5%2FQPWswPUL",search_comments_2026-05-11.csv,search_comment,墙头草一根他有啥资格评头论足,True,False
5297429840398754,1778517958,2026-05-11 16:45:58+08:00,5297422046855760,沙漠里会悄悄地长出各种武器装备，，，附带坐标和数据,0,0,1778489871100,广东,5297429840398754,7944617345,全新世界2026,m,https://m.weibo.cn/u/7944617345?launchid=10000360-page_H5,"https://tvax4.sinaimg.cn/crop.0.0.600.600.180/008FENTrly8iaktf76z6dj30go0gojvd.jpg?KID=imgbed,tva&Expires=1778500669&ssig=92RDPCt1Kq",search_comments_2026-05-11.csv,search_comment,沙漠里会悄悄地长出各种武器装备附带坐标和数据,True,False
5297368863870487,1778503420,2026-05-11 12:43:40+08:00,5297339767718209,评论区围绕白鹿主演剧集续集官宣，主要分为三方面：45%的评论肯定其扛剧实绩，强调首部数据强劲促成续集；35%的评论质疑换角或吸血营销，担忧原班人马变动；20%的评论聚焦演员个人动态如代言或待播作品。整体氛围在庆祝与争议间拉扯。继续提问戳-&gt;微博智搜,0,0,1778489891637,微博智搜AI生成,5297368863870487,7892270010,微博智搜,f,https://m.weibo.cn/u/7892270010?launchid=10000360-page_H5,"https://tvax2.sinaimg.cn/crop.0.0.1080.1080.180/008C79XAly8i5grzh416kj30u00u0t8z.jpg?KID=imgbed,tva&Expires=1778500689&ssig=CpbTIuicLo",search_comments_2026-05-11.csv,search_comment,评论区围绕白鹿主演剧集续集官宣主要分为三方面45的评论肯定其扛剧实绩强调首部数据强劲促成续集35的评论质疑换角或吸血营销担忧原班人马变动20的评论聚焦演员个人动态如代言或待播作品整体氛围在庆祝与争议间拉扯继续提问戳gt微博智搜,True,False
5297341141615936,1778496811,2026-05-11 10:53:31+08:00,5297339767718209,不一定还是白鹿演吧。不过还是祝福#JimmyChoo全球品牌代言人白鹿#,1,154,1778489891641,山东,5297341141615936,2336842471,浮生庭院-,f,https://m.weibo.cn/u/2336842471?launchid=10000360-page_H5,"https://tvax1.sinaimg.cn/crop.0.0.1080.1080.180/8b4962e7ly8ialmk0i0vij20u00u0wh9.jpg?KID=imgbed,tva&Expires=1778500689&ssig=MY%2B4%2FKJxTC",search_comments_2026-05-11.csv,search_comment,不一定还是白鹿演吧不过还是祝福,True,False
5297340009156290,1778496541,2026-05-11 10:49:01+08:00,5297339767718209,白鹿牛逼 借着大女主的光开第二部了#jimmychoo全球品牌代言人白鹿#,1,87,1778489891645,四川,5297340009156290,7634155907,别烦酥酥r,f,https://m.weibo.cn/u/7634155907?launchid=10000360-page_H5,"https://tvax4.sinaimg.cn/crop.0.0.1080.1080.180/008kE8GTly8icssfstlltj30u00u0taw.jpg?KID=imgbed,tva&Expires=1778500689&ssig=I7S0hr1Odt",search_comments_2026-05-11.csv,search_comment,白鹿牛逼 借着大女主的光开第二部了,True,False
5297348265117243,1778498509,2026-05-11 11:21:49+08:00,5297347787227254,暗河传2来了，龚俊又要掀起一股暗黑风潮了！这波是真·宇宙级男主啊 [语音评论7&quot;],1,30,1778489904622,AI吃瓜罗伯特,5297348265117243,5606716867,吃瓜罗伯特,f,https://m.weibo.cn/u/5606716867?launchid=10000360-page_H5,"https://tvax1.sinaimg.cn/crop.0.0.921.921.180/0067rdbdly8ibrqhbg0vxj30pl0pl404.jpg?KID=imgbed,tva&Expires=1778500702&ssig=YgHOjDsxR4",search_comments_2026-05-11.csv,search_comment,暗河传2来了龚俊又要掀起一股暗黑风潮了这波是真宇宙级男主啊 语音评论7quot,True,False
5297347991963547,1778498444,2026-05-11 11:20:44+08:00,5297347787227254,一人带飞整个IP，谁不说大男主龚俊苏暮雨伟大,0,46,1778489904632,山东,5297347991963547,2169161064,wink行龚俊西蒙的小尾巴-,f,https://m.weibo.cn/u/2169161064?launchid=10000360-page_H5,"https://tvax4.sinaimg.cn/crop.0.0.932.932.180/814ac568ly8i55gbjmmx6j20pw0pwdnj.jpg?KID=imgbed,tva&Expires=1778500702&ssig=BDflAusiQK",search_comments_2026-05-11.csv,search_comment,一人带飞整个IP谁不说大男主龚俊苏暮雨伟大,True,False
5297348088432314,1778498467,2026-05-11 11:21:07+08:00,5297347787227254,主榜热搜耶,1,28,1778489904641,河南,5297348088432314,7827818781,新雨初晴碧天smile,f,https://m.weibo.cn/u/7827818781?launchid=10000360-page_H5,"https://tvax3.sinaimg.cn/crop.0.0.132.132.180/008xKJfDly4hc8lvsvgcgj303o03odfm.jpg?KID=imgbed,tva&Expires=1778500702&ssig=we9pQw9%2BwW",search_comments_2026-05-11.csv,search_comment,主榜热搜耶,True,False
5297386268397440,1778507570,2026-05-11 13:52:50+08:00,5297385307898693,龚俊《暗河传》就是这么有讨论度,0,77,1778489911075,江苏,5297386268397440,7754201058,帅气修狗勾,f,https://m.weibo.cn/u/7754201058?launchid=10000360-page_H5,"https://tvax1.sinaimg.cn/crop.0.0.1080.1080.180/008sLPV0ly8icub4vnkytj30u00u0aan.jpg?KID=imgbed,tva&Expires=1778500709&ssig=0eCKwmIYl%2F",search_comments_2026-05-11.csv,search_comment,龚俊暗河传就是这么有讨论度,True,False
5297423494415180,1778516444,2026-05-11 16:20:44+08:00,5297385307898693,暗河传太热血了,0,0,1778489911082,陕西,5297423494415180,7971141048,其林舍我,m,https://m.weibo.cn/u/7971141048?launchid=10000360-page_H5,"https://tvax3.sinaimg.cn/crop.0.0.512.512.180/008Hs5V6ly8hyzgeaqe1fj30e80e8dgd.jpg?KID=imgbed,tva&Expires=1778500709&ssig=4tFY%2FKEa%2B4",search_comments_2026-05-11.csv,search_comment,暗河传太热血了,True,False
5297393543417359,1778509304,2026-05-11 14:21:44+08:00,5297385307898693,暗河传剧粉多活人多,0,52,1778489911087,广东,5297393543417359,1733882152,那我没什么好说了,m,https://m.weibo.cn/u/1733882152?launchid=10000360-page_H5,"https://tvax3.sinaimg.cn/crop.0.0.1080.1080.180/6758f128ly8icrj7ldcvaj20u00u0q4t.jpg?KID=imgbed,tva&Expires=1778500709&ssig=C8k3cnKDJI",search_comments_2026-05-11.csv,search_comment,暗河传剧粉多活人多,True,False
5297385364523275,1778507354,2026-05-11 13:49:14+08:00,5297374041736521,👏大男主龚俊苏暮雨就是牛逼！！龚俊带飞暗河传成为大ip！连拍三部大男主，复仇权谋剧白衣公卿孟剑卿暑假播，古龙武侠探案剧凤舞九天陆小凤在拍。,1,17,1778489917466,广东,5297385364523275,5584003187,别人与我2号,m,https://m.weibo.cn/u/5584003187?launchid=10000360-page_H5,"https://tvax2.sinaimg.cn/crop.0.0.1080.1080.180/0065TUjxly8ib96azjt17j30u00u0wfy.jpg?KID=imgbed,tva&Expires=1778500715&ssig=Llb9hBrcxA",search_comments_2026-05-11.csv,search_comment,大男主龚俊苏暮雨就是牛逼龚俊带飞暗河传成为大ip连拍三部大男主复仇权谋剧白衣公卿孟剑卿暑假播古龙武侠探案剧凤舞九天陆小凤在拍,True,False
5297381887443814,1778506525,2026-05-11 13:35:25+08:00,5297374041736521,龚俊厉害无龚俊不暗河,0,10,1778489917477,广西,5297381887443814,7760751112,俊卷,f,https://m.weibo.cn/u/7760751112?launchid=10000360-page_H5,"https://tvax3.sinaimg.cn/crop.0.0.1080.1080.180/008tdjT2ly8hyamwngw04j30u00u0wij.jpg?KID=imgbed,tva&Expires=1778500715&ssig=nGJgVeKjtQ",search_comments_2026-05-11.csv,search_comment,龚俊厉害无龚俊不暗河,True,False
5297420057450513,1778515626,2026-05-11 16:07:06+08:00,5297390955528217,这么多的第二部,0,0,1778489923987,河北,5297420057450513,1130165577,燕子衔新泥,f,https://m.weibo.cn/u/1130165577?launchid=10000360-page_H5,"https://tvax4.sinaimg.cn/crop.0.0.1080.1080.180/435cf549ly8i2pcp5vbwkj20u00u0wka.jpg?KID=imgbed,tva&Expires=1778500722&ssig=AXhe3cOR2Q",search_comments_2026-05-11.csv,search_comment,这么多的第二部,True,False
5297392067021772,1778508952,2026-05-11 14:15:52+08:00,5297390955528217,哈哈，看完这个片单，我得赶紧把之前的剧补起来，不然看续集会跟不上的,1,1,1778489923990,山东,5297392067021772,6686128960,王青DTX,f,https://m.weibo.cn/u/6686128960?launchid=10000360-page_H5,"https://tvax1.sinaimg.cn/crop.0.0.1080.1080.180/007iujzGly8ibru4w5psmj30u00u075l.jpg?KID=imgbed,tva&Expires=1778500722&ssig=FNXBOxHiFu",search_comments_2026-05-11.csv,search_comment,哈哈看完这个片单我得赶紧把之前的剧补起来不然看续集会跟不上的,True,False
5297397794345153,1778510318,2026-05-11 14:38:38+08:00,5297397509917695,是这样的呀,0,44,1778489968146,广东,5297397794345153,7727864215,珉北淮,f,https://m.weibo.cn/u/7727864215?launchid=10000360-page_H5,"https://tvax3.sinaimg.cn/crop.0.0.711.711.180/008qZkvdly8hzalccorvmj30jr0jrgn7.jpg?KID=imgbed,tva&Expires=1778500766&ssig=g6filMpECy",search_comments_2026-05-11.csv,search_comment,是这样的呀,True,False
5297397896317578,1778510342,2026-05-11 14:39:02+08:00,5297397509917695,魏大勋表现精彩，叶信之温柔有力量，当之无愧！,0,29,1778489968156,广东,5297397896317578,7691008543,送你一朵花m,f,https://m.weibo.cn/u/7691008543?launchid=10000360-page_H5,"https://tvax1.sinaimg.cn/crop.0.0.399.399.180/008ouGETly8i42v3a3kivj30b30b33yu.jpg?KID=imgbed,tva&Expires=1778500766&ssig=wn6WE4NXGa",search_comments_2026-05-11.csv,search_comment,魏大勋表现精彩叶信之温柔有力量当之无愧,True,False
5297397896842628,1778510342,2026-05-11 14:39:02+08:00,5297397509917695,魏大勋演技精湛，孟宴臣形象深入人心，不可复制，实力派演员当之无愧！,0,18,1778489968160,安徽,5297397896842628,3009462655,看山上月,m,https://m.weibo.cn/u/3009462655?launchid=10000360-page_H5,"https://tvax4.sinaimg.cn/crop.0.0.1080.1080.180/b360c17fly8i5cha7h77sj20u00u00ve.jpg?KID=imgbed,tva&Expires=1778500766&ssig=AFYsB8wRsD",search_comments_2026-05-11.csv,search_comment,魏大勋演技精湛孟宴臣形象深入人心不可复制实力派演员当之无愧,True,False
5297410173044231,1778513269,2026-05-11 15:27:49+08:00,5297409900937726,朋友们我感觉我们无可替代嗯u know，不是那种空降剧的感觉,58,606,1778489974643,四川,5297410173044231,2423325250,荷兰豆本豆豆荷,f,https://m.weibo.cn/u/2423325250?launchid=10000360-page_H5,"https://tvax1.sinaimg.cn/crop.0.0.1024.1024.180/90710242ly8i795fmtrfjj20sg0sgtbv.jpg?KID=imgbed,tva&Expires=1778500772&ssig=kyu8DW91ZB",search_comments_2026-05-11.csv,search_comment,朋友们我感觉我们无可替代嗯u know不是那种空降剧的感觉,True,False
5297410357854548,1778513313,2026-05-11 15:28:33+08:00,5297409900937726,魏大勋这演技，孟宴臣都得喊好！ [语音评论4&quot;],1,236,1778489974654,AI吃瓜罗伯特,5297410357854548,5606716867,吃瓜罗伯特,f,https://m.weibo.cn/u/5606716867?launchid=10000360-page_H5,"https://tvax1.sinaimg.cn/crop.0.0.921.921.180/0067rdbdly8ibrqhbg0vxj30pl0pl404.jpg?KID=imgbed,tva&Expires=1778500772&ssig=COdllymvvh",search_comments_2026-05-11.csv,search_comment,魏大勋这演技孟宴臣都得喊好 语音评论4quot,True,False
5297410236744513,1778513283,2026-05-11 15:28:03+08:00,5297409900937726,家勋勋原谅鲜藕吧这个矜贵熟男不知道怎么输,1,399,1778489974665,云南,5297410236744513,5595618061,喵喵喵亖你,f,https://m.weibo.cn/u/5595618061?launchid=10000360-page_H5,"https://tvax3.sinaimg.cn/crop.0.0.959.959.180/0066GDSdly8hzmx7o2elnj30qo0qnjsj.jpg?KID=imgbed,tva&Expires=1778500772&ssig=vEYRlvxn2e",search_comments_2026-05-11.csv,search_comment,家勋勋原谅鲜藕吧这个矜贵熟男不知道怎么输,True,False
5297427255134967,1778517342,2026-05-11 16:35:42+08:00,5297407782031083,评论区围绕魏大勋新角色叶信之展开，45%讨论其“上位者低头、自持者失控”的年上智性恋魅力，30%肯定演员在高智精英赛道的统治力，25%期待商战复仇等剧情设定。整体呈现对新角色高度期待的“种草”氛围。继续提问戳-&gt;微博智搜,0,0,1778489981220,微博智搜AI生成,5297427255134967,7892270010,微博智搜,f,https://m.weibo.cn/u/7892270010?launchid=10000360-page_H5,"https://tvax2.sinaimg.cn/crop.0.0.1080.1080.180/008C79XAly8i5grzh416kj30u00u0t8z.jpg?KID=imgbed,tva&Expires=1778500779&ssig=QnNRrDvFGr",search_comments_2026-05-11.csv,search_comment,评论区围绕魏大勋新角色叶信之展开45讨论其上位者低头自持者失控的年上智性恋魅力30肯定演员在高智精英赛道的统治力25期待商战复仇等剧情设定整体呈现对新角色高度期待的种草氛围继续提问戳gt微博智搜,True,False
5297408737283137,1778512927,2026-05-11 15:22:07+08:00,5297407782031083,孟宴臣的克制失控感，谁看了不迷糊啊！,0,6,1778489981224,广东,5297408737283137,9080422088,知性企鹅在赏鸟,f,https://m.weibo.cn/u/9080422088?launchid=10000360-page_H5,"https://tvax4.sinaimg.cn/crop.0.0.1080.1080.180/009UwwAMly8i6s7cciwlaj30u00u0q5z.jpg?KID=imgbed,tva&Expires=1778500779&ssig=gk9r8fv%2BlV",search_comments_2026-05-11.csv,search_comment,孟宴臣的克制失控感谁看了不迷糊啊,True,False
5297410121403725,1778513257,2026-05-11 15:27:37+08:00,5297407782031083,苏苏苏苏期待魏大勋叶信之,0,2,1778489981229,河北,5297410121403725,7340803643,Rrz-蕊蕊蕊,f,https://m.weibo.cn/u/7340803643?launchid=10000360-page_H5,"https://tvax4.sinaimg.cn/crop.0.0.1080.1080.180/0080NgmLly8huqv7lt3v3j30u00u0adl.jpg?KID=imgbed,tva&Expires=1778500779&ssig=s9NLCj3reP",search_comments_2026-05-11.csv,search_comment,苏苏苏苏期待魏大勋叶信之,True,False
5297401939887741,1778511306,2026-05-11 14:55:06+08:00,5297401582849170,叶信之快快来，好期待,1,272,1778489987797,福建,5297401939887741,5681012761,一zhi小肥yang,f,https://m.weibo.cn/u/5681012761?launchid=10000360-page_H5,"https://tvax3.sinaimg.cn/crop.0.0.1080.1080.180/006csWW5ly8hupu4ohsq9j30u00u0ady.jpg?KID=imgbed,tva&Expires=1778500785&ssig=6u26tHhpwO",search_comments_2026-05-11.csv,search_comment,叶信之快快来好期待,True,False
5297402066241973,1778511336,2026-05-11 14:55:36+08:00,5297401582849170,期待魏大勋叶信之,0,189,1778489987805,天津,5297402066241973,5901327203,一夜暴富szd250,f,https://m.weibo.cn/u/5901327203?launchid=10000360-page_H5,"https://tvax1.sinaimg.cn/crop.0.0.1080.1080.180/006rnmMPly8ia3nh2g0fdj30u00u0779.jpg?KID=imgbed,tva&Expires=1778500785&ssig=a%2BBN5eL2SG",search_comments_2026-05-11.csv,search_comment,期待魏大勋叶信之,True,False
5297402014598927,1778511324,2026-05-11 14:55:24+08:00,5297401582849170,魏大勋无可替代,0,249,1778489987813,山西,5297402014598927,6508047981,喜欢宴勋的小甜甜,m,https://m.weibo.cn/u/6508047981?launchid=10000360-page_H5,"https://tvax3.sinaimg.cn/crop.0.0.1080.1080.180/0076r6zPly8i6vrox7o4zj30u00u00wq.jpg?KID=imgbed,tva&Expires=1778500785&ssig=sbHndnL9xv",search_comments_2026-05-11.csv,search_comment,魏大勋无可替代,True,False
5297408772407306,1778512935,2026-05-11 15:22:15+08:00,5297408293472780,叶信之和孟宴臣，这是要上演双生花的节奏啊！魏大勋这演技，绝了！ [语音评论7&quot;],0,50,1778489994350,AI吃瓜罗伯特,5297408772407306,5606716867,吃瓜罗伯特,f,https://m.weibo.cn/u/5606716867?launchid=10000360-page_H5,"https://tvax1.sinaimg.cn/crop.0.0.921.921.180/0067rdbdly8ibrqhbg0vxj30pl0pl404.jpg?KID=imgbed,tva&Expires=1778500792&ssig=WI92MV%2B5si",search_comments_2026-05-11.csv,search_comment,叶信之和孟宴臣这是要上演双生花的节奏啊魏大勋这演技绝了 语音评论7quot,True,False
5297409965951673,1778513220,2026-05-11 15:27:00+08:00,5297408293472780,魏大勋总是演这种角色,0,8,1778489994354,山东,5297409965951673,6118792514,钞票公主发财版,m,https://m.weibo.cn/u/6118792514?launchid=10000360-page_H5,"https://tvax1.sinaimg.cn/crop.0.0.1080.1080.180/006G5PrQly8i74lgew8kgj30u00u0n04.jpg?KID=imgbed,tva&Expires=1778500792&ssig=vqjUlsVdDX",search_comments_2026-05-11.csv,search_comment,魏大勋总是演这种角色,True,False
5297409928200362,1778513210,2026-05-11 15:26:50+08:00,5297408293472780,魏大勋西装造型好绝,0,68,1778489994358,贵州,5297409928200362,6788377376,欧漏欧买瓜,m,https://m.weibo.cn/u/6788377376?launchid=10000360-page_H5,"https://tvax3.sinaimg.cn/crop.0.0.132.132.180/007ppl3Gly8fwgn9ehisoj303o03omwy.jpg?KID=imgbed,tva&Expires=1778500792&ssig=q0sZOb1fQK",search_comments_2026-05-11.csv,search_comment,魏大勋西装造型好绝,True,False
5297413086515384,1778513964,2026-05-11 15:39:24+08:00,5297410599293639,#这魏大勋被孟宴臣腌入味了# 新中式总裁孟宴臣和精狐狸叶信之魏大勋都要了,1,26,1778490000918,山西,5297413086515384,6508047981,喜欢宴勋的小甜甜,m,https://m.weibo.cn/u/6508047981?launchid=10000360-page_H5,"https://tvax3.sinaimg.cn/crop.0.0.1080.1080.180/0076r6zPly8i6vrox7o4zj30u00u00wq.jpg?KID=imgbed,tva&Expires=1778500798&ssig=yRBO14mzml",search_comments_2026-05-11.csv,search_comment, 新中式总裁孟宴臣和精狐狸叶信之魏大勋都要了,True,False
5297420045128909,1778515623,2026-05-11 16:07:03+08:00,5297410599293639,完全被魏大勋拿捏了，怎么叶信之声线又是另一个无法抵抗的样子呜呜呜好好听,0,0,1778490000925,湖北,5297420045128909,7769986016,暖暖xun宝,f,https://m.weibo.cn/u/7769986016?launchid=10000360-page_H5,"https://tvax1.sinaimg.cn/crop.0.0.132.132.180/008tQ4j6ly4h3lxloqui4j303o03oa9u.jpg?KID=imgbed,tva&Expires=1778500798&ssig=n0jbBcDu%2Bw",search_comments_2026-05-11.csv,search_comment,完全被魏大勋拿捏了怎么叶信之声线又是另一个无法抵抗的样子呜呜呜好好听,True,False
5297432990318888,1778518709,2026-05-11 16:58:29+08:00,5297432570366301,魏姐狠狠拿捏住了,0,0,1778490007328,AI吃瓜罗伯特,5297432990318888,5606716867,吃瓜罗伯特,f,https://m.weibo.cn/u/5606716867?launchid=10000360-page_H5,"https://tvax1.sinaimg.cn/crop.0.0.921.921.180/0067rdbdly8ibrqhbg0vxj30pl0pl404.jpg?KID=imgbed,tva&Expires=1778500805&ssig=JnLtkSsrEe",search_comments_2026-05-11.csv,search_comment,魏姐狠狠拿捏住了,True,False
5297386265510771,1778507569,2026-05-11 13:52:49+08:00,5297385806758114,叶信之的领针，是品位的象征！魏大勋这次的造型，我给满分 [语音评论6&quot;],0,1,1778490013809,AI吃瓜罗伯特,5297386265510771,5606716867,吃瓜罗伯特,f,https://m.weibo.cn/u/5606716867?launchid=10000360-page_H5,"https://tvax1.sinaimg.cn/crop.0.0.921.921.180/0067rdbdly8ibrqhbg0vxj30pl0pl404.jpg?KID=imgbed,tva&Expires=1778500811&ssig=6wE5xsvj9S",search_comments_2026-05-11.csv,search_comment,叶信之的领针是品位的象征魏大勋这次的造型我给满分 语音评论6quot,True,False
5297386205220675,1778507555,2026-05-11 13:52:35+08:00,5297385806758114,闷骚狐狸男,0,5,1778490013815,福建,5297386205220675,6505009415,今日闪闪,f,https://m.weibo.cn/u/6505009415?launchid=10000360-page_H5,"https://tvax3.sinaimg.cn/crop.0.0.1080.1080.180/0076em6Hly8icv3cwfsa2j30u00u0di8.jpg?KID=imgbed,tva&Expires=1778500811&ssig=Qlib936Eo%2B",search_comments_2026-05-11.csv,search_comment,闷骚狐狸男,True,False
5297386676552186,1778507667,2026-05-11 13:54:27+08:00,5297385806758114,好性感的年上,0,4,1778490013822,福建,5297386676552186,7644668438,微醺星星鱼,f,https://m.weibo.cn/u/7644668438?launchid=10000360-page_H5,"https://tvax1.sinaimg.cn/crop.0.0.1080.1080.180/008lmftQly8ib9sozs30ij30u00u0tbu.jpg?KID=imgbed,tva&Expires=1778500811&ssig=NBNZzgvSFe",search_comments_2026-05-11.csv,search_comment,好性感的年上,True,False
5297433053759576,1778518724,2026-05-11 16:58:44+08:00,5297289931000321,汽车人，集合,0,0,1778490054472,山西,5297433053759576,5869674565,这世界太大,m,https://m.weibo.cn/u/5869674565?launchid=10000360-page_H5,"https://tvax2.sinaimg.cn/crop.0.0.1080.1080.180/006peyuply8h3cumd1sgkj30u00u040x.jpg?KID=imgbed,tva&Expires=1778500852&ssig=C8J9wraiVP",search_comments_2026-05-11.csv,search_comment,汽车人集合,True,False
5297364816628564,1778502455,2026-05-11 12:27:35+08:00,5297357123485784,想了 10 年就是不还  国内的债主天天看他发微博不急的挠痒痒,10,5,1778490073993,广东,5297364816628564,5631700686,神龙见首不摆尾,m,https://m.weibo.cn/u/5631700686?launchid=10000360-page_H5,"https://tvax3.sinaimg.cn/crop.0.0.480.480.180/006982C2ly8gnsvmoxcz8j30dc0dcadp.jpg?KID=imgbed,tva&Expires=1778500872&ssig=pKVEYWId28",search_comments_2026-05-11.csv,search_comment,想了 10 年就是不还  国内的债主天天看他发微博不急的挠痒痒,True,False
5297358579697659,1778500968,2026-05-11 12:02:48+08:00,5297357123485784,这个CEO能干嘛，还钱吗,9,1,1778490074003,广东,5297358579697659,1661857242,星空陨落之夜月长叹,m,https://m.weibo.cn/u/1661857242?launchid=10000360-page_H5,"https://tvax3.sinaimg.cn/crop.0.0.1002.1002.180/630deddaly8gsx4dsrperj20ru0rudis.jpg?KID=imgbed,tva&Expires=1778500872&ssig=1%2Fk4BMBB6p",search_comments_2026-05-11.csv,search_comment,这个CEO能干嘛还钱吗,True,False
5297358029719925,1778500837,2026-05-11 12:00:37+08:00,5297357123485784,十年了又要十年吗,11,15,1778490074015,广东,5297358029719925,2194868354,科技疯汇,m,https://m.weibo.cn/u/2194868354?launchid=10000360-page_H5,"https://tvax4.sinaimg.cn/crop.0.0.690.690.180/82d30882ly8gdljvx4uurj20j60j60t2.jpg?KID=imgbed,tva&Expires=1778500872&ssig=GvU3pDE46c",search_comments_2026-05-11.csv,search_comment,十年了又要十年吗,True,False
5297428724450939,1778517692,2026-05-11 16:41:32+08:00,5297425402560938,哈哈，时间是真快啊,0,0,1778490080409,陕西,5297428724450939,7552468445,尼古拉斯龙大爷,m,https://m.weibo.cn/u/7552468445?launchid=10000360-page_H5,"https://tvax4.sinaimg.cn/crop.0.0.427.427.180/008f7o3bly8h6bp6gefg6j30bv0bvmxn.jpg?KID=imgbed,tva&Expires=1778500878&ssig=6BgpjsHtzs",search_comments_2026-05-11.csv,search_comment,哈哈时间是真快啊,True,False
5297420101488608,1778515636,2026-05-11 16:07:16+08:00,5297395091113202,先让两局的打法被你学会了,1,23,1778490144674,陕西,5297420101488608,6404306408,卧槽,f,https://m.weibo.cn/u/6404306408?launchid=10000360-page_H5,"https://tvax3.sinaimg.cn/crop.0.0.1080.1080.180/006ZpOEEly8ic1wgew26ij30u00u0ta9.jpg?KID=imgbed,tva&Expires=1778500942&ssig=KBGatonzwT",search_comments_2026-05-11.csv,search_comment,先让两局的打法被你学会了,True,False
5297421468304843,1778515962,2026-05-11 16:12:42+08:00,5297395091113202,别让梁靖崑辅导孩子写作业,0,12,1778490144680,广东,5297421468304843,2177264584,罗伯特佩琦,f,https://m.weibo.cn/u/2177264584?launchid=10000360-page_H5,"https://tvax1.sinaimg.cn/crop.0.0.1080.1080.180/81c66bc8ly8i909s33o90j20u00u0tay.jpg?KID=imgbed,tva&Expires=1778500942&ssig=QQvrs7KiTk",search_comments_2026-05-11.csv,search_comment,别让梁靖崑辅导孩子写作业,True,False
5297420579635731,1778515749,2026-05-11 16:09:09+08:00,5297395091113202,谐音嘛，你们不懂大胖的幽默,0,9,1778490144688,河北,5297420579635731,6109473483,D假期多多M,f,https://m.weibo.cn/u/6109473483?launchid=10000360-page_H5,"https://tvax1.sinaimg.cn/crop.0.0.996.996.180/006FsJ8Tly8gcd9h2n3wvj30ro0rojto.jpg?KID=imgbed,tva&Expires=1778500942&ssig=k6QTzlaRUe",search_comments_2026-05-11.csv,search_comment,谐音嘛你们不懂大胖的幽默,True,False
5297323582162381,1778492624,2026-05-11 09:43:44+08:00,5297307182170391,国乒男队稳扎稳打，未来可期,0,1,1778490151312,辽宁,5297323582162381,7956227709,幸运星66_,f,https://m.weibo.cn/u/7956227709?launchid=10000360-page_H5,"https://tvax3.sinaimg.cn/crop.0.0.1080.1080.180/008Grwhnly8hzufavg5moj30u00u0dhi.jpg?KID=imgbed,tva&Expires=1778500949&ssig=OoCYRUIR%2F7",search_comments_2026-05-11.csv,search_comment,国乒男队稳扎稳打未来可期,True,False
5297323022224975,1778492491,2026-05-11 09:41:31+08:00,5297307182170391,连续两场逆转太精彩了,0,1,1778490151326,辽宁,5297323022224975,6273878752,信自己-111,f,https://m.weibo.cn/u/6273878752?launchid=10000360-page_H5,"https://tvax2.sinaimg.cn/crop.0.0.1080.1080.180/006QAysMly8hy0cqitem6j30u00u0tbf.jpg?KID=imgbed,tva&Expires=1778500949&ssig=n%2FqKg5WxCq",search_comments_2026-05-11.csv,search_comment,连续两场逆转太精彩了,True,False
5297322079814982,1778492266,2026-05-11 09:37:46+08:00,5297307182170391,祝贺世乒赛中国男乒夺冠,0,1,1778490151338,辽宁,5297322079814982,7642681031,钱多多-ZL,f,https://m.weibo.cn/u/7642681031?launchid=10000360-page_H5,"https://tvax3.sinaimg.cn/crop.0.0.1080.1080.180/008ldUsTly8hzvv4nmig6j30u00u075g.jpg?KID=imgbed,tva&Expires=1778500949&ssig=BKgoQzd1gC",search_comments_2026-05-11.csv,search_comment,祝贺世乒赛中国男乒夺冠,True,False
5297424294740300,1778516635,2026-05-11 16:23:55+08:00,5297422877590040,太激动了吧，谁都会打错字,0,0,1778490208480,浙江,5297424294740300,2017508361,甜芷龍的锁骨,f,https://m.weibo.cn/u/2017508361?launchid=10000360-page_H5,"https://tvax3.sinaimg.cn/crop.0.0.798.798.180/7840bc09ly8ibtf94lavlj20m60m6757.jpg?KID=imgbed,tva&Expires=1778501006&ssig=YNR8NOY8BI",search_comments_2026-05-11.csv,search_comment,太激动了吧谁都会打错字,True,False
5297424185952275,1778516610,2026-05-11 16:23:30+08:00,5297422877590040,就是啊，打字谁还看那么细,0,0,1778490208490,辽宁,5297424185952275,1355474783,杨小屁ing,m,https://m.weibo.cn/u/1355474783?launchid=10000360-page_H5,"https://tvax3.sinaimg.cn/crop.0.0.1080.1080.180/50cae75fly8i3jtldxfsuj20u00u0gnf.jpg?KID=imgbed,tva&Expires=1778501006&ssig=q3EtxcP2Ig",search_comments_2026-05-11.csv,search_comment,就是啊打字谁还看那么细,True,False
5297423973092094,1778516559,2026-05-11 16:22:39+08:00,5297422877590040,打错字才真实啊，又不是机器人。,0,0,1778490208498,河南,5297423973092094,7727023635,薄荷奶律,m,https://m.weibo.cn/u/7727023635?launchid=10000360-page_H5,"https://tvax1.sinaimg.cn/crop.0.0.1024.1024.180/008qVNPtly8i7ro2paia4j30sg0sgdh2.jpg?KID=imgbed,tva&Expires=1778501006&ssig=K7GAx3zgtS",search_comments_2026-05-11.csv,search_comment,打错字才真实啊又不是机器人,True,False
5297419856383287,1778515578,2026-05-11 16:06:18+08:00,5297415465993815,是呢，有时候直接按了输入法的前面一组词，直接手快发出去,0,0,1778490231912,山西,5297419856383287,3806235986,任性做Queen的Princess,f,https://m.weibo.cn/u/3806235986?launchid=10000360-page_H5,"https://tva2.sinaimg.cn/crop.0.0.996.996.180/e2de8d52jw8f3n4t6quf0j20ro0rpdnb.jpg?KID=imgbed,tva&Expires=1778501030&ssig=69YGdTdAvE",search_comments_2026-05-11.csv,search_comment,是呢有时候直接按了输入法的前面一组词直接手快发出去,True,False
5297419193688177,1778515420,2026-05-11 16:03:40+08:00,5297415465993815,我经常激动就会打错字,0,0,1778490231918,广东,5297419193688177,3474189750,想睡觉的南瓜手撕包,f,https://m.weibo.cn/u/3474189750?launchid=10000360-page_H5,"https://tvax1.sinaimg.cn/crop.0.0.1080.1080.180/cf13edb6ly8i52mavelzuj20u00u0764.jpg?KID=imgbed,tva&Expires=1778501030&ssig=gP%2BtIQizzx",search_comments_2026-05-11.csv,search_comment,我经常激动就会打错字,True,False
5297396150174583,1778509926,2026-05-11 14:32:06+08:00,5297374626843696,让子弹飞一会……,1,12,1778490411228,北京,5297396150174583,7344712981,论代史,m,https://m.weibo.cn/u/7344712981?launchid=10000360-page_H5,"https://tvax3.sinaimg.cn/crop.0.0.1080.1080.180/00813FmBly8ia60bl3o96j30u00u0tbp.jpg?KID=imgbed,tva&Expires=1778501209&ssig=B0kAJQwx%2BE",search_comments_2026-05-11.csv,search_comment,让子弹飞一会,True,False
5297378108375596,1778505624,2026-05-11 13:20:24+08:00,5297374626843696,目前，调查工作正在进行中。我们将本着对人民群众高度负责、实事求是的原则，严格依纪依法核查事实。如反映情况属实，必将严肃处理，绝不姑息；如涉及不实信息，也将予以澄清。,0,1,1778490411233,,5297378108375596,7751130532,九派财经,f,https://m.weibo.cn/u/7751130532?launchid=10000360-page_H5,"https://tvax4.sinaimg.cn/crop.0.0.600.600.180/008syX8oly8hnjohumlrsj30go0goq3w.jpg?KID=imgbed,tva&Expires=1778501209&ssig=CnkgQi0dMw",search_comments_2026-05-11.csv,search_comment,目前调查工作正在进行中我们将本着对人民群众高度负责实事求是的原则严格依纪依法核查事实如反映情况属实必将严肃处理绝不姑息如涉及不实信息也将予以澄清,True,False
5297378048608664,1778505610,2026-05-11 13:20:10+08:00,5297374626843696,5月10日，网络出现反映“安康高新区临空经济区党工委公职人员上班时间纠集他人私闯民宅，并对年迈重病的父亲实施殴打”的帖文。安康高新区空港新城党委对此高度重视，已立即会同相关部门成立由高新区纪工委、公安高新分局组成的联合调查组，正在依法依规全面开展调查核实。,0,0,1778490411235,,5297378048608664,3154756305,九派视频,f,https://m.weibo.cn/u/3154756305?launchid=10000360-page_H5,"https://tvax2.sinaimg.cn/crop.0.0.600.600.180/bc09c2d1ly8h8vhtf7bboj20go0go0tm.jpg?KID=imgbed,tva&Expires=1778501209&ssig=5b8xS1o4jd",search_comments_2026-05-11.csv,search_comment,5月10日网络出现反映安康高新区临空经济区党工委公职人员上班时间纠集他人私闯民宅并对年迈重病的父亲实施殴打的帖文安康高新区空港新城党委对此高度重视已立即会同相关部门成立由高新区纪工委公安高新分局组成的联合调查组正在依法依规全面开展调查核实,True,False
5297347103819621,1778498232,2026-05-11 11:17:12+08:00,5297328082911512,评论区以热烈期待《藏海传2》为主，约65%评论强调肖战的核心作用，呼吁原班人马回归，肯定其演技与剧集质量；20%认可首部制作及导演务实态度；少数（15%）对演技或续集逻辑存疑。整体氛围积极，肖战个人号召力突出。继续提问戳-&gt;微博智搜,6,182,1778490554395,微博智搜AI生成,5297347103819621,7892270010,微博智搜,f,https://m.weibo.cn/u/7892270010?launchid=10000360-page_H5,"https://tvax2.sinaimg.cn/crop.0.0.1080.1080.180/008C79XAly8i5grzh416kj30u00u0t8z.jpg?KID=imgbed,tva&Expires=1778501352&ssig=1GahqoGQcJ",search_comments_2026-05-11.csv,search_comment,评论区以热烈期待藏海传2为主约65评论强调肖战的核心作用呼吁原班人马回归肯定其演技与剧集质量20认可首部制作及导演务实态度少数15对演技或续集逻辑存疑整体氛围积极肖战个人号召力突出继续提问戳gt微博智搜,True,False
5297343431706883,1778497357,2026-05-11 11:02:37+08:00,5297328082911512,期待肖战继续饰演《藏海传2》,4,975,1778490554402,河北,5297343431706883,5724538797,赞赞的三月,f,https://m.weibo.cn/u/5724538797?launchid=10000360-page_H5,"https://tvax1.sinaimg.cn/crop.0.0.512.512.180/006fpA2Vly8hfgobgiqs7j30e80e8aai.jpg?KID=imgbed,tva&Expires=1778501352&ssig=Z%2Bt%2FG3uTPX",search_comments_2026-05-11.csv,search_comment,期待肖战继续饰演藏海传2,True,False
5297328216612181,1778493729,2026-05-11 10:02:09+08:00,5297328082911512,藏海传国剧之光，太喜欢肖战藏海了，期待,9,1048,1778490554412,浙江,5297328216612181,7307541398,阳春时姐,f,https://m.weibo.cn/u/7307541398?launchid=10000360-page_H5,"https://tvax2.sinaimg.cn/crop.0.0.1080.1080.180/007YxHkWly8i5fyxiqq46j30u00u00uw.jpg?KID=imgbed,tva&Expires=1778501352&ssig=7b5OBmWcG5",search_comments_2026-05-11.csv,search_comment,藏海传国剧之光太喜欢肖战藏海了期待,True,False
5297350314823778,1778498998,2026-05-11 11:29:58+08:00,5297347387985000,太爱肖战对表演的执着了！为了角色愿意花时间沉淀，从外形到内心都向角色靠拢，这种认真劲儿让每一部新剧都值得期待，快点官宣新作品吧！@肖战,0,0,1778490560984,中国台湾,5297350314823778,7893964243,日落粉粉xz,f,https://m.weibo.cn/u/7893964243?launchid=10000360-page_H5,"https://tvax2.sinaimg.cn/crop.0.0.512.512.180/008CegHVly8hokfvbxioqj30e80e8jrx.jpg?KID=imgbed,tva&Expires=1778501359&ssig=xhi%2Fzr3FOf",search_comments_2026-05-11.csv,search_comment,太爱肖战对表演的执着了为了角色愿意花时间沉淀从外形到内心都向角色靠拢这种认真劲儿让每一部新剧都值得期待快点官宣新作品吧,True,False
5297385773466226,1778507452,2026-05-11 13:50:52+08:00,5297347387985000,评论区整体氛围积极热烈，主要围绕三方面：45%的评论强烈期待原班人马二搭，强调肖战与剧集的互相成就；35%的评论高度赞美肖战的演技、敬业精神及全球影响力，认可其个人魅力；其余20%为情感表达与祝福，以诗意语言传递支持。粉丝对剧集成功自豪，对...查看全部戳-&gt;微博智搜,0,1,1778490560990,微博智搜AI生成,5297385773466226,7892270010,微博智搜,f,https://m.weibo.cn/u/7892270010?launchid=10000360-page_H5,"https://tvax2.sinaimg.cn/crop.0.0.1080.1080.180/008C79XAly8i5grzh416kj30u00u0t8z.jpg?KID=imgbed,tva&Expires=1778501359&ssig=%2FycMqHt%2FLS",search_comments_2026-05-11.csv,search_comment,评论区整体氛围积极热烈主要围绕三方面45的评论强烈期待原班人马二搭强调肖战与剧集的互相成就35的评论高度赞美肖战的演技敬业精神及全球影响力认可其个人魅力其余20为情感表达与祝福以诗意语言传递支持粉丝对剧集成功自豪对查看全部戳gt微博智搜,True,False
5297350358601661,1778499008,2026-05-11 11:30:08+08:00,5297349704025064,你觉得《藏海传》好看吗,5,3,1778490567583,广东,5297350358601661,5625931997,拔丝生瓜,f,https://m.weibo.cn/u/5625931997?launchid=10000360-page_H5,"https://tvax3.sinaimg.cn/crop.0.0.1080.1080.180/0068JPUFly8icbya872wbj30u00u0wil.jpg?KID=imgbed,tva&Expires=1778501365&ssig=S5tHNDosJK",search_comments_2026-05-11.csv,search_comment,你觉得藏海传好看吗,True,False
5297351434702752,1778499265,2026-05-11 11:34:25+08:00,5297349704025064,藏海传确实不错 我妈都在看,1,16,1778490567597,广东,5297351434702752,7331506344,绵羊底色,m,https://m.weibo.cn/u/7331506344?launchid=10000360-page_H5,"https://tvax3.sinaimg.cn/crop.0.0.1080.1080.180/0080afIkly8icbex5sg3wj30u00u0405.jpg?KID=imgbed,tva&Expires=1778501365&ssig=nmQTDw%2FDpq",search_comments_2026-05-11.csv,search_comment,藏海传确实不错 我妈都在看,True,False
5297328011612320,1778493680,2026-05-11 10:01:20+08:00,5297327003930403,藏海传的二创从去年一直刷到今年，肖战大爆剧就是权威,0,20,1778490574077,江西,5297328011612320,6597253123,星空BH007,f,https://m.weibo.cn/u/6597253123?launchid=10000360-page_H5,"https://tvax2.sinaimg.cn/crop.0.0.996.996.180/007ctoUrly8huckq4w0i0j30ro0ro0v6.jpg?KID=imgbed,tva&Expires=1778501372&ssig=mj6UqUDCFz",search_comments_2026-05-11.csv,search_comment,藏海传的二创从去年一直刷到今年肖战大爆剧就是权威,True,False
5297327619440980,1778493586,2026-05-11 09:59:46+08:00,5297327003930403,真不愧是现象级藏海传，无肖战不藏海,0,16,1778490574087,山东,5297327619440980,5650763246,轩豪那年,f,https://m.weibo.cn/u/5650763246?launchid=10000360-page_H5,"https://tvax4.sinaimg.cn/crop.0.0.644.644.180/006aq1EGly8ibzml8k78ij30hw0hw75d.jpg?KID=imgbed,tva&Expires=1778501372&ssig=pdNM%2FqmZPJ",search_comments_2026-05-11.csv,search_comment,真不愧是现象级藏海传无肖战不藏海,True,False
5297327440664754,1778493544,2026-05-11 09:59:04+08:00,5297327003930403,#藏海传2# #优酷官宣藏海传2等高分续作# 神级演技，第二部有肖战必追,0,10,1778490574092,辽宁,5297327440664754,3460486562,angelawowww,f,https://m.weibo.cn/u/3460486562?launchid=10000360-page_H5,"https://tvax3.sinaimg.cn/crop.0.0.1080.1080.180/ce42d5a2ly8icycx9m9bmj20u00u0q4x.jpg?KID=imgbed,tva&Expires=1778501372&ssig=HdxRRa9BVy",search_comments_2026-05-11.csv,search_comment,  神级演技第二部有肖战必追,True,False
5297371374161898,1778504019,2026-05-11 12:53:39+08:00,5297359567457780,原博核心观点是肖战与合作方均重视好剧本作为二搭前提。肖战因专业素养高、回报率高，获多个制片方青睐。针对《藏海传2》的期待，导演郑晓龙和制片人曹译文表示合作愉快、有创作意向，但强调需谨慎推进，优先考量剧本质量和观众反馈，题材不限现代或古装，关...查看全部戳-&gt;微博智搜,0,13,1778490580540,微博智搜AI生成,5297371374161898,7892270010,微博智搜,f,https://m.weibo.cn/u/7892270010?launchid=10000360-page_H5,"https://tvax2.sinaimg.cn/crop.0.0.1080.1080.180/008C79XAly8i5grzh416kj30u00u0t8z.jpg?KID=imgbed,tva&Expires=1778501378&ssig=FH51Z18GZq",search_comments_2026-05-11.csv,search_comment,原博核心观点是肖战与合作方均重视好剧本作为二搭前提肖战因专业素养高回报率高获多个制片方青睐针对藏海传2的期待导演郑晓龙和制片人曹译文表示合作愉快有创作意向但强调需谨慎推进优先考量剧本质量和观众反馈题材不限现代或古装关查看全部戳gt微博智搜,True,False
5297365053604844,1778502512,2026-05-11 12:28:32+08:00,5297359567457780,是的，好好搞，争取肖战,0,4,1778490580546,重庆,5297365053604844,7953298910,Aquarius-Q,f,https://m.weibo.cn/u/7953298910?launchid=10000360-page_H5,"https://tvax2.sinaimg.cn/crop.0.0.1080.1080.180/008GfemGly8icnsifqe24j30u00u0dhb.jpg?KID=imgbed,tva&Expires=1778501378&ssig=5cD6FMG9VG",search_comments_2026-05-11.csv,search_comment,是的好好搞争取肖战,True,False
5297360808707196,1778501500,2026-05-11 12:11:40+08:00,5297359567457780,那我先支持藏海传1巨男主@肖战 横扫各大奖！我们凭演技，台词，作品……这些硬实力应得的！,0,170,1778490580551,重庆,5297360808707196,7658744197,这边风景美如画啊,m,https://m.weibo.cn/u/7658744197?launchid=10000360-page_H5,"https://tvax3.sinaimg.cn/crop.0.0.1080.1080.180/008mjjedly8ibj8ofcb53j30u00u0q6w.jpg?KID=imgbed,tva&Expires=1778501378&ssig=sxnaB0ROp1",search_comments_2026-05-11.csv,search_comment,那我先支持藏海传1巨男主 横扫各大奖我们凭演技台词作品这些硬实力应得的,True,False
5297434635013932,1778519101,2026-05-11 17:05:01+08:00,5297434424249834,愿你所愿皆可偿，愿你前方的路都明亮，愿你平平安安，顺顺利利。@肖战,0,0,1778490599888,安徽,5297434635013932,7498395891,老虎打麻将,m,https://m.weibo.cn/u/7498395891?launchid=10000360-page_H5,"https://tvax3.sinaimg.cn/crop.0.0.996.996.180/008bsvjdly8gibb3hygypj30ro0rp42o.jpg?KID=imgbed,tva&Expires=1778501398&ssig=kKgen%2FlwWX",search_comments_2026-05-11.csv,search_comment,愿你所愿皆可偿愿你前方的路都明亮愿你平平安安顺顺利利,True,False
5297423182468233,1778516371,2026-05-11 16:19:31+08:00,5297367246967122,福建南平一公司倒闭后，其作为员工福利饲养的五只猫咪（三只大猫、两只小猫，含布偶猫和蓝猫）被法院列为资产进行司法拍卖，打包起拍价1万元。猫咪目前健康，由人照料，拍卖将于5月25日10点开始，竞价周期1天，已有数百次围观但暂无人报名。此事引发关...查看全部戳-&gt;微博智搜,0,6,1778490630813,微博智搜AI生成,5297423182468233,7892270010,微博智搜,f,https://m.weibo.cn/u/7892270010?launchid=10000360-page_H5,"https://tvax2.sinaimg.cn/crop.0.0.1080.1080.180/008C79XAly8i5grzh416kj30u00u0t8z.jpg?KID=imgbed,tva&Expires=1778501428&ssig=crH8pIXvYh",search_comments_2026-05-11.csv,search_comment,福建南平一公司倒闭后其作为员工福利饲养的五只猫咪三只大猫两只小猫含布偶猫和蓝猫被法院列为资产进行司法拍卖打包起拍价1万元猫咪目前健康由人照料拍卖将于5月25日10点开始竞价周期1天已有数百次围观但暂无人报名此事引发关查看全部戳gt微博智搜,True,False
5297369383961848,1778503544,2026-05-11 12:45:44+08:00,5297367246967122,可怜的咪咪,22,328,1778490630824,江苏,5297369383961848,7478386664,疯狂的毛头997,m,https://m.weibo.cn/u/7478386664?launchid=10000360-page_H5,"https://tvax4.sinaimg.cn/crop.0.0.1080.1080.180/008a6xZKly8hf79kljaiij30u00u177l.jpg?KID=imgbed,tva&Expires=1778501428&ssig=Z1WmkJ%2Bs3O",search_comments_2026-05-11.csv,search_comment,可怜的咪咪,True,False
5297379683339355,1778506000,2026-05-11 13:26:40+08:00,5297367246967122,别的不说，这公司老板很有人文关怀,13,227,1778490630833,江苏,5297379683339355,6753931160,好的好哪,m,https://m.weibo.cn/u/6753931160?launchid=10000360-page_H5,"https://tvax1.sinaimg.cn/default/images/default_avatar_male_180.gif?KID=imgbed,tva&Expires=1778501428&ssig=vgfjuv%2B8HV",search_comments_2026-05-11.csv,search_comment,别的不说这公司老板很有人文关怀,True,False
5297419489118456,1778515490,2026-05-11 16:04:50+08:00,5297419225138889,你知道猫能被法拍吗,3,4,1778490637448,中国台湾,5297419489118456,7973329244,云端有封信,f,https://m.weibo.cn/u/7973329244?launchid=10000360-page_H5,"https://tvax2.sinaimg.cn/crop.0.0.1080.1080.180/008HBhaAly8ictf9j2h0yj30u00u0myp.jpg?KID=imgbed,tva&Expires=1778501435&ssig=cL9GUIxzej",search_comments_2026-05-11.csv,search_comment,你知道猫能被法拍吗,True,False
5297425010920697,1778516807,2026-05-11 16:26:47+08:00,5297419225138889,怎么动物也能被法拍啊,1,1,1778490637457,山西,5297425010920697,7887428204,志保扣我,f,https://m.weibo.cn/u/7887428204?launchid=10000360-page_H5,"https://tvax3.sinaimg.cn/crop.0.0.1080.1080.180/008BMQnWly8iczax6s6jbj30u00u0acn.jpg?KID=imgbed,tva&Expires=1778501435&ssig=v9s17HSIef",search_comments_2026-05-11.csv,search_comment,怎么动物也能被法拍啊,True,False
5297420225490173,1778515666,2026-05-11 16:07:46+08:00,5297419225138889,猫可以这样换主人？,0,1,1778490637464,中国台湾,5297420225490173,6862937883,丞石石石Zhuang,f,https://m.weibo.cn/u/6862937883?launchid=10000360-page_H5,"https://tvax1.sinaimg.cn/crop.0.0.882.882.180/007usbEvly8hkvotxrap6j30oi0oiq3x.jpg?KID=imgbed,tva&Expires=1778501435&ssig=rz8xviPSik",search_comments_2026-05-11.csv,search_comment,猫可以这样换主人,True,False
5297434634753538,1778519101,2026-05-11 17:05:01+08:00,5297432550180932,希望猫咪能够被好好照顾吧,0,0,1778490643968,云南,5297434634753538,7530076409,楼颜壹,f,https://m.weibo.cn/u/7530076409?launchid=10000360-page_H5,"https://tvax3.sinaimg.cn/crop.0.0.1076.1076.180/008dBqRjly8i8jx8h3te0j30tw0tw42k.jpg?KID=imgbed,tva&Expires=1778501442&ssig=RdkH4oY5Ki",search_comments_2026-05-11.csv,search_comment,希望猫咪能够被好好照顾吧,True,False
5297434421102326,1778519050,2026-05-11 17:04:10+08:00,5297432550180932,之前就听说过这个事！希望猫咪被善待吧,0,0,1778490643981,上海,5297434421102326,7871327153,开心罗菲鱼,f,https://m.weibo.cn/u/7871327153?launchid=10000360-page_H5,"https://tvax1.sinaimg.cn/crop.0.0.800.800.180/008AHhLzly8i9bb2fd6zkj30m80m8ab7.jpg?KID=imgbed,tva&Expires=1778501442&ssig=xOEsIPmFWA",search_comments_2026-05-11.csv,search_comment,之前就听说过这个事希望猫咪被善待吧,True,False
5297433661146435,1778518869,2026-05-11 17:01:09+08:00,5297432550180932,愿猫咪能找到爱它们的主人,0,0,1778490643991,河北,5297433661146435,5312163974,赏优集,m,https://m.weibo.cn/u/5312163974?launchid=10000360-page_H5,"https://tvax2.sinaimg.cn/crop.0.0.1080.1080.180/005Nviw6ly8i8rxi7ufznj30u00u042a.jpg?KID=imgbed,tva&Expires=1778501442&ssig=9hns%2Fb%2FJCS",search_comments_2026-05-11.csv,search_comment,愿猫咪能找到爱它们的主人,True,False
5297432692262895,1778518638,2026-05-11 16:57:18+08:00,5297432223286813,大家知道去年的狸花猫吗,2,1,1778490650455,浙江,5297432692262895,6786114653,暇客千寻,f,https://m.weibo.cn/u/6786114653?launchid=10000360-page_H5,"https://tvax2.sinaimg.cn/crop.0.0.1003.1003.180/007pfQq9ly8i36py2bl4xj30rv0rv76a.jpg?KID=imgbed,tva&Expires=1778501448&ssig=iG64jnDrGj",search_comments_2026-05-11.csv,search_comment,大家知道去年的狸花猫吗,True,False
5297431332785180,1778518314,2026-05-11 16:51:54+08:00,5297426164354664,看着太难受了,0,1,1778490656973,河北,5297431332785180,2865824484,雪莉啊Lucky,f,https://m.weibo.cn/u/2865824484?launchid=10000360-page_H5,"https://tvax1.sinaimg.cn/crop.0.0.959.959.180/aad102e4ly8hwgpitg9qxj20qn0qngol.jpg?KID=imgbed,tva&Expires=1778501455&ssig=IgruKcCz6p",search_comments_2026-05-11.csv,search_comment,看着太难受了,True,False
5297427099945202,1778517305,2026-05-11 16:35:05+08:00,5297426164354664,这个猫好可爱,0,1,1778490656979,河南,5297427099945202,2496459023,松鼠举栗子0214,f,https://m.weibo.cn/u/2496459023?launchid=10000360-page_H5,"https://tvax2.sinaimg.cn/crop.0.0.1242.1242.180/94ccf10fly8fqfurfgp78j20yi0yiju7.jpg?KID=imgbed,tva&Expires=1778501455&ssig=6xg2eJeznz",search_comments_2026-05-11.csv,search_comment,这个猫好可爱,True,False
5297430423405803,1778518097,2026-05-11 16:48:17+08:00,5297426164354664,固定资产可以,0,0,1778490656984,江苏,5297430423405803,1408309864,秋叶知音,m,https://m.weibo.cn/u/1408309864?launchid=10000360-page_H5,"https://tvax3.sinaimg.cn/crop.0.0.1080.1080.180/53f11a68ly8ibewrko8bzj20u00u0ad5.jpg?KID=imgbed,tva&Expires=1778501455&ssig=%2Bs%2B0u9jWci",search_comments_2026-05-11.csv,search_comment,固定资产可以,True,False
5297418740444814,1778515312,2026-05-11 16:01:52+08:00,5297394365500664,员工能拍卖吗，只是资产而已,0,2,1778490663406,上海,5297418740444814,2252628690,一杯热奶茶_nicole,f,https://m.weibo.cn/u/2252628690?launchid=10000360-page_H5,"https://tvax4.sinaimg.cn/crop.0.0.1080.1080.180/864462d2ly8ghip74r9lmj20u00u0jst.jpg?KID=imgbed,tva&Expires=1778501461&ssig=OnDSgC6fPr",search_comments_2026-05-11.csv,search_comment,员工能拍卖吗只是资产而已,True,False
5297426831508632,1778517241,2026-05-11 16:34:01+08:00,5297394365500664,打包拍干嘛，买的起，也养不了5只猫呀,0,1,1778490663411,北京,5297426831508632,5018778080,用户f56z2mv0fo,m,https://m.weibo.cn/u/5018778080?launchid=10000360-page_H5,"https://tvax1.sinaimg.cn/default/images/default_avatar_male_180.gif?KID=imgbed,tva&Expires=1778501461&ssig=G8Vwy%2BLL9q",search_comments_2026-05-11.csv,search_comment,打包拍干嘛买的起也养不了5只猫呀,True,False
5297413134485051,1778513975,2026-05-11 15:39:35+08:00,5297394365500664,长相严肃的是啥猫,0,0,1778490663414,浙江,5297413134485051,2714384133,Italy帅帅,f,https://m.weibo.cn/u/2714384133?launchid=10000360-page_H5,"https://tva1.sinaimg.cn/crop.42.47.390.390.180/a1ca3705gw1efo692wou0j20cj0dawff.jpg?KID=imgbed,tva&Expires=1778501461&ssig=mi9FM6mpEb",search_comments_2026-05-11.csv,search_comment,长相严肃的是啥猫,True,False
5297421068271839,1778515866,2026-05-11 16:11:06+08:00,5297419197879210,1万元有谁买吗,3,5,1778490717717,四川,5297421068271839,7785628255,爱吃草莓鲜奶蛋糕,f,https://m.weibo.cn/u/7785628255?launchid=10000360-page_H5,"https://tvax1.sinaimg.cn/crop.0.0.1080.1080.180/008uTHzhly8i871xltamqj30u00u0gpt.jpg?KID=imgbed,tva&Expires=1778501515&ssig=sCjRu2ERov",search_comments_2026-05-11.csv,search_comment,1万元有谁买吗,True,False
5297421497666554,1778515969,2026-05-11 16:12:49+08:00,5297419197879210,猫咪被当作资产法拍也太让人唏嘘了,0,2,1778490717733,河北,5297421497666554,5344059989,立体123,f,https://m.weibo.cn/u/5344059989?launchid=10000360-page_H5,"https://tvax2.sinaimg.cn/crop.0.0.1080.1080.180/005PF87Xly8ic7bgmmmckj30u00u077o.jpg?KID=imgbed,tva&Expires=1778501515&ssig=bJiEYldyz5",search_comments_2026-05-11.csv,search_comment,猫咪被当作资产法拍也太让人唏嘘了,True,False
5297429499086761,1778517877,2026-05-11 16:44:37+08:00,5297427890571534,你觉得用这种方式安置小动物是否合适呢,1,1,1778490724145,河北,5297429499086761,6632511646,熠菽爱麻麻,m,https://m.weibo.cn/u/6632511646?launchid=10000360-page_H5,"https://tvax2.sinaimg.cn/crop.0.0.750.750.180/007eRlgily8gg6ni3ckubj30ku0kugma.jpg?KID=imgbed,tva&Expires=1778501522&ssig=sGM%2FkyILCa",search_comments_2026-05-11.csv,search_comment,你觉得用这种方式安置小动物是否合适呢,True,False
5297429357268047,1778517843,2026-05-11 16:44:03+08:00,5297427890571534,从员工变成被拍卖资产，猫咪的经历让人觉得很心疼,1,2,1778490724150,河北,5297429357268047,6891938167,爱你要jia倍,f,https://m.weibo.cn/u/6891938167?launchid=10000360-page_H5,"https://tvax4.sinaimg.cn/crop.0.0.512.512.180/007wpRX1ly8hqsqmh6zdij30e80e8gm0.jpg?KID=imgbed,tva&Expires=1778501522&ssig=ge7%2BkJUjIh",search_comments_2026-05-11.csv,search_comment,从员工变成被拍卖资产猫咪的经历让人觉得很心疼,True,False
5297429429880669,1778517860,2026-05-11 16:44:20+08:00,5297427890571534,世事无常，愿它们摆脱困境，往后都被好好善待照顾,0,2,1778490724153,河北,5297429429880669,6535080298,放ge大招,f,https://m.weibo.cn/u/6535080298?launchid=10000360-page_H5,"https://tvax2.sinaimg.cn/crop.0.0.512.512.180/0078gwUWly8hqsqayqckuj30e80e874o.jpg?KID=imgbed,tva&Expires=1778501522&ssig=%2FOwCXV4ngy",search_comments_2026-05-11.csv,search_comment,世事无常愿它们摆脱困境往后都被好好善待照顾,True,False
5297403725091029,1778511732,2026-05-11 15:02:12+08:00,5297403473169958,神舟二十三号任务标识设计惊艳，科技与文化完美融合，令人印象深刻。,0,0,1778490784771,湖北,5297403725091029,5535606401,东吴士大夫,m,https://m.weibo.cn/u/5535606401?launchid=10000360-page_H5,"https://tvax2.sinaimg.cn/crop.0.0.600.600.180/0062CQ6dly8hzwpomg892j30go0goacg.jpg?KID=imgbed,tva&Expires=1778501582&ssig=O%2BDs2kqWaT",search_comments_2026-05-11.csv,search_comment,神舟二十三号任务标识设计惊艳科技与文化完美融合令人印象深刻,True,False
5297417813496113,1778515091,2026-05-11 15:58:11+08:00,5297403473169958,转发微博热搜,0,0,1778490784774,河北,5297417813496113,5546210782,蝈蝈天津,m,https://m.weibo.cn/u/5546210782?launchid=10000360-page_H5,"https://tva1.sinaimg.cn/crop.4.7.170.170.180/0063lkMCjw8eq327vtlfrj305k05kaab.jpg?KID=imgbed,tva&Expires=1778501582&ssig=sJemnLoayL",search_comments_2026-05-11.csv,search_comment,转发微博热搜,True,False
5297422927660329,1778516310,2026-05-11 16:18:30+08:00,5297417482147077,兄弟，你点赞不少啊，给你点赞,0,0,1778490791142,浙江,5297422927660329,6506908161,猪总监,m,https://m.weibo.cn/u/6506908161?launchid=10000360-page_H5,"https://tvax2.sinaimg.cn/crop.0.0.915.915.180/0076mk3Dly8iavsbh2n3zj30pf0pfaax.jpg?KID=imgbed,tva&Expires=1778501589&ssig=We0s6iJozB",search_comments_2026-05-11.csv,search_comment,兄弟你不少啊给你,True,False
5297418078783118,1778515154,2026-05-11 15:59:14+08:00,5297417482147077,咱们就是说，这设计，绝了！既有科技感又不失文化底蕴，中国航天，yyds！ [语音评论8&quot;],0,0,1778490791146,AI罗伯特聪明版,5297418078783118,5762999670,评论罗伯特,f,https://m.weibo.cn/u/5762999670?launchid=10000360-page_H5,"https://tvax1.sinaimg.cn/crop.0.0.1080.1080.180/006i0XtAly8ibtn5bfjpij30u00u040l.jpg?KID=imgbed,tva&Expires=1778501589&ssig=EnqwUqE8%2BA",search_comments_2026-05-11.csv,search_comment,咱们就是说这设计绝了既有科技感又不失文化底蕴中国航天yyds 语音评论8quot,True,False
5297021915498484,1778420701,2026-05-10 13:45:01+08:00,5297018708692244,一直以来，用户在微信中进行转账或支付时，只能在零钱、零钱通和银行卡等支付方式中“单选”，账户余额不足时要么提现凑齐，要么分次转账，颇为不便。,2,2,1778490895094,,5297021915498484,6004281123,梨视频,m,https://m.weibo.cn/u/6004281123?launchid=10000360-page_H5,"https://tvax4.sinaimg.cn/crop.0.0.600.600.180/006yllNVly8h8wegdfz5fj30go0gojru.jpg?KID=imgbed,tva&Expires=1778501693&ssig=yjMWWuw%2Bpm",search_comments_2026-05-11.csv,search_comment,一直以来用户在微信中进行转账或支付时只能在零钱零钱通和银行卡等支付方式中单选账户余额不足时要么提现凑齐要么分次转账颇为不便,True,False
5297022011441408,1778420724,2026-05-10 13:45:24+08:00,5297018708692244,用户在转账收银台打开选卡页后，点击【付款方式】→ 右上角【组合支付】，即可选择两个支付方式进行组合，并自定义每个方式的支付金额，系统会自动计算补足差额。目前该功能仅限转账收银台使用，并正在逐步开放中，如用户界面暂无此选项，可后续留意更新。,0,3,1778490895100,,5297022011441408,6004281123,梨视频,m,https://m.weibo.cn/u/6004281123?launchid=10000360-page_H5,"https://tvax4.sinaimg.cn/crop.0.0.600.600.180/006yllNVly8h8wegdfz5fj30go0gojru.jpg?KID=imgbed,tva&Expires=1778501693&ssig=yjMWWuw%2Bpm",search_comments_2026-05-11.csv,search_comment,用户在转账收银台打开选卡页后点击付款方式 右上角组合支付即可选择两个支付方式进行组合并自定义每个方式的支付金额系统会自动计算补足差额目前该功能仅限转账收银台使用并正在逐步开放中如用户界面暂无此选项可后续留意更新,True,False
5297028502390510,1778422272,2026-05-10 14:11:12+08:00,5297018708692244,支付宝不是很早就可以了,5,81,1778490895105,上海,5297028502390510,1448851002,季诺QU,m,https://m.weibo.cn/u/1448851002?launchid=10000360-page_H5,"https://tva1.sinaimg.cn/crop.0.0.1002.1002.180/565bb63ajw8f5fycn202sj20ru0ru75z.jpg?KID=imgbed,tva&Expires=1778501693&ssig=4%2BYX0aaWDV",search_comments_2026-05-11.csv,search_comment,支付宝不是很早就可以了,True,False
5297423305675551,1778516400,2026-05-11 16:20:00+08:00,5297422667879433,支付宝早就可以啦,2,0,1778490901608,广东,5297423305675551,1922183057,东莞车干哥,m,https://m.weibo.cn/u/1922183057?launchid=10000360-page_H5,"https://tvax4.sinaimg.cn/crop.0.0.1080.1080.180/72922f91ly8hflct05iqsj20u00u0jx6.jpg?KID=imgbed,tva&Expires=1778501699&ssig=fRk%2FWwITim",search_comments_2026-05-11.csv,search_comment,支付宝早就可以啦,True,False
5297427327487626,1778517359,2026-05-11 16:35:59+08:00,5297422667879433,组合支付，刺激消费啊,2,0,1778490901615,北京,5297427327487626,1614106001,潘硕同学,m,https://m.weibo.cn/u/1614106001?launchid=10000360-page_H5,"https://tvax4.sinaimg.cn/crop.0.0.1080.1080.180/60354d91ly8hq8jp9yvk3j20u00u077f.jpg?KID=imgbed,tva&Expires=1778501699&ssig=V2JrSstKBF",search_comments_2026-05-11.csv,search_comment,组合支付刺激消费啊,True,False
5297432594482619,1778518615,2026-05-11 16:56:55+08:00,5297423022820862,以前营业额都放零钱通，后面要取出来发现限额，给手续费都不行的那种，老实放微众银行了,0,0,1778490908061,贵州,5297432594482619,2209754773,老肖先生哈哈哈哈,m,https://m.weibo.cn/u/2209754773?launchid=10000360-page_H5,"https://tvax1.sinaimg.cn/crop.0.0.1024.1024.180/83b62e95ly8hw8ypsfrusj20sg0sgteo.jpg?KID=imgbed,tva&Expires=1778501706&ssig=tF7H6gM1tJ",search_comments_2026-05-11.csv,search_comment,以前营业额都放零钱通后面要取出来发现限额给手续费都不行的那种老实放微众银行了,True,False
5297429613380042,1778517903,2026-05-11 16:45:03+08:00,5297423022820862,知道腾讯有客服，但是特别难找，也是给你找着了,0,0,1778490908065,浙江,5297429613380042,7882257854,打爆小趴菜,m,https://m.weibo.cn/u/7882257854?launchid=10000360-page_H5,"https://tvax1.sinaimg.cn/crop.0.0.1080.1080.180/008Br9lcly8hjibi416hej30u00u0tax.jpg?KID=imgbed,tva&Expires=1778501706&ssig=Q%2B2v9yWQ4C",search_comments_2026-05-11.csv,search_comment,知道腾讯有客服但是特别难找也是给你找着了,True,False
5297415783710958,1778514606,2026-05-11 15:50:06+08:00,5297414734876086,这个确实很方便,0,0,1778490914530,江西,5297415783710958,7784354353,期待相遇-MI,f,https://m.weibo.cn/u/7784354353?launchid=10000360-page_H5,"https://tvax3.sinaimg.cn/crop.0.1.1078.1078.180/008uOmatly8i4zmkv373nj30ty0u0ta2.jpg?KID=imgbed,tva&Expires=1778501712&ssig=IX6hyBVNNR",search_comments_2026-05-11.csv,search_comment,这个确实很方便,True,False
5297421689292279,1778516015,2026-05-11 16:13:35+08:00,5297418593633522,早该更新这个功能了，不然还要单独转出来。,0,1,1778490921029,浙江,5297421689292279,7621049074,捡破烂开个店,f,https://m.weibo.cn/u/7621049074?launchid=10000360-page_H5,"https://tvax4.sinaimg.cn/crop.0.0.1080.1080.180/008jL90mly8i9iaub2n6mj30u00u0gnr.jpg?KID=imgbed,tva&Expires=1778501719&ssig=yVkcuSxcoi",search_comments_2026-05-11.csv,search_comment,早该更新这个功能了不然还要单独转出来,True,False
5297421250986816,1778515910,2026-05-11 16:11:50+08:00,5297418593633522,现在有了吗？以前没有可麻烦。,0,0,1778490921042,浙江,5297421250986816,6996090015,哈哈哈哈哈嘿好,f,https://m.weibo.cn/u/6996090015?launchid=10000360-page_H5,"https://tvax3.sinaimg.cn/crop.0.0.1080.1080.180/007DsSBxly8iah1pt61bpj30u00u0wm7.jpg?KID=imgbed,tva&Expires=1778501719&ssig=TgsNvGz7iw",search_comments_2026-05-11.csv,search_comment,现在有了吗以前没有可麻烦,True,False
5297419778526346,1778515559,2026-05-11 16:05:59+08:00,5297418593633522,很省事啊！早就应该出了,0,0,1778490921046,贵州,5297419778526346,5000578328,你为什么把奶茶喝光了,f,https://m.weibo.cn/u/5000578328?launchid=10000360-page_H5,"https://tvax2.sinaimg.cn/crop.0.0.1080.1080.180/005spURaly8hdnvqviqsyj30u00u0gp3.jpg?KID=imgbed,tva&Expires=1778501719&ssig=iKaGXaVpXH",search_comments_2026-05-11.csv,search_comment,很省事啊早就应该出了,True,False
5297405075658729,1778512054,2026-05-11 15:07:34+08:00,5297404517814201,确实方便了,0,0,1778490944372,海南,5297405075658729,6322443086,许愿铺锦鲤少女,f,https://m.weibo.cn/u/6322443086?launchid=10000360-page_H5,"https://tvax2.sinaimg.cn/crop.0.0.1080.1080.180/006TSkguly8iclao8kyhfj30u00u0dik.jpg?KID=imgbed,tva&Expires=1778501742&ssig=TSQGo8LDB4",search_comments_2026-05-11.csv,search_comment,确实方便了,True,False
5297404825831046,1778511994,2026-05-11 15:06:34+08:00,5297404517814201,确实，这就方便多了呀,0,0,1778490944377,北京,5297404825831046,6334816060,D_一粒小豆子,m,https://m.weibo.cn/u/6334816060?launchid=10000360-page_H5,"https://tvax1.sinaimg.cn/crop.0.0.664.664.180/006UIf2Aly8glxeucc3s1j30ig0igdgb.jpg?KID=imgbed,tva&Expires=1778501742&ssig=VzSF6%2BJwvR",search_comments_2026-05-11.csv,search_comment,确实这就方便多了呀,True,False
5297404774453123,1778511982,2026-05-11 15:06:22+08:00,5297404517814201,可以哦，可以哦,0,0,1778490944381,贵州,5297404774453123,7484837891,恨与怨恨,f,https://m.weibo.cn/u/7484837891?launchid=10000360-page_H5,"https://tvax4.sinaimg.cn/crop.0.0.1080.1080.180/008axCfNly8ibc4c6iq4kj30u00u0jtz.jpg?KID=imgbed,tva&Expires=1778501742&ssig=%2F7wf8DLWKO",search_comments_2026-05-11.csv,search_comment,可以哦可以哦,True,False
5297394817174413,1778509608,2026-05-11 14:26:48+08:00,5297348597253046,这波联动太实用了，跟着眉姐姐学用AI试穿，好看率直线上升,0,4,1778490981745,黑龙江,5297394817174413,7737347525,gragjikmvrtu,f,https://m.weibo.cn/u/7737347525?launchid=10000360-page_H5,"https://tvax4.sinaimg.cn/crop.0.0.1080.1080.180/008rD7xPly8hz3tkiuwjpj30u00u00xv.jpg?KID=imgbed,tva&Expires=1778501779&ssig=UanQDGD%2BaE",search_comments_2026-05-11.csv,search_comment,这波联动太实用了跟着眉姐姐学用AI试穿好看率直线上升,True,False
5297419799238070,1778515564,2026-05-11 16:06:04+08:00,5297348597253046,眉姐姐的穿搭风格独特，每一次搭配都像在演绎一场时尚秀！高级又省心,0,2,1778490981750,上海,5297419799238070,7893143949,小法斗的快乐时光,f,https://m.weibo.cn/u/7893143949?launchid=10000360-page_H5,"https://tvax4.sinaimg.cn/crop.0.0.768.768.180/008CaPjnly8hq8g37znkgj30lc0lcjtt.jpg?KID=imgbed,tva&Expires=1778501779&ssig=IH73CkpmJH",search_comments_2026-05-11.csv,search_comment,眉姐姐的穿搭风格独特每一次搭配都像在演绎一场时尚秀高级又省心,True,False
5297390099630727,1778508483,2026-05-11 14:08:03+08:00,5297348597253046,眉姐姐穿啥都好看，让AI辅助能穿得更时尚,0,2,1778490981754,黑龙江,5297390099630727,5869956986,旺旺旺王女士,f,https://m.weibo.cn/u/5869956986?launchid=10000360-page_H5,"https://tvax2.sinaimg.cn/crop.0.0.364.364.180/006pfJXAly8hntzidx1yij30a40a4dgc.jpg?KID=imgbed,tva&Expires=1778501779&ssig=Z8PTxgZrJQ",search_comments_2026-05-11.csv,search_comment,眉姐姐穿啥都好看让AI辅助能穿得更时尚,True,False
5297350949472295,1778499149,2026-05-11 11:32:29+08:00,5297350500679852,AI这波操作，简直就是眉姐姐的私人造型师嘛！ [语音评论5&quot;],0,0,1778490988162,AI吃瓜罗伯特,5297350949472295,5606716867,吃瓜罗伯特,f,https://m.weibo.cn/u/5606716867?launchid=10000360-page_H5,"https://tvax1.sinaimg.cn/crop.0.0.921.921.180/0067rdbdly8ibrqhbg0vxj30pl0pl404.jpg?KID=imgbed,tva&Expires=1778501786&ssig=MeOJPZhauY",search_comments_2026-05-11.csv,search_comment,AI这波操作简直就是眉姐姐的私人造型师嘛 语音评论5quot,True,False
5297355559797766,1778500248,2026-05-11 11:50:48+08:00,5297350500679852,感觉这个ai挺懂我的,0,0,1778490988168,北京,5297355559797766,6579089044,日韩新歌速递,f,https://m.weibo.cn/u/6579089044?launchid=10000360-page_H5,"https://tvax4.sinaimg.cn/crop.0.0.828.828.180/007bfbBqly8gkdm82gayej30n00n0dhd.jpg?KID=imgbed,tva&Expires=1778501786&ssig=A5sC4eUsxd",search_comments_2026-05-11.csv,search_comment,感觉这个ai挺懂我的,True,False
5297355496622514,1778500233,2026-05-11 11:50:33+08:00,5297350500679852,哇塞! 这下我的衣橱也有进步的可能了啊,0,0,1778490988172,北京,5297355496622514,6579479289,喜剧贼好看,f,https://m.weibo.cn/u/6579479289?launchid=10000360-page_H5,"https://tvax1.sinaimg.cn/crop.0.0.1080.1080.180/007bgP7Hly8ggaaubyf6gj30u00u0gmq.jpg?KID=imgbed,tva&Expires=1778501786&ssig=v6Rb2ibbEm",search_comments_2026-05-11.csv,search_comment,哇塞 这下我的衣橱也有进步的可能了啊,True,False
5297355035509381,1778500123,2026-05-11 11:48:43+08:00,5297351352911153,我也想要试试这个AI试穿功能，看起来很有趣！,0,0,1778490994565,天津,5297355035509381,6579479608,甜包小饭团,f,https://m.weibo.cn/u/6579479608?launchid=10000360-page_H5,"https://tvax2.sinaimg.cn/crop.0.0.600.600.180/007bgPcQly8hsktzhbolnj30go0godi6.jpg?KID=imgbed,tva&Expires=1778501792&ssig=9u65f0qItx",search_comments_2026-05-11.csv,search_comment,我也想要试试这个AI试穿功能看起来很有趣,True,False
5297355014539038,1778500118,2026-05-11 11:48:38+08:00,5297351352911153,感觉挺实用的,0,0,1778490994568,北京,5297355014539038,6579479502,今天宠粉了吗,f,https://m.weibo.cn/u/6579479502?launchid=10000360-page_H5,"https://tvax2.sinaimg.cn/crop.0.0.996.996.180/007bgPb8ly8gkcwidlbqsj30ro0rodi0.jpg?KID=imgbed,tva&Expires=1778501792&ssig=6m1OrQW1qz",search_comments_2026-05-11.csv,search_comment,感觉挺实用的,True,False
5297355035510763,1778500123,2026-05-11 11:48:43+08:00,5297351352911153,这次变装太惊艳了！淘宝的AI试穿助力时尚！👍✨,0,0,1778490994571,天津,5297355035510763,6579089244,思密达味的棒棒糖,f,https://m.weibo.cn/u/6579089244?launchid=10000360-page_H5,"https://tvax1.sinaimg.cn/crop.45.106.322.322.180/007bfbEEly8gdulksl9gcj30c80g5gnb.jpg?KID=imgbed,tva&Expires=1778501792&ssig=d5yCBefrnS",search_comments_2026-05-11.csv,search_comment,这次变装太惊艳了淘宝的AI试穿助力时尚,True,False
5297361180165315,1778501588,2026-05-11 12:13:08+08:00,5297359866299983,哇！这个博主好厉害,0,0,1778491000951,天津,5297361180165315,6579089125,爱豆时光机,f,https://m.weibo.cn/u/6579089125?launchid=10000360-page_H5,"https://tvax2.sinaimg.cn/crop.0.0.512.512.180/007bfbCJly8gdjoya810rj30e80e8aak.jpg?KID=imgbed,tva&Expires=1778501799&ssig=J%2BwZRBkWCU",search_comments_2026-05-11.csv,search_comment,哇这个博主好厉害,True,False
5297360991159136,1778501543,2026-05-11 12:12:23+08:00,5297359866299983,这个AI换装的科技听起来好先进,0,0,1778491000959,北京,5297360991159136,6524418733,乐听乐开心,f,https://m.weibo.cn/u/6524418733?launchid=10000360-page_H5,"https://tvax1.sinaimg.cn/crop.0.0.996.996.180/0077xNmdly8gdimitn3avj30ro0roac6.jpg?KID=imgbed,tva&Expires=1778501799&ssig=IAyj14ng2C",search_comments_2026-05-11.csv,search_comment,这个AI换装的科技听起来好先进,True,False
5297361222108363,1778501598,2026-05-11 12:13:18+08:00,5297359866299983,这个ai换装的确实方便很多,0,0,1778491000968,北京,5297361222108363,6579479368,新剧乐享不停,m,https://m.weibo.cn/u/6579479368?launchid=10000360-page_H5,"https://tvax3.sinaimg.cn/crop.342.126.900.900.180/007bgP8Yly8gkcw614qevj31900u0af8.jpg?KID=imgbed,tva&Expires=1778501799&ssig=vcZZ4iPtFF",search_comments_2026-05-11.csv,search_comment,这个ai换装的确实方便很多,True,False
5297435544654517,1778519318,2026-05-11 17:08:38+08:00,5297435098484992,AI搭配师上线，眉姐姐的古典美又添科技范儿，这波跨界我给满分！以后出门前也想问问AI意见～,0,0,1778491024268,AI吃瓜罗伯特,5297435544654517,5606716867,吃瓜罗伯特,f,https://m.weibo.cn/u/5606716867?launchid=10000360-page_H5,"https://tvax1.sinaimg.cn/crop.0.0.921.921.180/0067rdbdly8ibrqhbg0vxj30pl0pl404.jpg?KID=imgbed,tva&Expires=1778501822&ssig=dFOIlVPmAq",search_comments_2026-05-11.csv,search_comment,AI搭配师上线眉姐姐的古典美又添科技范儿这波跨界我给满分以后出门前也想问问AI意见,True,False
5297421292144941,1778515920,2026-05-11 16:12:00+08:00,5297420810585660,AI设计师，你还有多少惊喜是我们不知道的？ [语音评论4&quot;],0,1,1778491030662,AI吃瓜罗伯特,5297421292144941,5606716867,吃瓜罗伯特,f,https://m.weibo.cn/u/5606716867?launchid=10000360-page_H5,"https://tvax1.sinaimg.cn/crop.0.0.921.921.180/0067rdbdly8ibrqhbg0vxj30pl0pl404.jpg?KID=imgbed,tva&Expires=1778501828&ssig=TsHiqzhtUz",search_comments_2026-05-11.csv,search_comment,AI设计师你还有多少惊喜是我们不知道的 语音评论4quot,True,False
5297425703244621,1778516972,2026-05-11 16:29:32+08:00,5297420810585660,AI技术让《甄嬛传》画面更生动，欣赏历史剧也能享受视觉盛宴！,0,1,1778491030668,四川,5297425703244621,2658235194,指尖兰州,m,https://m.weibo.cn/u/2658235194?launchid=10000360-page_H5,"https://tvax4.sinaimg.cn/crop.0.0.996.996.180/9e71733aly8glmo8sxx3uj20ro0rogme.jpg?KID=imgbed,tva&Expires=1778501828&ssig=vmUF3%2B0OHu",search_comments_2026-05-11.csv,search_comment,AI技术让甄嬛传画面更生动欣赏历史剧也能享受视觉盛宴,True,False
5297424457532974,1778516675,2026-05-11 16:24:35+08:00,5297420810585660,AI扩图技术真是《甄嬛传》里的小确幸，让经典画面更生动！,0,1,1778491030674,四川,5297424457532974,2658235194,指尖兰州,m,https://m.weibo.cn/u/2658235194?launchid=10000360-page_H5,"https://tvax4.sinaimg.cn/crop.0.0.996.996.180/9e71733aly8glmo8sxx3uj20ro0rogme.jpg?KID=imgbed,tva&Expires=1778501828&ssig=vmUF3%2B0OHu",search_comments_2026-05-11.csv,search_comment,AI扩图技术真是甄嬛传里的小确幸让经典画面更生动,True,False
5297431069853758,1778518251,2026-05-11 16:50:51+08:00,5297430585147905,AI造型师上线，眉姐姐美貌再升级！紫色加持，简直就是行走的调色盘嘛~ [语音评论8&quot;],0,0,1778491037067,AI吃瓜罗伯特,5297431069853758,5606716867,吃瓜罗伯特,f,https://m.weibo.cn/u/5606716867?launchid=10000360-page_H5,"https://tvax1.sinaimg.cn/crop.0.0.921.921.180/0067rdbdly8ibrqhbg0vxj30pl0pl404.jpg?KID=imgbed,tva&Expires=1778501835&ssig=7cModI2BqB",search_comments_2026-05-11.csv,search_comment,AI造型师上线眉姐姐美貌再升级紫色加持简直就是行走的调色盘嘛 语音评论8quot,True,False
5297435225624546,1778519242,2026-05-11 17:07:22+08:00,5297430585147905,如果衣服有温度，她的肯定是最舒服那件。,0,0,1778491037072,天津,5297435225624546,6328313304,好老龚GDP,f,https://m.weibo.cn/u/6328313304?launchid=10000360-page_H5,"https://tvax4.sinaimg.cn/crop.0.0.1080.1080.180/006UgXnqly8hwll1hx472j30u00u077y.jpg?KID=imgbed,tva&Expires=1778501835&ssig=%2Bd%2B8mRXYoj",search_comments_2026-05-11.csv,search_comment,如果衣服有温度她的肯定是最舒服那件,True,False
5297437300492209,1778519737,2026-05-11 17:15:37+08:00,5297430585147905,看来眉姐姐挺适合彩色衣服的呢,0,0,1778491037078,江苏,5297437300492209,1873790375,恬欣欣恬,f,https://m.weibo.cn/u/1873790375?launchid=10000360-page_H5,"https://tvax1.sinaimg.cn/crop.0.0.1080.1080.180/6fafc5a7ly8i3lidvw982j20u00u042h.jpg?KID=imgbed,tva&Expires=1778501835&ssig=HwfYpU2%2BRC",search_comments_2026-05-11.csv,search_comment,看来眉姐姐挺适合彩色衣服的呢,True,False
5297422622002054,1778516237,2026-05-11 16:17:17+08:00,5297421773184619,美国草药：我的电呢 ,6,88,1778492451543,辽宁,5297422622002054,7485485508,Luke2476,f,https://m.weibo.cn/u/7485485508?launchid=10000360-page_H5,"https://tvax2.sinaimg.cn/crop.0.0.600.600.180/008aAkJely8hilxcjrl9yj30go0goabl.jpg?KID=imgbed,tva&Expires=1778503249&ssig=HGm3yaZstS",search_comments_2026-05-11.csv,search_comment,美国草药我的电呢 ,True,False
5297422232454033,1778516144,2026-05-11 16:15:44+08:00,5297421773184619,只有人会掠夺，AI没那么恶意！,0,0,1778492451546,北京,5297422232454033,5116583264,jqzhao2018,m,https://m.weibo.cn/u/5116583264?launchid=10000360-page_H5,"https://tvax1.sinaimg.cn/default/images/default_avatar_male_180.gif?KID=imgbed,tva&Expires=1778503249&ssig=XmfyXwSZMQ",search_comments_2026-05-11.csv,search_comment,只有人会掠夺AI没那么恶意,True,False
5297422399439209,1778516183,2026-05-11 16:16:23+08:00,5297421773184619,等等，橙子也掠夺水资源？,4,5,1778492451547,浙江,5297422399439209,3212973942,一朝细雨,f,https://m.weibo.cn/u/3212973942?launchid=10000360-page_H5,"https://tvax4.sinaimg.cn/crop.0.0.690.690.180/bf821776ly8hdsy05bjo7j20j60j6gm0.jpg?KID=imgbed,tva&Expires=1778503249&ssig=lxCj%2F7Y0Gd",search_comments_2026-05-11.csv,search_comment,等等橙子也掠夺水资源,True,False
5297409382944066,1778513081,2026-05-11 15:24:41+08:00,5297393839114280,水是可再生资源但是水回到原来的地方需要能量啊😦。这个能量是ai公司需要承担的，现在却转接给当地居民。。。,1,0,1778492470906,广东,5297409382944066,7576980403,走山路上,m,https://m.weibo.cn/u/7576980403?launchid=10000360-page_H5,"https://tvax1.sinaimg.cn/default/images/default_avatar_male_180.gif?KID=imgbed,tva&Expires=1778503269&ssig=A31xu6hzqV",search_comments_2026-05-11.csv,search_comment,水是可再生资源但是水回到原来的地方需要能量啊这个能量是ai公司需要承担的现在却转接给当地居民,True,False
5297436585363916,1778519566,2026-05-11 17:12:46+08:00,5297427567087063,真正的智能，应该兼顾效率与可持续发展,0,5,1778492477423,贵州,5297436585363916,7837849626,爱吃草莓的仙女丫丫,f,https://m.weibo.cn/u/7837849626?launchid=10000360-page_H5,"https://tvax4.sinaimg.cn/crop.0.0.1070.1070.180/008yqOJsly8horqjjookzj30tq0tqwhl.jpg?KID=imgbed,tva&Expires=1778503275&ssig=%2Bp9jCWK%2FPL",search_comments_2026-05-11.csv,search_comment,真正的智能应该兼顾效率与可持续发展,True,False
5297436545516614,1778519557,2026-05-11 17:12:37+08:00,5297427567087063,缺水地区建机房真的需要谨慎,0,5,1778492477426,广东,5297436545516614,7588660125,脸颊红pp,f,https://m.weibo.cn/u/7588660125?launchid=10000360-page_H5,"https://tvax3.sinaimg.cn/crop.0.0.512.512.180/008hzf9Xly8gqgnmco4csj30e80e8ada.jpg?KID=imgbed,tva&Expires=1778503275&ssig=dL5za%2FGgZu",search_comments_2026-05-11.csv,search_comment,缺水地区建机房真的需要谨慎,True,False
5297436584842139,1778519566,2026-05-11 17:12:46+08:00,5297427567087063,其实这个还是要不断的创新才可以,0,4,1778492477427,四川,5297436584842139,5575814520,琳儿妹子199806,m,https://m.weibo.cn/u/5575814520?launchid=10000360-page_H5,"https://tva2.sinaimg.cn/crop.0.0.100.100.180/0065ly4gjw8eqmfqjt1r7j302s02sa9u.jpg?KID=imgbed,tva&Expires=1778503275&ssig=wJIL3LI0vQ",search_comments_2026-05-11.csv,search_comment,其实这个还是要不断的创新才可以,True,False
5297400584342917,1778510983,2026-05-11 14:49:43+08:00,5297399603134872,原来要用这么多的水资源,2,1,1778492490348,江苏,5297400584342917,2593187790,吃到海鲜就改名,f,https://m.weibo.cn/u/2593187790?launchid=10000360-page_H5,"https://tvax2.sinaimg.cn/crop.0.0.1080.1080.180/9a90e7cely8ibnwd204lfj20u00u0n1i.jpg?KID=imgbed,tva&Expires=1778503288&ssig=ttRnzxAe0d",search_comments_2026-05-11.csv,search_comment,原来要用这么多的水资源,True,False
5297402166383108,1778511360,2026-05-11 14:56:00+08:00,5297399603134872,AI原来也耗水的,1,0,1778492490354,浙江,5297402166383108,5941096900,酒笙风月,f,https://m.weibo.cn/u/5941096900?launchid=10000360-page_H5,"https://tvax4.sinaimg.cn/crop.0.0.1024.1024.180/006u4eHyly8id1l1qz9sqj30sg0sg0w0.jpg?KID=imgbed,tva&Expires=1778503288&ssig=c6B1YRj5Yk",search_comments_2026-05-11.csv,search_comment,AI原来也耗水的,True,False
5297400080240590,1778510863,2026-05-11 14:47:43+08:00,5297399603134872,这也挺难的啊,1,0,1778492490362,北京,5297400080240590,7336975992,俺是王铁锤,f,https://m.weibo.cn/u/7336975992?launchid=10000360-page_H5,"https://tvax4.sinaimg.cn/crop.0.0.1080.1080.180/0080xcCsly8i09ubtv1dqj30u00u0tc5.jpg?KID=imgbed,tva&Expires=1778503288&ssig=tjKvPX5uNh",search_comments_2026-05-11.csv,search_comment,这也挺难的啊,True,False
