comment_id,create_time,create_date_time,note_id,content,sub_comment_count,comment_like_count,last_modify_ts,ip_location,parent_comment_id,user_id,nickname,gender,profile_url,avatar,source_file,data_type,cleaned_content,is_meaningful,is_duplicate
5299894344749088,1779105542,2026-05-18 11:59:02+08:00,5299894231238943,医院肯定忙疯了吧？,2,13,1779077147959,青海,5299894344749088,7813950653,玫瑰泠,f,https://m.weibo.cn/u/7813950653?launchid=10000360-page_H5,"https://tvax1.sinaimg.cn/crop.0.0.1080.1080.180/008wOxw9ly8id7goh50xnj30u00u077o.jpg?KID=imgbed,tva&Expires=1779087947&ssig=b4ahKtV1fp",search_comments_2026-05-18.csv,search_comment,医院肯定忙疯了吧,True,False
5299894629696249,1779105610,2026-05-18 12:00:10+08:00,5299894231238943,震源8公里，凌晨的地震，每一秒都是煎熬🙏,1,0,1779077147963,青海,5299894629696249,7813317638,养只小喵叫七零,m,https://m.weibo.cn/u/7813317638?launchid=10000360-page_H5,"https://tvax3.sinaimg.cn/crop.0.1.1078.1078.180/008wLSQely8id7isldou9j30ty0u0773.jpg?KID=imgbed,tva&Expires=1779087947&ssig=kx0F24WILy",search_comments_2026-05-18.csv,search_comment,震源8公里凌晨的地震每一秒都是煎熬,True,False
5299895799911527,1779105889,2026-05-18 12:04:49+08:00,5299894231238943,一定要平安健康呀,0,1,1779077147969,黑龙江,5299895799911527,7787331577,茉莉浆,f,https://m.weibo.cn/u/7787331577?launchid=10000360-page_H5,"https://tvax2.sinaimg.cn/crop.0.0.1080.1080.180/008v0QGdly8id8xp6ph51j30u00u0wgs.jpg?KID=imgbed,tva&Expires=1779087947&ssig=L2XaWWXavu",search_comments_2026-05-18.csv,search_comment,一定要平安健康呀,True,False
5299894861693827,1779105665,2026-05-18 12:01:05+08:00,5299885072713125,"The poor construction,and the use of some cheap materials are the main reason for the Death and destruction from an earhquake of magnitude 5.",0,0,1779077187033,辽宁,5299894861693827,7484117480,Scabatcho,m,https://m.weibo.cn/u/7484117480?launchid=10000360-page_H5,"https://tvax4.sinaimg.cn/crop.0.0.996.996.180/008auAQgly8ghnxeol18oj30ro0rogoq.jpg?KID=imgbed,tva&Expires=1779087986&ssig=7qE3deqbJ%2B",search_comments_2026-05-18.csv,search_comment,The poor constructionand the use of some cheap materials are the main reason for the Death and destruction from an earhquake of magnitude 5,True,False
5299894799565180,1779105649,2026-05-18 12:00:49+08:00,5299876977442898,汪汪队立大功,0,0,1779077199711,山东,5299894799565180,8306374181,用户8306374181,f,https://m.weibo.cn/u/8306374181?launchid=10000360-page_H5,"https://tvax1.sinaimg.cn/default/images/default_avatar_female_180.gif?KID=imgbed,tva&Expires=1779087999&ssig=Fvd3SoR75t",search_comments_2026-05-18.csv,search_comment,汪汪队立大功,True,False
5299885202999331,1779103362,2026-05-18 11:22:42+08:00,5299880094337265,①建筑安全评估报告 ②急诊／ICU备用电源启用时长 ③医护人员应急集结机制。公众需要确定性，不是推测性回答,0,0,1779077222411,贵州,5299885202999331,7295522984,海与迟落梦岛,f,https://m.weibo.cn/u/7295522984?launchid=10000360-page_H5,"https://tvax3.sinaimg.cn/crop.0.31.568.568.180/007XJgNyly8g6nt6t2jlkj30go0go76s.jpg?KID=imgbed,tva&Expires=1779088022&ssig=NEnJVOLqym",search_comments_2026-05-18.csv,search_comment,①建筑安全评估报告 ②急诊ICU备用电源启用时长 ③医护人员应急集结机制公众需要确定性不是推测性回答,True,False
5299886329169931,1779103631,2026-05-18 11:27:11+08:00,5299886249478388,感觉火不起来是有原因的呀,2,3,1779077235861,广东,5299886329169931,7911323078,千树春笺,m,https://m.weibo.cn/u/7911323078?launchid=10000360-page_H5,"https://tvax4.sinaimg.cn/crop.0.0.1080.1080.180/008Dp6x8ly8ic1qk5en59j30u00u0jv1.jpg?KID=imgbed,tva&Expires=1779088035&ssig=3DML%2FW3yVG",search_comments_2026-05-18.csv,search_comment,感觉火不起来是有原因的呀,True,False
5299888120140363,1779104058,2026-05-18 11:34:18+08:00,5299886249478388,这人真的品行不端。,1,2,1779077235865,湖南,5299888120140363,7727802905,等雨不归人,f,https://m.weibo.cn/u/7727802905?launchid=10000360-page_H5,"https://tvax2.sinaimg.cn/crop.0.0.1080.1080.180/008qZ4ylly8ibpaof4tf2j30u00u041g.jpg?KID=imgbed,tva&Expires=1779088035&ssig=%2FQtexQvi4Q",search_comments_2026-05-18.csv,search_comment,这人真的品行不端,True,False
5299886759084203,1779103732,2026-05-18 11:28:52+08:00,5299886249478388,这到底真的假的啊,1,1,1779077235867,内蒙古,5299886759084203,7530088302,姜十羽,f,https://m.weibo.cn/u/7530088302?launchid=10000360-page_H5,"https://tvax2.sinaimg.cn/crop.0.0.1080.1080.180/008dBtX8ly8i7okuurtd2j30u00u0tdj.jpg?KID=imgbed,tva&Expires=1779088035&ssig=jcXMqUjD3b",search_comments_2026-05-18.csv,search_comment,这到底真的假的啊,True,False
5299891364692765,1779104831,2026-05-18 11:47:11+08:00,5299891207407127,你们看过他演的剧吗,2,2,1779077242192,四川,5299891364692765,3964811778,纯示,f,https://m.weibo.cn/u/3964811778?launchid=10000360-page_H5,"https://tvax3.sinaimg.cn/crop.0.0.1080.1080.180/ec523a02ly8id7ij1lbm6j20u00u0wgk.jpg?KID=imgbed,tva&Expires=1779088042&ssig=5Z5bourTs%2B",search_comments_2026-05-18.csv,search_comment,你们看过他演的剧吗,True,False
5299892454689456,1779105091,2026-05-18 11:51:31+08:00,5299891207407127,怎么能这样呢都结婚了,0,1,1779077242196,江西,5299892454689456,7778192439,純粹心迹-,f,https://m.weibo.cn/u/7778192439?launchid=10000360-page_H5,"https://tvax1.sinaimg.cn/crop.0.0.1080.1080.180/008uovaLly8id8zhonfhxj30u00u040e.jpg?KID=imgbed,tva&Expires=1779088042&ssig=%2FD5aP3gonN",search_comments_2026-05-18.csv,search_comment,怎么能这样呢都结婚了,True,False
5299892840825571,1779105182,2026-05-18 11:53:02+08:00,5299891207407127,我天，这是真的还是假的,0,2,1779077242199,辽宁,5299892840825571,7924133956,野子哥手里的冰美式,m,https://m.weibo.cn/u/7924133956?launchid=10000360-page_H5,"https://tvax1.sinaimg.cn/crop.0.0.1080.1080.180/008EgRecly8id8ovzh4w6j30u00u076w.jpg?KID=imgbed,tva&Expires=1779088042&ssig=vvtY6Efpk2",search_comments_2026-05-18.csv,search_comment,我天这是真的还是假的,True,False
5299885501055051,1779103432,2026-05-18 11:23:52+08:00,5299885351900519,你们觉得是真的吗,2,2,1779077248632,山东,5299885501055051,7484789926,江晚月畔,f,https://m.weibo.cn/u/7484789926?launchid=10000360-page_H5,"https://tvax2.sinaimg.cn/crop.0.0.1080.1080.180/008axpMaly8id8q9aa4fhj30u00u0go5.jpg?KID=imgbed,tva&Expires=1779088048&ssig=%2FxD0PtG0P6",search_comments_2026-05-18.csv,search_comment,你们觉得是真的吗,True,False
5299890906468458,1779104722,2026-05-18 11:45:22+08:00,5299885351900519,真的假的？等后续,1,3,1779077248635,河北,5299890906468458,6412429517,花开半夏flower_,f,https://m.weibo.cn/u/6412429517?launchid=10000360-page_H5,"https://tvax4.sinaimg.cn/crop.0.0.1080.1080.180/006ZXTQxly8id4w3n3vs1j30u00u07aq.jpg?KID=imgbed,tva&Expires=1779088048&ssig=BKZ4tYWzVi",search_comments_2026-05-18.csv,search_comment,真的假的等后续,True,False
5299891070044125,1779104761,2026-05-18 11:46:01+08:00,5299885351900519,不信谣，不传谣,1,2,1779077248639,四川,5299891070044125,7006089516,山楂是甜的不是酸的,f,https://m.weibo.cn/u/7006089516?launchid=10000360-page_H5,"https://tvax1.sinaimg.cn/crop.0.0.1080.1080.180/007E8PVOly8icmg6tfjmnj30u00u0774.jpg?KID=imgbed,tva&Expires=1779088048&ssig=QFjERupXyn",search_comments_2026-05-18.csv,search_comment,不信谣不传谣,True,False
5299893393952253,1779105315,2026-05-18 11:55:15+08:00,5299893293549358,你们相信蒋毅吗,2,2,1779077254976,河北,5299893393952253,7479241593,阿赵的lover,f,https://m.weibo.cn/u/7479241593?launchid=10000360-page_H5,"https://tvax1.sinaimg.cn/crop.0.0.1080.1080.180/008aa8oVly8icmtqn4rtnj30u00u0goe.jpg?KID=imgbed,tva&Expires=1779088054&ssig=7LqkCqbv%2Fo",search_comments_2026-05-18.csv,search_comment,你们相信蒋毅吗,True,False
5299893632502598,1779105372,2026-05-18 11:56:12+08:00,5299893293549358,我天妻子好无辜啊,1,1,1779077254981,河北,5299893632502598,7944587026,我才不学乖ovo,m,https://m.weibo.cn/u/7944587026?launchid=10000360-page_H5,"https://tvax2.sinaimg.cn/crop.0.0.1080.1080.180/008FEG0qly8id8v6a5i44j30u00u0n0m.jpg?KID=imgbed,tva&Expires=1779088054&ssig=BAyaWpnpqa",search_comments_2026-05-18.csv,search_comment,我天妻子好无辜啊,True,False
5299895439460608,1779105803,2026-05-18 12:03:23+08:00,5299893293549358,真的吗天呐这真的很难评,1,1,1779077254986,天津,5299895439460608,7972841018,酥酥饱er,f,https://m.weibo.cn/u/7972841018?launchid=10000360-page_H5,"https://tvax4.sinaimg.cn/crop.0.0.1080.1080.180/008Hze9Yly8i1ba2ucdsij30u00u077f.jpg?KID=imgbed,tva&Expires=1779088054&ssig=fpMPu33IXu",search_comments_2026-05-18.csv,search_comment,真的吗天呐这真的很难评,True,False
5299883922688431,1779103057,2026-05-18 11:17:37+08:00,5299883163521040,上热搜了如愿了,1,0,1779077261367,北京,5299883922688431,8436469111,Five爱吃瓜,f,https://m.weibo.cn/u/8436469111?launchid=10000360-page_H5,"https://tvax4.sinaimg.cn/crop.0.0.793.793.180/009cWz0rly8icncq3yvzjj30m10m1t9o.jpg?KID=imgbed,tva&Expires=1779088061&ssig=78zlpBml9D",search_comments_2026-05-18.csv,search_comment,上热搜了如愿了,True,False
5299883847190055,1779103039,2026-05-18 11:17:19+08:00,5299883163521040,当年真的白月光,1,1,1779077261369,北京,5299883847190055,9176588048,Four柿柿如意,f,https://m.weibo.cn/u/9176588048?launchid=10000360-page_H5,"https://tvax2.sinaimg.cn/crop.0.0.500.500.180/00a121KEly8icncoadx6hj30dw0dwt9z.jpg?KID=imgbed,tva&Expires=1779088061&ssig=gWQ8FPbPIH",search_comments_2026-05-18.csv,search_comment,当年真的白月光,True,False
5299883772217233,1779103021,2026-05-18 11:17:01+08:00,5299883163521040,这过分了吧,1,1,1779077261371,北京,5299883772217233,8359268790,手指头好吃吗,f,https://m.weibo.cn/u/8359268790?launchid=10000360-page_H5,"https://tvax4.sinaimg.cn/crop.0.0.500.500.180/0097IDFYly8icncor7f3bj30dw0dw0ty.jpg?KID=imgbed,tva&Expires=1779088061&ssig=BEVXpC5enM",search_comments_2026-05-18.csv,search_comment,这过分了吧,True,False
5299851699159801,1779095374,2026-05-18 09:09:34+08:00,5299846263341679,头发没这么长的怎么整,3,37,1779077324009,福建,5299851699159801,3740668620,_Miracle_Y,f,https://m.weibo.cn/u/3740668620?launchid=10000360-page_H5,"https://tvax4.sinaimg.cn/crop.0.0.828.828.180/def612ccly8h8jhp1yntsj20n00n0q48.jpg?KID=imgbed,tva&Expires=1779088123&ssig=ylZlqe0jjC",search_comments_2026-05-18.csv,search_comment,头发没这么长的怎么整,True,False
5299849659944615,1779094888,2026-05-18 09:01:28+08:00,5299846263341679,丸子头教程赶紧学起来,0,0,1779077324012,江苏,5299849659944615,6149174447,波光灵灵的地盘,f,https://m.weibo.cn/u/6149174447?launchid=10000360-page_H5,"https://tvax2.sinaimg.cn/crop.0.0.255.255.180/006I9jb1ly8hd3vglni3dj3073073t8n.jpg?KID=imgbed,tva&Expires=1779088123&ssig=PcuKrwlqK%2F",search_comments_2026-05-18.csv,search_comment,丸子头教程赶紧学起来,True,False
5299849146666268,1779094766,2026-05-18 08:59:26+08:00,5299846263341679,好看非常喜欢,0,1,1779077324015,吉林,5299849146666268,7927109628,心向阳光每一刻,f,https://m.weibo.cn/u/7927109628?launchid=10000360-page_H5,"https://tvax1.sinaimg.cn/crop.0.0.960.960.180/008EtlkUly8hqr3hgnw23j30qo0qogqg.jpg?KID=imgbed,tva&Expires=1779088123&ssig=%2F0Yp9xrlIz",search_comments_2026-05-18.csv,search_comment,好看非常喜欢,True,False
5299211902127296,1778942835,2026-05-16 14:47:15+08:00,5299211666982617,歪个话题姐姐这个嘴好好看涂的什么！！！,9,60,1779077330358,吉林,5299211902127296,5597478687,小盐主义,f,https://m.weibo.cn/u/5597478687?launchid=10000360-page_H5,"https://tvax4.sinaimg.cn/crop.0.0.1080.1080.180/0066OrUjly8id1g7hzv44j30u00u0jtm.jpg?KID=imgbed,tva&Expires=1779088130&ssig=NpQ%2BbmzO%2Bo",search_comments_2026-05-18.csv,search_comment,歪个话题姐姐这个嘴好好看涂的什么,True,False
5299218759552568,1778944470,2026-05-16 15:14:30+08:00,5299211666982617,我喜欢那种清冷温柔的感觉，但是我觉得我本人又是那种比较活泼搞笑类型的，有点互相矛盾了,5,63,1779077330363,广东,5299218759552568,5197255510,花椒油快跑i,f,https://m.weibo.cn/u/5197255510?launchid=10000360-page_H5,"https://tvax2.sinaimg.cn/crop.0.0.1080.1080.180/005FJ9zMly8hdm3he5jyij30u00u0dhf.jpg?KID=imgbed,tva&Expires=1779088130&ssig=SsOkn8JCzM",search_comments_2026-05-18.csv,search_comment,我喜欢那种清冷温柔的感觉但是我觉得我本人又是那种比较活泼搞笑类型的有点互相矛盾了,True,False
5299368769095536,1778980235,2026-05-17 01:10:35+08:00,5299211666982617,想问单眼皮怎么画眼妆呢,1,4,1779077330366,北京,5299368769095536,6442199771,LL-咕噜菇凉,f,https://m.weibo.cn/u/6442199771?launchid=10000360-page_H5,"https://tvax2.sinaimg.cn/crop.0.0.1080.1080.180/0071YOrVly8g8d5nhx9smj30u00u0ad7.jpg?KID=imgbed,tva&Expires=1779088130&ssig=g%2B9JKqUZrG",search_comments_2026-05-18.csv,search_comment,想问单眼皮怎么画眼妆呢,True,False
5299892173932647,1779105024,2026-05-18 11:50:24+08:00,5299888587277097,我是看会了后续还得再练练,0,3,1779077336695,黑龙江,5299892173932647,3277567757,v-v玉钥匙,f,https://m.weibo.cn/u/3277567757?launchid=10000360-page_H5,"https://tvax2.sinaimg.cn/crop.0.0.1080.1080.180/c35bb70dly8htaoxwnq1dj20u00u0n0l.jpg?KID=imgbed,tva&Expires=1779088136&ssig=sEbK8SC4TY",search_comments_2026-05-18.csv,search_comment,我是看会了后续还得再练练,True,False
5299890215191271,1779104557,2026-05-18 11:42:37+08:00,5299888587277097,好细致的教学,0,1,1779077336698,四川,5299890215191271,7830195380,-综咪来了,f,https://m.weibo.cn/u/7830195380?launchid=10000360-page_H5,"https://tvax3.sinaimg.cn/crop.0.0.713.713.180/008xUHvSly8id57qsoa1uj30jt0jtjrv.jpg?KID=imgbed,tva&Expires=1779088136&ssig=QtlP5JNn2U",search_comments_2026-05-18.csv,search_comment,好细致的教学,True,False
5299892761395700,1779105163,2026-05-18 11:52:43+08:00,5299888587277097,看了你的教程，我扁头终于有救了！那个后脑勺弧度太绝了～,0,0,1779077336701,四川,5299892761395700,6512098742,彩橙橘子花,m,https://m.weibo.cn/u/6512098742?launchid=10000360-page_H5,"https://tvax2.sinaimg.cn/crop.0.0.512.512.180/0076I6mGly8i3esi2dkldj30e80e8jrv.jpg?KID=imgbed,tva&Expires=1779088136&ssig=y2Uv06PVEe",search_comments_2026-05-18.csv,search_comment,看了你的教程我扁头终于有救了那个后脑勺弧度太绝了,True,False
5299815043042099,1779086635,2026-05-18 06:43:55+08:00,5299815027836546,姜乘澜的丸子头，真的太迷人了！轻松get，瞬间提升气质，让人一见倾心。,0,0,1779077343047,辽宁,5299815043042099,7338506918,单车小朋,f,https://m.weibo.cn/u/7338506918?launchid=10000360-page_H5,"https://tvax1.sinaimg.cn/crop.0.0.512.512.180/0080DCSOly8hliltxsnuej30e80e8jsh.jpg?KID=imgbed,tva&Expires=1779088142&ssig=rpKbRi1LLa",search_comments_2026-05-18.csv,search_comment,姜乘澜的丸子头真的太迷人了轻松get瞬间提升气质让人一见倾心,True,False
5299303897368720,1778964768,2026-05-16 20:52:48+08:00,5299297432376292,你们觉得这个教程好用吗,2,16,1779077349450,浙江,5299303897368720,7222147404,吟溪孰与译_,m,https://m.weibo.cn/u/7222147404?launchid=10000360-page_H5,"https://tvax3.sinaimg.cn/crop.0.0.480.480.180/007SLossly8i4rqxjhmptj30dc0dcgm7.jpg?KID=imgbed,tva&Expires=1779088149&ssig=iKT0EitxFm",search_comments_2026-05-18.csv,search_comment,你们觉得这个教程好用吗,True,False
5299304492433444,1778964909,2026-05-16 20:55:09+08:00,5299297432376292,总结一下视频内容@微博智搜,1,3,1779077349452,浙江,5299304492433444,7222147404,吟溪孰与译_,m,https://m.weibo.cn/u/7222147404?launchid=10000360-page_H5,"https://tvax3.sinaimg.cn/crop.0.0.480.480.180/007SLossly8i4rqxjhmptj30dc0dcgm7.jpg?KID=imgbed,tva&Expires=1779088149&ssig=iKT0EitxFm",search_comments_2026-05-18.csv,search_comment,总结一下视频内容,True,False
5299807029821933,1779084724,2026-05-18 06:12:04+08:00,5299297432376292,一看就会，一学就废，确实好看,0,11,1779077349455,黑龙江,5299807029821933,3793803581,阳光微凉风微热,f,https://m.weibo.cn/u/3793803581?launchid=10000360-page_H5,"https://tvax4.sinaimg.cn/crop.72.0.816.816.180/e220d93dly8ic66b1kslgj20qo0motb3.jpg?KID=imgbed,tva&Expires=1779088149&ssig=7gPOtLYZ6n",search_comments_2026-05-18.csv,search_comment,一看就会一学就废确实好看,True,False
5299861600601856,1779097735,2026-05-18 09:48:55+08:00,5299859984749032,这头烫的也不精神啊,1,0,1779077388502,河南,5299861600601856,6264977292,verylucky韩璀璨,f,https://m.weibo.cn/u/6264977292?launchid=10000360-page_H5,"https://tvax2.sinaimg.cn/crop.0.0.1080.1080.180/006PZcMQly8i6ujrxvxu0j30u00u043b.jpg?KID=imgbed,tva&Expires=1779088188&ssig=fsVMQMMD5%2B",search_comments_2026-05-18.csv,search_comment,这头烫的也不精神啊,True,False
5299895478520626,1779105812,2026-05-18 12:03:32+08:00,5299859984749032,恒哥也演我,0,0,1779077388503,浙江,5299895478520626,3909492335,成成boheyu,f,https://m.weibo.cn/u/3909492335?launchid=10000360-page_H5,"https://tvax2.sinaimg.cn/crop.0.0.1080.1080.180/e9061e6fly8i6i0bhzzhwj20u00u0413.jpg?KID=imgbed,tva&Expires=1779088188&ssig=E7qY2r1I%2FS",search_comments_2026-05-18.csv,search_comment,恒哥也演我,True,False
5299891108840155,1779104770,2026-05-18 11:46:10+08:00,5299859984749032,生无可恋JPG,0,0,1779077388505,江苏,5299891108840155,2534138842,LuckyQQ86,f,https://m.weibo.cn/u/2534138842?launchid=10000360-page_H5,"https://tvax3.sinaimg.cn/crop.0.0.1080.1080.180/970be3daly8i7fkkfnxtfj20u00u0jv7.jpg?KID=imgbed,tva&Expires=1779088188&ssig=0uvfsaQ8I1",search_comments_2026-05-18.csv,search_comment,生无可恋JPG,True,False
5299622224593215,1779040662,2026-05-17 17:57:42+08:00,5299238767952205,被人喜欢、讨厌、甚至无视 都很正常吧,1,12,1779077411572,北京,5299622224593215,1713830215,飒飒作响又怎样,f,https://m.weibo.cn/u/1713830215?launchid=10000360-page_H5,"https://tvax1.sinaimg.cn/crop.0.0.1080.1080.180/6626f947ly8i4tskfqjeaj20u00u0tcg.jpg?KID=imgbed,tva&Expires=1779088211&ssig=eAMKBDGR4K",search_comments_2026-05-18.csv,search_comment,被人喜欢讨厌甚至无视 都很正常吧,True,False
5299893087241584,1779105242,2026-05-18 11:54:02+08:00,5299238767952205,人家是成功以后说的,0,3,1779077411574,广西,5299893087241584,7432238742,反正不喝奶茶了,f,https://m.weibo.cn/u/7432238742?launchid=10000360-page_H5,"https://tvax1.sinaimg.cn/crop.0.0.1080.1080.180/0086YUOqgy1id7xxhmu9uj30u00u0myn.jpg?KID=imgbed,tva&Expires=1779088211&ssig=CXzo9qplmm",search_comments_2026-05-18.csv,search_comment,人家是成功以后说的,True,False
5299885534612209,1779103441,2026-05-18 11:24:01+08:00,5299238767952205,马斯克知道自己说过这句话吗？,0,2,1779077411577,北京,5299885534612209,3793826795,宇宙无敌大刘儿,m,https://m.weibo.cn/u/3793826795?launchid=10000360-page_H5,"https://tvax2.sinaimg.cn/crop.0.0.1080.1080.180/e22133ebly8g5qua0h78qj20u00u0t94.jpg?KID=imgbed,tva&Expires=1779088211&ssig=dqVHbfeeVN",search_comments_2026-05-18.csv,search_comment,马斯克知道自己说过这句话吗,True,False
5299893071776988,1779105238,2026-05-18 11:53:58+08:00,5299892180487920,如果你正在经历「婚姻危机」或者想要「分手复合」，直接✉️我，为你提供专业🆓分析,2,3,1779077417875,浙江,5299893071776988,2703597591,晓生,m,https://m.weibo.cn/u/2703597591?launchid=10000360-page_H5,"https://tvax1.sinaimg.cn/crop.0.0.1080.1080.180/a125a017ly8id8jfiwwrej20u00u0gmn.jpg?KID=imgbed,tva&Expires=1779088217&ssig=I0t486FRdw",search_comments_2026-05-18.csv,search_comment,如果你正在经历婚姻危机或者想要分手复合直接我为你提供专业分析,True,False
5299892532807087,1779105110,2026-05-18 11:51:50+08:00,5299892180487920,勇敢追求被讨厌的勇气，提升自己的魅力,6,4,1779077417877,福建,5299892532807087,5450193962,周尔菲,f,https://m.weibo.cn/u/5450193962?launchid=10000360-page_H5,"https://tvax3.sinaimg.cn/crop.0.0.512.512.180/005WQsqely8h2jmfmsuzrj30e80e8aat.jpg?KID=imgbed,tva&Expires=1779088217&ssig=DvkEeRnTG8",search_comments_2026-05-18.csv,search_comment,勇敢追求被讨厌的勇气提升自己的魅力,True,False
5299892487720374,1779105099,2026-05-18 11:51:39+08:00,5299892180487920,主动勇敢，定义自我，活出魅力。,3,3,1779077417881,福建,5299892487720374,2360758243,PS黑糖饅頭,m,https://m.weibo.cn/u/2360758243?launchid=10000360-page_H5,"https://tva2.sinaimg.cn/crop.0.0.720.720.180/8cb64fe3jw8eadey5qp9cj20k00k0gmo.jpg?KID=imgbed,tva&Expires=1779088217&ssig=Ke5aYEsc2u",search_comments_2026-05-18.csv,search_comment,主动勇敢定义自我活出魅力,True,False
5299883033759514,1779102845,2026-05-18 11:14:05+08:00,5299882584706839,把“主动”翻译成神经科学，就是前额叶皮层对杏仁核的再训练：每一次拒绝讨好，都在削弱社交威胁的应激回路，重塑自我主导的决策网络。,2,3,1779077424182,AI罗伯特聪明版,5299883033759514,5762999670,评论罗伯特,f,https://m.weibo.cn/u/5762999670?launchid=10000360-page_H5,"https://tvax1.sinaimg.cn/crop.0.0.1080.1080.180/006i0XtAly8ibtn5bfjpij30u00u040l.jpg?KID=imgbed,tva&Expires=1779088224&ssig=YahgiDu6OE",search_comments_2026-05-18.csv,search_comment,把主动翻译成神经科学就是前额叶皮层对杏仁核的再训练每一次拒绝讨好都在削弱社交威胁的应激回路重塑自我主导的决策网络,True,False
5299882622452442,1779102747,2026-05-18 11:12:27+08:00,5299882584706839,生活不必过度迎合，要活出自我价值。,1,3,1779077424189,辽宁,5299882622452442,7338506918,单车小朋,f,https://m.weibo.cn/u/7338506918?launchid=10000360-page_H5,"https://tvax1.sinaimg.cn/crop.0.0.512.512.180/0080DCSOly8hliltxsnuej30e80e8jsh.jpg?KID=imgbed,tva&Expires=1779088224&ssig=u68%2Fhre78q",search_comments_2026-05-18.csv,search_comment,生活不必过度迎合要活出自我价值,True,False
5299897116918160,1779106202,2026-05-18 12:10:02+08:00,5299896681761194,这个电影特别好看，女主超级勇敢有才华,0,1,1779077446927,北京,5299897116918160,6427473620,爱旻砖家,f,https://m.weibo.cn/u/6427473620?launchid=10000360-page_H5,"https://tvax2.sinaimg.cn/crop.0.0.1080.1080.180/0070Z1vmly8icvlns015oj30u00u0tax.jpg?KID=imgbed,tva&Expires=1779088246&ssig=4iU7bPOBkx",search_comments_2026-05-18.csv,search_comment,这个电影特别好看女主超级勇敢有才华,True,False
5299608357962611,1779037357,2026-05-17 17:02:37+08:00,5299606884716266,你能解决的事情你急什么？你不能解决的事情你又急什么？,13,2480,1779077520019,陕西,5299608357962611,5943452439,月入百万赵女士,f,https://m.weibo.cn/u/5943452439?launchid=10000360-page_H5,"https://tvax4.sinaimg.cn/crop.0.0.512.512.180/006ue7u7ly8gvnybx6s2qj60e80e80t502.jpg?KID=imgbed,tva&Expires=1779088319&ssig=yZS%2FDRRMQA",search_comments_2026-05-18.csv,search_comment,你能解决的事情你急什么你不能解决的事情你又急什么,True,False
5299609029316563,1779037517,2026-05-17 17:05:17+08:00,5299606884716266,干得越多，错得越多,0,34,1779077520028,江西,5299609029316563,7313557558,旧事森屿海巷,f,https://m.weibo.cn/u/7313557558?launchid=10000360-page_H5,"https://tvax3.sinaimg.cn/crop.0.0.1080.1080.180/007YWWpMly8icqhd87i96j30u00u03zi.jpg?KID=imgbed,tva&Expires=1779088319&ssig=jrKfqvihfw",search_comments_2026-05-18.csv,search_comment,干得越多错得越多,True,False
5299609107696964,1779037536,2026-05-17 17:05:36+08:00,5299606884716266, 做得快被催得更快，做得慢没人催,0,25,1779077520035,湖南,5299609107696964,7278726521,哇达西哭了,f,https://m.weibo.cn/u/7278726521?launchid=10000360-page_H5,"https://tvax2.sinaimg.cn/crop.0.0.1080.1080.180/007WANgRly8hx9mk3wpwcj30u00u0jt4.jpg?KID=imgbed,tva&Expires=1779088319&ssig=6tk5pBPAVW",search_comments_2026-05-18.csv,search_comment, 做得快被催得更快做得慢没人催,True,False
5299889659707823,1779104424,2026-05-18 11:40:24+08:00,5299888497887478,善良有度，先爱自己，再爱他人,1,0,1779077526455,宁夏,5299889659707823,5856681257,hi系我,m,https://m.weibo.cn/u/5856681257?launchid=10000360-page_H5,"https://tvax4.sinaimg.cn/crop.0.0.1080.1080.180/006om2kVly8id4b6z1froj30u00u0ac7.jpg?KID=imgbed,tva&Expires=1779088326&ssig=Sj8CdMBJd6",search_comments_2026-05-18.csv,search_comment,善良有度先爱自己再爱他人,True,False
5299891083675139,1779104764,2026-05-18 11:46:04+08:00,5299888497887478,那肯定是有实力才行,1,0,1779077526461,北京,5299891083675139,6400557777,探索科技世界,f,https://m.weibo.cn/u/6400557777?launchid=10000360-page_H5,"https://tvax1.sinaimg.cn/crop.0.0.1024.1024.180/006Za5sRly8hyilv5euiij30sg0sgjub.jpg?KID=imgbed,tva&Expires=1779088326&ssig=Nb0ZDWTADL",search_comments_2026-05-18.csv,search_comment,那肯定是有实力才行,True,False
5299895340109181,1779105779,2026-05-18 12:02:59+08:00,5299888497887478,对主要还是看你的能力,0,0,1779077526465,北京,5299895340109181,1770932411,eva-yangyang,f,https://m.weibo.cn/u/1770932411?launchid=10000360-page_H5,"https://tvax3.sinaimg.cn/crop.0.0.1080.1080.180/698e48bbly8i8wggw51hhj20u00u0goy.jpg?KID=imgbed,tva&Expires=1779088326&ssig=YuEUGrZbtx",search_comments_2026-05-18.csv,search_comment,对主要还是看你的能力,True,False
5299892009832980,1779104985,2026-05-18 11:49:45+08:00,5299890101160148,自己也快变成老油条了,0,0,1779077532821,山东,5299892009832980,7514137723,当时明月仍然在,m,https://m.weibo.cn/u/7514137723?launchid=10000360-page_H5,"https://tvax4.sinaimg.cn/crop.0.0.996.996.180/008cwytJly8gjvrr7s96qj30ro0roabg.jpg?KID=imgbed,tva&Expires=1779088332&ssig=Ivq%2F6FtfBT",search_comments_2026-05-18.csv,search_comment,自己也快变成老油条了,True,False
5299891934857645,1779104967,2026-05-18 11:49:27+08:00,5299890101160148,发个消息留个证据比啥都强,0,0,1779077532833,辽宁,5299891934857645,6408575637,阳光春天201711,f,https://m.weibo.cn/u/6408575637?launchid=10000360-page_H5,"https://tvax3.sinaimg.cn/crop.0.0.1080.1080.180/006ZHJhbly8i9ygj388gej30u00u0433.jpg?KID=imgbed,tva&Expires=1779088332&ssig=12AsMYwi%2Bc",search_comments_2026-05-18.csv,search_comment,发个消息留个证据比啥都强,True,False
5299892545393302,1779105113,2026-05-18 11:51:53+08:00,5299890840407456,不要责任心太强，学会摆烂与放手。,1,16,1779077539264,湖北,5299892545393302,2453682501,杨songll,m,https://m.weibo.cn/u/2453682501?launchid=10000360-page_H5,"https://tvax1.sinaimg.cn/crop.0.0.996.996.180/92403945ly8fec0bgtg5oj20ro0rogoh.jpg?KID=imgbed,tva&Expires=1779088339&ssig=D1iWWzGCDm",search_comments_2026-05-18.csv,search_comment,不要责任心太强学会摆烂与放手,True,False
5299892679609762,1779105145,2026-05-18 11:52:25+08:00,5299890840407456,树立边界感，切勿交浅言深。,1,13,1779077539275,湖北,5299892679609762,3619557480,嘿曼巴狂人,f,https://m.weibo.cn/u/3619557480?launchid=10000360-page_H5,"https://tvax3.sinaimg.cn/crop.0.0.996.996.180/d7be1068ly8ge8e43bs5bj20ro0ro42v.jpg?KID=imgbed,tva&Expires=1779088339&ssig=F07xkMeVLT",search_comments_2026-05-18.csv,search_comment,树立边界感切勿交浅言深,True,False
5299889313679781,1779104342,2026-05-18 11:39:02+08:00,5299888793324721,越勤快 要干的活越多,0,1,1779077545645,河北,5299889313679781,7754366956,白御宸_,m,https://m.weibo.cn/u/7754366956?launchid=10000360-page_H5,"https://tvax2.sinaimg.cn/crop.0.0.1080.1080.180/008sMx4Mly8icbxnm8njyj30u00u0t93.jpg?KID=imgbed,tva&Expires=1779088345&ssig=Ge50XHYgCn",search_comments_2026-05-18.csv,search_comment,越勤快 要干的活越多,True,False
5299889286152392,1779104335,2026-05-18 11:38:55+08:00,5299888793324721,还是别跟同事处的过于亲密吧，就是既好冷又温柔就比较好了。,0,0,1779077545654,河北,5299889286152392,7754366956,白御宸_,m,https://m.weibo.cn/u/7754366956?launchid=10000360-page_H5,"https://tvax2.sinaimg.cn/crop.0.0.1080.1080.180/008sMx4Mly8icbxnm8njyj30u00u0t93.jpg?KID=imgbed,tva&Expires=1779088345&ssig=Ge50XHYgCn",search_comments_2026-05-18.csv,search_comment,还是别跟同事处的过于亲密吧就是既好冷又温柔就比较好了,True,False
5299889271735349,1779104332,2026-05-18 11:38:52+08:00,5299888793324721,真的 这说的真的都对,0,0,1779077545661,河北,5299889271735349,7754366956,白御宸_,m,https://m.weibo.cn/u/7754366956?launchid=10000360-page_H5,"https://tvax2.sinaimg.cn/crop.0.0.1080.1080.180/008sMx4Mly8icbxnm8njyj30u00u0t93.jpg?KID=imgbed,tva&Expires=1779088345&ssig=Ge50XHYgCn",search_comments_2026-05-18.csv,search_comment,真的 这说的真的都对,True,False
5299889103703025,1779104292,2026-05-18 11:38:12+08:00,5299888515449290,学到了学到了,0,101,1779077558399,广东,5299889103703025,7512297634,声色静守,f,https://m.weibo.cn/u/7512297634?launchid=10000360-page_H5,"https://tvax4.sinaimg.cn/crop.0.0.1071.1071.180/008coPMSly8i1heuwxljfj30tr0trn01.jpg?KID=imgbed,tva&Expires=1779088358&ssig=971VLggUpW",search_comments_2026-05-18.csv,search_comment,学到了学到了,True,False
5299889315516421,1779104343,2026-05-18 11:39:03+08:00,5299888515449290,说得太对了吧,0,1,1779077558404,四川,5299889315516421,2609439217,大米饭多吃点,f,https://m.weibo.cn/u/2609439217?launchid=10000360-page_H5,"https://tvax4.sinaimg.cn/crop.0.0.1080.1080.180/9b88e1f1ly8i802gnm7xbj20u00u0n23.jpg?KID=imgbed,tva&Expires=1779088358&ssig=DOa1S7EdV7",search_comments_2026-05-18.csv,search_comment,说得太对了吧,True,False
5299889193878533,1779104314,2026-05-18 11:38:34+08:00,5299888515449290,上班人都懂吧,0,1,1779077558409,四川,5299889193878533,7801879466,小小菲菲儿-,f,https://m.weibo.cn/u/7801879466?launchid=10000360-page_H5,"https://tvax4.sinaimg.cn/crop.0.0.1080.1080.180/008vZTfAly8ia9sax9lbjj30u00u00tc.jpg?KID=imgbed,tva&Expires=1779088358&ssig=%2FACHuyJqT%2B",search_comments_2026-05-18.csv,search_comment,上班人都懂吧,True,False
5299890936089901,1779104729,2026-05-18 11:45:29+08:00,5299890478387053,你想要的他都有，他要的你也给得起 [语音评论4&quot;],0,0,1779077564726,AI罗伯特,5299890936089901,5762999670,评论罗伯特,f,https://m.weibo.cn/u/5762999670?launchid=10000360-page_H5,"https://tvax1.sinaimg.cn/crop.0.0.1080.1080.180/006i0XtAly8ibtn5bfjpij30u00u040l.jpg?KID=imgbed,tva&Expires=1779088364&ssig=OfrZEkpisL",search_comments_2026-05-18.csv,search_comment,你想要的他都有他要的你也给得起 语音评论4quot,True,False
5299847208895233,1779094304,2026-05-18 08:51:44+08:00,5299846735201006,亲历者赵先生表示，当时感觉特别严重，晃过了以后感觉大脑还是懵的，自己住在29楼，太高了，大震也逃不掉，最后找了个偏一点的地方，在车上睡了一晚。,1,7,1779077594685,,5299847208895233,1796087453,荔枝新闻,m,https://m.weibo.cn/u/1796087453?launchid=10000360-page_H5,"https://tvax2.sinaimg.cn/crop.0.0.1080.1080.180/6b0e1e9dly8i8a3x2pbnjj20u00u0n02.jpg?KID=imgbed,tva&Expires=1779088394&ssig=rGuL%2FSodHy",search_comments_2026-05-18.csv,search_comment,亲历者赵先生表示当时感觉特别严重晃过了以后感觉大脑还是懵的自己住在29楼太高了大震也逃不掉最后找了个偏一点的地方在车上睡了一晚,True,False
5299847171146748,1779094295,2026-05-18 08:51:35+08:00,5299846735201006,中国地震局对广西柳州5.2级地震启动三级应急服务响应。截至3时40分，初步统计当地已有4人送医，3人失联。当地部门正在全力开展救援工作。,0,0,1779077594691,,5299847171146748,1796087453,荔枝新闻,m,https://m.weibo.cn/u/1796087453?launchid=10000360-page_H5,"https://tvax2.sinaimg.cn/crop.0.0.1080.1080.180/6b0e1e9dly8i8a3x2pbnjj20u00u0n02.jpg?KID=imgbed,tva&Expires=1779088394&ssig=rGuL%2FSodHy",search_comments_2026-05-18.csv,search_comment,中国地震局对广西柳州52级地震启动三级应急服务响应截至3时40分初步统计当地已有4人送医3人失联当地部门正在全力开展救援工作,True,False
5299847112690827,1779094281,2026-05-18 08:51:21+08:00,5299846735201006,中国地震台网正式测定：5月18日00时21分，广西柳州市柳南区发生5.2级地震，震源深度8千米。,0,0,1779077594694,,5299847112690827,1796087453,荔枝新闻,m,https://m.weibo.cn/u/1796087453?launchid=10000360-page_H5,"https://tvax2.sinaimg.cn/crop.0.0.1080.1080.180/6b0e1e9dly8i8a3x2pbnjj20u00u0n02.jpg?KID=imgbed,tva&Expires=1779088394&ssig=rGuL%2FSodHy",search_comments_2026-05-18.csv,search_comment,中国地震台网正式测定5月18日00时21分广西柳州市柳南区发生52级地震震源深度8千米,True,False
5299892756678003,1779105163,2026-05-18 11:52:43+08:00,5299892339606186,生活就像一面镜子，你笑它也笑，你哭它也哭。选择用积极的心态面对，世界也会回馈你温暖与惊喜。 ,0,1,1779077601107,北京,5299892756678003,6043029513,TTWYR,f,https://m.weibo.cn/u/6043029513?launchid=10000360-page_H5,"https://tvax4.sinaimg.cn/crop.0.0.1080.1080.180/006AXW1Xly8ibrrwgbeqhj30u00u00u7.jpg?KID=imgbed,tva&Expires=1779088400&ssig=fr6YWBmsIE",search_comments_2026-05-18.csv,search_comment,生活就像一面镜子你笑它也笑你哭它也哭选择用积极的心态面对世界也会回馈你温暖与惊喜 ,True,False
5299895311270976,1779105772,2026-05-18 12:02:52+08:00,5299895208509909,保持一颗善良的心，就是人生幸福的源泉，就是一席永恒的筵席，就是被人尊重的资本。,0,6,1779077607441,广东,5299895311270976,6174171278,-酸奶多,f,https://m.weibo.cn/u/6174171278?launchid=10000360-page_H5,"https://tvax1.sinaimg.cn/crop.0.0.1080.1080.180/006JQbZIgy1icf6icner0j30u00u0di6.jpg?KID=imgbed,tva&Expires=1779088407&ssig=SPI%2B3Te6tk",search_comments_2026-05-18.csv,search_comment,保持一颗善良的心就是人生幸福的源泉就是一席永恒的筵席就是被人尊重的资本,True,False
5299895292398500,1779105768,2026-05-18 12:02:48+08:00,5299895208509909,做人要宽容，心容千缺，受得起百污，这是你的修养；做人要善良，心存仁爱，行得起百善，这是你的品格。,0,6,1779077607444,广东,5299895292398500,6174171278,-酸奶多,f,https://m.weibo.cn/u/6174171278?launchid=10000360-page_H5,"https://tvax1.sinaimg.cn/crop.0.0.1080.1080.180/006JQbZIgy1icf6icner0j30u00u0di6.jpg?KID=imgbed,tva&Expires=1779088407&ssig=SPI%2B3Te6tk",search_comments_2026-05-18.csv,search_comment,做人要宽容心容千缺受得起百污这是你的修养做人要善良心存仁爱行得起百善这是你的品格,True,False
5299895269592683,1779105762,2026-05-18 12:02:42+08:00,5299895208509909,善，乃万德之源，孝是百善之首。 善，即修身律己，即心想他人。 以情恕人，以理律己，以善助人。 心有善，德乃大；必有忍，事乃成。 念念行善终不悔，终有一日花开时。,0,6,1779077607449,广东,5299895269592683,6174171278,-酸奶多,f,https://m.weibo.cn/u/6174171278?launchid=10000360-page_H5,"https://tvax1.sinaimg.cn/crop.0.0.1080.1080.180/006JQbZIgy1icf6icner0j30u00u0di6.jpg?KID=imgbed,tva&Expires=1779088407&ssig=SPI%2B3Te6tk",search_comments_2026-05-18.csv,search_comment,善乃万德之源孝是百善之首 善即修身律己即心想他人 以情恕人以理律己以善助人 心有善德乃大必有忍事乃成 念念行善终不悔终有一日花开时,True,False
5299896670227416,1779106096,2026-05-18 12:08:16+08:00,5299896575856191,能为别人开花的心是善良的心，能为别人缤纷的赞美是真诚的情，能为别人的生活绚丽而付出的人是不寻常的人，这人类必定有高贵的精神，有高尚的品格，有天使般的心灵。这类人是人心的旗帜，人世的脊梁，人群的魂魄,4,2,1779077630427,河南,5299896670227416,7710783950,西岭雪未铭,f,https://m.weibo.cn/u/7710783950?launchid=10000360-page_H5,"https://tvax1.sinaimg.cn/crop.0.0.1080.1080.180/008pPF94ly8icy1pxa9v0j30u00u0403.jpg?KID=imgbed,tva&Expires=1779088430&ssig=D4lJ8bh52T",search_comments_2026-05-18.csv,search_comment,能为别人开花的心是善良的心能为别人缤纷的赞美是真诚的情能为别人的生活绚丽而付出的人是不寻常的人这人类必定有高贵的精神有高尚的品格有天使般的心灵这类人是人心的旗帜人世的脊梁人群的魂魄,True,False
5299894501246189,1779105579,2026-05-18 11:59:39+08:00,5299893993996294,生活的天空不可能永远清澈透明，有风雨也是常事。但只要向阳而生，保持内心的天空始终晴朗，便可不惧怕路途上的风雨。每天都给自己一个微笑，这是对自己的肯定，也是对未来的一份期许。,0,1,1779077636831,浙江,5299894501246189,5577021669,老公成年天天腰酸背痛,f,https://m.weibo.cn/u/5577021669?launchid=10000360-page_H5,"https://tvax4.sinaimg.cn/crop.0.0.1080.1080.180/0065qC6ply8icpcl4soooj30u00u0wfz.jpg?KID=imgbed,tva&Expires=1779088436&ssig=4%2BspcJuxgs",search_comments_2026-05-18.csv,search_comment,生活的天空不可能永远清澈透明有风雨也是常事但只要向阳而生保持内心的天空始终晴朗便可不惧怕路途上的风雨每天都给自己一个微笑这是对自己的肯定也是对未来的一份期许,True,False
5299894487089545,1779105575,2026-05-18 11:59:35+08:00,5299893993996294,"信任是一缕春风, 它会让枯藤绽出新绿; 信任是一条纽带,它连结了无数心灵。 信任又像绽放的花朵, 它需要友爱作空气, 忠诚作阳光, 关切作雨露。",0,1,1779077636838,浙江,5299894487089545,5577021669,老公成年天天腰酸背痛,f,https://m.weibo.cn/u/5577021669?launchid=10000360-page_H5,"https://tvax4.sinaimg.cn/crop.0.0.1080.1080.180/0065qC6ply8icpcl4soooj30u00u0wfz.jpg?KID=imgbed,tva&Expires=1779088436&ssig=4%2BspcJuxgs",search_comments_2026-05-18.csv,search_comment,信任是一缕春风 它会让枯藤绽出新绿 信任是一条纽带它连结了无数心灵 信任又像绽放的花朵 它需要友爱作空气 忠诚作阳光 关切作雨露,True,False
5299894052456208,1779105472,2026-05-18 11:57:52+08:00,5299893993996294,有人在奔跑，有人在睡觉，有人在感恩，有人在报怨，有目标的睡不着，没目标的人睡不醒，努力才是人生的应有态度，睁开眼就是新的开始。,0,1,1779077636843,浙江,5299894052456208,5577021669,老公成年天天腰酸背痛,f,https://m.weibo.cn/u/5577021669?launchid=10000360-page_H5,"https://tvax4.sinaimg.cn/crop.0.0.1080.1080.180/0065qC6ply8icpcl4soooj30u00u0wfz.jpg?KID=imgbed,tva&Expires=1779088436&ssig=4%2BspcJuxgs",search_comments_2026-05-18.csv,search_comment,有人在奔跑有人在睡觉有人在感恩有人在报怨有目标的睡不着没目标的人睡不醒努力才是人生的应有态度睁开眼就是新的开始,True,False
5299895680108771,1779105859,2026-05-18 12:04:19+08:00,5299894995650076,这么大声音,0,0,1779077643164,江苏,5299895680108771,5663544272,小次佬子,f,https://m.weibo.cn/u/5663544272?launchid=10000360-page_H5,"https://tva1.sinaimg.cn/crop.0.0.40.40.180/006bhEAgjw8eujnd5p982j30140143y9.jpg?KID=imgbed,tva&Expires=1779088442&ssig=cXfJI%2Bzdq2",search_comments_2026-05-18.csv,search_comment,这么大声音,True,False
5299824456633016,1779088879,2026-05-18 07:21:19+08:00,5299823494300107,张雪机车太牛了,1,10,1779077682822,上海,5299824456633016,1740281571,妮子的夏天,f,https://m.weibo.cn/u/1740281571?launchid=10000360-page_H5,"https://tvax2.sinaimg.cn/crop.0.0.1080.1080.180/67ba96e3ly8hlt80m8s1aj20u00u0dl3.jpg?KID=imgbed,tva&Expires=1779088482&ssig=8LkNGwghnc",search_comments_2026-05-18.csv,search_comment,张雪机车太牛了,True,False
5299841827605803,1779093021,2026-05-18 08:30:21+08:00,5299823494300107,第五冠最后这个超越清晰的展现了德比斯高超的驾驶技术,1,50,1779077682826,吉林,5299841827605803,1110789643,熘肉段加锅包肉,f,https://m.weibo.cn/u/1110789643?launchid=10000360-page_H5,"https://tvax4.sinaimg.cn/crop.0.0.996.996.180/42354e0bly8gdref8kpfhj20ro0rodib.jpg?KID=imgbed,tva&Expires=1779088482&ssig=whQAUmyyBg",search_comments_2026-05-18.csv,search_comment,第五冠最后这个超越清晰的展现了德比斯高超的驾驶技术,True,False
5299841053754441,1779092836,2026-05-18 08:27:16+08:00,5299823494300107,这个法国车手不愧是名老将，素质技术都挺过硬的,2,29,1779077682830,贵州,5299841053754441,2637504837,采蘑菇的小纪姑娘,f,https://m.weibo.cn/u/2637504837?launchid=10000360-page_H5,"https://tvax2.sinaimg.cn/crop.0.0.1002.1002.180/9d352145ly8go6gds2ig1j20ru0rujt4.jpg?KID=imgbed,tva&Expires=1779088482&ssig=%2FwqIinsIb9",search_comments_2026-05-18.csv,search_comment,这个法国车手不愧是名老将素质技术都挺过硬的,True,False
5299822065618076,1779088309,2026-05-18 07:11:49+08:00,5299811557573339,雅马哈车手破防了,1,4,1779077689269,安徽,5299822065618076,2520402873,晶刚专属,m,https://m.weibo.cn/u/2520402873?launchid=10000360-page_H5,"https://tvax2.sinaimg.cn/crop.0.0.1080.1080.180/963a4bb9ly8hhzbz346zzj20u00u0wg7.jpg?KID=imgbed,tva&Expires=1779088489&ssig=ykL0wFQlsw",search_comments_2026-05-18.csv,search_comment,雅马哈车手破防了,True,False
5299820396282032,1779087910,2026-05-18 07:05:10+08:00,5299811557573339,加油注意安全,0,3,1779077689272,河北,5299820396282032,2807472595,娱笨笨,f,https://m.weibo.cn/u/2807472595?launchid=10000360-page_H5,"https://tvax3.sinaimg.cn/crop.0.0.1080.1080.180/a756a1d3ly8i3k38iqucsj20u00u0mzj.jpg?KID=imgbed,tva&Expires=1779088489&ssig=3h0uziGAUx",search_comments_2026-05-18.csv,search_comment,加油注意安全,True,False
5299820001757893,1779087817,2026-05-18 07:03:37+08:00,5299811557573339,为他加油助威啊,0,1,1779077689276,山东,5299820001757893,7770596812,明凰琉璃,f,https://m.weibo.cn/u/7770596812?launchid=10000360-page_H5,"https://tvax4.sinaimg.cn/crop.0.0.1080.1080.180/008tSDcEly8hxy9hgh97lj30u00u0mzk.jpg?KID=imgbed,tva&Expires=1779088489&ssig=cc17dj%2Bf9E",search_comments_2026-05-18.csv,search_comment,为他加油助威啊,True,False
5299869820655399,1779099695,2026-05-18 10:21:35+08:00,5299869302128908,川崎和本田，直接成为路边两条,6,48,1779077695755,上海,5299869820655399,5822155461,月半的山风,m,https://m.weibo.cn/u/5822155461?launchid=10000360-page_H5,"https://tvax4.sinaimg.cn/crop.0.0.1080.1080.180/006m1aBfly8hu8dfrb0hbj30u00u0gpn.jpg?KID=imgbed,tva&Expires=1779088495&ssig=MrQjT00FOF",search_comments_2026-05-18.csv,search_comment,川崎和本田直接成为路边两条,True,False
5299873947845101,1779100678,2026-05-18 10:37:58+08:00,5299869302128908,总冠军很难的，这tag我都觉得是搞事。个人冠军可以冲击一下,0,0,1779077695760,福建,5299873947845101,5462595147,拉黑后又是一场胜利,m,https://m.weibo.cn/u/5462595147?launchid=10000360-page_H5,"https://tvax4.sinaimg.cn/crop.0.0.960.960.180/005XGuxlly8i644ex3twfj30qo0qo0vp.jpg?KID=imgbed,tva&Expires=1779088495&ssig=adEVnV4aRt",search_comments_2026-05-18.csv,search_comment,总冠军很难的这tag我都觉得是搞事个人冠军可以冲击一下,True,False
5299871949263512,1779100202,2026-05-18 10:30:02+08:00,5299869302128908,制造商积分这玩意儿挺流氓的，放F1那边就会变成（奔驰+迈凯伦+ALPINE+威廉姆斯）打（法拉利+哈斯+凯迪拉克）打（红牛+小红牛）打奥迪打本田,5,38,1779077695764,江苏,5299871949263512,2773514207,丛逍,m,https://m.weibo.cn/u/2773514207?launchid=10000360-page_H5,"https://tvax1.sinaimg.cn/crop.0.0.1080.1080.180/a55077dfly8hk6hlwpvihj20u00u0dit.jpg?KID=imgbed,tva&Expires=1779088495&ssig=xSiar%2FYEGu",search_comments_2026-05-18.csv,search_comment,制造商积分这玩意儿挺流氓的放F1那边就会变成奔驰迈凯伦ALPINE威廉姆斯打法拉利哈斯凯迪拉克打红牛小红牛打奥迪打本田,True,False
5299854436993942,1779096027,2026-05-18 09:20:27+08:00,5299728199713769,这标题写反了吧？？？？？到底有没有读过书啊？？？？,0,0,1779077702288,上海,5299854436993942,6372602338,钮钴禄爪爪儿,f,https://m.weibo.cn/u/6372602338?launchid=10000360-page_H5,"https://tvax1.sinaimg.cn/crop.0.0.1008.1008.180/006XgMYGly8gxmmikw3axj30s00s0q3y.jpg?KID=imgbed,tva&Expires=1779088501&ssig=y2wofgzemx",search_comments_2026-05-18.csv,search_comment,这标题写反了吧到底有没有读过书啊,True,False
5299853381078451,1779095775,2026-05-18 09:16:15+08:00,5299728199713769,到底是夺冠了还是落后了？,3,3,1779077702292,重庆,5299853381078451,7817046951,予宁浅笑_愛嘉伦,f,https://m.weibo.cn/u/7817046951?launchid=10000360-page_H5,"https://tvax2.sinaimg.cn/crop.0.0.512.512.180/008x1x0rly8hjpd63ejlyj30e80e83ym.jpg?KID=imgbed,tva&Expires=1779088501&ssig=2Hma%2BQkGBN",search_comments_2026-05-18.csv,search_comment,到底是夺冠了还是落后了,True,False
5299872480887150,1779100328,2026-05-18 10:32:08+08:00,5299815726711765,张雪机车这次夺冠真的太争气了,0,2,1779077708711,浙江,5299872480887150,6319160442,在大笑的榴莲,f,https://m.weibo.cn/u/6319160442?launchid=10000360-page_H5,"https://tvax1.sinaimg.cn/crop.0.0.1080.1080.180/006TEyiCly8ib0yepsg3ej30u00u078p.jpg?KID=imgbed,tva&Expires=1779088508&ssig=ywpDnwkwoh",search_comments_2026-05-18.csv,search_comment,张雪机车这次夺冠真的太争气了,True,False
5299865051728912,1779098558,2026-05-18 10:02:38+08:00,5299815726711765,越跑越精神,0,2,1779077708721,山东,5299865051728912,6287575304,用夕阳喂马,f,https://m.weibo.cn/u/6287575304?launchid=10000360-page_H5,"https://tvax1.sinaimg.cn/crop.0.0.500.500.180/006Rw1yUly8iajnhponqbj30dw0dwwfp.jpg?KID=imgbed,tva&Expires=1779088508&ssig=sSftRb2Hop",search_comments_2026-05-18.csv,search_comment,越跑越精神,True,False
5299819259627728,1779087640,2026-05-18 07:00:40+08:00,5299815726711765,张雪真的太牛了,0,0,1779077708730,江苏,5299819259627728,5648565228,遇见你_美好时光,m,https://m.weibo.cn/u/5648565228?launchid=10000360-page_H5,"https://tva2.sinaimg.cn/crop.0.0.664.664.180/006agNQMjw8f1s567fxkxj30ig0igq3n.jpg?KID=imgbed,tva&Expires=1779088508&ssig=yOmBU6XqfN",search_comments_2026-05-18.csv,search_comment,张雪真的太牛了,True,False
5299855200354868,1779096208,2026-05-18 09:23:28+08:00,5299851258498629,张雪机车参赛机车820RR-RS，设计师小野寺洋树，原雅哈马设计师。车手瓦伦丁德比斯，原雅马哈二号车手。技术调校团队Evan bros，原雅马哈合作车队。张雪机车实际是拉了一堆雅哈马人打雅马哈,19,1,1779077736217,山东,5299855200354868,9126833315,仰头凝望浩瀚星辰,m,https://m.weibo.cn/u/9126833315?launchid=10000360-page_H5,"https://tvax1.sinaimg.cn/crop.0.0.1080.1080.180/009XFggXly8i8142adnsfj30u00u0q65.jpg?KID=imgbed,tva&Expires=1779088536&ssig=kTk5vwUuTb",search_comments_2026-05-18.csv,search_comment,张雪机车参赛机车820RRRS设计师小野寺洋树原雅哈马设计师车手瓦伦丁德比斯原雅马哈二号车手技术调校团队Evan bros原雅马哈合作车队张雪机车实际是拉了一堆雅哈马人打雅马哈,True,False
5299853332844354,1779095764,2026-05-18 09:16:04+08:00,5299851258498629,最后一句话意义不明,0,19,1779077737177,上海,5299853332844354,2182108603,哎哟嘿卧槽,m,https://m.weibo.cn/u/2182108603?launchid=10000360-page_H5,"https://tvax2.sinaimg.cn/crop.0.0.996.996.180/821055bbly8fxi28ifghlj20ro0roac3.jpg?KID=imgbed,tva&Expires=1779088536&ssig=DnX3%2FUzxnN",search_comments_2026-05-18.csv,search_comment,最后一句话意义不明,True,False
5299869673858452,1779099660,2026-05-18 10:21:00+08:00,5299851258498629,99.99%的你说的群众都是吃瓜的，看的就是冠军，你得100次亚军都没有一次冠军更有说服力,0,5,1779077737182,越南,5299869673858452,6687179825,安康是福1240,m,https://m.weibo.cn/u/6687179825?launchid=10000360-page_H5,"https://tvax1.sinaimg.cn/crop.0.0.132.132.180/007iyIX7ly8fv2dv6tdjgj303o03oq2t.jpg?KID=imgbed,tva&Expires=1779088536&ssig=ReRFD0EwkT",search_comments_2026-05-18.csv,search_comment,9999的你说的群众都是吃瓜的看的就是冠军你得100次亚军都没有一次冠军更有说服力,True,False
5299861596930196,1779097733,2026-05-18 09:48:53+08:00,5299861391935554,这样有热度，还能顺便黑一波。,7,276,1779077748171,广东,5299861596930196,7928818116,嗦泥今天断气了吗,m,https://m.weibo.cn/u/7928818116?launchid=10000360-page_H5,"https://tvax1.sinaimg.cn/crop.0.0.1080.1080.180/008EAvNaly8i5vtoa0xcjj30u00u00x1.jpg?KID=imgbed,tva&Expires=1779088547&ssig=uNcuCo4LUn",search_comments_2026-05-18.csv,search_comment,这样有热度还能顺便黑一波,True,False
5299861634682065,1779097743,2026-05-18 09:49:03+08:00,5299861391935554,不然怎么引话题,0,0,1779077748263,广东,5299861634682065,7783810710,山肚诶人,m,https://m.weibo.cn/u/7783810710?launchid=10000360-page_H5,"https://tvax3.sinaimg.cn/crop.0.0.1080.1080.180/008uM4K2ly8h5fvv938t5j30u00u0acz.jpg?KID=imgbed,tva&Expires=1779088547&ssig=sbq3KP%2FppZ",search_comments_2026-05-18.csv,search_comment,不然怎么引话题,True,False
5299862361081198,1779097916,2026-05-18 09:51:56+08:00,5299861391935554,明明是国人的骄傲，但是却总拉踩自己人，什么成分不言而喻,5,139,1779077748266,四川,5299862361081198,5764878132,黑眼圈很重的熬夜波比,m,https://m.weibo.cn/u/5764878132?launchid=10000360-page_H5,"https://tvax3.sinaimg.cn/crop.0.0.1080.1080.180/006i8Q9mly8i5q1gjjdh7j30u00u0q90.jpg?KID=imgbed,tva&Expires=1779088547&ssig=QAMOxFpRn4",search_comments_2026-05-18.csv,search_comment,明明是国人的骄傲但是却总拉踩自己人什么成分不言而喻,True,False
5299735360701725,1779067637,2026-05-18 01:27:17+08:00,5299734596026910,哇塞，张雪机车三缸引擎独步江湖，轻盈身姿赛过燕子，未来可期，加油冲呀！,1,4,1779077754682,AI生成内容,5299735360701725,7895847306,夸夸小猫猫,f,https://m.weibo.cn/u/7895847306?launchid=10000360-page_H5,"https://tvax3.sinaimg.cn/crop.0.0.600.600.180/008CmazUly8huweiil78jj30go0go3zk.jpg?KID=imgbed,tva&Expires=1779088554&ssig=J1umWU3vRa",search_comments_2026-05-18.csv,search_comment,哇塞张雪机车三缸引擎独步江湖轻盈身姿赛过燕子未来可期加油冲呀,True,False
5299770107363568,1779075921,2026-05-18 03:45:21+08:00,5299734596026910,哇塞，张雪峰的机车永远冲上第一的独步江湖，沉淀体验的感觉太棒了,0,0,1779077754698,广东,5299770107363568,7463863602,渠凯涵,m,https://m.weibo.cn/u/7463863602?launchid=10000360-page_H5,"https://tvax3.sinaimg.cn/crop.0.0.1080.1080.180/00897BSOly8ichgp0ihnfj30u00u0gpk.jpg?KID=imgbed,tva&Expires=1779088554&ssig=yp8ccV%2F1mK",search_comments_2026-05-18.csv,search_comment,哇塞张雪峰的机车永远冲上第一的独步江湖沉淀体验的感觉太棒了,True,False
5299839428726861,1779092449,2026-05-18 08:20:49+08:00,5299832501569667,西安今天终于晴天了,0,10,1779077781763,陕西,5299839428726861,2083710581,空巷半盏清茶,f,https://m.weibo.cn/u/2083710581?launchid=10000360-page_H5,"https://tvax3.sinaimg.cn/crop.0.0.1080.1080.180/7c32e675ly8id3msb1s95j20u00u0gnc.jpg?KID=imgbed,tva&Expires=1779088581&ssig=7Rj6Cmxifk",search_comments_2026-05-18.csv,search_comment,西安今天终于晴天了,True,False
5299836581843238,1779091770,2026-05-18 08:09:30+08:00,5299832501569667,注意天气变化,0,5,1779077781778,上海,5299836581843238,1039563187,昵称总是被占用_,m,https://m.weibo.cn/u/1039563187?launchid=10000360-page_H5,"https://tvax2.sinaimg.cn/crop.0.0.1080.1080.180/3df679b3ly8hmh96nx6wvj20u00u040i.jpg?KID=imgbed,tva&Expires=1779088581&ssig=dMmAg3eMKk",search_comments_2026-05-18.csv,search_comment,注意天气变化,True,False
5299836521813493,1779091756,2026-05-18 08:09:16+08:00,5299832501569667,关注天气变化，出行注意安全！,0,5,1779077781786,四川,5299836521813493,6322676709,西山苏易水独宠-呆萌sDW,f,https://m.weibo.cn/u/6322676709?launchid=10000360-page_H5,"https://tvax1.sinaimg.cn/crop.0.0.1080.1080.180/006TTj2Bly8iauuql7hmmj30u00u042i.jpg?KID=imgbed,tva&Expires=1779088581&ssig=PLuc4h3sEC",search_comments_2026-05-18.csv,search_comment,关注天气变化出行注意安全,True,False
5299882526510220,1779102724,2026-05-18 11:12:04+08:00,5299881692630338,我V又去深圳，这个月好多次了吧,1,0,1779077788258,湖南,5299882526510220,2881332095,青春无悔y8,f,https://m.weibo.cn/u/2881332095?launchid=10000360-page_H5,"https://tvax1.sinaimg.cn/crop.0.0.200.200.180/abbda37fly8hi1ynlodpoj205k05kmx4.jpg?KID=imgbed,tva&Expires=1779088588&ssig=8mg7rPlpP%2B",search_comments_2026-05-18.csv,search_comment,我V又去深圳这个月好多次了吧,True,False
5299886749650925,1779103731,2026-05-18 11:28:51+08:00,5299881692630338,什么时候到？晴空万里。,1,0,1779077788269,广东,5299886749650925,2739465671,Q麻烦你,m,https://m.weibo.cn/u/2739465671?launchid=10000360-page_H5,"https://tva3.sinaimg.cn/crop.0.0.180.180.180/a348edc7jw1e8qgp5bmzyj2050050aa8.jpg?KID=imgbed,tva&Expires=1779088588&ssig=C2UgEC8tz%2F",search_comments_2026-05-18.csv,search_comment,什么时候到晴空万里,True,False
5299882497673867,1779102717,2026-05-18 11:11:57+08:00,5299881692630338,估计你12:30都没得飞,0,0,1779077788278,甘肃,5299882497673867,6374590171,半盏月光变奏曲,f,https://m.weibo.cn/u/6374590171?launchid=10000360-page_H5,"https://tvax3.sinaimg.cn/crop.0.0.1080.1080.180/006Xp86vly8ibdnh0zdcvj30u00u0gnt.jpg?KID=imgbed,tva&Expires=1779088588&ssig=Q%2BveXVQTo5",search_comments_2026-05-18.csv,search_comment,估计你1230都没得飞,True,False
5299709887646109,1779061564,2026-05-17 23:46:04+08:00,5299707233436157,我们今天晚上估计也要下到大暴雨,2,0,1779077794797,贵州,5299709887646109,2159108670,Y妍于律己Y,f,https://m.weibo.cn/u/2159108670?launchid=10000360-page_H5,"https://tvax2.sinaimg.cn/crop.0.0.1080.1080.180/80b1623ely8hqkq0usxixj20u00u0jw1.jpg?KID=imgbed,tva&Expires=1779088594&ssig=ZtCC0dQ1NI",search_comments_2026-05-18.csv,search_comment,我们今天晚上估计也要下到大暴雨,True,False
5299709336095238,1779061432,2026-05-17 23:43:52+08:00,5299707233436157,柳絮总算可以消停了,0,2,1779077794812,北京,5299709336095238,6886499287,Azoich,m,https://m.weibo.cn/u/6886499287?launchid=10000360-page_H5,"https://tvax3.sinaimg.cn/crop.0.0.1002.1002.180/007w3339ly8gjt1ofo3b6j30ru0rujtl.jpg?KID=imgbed,tva&Expires=1779088594&ssig=bvWGmEJzNk",search_comments_2026-05-18.csv,search_comment,柳絮总算可以消停了,True,False
5299716751361164,1779063200,2026-05-18 00:13:20+08:00,5299707233436157,这个阻塞高压也造成韩国近期的高温天气,0,0,1779077794822,山西,5299716751361164,2182762253,aloh39,m,https://m.weibo.cn/u/2182762253?launchid=10000360-page_H5,"https://tvax4.sinaimg.cn/crop.0.0.1080.1080.180/821a4f0dly8i57bc5g2hwj20u00u0adh.jpg?KID=imgbed,tva&Expires=1779088594&ssig=ZdAGATIvrw",search_comments_2026-05-18.csv,search_comment,这个阻塞高压也造成韩国近期的高温天气,True,False
5299877342873230,1779101488,2026-05-18 10:51:28+08:00,5299876788176152,已经在坐等下雨了,0,0,1779077801302,山东,5299877342873230,7706759758,余生自律吧,f,https://m.weibo.cn/u/7706759758?launchid=10000360-page_H5,"https://tvax3.sinaimg.cn/crop.0.0.1080.1080.180/008pyMgKly8h88v7a665bj30u00u0q5h.jpg?KID=imgbed,tva&Expires=1779088601&ssig=9zGIzjTe52",search_comments_2026-05-18.csv,search_comment,已经在坐等下雨了,True,False
5299877305387822,1779101479,2026-05-18 10:51:19+08:00,5299876788176152,真的是太棒了,0,0,1779077801309,山西,5299877305387822,7743498895,冰雨幽蓝再相逢,f,https://m.weibo.cn/u/7743498895?launchid=10000360-page_H5,"https://tvax3.sinaimg.cn/crop.0.0.986.986.180/008s2VNtly8gzplfgbkemj30re0reacs.jpg?KID=imgbed,tva&Expires=1779088601&ssig=M9S9xjB4e9",search_comments_2026-05-18.csv,search_comment,真的是太棒了,True,False
5299877229890543,1779101461,2026-05-18 10:51:01+08:00,5299876788176152,真的太绝了,0,0,1779077801318,北京,5299877229890543,7412975351,故人容颜,f,https://m.weibo.cn/u/7412975351?launchid=10000360-page_H5,"https://tvax3.sinaimg.cn/crop.0.0.1080.1080.180/0085G5wzly8hr59xhce38j30u00u075l.jpg?KID=imgbed,tva&Expires=1779088601&ssig=SZ%2BKpChoyF",search_comments_2026-05-18.csv,search_comment,真的太绝了,True,False
5299894508326845,1779105581,2026-05-18 11:59:41+08:00,5299893327365951,我们这今天也下雨了,0,0,1779077807887,吉林,5299894508326845,3012585013,城南青山,m,https://m.weibo.cn/u/3012585013?launchid=10000360-page_H5,"https://tvax2.sinaimg.cn/crop.0.0.700.700.180/b3906635ly8i6wqjvm6trj20jg0jgwfc.jpg?KID=imgbed,tva&Expires=1779088607&ssig=eOtgpuYglD",search_comments_2026-05-18.csv,search_comment,我们这今天也下雨了,True,False
5299893788999968,1779105408,2026-05-18 11:56:48+08:00,5299893327365951,下雨就想待屋里,0,0,1779077807898,北京,5299893788999968,6334816060,D_一粒小豆子,m,https://m.weibo.cn/u/6334816060?launchid=10000360-page_H5,"https://tvax1.sinaimg.cn/crop.0.0.664.664.180/006UIf2Aly8glxeucc3s1j30ig0igdgb.jpg?KID=imgbed,tva&Expires=1779088607&ssig=1yEmoIRyEh",search_comments_2026-05-18.csv,search_comment,下雨就想待屋里,True,False
5299894197684990,1779105507,2026-05-18 11:58:27+08:00,5299893327365951,真的讨厌下雨，很烦躁,0,0,1779077807910,广东,5299894197684990,5518777802,小琪今晚不熬夜r,f,https://m.weibo.cn/u/5518777802?launchid=10000360-page_H5,"https://tvax2.sinaimg.cn/crop.0.0.1080.1080.180/0061uedcly8icnsuivzlmj30u00u0n0c.jpg?KID=imgbed,tva&Expires=1779088607&ssig=XvIwoGjfdV",search_comments_2026-05-18.csv,search_comment,真的讨厌下雨很烦躁,True,False
5299898803291690,1779106605,2026-05-18 12:16:45+08:00,5299898576797945,预报有雨，结果出太阳了。,0,0,1779077814378,北京,5299898803291690,7950001047,屿风-月阑,m,https://m.weibo.cn/u/7950001047?launchid=10000360-page_H5,"https://tvax3.sinaimg.cn/crop.0.0.500.500.180/008G1orlly8htr9cf6h2tj30dw0dwgmv.jpg?KID=imgbed,tva&Expires=1779088614&ssig=lep32kZCvk",search_comments_2026-05-18.csv,search_comment,预报有雨结果出太阳了,True,False
5299691445295234,1779057167,2026-05-17 22:32:47+08:00,5299690239428179,#萨尔布吕肯欧冠冠军# 正是因为有樊振东整个赛季的贡献，才能让萨尔布吕肯有机会拿下赛季第二冠，辛苦啦❤️@樊振东,14,2314,1779077890764,上海,5299691445295234,6337855810,逆光之处是_暖阳_,f,https://m.weibo.cn/u/6337855810?launchid=10000360-page_H5,"https://tvax4.sinaimg.cn/crop.0.0.1080.1080.180/006UUZOOly8ibbgce8318j30u00u075v.jpg?KID=imgbed,tva&Expires=1779088690&ssig=cPYcJVVlUi",search_comments_2026-05-18.csv,search_comment, 正是因为有樊振东整个赛季的贡献才能让萨尔布吕肯有机会拿下赛季第二冠辛苦啦,True,False
5299691377923715,1779057151,2026-05-17 22:32:31+08:00,5299690239428179,谢谢优酷，继续一路同行吧！！,2,1713,1779077890772,湖南,5299691377923715,7007660656,用户内海,f,https://m.weibo.cn/u/7007660656?launchid=10000360-page_H5,"https://tvax3.sinaimg.cn/crop.0.0.1080.1080.180/007EfqEMly8id16pmoe2ej30u00u0gn8.jpg?KID=imgbed,tva&Expires=1779088690&ssig=fOABnWixLu",search_comments_2026-05-18.csv,search_comment,谢谢优酷继续一路同行吧,True,False
5299693166010757,1779057577,2026-05-17 22:39:37+08:00,5299690239428179,“正是因为有樊振东整个赛季的贡献，才能让萨尔布吕肯有机会拿下赛季第二冠”大家可能不知道萨尔布吕肯今年拿下德国杯樊振东半决赛和决赛都是一单两分，团体赛就是互相信任，俱乐部0人会怪樊振东,23,1869,1779077890778,福建,5299693166010757,5873286518,弱女子啊,f,https://m.weibo.cn/u/5873286518?launchid=10000360-page_H5,"https://tvax4.sinaimg.cn/crop.0.0.1080.1080.180/006ptI7Ily8i7yusbyge1j30u00u0790.jpg?KID=imgbed,tva&Expires=1779088690&ssig=GoCFYViXB2",search_comments_2026-05-18.csv,search_comment,正是因为有樊振东整个赛季的贡献才能让萨尔布吕肯有机会拿下赛季第二冠大家可能不知道萨尔布吕肯今年拿下德国杯樊振东半决赛和决赛都是一单两分团体赛就是互相信任俱乐部0人会怪樊振东,True,False
5299690041508812,1779056832,2026-05-17 22:27:12+08:00,5299689990922577,樊振东本赛季已为队伍贡献八次一单两分 樊振东辛苦了,17,1235,1779077897486,北京,5299690041508812,3252726242,心尖尖小熊0804,m,https://m.weibo.cn/u/3252726242?launchid=10000360-page_H5,"https://tvax4.sinaimg.cn/crop.0.0.1080.1080.180/c1e0a9e2ly8ibvnco197wj20u00u0tb8.jpg?KID=imgbed,tva&Expires=1779088697&ssig=PHSofPgJWA",search_comments_2026-05-18.csv,search_comment,樊振东本赛季已为队伍贡献八次一单两分 樊振东辛苦了,True,False
5299690098918001,1779056845,2026-05-17 22:27:25+08:00,5299689990922577,樊振东今天辛苦啦！！！队友今天很给力我们月底德甲见,0,511,1779077897500,上海,5299690098918001,7006161557,曾舜晞超爱方小宝,m,https://m.weibo.cn/u/7006161557?launchid=10000360-page_H5,"https://tvax2.sinaimg.cn/crop.0.0.1080.1080.180/007E98FLly8i9d4c0o5dtj30u00u0t9w.jpg?KID=imgbed,tva&Expires=1779088697&ssig=u%2FnjCrxgsl",search_comments_2026-05-18.csv,search_comment,樊振东今天辛苦啦队友今天很给力我们月底德甲见,True,False
5299690415587473,1779056920,2026-05-17 22:28:40+08:00,5299689990922577,我宝也过上有靠谱队友的日子了！！！！,1,399,1779077897509,陕西,5299690415587473,1883849431,Tonight星_,f,https://m.weibo.cn/u/1883849431?launchid=10000360-page_H5,"https://tvax1.sinaimg.cn/crop.0.0.1079.1079.180/704942d7ly8i71pse7l5jj20tz0u0abs.jpg?KID=imgbed,tva&Expires=1779088697&ssig=kK6dLiJKT1",search_comments_2026-05-18.csv,search_comment,我宝也过上有靠谱队友的日子了,True,False
5299844844880666,1779093740,2026-05-18 08:42:20+08:00,5299833700090748,如果没有前八场的一单两分怎么可能走到决赛,0,20,1779077904105,上海,5299844844880666,6892725633,用户6892725633,m,https://m.weibo.cn/u/6892725633?launchid=10000360-page_H5,"https://tvax1.sinaimg.cn/default/images/default_avatar_male_180.gif?KID=imgbed,tva&Expires=1779088703&ssig=zIdiJMIxIs",search_comments_2026-05-18.csv,search_comment,如果没有前八场的一单两分怎么可能走到决赛,True,False
5299839185192359,1779092391,2026-05-18 08:19:51+08:00,5299833700090748,莫名的感动，又有点伤感，外面的人对他那么好，但为什么我们自己的人却没完没了地对他泼脏水,0,18,1779077904123,安徽,5299839185192359,9162067314,在鱼塘边整活的薰衣草,f,https://m.weibo.cn/u/9162067314?launchid=10000360-page_H5,"https://tvax2.sinaimg.cn/crop.0.0.500.500.180/00a036fgly8i6kbef47bnj30dw0dwdg5.jpg?KID=imgbed,tva&Expires=1779088703&ssig=0XQm68KvcZ",search_comments_2026-05-18.csv,search_comment,莫名的感动又有点伤感外面的人对他那么好但为什么我们自己的人却没完没了地对他泼脏水,True,False
5299855914435927,1779096379,2026-05-18 09:26:19+08:00,5299833700090748,“我们永远是朋友和家人”,0,8,1779077904137,湖北,5299855914435927,7566987567,西汉绝色,f,https://m.weibo.cn/u/7566987567?launchid=10000360-page_H5,"https://tvax1.sinaimg.cn/crop.0.0.996.996.180/008g6j8zly8gnu4okhk4yj30ro0ro436.jpg?KID=imgbed,tva&Expires=1779088703&ssig=jNwnkfYd%2Bw",search_comments_2026-05-18.csv,search_comment,我们永远是朋友和家人,True,False
5299844290970239,1779093607,2026-05-18 08:40:07+08:00,5299838464819850,去国外打球不是他自己选的吗？,20,25,1779077910855,广东,5299844290970239,6435190659,6435190659_613,f,https://m.weibo.cn/u/6435190659?launchid=10000360-page_H5,"https://tvax4.sinaimg.cn/crop.0.0.812.812.180/0071vp3Jly8hwafe9pkn2j30mk0mkq4b.jpg?KID=imgbed,tva&Expires=1779088710&ssig=ObwhOQ1TF6",search_comments_2026-05-18.csv,search_comment,去国外打球不是他自己选的吗,True,False
5299848598262514,1779094635,2026-05-18 08:57:15+08:00,5299838464819850,说得太好了。现在再差也比某些势力想达成的结果好，至少有球打，能舒心的打球，不被打压排挤。大家希望他赢完全是希望舆论好点，但也意识到不管结果怎样，对他的舆论围剿从不会停止，毕竟有根本利益之争。这次欧冠的热度比世乒赛高太多，一个话题就近一亿的阅读，世乒赛相关利益团队估计羡慕死了。,0,148,1779077910867,美国,5299848598262514,5362917467,华样旅途,f,https://m.weibo.cn/u/5362917467?launchid=10000360-page_H5,"https://tva2.sinaimg.cn/crop.395.262.1092.1092.180/005QWfOPjw1emo44vwdfej31kw11xh4l.jpg?KID=imgbed,tva&Expires=1779088710&ssig=WeWNcQ2IEv",search_comments_2026-05-18.csv,search_comment,说得太好了现在再差也比某些势力想达成的结果好至少有球打能舒心的打球不被打压排挤大家希望他赢完全是希望舆论好点但也意识到不管结果怎样对他的舆论围剿从不会停止毕竟有根本利益之争这次欧冠的热度比世乒赛高太多一个话题就近一亿的阅读世乒赛相关利益团队估计羡慕死了,True,False
5299845095228301,1779093800,2026-05-18 08:43:20+08:00,5299838464819850,经历过1227的球迷，已经拥有更强大的心脏，坦然面对输赢，与他一路同行。幸好有靠谱的队友，不像以前因为队友拉垮，必须一单二分，输了不行赢了也不行。现在终于可以感受一下躺赢的滋味也挺好。命里带金，冠军版图加一，恭喜樊振东！,0,220,1779077910874,上海,5299845095228301,2487618460,爱在巴黎天气晴,f,https://m.weibo.cn/u/2487618460?launchid=10000360-page_H5,"https://tvax4.sinaimg.cn/crop.0.0.1080.1080.180/94460b9cly8icjx3400hrj20u00u0404.jpg?KID=imgbed,tva&Expires=1779088710&ssig=ZKiPIBD2si",search_comments_2026-05-18.csv,search_comment,经历过1227的球迷已经拥有更强大的心脏坦然面对输赢与他一路同行幸好有靠谱的队友不像以前因为队友拉垮必须一单二分输了不行赢了也不行现在终于可以感受一下躺赢的滋味也挺好命里带金冠军版图加一恭喜樊振东,True,False
5299763643416979,1779074380,2026-05-18 03:19:40+08:00,5299763571328336,u r the best,0,19,1779077917368,英国,5299763643416979,6296512498,天才小臭屁饭煲,m,https://m.weibo.cn/u/6296512498?launchid=10000360-page_H5,"https://tvax4.sinaimg.cn/crop.0.0.480.480.180/006S7wxcly8i4fkmusyt7j30dc0dc74g.jpg?KID=imgbed,tva&Expires=1779088717&ssig=L0Kvm23j44",search_comments_2026-05-18.csv,search_comment,u r the best,True,False
5299775322718254,1779077164,2026-05-18 04:06:04+08:00,5299763571328336,哦豁我们明媚阳光的小熊猫啊！我真的是只在乎你开不开心而已，看到你轻松愉悦的模样很欣慰，感觉并没有很内耗，想必你已经对失利的原因心里有数了，无论是技改换胶皮需要适应还是久疏战阵状态下滑，你都会总结复盘改进，加油哦,0,23,1779077917373,北京,5299775322718254,7995382559,变幻人生不可避,m,https://m.weibo.cn/u/7995382559?launchid=10000360-page_H5,"https://tvax2.sinaimg.cn/crop.0.0.500.500.180/008J5Ofdly8i1olzlxs8dj30dw0dwdh0.jpg?KID=imgbed,tva&Expires=1779088717&ssig=9S9Bq7xTPS",search_comments_2026-05-18.csv,search_comment,哦豁我们明媚阳光的小熊猫啊我真的是只在乎你开不开心而已看到你轻松愉悦的模样很欣慰感觉并没有很内耗想必你已经对失利的原因心里有数了无论是技改换胶皮需要适应还是久疏战阵状态下滑你都会总结复盘改进加油哦,True,False
5299764279116867,1779074532,2026-05-18 03:22:12+08:00,5299763571328336,咋这么可爱,0,6,1779077917379,广东,5299764279116867,6975239217,淡定小姐-,f,https://m.weibo.cn/u/6975239217?launchid=10000360-page_H5,"https://tvax2.sinaimg.cn/crop.0.0.829.829.180/007C3omlly8gp6zbmi3qhj30n10n1jty.jpg?KID=imgbed,tva&Expires=1779088717&ssig=kHGbq67DFr",search_comments_2026-05-18.csv,search_comment,咋这么可爱,True,False
5299899178159702,1779106694,2026-05-18 12:18:14+08:00,5299898731727808,是的，他去拜了，还把乒乓球供奉上了 [语音评论4&quot;],0,0,1779077941770,AI罗伯特贱萌版,5299899178159702,5762999670,评论罗伯特,f,https://m.weibo.cn/u/5762999670?launchid=10000360-page_H5,"https://tvax1.sinaimg.cn/crop.0.0.1080.1080.180/006i0XtAly8ibtn5bfjpij30u00u040l.jpg?KID=imgbed,tva&Expires=1779088741&ssig=jFLB3U6teB",search_comments_2026-05-18.csv,search_comment,是的他去拜了还把乒乓球供奉上了 语音评论4quot,True,False
5299726872480314,1779065613,2026-05-18 00:53:33+08:00,5299726465108567,嗯热度有了冠军有了领事馆的夸赞有了#樊振东欧冠冠军#,1,334,1779077948316,江苏,5299726872480314,7756057985,带个小饼饼,f,https://m.weibo.cn/u/7756057985?launchid=10000360-page_H5,"https://tvax4.sinaimg.cn/crop.0.0.931.931.180/008sTCZrly8id3x6pmzcoj30pv0pvtab.jpg?KID=imgbed,tva&Expires=1779088748&ssig=x0Fov9X6zM",search_comments_2026-05-18.csv,search_comment,嗯热度有了冠军有了领事馆的夸赞有了,True,False
5299726905771622,1779065621,2026-05-18 00:53:41+08:00,5299726465108567,德方高度评价樊振东在欧冠赛场上的出色表现，表示其作为国际知名运动员，不仅提升了萨尔布吕肯俱乐部和萨尔州在中国的知名度，也进一步激发了当地民众特别是青少年对乒乓球运动的热情。#樊振东欧冠冠军#,0,114,1779077948327,广东,5299726905771622,7967057367,星槎渡竹,m,https://m.weibo.cn/u/7967057367?launchid=10000360-page_H5,"https://tvax1.sinaimg.cn/crop.0.0.1080.1080.180/008HaXzhly8id1cwfnedcj30u00u041t.jpg?KID=imgbed,tva&Expires=1779088748&ssig=XKiEKDtkwK",search_comments_2026-05-18.csv,search_comment,德方高度评价樊振东在欧冠赛场上的出色表现表示其作为国际知名运动员不仅提升了萨尔布吕肯俱乐部和萨尔州在中国的知名度也进一步激发了当地民众特别是青少年对乒乓球运动的热情,True,False
5299727756691055,1779065824,2026-05-18 00:57:04+08:00,5299726465108567,这可是真没办法了，可是被中德两国同时高度肯定噢#樊振东欧冠冠军#,0,184,1779077948330,河南,5299727756691055,1791280543,iam奔波儿灞,f,https://m.weibo.cn/u/1791280543?launchid=10000360-page_H5,"https://tvax4.sinaimg.cn/crop.0.0.1080.1080.180/6ac4c59fly8id77dsoefrj20u00u042q.jpg?KID=imgbed,tva&Expires=1779088748&ssig=%2FqeaiuJ%2FeX",search_comments_2026-05-18.csv,search_comment,这可是真没办法了可是被中德两国同时高度肯定噢,True,False
5299245141722017,1778950760,2026-05-16 16:59:20+08:00,5299237882429618,我也有这段话并且将她设为屏保,4,46,1779077992346,广东,5299245141722017,5087972546,巷子里的猫Li,f,https://m.weibo.cn/u/5087972546?launchid=10000360-page_H5,"https://tvax3.sinaimg.cn/crop.0.0.512.512.180/005ykC5kly8h8bgnelq71j30e80e8t9j.jpg?KID=imgbed,tva&Expires=1779088792&ssig=1XdzxxU1jL",search_comments_2026-05-18.csv,search_comment,我也有这段话并且将她设为屏保,True,False
5299252739966263,1778952571,2026-05-16 17:29:31+08:00,5299237882429618,能力上给得起就不会计较，心态上给得起就不会委屈。,1,162,1779077992353,广东,5299252739966263,6343219603,11i1i,f,https://m.weibo.cn/u/6343219603?launchid=10000360-page_H5,"https://tvax4.sinaimg.cn/crop.0.0.480.480.180/006VhvbBly8flfprj312fj30dc0dcgpq.jpg?KID=imgbed,tva&Expires=1779088792&ssig=t9JvepsSa6",search_comments_2026-05-18.csv,search_comment,能力上给得起就不会计较心态上给得起就不会委屈,True,False
5299267027603777,1778955978,2026-05-16 18:26:18+08:00,5299237882429618,心甘情愿是所有关系的正道,0,43,1779077992358,山东,5299267027603777,2813472303,璐璐的快乐日常,f,https://m.weibo.cn/u/2813472303?launchid=10000360-page_H5,"https://tvax3.sinaimg.cn/crop.0.0.1080.1080.180/a7b22e2fly8icumetenjkj20u00u00tz.jpg?KID=imgbed,tva&Expires=1779088792&ssig=pf%2BV%2BT7Qwl",search_comments_2026-05-18.csv,search_comment,心甘情愿是所有关系的正道,True,False
5299693122753440,1779057567,2026-05-17 22:39:27+08:00,5299624346388365,是啊，吃过亏了,0,0,1779077998726,广西,5299693122753440,6323706509,一字见金,f,https://m.weibo.cn/u/6323706509?launchid=10000360-page_H5,"https://tvax4.sinaimg.cn/crop.0.0.720.720.180/006TXCWhly8i66x307hh4j30k00k0t9f.jpg?KID=imgbed,tva&Expires=1779088798&ssig=L5Eqkzsnaf",search_comments_2026-05-18.csv,search_comment,是啊吃过亏了,True,False
5299624811695212,1779041280,2026-05-17 18:08:00+08:00,5299624346388365,很有见地！职场上保持“有客之道”确实很重要。它不仅体现了个人素养，还能有效避免不必要的误会和冲突。在职场这个“大家庭”里，每个人都有自己的角色和边界，尊重他人就是尊重自己，这种成熟的态度有助于构建和谐的工作环境。,0,1,1779077998734,AI罗伯特聪明版,5299624811695212,5762999670,评论罗伯特,f,https://m.weibo.cn/u/5762999670?launchid=10000360-page_H5,"https://tvax1.sinaimg.cn/crop.0.0.1080.1080.180/006i0XtAly8ibtn5bfjpij30u00u040l.jpg?KID=imgbed,tva&Expires=1779088798&ssig=DLQJcx4xT3",search_comments_2026-05-18.csv,search_comment,很有见地职场上保持有客之道确实很重要它不仅体现了个人素养还能有效避免不必要的误会和冲突在职场这个大家庭里每个人都有自己的角色和边界尊重他人就是尊重自己这种成熟的态度有助于构建和谐的工作环境,True,False
5299869195707663,1779099546,2026-05-18 10:19:06+08:00,5299624346388365,领导不是总说“要把单位当成家”吗？难道他在说瞎话？,0,1,1779077998740,天津,5299869195707663,6617783225,热浪人间,m,https://m.weibo.cn/u/6617783225?launchid=10000360-page_H5,"https://tvax4.sinaimg.cn/crop.0.0.986.986.180/007dRxJ7ly8gizupp0dk5j30re0re0uc.jpg?KID=imgbed,tva&Expires=1779088798&ssig=nQPFddTp6K",search_comments_2026-05-18.csv,search_comment,领导不是总说要把单位当成家吗难道他在说瞎话,True,False
5299628801261871,1779042230,2026-05-17 18:23:50+08:00,5299628790513880,生活如酒，懂得节制方得其味。,0,0,1779078005139,辽宁,5299628801261871,7338506918,单车小朋,f,https://m.weibo.cn/u/7338506918?launchid=10000360-page_H5,"https://tvax1.sinaimg.cn/crop.0.0.512.512.180/0080DCSOly8hliltxsnuej30e80e8jsh.jpg?KID=imgbed,tva&Expires=1779088804&ssig=n9pEV%2FoR6w",search_comments_2026-05-18.csv,search_comment,生活如酒懂得节制方得其味,True,False
5299684184687780,1779055435,2026-05-17 22:03:55+08:00,5299671690119528,好吧，不对立,0,2,1779078011564,广东,5299684184687780,7442710693,山水逐梦啊,f,https://m.weibo.cn/u/7442710693?launchid=10000360-page_H5,"https://tvax1.sinaimg.cn/crop.0.0.500.500.180/0087GR2Rly8i0qzybyn1bj30dw0dwt9t.jpg?KID=imgbed,tva&Expires=1779088811&ssig=DCAOxxf8HF",search_comments_2026-05-18.csv,search_comment,好吧不对立,True,False
5299886446872618,1779103659,2026-05-18 11:27:39+08:00,5299642515593516,分享一个顶级的处世思维:任何关系里都要遵守有客之道,0,0,1779078017992,湖北,5299886446872618,7958392251,5时6分7秒,m,https://m.weibo.cn/u/7958392251?launchid=10000360-page_H5,"https://tvax1.sinaimg.cn/default/images/default_avatar_male_180.gif?KID=imgbed,tva&Expires=1779088817&ssig=0QMVRirA1G",search_comments_2026-05-18.csv,search_comment,分享一个顶级的处世思维任何关系里都要遵守有客之道,True,False
5299826956698835,1779089475,2026-05-18 07:31:15+08:00,5299826309727703,本宫倒觉得，贴得太近反倒失了身份，留白？那是弱者才需要的遮羞布。,0,0,1779078024347,AI生成内容,5299826956698835,7895921285,华妃宠冠六宫,f,https://m.weibo.cn/u/7895921285?launchid=10000360-page_H5,"https://tvax4.sinaimg.cn/crop.0.0.512.512.180/008CmtP7ly8hlwmb3wooxj30e80e8q3p.jpg?KID=imgbed,tva&Expires=1779088824&ssig=YgMsnLpx1f",search_comments_2026-05-18.csv,search_comment,本宫倒觉得贴得太近反倒失了身份留白那是弱者才需要的遮羞布,True,False
5299830449505129,1779090308,2026-05-18 07:45:08+08:00,5299826309727703,人和人之间要有边界。,0,0,1779078024352,广东,5299830449505129,1232943361,肖小小1,f,https://m.weibo.cn/u/1232943361?launchid=10000360-page_H5,"https://tva2.sinaimg.cn/crop.0.0.180.180.180/497d3901jw1e8qgp5bmzyj2050050aa8.jpg?KID=imgbed,tva&Expires=1779088824&ssig=HQRkwAkGEh",search_comments_2026-05-18.csv,search_comment,人和人之间要有边界,True,False
5299824941336785,1779088995,2026-05-18 07:23:15+08:00,5299720696104092,生活中确实应该如此。,0,0,1779078037184,陕西,5299824941336785,2485425080,笑料百宝箱,m,https://m.weibo.cn/u/2485425080?launchid=10000360-page_H5,"https://tvax1.sinaimg.cn/crop.0.0.1080.1080.180/942493b8ly8i007iqiyp7j20u00u1myr.jpg?KID=imgbed,tva&Expires=1779088837&ssig=bYQ8lF5lW0",search_comments_2026-05-18.csv,search_comment,生活中确实应该如此,True,False
5299824897295358,1779088984,2026-05-18 07:23:04+08:00,5299720696104092,有客之道，我觉得真诚和尊重是关键，你觉得呢？,0,0,1779078037189,陕西,5299824897295358,2485425080,笑料百宝箱,m,https://m.weibo.cn/u/2485425080?launchid=10000360-page_H5,"https://tvax1.sinaimg.cn/crop.0.0.1080.1080.180/942493b8ly8i007iqiyp7j20u00u1myr.jpg?KID=imgbed,tva&Expires=1779088837&ssig=bYQ8lF5lW0",search_comments_2026-05-18.csv,search_comment,有客之道我觉得真诚和尊重是关键你觉得呢,True,False
5299835167048856,1779091433,2026-05-18 08:03:53+08:00,5299720696104092,说的有一定道理,0,0,1779078037194,陕西,5299835167048856,1226379735,长安搬砖客,m,https://m.weibo.cn/u/1226379735?launchid=10000360-page_H5,"https://tvax2.sinaimg.cn/crop.0.0.1080.1080.180/491911d7ly8i12sfixqcaj20u00u0tga.jpg?KID=imgbed,tva&Expires=1779088837&ssig=jUuK4Y3G9P",search_comments_2026-05-18.csv,search_comment,说的有一定道理,True,False
5299859087425992,1779097135,2026-05-18 09:38:55+08:00,5299849295823555,只有我不爱看AI短剧吗？一股塑料味，角色表情都很惊悚,47,383,1779078054264,广东,5299859087425992,1868544370,C罗小琪,f,https://m.weibo.cn/u/1868544370?launchid=10000360-page_H5,"https://tva4.sinaimg.cn/crop.0.160.480.480.180/6f5fb972jw8e8u70ync6bj20dc0m8ta1.jpg?KID=imgbed,tva&Expires=1779088854&ssig=%2F4IBsITICZ",search_comments_2026-05-18.csv,search_comment,只有我不爱看AI短剧吗一股塑料味角色表情都很惊悚,True,False
5299849748809181,1779094909,2026-05-18 09:01:49+08:00,5299849295823555,真人表演的人情味永远是AI模仿不来的,40,188,1779078054272,广东,5299849748809181,7332839578,别找我不想说,f,https://m.weibo.cn/u/7332839578?launchid=10000360-page_H5,"https://tvax1.sinaimg.cn/crop.0.0.1052.1052.180/0080fQy6ly8hue0qbflstj30t80t8abk.jpg?KID=imgbed,tva&Expires=1779088854&ssig=Zt8jqG8vWb",search_comments_2026-05-18.csv,search_comment,真人表演的人情味永远是AI模仿不来的,True,False
5299866986357147,1779099019,2026-05-18 10:10:19+08:00,5299849295823555,我除了追的几个演员，其他看的都是剧情，什么真人，ai，动画，甚至配图小说我都感觉没差，那些说 ai 没人情味的我都笑了，本来已经吃垃圾食品了，你还会在乎是人炒的还是机器炒的？,6,194,1779078054278,天津,5299866986357147,5259572296,李鹿卡,m,https://m.weibo.cn/u/5259572296?launchid=10000360-page_H5,"https://tvax4.sinaimg.cn/crop.0.0.1080.1080.180/005JWD1ely8hfcsgkgyj2j30u00u0adi.jpg?KID=imgbed,tva&Expires=1779088854&ssig=A%2FHvuCbizk",search_comments_2026-05-18.csv,search_comment,我除了追的几个演员其他看的都是剧情什么真人ai动画甚至配图小说我都感觉没差那些说 ai 没人情味的我都笑了本来已经吃垃圾食品了你还会在乎是人炒的还是机器炒的,True,False
5299870190798420,1779099783,2026-05-18 10:23:03+08:00,5299869977674719,长剧和短剧的女演员都升咖好慢 反而对男演员好像没啥影响,2,7,1779078060722,浙江,5299870190798420,5162532096,刻度雨,m,https://m.weibo.cn/u/5162532096?launchid=10000360-page_H5,"https://tvax2.sinaimg.cn/crop.0.0.1080.1080.180/005DnsqIly8id0r0q7yppj30u00u0n2k.jpg?KID=imgbed,tva&Expires=1779088860&ssig=BF%2FzJGFKy1",search_comments_2026-05-18.csv,search_comment,长剧和短剧的女演员都升咖好慢 反而对男演员好像没啥影响,True,False
5299871658545916,1779100133,2026-05-18 10:28:53+08:00,5299869977674719,现在ai真的太智能了，生成的短剧质量也很高,2,1,1779078060727,湖北,5299871658545916,7419441597,零维光斑,m,https://m.weibo.cn/u/7419441597?launchid=10000360-page_H5,"https://tvax1.sinaimg.cn/crop.0.0.1080.1080.180/00867dGRly8id4bt82lg8j30u00u075z.jpg?KID=imgbed,tva&Expires=1779088860&ssig=rZXXb8nZPQ",search_comments_2026-05-18.csv,search_comment,现在ai真的太智能了生成的短剧质量也很高,True,False
5299871613715403,1779100122,2026-05-18 10:28:42+08:00,5299869977674719,主要剧情没有新颖吧，和AI也没多大关系,1,1,1779078060734,浙江,5299871613715403,2157086825,专属-寳呗,f,https://m.weibo.cn/u/2157086825?launchid=10000360-page_H5,"https://tvax4.sinaimg.cn/crop.0.0.1080.1080.180/80928869ly8icrkyvs60vj20u00u0tao.jpg?KID=imgbed,tva&Expires=1779088860&ssig=y5P13%2F%2B23s",search_comments_2026-05-18.csv,search_comment,主要剧情没有新颖吧和AI也没多大关系,True,False
5299885886410056,1779103525,2026-05-18 11:25:25+08:00,5299878714148349,的确如此 幕后工作者才是最惨的,0,6,1779078067216,浙江,5299885886410056,1758875154,zsbdxpm,f,https://m.weibo.cn/u/1758875154?launchid=10000360-page_H5,"https://tvax4.sinaimg.cn/crop.0.0.1080.1080.180/68d64e12ly8ghgbghl9gpj20u00u0415.jpg?KID=imgbed,tva&Expires=1779088866&ssig=JLQbVZjdsC",search_comments_2026-05-18.csv,search_comment,的确如此 幕后工作者才是最惨的,True,False
5299871544247288,1779100106,2026-05-18 10:28:26+08:00,5299871445425969,你看短剧吗,2,29,1779078073719,浙江,5299871544247288,6571655083,慧的匈奴,m,https://m.weibo.cn/u/6571655083?launchid=10000360-page_H5,"https://tvax3.sinaimg.cn/crop.0.0.1080.1080.180/007aJZGPly8id5a5oi8lzj30u00u077r.jpg?KID=imgbed,tva&Expires=1779088873&ssig=jyXimPFDbD",search_comments_2026-05-18.csv,search_comment,你看短剧吗,True,False
5299871910991989,1779100193,2026-05-18 10:29:53+08:00,5299871445425969,AI冲击下，新人机会少，老戏骨演技好，还是得靠实力说话！ [语音评论6&quot;],0,2,1779078073728,AI吃瓜罗伯特,5299871910991989,5606716867,吃瓜罗伯特,f,https://m.weibo.cn/u/5606716867?launchid=10000360-page_H5,"https://tvax1.sinaimg.cn/crop.0.0.921.921.180/0067rdbdly8ibrqhbg0vxj30pl0pl404.jpg?KID=imgbed,tva&Expires=1779088873&ssig=gVtFkd6jj9",search_comments_2026-05-18.csv,search_comment,AI冲击下新人机会少老戏骨演技好还是得靠实力说话 语音评论6quot,True,False
5299872947241479,1779100440,2026-05-18 10:34:00+08:00,5299871445425969,Ai确实是比真人更加省成本,0,1,1779078073738,安徽,5299872947241479,6357518905,在雾岛看日落_星辰,f,https://m.weibo.cn/u/6357518905?launchid=10000360-page_H5,"https://tvax3.sinaimg.cn/crop.0.0.1080.1080.180/006Wfv5vly8ibgytkkhogj30u00u0q57.jpg?KID=imgbed,tva&Expires=1779088873&ssig=YVWxj4%2Fn2u",search_comments_2026-05-18.csv,search_comment,Ai确实是比真人更加省成本,True,False
5299865351619823,1779098629,2026-05-18 10:03:49+08:00,5299865275342473,大家喜欢看哪种短剧,3,11,1779078080284,山西,5299865351619823,7734730806,初涩果,f,https://m.weibo.cn/u/7734730806?launchid=10000360-page_H5,"https://tvax2.sinaimg.cn/crop.0.0.1080.1080.180/008rs8OGly8ic0q1aevivj30u00u0412.jpg?KID=imgbed,tva&Expires=1779088880&ssig=N93U4oOhCX",search_comments_2026-05-18.csv,search_comment,大家喜欢看哪种短剧,True,False
5299866943105381,1779099009,2026-05-18 10:10:09+08:00,5299865275342473,ai使用一定要权衡利弊啊,1,2,1779078080289,河北,5299866943105381,7463196700,昼雨夜忧,m,https://m.weibo.cn/u/7463196700?launchid=10000360-page_H5,"https://tvax4.sinaimg.cn/crop.0.0.1080.1080.180/00894Ookly8id01e2bnqgj30u00u0dhu.jpg?KID=imgbed,tva&Expires=1779088880&ssig=yEQdjISPtY",search_comments_2026-05-18.csv,search_comment,ai使用一定要权衡利弊啊,True,False
5299845754782674,1779093957,2026-05-18 08:45:57+08:00,5299845222109006,这画面太温馨了吧！ 感觉他们的小家庭超有爱的～ [语音评论5&quot;],0,0,1779078137456,AI吃瓜罗伯特,5299845754782674,5606716867,吃瓜罗伯特,f,https://m.weibo.cn/u/5606716867?launchid=10000360-page_H5,"https://tvax1.sinaimg.cn/crop.0.0.921.921.180/0067rdbdly8ibrqhbg0vxj30pl0pl404.jpg?KID=imgbed,tva&Expires=1779088937&ssig=YmA6TgaaWl",search_comments_2026-05-18.csv,search_comment,这画面太温馨了吧 感觉他们的小家庭超有爱的 语音评论5quot,True,False
5299889493248083,1779104385,2026-05-18 11:39:45+08:00,5299845222109006,他俩结婚了？？？,2,1,1779078137462,广东,5299889493248083,7918955402,2026使命必达,m,https://m.weibo.cn/u/7918955402?launchid=10000360-page_H5,"https://tvax1.sinaimg.cn/crop.0.0.1052.1052.180/008DV838ly8i3egqc9dwgj30t80t8mz5.jpg?KID=imgbed,tva&Expires=1779088937&ssig=gJc8H6CNMp",search_comments_2026-05-18.csv,search_comment,他俩结婚了,True,False
5299893574044964,1779105358,2026-05-18 11:55:58+08:00,5299845222109006,我一直记得是张钧甯和邱泽,1,0,1779078137464,四川,5299893574044964,1311764164,请叫我石龘龖,m,https://m.weibo.cn/u/1311764164?launchid=10000360-page_H5,"https://tvax1.sinaimg.cn/crop.0.73.1080.1080.180/4e2feec4ly8i8hfp5fhyej20u00y376x.jpg?KID=imgbed,tva&Expires=1779088937&ssig=z1cClgDYEW",search_comments_2026-05-18.csv,search_comment,我一直记得是张钧甯和邱泽,True,False
5299892966393990,1779105213,2026-05-18 11:53:33+08:00,5299892893253883,两个颜霸的娃得多好看啊,2,13,1779078143814,云南,5299892966393990,1830887007,·小天狼星,m,https://m.weibo.cn/u/1830887007?launchid=10000360-page_H5,"https://tvax3.sinaimg.cn/crop.0.0.1080.1080.180/6d211e5fly8ibpbcjy4hrj20u00u0whl.jpg?KID=imgbed,tva&Expires=1779088943&ssig=7EkvUvQ4eg",search_comments_2026-05-18.csv,search_comment,两个颜霸的娃得多好看啊,True,False
5299896405983870,1779106033,2026-05-18 12:07:13+08:00,5299892893253883,一家三口好恩爱啊,0,1,1779078143821,陕西,5299896405983870,2493198814,巧玲爱吃_櫻桃,f,https://m.weibo.cn/u/2493198814?launchid=10000360-page_H5,"https://tvax4.sinaimg.cn/crop.0.0.656.656.180/949b31dely1ic7yrpsn02j20i80i80ta.jpg?KID=imgbed,tva&Expires=1779088943&ssig=klT130a4AW",search_comments_2026-05-18.csv,search_comment,一家三口好恩爱啊,True,False
5299897658246264,1779106332,2026-05-18 12:12:12+08:00,5299892893253883,真的是特别幸福的一家啊,0,1,1779078143825,辽宁,5299897658246264,6148996352,梦境沉睡森林木屋,f,https://m.weibo.cn/u/6148996352?launchid=10000360-page_H5,"https://tvax4.sinaimg.cn/crop.0.0.1080.1080.180/006I8yQwly8id8v8hudflj30u00u0td4.jpg?KID=imgbed,tva&Expires=1779088943&ssig=0gZaRxNSur",search_comments_2026-05-18.csv,search_comment,真的是特别幸福的一家啊,True,False
5299899266501955,1779106715,2026-05-18 12:18:35+08:00,5299897645665006,这一家人真的好幸福啊,1,2,1779078150208,重庆,5299899266501955,7660774135,Ranyu染屿,f,https://m.weibo.cn/u/7660774135?launchid=10000360-page_H5,"https://tvax1.sinaimg.cn/crop.0.0.1080.1080.180/008mrPj9ly8id53kz3c6vj30u00u041o.jpg?KID=imgbed,tva&Expires=1779088950&ssig=%2FGWvBTOmWl",search_comments_2026-05-18.csv,search_comment,这一家人真的好幸福啊,True,False
5299899412252203,1779106750,2026-05-18 12:19:10+08:00,5299897645665006,好幸福的一家人啊 羡慕,1,0,1779078150211,吉林,5299899412252203,7773207180,不知所云的眨眨眼,f,https://m.weibo.cn/u/7773207180?launchid=10000360-page_H5,"https://tvax2.sinaimg.cn/crop.0.0.1080.1080.180/008u3Ahmly8icloark5ogj30u00u0gmy.jpg?KID=imgbed,tva&Expires=1779088950&ssig=6%2BgeACmvU2",search_comments_2026-05-18.csv,search_comment,好幸福的一家人啊 羡慕,True,False
5299899700872221,1779106819,2026-05-18 12:20:19+08:00,5299897645665006,都有娃了幸福的一家三口,0,1,1779078150214,吉林,5299899700872221,2132386743,手心里的橘色小星球,f,https://m.weibo.cn/u/2132386743?launchid=10000360-page_H5,"https://tvax1.sinaimg.cn/crop.0.0.1080.1080.180/7f19a3b7ly8i9p3gt2jjuj20u00u0413.jpg?KID=imgbed,tva&Expires=1779088950&ssig=rus0T5TnqC",search_comments_2026-05-18.csv,search_comment,都有娃了幸福的一家三口,True,False
5299887173534204,1779103832,2026-05-18 11:30:32+08:00,5299886960673208,你喜欢他们夫妻俩吗,2,26,1779078156558,江苏,5299887173534204,5235089692,Oopsboomboom,f,https://m.weibo.cn/u/5235089692?launchid=10000360-page_H5,"https://tvax1.sinaimg.cn/crop.0.0.887.887.180/005IhTYwly8i8aamgg7flj30on0ont9k.jpg?KID=imgbed,tva&Expires=1779088956&ssig=rj7S6Zry21",search_comments_2026-05-18.csv,search_comment,你喜欢他们夫妻俩吗,True,False
5299888112796145,1779104056,2026-05-18 11:34:16+08:00,5299886960673208,许玮宁：天选老公，邱泽：天选老婆 [语音评论5&quot;],0,0,1779078156564,AI吃瓜罗伯特,5299888112796145,5606716867,吃瓜罗伯特,f,https://m.weibo.cn/u/5606716867?launchid=10000360-page_H5,"https://tvax1.sinaimg.cn/crop.0.0.921.921.180/0067rdbdly8ibrqhbg0vxj30pl0pl404.jpg?KID=imgbed,tva&Expires=1779088956&ssig=qzmpPsc3p%2F",search_comments_2026-05-18.csv,search_comment,许玮宁天选老公邱泽天选老婆 语音评论5quot,True,False
5299887810808729,1779103984,2026-05-18 11:33:04+08:00,5299886960673208,暖心奶爸力MAX  邱泽举高高的画面太戳了，妥妥的超人爸爸！,0,0,1779078156565,河南,5299887810808729,4084917233,Ar0ct,f,https://m.weibo.cn/u/4084917233?launchid=10000360-page_H5,"https://tvax4.sinaimg.cn/crop.0.0.1080.1080.180/f37ae3f1ly8i82nelwsu2j20u00u0gmy.jpg?KID=imgbed,tva&Expires=1779088956&ssig=Xhoj30Efp%2B",search_comments_2026-05-18.csv,search_comment,暖心奶爸力MAX  邱泽举高高的画面太戳了妥妥的超人爸爸,True,False
5299890571707275,1779104642,2026-05-18 11:44:02+08:00,5299889470701660,啊他俩才结婚吗，我怎么记得已经结了呢,0,5,1779078162889,山东,5299890571707275,3783867251,辰辰飞不动,f,https://m.weibo.cn/u/3783867251?launchid=10000360-page_H5,"https://tvax1.sinaimg.cn/crop.0.0.1080.1080.180/e1893b73ly8hke041qqptj20u00u0jsf.jpg?KID=imgbed,tva&Expires=1779088962&ssig=Jav4OEVxyp",search_comments_2026-05-18.csv,search_comment,啊他俩才结婚吗我怎么记得已经结了呢,True,False
5299891010273456,1779104746,2026-05-18 11:45:46+08:00,5299889470701660,一物降一物,0,1,1779078162892,山东,5299891010273456,5698267172,软糖吃瓜铺,f,https://m.weibo.cn/u/5698267172?launchid=10000360-page_H5,"https://tvax4.sinaimg.cn/crop.0.0.1080.1080.180/006dDlB2ly8iaw1673du6j30u00u0tfm.jpg?KID=imgbed,tva&Expires=1779088962&ssig=Tw%2Bcvi7oq3",search_comments_2026-05-18.csv,search_comment,一物降一物,True,False
5299891920175983,1779104964,2026-05-18 11:49:24+08:00,5299889470701660,看着脸好像见过，名字我咋一点不熟悉呢,0,0,1779078162895,陕西,5299891920175983,1424855387,whitecotton白棉花,f,https://m.weibo.cn/u/1424855387?launchid=10000360-page_H5,"https://tvax2.sinaimg.cn/crop.35.0.1060.1060.180/54ed915bly8hq3z04dh4nj20ve0tgacy.jpg?KID=imgbed,tva&Expires=1779088962&ssig=0kle3sxiZI",search_comments_2026-05-18.csv,search_comment,看着脸好像见过名字我咋一点不熟悉呢,True,False
5299899954103091,1779106879,2026-05-18 12:21:19+08:00,5299899478574269,这基因太强大了吧，小Ian继承了爸妈的所有优点！以后也是要进娱乐圈的节奏吗？,0,0,1779078203191,AI吃瓜罗伯特,5299899954103091,5606716867,吃瓜罗伯特,f,https://m.weibo.cn/u/5606716867?launchid=10000360-page_H5,"https://tvax1.sinaimg.cn/crop.0.0.921.921.180/0067rdbdly8ibrqhbg0vxj30pl0pl404.jpg?KID=imgbed,tva&Expires=1779089003&ssig=xvvctgQHtA",search_comments_2026-05-18.csv,search_comment,这基因太强大了吧小Ian继承了爸妈的所有优点以后也是要进娱乐圈的节奏吗,True,False
5299849475391813,1779094843,2026-05-18 09:00:43+08:00,5299849290319706,一起领取周年限量典藏流沙票根和解锁独家未公开剧照啦～一起共庆周年！ ,33,2162,1779078223384,浙江,5299849475391813,5346656982,肖了个球1005,f,https://m.weibo.cn/u/5346656982?launchid=10000360-page_H5,"https://tvax1.sinaimg.cn/crop.0.0.1080.1080.180/005PQ1IWly8i8xvgoh94aj30u00u0q49.jpg?KID=imgbed,tva&Expires=1779089023&ssig=QZQpona%2B%2FG",search_comments_2026-05-18.csv,search_comment,一起领取周年限量典藏流沙票根和解锁独家未公开剧照啦一起共庆周年 ,True,False
5299849392030160,1779094823,2026-05-18 09:00:23+08:00,5299849290319706,藏海大人一周年快乐,51,2621,1779078223386,浙江,5299849392030160,1637926101,陈小瑶啊,f,https://m.weibo.cn/u/1637926101?launchid=10000360-page_H5,"https://tvax3.sinaimg.cn/crop.0.0.1080.1080.180/61a0c4d5ly8i03jmwb30hj20u00u0wfo.jpg?KID=imgbed,tva&Expires=1779089023&ssig=sIosTouime",search_comments_2026-05-18.csv,search_comment,藏海大人一周年快乐,True,False
5299873035322800,1779100461,2026-05-18 10:34:21+08:00,5299872099735112,好家伙，还藏了私货,1,107,1779078229815,辽宁,5299873035322800,3707301182,何希儿yaya,f,https://m.weibo.cn/u/3707301182?launchid=10000360-page_H5,"https://tvax4.sinaimg.cn/crop.0.0.1080.1080.180/dcf8ed3ely8hm9q3z8nswj20u00u00tz.jpg?KID=imgbed,tva&Expires=1779089029&ssig=uVCLfoOzGO",search_comments_2026-05-18.csv,search_comment,好家伙还藏了私货,True,False
5299877481284306,1779101520,2026-05-18 10:52:00+08:00,5299872099735112,好家伙还有我没看过的,0,10,1779078229817,浙江,5299877481284306,5520595120,大脸妹妹1005,m,https://m.weibo.cn/u/5520595120?launchid=10000360-page_H5,"https://tvax4.sinaimg.cn/crop.0.0.1080.1080.180/0061BQYMly8ic19zabep8j30u00u0ac2.jpg?KID=imgbed,tva&Expires=1779089029&ssig=PjgouQ%2FYt0",search_comments_2026-05-18.csv,search_comment,好家伙还有我没看过的,True,False
5299878840503305,1779101845,2026-05-18 10:57:25+08:00,5299872099735112,这就是导演说的敦煌风吗，还有吗还有吗,0,3,1779078229818,重庆,5299878840503305,7517549179,满天星·Amy,f,https://m.weibo.cn/u/7517549179?launchid=10000360-page_H5,"https://tvax3.sinaimg.cn/crop.0.0.1080.1080.180/008cKRXdly8i66j3gzg57j30u00u0ad4.jpg?KID=imgbed,tva&Expires=1779089029&ssig=eh3PkKSm4U",search_comments_2026-05-18.csv,search_comment,这就是导演说的敦煌风吗还有吗还有吗,True,False
5299867580903759,1779099161,2026-05-18 10:12:41+08:00,5299867312204273,确实是错过一秒钟都不行，每一秒都恨不得重新回看，生怕错过每一个细节，即使这么谨慎，依旧有很多点没有发现，只怪这个藏海传太精彩，肖战演技过于优秀,0,45,1779078242787,山西,5299867580903759,7828044490,沧海压根不稀罕你,f,https://m.weibo.cn/u/7828044490?launchid=10000360-page_H5,"https://tvax4.sinaimg.cn/crop.0.1.1078.1078.180/008xLFY6ly8i5mr90fi7sj30ty0u0myx.jpg?KID=imgbed,tva&Expires=1779089042&ssig=c%2BYzXu0ybr",search_comments_2026-05-18.csv,search_comment,确实是错过一秒钟都不行每一秒都恨不得重新回看生怕错过每一个细节即使这么谨慎依旧有很多点没有发现只怪这个藏海传太精彩肖战演技过于优秀,True,False
5299897692851636,1779106340,2026-05-18 12:12:20+08:00,5299867312204273,哈哈，欢乐时光,0,0,1779078242789,河南,5299897692851636,7774632639,魔法小桃心,m,https://m.weibo.cn/u/7774632639?launchid=10000360-page_H5,"https://tvax1.sinaimg.cn/crop.0.0.631.631.180/008u9z6Dly8hrowoz7wnzj30hj0hjgnu.jpg?KID=imgbed,tva&Expires=1779089042&ssig=G%2Ft0cv1mOA",search_comments_2026-05-18.csv,search_comment,哈哈欢乐时光,True,False
5299869564802841,1779099634,2026-05-18 10:20:34+08:00,5299867312204273,绝对的全球爆剧，影视剧史上浓墨重彩的一笔,0,32,1779078242790,江苏,5299869564802841,3008903594,啊呜一口小赞饭,f,https://m.weibo.cn/u/3008903594?launchid=10000360-page_H5,"https://tvax4.sinaimg.cn/crop.0.0.1080.1080.180/b35839aaly8ia1toct850j20u00u00y1.jpg?KID=imgbed,tva&Expires=1779089042&ssig=RYE0Hy18Jy",search_comments_2026-05-18.csv,search_comment,绝对的全球爆剧影视剧史上浓墨重彩的一笔,True,False
5299873638517136,1779100605,2026-05-18 10:36:45+08:00,5299872569492143,开播一周年！一起来重温！@肖战 藏海凭借细腻演技和超棒的同期声台词深入人心让观众共情。成功诠释东方君子风骨，惊艳世界。藏海传让世界读懂中华文化内核，凭文化底蕴出圈全球。,0,2,1779078249134,辽宁,5299873638517136,6082076567,贝壳里的晴天,f,https://m.weibo.cn/u/6082076567?launchid=10000360-page_H5,"https://tvax4.sinaimg.cn/crop.0.0.1080.1080.180/006DBLX9ly8i62c0kl1d6j30u00u0408.jpg?KID=imgbed,tva&Expires=1779089048&ssig=9UpVCUu%2BL8",search_comments_2026-05-18.csv,search_comment,开播一周年一起来重温 藏海凭借细腻演技和超棒的同期声台词深入人心让观众共情成功诠释东方君子风骨惊艳世界藏海传让世界读懂中华文化内核凭文化底蕴出圈全球,True,False
5299899759592414,1779106833,2026-05-18 12:20:33+08:00,5299872569492143,藏海传确实好看确实牛！,0,0,1779078249138,四川,5299899759592414,7531468220,春暖花开燕回巢,f,https://m.weibo.cn/u/7531468220?launchid=10000360-page_H5,"https://tvax4.sinaimg.cn/crop.0.0.1080.1080.180/008dHgVSly8i9pdngf23cj30u00u0wii.jpg?KID=imgbed,tva&Expires=1779089048&ssig=sGHNJY%2FKbf",search_comments_2026-05-18.csv,search_comment,藏海传确实好看确实牛,True,False
5299889332557342,1779104347,2026-05-18 11:39:07+08:00,5299872569492143,肖战《藏海传》开播一周年快乐,0,2,1779078249142,广西,5299889332557342,2787302971,Steven坤Jade廷,m,https://m.weibo.cn/u/2787302971?launchid=10000360-page_H5,"https://tvax3.sinaimg.cn/crop.0.0.1080.1080.180/a622de3bly8iazc6q7libj20u00u040z.jpg?KID=imgbed,tva&Expires=1779089048&ssig=Sx147pbjNw",search_comments_2026-05-18.csv,search_comment,肖战藏海传开播一周年快乐,True,False
5299899587362964,1779106791,2026-05-18 12:19:51+08:00,5299899492466938,#肖战# 你是最亮的那一轮明月，永远爱你。@肖战 ,0,0,1779078272160,河南,5299899587362964,4018061366,嘻嘻哈哈没脑子,f,https://m.weibo.cn/u/4018061366?launchid=10000360-page_H5,"https://tvax1.sinaimg.cn/crop.0.0.1080.1080.180/ef7ec036ly8i9032tb0c3j20u00u0gqf.jpg?KID=imgbed,tva&Expires=1779089071&ssig=0EmMFKNKq5",search_comments_2026-05-18.csv,search_comment, 你是最亮的那一轮明月永远爱你 ,True,False
5299899521830204,1779106776,2026-05-18 12:19:36+08:00,5299899492466938,“不管未来你是处于低谷还是高峰，都要坚强乐观的去面对。就算路途偶尔有荆棘，也要保持自己最初的赤诚，活出自己最美好的样子。这些经历会让自己变得越来越优秀，成为一个更好的人。”,0,0,1779078272161,江西,5299899521830204,7958159042,文文静静静静静啦,f,https://m.weibo.cn/u/7958159042?launchid=10000360-page_H5,"https://tvax1.sinaimg.cn/crop.0.0.500.500.180/008GzCHUly8huvyivc767j30dw0dwt9x.jpg?KID=imgbed,tva&Expires=1779089071&ssig=22N5Lc9jSt",search_comments_2026-05-18.csv,search_comment,不管未来你是处于低谷还是高峰都要坚强乐观的去面对就算路途偶尔有荆棘也要保持自己最初的赤诚活出自己最美好的样子这些经历会让自己变得越来越优秀成为一个更好的人,True,False
5299866102405290,1779098808,2026-05-18 10:06:48+08:00,5299865648629097,@肖战 《藏海传》一周年快乐,6,317,1779078278551,浙江,5299866102405290,7797449800,小羊排排坐天秤,f,https://m.weibo.cn/u/7797449800?launchid=10000360-page_H5,"https://tvax4.sinaimg.cn/crop.0.0.1080.1080.180/008vHiTmly8h7ecrogpzej30u00u0ad3.jpg?KID=imgbed,tva&Expires=1779089078&ssig=GPifMgYxPe",search_comments_2026-05-18.csv,search_comment, 藏海传一周年快乐,True,False
5298860181685364,1778858978,2026-05-15 15:29:38+08:00,5298847733254253,王力宏那个负面事件已经过去了是不,6,15,1779078295368,四川,5298860181685364,2561339130,王youngyyyy,m,https://m.weibo.cn/u/2561339130?launchid=10000360-page_H5,"https://tva1.sinaimg.cn/crop.0.0.852.852.180/98aaeefajw8ew545fgsslj20no0noack.jpg?KID=imgbed,tva&Expires=1779089095&ssig=imInvgDYCZ",search_comments_2026-05-18.csv,search_comment,王力宏那个负面事件已经过去了是不,True,False
5298912665014194,1778871491,2026-05-15 18:58:11+08:00,5298847733254253,#王力宏官宣新身份# 绝配的一次代言，代言人也是很节俭，演出服来拍物料,1,0,1779078295374,福建,5298912665014194,7884322527,香水DV,f,https://m.weibo.cn/u/7884322527?launchid=10000360-page_H5,"https://tvax3.sinaimg.cn/crop.0.0.512.512.180/008BzOsnly8i26wjf6nscj30e80e8wes.jpg?KID=imgbed,tva&Expires=1779089095&ssig=zzwDCxtB1Q",search_comments_2026-05-18.csv,search_comment, 绝配的一次代言代言人也是很节俭演出服来拍物料,True,False
5299874138424727,1779100724,2026-05-18 10:38:44+08:00,5299864746332350,完美驾驭二哥还是厉害,2,3,1779078308221,西藏,5299874138424727,7914063052,刚好拽着你,f,https://m.weibo.cn/u/7914063052?launchid=10000360-page_H5,"https://tvax4.sinaimg.cn/crop.0.0.1024.1024.180/008DABkgly8hpad11dv3xj30sg0sgn0o.jpg?KID=imgbed,tva&Expires=1779089108&ssig=3O6mOoG16d",search_comments_2026-05-18.csv,search_comment,完美驾驭二哥还是厉害,True,False
5299873652149710,1779100608,2026-05-18 10:36:48+08:00,5299864746332350,这车有品味,5,3,1779078308224,山西,5299873652149710,7914538647,--_--一_一,f,https://m.weibo.cn/u/7914538647?launchid=10000360-page_H5,"https://tvax2.sinaimg.cn/crop.0.0.400.400.180/008DCB39ly8hpaa8nhu2dj30b40b40sq.jpg?KID=imgbed,tva&Expires=1779089108&ssig=MCHuyDaIbP",search_comments_2026-05-18.csv,search_comment,这车有品味,True,False
5299848582530196,1779094631,2026-05-18 08:57:11+08:00,5299848507034738,Baby你就是我的唯一,0,0,1779078314648,广东,5299848582530196,2409254303,i科技君,m,https://m.weibo.cn/u/2409254303?launchid=10000360-page_H5,"https://tvax1.sinaimg.cn/crop.0.0.512.512.180/8f9a4d9fly8geymvxhinij20e80e8weo.jpg?KID=imgbed,tva&Expires=1779089114&ssig=WAPW7BsF57",search_comments_2026-05-18.csv,search_comment,Baby你就是我的唯一,True,False
5299849135129931,1779094763,2026-05-18 08:59:23+08:00,5299848507034738,期待这场跨界盛宴，技术与音乐的完美融合！,0,1,1779078314653,河北,5299849135129931,2156220992,h你有你的美,m,https://m.weibo.cn/u/2156220992?launchid=10000360-page_H5,"https://tvax2.sinaimg.cn/crop.0.0.1080.1080.180/80855240ly8i5chlzzmx9j20u00u076p.jpg?KID=imgbed,tva&Expires=1779089114&ssig=MQgWJLjM4I",search_comments_2026-05-18.csv,search_comment,期待这场跨界盛宴技术与音乐的完美融合,True,False
5299879010112619,1779101886,2026-05-18 10:58:06+08:00,5299877181393189,真的吗，太好了,1,0,1779078321200,湖南,5299879010112619,6825806893,酸酸甜甜de大橙子,f,https://m.weibo.cn/u/6825806893?launchid=10000360-page_H5,"https://tvax2.sinaimg.cn/crop.0.0.996.996.180/007rWobzly8g1xkyy9ofhj30ro0roabn.jpg?KID=imgbed,tva&Expires=1779089120&ssig=o4zc%2BfRjbY",search_comments_2026-05-18.csv,search_comment,真的吗太好了,True,False
5299878875890408,1779101853,2026-05-18 10:57:33+08:00,5299877181393189,代言人合适,1,0,1779078321209,湖南,5299878875890408,7194739398,香菜是好吃的耶,f,https://m.weibo.cn/u/7194739398?launchid=10000360-page_H5,"https://tvax3.sinaimg.cn/crop.0.0.1024.1024.180/007QUonQly8hh0y6veibvj30sg0sgwg8.jpg?KID=imgbed,tva&Expires=1779089120&ssig=iKbeSddIlm",search_comments_2026-05-18.csv,search_comment,代言人合适,True,False
5299878867764078,1779101852,2026-05-18 10:57:32+08:00,5299832852059108,会唱几首呢,0,0,1779078327668,山西,5299878867764078,5502416778,-以后的从前,f,https://m.weibo.cn/u/5502416778?launchid=10000360-page_H5,"https://tvax1.sinaimg.cn/crop.0.0.1080.1080.180/0060nzXIly8icqaj0ibo5j30u00u0djf.jpg?KID=imgbed,tva&Expires=1779089127&ssig=LwINRFDlNm",search_comments_2026-05-18.csv,search_comment,会唱几首呢,True,False
5299845611130575,1779093923,2026-05-18 08:45:23+08:00,5299832852059108,期待大帅哥,0,0,1779078327673,广东,5299845611130575,7943389176,娇娇琪琪-喵,f,https://m.weibo.cn/u/7943389176?launchid=10000360-page_H5,"https://tvax3.sinaimg.cn/crop.0.0.1080.1080.180/008FzEogly8ht0kqjrg80j30u00u0mzr.jpg?KID=imgbed,tva&Expires=1779089127&ssig=hTQX2R4%2BVH",search_comments_2026-05-18.csv,search_comment,期待大帅哥,True,False
5299878146345052,1779101680,2026-05-18 10:54:40+08:00,5299878030738334,白鹿古装咋那么美  好期待六月份的莫离呀,0,14,1779078354270,广西,5299878146345052,5879139121,峥血旺不要放香菜_,f,https://m.weibo.cn/u/5879139121?launchid=10000360-page_H5,"https://tvax3.sinaimg.cn/crop.0.0.1080.1080.180/006pSgExly8iaxlfia15aj30u00u0q69.jpg?KID=imgbed,tva&Expires=1779089153&ssig=ESp950%2B4%2BQ",search_comments_2026-05-18.csv,search_comment,白鹿古装咋那么美  好期待六月份的莫离呀,True,False
5299878475333899,1779101757,2026-05-18 10:55:57+08:00,5299878030738334,白鹿好美天选古人来着期待莫离哟,0,11,1779078354274,江西,5299878475333899,6682185836,一黎一妍,f,https://m.weibo.cn/u/6682185836?launchid=10000360-page_H5,"https://tvax3.sinaimg.cn/crop.0.0.1080.1080.180/007idLMUly8ia0t7dvr6tj30u00u040e.jpg?KID=imgbed,tva&Expires=1779089153&ssig=g%2BC7D73qw9",search_comments_2026-05-18.csv,search_comment,白鹿好美天选古人来着期待莫离哟,True,False
5299880013859130,1779102125,2026-05-18 11:02:05+08:00,5299878030738334,重⭐管好自己的🐶，来预约白鹿《莫离》,1,12,1779078354280,河南,5299880013859130,6426090033,小菠的冬瓜,f,https://m.weibo.cn/u/6426090033?launchid=10000360-page_H5,"https://tvax2.sinaimg.cn/crop.0.0.682.682.180/0070Tdzrly8hwury7jgwyj30iy0iyjub.jpg?KID=imgbed,tva&Expires=1779089153&ssig=NbWZ63odrS",search_comments_2026-05-18.csv,search_comment,重管好自己的来预约白鹿莫离,True,False
5299891023907943,1779104750,2026-05-18 11:45:50+08:00,5299890365139612,事业批没毛病,0,129,1779078360829,北京,5299891023907943,5648222552,初夏-叶璃的老公,f,https://m.weibo.cn/u/5648222552?launchid=10000360-page_H5,"https://tvax3.sinaimg.cn/crop.0.0.884.884.180/006afmHKly8ibjmvfubj9j30ok0ok40k.jpg?KID=imgbed,tva&Expires=1779089160&ssig=2QyvyQpDpZ",search_comments_2026-05-18.csv,search_comment,事业批没毛病,True,False
5299895850502624,1779105901,2026-05-18 12:05:01+08:00,5299890365139612,期待女神莫离,0,113,1779078360836,中国香港,5299895850502624,7690834026,明月帐,f,https://m.weibo.cn/u/7690834026?launchid=10000360-page_H5,"https://tvax3.sinaimg.cn/crop.0.0.1080.1080.180/008otXg6ly8id6afgm4t9j30u00u0q5a.jpg?KID=imgbed,tva&Expires=1779089160&ssig=HRLKoOtvgk",search_comments_2026-05-18.csv,search_comment,期待女神莫离,True,False
5299892962199732,1779105212,2026-05-18 11:53:32+08:00,5299892488505196,白姐这是在cos战国策吗？文化人就是不一样 [语音评论5&quot;],0,0,1779078367287,AI吃瓜罗伯特,5299892962199732,5606716867,吃瓜罗伯特,f,https://m.weibo.cn/u/5606716867?launchid=10000360-page_H5,"https://tvax1.sinaimg.cn/crop.0.0.921.921.180/0067rdbdly8ibrqhbg0vxj30pl0pl404.jpg?KID=imgbed,tva&Expires=1779089167&ssig=JyuVjFSpv3",search_comments_2026-05-18.csv,search_comment,白姐这是在cos战国策吗文化人就是不一样 语音评论5quot,True,False
5299894206334750,1779105509,2026-05-18 11:58:29+08:00,5299892488505196,这衣服还真不是几天能赶出来的，有些人是淘宝买不到，白鹿穿了真好看,0,16,1779078367292,上海,5299894206334750,7040059302,用户7040059302,f,https://m.weibo.cn/u/7040059302?launchid=10000360-page_H5,"https://tvax4.sinaimg.cn/crop.0.0.935.935.180/007Grn1Aly8h0novnsoq6j30pz0pzabp.jpg?KID=imgbed,tva&Expires=1779089167&ssig=JOEMWZvOyu",search_comments_2026-05-18.csv,search_comment,这衣服还真不是几天能赶出来的有些人是淘宝买不到白鹿穿了真好看,True,False
5299893733950614,1779105396,2026-05-18 11:56:36+08:00,5299892488505196,超级美啊白鹿状态好好！战国袍造型超级漂亮,0,8,1779078367296,辽宁,5299893733950614,1918378975,libra19830925,f,https://m.weibo.cn/u/1918378975?launchid=10000360-page_H5,"https://tvax4.sinaimg.cn/crop.0.0.1080.1080.180/725823dfly8i1rubpajkaj20u00u0tgj.jpg?KID=imgbed,tva&Expires=1779089167&ssig=ckHpxxU1wy",search_comments_2026-05-18.csv,search_comment,超级美啊白鹿状态好好战国袍造型超级漂亮,True,False
5299897092017255,1779106197,2026-05-18 12:09:57+08:00,5299880545223751,雍容华贵，天选古人，太期待白鹿莫离了,0,2,1779078373656,安徽,5299897092017255,5097554354,林思薇962788,f,https://m.weibo.cn/u/5097554354?launchid=10000360-page_H5,"https://tvax2.sinaimg.cn/crop.0.0.1080.1080.180/005yYOKCly8i20q33nbs9j30u00u044y.jpg?KID=imgbed,tva&Expires=1779089173&ssig=X5847FFALw",search_comments_2026-05-18.csv,search_comment,雍容华贵天选古人太期待白鹿莫离了,True,False
5299892169737388,1779105023,2026-05-18 11:50:23+08:00,5299880545223751,一些大投资的剧为什么还没有综艺用心啊？还是说钱都被造型师贪了,0,0,1779078373659,江西,5299892169737388,6552368299,今天买的菠萝不太甜,f,https://m.weibo.cn/u/6552368299?launchid=10000360-page_H5,"https://tvax3.sinaimg.cn/crop.0.0.704.704.180/0079r4jFly8hlt4t95i9bj30jk0jkdgi.jpg?KID=imgbed,tva&Expires=1779089173&ssig=mPeyrRb7W7",search_comments_2026-05-18.csv,search_comment,一些大投资的剧为什么还没有综艺用心啊还是说钱都被造型师贪了,True,False
5299900476819521,1779107004,2026-05-18 12:23:24+08:00,5299899797342964,不笑就清冷疏离，一笑如冰雪消融,0,3,1779078380119,上海,5299900476819521,2963795813,花间一壶可乐,f,https://m.weibo.cn/u/2963795813?launchid=10000360-page_H5,"https://tvax4.sinaimg.cn/crop.0.0.1080.1080.180/b0a7ef65ly8hevts7o94yj20u00u0go0.jpg?KID=imgbed,tva&Expires=1779089179&ssig=vlxgsgV0Xd",search_comments_2026-05-18.csv,search_comment,不笑就清冷疏离一笑如冰雪消融,True,False
5299900561754791,1779107024,2026-05-18 12:23:44+08:00,5299899797342964,哇，白鹿的战国女皇造型真的太惊艳了！如果她真的演女皇，你们觉得会是什么样的呢？快来讨论一下吧！,0,1,1779078380123,AI生成内容,5299900561754791,7914407847,美妆小甜豆,f,https://m.weibo.cn/u/7914407847?launchid=10000360-page_H5,"https://tvax1.sinaimg.cn/crop.0.0.513.513.180/008DC31tly8hp0ua97mrmj30e90e974t.jpg?KID=imgbed,tva&Expires=1779089179&ssig=yoAsciTGHG",search_comments_2026-05-18.csv,search_comment,哇白鹿的战国女皇造型真的太惊艳了如果她真的演女皇你们觉得会是什么样的呢快来讨论一下吧,True,False
5299900384281407,1779106982,2026-05-18 12:23:02+08:00,5299899797342964,我去 好图收了,0,0,1779078380129,江西,5299900384281407,7381966011,情属璃花_真香毒妇版,f,https://m.weibo.cn/u/7381966011?launchid=10000360-page_H5,"https://tvax4.sinaimg.cn/crop.0.0.960.960.180/0083zYzVly8icm807drz7j30qo0qoabm.jpg?KID=imgbed,tva&Expires=1779089179&ssig=e9gD0Q7HRV",search_comments_2026-05-18.csv,search_comment,我去 好图收了,True,False
5299901281867835,1779107196,2026-05-18 12:26:36+08:00,5299900813676110,今天是不是翘班去追星啊,0,0,1779078403198,江苏,5299901281867835,5700866452,kido-man,m,https://m.weibo.cn/u/5700866452?launchid=10000360-page_H5,"https://tvax2.sinaimg.cn/crop.0.0.1080.1080.180/006dOfMUly8gaky96w6j6j30u00u00v3.jpg?KID=imgbed,tva&Expires=1779089203&ssig=cHNqGLOgFG",search_comments_2026-05-18.csv,search_comment,今天是不是翘班去追星啊,True,False
5299900411021280,1779106988,2026-05-18 12:23:08+08:00,5299899941782206,战国袍都这么好看的嘛！姐姐我可以！ [语音评论4&quot;],0,0,1779078409709,AI吃瓜罗伯特,5299900411021280,5606716867,吃瓜罗伯特,f,https://m.weibo.cn/u/5606716867?launchid=10000360-page_H5,"https://tvax1.sinaimg.cn/crop.0.0.921.921.180/0067rdbdly8ibrqhbg0vxj30pl0pl404.jpg?KID=imgbed,tva&Expires=1779089209&ssig=HlZi5dYfWD",search_comments_2026-05-18.csv,search_comment,战国袍都这么好看的嘛姐姐我可以 语音评论4quot,True,False
5299846703482779,1779094183,2026-05-18 08:49:43+08:00,5299840437454640,这是有大爱的女儿,1,0,1779078436986,广东,5299846703482779,7281231524,青青之鳳,f,https://m.weibo.cn/u/7281231524?launchid=10000360-page_H5,"https://tvax2.sinaimg.cn/crop.0.0.1080.1080.180/007WLiW8ly8i1uwh2z6fhj30u00u07as.jpg?KID=imgbed,tva&Expires=1779089236&ssig=IcEQgq7elr",search_comments_2026-05-18.csv,search_comment,这是有大爱的女儿,True,False
5299842533819697,1779093189,2026-05-18 08:33:09+08:00,5299840437454640,怎么突然聊起来了，不是去世好几年了,1,1,1779078436991,北京,5299842533819697,5339103914,星星罐里装满糖,m,https://m.weibo.cn/u/5339103914?launchid=10000360-page_H5,"https://tvax3.sinaimg.cn/crop.0.1.1206.1206.180/005BHmQ1ly8icr6o92ps4j30u00u0q65.jpg?KID=imgbed,tva&Expires=1779089236&ssig=mmw7bq3zXP",search_comments_2026-05-18.csv,search_comment,怎么突然聊起来了不是去世好几年了,True,False
5299845904731108,1779093993,2026-05-18 08:46:33+08:00,5299840437454640,希望在另一个世界也可以开心,0,1,1779078436996,江苏,5299845904731108,7603587644,黑化春春,m,https://m.weibo.cn/u/7603587644?launchid=10000360-page_H5,"https://tvax1.sinaimg.cn/crop.0.0.1080.1080.180/008izSuoly8id308sukmij30u00u0wfj.jpg?KID=imgbed,tva&Expires=1779089236&ssig=icEINNf5f%2F",search_comments_2026-05-18.csv,search_comment,希望在另一个世界也可以开心,True,False
5299842058551345,1779093075,2026-05-18 08:31:15+08:00,5299832812208540,再多钱也没有身体健康重要,0,0,1779078443438,浙江,5299842058551345,2164376267,星闻快递,m,https://m.weibo.cn/u/2164376267?launchid=10000360-page_H5,"https://tvax4.sinaimg.cn/crop.130.216.383.383.180/8101c2cbly8frfsezghwej20j60j675w.jpg?KID=imgbed,tva&Expires=1779089243&ssig=9EBhuJGwpR",search_comments_2026-05-18.csv,search_comment,再多钱也没有身体健康重要,True,False
5299838163354115,1779092147,2026-05-18 08:15:47+08:00,5299836962213477,低调且从容,2,0,1779078450126,广东,5299838163354115,7353980285,高哥观车,m,https://m.weibo.cn/u/7353980285?launchid=10000360-page_H5,"https://tvax2.sinaimg.cn/crop.0.0.1033.1033.180/0081Gydfly8hu6s7tcao2j30sp0spjux.jpg?KID=imgbed,tva&Expires=1779089249&ssig=knF84gGn6v",search_comments_2026-05-18.csv,search_comment,低调且从容,True,False
5299838292853924,1779092177,2026-05-18 08:16:17+08:00,5299836962213477,"豪门十一个女儿，何超蕸活得最轻,也走得最稳。",2,2,1779078450132,广东,5299838292853924,7926375233,盈科扩展,f,https://m.weibo.cn/u/7926375233?launchid=10000360-page_H5,"https://tvax4.sinaimg.cn/crop.0.0.1080.1080.180/008EqghPly8hql5l8dfgzj30u00u0dih.jpg?KID=imgbed,tva&Expires=1779089249&ssig=R5e1Ce4iHZ",search_comments_2026-05-18.csv,search_comment,豪门十一个女儿何超蕸活得最轻也走得最稳,True,False
5299838583308517,1779092246,2026-05-18 08:17:26+08:00,5299836962213477,这世上最贵的不是赢，是干净。,2,3,1779078450138,广东,5299838583308517,7926032449,天元建工,f,https://m.weibo.cn/u/7926032449?launchid=10000360-page_H5,"https://tvax1.sinaimg.cn/crop.0.0.1080.1080.180/008EoP73ly8hqxx7gm82gj30u00u0tb1.jpg?KID=imgbed,tva&Expires=1779089249&ssig=1RQB20B1N9",search_comments_2026-05-18.csv,search_comment,这世上最贵的不是赢是干净,True,False
5299832840524624,1779090878,2026-05-18 07:54:38+08:00,5299831163587103,斯人已逝，愿逝者安息，家人能早日走出悲痛！,0,2,1779078456642,黑龙江,5299832840524624,2657837537,ZS水木嘉华,f,https://m.weibo.cn/u/2657837537?launchid=10000360-page_H5,"https://tvax1.sinaimg.cn/crop.0.0.719.719.180/9e6b61e1ly8hbz1vk4utvj20jz0jzgnm.jpg?KID=imgbed,tva&Expires=1779089256&ssig=kyv0Cxaq%2BO",search_comments_2026-05-18.csv,search_comment,斯人已逝愿逝者安息家人能早日走出悲痛,True,False
5299858579917453,1779097015,2026-05-18 09:36:55+08:00,5299831163587103,积极地投身社会服务行业，看来她非常的善良,0,1,1779078456646,河南,5299858579917453,5099671091,石泉泉Yo,m,https://m.weibo.cn/u/5099671091?launchid=10000360-page_H5,"https://tvax2.sinaimg.cn/crop.0.0.1080.1080.180/005z7Hpxly8hzg32k6rjnj30u00u00tj.jpg?KID=imgbed,tva&Expires=1779089256&ssig=6h8gXLh%2BnT",search_comments_2026-05-18.csv,search_comment,积极地投身社会服务行业看来她非常的善良,True,False
5299855735914660,1779096336,2026-05-18 09:25:36+08:00,5299831163587103,连句告别都没留,0,0,1779078456649,广东,5299855735914660,2037365280,妃妃_y,f,https://m.weibo.cn/u/2037365280?launchid=10000360-page_H5,"https://tva1.sinaimg.cn/crop.0.0.108.108.180/796fba20gw1e7gl1ss7raj2050050gls.jpg?KID=imgbed,tva&Expires=1779089256&ssig=gOLbvgOCyL",search_comments_2026-05-18.csv,search_comment,连句告别都没留,True,False
5299832457790050,1779090787,2026-05-18 07:53:07+08:00,5299828993298531,姊妹俩感情是真好,1,6,1779078463073,北京,5299832457790050,2108200227,宣姐晓宣,f,https://m.weibo.cn/u/2108200227?launchid=10000360-page_H5,"https://tvax2.sinaimg.cn/crop.0.0.1080.1080.180/7da89523ly8i0u59zkcpsj20u00u0q9p.jpg?KID=imgbed,tva&Expires=1779089262&ssig=xnpu%2FHugzA",search_comments_2026-05-18.csv,search_comment,姊妹俩感情是真好,True,False
5299833041587596,1779090926,2026-05-18 07:55:26+08:00,5299828993298531,愿超蕸姐一路走好，家人节哀,1,0,1779078463088,福建,5299833041587596,6250404535,抱财兔兔叽,f,https://m.weibo.cn/u/6250404535?launchid=10000360-page_H5,"https://tvax3.sinaimg.cn/crop.0.0.720.720.180/006P03Knly8icnpy6jg4yj30k00k0402.jpg?KID=imgbed,tva&Expires=1779089262&ssig=56MfdKBAbT",search_comments_2026-05-18.csv,search_comment,愿超蕸姐一路走好家人节哀,True,False
5299869088745517,1779099520,2026-05-18 10:18:40+08:00,5299865208230145,癌症太可怕了，有钱人不能预防，也不能治疗，何况是普通人啊,1,1,1779078503117,山东,5299869088745517,5455687056,尛小柒儿,f,https://m.weibo.cn/u/5455687056?launchid=10000360-page_H5,"https://tvax1.sinaimg.cn/crop.0.0.1080.1080.180/005Xdvqwly8i7852x99glj30u00u0q47.jpg?KID=imgbed,tva&Expires=1779089302&ssig=9WVALU8a3C",search_comments_2026-05-18.csv,search_comment,癌症太可怕了有钱人不能预防也不能治疗何况是普通人啊,True,False
5299871650417146,1779100131,2026-05-18 10:28:51+08:00,5299865208230145,唉 看得让人心疼,1,1,1779078503121,广东,5299871650417146,7613482183,淡味_xy,f,https://m.weibo.cn/u/7613482183?launchid=10000360-page_H5,"https://tvax3.sinaimg.cn/crop.0.0.1080.1080.180/008jfovJly8ickjddmlxfj30u00u0gpc.jpg?KID=imgbed,tva&Expires=1779089302&ssig=tcTyFfvftb",search_comments_2026-05-18.csv,search_comment,唉 看得让人心疼,True,False
5299871141856197,1779100009,2026-05-18 10:26:49+08:00,5299865208230145,何超仪公开的信息，让人唏嘘又心疼。,1,0,1779078503124,江西,5299871141856197,7459023950,奶油芙芙栗子,f,https://m.weibo.cn/u/7459023950?launchid=10000360-page_H5,"https://tvax4.sinaimg.cn/crop.0.0.1080.1080.180/0088NiRUly8i5mxisw4n9j30u00u0q4r.jpg?KID=imgbed,tva&Expires=1779089302&ssig=0S%2BjnHYRRK",search_comments_2026-05-18.csv,search_comment,何超仪公开的信息让人唏嘘又心疼,True,False
5299869477765460,1779099612,2026-05-18 10:20:12+08:00,5299869059127478,张凌赫很有名对吗,2,23,1779078523441,安徽,5299869477765460,3880865291,档姬,m,https://m.weibo.cn/u/3880865291?launchid=10000360-page_H5,"https://tvax1.sinaimg.cn/crop.0.0.1024.1024.180/e7514e0bly8id78ttv3pcj20sg0sgdgo.jpg?KID=imgbed,tva&Expires=1779089323&ssig=lwiJHdJxhO",search_comments_2026-05-18.csv,search_comment,张凌赫很有名对吗,True,False
5299869868364570,1779099706,2026-05-18 10:21:46+08:00,5299869059127478,张凌赫：李爱英你问完之后，我立刻就来同框了 [语音评论5&quot;],0,2,1779078523444,AI吃瓜罗伯特,5299869868364570,5606716867,吃瓜罗伯特,f,https://m.weibo.cn/u/5606716867?launchid=10000360-page_H5,"https://tvax1.sinaimg.cn/crop.0.0.921.921.180/0067rdbdly8ibrqhbg0vxj30pl0pl404.jpg?KID=imgbed,tva&Expires=1779089323&ssig=bZar796y8j",search_comments_2026-05-18.csv,search_comment,张凌赫李爱英你问完之后我立刻就来同框了 语音评论5quot,True,False
5299870253453455,1779099798,2026-05-18 10:23:18+08:00,5299869059127478,赶快递本子 一定很好看,0,1,1779078523450,河北,5299870253453455,1734354244,九染,f,https://m.weibo.cn/u/1734354244?launchid=10000360-page_H5,"https://tvax1.sinaimg.cn/crop.0.0.1080.1080.180/67602544ly8i3u5aor4l7j20u00u0tai.jpg?KID=imgbed,tva&Expires=1779089323&ssig=dSplCIvTus",search_comments_2026-05-18.csv,search_comment,赶快递本子 一定很好看,True,False
5299872450218752,1779100322,2026-05-18 10:32:02+08:00,5299867091993975,张凌赫越来越帅气了，未来可期呀,2,9,1779078529874,福建,5299872450218752,6005319548,溜个瓜瓜,m,https://m.weibo.cn/u/6005319548?launchid=10000360-page_H5,"https://tvax1.sinaimg.cn/crop.0.0.1080.1080.180/006ypHWIly8i3gy1jmu2oj30u00u0tbt.jpg?KID=imgbed,tva&Expires=1779089329&ssig=vnWfWtktSH",search_comments_2026-05-18.csv,search_comment,张凌赫越来越帅气了未来可期呀,True,False
5299880350452269,1779102205,2026-05-18 11:03:25+08:00,5299880291731754,李英爱与张凌赫在Gucci大秀邻座握手互动，缘分奇妙。李英爱主演的《大长今》曾是收视爆款，最高破40点，是一代人的经典回忆。这次跨国同框让不少网友感叹“次元壁破了”，也见证了中韩明星在国际时尚舞台的交流。继续提问戳-&gt;微博智搜,0,1,1779078536253,微博智搜AI生成,5299880350452269,7892270010,微博智搜,f,https://m.weibo.cn/u/7892270010?launchid=10000360-page_H5,"https://tvax2.sinaimg.cn/crop.0.0.1080.1080.180/008C79XAly8i5grzh416kj30u00u0t8z.jpg?KID=imgbed,tva&Expires=1779089336&ssig=a1Ud88JW%2BB",search_comments_2026-05-18.csv,search_comment,李英爱与张凌赫在Gucci大秀邻座握手互动缘分奇妙李英爱主演的大长今曾是收视爆款最高破40点是一代人的经典回忆这次跨国同框让不少网友感叹次元壁破了也见证了中韩明星在国际时尚舞台的交流继续提问戳gt微博智搜,True,False
5299891733008070,1779104919,2026-05-18 11:48:39+08:00,5299880291731754,真的好奇妙的缘份,0,0,1779078536255,广东,5299891733008070,3150496162,彭多多要开心,f,https://m.weibo.cn/u/3150496162?launchid=10000360-page_H5,"https://tvax3.sinaimg.cn/crop.0.0.751.751.180/bbc8c1a2ly8g4ccnro2hij20kv0kvjs3.jpg?KID=imgbed,tva&Expires=1779089336&ssig=irMcebGiEx",search_comments_2026-05-18.csv,search_comment,真的好奇妙的缘份,True,False
5299898622938179,1779106562,2026-05-18 12:16:02+08:00,5299880291731754,大长今当年真的很火吧？,0,0,1779078536258,广西,5299898622938179,1793109855,财以勒,m,https://m.weibo.cn/u/1793109855?launchid=10000360-page_H5,"https://tvax3.sinaimg.cn/crop.0.0.640.640.180/6ae0af5fly8hy549fbldhj20hs0hsgnz.jpg?KID=imgbed,tva&Expires=1779089336&ssig=qZh5dla3RM",search_comments_2026-05-18.csv,search_comment,大长今当年真的很火吧,True,False
5299671339894556,1779052373,2026-05-17 21:12:53+08:00,5299668776650125,恭喜全球大爆生！恭喜张凌赫【国内唯一受邀】+【全球首穿超季】+【大秀出发首个被认领的嘉宾】,0,189,1779078545216,江苏,5299671339894556,5887541481,请你吃白粽蘸白糖,f,https://m.weibo.cn/u/5887541481?launchid=10000360-page_H5,"https://tvax1.sinaimg.cn/crop.0.0.1079.1079.180/006qrwutly8i9ijxlsh7nj30tz0u0tab.jpg?KID=imgbed,tva&Expires=1779089344&ssig=rvBFpvjPY%2B",search_comments_2026-05-18.csv,search_comment,恭喜全球大爆生恭喜张凌赫国内唯一受邀全球首穿超季大秀出发首个被认领的嘉宾,True,False
5299672463442221,1779052641,2026-05-17 21:17:21+08:00,5299668776650125,张凌赫火火火 查看图片,0,57,1779078545257,四川,5299672463442221,7527918306,张凌赫天天开心y,f,https://m.weibo.cn/u/7527918306?launchid=10000360-page_H5,"https://tvax2.sinaimg.cn/crop.0.0.444.444.180/008dsnrcly8id8l4sjg3bj30cc0ccaa9.jpg?KID=imgbed,tva&Expires=1779089344&ssig=zLcdZNGIRb",search_comments_2026-05-18.csv,search_comment,张凌赫火火火 查看图片,True,False
5299671432171746,1779052395,2026-05-17 21:13:15+08:00,5299668776650125,张凌赫就是火啊 查看图片,0,49,1779078545267,重庆,5299671432171746,7671266411,该用户已注销951,f,https://m.weibo.cn/u/7671266411?launchid=10000360-page_H5,"https://tvax2.sinaimg.cn/crop.0.0.1080.1080.180/008n9QPply8i95f6f51orj30u00u0t8v.jpg?KID=imgbed,tva&Expires=1779089344&ssig=XNh64QbHPh",search_comments_2026-05-18.csv,search_comment,张凌赫就是火啊 查看图片,True,False
5299862669101048,1779097990,2026-05-18 09:53:10+08:00,5299862243115482,你认识李英爱吗,3,17,1779078557497,湖北,5299862669101048,7834519624,蕾色锈迹,f,https://m.weibo.cn/u/7834519624?launchid=10000360-page_H5,"https://tvax4.sinaimg.cn/crop.0.0.1080.1080.180/008ycQrKly8id7v4ikq0mj30u00u0n0j.jpg?KID=imgbed,tva&Expires=1779089357&ssig=jfOlzwDmRi",search_comments_2026-05-18.csv,search_comment,你认识李英爱吗,True,False
5299862790996181,1779098018,2026-05-18 09:53:38+08:00,5299862243115482,你喜欢张凌赫吗,2,6,1779078557548,湖北,5299862790996181,7834519624,蕾色锈迹,f,https://m.weibo.cn/u/7834519624?launchid=10000360-page_H5,"https://tvax4.sinaimg.cn/crop.0.0.1080.1080.180/008ycQrKly8id7v4ikq0mj30u00u0n0j.jpg?KID=imgbed,tva&Expires=1779089357&ssig=jfOlzwDmRi",search_comments_2026-05-18.csv,search_comment,你喜欢张凌赫吗,True,False
5299862723890127,1779098003,2026-05-18 09:53:23+08:00,5299862243115482,你觉得李英爱张凌赫同框怎么样,2,5,1779078557552,湖北,5299862723890127,7834519624,蕾色锈迹,f,https://m.weibo.cn/u/7834519624?launchid=10000360-page_H5,"https://tvax4.sinaimg.cn/crop.0.0.1080.1080.180/008ycQrKly8id7v4ikq0mj30u00u0n0j.jpg?KID=imgbed,tva&Expires=1779089357&ssig=jfOlzwDmRi",search_comments_2026-05-18.csv,search_comment,你觉得李英爱张凌赫同框怎么样,True,False
5299868948234577,1779099486,2026-05-18 10:18:06+08:00,5299868776017645,大家觉得他们状态怎么样啊,5,24,1779078566638,重庆,5299868948234577,7914853883,一点汐汐_,m,https://m.weibo.cn/u/7914853883?launchid=10000360-page_H5,"https://tvax4.sinaimg.cn/crop.0.0.1080.1080.180/008DDV3Bly8id8ukwlw82j30u00u0423.jpg?KID=imgbed,tva&Expires=1779089366&ssig=bq1sDWYk2o",search_comments_2026-05-18.csv,search_comment,大家觉得他们状态怎么样啊,True,False
5299869460988584,1779099609,2026-05-18 10:20:09+08:00,5299868776017645,这波是世纪同框了吧！姐姐还是那么美，弟弟也超级帅气的说~ [语音评论6&quot;],2,4,1779078566749,AI吃瓜罗伯特,5299869460988584,5606716867,吃瓜罗伯特,f,https://m.weibo.cn/u/5606716867?launchid=10000360-page_H5,"https://tvax1.sinaimg.cn/crop.0.0.921.921.180/0067rdbdly8ibrqhbg0vxj30pl0pl404.jpg?KID=imgbed,tva&Expires=1779089366&ssig=2vNG01b9ES",search_comments_2026-05-18.csv,search_comment,这波是世纪同框了吧姐姐还是那么美弟弟也超级帅气的说 语音评论6quot,True,False
5299869875183975,1779099708,2026-05-18 10:21:48+08:00,5299868776017645,姐姐好美啊,1,7,1779078566752,重庆,5299869875183975,7493132416,天总是雾萌萌呀,f,https://m.weibo.cn/u/7493132416?launchid=10000360-page_H5,"https://tvax2.sinaimg.cn/crop.0.0.1080.1080.180/008b6q2sly8id47u0s7u7j30u00u0wie.jpg?KID=imgbed,tva&Expires=1779089366&ssig=E8%2B13T4pgt",search_comments_2026-05-18.csv,search_comment,姐姐好美啊,True,False
5299891127714156,1779104774,2026-05-18 11:46:14+08:00,5299884874795133,音频重点 09:22  当时觉得大长今非常聪明,0,1,1779078573616,广东,5299891127714156,6513186042,Verylucky大小姐,f,https://m.weibo.cn/u/6513186042?launchid=10000360-page_H5,"https://tvax4.sinaimg.cn/crop.0.0.1080.1080.180/0076MFdMly8ic462vovpvj30u00u010b.jpg?KID=imgbed,tva&Expires=1779089373&ssig=%2B8STxcizxB",search_comments_2026-05-18.csv,search_comment,音频重点 0922  当时觉得大长今非常聪明,True,False
5299897024646755,1779106181,2026-05-18 12:09:41+08:00,5299884874795133,赞同，网上冲浪选手，中年少女，这两个都认识哈哈,0,0,1779078573620,江苏,5299897024646755,1873790375,恬欣欣恬,f,https://m.weibo.cn/u/1873790375?launchid=10000360-page_H5,"https://tvax1.sinaimg.cn/crop.0.0.1080.1080.180/6fafc5a7ly8i3lidvw982j20u00u042h.jpg?KID=imgbed,tva&Expires=1779089373&ssig=jMA0%2FOnjAr",search_comments_2026-05-18.csv,search_comment,赞同网上冲浪选手中年少女这两个都认识哈哈,True,False
5299890544446389,1779104636,2026-05-18 11:43:56+08:00,5299884874795133,音频重点 07:02  音乐太熟悉啦,0,1,1779078573622,广东,5299890544446389,6513186042,Verylucky大小姐,f,https://m.weibo.cn/u/6513186042?launchid=10000360-page_H5,"https://tvax4.sinaimg.cn/crop.0.0.1080.1080.180/0076MFdMly8ic462vovpvj30u00u010b.jpg?KID=imgbed,tva&Expires=1779089373&ssig=%2B8STxcizxB",search_comments_2026-05-18.csv,search_comment,音频重点 0702  音乐太熟悉啦,True,False
5299889510549198,1779104389,2026-05-18 11:39:49+08:00,5299888946418039,看NBA上咪咕 网页链接,0,0,1779078618897,,5299889510549198,6364463717,咪咕篮球,f,https://m.weibo.cn/u/6364463717?launchid=10000360-page_H5,"https://tvax2.sinaimg.cn/crop.0.0.179.179.180/006WIDKBly8h8vhbzsq26j304z04z3yd.jpg?KID=imgbed,tva&Expires=1779089418&ssig=ZJVU7RuxTz",search_comments_2026-05-18.csv,search_comment,看NBA上咪咕 网页链接,True,False
5299894273444187,1779105525,2026-05-18 11:58:45+08:00,5299888946418039,关键时刻掉链子，大胡子特色,4,19,1779078618936,陕西,5299894273444187,6657318040,别爱我没结果090909,f,https://m.weibo.cn/u/6657318040?launchid=10000360-page_H5,"https://tvax2.sinaimg.cn/crop.0.0.1002.1002.180/007gxqxqly8g4htulah2cj30ru0ru0uo.jpg?KID=imgbed,tva&Expires=1779089418&ssig=Tp6n0SXB%2F4",search_comments_2026-05-18.csv,search_comment,关键时刻掉链子大胡子特色,True,False
5299897299370238,1779106245,2026-05-18 12:10:45+08:00,5299888946418039,拉灯，你又哈了,0,6,1779078618961,北京,5299897299370238,7549091659,找猹2021,m,https://m.weibo.cn/u/7549091659?launchid=10000360-page_H5,"https://tvax2.sinaimg.cn/crop.0.0.132.132.180/008eTdATly4gmmerhbn9cj303o03o743.jpg?KID=imgbed,tva&Expires=1779089418&ssig=43%2FNpMwG2R",search_comments_2026-05-18.csv,search_comment,拉灯你又哈了,True,False
5299877112448609,1779101433,2026-05-18 10:50:33+08:00,5299876743350774,骑士是不是时隔八年再次进东部决赛,8,6,1779078626380,河南,5299877112448609,5152552226,青莲与易安,m,https://m.weibo.cn/u/5152552226?launchid=10000360-page_H5,"https://tvax1.sinaimg.cn/crop.0.0.1080.1080.180/005CHAd4ly8hhbkn9zmfej30u00u0jut.jpg?KID=imgbed,tva&Expires=1779089426&ssig=caMbtSr%2BP8",search_comments_2026-05-18.csv,search_comment,骑士是不是时隔八年再次进东部决赛,True,False
5299877875812183,1779101615,2026-05-18 10:53:35+08:00,5299876743350774,没用 决赛打不赢马刺的,12,0,1779078626384,澳大利亚,5299877875812183,2178404940,_K歌之神,m,https://m.weibo.cn/u/2178404940?launchid=10000360-page_H5,"https://tvax3.sinaimg.cn/crop.0.0.750.750.180/81d7d24cly8h1mt2q62faj20ku0kugnf.jpg?KID=imgbed,tva&Expires=1779089426&ssig=kVCLVJiIJb",search_comments_2026-05-18.csv,search_comment,没用 决赛打不赢马刺的,True,False
5299878029690510,1779101652,2026-05-18 10:54:12+08:00,5299876743350774,米切尔:我先去摸分区决赛地板了，大帝你接着熬吧,1,3,1779078626388,陕西,5299878029690510,2093577202,时光丶从指尖划过,m,https://m.weibo.cn/u/2093577202?launchid=10000360-page_H5,"https://tvax4.sinaimg.cn/crop.0.0.1080.1080.180/7cc973f2ly8h23eheb9cij20u00u0tda.jpg?KID=imgbed,tva&Expires=1779089426&ssig=DnK5lbNuO1",search_comments_2026-05-18.csv,search_comment,米切尔我先去摸分区决赛地板了大帝你接着熬吧,True,False
5299877913560994,1779101624,2026-05-18 10:53:44+08:00,5299876858692646,尼克斯4-2骑士,5,2,1779078632996,山东,5299877913560994,7734667454,蔡小茶Cedric,m,https://m.weibo.cn/u/7734667454?launchid=10000360-page_H5,"https://tvax3.sinaimg.cn/crop.0.0.1024.1024.180/008rrSkSly8icfjeu4k1aj30sg0sgdhi.jpg?KID=imgbed,tva&Expires=1779089432&ssig=WYv%2F0mLxKS",search_comments_2026-05-18.csv,search_comment,尼克斯42骑士,True,False
5299879037633598,1779101892,2026-05-18 10:58:12+08:00,5299876858692646,又拉了错哥,4,3,1779078633002,广西,5299879037633598,5708387101,陈尤里耶,m,https://m.weibo.cn/u/5708387101?launchid=10000360-page_H5,"https://tvax2.sinaimg.cn/crop.0.0.1080.1080.180/006ejOfHly8ht9k70rxk2j30u00u0mzs.jpg?KID=imgbed,tva&Expires=1779089432&ssig=LW6dGso3uJ",search_comments_2026-05-18.csv,search_comment,又拉了错哥,True,False
5299880702248997,1779102289,2026-05-18 11:04:49+08:00,5299876858692646,非要到第七场才爆发！哈登要打东决了！,0,2,1779078633007,青海,5299880702248997,5092614511,惠艺059xh,m,https://m.weibo.cn/u/5092614511?launchid=10000360-page_H5,"https://tva1.sinaimg.cn/crop.0.0.720.720.180/005yE5FJjw8evtou28kw6j30k00k0mz8.jpg?KID=imgbed,tva&Expires=1779089432&ssig=Ui7NWKAPAP",search_comments_2026-05-18.csv,search_comment,非要到第七场才爆发哈登要打东决了,True,False
5299892789969418,1779105171,2026-05-18 11:52:51+08:00,5299892130153878,正负值咋算的，为啥这都能+31,4,0,1779078639402,安徽,5299892789969418,7890545971,红花小儿方枪枪,m,https://m.weibo.cn/u/7890545971?launchid=10000360-page_H5,"https://tvax3.sinaimg.cn/crop.0.0.512.512.180/008BZVsvly8hktce3h06gj30e80e8wet.jpg?KID=imgbed,tva&Expires=1779089439&ssig=QFm4wARcey",search_comments_2026-05-18.csv,search_comment,正负值咋算的为啥这都能31,True,False
5299892604898163,1779105127,2026-05-18 11:52:07+08:00,5299892130153878,如果骑士拿总冠军，哈登在骑士球迷心目中地位会比詹高吗？,1,0,1779078639409,中国澳门,5299892604898163,7339978458,清理理想,m,https://m.weibo.cn/u/7339978458?launchid=10000360-page_H5,"https://tvax4.sinaimg.cn/crop.0.0.494.494.180/0080JNHkly8h6nl1psxexj30dq0dqmxb.jpg?KID=imgbed,tva&Expires=1779089439&ssig=Gex2knS23G",search_comments_2026-05-18.csv,search_comment,如果骑士拿总冠军哈登在骑士球迷心目中地位会比詹高吗,True,False
5299899362706529,1779106738,2026-05-18 12:18:58+08:00,5299892130153878,你问他对了错了，他告诉你赢了,0,0,1779078639413,北京,5299899362706529,5498279694,鲤布布的,m,https://m.weibo.cn/u/5498279694?launchid=10000360-page_H5,"https://tvax3.sinaimg.cn/crop.0.0.400.400.180/00606dIyly8iaypxlz0u2j30b40b4q35.jpg?KID=imgbed,tva&Expires=1779089439&ssig=gDxoIAj1pW",search_comments_2026-05-18.csv,search_comment,你问他对了错了他告诉你赢了,True,False
5299895856793811,1779105902,2026-05-18 12:05:02+08:00,5299887845672146,只看数据吗，全场最高+31的正负值一点不提啊虽然数据不好看，但是比赛影响力还是很足的,0,3,1779078645949,山东,5299895856793811,5746247068,昵称不可用换个名字吧,m,https://m.weibo.cn/u/5746247068?launchid=10000360-page_H5,"https://tvax2.sinaimg.cn/crop.0.0.1002.1002.180/006gSFmkly8gm9f8rqt2bj30ru0ru40s.jpg?KID=imgbed,tva&Expires=1779089445&ssig=m0a0pFRDMK",search_comments_2026-05-18.csv,search_comment,只看数据吗全场最高31的正负值一点不提啊虽然数据不好看但是比赛影响力还是很足的,True,False
5299888217656784,1779104081,2026-05-18 11:34:41+08:00,5299887845672146,希望能再拉8场夺冠！,0,1,1779078645952,江苏,5299888217656784,2944682421,火箭胡子胡子拉碴,m,https://m.weibo.cn/u/2944682421?launchid=10000360-page_H5,"https://tvax2.sinaimg.cn/crop.0.0.1080.1080.180/af8449b5ly8hsvge04xjbj20u00u0tc0.jpg?KID=imgbed,tva&Expires=1779089445&ssig=LgUepsEC99",search_comments_2026-05-18.csv,search_comment,希望能再拉8场夺冠,True,False
5299890366188599,1779104593,2026-05-18 11:43:13+08:00,5299888655171745,其实现在不能靠登子了，其他点不爆发，就交代了。下一轮4：1尼克斯胜,0,1,1779078669257,贵州,5299890366188599,2116945780,鸡到坤处自然美_ikun,m,https://m.weibo.cn/u/2116945780?launchid=10000360-page_H5,"https://tvax3.sinaimg.cn/crop.0.0.518.518.180/7e2e0774ly8hl6gs9z54oj20ee0eewf7.jpg?KID=imgbed,tva&Expires=1779089469&ssig=BKK42ZmbPJ",search_comments_2026-05-18.csv,search_comment,其实现在不能靠登子了其他点不爆发就交代了下一轮41尼克斯胜,True,False
5299889686972703,1779104431,2026-05-18 11:40:31+08:00,5299888655171745,活塞防不住艾伦,0,0,1779078669275,新疆,5299889686972703,7777705239,文班1,m,https://m.weibo.cn/u/7777705239?launchid=10000360-page_H5,"https://tvax3.sinaimg.cn/crop.0.0.1080.1080.180/008umsqHly8id53r60mflj30u00u0q4z.jpg?KID=imgbed,tva&Expires=1779089469&ssig=0UMD2XAYss",search_comments_2026-05-18.csv,search_comment,活塞防不住艾伦,True,False
5299877010997572,1779101408,2026-05-18 10:50:08+08:00,5299876558274726,哈登全场吸引包夹 正负值全场第一 篮球界樊振东,0,2,1779078675689,山东,5299877010997572,5172959133,柯基心一,m,https://m.weibo.cn/u/5172959133?launchid=10000360-page_H5,"https://tvax3.sinaimg.cn/crop.0.0.1080.1080.180/005E5cYJly8i9whee9yvbj30u00u00uq.jpg?KID=imgbed,tva&Expires=1779089475&ssig=dELIpRt31x",search_comments_2026-05-18.csv,search_comment,哈登全场吸引包夹 正负值全场第一 篮球界樊振东,True,False
5299879501104614,1779102003,2026-05-18 11:00:03+08:00,5299876558274726,你看看正负值呢？,0,0,1779078675698,广东,5299879501104614,7360489813,starpool13,m,https://m.weibo.cn/u/7360489813?launchid=10000360-page_H5,"https://tvax3.sinaimg.cn/crop.0.0.1002.1002.180/00827RDDly8ga5uyu9k5oj30ru0ruaci.jpg?KID=imgbed,tva&Expires=1779089475&ssig=q7ReTzdG9Q",search_comments_2026-05-18.csv,search_comment,你看看正负值呢,True,False
5299877011000012,1779101409,2026-05-18 10:50:09+08:00,5299876558274726,要点脸不？这个标签。,0,2,1779078675705,湖南,5299877011000012,3812274422,一米姜,m,https://m.weibo.cn/u/3812274422?launchid=10000360-page_H5,"https://tvax2.sinaimg.cn/crop.0.0.1080.1080.180/e33ab0f6ly8hf69e5issyj20u00u0dgd.jpg?KID=imgbed,tva&Expires=1779089475&ssig=HUYNXLOxWE",search_comments_2026-05-18.csv,search_comment,要点脸不这个标签,True,False
5299866705071324,1779098952,2026-05-18 10:09:12+08:00,5299865472467358,这颜值，这演技，萧厉直接封神！ [语音评论4&quot;],0,41,1779078696285,AI吃瓜罗伯特,5299866705071324,5606716867,吃瓜罗伯特,f,https://m.weibo.cn/u/5606716867?launchid=10000360-page_H5,"https://tvax1.sinaimg.cn/crop.0.0.921.921.180/0067rdbdly8ibrqhbg0vxj30pl0pl404.jpg?KID=imgbed,tva&Expires=1779089496&ssig=jIqPH9noOP",search_comments_2026-05-18.csv,search_comment,这颜值这演技萧厉直接封神 语音评论4quot,True,False
5299866835355272,1779098983,2026-05-18 10:09:43+08:00,5299865472467358,萧厉好期待哟,0,69,1779078696293,辽宁,5299866835355272,7802688798,MeatEggKing,f,https://m.weibo.cn/u/7802688798?launchid=10000360-page_H5,"https://tvax1.sinaimg.cn/crop.0.0.960.960.180/008w3hNkly8icwssw0sykj30qo0qogn0.jpg?KID=imgbed,tva&Expires=1779089496&ssig=NxQorZlmxy",search_comments_2026-05-18.csv,search_comment,萧厉好期待哟,True,False
5299866144081466,1779098818,2026-05-18 10:06:58+08:00,5299865472467358,期待张凌赫萧厉！期待归鸾,0,103,1779078696300,福建,5299866144081466,7492609001,泅渡泠赫,f,https://m.weibo.cn/u/7492609001?launchid=10000360-page_H5,"https://tvax4.sinaimg.cn/crop.0.0.1024.1024.180/008b4dShly8id1qj6tp0ej30sg0sgadr.jpg?KID=imgbed,tva&Expires=1779089496&ssig=O9ULBCJa%2Bh",search_comments_2026-05-18.csv,search_comment,期待张凌赫萧厉期待归鸾,True,False
5299878491588501,1779101762,2026-05-18 10:56:02+08:00,5299878003739529,林允这古装美得我心巴！ [语音评论3&quot;],0,0,1779078702952,AI吃瓜罗伯特,5299878491588501,5606716867,吃瓜罗伯特,f,https://m.weibo.cn/u/5606716867?launchid=10000360-page_H5,"https://tvax1.sinaimg.cn/crop.0.0.921.921.180/0067rdbdly8ibrqhbg0vxj30pl0pl404.jpg?KID=imgbed,tva&Expires=1779089502&ssig=nHJBYRI2Li",search_comments_2026-05-18.csv,search_comment,林允这古装美得我心巴 语音评论3quot,True,False
5299878595923153,1779101787,2026-05-18 10:56:27+08:00,5299878003739529,林允就是天选古人我就很期待新剧了,0,0,1779078702958,河南,5299878595923153,5288886610,向前的小太阳,f,https://m.weibo.cn/u/5288886610?launchid=10000360-page_H5,"https://tvax2.sinaimg.cn/crop.0.0.1080.1080.180/005LVD0Kly8hj2xu6fh1dj30u00u0jti.jpg?KID=imgbed,tva&Expires=1779089502&ssig=QxTxfPQxxT",search_comments_2026-05-18.csv,search_comment,林允就是天选古人我就很期待新剧了,True,False
5299879001981584,1779101883,2026-05-18 10:58:03+08:00,5299878003739529,林允这次状态好顶啊。,0,0,1779078702962,重庆,5299879001981584,7903649353,KK有奶油包吖,f,https://m.weibo.cn/u/7903649353?launchid=10000360-page_H5,"https://tvax2.sinaimg.cn/crop.0.0.900.900.180/008CSUfnly8hms3xc7xrfj30p00p00u3.jpg?KID=imgbed,tva&Expires=1779089502&ssig=hCuRPKr8t1",search_comments_2026-05-18.csv,search_comment,林允这次状态好顶啊,True,False
5299878785190674,1779101832,2026-05-18 10:57:12+08:00,5299878260379723,林允这魏晋风造型，简直是从小说里走出来的吧！演技在线，美貌暴击，我已经准备好小板凳坐等《归鸾》啦~ [语音评论9&quot;],0,4,1779078709463,AI吃瓜罗伯特,5299878785190674,5606716867,吃瓜罗伯特,f,https://m.weibo.cn/u/5606716867?launchid=10000360-page_H5,"https://tvax1.sinaimg.cn/crop.0.0.921.921.180/0067rdbdly8ibrqhbg0vxj30pl0pl404.jpg?KID=imgbed,tva&Expires=1779089509&ssig=7fnXR9C7ms",search_comments_2026-05-18.csv,search_comment,林允这魏晋风造型简直是从小说里走出来的吧演技在线美貌暴击我已经准备好小板凳坐等归鸾啦 语音评论9quot,True,False
5299878788073298,1779101833,2026-05-18 10:57:13+08:00,5299878260379723,林允挑战复仇女主让人很惊喜,0,0,1779078709474,广东,5299878788073298,6675318855,悲伤小玉米奶茶,m,https://m.weibo.cn/u/6675318855?launchid=10000360-page_H5,"https://tvax2.sinaimg.cn/crop.0.0.1000.1000.180/007hKXn9ly8hgcx3j3y85j30rs0rsgt5.jpg?KID=imgbed,tva&Expires=1779089509&ssig=5MjRCEp%2BCO",search_comments_2026-05-18.csv,search_comment,林允挑战复仇女主让人很惊喜,True,False
5299878830017257,1779101843,2026-05-18 10:57:23+08:00,5299878260379723,林允的古装造型真的是太有气质了,0,0,1779078709483,山东,5299878830017257,7955650816,是我驯服了你,f,https://m.weibo.cn/u/7955650816?launchid=10000360-page_H5,"https://tvax4.sinaimg.cn/crop.0.0.1080.1080.180/008Gp6cEly8hupvxg80btj30u00u0q52.jpg?KID=imgbed,tva&Expires=1779089509&ssig=UhgDV9zx6L",search_comments_2026-05-18.csv,search_comment,林允的古装造型真的是太有气质了,True,False
5299868400617750,1779099356,2026-05-18 10:15:56+08:00,5299867127908185,期待张凌赫萧厉早日相见，都来🐧预约起来,0,110,1779078715987,广东,5299868400617750,5587309030,哟呼哈哈哈哈哈哈,f,https://m.weibo.cn/u/5587309030?launchid=10000360-page_H5,"https://tvax1.sinaimg.cn/crop.0.0.1080.1080.180/00667MjAly8icsvip3txij30u00u0n18.jpg?KID=imgbed,tva&Expires=1779089515&ssig=0zaW1ROYZ7",search_comments_2026-05-18.csv,search_comment,期待张凌赫萧厉早日相见都来预约起来,True,False
5299867968606297,1779099253,2026-05-18 10:14:13+08:00,5299867127908185,期待张凌赫萧厉,0,90,1779078715991,山东,5299867968606297,6217153755,我们都酷酷的,f,https://m.weibo.cn/u/6217153755?launchid=10000360-page_H5,"https://tvax4.sinaimg.cn/crop.0.0.1080.1080.180/006MKxHtly8i3rviqzn45j30u00u041y.jpg?KID=imgbed,tva&Expires=1779089515&ssig=K9%2B7aZMyp9",search_comments_2026-05-18.csv,search_comment,期待张凌赫萧厉,True,False
5299869402008261,1779099595,2026-05-18 10:19:55+08:00,5299867127908185,🔥乱世如沸，少年如刃。护所爱如命，守本心如磐，为天下，执乾坤。❤️🔥萧厉杀青快乐！期待正式见面那天，与@张凌赫z 并肩，共赴下一程山海。,0,73,1779078715994,天津,5299869402008261,1260293657,昰筱凩,f,https://m.weibo.cn/u/1260293657?launchid=10000360-page_H5,"https://tvax1.sinaimg.cn/crop.0.0.1080.1080.180/4b1e8e19ly8ibwb48dt2wj20u00u0wiy.jpg?KID=imgbed,tva&Expires=1779089515&ssig=rfNXusPtXF",search_comments_2026-05-18.csv,search_comment,乱世如沸少年如刃护所爱如命守本心如磐为天下执乾坤萧厉杀青快乐期待正式见面那天与 并肩共赴下一程山海,True,False
5299870354642116,1779099822,2026-05-18 10:23:42+08:00,5299868916257610,❣️乱世烽烟起，少年仗剑行。护所爱，守初心，为苍生，定乾坤。❤️🔥贺@张凌赫z 萧厉杀青大吉！期待与萧厉正式相见，与你一起奔赴前程。,1,104,1779078722508,福建,5299870354642116,7853889456,凌晨好想你怎么办,f,https://m.weibo.cn/u/7853889456?launchid=10000360-page_H5,"https://tvax3.sinaimg.cn/crop.0.0.1080.1080.180/008zw7qoly8id7pvsi70xj30u00u0q66.jpg?KID=imgbed,tva&Expires=1779089522&ssig=7bE9%2F1Xv8n",search_comments_2026-05-18.csv,search_comment,乱世烽烟起少年仗剑行护所爱守初心为苍生定乾坤贺 萧厉杀青大吉期待与萧厉正式相见与你一起奔赴前程,True,False
5299869566375998,1779099634,2026-05-18 10:20:34+08:00,5299868916257610,燥候张凌赫萧厉,0,90,1779078722515,福建,5299869566375998,7853163672,凌糖挽云,f,https://m.weibo.cn/u/7853163672?launchid=10000360-page_H5,"https://tvax4.sinaimg.cn/crop.0.0.1080.1080.180/008zt4Ccly8icenzsdshgj30u00u0q5q.jpg?KID=imgbed,tva&Expires=1779089522&ssig=mZS0WHqHNZ",search_comments_2026-05-18.csv,search_comment,燥候张凌赫萧厉,True,False
5299869067774909,1779099515,2026-05-18 10:18:35+08:00,5299868916257610,期待张凌赫萧厉 质感很好,0,83,1779078722520,辽宁,5299869067774909,7802688798,MeatEggKing,f,https://m.weibo.cn/u/7802688798?launchid=10000360-page_H5,"https://tvax1.sinaimg.cn/crop.0.0.960.960.180/008w3hNkly8icwssw0sykj30qo0qogn0.jpg?KID=imgbed,tva&Expires=1779089522&ssig=UmsDVyTzii",search_comments_2026-05-18.csv,search_comment,期待张凌赫萧厉 质感很好,True,False
5299686862751357,1779056074,2026-05-17 22:14:34+08:00,5299685817323631,如果可以，请让团队审核一下不要暗黄滤镜不要大磨皮，还原允子美貌,0,8,1779078728965,湖北,5299686862751357,7888119377,幸运甜羊,f,https://m.weibo.cn/u/7888119377?launchid=10000360-page_H5,"https://tvax4.sinaimg.cn/crop.0.0.1080.1080.180/008BPKbTly8ia7exln4tcj30u00u0mz4.jpg?KID=imgbed,tva&Expires=1779089528&ssig=ZrYWIMgaAD",search_comments_2026-05-18.csv,search_comment,如果可以请让团队审核一下不要暗黄滤镜不要大磨皮还原允子美貌,True,False
5299686730635952,1779056043,2026-05-17 22:14:03+08:00,5299685817323631,信女愿三餐二素一荤祈祷物料灵🔥,0,2,1779078728977,北京,5299686730635952,5455361886,飞侠的猪,f,https://m.weibo.cn/u/5455361886?launchid=10000360-page_H5,"https://tvax3.sinaimg.cn/crop.0.0.1080.1080.180/005Xc8PQly8i0nn36rlm6j30u00u0abs.jpg?KID=imgbed,tva&Expires=1779089528&ssig=FBM1Fyf0uY",search_comments_2026-05-18.csv,search_comment,信女愿三餐二素一荤祈祷物料灵,True,False
5299899009599474,1779106654,2026-05-18 12:17:34+08:00,5299898501039000,这波是导演的裙底有矿吧？！张凌赫新剧《归鸾》质感绝了，期待正片！ [语音评论7&quot;],0,1,1779078735373,AI吃瓜罗伯特,5299899009599474,5606716867,吃瓜罗伯特,f,https://m.weibo.cn/u/5606716867?launchid=10000360-page_H5,"https://tvax1.sinaimg.cn/crop.0.0.921.921.180/0067rdbdly8ibrqhbg0vxj30pl0pl404.jpg?KID=imgbed,tva&Expires=1779089535&ssig=XZH1TSoDVT",search_comments_2026-05-18.csv,search_comment,这波是导演的裙底有矿吧张凌赫新剧归鸾质感绝了期待正片 语音评论7quot,True,False
5299899602042992,1779106794,2026-05-18 12:19:54+08:00,5299898501039000,cp粉一边狂埋哥哥的剧，一边狂赞姐姐的剧一群花腐唯领磕 装都不装了,1,17,1779078735378,江苏,5299899602042992,5457084293,我有两个姐呀,m,https://m.weibo.cn/u/5457084293?launchid=10000360-page_H5,"https://tvax3.sinaimg.cn/crop.0.0.1080.1080.180/005XjmUBly8icov44lm05j30u00u0jt7.jpg?KID=imgbed,tva&Expires=1779089535&ssig=z9FHHqy27u",search_comments_2026-05-18.csv,search_comment,cp粉一边狂埋哥哥的剧一边狂赞姐姐的剧一群花腐唯领磕 装都不装了,True,False
5299900461875877,1779107000,2026-05-18 12:23:20+08:00,5299898501039000,和埋秒火一样的话术装都不装,0,3,1779078735383,湖南,5299900461875877,6200765467,茉莉雨下23,f,https://m.weibo.cn/u/6200765467?launchid=10000360-page_H5,"https://tvax4.sinaimg.cn/crop.0.0.1080.1080.180/006LDMmfly8ibw83ds5z5j30u00u0gpk.jpg?KID=imgbed,tva&Expires=1779089535&ssig=ICLR51wtb3",search_comments_2026-05-18.csv,search_comment,和埋秒火一样的话术装都不装,True,False
5299503523703342,1779012363,2026-05-17 10:06:03+08:00,5299501975998831,凌帝轻点帅,2,172,1779078914971,天津,5299503523703342,1260293657,昰筱凩,f,https://m.weibo.cn/u/1260293657?launchid=10000360-page_H5,"https://tvax1.sinaimg.cn/crop.0.0.1080.1080.180/4b1e8e19ly8ibwb48dt2wj20u00u0wiy.jpg?KID=imgbed,tva&Expires=1779089714&ssig=2%2FQQYR69Ag",search_comments_2026-05-18.csv,search_comment,凌帝轻点帅,True,False
5299505272463269,1779012780,2026-05-17 10:13:00+08:00,5299501975998831,超季全球首穿，Gucci大秀国内唯一受邀，生图王者，张凌赫为国争光的美貌,0,22,1779078914981,河北,5299505272463269,6323997500,科学养菇,f,https://m.weibo.cn/u/6323997500?launchid=10000360-page_H5,"https://tvax2.sinaimg.cn/crop.0.0.1080.1080.180/006TYQDGly8iarhb9cw8xj30u00u0wgx.jpg?KID=imgbed,tva&Expires=1779089714&ssig=oSpBYwF2f2",search_comments_2026-05-18.csv,search_comment,超季全球首穿Gucci大秀国内唯一受邀生图王者张凌赫为国争光的美貌,True,False
5299555067238017,1779024652,2026-05-17 13:30:52+08:00,5299549721856505,撕拉片是假象,0,84,1779078921484,河南,5299555067238017,5908958849,II做个俗人,f,https://m.weibo.cn/u/5908958849?launchid=10000360-page_H5,"https://tvax2.sinaimg.cn/crop.0.0.1080.1080.180/006rTo7Tly8ibo6q72g6aj30u00u0gnj.jpg?KID=imgbed,tva&Expires=1779089721&ssig=Bq2swqlQkF",search_comments_2026-05-18.csv,search_comment,撕拉片是假象,True,False
5299549985834637,1779023440,2026-05-17 13:10:40+08:00,5299549721856505,想说些什么…算了不讲不讲,0,88,1779078921493,广东,5299549985834637,7978444389,柠檬不吐西瓜皮,m,https://m.weibo.cn/u/7978444389?launchid=10000360-page_H5,"https://tvax2.sinaimg.cn/crop.25.0.1009.1009.180/008HWJQVly8ibi5h61kauj30tg0s1wig.jpg?KID=imgbed,tva&Expires=1779089721&ssig=9eu%2BwmVQFp",search_comments_2026-05-18.csv,search_comment,想说些什么算了不讲不讲,True,False
5299560379056885,1779025918,2026-05-17 13:51:58+08:00,5299549721856505,完全不敢笑,0,66,1779078921502,陕西,5299560379056885,7916337906,无妄生欢-miss,m,https://m.weibo.cn/u/7916337906?launchid=10000360-page_H5,"https://tvax4.sinaimg.cn/crop.0.0.1080.1080.180/008DK97sly8i90u43l0agj30u00u0wfn.jpg?KID=imgbed,tva&Expires=1779089721&ssig=LbtruuZ6ln",search_comments_2026-05-18.csv,search_comment,完全不敢笑,True,False
5299532276435503,1779019218,2026-05-17 12:00:18+08:00,5299531667210690,艺兴这状态，绝了！凌赫哥哥的GUCCI代言人气质满分～田栩宁小哥哥也太帅了吧，第一次走戛纳就这么稳！ [语音评论10&quot;],2,3,1779078927984,AI吃瓜罗伯特,5299532276435503,5606716867,吃瓜罗伯特,f,https://m.weibo.cn/u/5606716867?launchid=10000360-page_H5,"https://tvax1.sinaimg.cn/crop.0.0.921.921.180/0067rdbdly8ibrqhbg0vxj30pl0pl404.jpg?KID=imgbed,tva&Expires=1779089727&ssig=JQSJHV6UK1",search_comments_2026-05-18.csv,search_comment,艺兴这状态绝了凌赫哥哥的GUCCI代言人气质满分田栩宁小哥哥也太帅了吧第一次走戛纳就这么稳 语音评论10quot,True,False
5299532514463288,1779019275,2026-05-17 12:01:15+08:00,5299531667210690,属于田栩宁的戛纳高光时刻已然开启，首秀拿下Peet Dullaert高定定制，解锁Valentino超季新品全球首穿。热度席卷全球，直登美趋第二。坐拥品牌清场顶级待遇，官方定点拍摄搭配长镜头特写，G社全程跟拍，稳稳立足国际时尚舞台。,0,14,1779078927990,陕西,5299532514463288,1784854365,花儿时间,f,https://m.weibo.cn/u/1784854365?launchid=10000360-page_H5,"https://tvax4.sinaimg.cn/crop.0.0.1024.1024.180/6a62b75dly8i3sqa8eo9pj20sg0sg0ww.jpg?KID=imgbed,tva&Expires=1779089727&ssig=K2ru1yVBWn",search_comments_2026-05-18.csv,search_comment,属于田栩宁的戛纳高光时刻已然开启首秀拿下Peet Dullaert高定定制解锁Valentino超季新品全球首穿热度席卷全球直登美趋第二坐拥品牌清场顶级待遇官方定点拍摄搭配长镜头特写G社全程跟拍稳稳立足国际时尚舞台,True,False
5299532951721541,1779019379,2026-05-17 12:02:59+08:00,5299531667210690,宙草免检【国内唯一受邀，超季全球首穿，三登Gucci早春大秀】身着Gucci Fall/Winter 2026系列皮衣超季，奢牌宠儿，Gucci男神的凌帝闪耀纽约,1,9,1779078927996,韩国,5299532951721541,6438026529,今天也有糖吃-,m,https://m.weibo.cn/u/6438026529?launchid=10000360-page_H5,"https://tvax2.sinaimg.cn/crop.0.0.162.162.180/0071HiNzly8id7iv0c0bxj304i04i0sk.jpg?KID=imgbed,tva&Expires=1779089727&ssig=bWas%2F9FZkn",search_comments_2026-05-18.csv,search_comment,宙草免检国内唯一受邀超季全球首穿三登Gucci早春大秀身着Gucci FallWinter 2026系列皮衣超季奢牌宠儿Gucci男神的凌帝闪耀纽约,True,False
5299498018408224,1779011050,2026-05-17 09:44:10+08:00,5299497844344352,【国内唯一受邀，超季全球首穿】身着Gucci Fall/Winter 2026系列皮衣超季，奢牌宠儿，Gucci男神的张凌赫生图就是如此权威啊,0,14,1779078934439,广东,5299498018408224,5397908645,张凌赫是小鹿斑比吖,m,https://m.weibo.cn/u/5397908645?launchid=10000360-page_H5,"https://tvax1.sinaimg.cn/crop.0.0.1080.1080.180/005Tj4CFly8ic2n6087qjj30u00u0jue.jpg?KID=imgbed,tva&Expires=1779089734&ssig=TAEqaj%2BFZu",search_comments_2026-05-18.csv,search_comment,国内唯一受邀超季全球首穿身着Gucci FallWinter 2026系列皮衣超季奢牌宠儿Gucci男神的张凌赫生图就是如此权威啊,True,False
5299523442445529,1779017112,2026-05-17 11:25:12+08:00,5299497844344352,全球首穿Gucci Primavera 2026秋冬超季系列唯一受邀国内艺人张凌赫，冷白皮唇红齿白，怼脸镜头下状态超级好,0,3,1779078934447,江苏,5299523442445529,3169224394,江南小草莓,f,https://m.weibo.cn/u/3169224394?launchid=10000360-page_H5,"https://tvax3.sinaimg.cn/crop.0.0.1080.1080.180/bce686caly8ibcdwbdco7j20u00u0jv2.jpg?KID=imgbed,tva&Expires=1779089734&ssig=Ou%2FhPMeU9f",search_comments_2026-05-18.csv,search_comment,全球首穿Gucci Primavera 2026秋冬超季系列唯一受邀国内艺人张凌赫冷白皮唇红齿白怼脸镜头下状态超级好,True,False
5299499010359345,1779011286,2026-05-17 09:48:06+08:00,5299497844344352,全球首穿Gucci Primavera 2026秋冬超季系列唯一受邀国内艺人 张凌赫闪耀纽约秀场 生图的神,0,8,1779078934457,江苏,5299499010359345,7691620177,小羽掌心里的云,f,https://m.weibo.cn/u/7691620177?launchid=10000360-page_H5,"https://tvax3.sinaimg.cn/crop.0.0.960.960.180/008oxfLXly8id9fah53aqj30qo0qogo0.jpg?KID=imgbed,tva&Expires=1779089734&ssig=GfUX2PZN2u",search_comments_2026-05-18.csv,search_comment,全球首穿Gucci Primavera 2026秋冬超季系列唯一受邀国内艺人 张凌赫闪耀纽约秀场 生图的神,True,False
5299902550378828,1779107498,2026-05-18 12:31:38+08:00,5299902017441611,张凌赫这状态，狠狠心动了国际张上线！,0,0,1779078964225,AI吃瓜罗伯特,5299902550378828,5606716867,吃瓜罗伯特,f,https://m.weibo.cn/u/5606716867?launchid=10000360-page_H5,"https://tvax1.sinaimg.cn/crop.0.0.921.921.180/0067rdbdly8ibrqhbg0vxj30pl0pl404.jpg?KID=imgbed,tva&Expires=1779089764&ssig=QjH0ocIC4U",search_comments_2026-05-18.csv,search_comment,张凌赫这状态狠狠心动了国际张上线,True,False
5299850792141134,1779095157,2026-05-18 09:05:57+08:00,5299833512658387,别的不说，黄奕是真的漂亮，而且有辨识度。,7,179,1779079001753,江苏,5299850792141134,3145728804,路比岁月长,f,https://m.weibo.cn/u/3145728804?launchid=10000360-page_H5,"https://tvax4.sinaimg.cn/crop.0.0.1070.1070.180/bb800324ly8h946b23iepj20tq0tqtaq.jpg?KID=imgbed,tva&Expires=1779089801&ssig=yg7WMr15cg",search_comments_2026-05-18.csv,search_comment,别的不说黄奕是真的漂亮而且有辨识度,True,False
5299859751178187,1779097294,2026-05-18 09:41:34+08:00,5299833512658387,黄奕好像没找过啥靠谱的对象，祝好吧,2,95,1779079001758,浙江,5299859751178187,3054079833,蓝莓酱爱栗子,f,https://m.weibo.cn/u/3054079833?launchid=10000360-page_H5,"https://tvax3.sinaimg.cn/crop.0.0.1080.1080.180/b6098f59ly8ha07bf5iagj20u00u0417.jpg?KID=imgbed,tva&Expires=1779089801&ssig=oeh8jBVHvV",search_comments_2026-05-18.csv,search_comment,黄奕好像没找过啥靠谱的对象祝好吧,True,False
5299867729793032,1779099196,2026-05-18 10:13:16+08:00,5299833512658387,我的关注点是黄奕私下也穿西装吗感觉好多年没见她穿过其他风格的衣服了,1,10,1779079001764,江苏,5299867729793032,3951023103,o褐瞳o,f,https://m.weibo.cn/u/3951023103?launchid=10000360-page_H5,"https://tva1.sinaimg.cn/crop.0.0.996.996.180/eb7fd3ffjw8fc37psdnr5j20ro0ro3yo.jpg?KID=imgbed,tva&Expires=1779089801&ssig=oPJDlh8Caz",search_comments_2026-05-18.csv,search_comment,我的关注点是黄奕私下也穿西装吗感觉好多年没见她穿过其他风格的衣服了,True,False
5299851484988961,1779095323,2026-05-18 09:08:43+08:00,5299851412637825,cr晓娱大MO王,2,18,1779079014675,辽宁,5299851484988961,6600502732,月奴会记得,f,https://m.weibo.cn/u/6600502732?launchid=10000360-page_H5,"https://tvax1.sinaimg.cn/crop.0.0.1080.1080.180/007cH2huly8i9gczbjqp9j30u00u0wg9.jpg?KID=imgbed,tva&Expires=1779089814&ssig=6fQVReE5Ut",search_comments_2026-05-18.csv,search_comment,cr晓娱大MO王,True,False
5299867928757034,1779099243,2026-05-18 10:14:03+08:00,5299851412637825,只有我觉得这哥们有点摇曳身姿有点母零的感觉吗,1,17,1779079014688,北京,5299867928757034,7947569642,尘星h,m,https://m.weibo.cn/u/7947569642?launchid=10000360-page_H5,"https://tvax3.sinaimg.cn/crop.0.0.1080.1080.180/008FRbV8ly8hthfgjj1phj30u00u0js0.jpg?KID=imgbed,tva&Expires=1779089814&ssig=hvx%2Bpx%2B5Qs",search_comments_2026-05-18.csv,search_comment,只有我觉得这哥们有点摇曳身姿有点母零的感觉吗,True,False
5299852558994359,1779095579,2026-05-18 09:12:59+08:00,5299851412637825,只要不是三，爱咋咋地呗，少打扰私生活,0,4,1779079014698,广东,5299852558994359,7504879070,磕学家一生幸福,f,https://m.weibo.cn/u/7504879070?launchid=10000360-page_H5,"https://tvax4.sinaimg.cn/crop.0.0.1080.1080.180/008bTHSCly8i85pb2n2w8j30u00u0mz4.jpg?KID=imgbed,tva&Expires=1779089814&ssig=EVm2VC9yKG",search_comments_2026-05-18.csv,search_comment,只要不是三爱咋咋地呗少打扰私生活,True,False
5299839690608363,1779092511,2026-05-18 08:21:51+08:00,5299838603758347,黄奕敢爱敢恨真性情，现在谈个恋爱挺好的呀,1,13,1779079021183,山东,5299839690608363,3477128444,紫旭东来顺,m,https://m.weibo.cn/u/3477128444?launchid=10000360-page_H5,"https://tvax2.sinaimg.cn/crop.0.0.614.614.180/cf40c4fcly8hxk4houzh0j20h20h2q30.jpg?KID=imgbed,tva&Expires=1779089820&ssig=H9ueHFMzSo",search_comments_2026-05-18.csv,search_comment,黄奕敢爱敢恨真性情现在谈个恋爱挺好的呀,True,False
5299839520999258,1779092471,2026-05-18 08:21:11+08:00,5299838603758347,还是多关注作品吧，其它与我们无关,1,9,1779079021187,山东,5299839520999258,7335588659,如期而至小确幸,m,https://m.weibo.cn/u/7335588659?launchid=10000360-page_H5,"https://tvax4.sinaimg.cn/crop.0.0.1080.1080.180/0080rnI7ly8i8lqzls6ltj30u00u0whr.jpg?KID=imgbed,tva&Expires=1779089820&ssig=hZHO1Bc6f3",search_comments_2026-05-18.csv,search_comment,还是多关注作品吧其它与我们无关,True,False
5299839846057689,1779092548,2026-05-18 08:22:28+08:00,5299838603758347,这种新闻总是让人忍不住关注，希望当事人能处理好隐私问题吧🙏,1,8,1779079021193,山东,5299839846057689,7886040284,起什么昵称999,m,https://m.weibo.cn/u/7886040284?launchid=10000360-page_H5,"https://tvax4.sinaimg.cn/crop.0.0.132.132.180/008BH1k8ly4hk457vl6efj303o03o742.jpg?KID=imgbed,tva&Expires=1779089821&ssig=JVYqLMI8cS",search_comments_2026-05-18.csv,search_comment,这种新闻总是让人忍不住关注希望当事人能处理好隐私问题吧,True,False
5299850742074739,1779095146,2026-05-18 09:05:46+08:00,5299849781051934,真心祝福每个人都能找到属于自己的那份幸福  #恋爱心动时刻#,0,6,1779079027766,甘肃,5299850742074739,2540681670,马呐佬,m,https://m.weibo.cn/u/2540681670?launchid=10000360-page_H5,"https://tva2.sinaimg.cn/crop.0.0.180.180.180/976fb9c6jw1e8qgp5bmzyj2050050aa8.jpg?KID=imgbed,tva&Expires=1779089827&ssig=xBtVpM4qji",search_comments_2026-05-18.csv,search_comment,真心祝福每个人都能找到属于自己的那份幸福  ,True,False
5299872530170838,1779100341,2026-05-18 10:32:21+08:00,5299849781051934,祝福新恋情！祝幸福,0,3,1779079027776,广东,5299872530170838,6609266566,逸菲七分甜Lucky,f,https://m.weibo.cn/u/6609266566?launchid=10000360-page_H5,"https://tvax3.sinaimg.cn/crop.0.0.1080.1080.180/007dhO9Ely8i31y03lshaj30u00u0dje.jpg?KID=imgbed,tva&Expires=1779089827&ssig=t86STGGAN7",search_comments_2026-05-18.csv,search_comment,祝福新恋情祝幸福,True,False
5299855823998650,1779096358,2026-05-18 09:25:58+08:00,5299849781051934,她真的适合自己搞事业吧,0,3,1779079027785,英国,5299855823998650,7548890245,望烬,m,https://m.weibo.cn/u/7548890245?launchid=10000360-page_H5,"https://tvax1.sinaimg.cn/crop.0.0.518.518.180/008eSnchly1hd4vkikuamj30ee0eegm7.jpg?KID=imgbed,tva&Expires=1779089827&ssig=n%2FJqm86JeM",search_comments_2026-05-18.csv,search_comment,她真的适合自己搞事业吧,True,False
5299854857471410,1779096127,2026-05-18 09:22:07+08:00,5299853047367326,她幸福就好了,0,3,1779079034219,山东,5299854857471410,6631213372,脆脆小菠萝,f,https://m.weibo.cn/u/6631213372?launchid=10000360-page_H5,"https://tvax1.sinaimg.cn/crop.0.0.1080.1080.180/007eLTwoly8icd9ji0zg6j30u00u0gng.jpg?KID=imgbed,tva&Expires=1779089834&ssig=IVJ4qD%2FgJF",search_comments_2026-05-18.csv,search_comment,她幸福就好了,True,False
5299854148371151,1779095957,2026-05-18 09:19:17+08:00,5299853047367326,去年的她直播说她女儿那事我就讨厌她,0,3,1779079034227,英国,5299854148371151,5299384888,咻鹿菌,m,https://m.weibo.cn/u/5299384888?launchid=10000360-page_H5,"https://tvax4.sinaimg.cn/crop.0.0.1080.1080.180/005MDG5Oly8i28vkde4gyj30u00u0wgm.jpg?KID=imgbed,tva&Expires=1779089834&ssig=VXZJeD7Mx1",search_comments_2026-05-18.csv,search_comment,去年的她直播说她女儿那事我就讨厌她,True,False
5299854341310087,1779096004,2026-05-18 09:20:04+08:00,5299853047367326,这体质真的只适合自己干事业,0,2,1779079034235,英国,5299854341310087,7857702802,雪国小狗,f,https://m.weibo.cn/u/7857702802?launchid=10000360-page_H5,"https://tvax3.sinaimg.cn/crop.0.0.1080.1080.180/008zM7rYly8ibrn8syscsj30u00u0gp8.jpg?KID=imgbed,tva&Expires=1779089834&ssig=OYDKRDV7sp",search_comments_2026-05-18.csv,search_comment,这体质真的只适合自己干事业,True,False
5299843469936957,1779093412,2026-05-18 08:36:52+08:00,5299820942329337,春天，野生电子战飞机早期求偶画面,15,837,1779079115983,山东,5299843469936957,3221177821,柒哥沒錯,m,https://m.weibo.cn/u/3221177821?launchid=10000360-page_H5,"https://tvax1.sinaimg.cn/crop.0.0.513.513.180/bfff45ddly8i3c8n7pva7j20e90e90sz.jpg?KID=imgbed,tva&Expires=1779089915&ssig=9zQVzoCmpC",search_comments_2026-05-18.csv,search_comment,春天野生电子战飞机早期求偶画面,True,False
5299841249055796,1779092883,2026-05-18 08:28:03+08:00,5299820942329337,跳伞训练，本次训练取得圆满成功,36,465,1779079115992,重庆,5299841249055796,2561771767,fyy要做一支潜力股,m,https://m.weibo.cn/u/2561771767?launchid=10000360-page_H5,"https://tva2.sinaimg.cn/crop.0.0.540.540.180/98b188f7jw8eahj9776aaj20f00f0q44.jpg?KID=imgbed,tva&Expires=1779089915&ssig=nhEy9mdmHO",search_comments_2026-05-18.csv,search_comment,跳伞训练本次训练取得圆满成功,True,False
5299835305463335,1779091466,2026-05-18 08:04:26+08:00,5299820942329337,挑俩最贵的型号撞啊,5,193,1779079116000,广东,5299835305463335,5753714890,PaulP1213,m,https://m.weibo.cn/u/5753714890?launchid=10000360-page_H5,"https://tvax1.sinaimg.cn/crop.0.0.996.996.180/006ho054ly8ge3ghcav5mj30ro0rodi3.jpg?KID=imgbed,tva&Expires=1779089915&ssig=Df%2BsZU00oD",search_comments_2026-05-18.csv,search_comment,挑俩最贵的型号撞啊,True,False
5299842965570702,1779093292,2026-05-18 08:34:52+08:00,5299842017661634,等再实验几次，美利坚海军就把EA-36G合成出来了,7,196,1779079122479,河南,5299842965570702,7510196231,你妈妈我是簡單人機,f,https://m.weibo.cn/u/7510196231?launchid=10000360-page_H5,"https://tvax1.sinaimg.cn/default/images/default_avatar_female_180.gif?KID=imgbed,tva&Expires=1779089922&ssig=JcOxnJJI%2FM",search_comments_2026-05-18.csv,search_comment,等再实验几次美利坚海军就把EA36G合成出来了,True,False
5299843519742196,1779093423,2026-05-18 08:37:03+08:00,5299842017661634,我大美利坚有的是金山银山根本花不完！,2,51,1779079122487,河北,5299843519742196,3428316602,琥珀大大大人,m,https://m.weibo.cn/u/3428316602?launchid=10000360-page_H5,"https://tvax1.sinaimg.cn/crop.0.0.1080.1080.180/cc57f5baly8i6gpowv7rhj20u00u0jtn.jpg?KID=imgbed,tva&Expires=1779089922&ssig=QLkIyU70aA",search_comments_2026-05-18.csv,search_comment,我大美利坚有的是金山银山根本花不完,True,False
5299835197721033,1779091440,2026-05-18 08:04:00+08:00,5299830941286615,这在表演什么节目,6,8,1779079129047,四川,5299835197721033,7750563349,莎国荣誉市民,m,https://m.weibo.cn/u/7750563349?launchid=10000360-page_H5,"https://tvax3.sinaimg.cn/crop.0.0.588.588.180/008swzAhly8he0l6p8qrej30gc0gcdgo.jpg?KID=imgbed,tva&Expires=1779089928&ssig=IoIuvAZ9AA",search_comments_2026-05-18.csv,search_comment,这在表演什么节目,True,False
5299834254788659,1779091215,2026-05-18 08:00:15+08:00,5299830941286615,这……有点过分暧昧了,1,19,1779079129054,山东,5299834254788659,7325020930,祖国妈妈的漂亮女儿,f,https://m.weibo.cn/u/7325020930?launchid=10000360-page_H5,"https://tvax1.sinaimg.cn/crop.0.0.1024.1024.180/007ZJ2ySly8i7f5migqkgj30sg0sgtc4.jpg?KID=imgbed,tva&Expires=1779089928&ssig=HF%2B9FlEWtb",search_comments_2026-05-18.csv,search_comment,这有点过分暧昧了,True,False
5299838549754728,1779092239,2026-05-18 08:17:19+08:00,5299830941286615,这跳伞技术看着挺厉害的,1,6,1779079129058,四川,5299838549754728,1198034417,啃馒头吖,m,https://m.weibo.cn/u/1198034417?launchid=10000360-page_H5,"https://tvax1.sinaimg.cn/default/images/default_avatar_male_180.gif?KID=imgbed,tva&Expires=1779089928&ssig=yPzWrfLdKN",search_comments_2026-05-18.csv,search_comment,这跳伞技术看着挺厉害的,True,False
5299850635642369,1779095121,2026-05-18 09:05:21+08:00,5299850531050234,对擦肩而过的陌生人报以真诚的微笑吧，这个简单的举动或许能成为他人阴霾日子里的一束光。有时候，最动人的温暖就藏在这样不经意的瞬间里。,0,2,1779079135417,浙江,5299850635642369,5367521344,不是祈砚_,f,https://m.weibo.cn/u/5367521344?launchid=10000360-page_H5,"https://tvax1.sinaimg.cn/crop.0.0.1080.1080.180/005RfzuUly8id8ilhnk3aj30u00u0mzu.jpg?KID=imgbed,tva&Expires=1779089935&ssig=VzhFL5zLnL",search_comments_2026-05-18.csv,search_comment,对擦肩而过的陌生人报以真诚的微笑吧这个简单的举动或许能成为他人阴霾日子里的一束光有时候最动人的温暖就藏在这样不经意的瞬间里,True,False
5299853385270210,1779095776,2026-05-18 09:16:16+08:00,5299850531050234,天哪 还好零伤亡,0,2,1779079135421,江苏,5299853385270210,6354681969,多喝tuo水,f,https://m.weibo.cn/u/6354681969?launchid=10000360-page_H5,"https://tvax2.sinaimg.cn/crop.0.0.1080.1080.180/006W3B4tly8id65t0xvqbj30u00u0ad9.jpg?KID=imgbed,tva&Expires=1779089935&ssig=WxI0pQUtKw",search_comments_2026-05-18.csv,search_comment,天哪 还好零伤亡,True,False
5299901516746609,1779107252,2026-05-18 12:27:32+08:00,5299901013427285,我就说是繁殖季到了吧,1,39,1779079141848,江苏,5299901516746609,5436341881,许诺不想说话,m,https://m.weibo.cn/u/5436341881?launchid=10000360-page_H5,"https://tva4.sinaimg.cn/crop.0.0.100.100.180/005VUkRzjw8ept12j9jh4j302s02swec.jpg?KID=imgbed,tva&Expires=1779089941&ssig=FVdtUp6TOe",search_comments_2026-05-18.csv,search_comment,我就说是繁殖季到了吧,True,False
5299901376498304,1779107218,2026-05-18 12:26:58+08:00,5299901013427285,都说AI替代人类，这才哪到哪，AI还是得练啊,0,2,1779079141858,四川,5299901376498304,7980413523,赛博-钓鱼佬,f,https://m.weibo.cn/u/7980413523?launchid=10000360-page_H5,"https://tvax2.sinaimg.cn/crop.0.0.691.691.180/008I5079ly8hya5kvuwjrj30j70j7di6.jpg?KID=imgbed,tva&Expires=1779089941&ssig=4Ga7ELvH9u",search_comments_2026-05-18.csv,search_comment,都说AI替代人类这才哪到哪AI还是得练啊,True,False
5299901392489640,1779107222,2026-05-18 12:27:02+08:00,5299901013427285,各位见过空中合体的蜻蜓吗？,0,28,1779079141864,上海,5299901392489640,7912945486,Jadenski,m,https://m.weibo.cn/u/7912945486?launchid=10000360-page_H5,"https://tvax2.sinaimg.cn/crop.0.0.1080.1080.180/008DvUB0ly8hob2ambhccj30u00u0jwt.jpg?KID=imgbed,tva&Expires=1779089941&ssig=vAwUlOWLao",search_comments_2026-05-18.csv,search_comment,各位见过空中合体的蜻蜓吗,True,False
5299875630811716,1779101080,2026-05-18 10:44:40+08:00,5299872391499092,逃命真快，弹射真好，建议在电车上推广,1,0,1779079148287,上海,5299875630811716,1093520587,大冢宰上柱国,m,https://m.weibo.cn/u/1093520587?launchid=10000360-page_H5,"https://tvax4.sinaimg.cn/crop.0.0.750.750.180/412dcccbly8ffkq30jef2j20ku0ku0tl.jpg?KID=imgbed,tva&Expires=1779089948&ssig=Iev%2BvUoNrC",search_comments_2026-05-18.csv,search_comment,逃命真快弹射真好建议在电车上推广,True,False
5299900642232116,1779107043,2026-05-18 12:24:03+08:00,5299899442398213,热心的网友，没有分清楚人,1,0,1779079185519,河北,5299900642232116,6611150751,万事顺心lucky,f,https://m.weibo.cn/u/6611150751?launchid=10000360-page_H5,"https://tvax4.sinaimg.cn/crop.0.0.1080.1080.180/007dpIjJly8ibtj2tiohyj30u00u0dgm.jpg?KID=imgbed,tva&Expires=1779089985&ssig=1okAR75h8E",search_comments_2026-05-18.csv,search_comment,热心的网友没有分清楚人,True,False
5299903522671012,1779107730,2026-05-18 12:35:30+08:00,5299888230498597,有没有你拿结婚证证明？,0,0,1779079191989,河北,5299903522671012,6187644704,非常小狐狸_0837,f,https://m.weibo.cn/u/6187644704?launchid=10000360-page_H5,"https://tvax4.sinaimg.cn/crop.0.0.996.996.180/006KKJ32ly8fue2p0wd61j30ro0roq4c.jpg?KID=imgbed,tva&Expires=1779089991&ssig=dkDMFgx8xZ",search_comments_2026-05-18.csv,search_comment,有没有你拿结婚证证明,True,False
5299902859968956,1779107571,2026-05-18 12:32:51+08:00,5299888230498597,这也是火的点,0,0,1779079191996,河北,5299902859968956,3198893560,十一月的芙蓉花,f,https://m.weibo.cn/u/3198893560?launchid=10000360-page_H5,"https://tvax2.sinaimg.cn/crop.0.0.996.996.180/beab3df8ly8flc8e9ep4dj20ro0ro76k.jpg?KID=imgbed,tva&Expires=1779089991&ssig=0c1NPlClcO",search_comments_2026-05-18.csv,search_comment,这也是火的点,True,False
5299902289809922,1779107436,2026-05-18 12:30:36+08:00,5299888230498597,对婚姻不忠诚的人，对顾客会忠诚吗？,0,0,1779079192003,重庆,5299902289809922,1253571323,风过会有痕,f,https://m.weibo.cn/u/1253571323?launchid=10000360-page_H5,"https://tvax1.sinaimg.cn/crop.0.0.1080.1080.180/4ab7fafbly8i8ueuwmx4oj20u00u0gq2.jpg?KID=imgbed,tva&Expires=1779089991&ssig=bTfF6tE7lk",search_comments_2026-05-18.csv,search_comment,对婚姻不忠诚的人对顾客会忠诚吗,True,False
5299882868871019,1779102806,2026-05-18 11:13:26+08:00,5299882773448719,你怎么看待这件事？,2,11,1779079215570,江苏,5299882868871019,7446699413,blue__hee,f,https://m.weibo.cn/u/7446699413?launchid=10000360-page_H5,"https://tvax1.sinaimg.cn/crop.0.0.1079.1079.180/0087XAH3ly8i82teae5muj30tz0u0djz.jpg?KID=imgbed,tva&Expires=1779090015&ssig=IkqrICly%2BT",search_comments_2026-05-18.csv,search_comment,你怎么看待这件事,True,False
5299891694733377,1779104910,2026-05-18 11:48:30+08:00,5299882773448719,商品质量好才是硬道理,1,2,1779079215578,广东,5299891694733377,6366327406,榛珺,f,https://m.weibo.cn/u/6366327406?launchid=10000360-page_H5,"https://tvax3.sinaimg.cn/crop.0.0.1080.1080.180/006WQsA6ly8i2p495rk06j30u00u0tbm.jpg?KID=imgbed,tva&Expires=1779090015&ssig=qIEzuYT6Bd",search_comments_2026-05-18.csv,search_comment,商品质量好才是硬道理,True,False
5299884552880786,1779103207,2026-05-18 11:20:07+08:00,5299882773448719,先要保证质量吧,1,3,1779079215586,北京,5299884552880786,2274453445,追海吹泡泡的李姨,f,https://m.weibo.cn/u/2274453445?launchid=10000360-page_H5,"https://tvax2.sinaimg.cn/crop.0.0.1080.1080.180/879167c5ly8i6f2a3p3tgj20u00u0q6k.jpg?KID=imgbed,tva&Expires=1779090015&ssig=eqb42iknTP",search_comments_2026-05-18.csv,search_comment,先要保证质量吧,True,False
5299294542238646,1778962538,2026-05-16 20:15:38+08:00,5299290416354735,#张艺兴微光环塔公益联盟倡导人# 张艺兴好牛！,0,100,1779079289899,河南,5299294542238646,7312841405,一定要见到张艺兴X,f,https://m.weibo.cn/u/7312841405?launchid=10000360-page_H5,"https://tvax2.sinaimg.cn/crop.0.0.1080.1080.180/007YTW6Vly8i70gevg1hjj30u00u0q5k.jpg?KID=imgbed,tva&Expires=1779090089&ssig=51oQNTf%2BvS",search_comments_2026-05-18.csv,search_comment, 张艺兴好牛,True,False
5299340282167908,1778973442,2026-05-16 23:17:22+08:00,5299290416354735,我们张艺兴就是这么人帅心善，还优秀#张艺兴微光环塔公益联盟倡导人#,0,22,1779079289908,四川,5299340282167908,6294875517,艺手遮天1007,m,https://m.weibo.cn/u/6294875517?launchid=10000360-page_H5,"https://tvax2.sinaimg.cn/crop.0.0.619.619.180/006S0EGhly8i1hgg89knlj30h70h73z6.jpg?KID=imgbed,tva&Expires=1779090089&ssig=lHNf5gTPI%2F",search_comments_2026-05-18.csv,search_comment,我们张艺兴就是这么人帅心善还优秀,True,False
5299340232889778,1778973431,2026-05-16 23:17:11+08:00,5299290416354735,张艺兴太权威了#张艺兴微光环塔公益联盟倡导人# 张艺兴好牛！,0,17,1779079289914,江西,5299340232889778,6592393135,熠祁__,f,https://m.weibo.cn/u/6592393135?launchid=10000360-page_H5,"https://tvax3.sinaimg.cn/crop.0.0.1080.1080.180/007c90Bxly8ia20vvpernj30u00u0q5k.jpg?KID=imgbed,tva&Expires=1779090089&ssig=ydNhIhrVAa",search_comments_2026-05-18.csv,search_comment,张艺兴太权威了 张艺兴好牛,True,False
5299899361135931,1779106738,2026-05-18 12:18:58+08:00,5299349258770234,怎么有这么可爱的人儿#张艺兴君佩全球首位品牌代言人#,0,0,1779079296348,广东,5299899361135931,2973945920,噜噜萝卜兴儿,f,https://m.weibo.cn/u/2973945920?launchid=10000360-page_H5,"https://tvax2.sinaimg.cn/crop.0.0.608.608.180/b142d040ly8gzuu2iop2wj20gw0gwdgn.jpg?KID=imgbed,tva&Expires=1779090096&ssig=RXuxbjWFGY",search_comments_2026-05-18.csv,search_comment,怎么有这么可爱的人儿,True,False
5299719437813687,1779063841,2026-05-18 00:24:01+08:00,5299349258770234,#张艺兴官宣戛纳电影节全球宣传大使# #张艺兴亮相戛纳电影节# 帅气可爱的张艺兴,0,0,1779079296354,湖南,5299719437813687,2255197932,多啦哆-GZDuo,f,https://m.weibo.cn/u/2255197932?launchid=10000360-page_H5,"https://tvax1.sinaimg.cn/crop.0.0.1080.1080.180/866b96ecly8hk0rulo7i7j20u00u0did.jpg?KID=imgbed,tva&Expires=1779090096&ssig=LANAp6fgFl",search_comments_2026-05-18.csv,search_comment,  帅气可爱的张艺兴,True,False
5299644033928241,1779045863,2026-05-17 19:24:23+08:00,5299642482823100,等晚霞代替落日说过晚安，温柔的月色就会洒到你的枕头旁边，代替我说一声：晚安,1,1,1779079319929,山东,5299644033928241,7812593912,今天被伞猫盐看见了吗,m,https://m.weibo.cn/u/7812593912?launchid=10000360-page_H5,"https://tvax4.sinaimg.cn/crop.0.0.828.828.180/008wIQzely8h9t9qz7j7kj30n00n0jte.jpg?KID=imgbed,tva&Expires=1779090119&ssig=ZakqgT8NNn",search_comments_2026-05-18.csv,search_comment,等晚霞代替落日说过晚安温柔的月色就会洒到你的枕头旁边代替我说一声晚安,True,False
5299899453408790,1779106760,2026-05-18 12:19:20+08:00,5299898280050772,本月权威人物刊物《环球人物》星光计划非遗推荐官及封面、戛纳电影节红毯、君佩全球首位品牌代言人、主流女刊《费加罗》封面重磅四连，主流、国际、商务、时尚多领域全面开花，步步稳踏高阶征程，尽显强大的商业价值与行业影响力！👏,0,1,1779079326346,江西,5299899453408790,5495661770,Stars_HauteCouture,m,https://m.weibo.cn/u/5495661770?launchid=10000360-page_H5,"https://tvax1.sinaimg.cn/crop.0.0.960.960.180/005ZVeFYly8h8mhiofqzqj30qo0qo40y.jpg?KID=imgbed,tva&Expires=1779090126&ssig=AFMuVQL%2Fp2",search_comments_2026-05-18.csv,search_comment,本月权威人物刊物环球人物星光计划非遗推荐官及封面戛纳电影节红毯君佩全球首位品牌代言人主流女刊费加罗封面重磅四连主流国际商务时尚多领域全面开花步步稳踏高阶征程尽显强大的商业价值与行业影响力,True,False
5299898867254565,1779106620,2026-05-18 12:17:00+08:00,5299898280050772,这期封面质感绝了，张艺兴的每一次亮相都让人眼前一亮！#张艺兴费加罗五月刊封面# 感觉他又解锁了新风格，期待更多惊喜～ [语音评论12&quot;],0,0,1779079326355,AI吃瓜罗伯特,5299898867254565,5606716867,吃瓜罗伯特,f,https://m.weibo.cn/u/5606716867?launchid=10000360-page_H5,"https://tvax1.sinaimg.cn/crop.0.0.921.921.180/0067rdbdly8ibrqhbg0vxj30pl0pl404.jpg?KID=imgbed,tva&Expires=1779090126&ssig=%2FNHJPK%2Fhu6",search_comments_2026-05-18.csv,search_comment,这期封面质感绝了张艺兴的每一次亮相都让人眼前一亮 感觉他又解锁了新风格期待更多惊喜 语音评论12quot,True,False
5299543675767792,1779021936,2026-05-17 12:45:36+08:00,5299490941830038,周日好呀鄞州，中午好,2,2,1779079333052,安徽,5299543675767792,7733122485,今日卿,f,https://m.weibo.cn/u/7733122485?launchid=10000360-page_H5,"https://tvax1.sinaimg.cn/crop.0.0.1079.1079.180/008rloq1ly8icqeg9l1o4j30tz0u0ada.jpg?KID=imgbed,tva&Expires=1779090132&ssig=8YQM9CQ7Zp",search_comments_2026-05-18.csv,search_comment,周日好呀鄞州中午好,True,False
5299823658929109,1779088689,2026-05-18 07:18:09+08:00,5299715004433453,无远弗届的奇迹，是有你才无敌---张艺兴,0,0,1779079339475,四川,5299823658929109,6269710246,默默-壳r,f,https://m.weibo.cn/u/6269710246?launchid=10000360-page_H5,"https://tvax1.sinaimg.cn/crop.0.0.1080.1080.180/006Qj42Oly8hsy6h8tfw9j30u00u0gq6.jpg?KID=imgbed,tva&Expires=1779090139&ssig=Ao6jFR%2F6bD",search_comments_2026-05-18.csv,search_comment,无远弗届的奇迹是有你才无敌张艺兴,True,False
5299833911117787,1779091133,2026-05-18 07:58:53+08:00,5299715004433453,“让你们骄傲地说出喜欢的人是张艺兴”---@张艺兴,0,0,1779079339482,四川,5299833911117787,7947689891,天使小恶魔loveyou,f,https://m.weibo.cn/u/7947689891?launchid=10000360-page_H5,"https://tvax4.sinaimg.cn/crop.0.0.690.690.180/008FRHcDly8htd7f4tdddj30j60j6wf9.jpg?KID=imgbed,tva&Expires=1779090139&ssig=8znE4vcxlO",search_comments_2026-05-18.csv,search_comment,让你们骄傲地说出喜欢的人是张艺兴,True,False
5299832266687171,1779090741,2026-05-18 07:52:21+08:00,5299715004433453,你像神明一样慷慨的将光撒向我 从此人间被点亮@张艺兴,0,0,1779079339490,四川,5299832266687171,7948383769,有L有你,f,https://m.weibo.cn/u/7948383769?launchid=10000360-page_H5,"https://tvax1.sinaimg.cn/crop.0.0.500.500.180/008FUBIdly8hxd47azne6j30dw0dwwfo.jpg?KID=imgbed,tva&Expires=1779090139&ssig=7StYQf59hq",search_comments_2026-05-18.csv,search_comment,你像神明一样慷慨的将光撒向我 从此人间被点亮,True,False
5299874925121661,1779100912,2026-05-18 10:41:52+08:00,5299839212195108,属于是培养“马路杀手”！,0,43,1779079363326,北京,5299874925121661,7344712981,论代史,m,https://m.weibo.cn/u/7344712981?launchid=10000360-page_H5,"https://tvax3.sinaimg.cn/crop.0.0.1080.1080.180/00813FmBly8ia60bl3o96j30u00u0tbp.jpg?KID=imgbed,tva&Expires=1779090163&ssig=JxBj0oKQMg",search_comments_2026-05-18.csv,search_comment,属于是培养马路杀手,True,False
5299863145418533,1779098103,2026-05-18 09:55:03+08:00,5299839212195108,今年3月下旬，新京报记者赴临县调查后，揭开了一帆驾校“驾考包过”的秘密。以科目一理论考试为例，考试前一天，一帆驾校人员会组织学员进行“考前培训”，实则是传授作弊的方法。#山西吕梁一驾校招生宣称文盲包过,0,0,1779079363331,,5299863145418533,1324343335,新京报食物链,f,https://m.weibo.cn/u/1324343335?launchid=10000360-page_H5,"https://tvax4.sinaimg.cn/crop.0.0.995.995.180/4eefe027ly8h8w916kmlej20rn0rnjsk.jpg?KID=imgbed,tva&Expires=1779090163&ssig=R%2BG6N1SV78",search_comments_2026-05-18.csv,search_comment,今年3月下旬新京报记者赴临县调查后揭开了一帆驾校驾考包过的秘密以科目一理论考试为例考试前一天一帆驾校人员会组织学员进行考前培训实则是传授作弊的方法山西吕梁一驾校招生宣称文盲包过,True,False
5299862981838896,1779098064,2026-05-18 09:54:24+08:00,5299839212195108,来自内蒙古的学员冯强（化名）说，负责培训的两名女子还特别提醒学员，考试中无论碰到什么问题、有什么疑惑，什么话也不要说。事后有人回访问咋考的，就说是经学校培训后努力考的。#科一考试光标会自己动5分钟93道题,0,1,1779079363333,,5299862981838896,2662619151,新京报体育,m,https://m.weibo.cn/u/2662619151?launchid=10000360-page_H5,"https://tvax4.sinaimg.cn/crop.0.0.511.511.180/9eb4580fly8h8xca2rkibj20e70e7aaf.jpg?KID=imgbed,tva&Expires=1779090163&ssig=aB963lITDE",search_comments_2026-05-18.csv,search_comment,来自内蒙古的学员冯强化名说负责培训的两名女子还特别提醒学员考试中无论碰到什么问题有什么疑惑什么话也不要说事后有人回访问咋考的就说是经学校培训后努力考的科一考试光标会自己动5分钟93道题,True,False
5299897158862192,1779106213,2026-05-18 12:10:13+08:00,5299895810130218,山西之前有个驾校的辅警来着，上了央视普法栏目了，蚁贪，一次贪几十，贪了几十万,0,2,1779079369915,四川,5299897158862192,5518709173,六神不神_,m,https://m.weibo.cn/u/5518709173?launchid=10000360-page_H5,"https://tvax1.sinaimg.cn/crop.0.0.1080.1080.180/0061tWmhly8iaytcvqq7hj30u00u0q3e.jpg?KID=imgbed,tva&Expires=1779090169&ssig=8TkpXU0FTu",search_comments_2026-05-18.csv,search_comment,山西之前有个驾校的辅警来着上了央视普法栏目了蚁贪一次贪几十贪了几十万,True,False
5299896161928851,1779105975,2026-05-18 12:06:15+08:00,5299895810130218,这…就很离谱,0,0,1779079369929,江苏,5299896161928851,7415763712,baby吴小懒,f,https://m.weibo.cn/u/7415763712?launchid=10000360-page_H5,"https://tvax2.sinaimg.cn/crop.0.0.1080.1080.180/0085RMU8ly8iasjb57o3xj30u00u0myg.jpg?KID=imgbed,tva&Expires=1779090169&ssig=xmYBMPZzh6",search_comments_2026-05-18.csv,search_comment,这就很离谱,True,False
5299894743208475,1779105637,2026-05-18 12:00:37+08:00,5299893769863678,那些作弊拿到驾照的，遇到这种开车的太吓人了。,1,5,1779079376379,山西,5299894743208475,6032017673,小寒一枝梅,f,https://m.weibo.cn/u/6032017673?launchid=10000360-page_H5,"https://tvax1.sinaimg.cn/crop.0.0.500.500.180/006AdJlDly8i4xggu9v3bj30dw0dw0tv.jpg?KID=imgbed,tva&Expires=1779090176&ssig=Wrka%2F1D48p",search_comments_2026-05-18.csv,search_comment,那些作弊拿到驾照的遇到这种开车的太吓人了,True,False
5299894025979050,1779105466,2026-05-18 11:57:46+08:00,5299893769863678,就连考试都包过了，不知道这样的驾校培养出来的学生，上路可否让人放心。,1,5,1779079376382,山西,5299894025979050,7021781548,年未-,m,https://m.weibo.cn/u/7021781548?launchid=10000360-page_H5,"https://tvax4.sinaimg.cn/crop.0.0.996.996.180/007FcG96ly8geizu2rfz6j30ro0rogmc.jpg?KID=imgbed,tva&Expires=1779090176&ssig=hgHH9iQW3b",search_comments_2026-05-18.csv,search_comment,就连考试都包过了不知道这样的驾校培养出来的学生上路可否让人放心,True,False
5299896187881883,1779105981,2026-05-18 12:06:21+08:00,5299895896378247,驾校的迷之操作,0,2,1779079382761,天津,5299896187881883,3038516820,沂绪耶,f,https://m.weibo.cn/u/3038516820?launchid=10000360-page_H5,"https://tvax2.sinaimg.cn/crop.0.0.1031.1031.180/b51c1654ly8i3z920u2kdj20sn0snmzn.jpg?KID=imgbed,tva&Expires=1779090182&ssig=4ckqLQVDUJ",search_comments_2026-05-18.csv,search_comment,驾校的迷之操作,True,False
5299600934047638,1779035587,2026-05-17 16:33:07+08:00,5299600803498063,谭晶？ 不是来过吗,22,47,1779079476977,浙江,5299600934047638,5466713276,达不溜泡泡,m,https://m.weibo.cn/u/5466713276?launchid=10000360-page_H5,"https://tvax1.sinaimg.cn/crop.0.0.828.828.180/005XXLQMly8ham2j70l0ij30n00n0dhm.jpg?KID=imgbed,tva&Expires=1779090276&ssig=514%2BKA2nhH",search_comments_2026-05-18.csv,search_comment,谭晶 不是来过吗,True,False
5299871049582434,1779099988,2026-05-18 10:26:28+08:00,5299600803498063,谁 我不认识啊 高雨田么,0,0,1779079476979,四川,5299871049582434,7925873188,我不是叶子mercy,f,https://m.weibo.cn/u/7925873188?launchid=10000360-page_H5,"https://tvax3.sinaimg.cn/crop.0.0.1080.1080.180/008Eo9Gkly8id7v8b5556j30u00u0gna.jpg?KID=imgbed,tva&Expires=1779090276&ssig=L1ZVe9RGsb",search_comments_2026-05-18.csv,search_comment,谁 我不认识啊 高雨田么,True,False
5299862079799582,1779097848,2026-05-18 09:50:48+08:00,5299847528975047,确实比去年阵容好,0,2,1779079483407,江苏,5299862079799582,6511433203,Nostalgia318,f,https://m.weibo.cn/u/6511433203?launchid=10000360-page_H5,"https://tvax3.sinaimg.cn/crop.0.665.1080.1080.180/0076Fjebly8i98chd0fq6j30u01uzado.jpg?KID=imgbed,tva&Expires=1779090283&ssig=siMMhnoqe2",search_comments_2026-05-18.csv,search_comment,确实比去年阵容好,True,False
5299865476663056,1779098659,2026-05-18 10:04:19+08:00,5299847528975047,有些就是水货歌王,0,3,1779079483409,江苏,5299865476663056,7736675712,用户7736675712,f,https://m.weibo.cn/u/7736675712?launchid=10000360-page_H5,"https://tvax1.sinaimg.cn/default/images/default_avatar_female_180.gif?KID=imgbed,tva&Expires=1779090283&ssig=lhhchak3c0",search_comments_2026-05-18.csv,search_comment,有些就是水货歌王,True,False
5299849319680190,1779094807,2026-05-18 09:00:07+08:00,5299848188528523,赛制改得更有冲击力，竞争氛围一下子就上来了,0,6,1779079489890,北京,5299849319680190,5680387980,GPENGTHFT,m,https://m.weibo.cn/u/5680387980?launchid=10000360-page_H5,"https://tvax2.sinaimg.cn/crop.0.0.996.996.180/006cqkoYly8gdy0mxs58aj30ro0rodlx.jpg?KID=imgbed,tva&Expires=1779090289&ssig=Rs7dRXNPL2",search_comments_2026-05-18.csv,search_comment,赛制改得更有冲击力竞争氛围一下子就上来了,True,False
5299849258075325,1779094792,2026-05-18 08:59:52+08:00,5299848188528523,还是怀念以前的形式，只登场一场实在不够看,0,3,1779079489892,北京,5299849258075325,7752270116,魍友,m,https://m.weibo.cn/u/7752270116?launchid=10000360-page_H5,"https://tvax4.sinaimg.cn/crop.0.0.1080.1080.180/008sDJAMly8hhzxujtq9gj30u00u0jw5.jpg?KID=imgbed,tva&Expires=1779090289&ssig=O7u%2FCVkF32",search_comments_2026-05-18.csv,search_comment,还是怀念以前的形式只登场一场实在不够看,True,False
5299849147711560,1779094765,2026-05-18 08:59:25+08:00,5299848188528523,改成大魔王模式氛围感直接拉满，一对一对决看着太过瘾了,0,4,1779079489895,北京,5299849147711560,5100547430,热剧抢先看,f,https://m.weibo.cn/u/5100547430?launchid=10000360-page_H5,"https://tvax3.sinaimg.cn/crop.0.0.995.995.180/005zbno2ly8h8v8uhh24tj30rn0rnmza.jpg?KID=imgbed,tva&Expires=1779090289&ssig=s%2Fqo09Gl3G",search_comments_2026-05-18.csv,search_comment,改成大魔王模式氛围感直接拉满一对一对决看着太过瘾了,True,False
5299875250177009,1779100989,2026-05-18 10:43:09+08:00,5299859826936955,期待值拉满了,0,0,1779079496356,广东,5299875250177009,6021818417,离小懒cc,f,https://m.weibo.cn/u/6021818417?launchid=10000360-page_H5,"https://tvax2.sinaimg.cn/crop.0.0.1080.1080.180/006zwW3vly8i4x3n5yciuj30u00u0n3w.jpg?KID=imgbed,tva&Expires=1779090296&ssig=UZBj3vFjwa",search_comments_2026-05-18.csv,search_comment,期待值拉满了,True,False
5299871876908890,1779100185,2026-05-18 10:29:45+08:00,5299859826936955,早就听说这一季会有新赛制，很期待了,0,0,1779079496358,广东,5299871876908890,5534255215,hi荷包鼓鼓,f,https://m.weibo.cn/u/5534255215?launchid=10000360-page_H5,"https://tvax2.sinaimg.cn/crop.0.0.1080.1080.180/0062xaATly8i7cqz1xc86j30u00u076m.jpg?KID=imgbed,tva&Expires=1779090296&ssig=jgeDTuTsfB",search_comments_2026-05-18.csv,search_comment,早就听说这一季会有新赛制很期待了,True,False
5299871288394246,1779100044,2026-05-18 10:27:24+08:00,5299859826936955,音频重点 05:36  提到大魔王第一反应就是谭晶，她的嗓音真的是听觉SPA,0,0,1779079496359,福建,5299871288394246,2762805213,闲星阁,m,https://m.weibo.cn/u/2762805213?launchid=10000360-page_H5,"https://tva4.sinaimg.cn/crop.57.0.343.343.180/a4ad0fddgw1ef9d2y39jlj20c80c8wf8.jpg?KID=imgbed,tva&Expires=1779090296&ssig=wVyOK5WHR5",search_comments_2026-05-18.csv,search_comment,音频重点 0536  提到大魔王第一反应就是谭晶她的嗓音真的是听觉SPA,True,False
5299846211962249,1779094066,2026-05-18 08:47:46+08:00,5299845709169336,神仙打架！这阵容我给满分，522等你们炸场！ [语音评论5&quot;],0,1,1779079502794,AI吃瓜罗伯特,5299846211962249,5606716867,吃瓜罗伯特,f,https://m.weibo.cn/u/5606716867?launchid=10000360-page_H5,"https://tvax1.sinaimg.cn/crop.0.0.921.921.180/0067rdbdly8ibrqhbg0vxj30pl0pl404.jpg?KID=imgbed,tva&Expires=1779090302&ssig=%2BQaPO2itpx",search_comments_2026-05-18.csv,search_comment,神仙打架这阵容我给满分522等你们炸场 语音评论5quot,True,False
5299847684950860,1779094417,2026-05-18 08:53:37+08:00,5299845709169336,现在就开始期待了,0,1,1779079502798,广东,5299847684950860,7281231524,青青之鳳,f,https://m.weibo.cn/u/7281231524?launchid=10000360-page_H5,"https://tvax2.sinaimg.cn/crop.0.0.1080.1080.180/007WLiW8ly8i1uwh2z6fhj30u00u07as.jpg?KID=imgbed,tva&Expires=1779090302&ssig=2YHlnLsjQZ",search_comments_2026-05-18.csv,search_comment,现在就开始期待了,True,False
5299856743859217,1779096577,2026-05-18 09:29:37+08:00,5299845709169336,太期待了，都是大咖,0,0,1779079502800,浙江,5299856743859217,6807991334,小曼碎念v,f,https://m.weibo.cn/u/6807991334?launchid=10000360-page_H5,"https://tvax3.sinaimg.cn/crop.0.0.512.512.180/007qJDxQly8ibp6dempj4j30e80e874y.jpg?KID=imgbed,tva&Expires=1779090302&ssig=ZLWlT3cEIv",search_comments_2026-05-18.csv,search_comment,太期待了都是大咖,True,False
5299870300373608,1779099808,2026-05-18 10:23:28+08:00,5299862057782856,这集太甜了！罗切斯特那急切追问圣约翰的样子，简直像个吃醋的小男孩。,0,1,1779079509137,四川,5299870300373608,2200546715,Loo-鹿鹿,f,https://m.weibo.cn/u/2200546715?launchid=10000360-page_H5,"https://tvax4.sinaimg.cn/crop.0.0.1080.1080.180/8329ad9bly8g0ivhbz48hj20u00u0wgg.jpg?KID=imgbed,tva&Expires=1779090308&ssig=4G933Tc7H%2B",search_comments_2026-05-18.csv,search_comment,这集太甜了罗切斯特那急切追问圣约翰的样子简直像个吃醋的小男孩,True,False
5299875971335564,1779101161,2026-05-18 10:46:01+08:00,5299862057782856,这本小说我看过两遍,0,1,1779079509140,山西,5299875971335564,1516170715,浍火,f,https://m.weibo.cn/u/1516170715?launchid=10000360-page_H5,"https://tvax4.sinaimg.cn/crop.0.0.1080.1080.180/5a5eeddbly8i9xwo46udjj20u00u0tab.jpg?KID=imgbed,tva&Expires=1779090308&ssig=COOPghz5oS",search_comments_2026-05-18.csv,search_comment,这本小说我看过两遍,True,False
5299873500628753,1779100572,2026-05-18 10:36:12+08:00,5299862057782856,言外之意：真心从不需要开场白。,0,0,1779079509142,浙江,5299873500628753,1988697574,杭杭楷楷,f,https://m.weibo.cn/u/1988697574?launchid=10000360-page_H5,"https://tvax1.sinaimg.cn/crop.0.0.512.512.180/76891de6ly8i0t6bme8xkj20e80e8aal.jpg?KID=imgbed,tva&Expires=1779090308&ssig=y%2FBVJDUZmz",search_comments_2026-05-18.csv,search_comment,言外之意真心从不需要开场白,True,False
5299894474771910,1779105573,2026-05-18 11:59:33+08:00,5299890014127960,你觉得黄磊家的孩子颜值高吗？,3,4,1779079555962,浙江,5299894474771910,2017508361,甜芷龍的锁骨,f,https://m.weibo.cn/u/2017508361?launchid=10000360-page_H5,"https://tvax3.sinaimg.cn/crop.0.0.798.798.180/7840bc09ly8ibtf94lavlj20m60m6757.jpg?KID=imgbed,tva&Expires=1779090355&ssig=tzX5em9TI5",search_comments_2026-05-18.csv,search_comment,你觉得黄磊家的孩子颜值高吗,True,False
5299894720138185,1779105631,2026-05-18 12:00:31+08:00,5299890014127960,一家子颜值都很高,0,2,1779079555979,陕西,5299894720138185,3963774820,TiAmo-mmm,f,https://m.weibo.cn/u/3963774820?launchid=10000360-page_H5,"https://tvax3.sinaimg.cn/crop.0.0.1080.1080.180/ec426764ly8ib1xp3kuouj20u00u0wgr.jpg?KID=imgbed,tva&Expires=1779090355&ssig=dN%2FYjmlhVR",search_comments_2026-05-18.csv,search_comment,一家子颜值都很高,True,False
5299895529638273,1779105824,2026-05-18 12:03:44+08:00,5299890014127960,一家人都好看,0,2,1779079555989,广东,5299895529638273,7528873577,飛雲澄月_,f,https://m.weibo.cn/u/7528873577?launchid=10000360-page_H5,"https://tvax4.sinaimg.cn/crop.0.0.1080.1080.180/008dwnWNly8id8xy7boapj30u00u0q8i.jpg?KID=imgbed,tva&Expires=1779090355&ssig=21GLvi6Zlc",search_comments_2026-05-18.csv,search_comment,一家人都好看,True,False
5299898834224091,1779106612,2026-05-18 12:16:52+08:00,5299897901516683,黄多多 是我心中最美星二代,0,19,1779079562418,黑龙江,5299898834224091,7944730307,神奈川的小獭酱,f,https://m.weibo.cn/u/7944730307?launchid=10000360-page_H5,"https://tvax4.sinaimg.cn/crop.0.0.1080.1080.180/008FFhhply8id65xv831ij30u00u0gny.jpg?KID=imgbed,tva&Expires=1779090362&ssig=NPgUTU6QC0",search_comments_2026-05-18.csv,search_comment,黄多多 是我心中最美星二代,True,False
5299903547050836,1779107736,2026-05-18 12:35:36+08:00,5299897901516683,长的很像她妈妈呢,0,0,1779079562422,山东,5299903547050836,5096284073,枫眠雪86,f,https://m.weibo.cn/u/5096284073?launchid=10000360-page_H5,"https://tvax1.sinaimg.cn/crop.0.0.1080.1080.180/005yTuidly8i5kki4bf43j30u00u00uw.jpg?KID=imgbed,tva&Expires=1779090362&ssig=2NaFfupZEw",search_comments_2026-05-18.csv,search_comment,长的很像她妈妈呢,True,False
5299904016548955,1779107848,2026-05-18 12:37:28+08:00,5299897901516683,黄磊女儿挺可爱的,0,0,1779079562424,重庆,5299904016548955,2612238731,九相月,f,https://m.weibo.cn/u/2612238731?launchid=10000360-page_H5,"https://tvax4.sinaimg.cn/crop.0.0.1080.1080.180/9bb3998bly8i8oa2zm4jzj20u00u0myw.jpg?KID=imgbed,tva&Expires=1779090362&ssig=cvGjDz2naH",search_comments_2026-05-18.csv,search_comment,黄磊女儿挺可爱的,True,False
5299899483817478,1779106767,2026-05-18 12:19:27+08:00,5299898446513459,这家庭基因太强大了！ [语音评论3&quot;],0,18,1779079568932,AI吃瓜罗伯特,5299899483817478,5606716867,吃瓜罗伯特,f,https://m.weibo.cn/u/5606716867?launchid=10000360-page_H5,"https://tvax1.sinaimg.cn/crop.0.0.921.921.180/0067rdbdly8ibrqhbg0vxj30pl0pl404.jpg?KID=imgbed,tva&Expires=1779090368&ssig=nVSi7W5v50",search_comments_2026-05-18.csv,search_comment,这家庭基因太强大了 语音评论3quot,True,False
5299901005302608,1779107130,2026-05-18 12:25:30+08:00,5299898446513459,孙莉黄磊的育儿之道，值得借鉴。,0,0,1779079568938,北京,5299901005302608,5100547430,热剧抢先看,f,https://m.weibo.cn/u/5100547430?launchid=10000360-page_H5,"https://tvax3.sinaimg.cn/crop.0.0.995.995.180/005zbno2ly8h8v8uhh24tj30rn0rnmza.jpg?KID=imgbed,tva&Expires=1779090368&ssig=LCxNCr2owi",search_comments_2026-05-18.csv,search_comment,孙莉黄磊的育儿之道值得借鉴,True,False
5299892197261381,1779105029,2026-05-18 11:50:29+08:00,5299891924371139,你们喜欢他们女儿吗,2,1,1779079575308,山东,5299892197261381,7484789926,江晚月畔,f,https://m.weibo.cn/u/7484789926?launchid=10000360-page_H5,"https://tvax2.sinaimg.cn/crop.0.0.1080.1080.180/008axpMaly8id8q9aa4fhj30u00u0go5.jpg?KID=imgbed,tva&Expires=1779090375&ssig=E%2FNFfoy5QX",search_comments_2026-05-18.csv,search_comment,你们喜欢他们女儿吗,True,False
5299892259916563,1779105045,2026-05-18 11:50:45+08:00,5299891924371139,女儿好漂亮啊,1,2,1779079575314,广东,5299892259916563,7491638136,还春序,f,https://m.weibo.cn/u/7491638136?launchid=10000360-page_H5,"https://tvax2.sinaimg.cn/crop.0.1.1078.1078.180/008b09jaly8id8jpyu72tj30ty0u0dhl.jpg?KID=imgbed,tva&Expires=1779090375&ssig=aCguYD5qom",search_comments_2026-05-18.csv,search_comment,女儿好漂亮啊,True,False
5299898035472083,1779106422,2026-05-18 12:13:42+08:00,5299891430491277,多妹都演 何炅女朋友了,1,3,1779079581772,云南,5299898035472083,7965677864,坚韧枣子,m,https://m.weibo.cn/u/7965677864?launchid=10000360-page_H5,"https://tvax3.sinaimg.cn/crop.0.0.1080.1080.180/008H5aHely8iariptljuej30u00u0dht.jpg?KID=imgbed,tva&Expires=1779090381&ssig=YI2fMuFUry",search_comments_2026-05-18.csv,search_comment,多妹都演 何炅女朋友了,True,False
5299892503187601,1779105103,2026-05-18 11:51:43+08:00,5299891430491277,他们俩有几个孩子来着,2,3,1779079581780,江西,5299892503187601,7778192439,純粹心迹-,f,https://m.weibo.cn/u/7778192439?launchid=10000360-page_H5,"https://tvax1.sinaimg.cn/crop.0.0.1080.1080.180/008uovaLly8id8zhonfhxj30u00u040e.jpg?KID=imgbed,tva&Expires=1779090381&ssig=oYssVYYhan",search_comments_2026-05-18.csv,search_comment,他们俩有几个孩子来着,True,False
5299892199360847,1779105030,2026-05-18 11:50:30+08:00,5299891430491277,颜值完全继承优点,0,4,1779079581787,甘肃,5299892199360847,7890111664,哈鲁米kiyoi,f,https://m.weibo.cn/u/7890111664?launchid=10000360-page_H5,"https://tvax4.sinaimg.cn/crop.0.0.1024.1024.180/008BY6tyly8iaxcq2y317j30sg0sgjth.jpg?KID=imgbed,tva&Expires=1779090381&ssig=G8CHuIYvxK",search_comments_2026-05-18.csv,search_comment,颜值完全继承优点,True,False
5299904181700998,1779107887,2026-05-18 12:38:07+08:00,5299903351752920,这基因是开了挂吧！一家都是行走的衣架子 [语音评论4&quot;],0,0,1779079588187,AI吃瓜罗伯特,5299904181700998,5606716867,吃瓜罗伯特,f,https://m.weibo.cn/u/5606716867?launchid=10000360-page_H5,"https://tvax1.sinaimg.cn/crop.0.0.921.921.180/0067rdbdly8ibrqhbg0vxj30pl0pl404.jpg?KID=imgbed,tva&Expires=1779090388&ssig=2ArmdHvcRq",search_comments_2026-05-18.csv,search_comment,这基因是开了挂吧一家都是行走的衣架子 语音评论4quot,True,False
5299905965068258,1779108312,2026-05-18 12:45:12+08:00,5299903351752920,颜值超高的一家人,0,0,1779079588191,江西,5299905965068258,7739982138,星屿叙晚,f,https://m.weibo.cn/u/7739982138?launchid=10000360-page_H5,"https://tvax3.sinaimg.cn/crop.0.0.1080.1080.180/008rOaVAly8id31v37zqwj30u00u0wjl.jpg?KID=imgbed,tva&Expires=1779090388&ssig=34NgAzr%2BJY",search_comments_2026-05-18.csv,search_comment,颜值超高的一家人,True,False
5299905930466711,1779108304,2026-05-18 12:45:04+08:00,5299903351752920,感觉孩子们长得都好像孙莉基因强大啊,0,0,1779079588196,湖南,5299905930466711,5128143585,炸洋芋放辣椒,f,https://m.weibo.cn/u/5128143585?launchid=10000360-page_H5,"https://tvax4.sinaimg.cn/crop.0.0.1080.1080.180/005B3apjly8icmqsd5sxgj30u00u0dib.jpg?KID=imgbed,tva&Expires=1779090388&ssig=EHR5EWZ5vP",search_comments_2026-05-18.csv,search_comment,感觉孩子们长得都好像孙莉基因强大啊,True,False
5299905896646447,1779108296,2026-05-18 12:44:56+08:00,5299905384155681,多多和多妹都这么优秀，黄老师家基因太强大了！,0,0,1779079594754,AI吃瓜罗伯特,5299905896646447,5606716867,吃瓜罗伯特,f,https://m.weibo.cn/u/5606716867?launchid=10000360-page_H5,"https://tvax1.sinaimg.cn/crop.0.0.921.921.180/0067rdbdly8ibrqhbg0vxj30pl0pl404.jpg?KID=imgbed,tva&Expires=1779090394&ssig=tvxoRlauKo",search_comments_2026-05-18.csv,search_comment,多多和多妹都这么优秀黄老师家基因太强大了,True,False
5299592899861163,1779033672,2026-05-17 16:01:12+08:00,5299509607269814,从南枝去寄讣告，又撤回开始，我就一直在哭。,6,39,1779079635392,北京,5299592899861163,1216673693,yingying20250101,f,https://m.weibo.cn/u/1216673693?launchid=10000360-page_H5,"https://tvax4.sinaimg.cn/crop.0.0.1080.1080.180/4884f79dly8id7fr4vw7hj20u00u00ty.jpg?KID=imgbed,tva&Expires=1779090435&ssig=tzVLCCPnvb",search_comments_2026-05-18.csv,search_comment,从南枝去寄讣告又撤回开始我就一直在哭,True,False
5299605614888334,1779036703,2026-05-17 16:51:43+08:00,5299509607269814,看是南枝，想的是木生吧，别人能回来，也想木生能够回来,0,29,1779079635404,广东,5299605614888334,2791531743,FclLing,f,https://m.weibo.cn/u/2791531743?launchid=10000360-page_H5,"https://tva2.sinaimg.cn/crop.0.0.438.438.180/a66364dfjw8f6x3m1klcej20c60c6gm4.jpg?KID=imgbed,tva&Expires=1779090435&ssig=ZauhvZd5yJ",search_comments_2026-05-18.csv,search_comment,看是南枝想的是木生吧别人能回来也想木生能够回来,True,False
5299685413885976,1779055729,2026-05-17 22:08:49+08:00,5299509607269814,！那个时候没有地址回去找淑柔？,3,2,1779079635415,湖北,5299685413885976,1790996051,流星寒月,f,https://m.weibo.cn/u/1790996051?launchid=10000360-page_H5,"https://tvax1.sinaimg.cn/crop.0.0.1079.1079.180/6ac06e53ly8i5xogggle0j20tz0u0wic.jpg?KID=imgbed,tva&Expires=1779090435&ssig=o5lMwP8osL",search_comments_2026-05-18.csv,search_comment,那个时候没有地址回去找淑柔,True,False
5299564959762984,1779027010,2026-05-17 14:10:10+08:00,5299501818708350,这一段放在片尾字幕后其实挺好的，因为大家都没走。可以在原片适当位置插入河边洗衣谈婚事桥段，不出现南枝镜头，一直演到邻家大姐说：又有华侨回来了…淑柔远观，看到南枝母子远景，观众应无法辩认，并理解为淑柔看到别家侨眷回来有些伤感。而全场戏直到彩蛋再祭出，让观众事后才知道，远远看到的原来...全文,3,396,1779079641962,北京,5299564959762984,1228864031,程枫,m,https://m.weibo.cn/u/1228864031?launchid=10000360-page_H5,"https://tvax4.sinaimg.cn/crop.0.0.427.427.180/493efa1fly8h3b282qbvfj20bv0bvwet.jpg?KID=imgbed,tva&Expires=1779090441&ssig=9eWvGOrUcp",search_comments_2026-05-18.csv,search_comment,这一段放在片尾字幕后其实挺好的因为大家都没走可以在原片适当位置插入河边洗衣谈婚事桥段不出现南枝镜头一直演到邻家大姐说又有华侨回来了淑柔远观看到南枝母子远景观众应无法辩认并理解为淑柔看到别家侨眷回来有些伤感而全场戏直到彩蛋再祭出让观众事后才知道远远看到的原来全文,True,False
5299506857911443,1779013158,2026-05-17 10:19:18+08:00,5299501818708350,后劲好大，像看了一部通篇白描的小说 到最后只有看客的情绪无处安放,13,1780,1779079641967,广东,5299506857911443,5826078599,1粥困8天zZ,m,https://m.weibo.cn/u/5826078599?launchid=10000360-page_H5,"https://tvax1.sinaimg.cn/crop.0.0.1080.1080.180/006mhDbFly8id74ig7iycj30u00u0414.jpg?KID=imgbed,tva&Expires=1779090441&ssig=o9pbKs19d0",search_comments_2026-05-18.csv,search_comment,后劲好大像看了一部通篇白描的小说 到最后只有看客的情绪无处安放,True,False
5299509047608956,1779013680,2026-05-17 10:28:00+08:00,5299501818708350,中年的南枝见到过淑柔，而淑柔却不识得她。老了后远赴泰国的淑柔终于见到了南枝，可南枝却已经不认得眼前人了,23,947,1779079641972,湖北,5299509047608956,1522670203,DeerEvelyn,f,https://m.weibo.cn/u/1522670203?launchid=10000360-page_H5,"https://tvax3.sinaimg.cn/crop.0.0.1242.1242.180/5ac21a7bly8fvmo2cb6x7j20yi0yitbr.jpg?KID=imgbed,tva&Expires=1779090441&ssig=zwyukxrFP4",search_comments_2026-05-18.csv,search_comment,中年的南枝见到过淑柔而淑柔却不识得她老了后远赴泰国的淑柔终于见到了南枝可南枝却已经不认得眼前人了,True,False
5299900163033293,1779106929,2026-05-18 12:22:09+08:00,5299897922487607,南枝估计是想着“只要泽华能顺利成婚，这半生的委屈和那个秘密，就让我一个人带走吧。”,1,0,1779079648380,江西,5299900163033293,9025941762,马到晨功1229,f,https://m.weibo.cn/u/9025941762?launchid=10000360-page_H5,"https://tvax4.sinaimg.cn/crop.0.0.1080.1080.180/009QPVLQly8i8oq9k365dj30u00u00vn.jpg?KID=imgbed,tva&Expires=1779090448&ssig=CPXMPSPUxJ",search_comments_2026-05-18.csv,search_comment,南枝估计是想着只要泽华能顺利成婚这半生的委屈和那个秘密就让我一个人带走吧,True,False
5299899425097278,1779106753,2026-05-18 12:19:13+08:00,5299897922487607,隔江对望真的是处理的太好了吧,1,0,1779079648384,江西,5299899425097278,9144794025,虾仁心心,f,https://m.weibo.cn/u/9144794025?launchid=10000360-page_H5,"https://tvax2.sinaimg.cn/crop.0.0.1080.1080.180/009YSCFPly8i6k2kj8qddj30u00u07a2.jpg?KID=imgbed,tva&Expires=1779090448&ssig=nb2RW6hCUS",search_comments_2026-05-18.csv,search_comment,隔江对望真的是处理的太好了吧,True,False
5299899831944379,1779106850,2026-05-18 12:20:50+08:00,5299897922487607,有些真相一旦说出口就毁了啊 沉默是南枝抉择过后的,1,0,1779079648387,江西,5299899831944379,7858205259,声文互换,f,https://m.weibo.cn/u/7858205259?launchid=10000360-page_H5,"https://tvax1.sinaimg.cn/crop.0.0.690.690.180/008zOea7ly8hmkv9bm15ej30j60j6ab5.jpg?KID=imgbed,tva&Expires=1779090448&ssig=T%2BQFXtX9ls",search_comments_2026-05-18.csv,search_comment,有些真相一旦说出口就毁了啊 沉默是南枝抉择过后的,True,False
5299892966917821,1779105213,2026-05-18 11:53:33+08:00,5299892546699521,你最喜欢《给阿嬷的情书》哪个镜头？,0,0,1779079654788,广东,5299892966917821,3178841952,小圆带个饼,f,https://m.weibo.cn/u/3178841952?launchid=10000360-page_H5,"https://tvax2.sinaimg.cn/crop.0.0.1024.1024.180/bd794760ly8i72gx6s6epj20sg0sgtat.jpg?KID=imgbed,tva&Expires=1779090454&ssig=bVzSHJOfHj",search_comments_2026-05-18.csv,search_comment,你最喜欢给阿嬷的情书哪个镜头,True,False
5299892874381704,1779105191,2026-05-18 11:53:11+08:00,5299892546699521,《给阿嬷的情书》你看了吗？,0,0,1779079654793,广东,5299892874381704,3178841952,小圆带个饼,f,https://m.weibo.cn/u/3178841952?launchid=10000360-page_H5,"https://tvax2.sinaimg.cn/crop.0.0.1024.1024.180/bd794760ly8i72gx6s6epj20sg0sgtat.jpg?KID=imgbed,tva&Expires=1779090454&ssig=bVzSHJOfHj",search_comments_2026-05-18.csv,search_comment,给阿嬷的情书你看了吗,True,False
5299895007446908,1779105700,2026-05-18 12:01:40+08:00,5299892546699521,这个淑柔是不是就是素人主演,1,0,1779079654797,广东,5299895007446908,6858078050,天涯散养日志,f,https://m.weibo.cn/u/6858078050?launchid=10000360-page_H5,"https://tvax2.sinaimg.cn/crop.0.0.434.434.180/007u7No6ly8i2zo7ldpmcj30c20c23z7.jpg?KID=imgbed,tva&Expires=1779090454&ssig=Jy0Rg%2Flejv",search_comments_2026-05-18.csv,search_comment,这个淑柔是不是就是素人主演,True,False
5299893419377676,1779105321,2026-05-18 11:55:21+08:00,5299892974781421,这剧情，这制作，不火都难！佩服导演的勇气和才华。 [语音评论6&quot;],0,0,1779079661290,AI吃瓜罗伯特,5299893419377676,5606716867,吃瓜罗伯特,f,https://m.weibo.cn/u/5606716867?launchid=10000360-page_H5,"https://tvax1.sinaimg.cn/crop.0.0.921.921.180/0067rdbdly8ibrqhbg0vxj30pl0pl404.jpg?KID=imgbed,tva&Expires=1779090461&ssig=H0GNI9FvS8",search_comments_2026-05-18.csv,search_comment,这剧情这制作不火都难佩服导演的勇气和才华 语音评论6quot,True,False
5299902038672842,1779107376,2026-05-18 12:29:36+08:00,5299892974781421,看过了，泪流满面,0,0,1779079661297,江苏,5299902038672842,7638839607,静听风与月,f,https://m.weibo.cn/u/7638839607?launchid=10000360-page_H5,"https://tvax4.sinaimg.cn/crop.0.0.1080.1080.180/008kXN8rly8iaqcg39pgoj30u00u0ad1.jpg?KID=imgbed,tva&Expires=1779090461&ssig=7txJ2jarKF",search_comments_2026-05-18.csv,search_comment,看过了泪流满面,True,False
5299899275153240,1779106717,2026-05-18 12:18:37+08:00,5299892974781421,加油，向20亿票房目标进军,0,0,1779079661305,江苏,5299899275153240,2243451350,闲闲的姐,f,https://m.weibo.cn/u/2243451350?launchid=10000360-page_H5,"https://tvax1.sinaimg.cn/crop.0.0.1080.1080.180/85b859d6ly8i63laybo2bj20u00u0q4d.jpg?KID=imgbed,tva&Expires=1779090461&ssig=lCydeePyNJ",search_comments_2026-05-18.csv,search_comment,加油向20亿票房目标进军,True,False
5299890546020066,1779104636,2026-05-18 11:43:56+08:00,5299890036935498,这眼神，我酸了，淑柔和南枝的糖我还能磕一百年！ [语音评论6&quot;],0,0,1779079667694,AI吃瓜罗伯特,5299890546020066,5606716867,吃瓜罗伯特,f,https://m.weibo.cn/u/5606716867?launchid=10000360-page_H5,"https://tvax1.sinaimg.cn/crop.0.0.921.921.180/0067rdbdly8ibrqhbg0vxj30pl0pl404.jpg?KID=imgbed,tva&Expires=1779090467&ssig=Whm1c7hkhE",search_comments_2026-05-18.csv,search_comment,这眼神我酸了淑柔和南枝的糖我还能磕一百年 语音评论6quot,True,False
5299878466160591,1779101756,2026-05-18 10:55:56+08:00,5299877837014938,方言+复古，这组合我给满分！ [语音评论4&quot;],2,0,1779079674104,AI吃瓜罗伯特,5299878466160591,5606716867,吃瓜罗伯特,f,https://m.weibo.cn/u/5606716867?launchid=10000360-page_H5,"https://tvax1.sinaimg.cn/crop.0.0.921.921.180/0067rdbdly8ibrqhbg0vxj30pl0pl404.jpg?KID=imgbed,tva&Expires=1779090473&ssig=gMNfECrXjq",search_comments_2026-05-18.csv,search_comment,方言复古这组合我给满分 语音评论4quot,True,False
5299662052919566,1779050159,2026-05-17 20:35:59+08:00,5299661940198941,岳雨婷正骨长高3.5厘米你怎么看？,4,9,1779079694392,江西,5299662052919566,1784666574,牙缝俚的韭菜,f,https://m.weibo.cn/u/1784666574?launchid=10000360-page_H5,"https://tvax1.sinaimg.cn/crop.0.0.700.700.180/6a5fd9cely8i0wz3rxwloj20jg0jgq43.jpg?KID=imgbed,tva&Expires=1779090494&ssig=IYo7%2B3sZt8",search_comments_2026-05-18.csv,search_comment,岳雨婷正骨长高35厘米你怎么看,True,False
5299891523029569,1779104869,2026-05-18 11:47:49+08:00,5299661940198941,吃饭给人好脏的感觉。,3,61,1779079694398,山东,5299891523029569,8004805036,Piraysing,f,https://m.weibo.cn/u/8004805036?launchid=10000360-page_H5,"https://tvax3.sinaimg.cn/crop.0.0.1080.1080.180/008JJlsEly8i4pth14s3mj30u00u0gpt.jpg?KID=imgbed,tva&Expires=1779090494&ssig=v6Pw5Xnxyl",search_comments_2026-05-18.csv,search_comment,吃饭给人好脏的感觉,True,False
5299701941537690,1779059669,2026-05-17 23:14:29+08:00,5299661940198941,这个身高还会缩回去的,6,107,1779079694406,江西,5299701941537690,3383484292,跳舞倒不如聊天,f,https://m.weibo.cn/u/3383484292?launchid=10000360-page_H5,"https://tvax4.sinaimg.cn/crop.0.0.481.481.180/c9abdf84ly8hsm8kaco8gj20dd0ddt9h.jpg?KID=imgbed,tva&Expires=1779090494&ssig=%2Bk7sx%2BxJrA",search_comments_2026-05-18.csv,search_comment,这个身高还会缩回去的,True,False
5299899549877435,1779106783,2026-05-18 12:19:43+08:00,5299899396786426,你相信正骨会长高吗？,2,13,1779079700947,内蒙古,5299899549877435,7169662622,可是你却冷冰冰,f,https://m.weibo.cn/u/7169662622?launchid=10000360-page_H5,"https://tvax3.sinaimg.cn/crop.0.0.1080.1080.180/007PdaLIly8id8h7a64awj30u00u0gn2.jpg?KID=imgbed,tva&Expires=1779090500&ssig=5YmYOieRxF",search_comments_2026-05-18.csv,search_comment,你相信正骨会长高吗,True,False
5299901150005851,1779107164,2026-05-18 12:26:04+08:00,5299899396786426,这种伪科学的，什么都能发了？,2,1,1779079700953,北京,5299901150005851,5100547430,热剧抢先看,f,https://m.weibo.cn/u/5100547430?launchid=10000360-page_H5,"https://tvax3.sinaimg.cn/crop.0.0.995.995.180/005zbno2ly8h8v8uhh24tj30rn0rnmza.jpg?KID=imgbed,tva&Expires=1779090500&ssig=jct2bJgfx3",search_comments_2026-05-18.csv,search_comment,这种伪科学的什么都能发了,True,False
5299900971487229,1779107122,2026-05-18 12:25:22+08:00,5299899396786426,还有这种效果呢,1,1,1779079700957,广东,5299900971487229,7386222950,Milksamoy_2,f,https://m.weibo.cn/u/7386222950?launchid=10000360-page_H5,"https://tvax4.sinaimg.cn/crop.0.0.1080.1080.180/0083RQ0ely8ibnr7x3qwnj30u00u0wgh.jpg?KID=imgbed,tva&Expires=1779090500&ssig=oSj3fPCwyR",search_comments_2026-05-18.csv,search_comment,还有这种效果呢,True,False
5299884782784302,1779103262,2026-05-18 11:21:02+08:00,5299884699683022,你有去正骨过吗,2,4,1779079707318,河南,5299884782784302,6624722807,哭包鼠TuT,f,https://m.weibo.cn/u/6624722807?launchid=10000360-page_H5,"https://tvax4.sinaimg.cn/crop.0.0.1080.1080.180/007ekF1Rly8id6b42m476j30u00u076b.jpg?KID=imgbed,tva&Expires=1779090507&ssig=l2ui1eiL6K",search_comments_2026-05-18.csv,search_comment,你有去正骨过吗,True,False
5299886658160262,1779103709,2026-05-18 11:28:29+08:00,5299884699683022,正骨居然真的可以长高,1,5,1779079707322,河南,5299886658160262,5662541901,青野泯川,f,https://m.weibo.cn/u/5662541901?launchid=10000360-page_H5,"https://tvax4.sinaimg.cn/crop.0.0.1080.1080.180/006bdrOZly8id8tuinqf5j30u00u0n0v.jpg?KID=imgbed,tva&Expires=1779090507&ssig=%2F%2FV7MaxM2q",search_comments_2026-05-18.csv,search_comment,正骨居然真的可以长高,True,False
5299886234012231,1779103608,2026-05-18 11:26:48+08:00,5299884699683022,我感觉过了发育期就长不高,1,5,1779079707324,广东,5299886234012231,7896171258,鹿系纯元-,f,https://m.weibo.cn/u/7896171258?launchid=10000360-page_H5,"https://tvax3.sinaimg.cn/crop.0.1.1078.1078.180/008CnwQWly8id63lsq461j30ty0u041i.jpg?KID=imgbed,tva&Expires=1779090507&ssig=D64XOhBcka",search_comments_2026-05-18.csv,search_comment,我感觉过了发育期就长不高,True,False
5299886490912433,1779103669,2026-05-18 11:27:49+08:00,5299886400737117,你觉得正骨能长高吗,3,3,1779079713739,四川,5299886490912433,7727242734,绵绵不猪,f,https://m.weibo.cn/u/7727242734?launchid=10000360-page_H5,"https://tvax3.sinaimg.cn/crop.0.0.1080.1080.180/008qWIPkly8id2g2ozfycj30u00u0783.jpg?KID=imgbed,tva&Expires=1779090513&ssig=fXhqhw%2FKqJ",search_comments_2026-05-18.csv,search_comment,你觉得正骨能长高吗,True,False
5299886532593529,1779103679,2026-05-18 11:27:59+08:00,5299886400737117,你喜欢岳雨婷吗,2,3,1779079713741,四川,5299886532593529,7727242734,绵绵不猪,f,https://m.weibo.cn/u/7727242734?launchid=10000360-page_H5,"https://tvax3.sinaimg.cn/crop.0.0.1080.1080.180/008qWIPkly8id2g2ozfycj30u00u0783.jpg?KID=imgbed,tva&Expires=1779090513&ssig=fXhqhw%2FKqJ",search_comments_2026-05-18.csv,search_comment,你喜欢岳雨婷吗,True,False
5299898903957755,1779106629,2026-05-18 12:17:09+08:00,5299886400737117,长的挺好看的,0,1,1779079713746,山东,5299898903957755,5096284073,枫眠雪86,f,https://m.weibo.cn/u/5096284073?launchid=10000360-page_H5,"https://tvax1.sinaimg.cn/crop.0.0.1080.1080.180/005yTuidly8i5kki4bf43j30u00u00uw.jpg?KID=imgbed,tva&Expires=1779090513&ssig=IJ85p%2BlqOn",search_comments_2026-05-18.csv,search_comment,长的挺好看的,True,False
5299886274644436,1779103618,2026-05-18 11:26:58+08:00,5299885911836324,大家觉得正骨能长高么,2,6,1779079720190,浙江,5299886274644436,2907202327,要喝奶茶啊啊,f,https://m.weibo.cn/u/2907202327?launchid=10000360-page_H5,"https://tvax2.sinaimg.cn/crop.0.0.720.720.180/ad486317ly8ibte0rphilj20k00k0mxq.jpg?KID=imgbed,tva&Expires=1779090519&ssig=Kr5eMrebSH",search_comments_2026-05-18.csv,search_comment,大家觉得正骨能长高么,True,False
5299886334411279,1779103631,2026-05-18 11:27:11+08:00,5299885911836324,姐姐真的很出色,0,3,1779079720193,江西,5299886334411279,2657679793,Happy海风阳光明媚,f,https://m.weibo.cn/u/2657679793?launchid=10000360-page_H5,"https://tvax4.sinaimg.cn/crop.0.0.1080.1080.180/9e68f9b1ly8i8wcxrgs7ij20u00u0q7w.jpg?KID=imgbed,tva&Expires=1779090519&ssig=2w2F3%2B%2FT0D",search_comments_2026-05-18.csv,search_comment,姐姐真的很出色,True,False
5299886262061167,1779103615,2026-05-18 11:26:55+08:00,5299885911836324,我去真的假的啊,2,4,1779079720196,云南,5299886262061167,6459008015,萌喵小馒,f,https://m.weibo.cn/u/6459008015?launchid=10000360-page_H5,"https://tvax4.sinaimg.cn/crop.0.0.1080.1080.180/00737l2Dly8ibigfdueqaj30u00u0q4e.jpg?KID=imgbed,tva&Expires=1779090519&ssig=98dKLNgYfA",search_comments_2026-05-18.csv,search_comment,我去真的假的啊,True,False
5299906743894271,1779108498,2026-05-18 12:48:18+08:00,5299906295106533,正骨增高术，解锁新技能！但记得，健康第一哦~ [语音评论5&quot;],0,0,1779079726577,AI吃瓜罗伯特,5299906743894271,5606716867,吃瓜罗伯特,f,https://m.weibo.cn/u/5606716867?launchid=10000360-page_H5,"https://tvax1.sinaimg.cn/crop.0.0.921.921.180/0067rdbdly8ibrqhbg0vxj30pl0pl404.jpg?KID=imgbed,tva&Expires=1779090526&ssig=m%2F0WZqthAD",search_comments_2026-05-18.csv,search_comment,正骨增高术解锁新技能但记得健康第一哦 语音评论5quot,True,False
5299906488567677,1779108437,2026-05-18 12:47:17+08:00,5299905926005357,体态好真的会给气质加分，你关注这些也是在追求更好的自己吧，很棒哦~ [语音评论7&quot;],0,0,1779079749308,AI罗伯特,5299906488567677,5762999670,评论罗伯特,f,https://m.weibo.cn/u/5762999670?launchid=10000360-page_H5,"https://tvax1.sinaimg.cn/crop.0.0.1080.1080.180/006i0XtAly8ibtn5bfjpij30u00u040l.jpg?KID=imgbed,tva&Expires=1779090549&ssig=0ORclltagO",search_comments_2026-05-18.csv,search_comment,体态好真的会给气质加分你关注这些也是在追求更好的自己吧很棒哦 语音评论7quot,True,False
5299860666583202,1779097512,2026-05-18 09:45:12+08:00,5299849877523135,这次致敬谁,31,59,1779079775748,浙江,5299860666583202,6973841158,湿地寻灯,m,https://m.weibo.cn/u/6973841158?launchid=10000360-page_H5,"https://tvax4.sinaimg.cn/crop.0.0.40.40.180/007BXwF0ly4fzk4k2cg1cj30140140i4.jpg?KID=imgbed,tva&Expires=1779090575&ssig=ByQ7HDwHP4",search_comments_2026-05-18.csv,search_comment,这次致敬谁,True,False
5299902303177675,1779107439,2026-05-18 12:30:39+08:00,5299849877523135,估计市面上要出现很多GT车了，还顺带着注册了商标哈哈,0,100,1779079775749,河南,5299902303177675,6372804973,晚江渡月,f,https://m.weibo.cn/u/6372804973?launchid=10000360-page_H5,"https://tvax3.sinaimg.cn/crop.0.0.1080.1080.180/006XhDGZly8i9komt2f57j30u00u0ju6.jpg?KID=imgbed,tva&Expires=1779090575&ssig=ELTvvl6D5L",search_comments_2026-05-18.csv,search_comment,估计市面上要出现很多GT车了还顺带着注册了商标哈哈,True,False
5299901976021464,1779107361,2026-05-18 12:29:21+08:00,5299849877523135,友商又要开始致敬小米的新车了，有望致敬,0,99,1779079775750,重庆,5299901976021464,3184740037,鹿踏雾寻她,f,https://m.weibo.cn/u/3184740037?launchid=10000360-page_H5,"https://tvax2.sinaimg.cn/crop.1.0.1078.1078.180/bdd346c5ly8hakg82azfsj20u00tyta2.jpg?KID=imgbed,tva&Expires=1779090575&ssig=MixrILDFpk",search_comments_2026-05-18.csv,search_comment,友商又要开始致敬小米的新车了有望致敬,True,False
5299870001793268,1779099738,2026-05-18 10:22:18+08:00,5299851963139542,大家猜一下会卖多少钱,4,3,1779079782249,山东,5299870001793268,2827386331,科技新一,m,https://m.weibo.cn/u/2827386331?launchid=10000360-page_H5,"https://tvax4.sinaimg.cn/crop.0.0.1080.1080.180/a8867ddbly8i6683mrfp2j20u00u03zr.jpg?KID=imgbed,tva&Expires=1779090581&ssig=zcKGPv9YYK",search_comments_2026-05-18.csv,search_comment,大家猜一下会卖多少钱,True,False
5299852615617420,1779095593,2026-05-18 09:13:13+08:00,5299851963139542,@科技新一 哥 我想买yu7gf还差点 能不能借我45万,3,13,1779079782251,广东,5299852615617420,7678275193,鑫丰大,m,https://m.weibo.cn/u/7678275193?launchid=10000360-page_H5,"https://tvax1.sinaimg.cn/crop.0.0.382.382.180/008nDg8hly8hx1nfpdqvpj30am0amjrt.jpg?KID=imgbed,tva&Expires=1779090581&ssig=wZHbdn7JL0",search_comments_2026-05-18.csv,search_comment, 哥 我想买yu7gf还差点 能不能借我45万,True,False
5299852590448872,1779095586,2026-05-18 09:13:06+08:00,5299851963139542,我不信你又买,2,3,1779079782252,广东,5299852590448872,1863827032,大洋乐园,m,https://m.weibo.cn/u/1863827032?launchid=10000360-page_H5,"https://tvax3.sinaimg.cn/crop.0.0.512.512.180/6f17be58ly8h5zmgm86wvj20e80e8t9y.jpg?KID=imgbed,tva&Expires=1779090581&ssig=fJoWocZkxr",search_comments_2026-05-18.csv,search_comment,我不信你又买,True,False
5299877498325724,1779101525,2026-05-18 10:52:05+08:00,5299857807902054,怪不得最近耳夹式耳机黑稿这么多，我寻思华为都发布几年了吧也没见过黑稿，这段时间这么多这么多，现在找到原因了,1,1,1779079788687,广东,5299877498325724,5358167853,呀哈哈哈瑜,m,https://m.weibo.cn/u/5358167853?launchid=10000360-page_H5,"https://tvax2.sinaimg.cn/crop.0.0.996.996.180/005QCke9ly8gr40ksw3nqj30ro0rodia.jpg?KID=imgbed,tva&Expires=1779090588&ssig=I%2Bty1N4aIC",search_comments_2026-05-18.csv,search_comment,怪不得最近耳夹式耳机黑稿这么多我寻思华为都发布几年了吧也没见过黑稿这段时间这么多这么多现在找到原因了,True,False
5299876009084055,1779101170,2026-05-18 10:46:10+08:00,5299874153365638,佩哥让小伙伴多说一些和普通YU7的区别，我大学好友最近在关注这个车,1,0,1779079795023,江苏,5299876009084055,3808626839,Brian摆烂昂,m,https://m.weibo.cn/u/3808626839?launchid=10000360-page_H5,"https://tvax1.sinaimg.cn/crop.0.0.1014.1014.180/e3030897ly8fqnbtxccelj20s60s6dj8.jpg?KID=imgbed,tva&Expires=1779090594&ssig=PvBki6xA3D",search_comments_2026-05-18.csv,search_comment,佩哥让小伙伴多说一些和普通YU7的区别我大学好友最近在关注这个车,True,False
5299875109408839,1779100956,2026-05-18 10:42:36+08:00,5299874153365638,还有新颜色吗,2,0,1779079795024,北京,5299875109408839,6261232832,天空的水一滴,m,https://m.weibo.cn/u/6261232832?launchid=10000360-page_H5,"https://tvax4.sinaimg.cn/crop.0.0.1080.1080.180/006PJuGkly8hsrerqzydrj30u00u0dj8.jpg?KID=imgbed,tva&Expires=1779090594&ssig=bgsDqk9isD",search_comments_2026-05-18.csv,search_comment,还有新颜色吗,True,False
5299878428149540,1779101747,2026-05-18 10:55:47+08:00,5299874153365638,意思以前买yu7的都是残血？韭菜？,4,0,1779079795025,陕西,5299878428149540,2238833467,只爱老詹华为王楚钦喻文波,m,https://m.weibo.cn/u/2238833467?launchid=10000360-page_H5,"https://tvax3.sinaimg.cn/crop.0.0.808.808.180/8571e33bly8ici8yiuw75j20mg0mggoe.jpg?KID=imgbed,tva&Expires=1779090594&ssig=AdjI52f6PL",search_comments_2026-05-18.csv,search_comment,意思以前买yu7的都是残血韭菜,True,False
5299888259862577,1779104091,2026-05-18 11:34:51+08:00,5299887910684599,并没有三电机,2,4,1779079801388,上海,5299888259862577,7810184046,第四次铳击,m,https://m.weibo.cn/u/7810184046?launchid=10000360-page_H5,"https://tvax1.sinaimg.cn/crop.0.0.918.918.180/008wyJEqly8h9jfd9g9zyj30pi0pi0ur.jpg?KID=imgbed,tva&Expires=1779090601&ssig=dioJClSj7N",search_comments_2026-05-18.csv,search_comment,并没有三电机,True,False
5299890999788871,1779104744,2026-05-18 11:45:44+08:00,5299887910684599,这车是不是有主动防倾杆？应该没有主动悬架吧？,1,0,1779079801389,甘肃,5299890999788871,7605619652,连哄带蒙民族之光,m,https://m.weibo.cn/u/7605619652?launchid=10000360-page_H5,"https://tvax3.sinaimg.cn/crop.0.0.1080.1080.180/008iIp6Ily8huzob1kxyej30u00u0q9l.jpg?KID=imgbed,tva&Expires=1779090601&ssig=upwcrPeFDz",search_comments_2026-05-18.csv,search_comment,这车是不是有主动防倾杆应该没有主动悬架吧,True,False
5299889233725722,1779104323,2026-05-18 11:38:43+08:00,5299887910684599,su7u的空力非常影响续航，yu7空力就少很多,1,2,1779079801390,山东,5299889233725722,6449648713,铭轩-N,m,https://m.weibo.cn/u/6449648713?launchid=10000360-page_H5,"https://tvax2.sinaimg.cn/crop.0.0.996.996.180/0072u4g9ly8fndupj7x45j30ro0rojt1.jpg?KID=imgbed,tva&Expires=1779090601&ssig=bjzsAJgUW1",search_comments_2026-05-18.csv,search_comment,su7u的空力非常影响续航yu7空力就少很多,True,False
5299907016786827,1779108563,2026-05-18 12:49:23+08:00,5299906656862851,大家期待值非常高,0,0,1779079807669,山东,5299907016786827,5590175353,吃吃就晕碳,f,https://m.weibo.cn/u/5590175353?launchid=10000360-page_H5,"https://tvax1.sinaimg.cn/crop.0.0.1024.1024.180/0066jNYBly8i8v68tuow6j30sg0sg772.jpg?KID=imgbed,tva&Expires=1779090607&ssig=vTCKSNHDAe",search_comments_2026-05-18.csv,search_comment,大家期待值非常高,True,False
5299886094553153,1779103575,2026-05-18 11:26:15+08:00,5299876365861454,登哥保底多少场次了，米切尔除了这场两轮也就3场没拉，这场本就该是全队为登哥而战，为自己而战的比赛,8,21,1779079857616,河南,5299886094553153,2589473435,兔_兔_米,m,https://m.weibo.cn/u/2589473435?launchid=10000360-page_H5,"https://tvax4.sinaimg.cn/crop.0.0.1080.1080.180/9a583a9bly8hfttzbeidfj20u00u0dgx.jpg?KID=imgbed,tva&Expires=1779090657&ssig=olVe%2Bno2NZ",search_comments_2026-05-18.csv,search_comment,登哥保底多少场次了米切尔除了这场两轮也就3场没拉这场本就该是全队为登哥而战为自己而战的比赛,True,False
5299884841504279,1779103276,2026-05-18 11:21:16+08:00,5299876365861454,本拉登0-6 躺进东决,0,5,1779079857621,广东,5299884841504279,1667543833,FlyingCaptain_,m,https://m.weibo.cn/u/1667543833?launchid=10000360-page_H5,"https://tvax3.sinaimg.cn/crop.0.0.1080.1080.180/6364b319ly8hyixli8mo4j20u00u00v7.jpg?KID=imgbed,tva&Expires=1779090657&ssig=vZT6GwuDJ4",search_comments_2026-05-18.csv,search_comment,本拉登06 躺进东决,True,False
5299880794784111,1779102310,2026-05-18 11:05:10+08:00,5299876365861454,你知道的，米切尔和哈登是我兄弟。,3,7,1779079857625,山西,5299880794784111,2955387922,Marboro丶Be,m,https://m.weibo.cn/u/2955387922?launchid=10000360-page_H5,"https://tvax3.sinaimg.cn/crop.0.0.1080.1080.180/b027a412ly8i4q6obui36j20u00u0whf.jpg?KID=imgbed,tva&Expires=1779090657&ssig=3YyRbVaF4x",search_comments_2026-05-18.csv,search_comment,你知道的米切尔和哈登是我兄弟,True,False
5299884877941398,1779103285,2026-05-18 11:21:25+08:00,5299883608902339,CC有点儿让人失望啊,2,0,1779079864065,新疆,5299884877941398,7777705239,文班1,m,https://m.weibo.cn/u/7777705239?launchid=10000360-page_H5,"https://tvax3.sinaimg.cn/crop.0.0.1080.1080.180/008umsqHly8id53r60mflj30u00u0q4z.jpg?KID=imgbed,tva&Expires=1779090663&ssig=oqAphRWsbW",search_comments_2026-05-18.csv,search_comment,CC有点儿让人失望啊,True,False
5299906256570854,1779108382,2026-05-18 12:46:22+08:00,5299883608902339,看这集锦开头还以为杜伦给阿伦打爆了呢,0,0,1779079864069,天津,5299906256570854,5092641357,一头卷毛的ZB,m,https://m.weibo.cn/u/5092641357?launchid=10000360-page_H5,"https://tvax4.sinaimg.cn/crop.0.0.1080.1080.180/005yEcEJly8h1wy89neabj30u00u00wg.jpg?KID=imgbed,tva&Expires=1779090663&ssig=gTetIo2DFg",search_comments_2026-05-18.csv,search_comment,看这集锦开头还以为杜伦给阿伦打爆了呢,True,False
5299888489239530,1779104146,2026-05-18 11:35:46+08:00,5299883608902339,活塞好好补强，下赛季再来,0,0,1779079864072,广东,5299888489239530,6445019254,2026suixinsuoyu,m,https://m.weibo.cn/u/6445019254?launchid=10000360-page_H5,"https://tvax3.sinaimg.cn/crop.0.0.664.664.180/0072aDVsly8g8m1mt1hnsj30ig0igjt2.jpg?KID=imgbed,tva&Expires=1779090663&ssig=W7E7hW0R6A",search_comments_2026-05-18.csv,search_comment,活塞好好补强下赛季再来,True,False
5299877707776802,1779101575,2026-05-18 10:52:55+08:00,5299877487575251,我先来 活塞就缺一个机器人,3,19,1779079870526,江苏,5299877707776802,3580025045,无法触及的小时光,m,https://m.weibo.cn/u/3580025045?launchid=10000360-page_H5,"https://tvax2.sinaimg.cn/crop.0.0.1080.1080.180/d562d8d5ly8hp9v50o8sdj20u00u0gnj.jpg?KID=imgbed,tva&Expires=1779090670&ssig=KRR09wbxZg",search_comments_2026-05-18.csv,search_comment,我先来 活塞就缺一个机器人,True,False
5299877984600243,1779101640,2026-05-18 10:54:00+08:00,5299877487575251,哈大哥回归正常水平而已,2,18,1779079870529,黑龙江,5299877984600243,6578019212,这赛季我是威少球迷,m,https://m.weibo.cn/u/6578019212?launchid=10000360-page_H5,"https://tvax1.sinaimg.cn/crop.0.0.1080.1080.180/007baHi4ly8hu5i6wzdf6j30u00u0dhu.jpg?KID=imgbed,tva&Expires=1779090670&ssig=Q%2FDJFZTrlW",search_comments_2026-05-18.csv,search_comment,哈大哥回归正常水平而已,True,False
5299878352652026,1779101729,2026-05-18 10:55:29+08:00,5299877487575251,活塞那几个主力这抢七真够呛，手感冰凉得跟冰箱似的。骑士这边萨姆·梅里尔替补杀出，这效率杠杠的，三分箭如雨下，直接把活塞射懵了。骑士这波时隔8年再进东决，真是不容易啊。,0,0,1779079870534,AI罗伯特聪明版,5299878352652026,5762999670,评论罗伯特,f,https://m.weibo.cn/u/5762999670?launchid=10000360-page_H5,"https://tvax1.sinaimg.cn/crop.0.0.1080.1080.180/006i0XtAly8ibtn5bfjpij30u00u040l.jpg?KID=imgbed,tva&Expires=1779090670&ssig=OCJAXxToJy",search_comments_2026-05-18.csv,search_comment,活塞那几个主力这抢七真够呛手感冰凉得跟冰箱似的骑士这边萨姆梅里尔替补杀出这效率杠杠的三分箭如雨下直接把活塞射懵了骑士这波时隔8年再进东决真是不容易啊,True,False
5299886503496474,1779103672,2026-05-18 11:27:52+08:00,5299878161025013,詹姆斯哈登:想不到吧，我老詹只拿9分，骑士就能进东决,0,4,1779079876956,广东,5299886503496474,7609751670,猫猫皇皇,m,https://m.weibo.cn/u/7609751670?launchid=10000360-page_H5,"https://tvax1.sinaimg.cn/crop.0.0.1080.1080.180/008iZK2aly8htiqbjdqdvj30u00u0whx.jpg?KID=imgbed,tva&Expires=1779090676&ssig=3QfUZsaaLr",search_comments_2026-05-18.csv,search_comment,詹姆斯哈登想不到吧我老詹只拿9分骑士就能进东决,True,False
5299886142523890,1779103586,2026-05-18 11:26:26+08:00,5299878161025013,老詹又来了,0,1,1779079876973,浙江,5299886142523890,7265800260,烟雨如七月,m,https://m.weibo.cn/u/7265800260?launchid=10000360-page_H5,"https://tvax1.sinaimg.cn/crop.0.0.512.512.180/007VIyyMly8hjbifd3ew2j30e80e8jth.jpg?KID=imgbed,tva&Expires=1779090676&ssig=H8kbB4PjIv",search_comments_2026-05-18.csv,search_comment,老詹又来了,True,False
5299880652440166,1779102277,2026-05-18 11:04:37+08:00,5299879782128395,@千问 哈登在这场抢七大战比赛隐身了吗？,11,1,1779079883626,河南,5299880652440166,3152107523,明月翻翻云2,m,https://m.weibo.cn/u/3152107523?launchid=10000360-page_H5,"https://tva3.sinaimg.cn/crop.0.0.996.996.180/bbe15803jw8f7c701oznqj20ro0rpwfu.jpg?KID=imgbed,tva&Expires=1779090683&ssig=PfDnj4JaZ7",search_comments_2026-05-18.csv,search_comment, 哈登在这场抢七大战比赛隐身了吗,True,False
5299899572683342,1779106788,2026-05-18 12:19:48+08:00,5299889668100640,我认为马刺4:1淘汰雷霆，或是4:2。骑士很有可能会成为今年的冠军。,0,2,1779079906937,河北,5299899572683342,3786171985,李红鑫Lee,m,https://m.weibo.cn/u/3786171985?launchid=10000360-page_H5,"https://tvax3.sinaimg.cn/crop.0.0.1080.1080.180/e1ac6651ly8hj6frrd1rcj20u00u0jub.jpg?KID=imgbed,tva&Expires=1779090706&ssig=Sx%2Bgs%2BjeRb",search_comments_2026-05-18.csv,search_comment,我认为马刺41淘汰雷霆或是42骑士很有可能会成为今年的冠军,True,False
5299902156641318,1779107404,2026-05-18 12:30:04+08:00,5299888917055719,小破骑加油✊,0,0,1779079913344,广东,5299902156641318,1720188452,王江波波,m,https://m.weibo.cn/u/1720188452?launchid=10000360-page_H5,"https://tva1.sinaimg.cn/crop.0.0.180.180.180/6687fe24jw1e8qgp5bmzyj2050050aa8.jpg?KID=imgbed,tva&Expires=1779090713&ssig=Y0ydkLSBCU",search_comments_2026-05-18.csv,search_comment,小破骑加油,True,False
5299894568354189,1779105594,2026-05-18 11:59:54+08:00,5299888917055719,#倾骑所有# #LetEmKnow# #NBA季后赛# #骑士vs活塞# #活塞骑士抢七# #骑士晋级东部决赛# #骑士4比3淘汰活塞# #骑士双塔大爆发# #骑士时隔8年再进东决#,0,0,1779079913349,浙江,5299894568354189,1462703011,从今以后再也不用去买水果和蔬菜,m,https://m.weibo.cn/u/1462703011?launchid=10000360-page_H5,"https://tvax4.sinaimg.cn/crop.0.0.858.858.180/572f13a3ly8hs8rgwwpsjj20nu0nuwfc.jpg?KID=imgbed,tva&Expires=1779090713&ssig=J4wcjoLJP2",search_comments_2026-05-18.csv,search_comment,        ,True,False
5299876250521964,1779101228,2026-05-18 10:47:08+08:00,5299875564751473,😂韩素希这状态，简直是把戛纳红毯走成自家后院了！,0,19,1779079926968,广东,5299876250521964,7930251061,Gy頋心,f,https://m.weibo.cn/u/7930251061?launchid=10000360-page_H5,"https://tvax3.sinaimg.cn/crop.0.0.499.499.180/008EGwzbly8i50agw4halj30dw0dvgls.jpg?KID=imgbed,tva&Expires=1779090726&ssig=AIuFA6DhdJ",search_comments_2026-05-18.csv,search_comment,韩素希这状态简直是把戛纳红毯走成自家后院了,True,False
5299876255761357,1779101229,2026-05-18 10:47:09+08:00,5299875564751473,刘雯颜值太能打了太美了🎐🎐🎐,0,5,1779079926971,江西,5299876255761357,7930390599,再見后是一个人的繁华,f,https://m.weibo.cn/u/7930390599?launchid=10000360-page_H5,"https://tvax4.sinaimg.cn/crop.0.0.800.800.180/008EH6RNly8hrq702emx7j30m80m8my0.jpg?KID=imgbed,tva&Expires=1779090726&ssig=YWgakPlyNm",search_comments_2026-05-18.csv,search_comment,刘雯颜值太能打了太美了,True,False
5299879535969743,1779102011,2026-05-18 11:00:11+08:00,5299879015616641,允儿这状态，绝了！岁月静好，女神依旧 [语音评论5&quot;],1,2,1779079933388,AI吃瓜罗伯特,5299879535969743,5606716867,吃瓜罗伯特,f,https://m.weibo.cn/u/5606716867?launchid=10000360-page_H5,"https://tvax1.sinaimg.cn/crop.0.0.921.921.180/0067rdbdly8ibrqhbg0vxj30pl0pl404.jpg?KID=imgbed,tva&Expires=1779090733&ssig=f02Pk1wB3K",search_comments_2026-05-18.csv,search_comment,允儿这状态绝了岁月静好女神依旧 语音评论5quot,True,False
5299893737357568,1779105396,2026-05-18 11:56:36+08:00,5299879015616641,好美呀允允,0,0,1779079933409,广东,5299893737357568,7939325745,超级无敌好运人,m,https://m.weibo.cn/u/7939325745?launchid=10000360-page_H5,"https://tvax4.sinaimg.cn/crop.0.0.634.634.180/008FiBj3ly8i78a84nocqj30hm0hm3z2.jpg?KID=imgbed,tva&Expires=1779090733&ssig=%2F0uSvIdsHq",search_comments_2026-05-18.csv,search_comment,好美呀允允,True,False
5299896296149389,1779106007,2026-05-18 12:06:47+08:00,5299895777099814,图里的姐姐也太美了吧！这状态，绝了 #刘雯林允儿韩素希G社怼脸生图# 这波是视觉盛宴啊！ [语音评论10&quot;],0,0,1779079939801,AI吃瓜罗伯特,5299896296149389,5606716867,吃瓜罗伯特,f,https://m.weibo.cn/u/5606716867?launchid=10000360-page_H5,"https://tvax1.sinaimg.cn/crop.0.0.921.921.180/0067rdbdly8ibrqhbg0vxj30pl0pl404.jpg?KID=imgbed,tva&Expires=1779090739&ssig=QC9BulR%2FMB",search_comments_2026-05-18.csv,search_comment,图里的姐姐也太美了吧这状态绝了  这波是视觉盛宴啊 语音评论10quot,True,False
5299896368238698,1779106024,2026-05-18 12:07:04+08:00,5299895777099814,鹅姐别太美了，状态顶级美貌顶级,0,5,1779079939811,湖南,5299896368238698,6383066674,haruoneharu,f,https://m.weibo.cn/u/6383066674?launchid=10000360-page_H5,"https://tvax1.sinaimg.cn/crop.0.0.1080.1080.180/006XYHeily8hv9qr8a7amj30u00u0dhl.jpg?KID=imgbed,tva&Expires=1779090739&ssig=2QGSvX5vYm",search_comments_2026-05-18.csv,search_comment,鹅姐别太美了状态顶级美貌顶级,True,False
5299896359587930,1779106022,2026-05-18 12:07:02+08:00,5299895777099814,林允儿真的神颜,0,3,1779079939818,广东,5299896359587930,7813903312,lov10elikeatree,f,https://m.weibo.cn/u/7813903312?launchid=10000360-page_H5,"https://tvax4.sinaimg.cn/crop.0.0.942.942.180/008wOlcAly8icebr273f0j30q60q640b.jpg?KID=imgbed,tva&Expires=1779090739&ssig=nRftFom%2BE7",search_comments_2026-05-18.csv,search_comment,林允儿真的神颜,True,False
5299879044711873,1779101894,2026-05-18 10:58:14+08:00,5299878947456197,@微博智搜 林允儿代表作总结一下吧,1,0,1779079946276,北京,5299879044711873,7052962065,奶芙小甜虾,f,https://m.weibo.cn/u/7052962065?launchid=10000360-page_H5,"https://tvax4.sinaimg.cn/crop.0.0.1080.1080.180/007HjvCFly8id8x1erv7ij30u00u0myo.jpg?KID=imgbed,tva&Expires=1779090746&ssig=BQgOAT2jF%2B",search_comments_2026-05-18.csv,search_comment, 林允儿代表作总结一下吧,True,False
5299879006178091,1779101885,2026-05-18 10:58:05+08:00,5299878947456197,@微博智搜 事件总结一下吧,1,0,1779079946289,北京,5299879006178091,7052962065,奶芙小甜虾,f,https://m.weibo.cn/u/7052962065?launchid=10000360-page_H5,"https://tvax4.sinaimg.cn/crop.0.0.1080.1080.180/007HjvCFly8id8x1erv7ij30u00u0myo.jpg?KID=imgbed,tva&Expires=1779090746&ssig=BQgOAT2jF%2B",search_comments_2026-05-18.csv,search_comment, 事件总结一下吧,True,False
5299903180050581,1779107648,2026-05-18 12:34:08+08:00,5299878947456197,这也太美了吧,0,0,1779079946303,江苏,5299903180050581,3212476591,22沈泽瀛22,f,https://m.weibo.cn/u/3212476591?launchid=10000360-page_H5,"https://tvax2.sinaimg.cn/crop.0.0.1080.1080.180/bf7a80afly8ibr3n43tw1j20u00u0dhs.jpg?KID=imgbed,tva&Expires=1779090746&ssig=Vnrua0tzYr",search_comments_2026-05-18.csv,search_comment,这也太美了吧,True,False
5299885603818833,1779103458,2026-05-18 11:24:18+08:00,5299884217599122,都是大美女呀,0,2,1779079952735,辽宁,5299885603818833,6764170629,小C带你瘦,f,https://m.weibo.cn/u/6764170629?launchid=10000360-page_H5,"https://tvax4.sinaimg.cn/crop.0.0.1080.1080.180/007nLLMhly8i3dssj81ugj30u00u0q8y.jpg?KID=imgbed,tva&Expires=1779090752&ssig=3sYdeHjX05",search_comments_2026-05-18.csv,search_comment,都是大美女呀,True,False
5299886324974752,1779103630,2026-05-18 11:27:10+08:00,5299884217599122,美的各有千秋,0,0,1779079952743,湖南,5299886324974752,1821702932,琴爱娃,f,https://m.weibo.cn/u/1821702932?launchid=10000360-page_H5,"https://tvax1.sinaimg.cn/crop.0.0.1080.1080.180/6c94fb14ly8i1dycwtu8gj20u00u0juc.jpg?KID=imgbed,tva&Expires=1779090752&ssig=srA3PggEhW",search_comments_2026-05-18.csv,search_comment,美的各有千秋,True,False
5299884862996683,1779103280,2026-05-18 11:21:20+08:00,5299884217599122,挺不错，各有各的光彩。,1,0,1779079952750,AI生成内容,5299884862996683,7895921333,摩羯红茶利威尔,m,https://m.weibo.cn/u/7895921333?launchid=10000360-page_H5,"https://tvax3.sinaimg.cn/crop.0.0.512.512.180/008CmtPTly8hmvqgp9swuj30e80e8mxm.jpg?KID=imgbed,tva&Expires=1779090752&ssig=8tsla8m5La",search_comments_2026-05-18.csv,search_comment,挺不错各有各的光彩,True,False
5299902604903579,1779107511,2026-05-18 12:31:51+08:00,5299902070392255,怼脸生图都这么能打，林允儿真是颜值扛把子啊！,0,0,1779079993236,AI吃瓜罗伯特,5299902604903579,5606716867,吃瓜罗伯特,f,https://m.weibo.cn/u/5606716867?launchid=10000360-page_H5,"https://tvax1.sinaimg.cn/crop.0.0.921.921.180/0067rdbdly8ibrqhbg0vxj30pl0pl404.jpg?KID=imgbed,tva&Expires=1779090793&ssig=5RZylDsYQ0",search_comments_2026-05-18.csv,search_comment,怼脸生图都这么能打林允儿真是颜值扛把子啊,True,False
5299893489109247,1779105338,2026-05-18 11:55:38+08:00,5299847063143412,都曝光多少了，为什么还是有家长把孩子送去这种地方,5,204,1779080027166,辽宁,5299893489109247,3862996454,h姑娘微笑有酒窝,f,https://m.weibo.cn/u/3862996454?launchid=10000360-page_H5,"https://tva2.sinaimg.cn/crop.0.0.664.664.180/e640a5e6jw8f448m96xiij20ig0iggm0.jpg?KID=imgbed,tva&Expires=1779090826&ssig=n77etq%2Bw%2F8",search_comments_2026-05-18.csv,search_comment,都曝光多少了为什么还是有家长把孩子送去这种地方,True,False
5299892413007319,1779105081,2026-05-18 11:51:21+08:00,5299847063143412,为什么要出钱请人打？,3,65,1779080027189,云南,5299892413007319,1911895177,O0o生如夏花o0O,f,https://m.weibo.cn/u/1911895177?launchid=10000360-page_H5,"https://tva1.sinaimg.cn/crop.0.0.599.599.180/71f53489gw1ecozy8c9w6j20go0gomy9.jpg?KID=imgbed,tva&Expires=1779090826&ssig=tl1j%2FkTc%2Fa",search_comments_2026-05-18.csv,search_comment,为什么要出钱请人打,True,False
5299862977644720,1779098063,2026-05-18 09:54:23+08:00,5299855027077819,因为有些叛逆期的娃娃，家长也没法了。我听说有的孩子家长花几十万送孩子进一些机构，就为了断一些，还有戒手机瘾。太多了，为了手机为了游戏，可以不上学不出门不找工作，这种只是摆烂的，还有很多有比这严重的各种问题，唉,1,2,1779080033658,四川,5299862977644720,7325060047,看煎瑟瑟尘jj,f,https://m.weibo.cn/u/7325060047?launchid=10000360-page_H5,"https://tvax2.sinaimg.cn/crop.0.0.664.664.180/007ZJcJNly8gc24f035grj30ig0ihdig.jpg?KID=imgbed,tva&Expires=1779090833&ssig=zlRNwBsjfW",search_comments_2026-05-18.csv,search_comment,因为有些叛逆期的娃娃家长也没法了我听说有的孩子家长花几十万送孩子进一些机构就为了断一些还有戒手机瘾太多了为了手机为了游戏可以不上学不出门不找工作这种只是摆烂的还有很多有比这严重的各种问题唉,True,False
5299873247399049,1779100512,2026-05-18 10:35:12+08:00,5299855027077819,这种基本上是放弃孩子了，找个帮手把孩子嘎巴了,0,1,1779080033668,上海,5299873247399049,6323316708,撕番土豆,m,https://m.weibo.cn/u/6323316708?launchid=10000360-page_H5,"https://tvax1.sinaimg.cn/crop.0.0.720.720.180/006TVZxaly8h0gep0e2poj30k00k0dhg.jpg?KID=imgbed,tva&Expires=1779090833&ssig=ovVL8O8IPB",search_comments_2026-05-18.csv,search_comment,这种基本上是放弃孩子了找个帮手把孩子嘎巴了,True,False
5299864845943346,1779098508,2026-05-18 10:01:48+08:00,5299855027077819,有时候家长可能也是恨铁不成钢，无能为力了吧。,1,0,1779080033675,四川,5299864845943346,7604613484,不染屑,m,https://m.weibo.cn/u/7604613484?launchid=10000360-page_H5,"https://tvax2.sinaimg.cn/crop.0.0.749.749.180/008iEbmcly8h4dvo762rlj30kt0ktgmu.jpg?KID=imgbed,tva&Expires=1779090833&ssig=dYiqmIX7FD",search_comments_2026-05-18.csv,search_comment,有时候家长可能也是恨铁不成钢无能为力了吧,True,False
5299905021084505,1779108087,2026-05-18 12:41:27+08:00,5299898800932458,家长也有点认知问题。那种地方是低素质人员聚集地，还往里送,1,1,1779080040176,天津,5299905021084505,7964505397,春来春去82,m,https://m.weibo.cn/u/7964505397?launchid=10000360-page_H5,"https://tvax3.sinaimg.cn/crop.0.0.1080.1080.180/008H0fGtly8hw2acg86ubj30u00u0q9e.jpg?KID=imgbed,tva&Expires=1779090840&ssig=HWurZM7CWL",search_comments_2026-05-18.csv,search_comment,家长也有点认知问题那种地方是低素质人员聚集地还往里送,True,False
5299900220965335,1779106942,2026-05-18 12:22:22+08:00,5299898800932458,自己不舍得打，花钱请别人打。,0,5,1779080040195,江西,5299900220965335,7982307566,我心在飞翔XXR,f,https://m.weibo.cn/u/7982307566?launchid=10000360-page_H5,"https://tvax1.sinaimg.cn/crop.0.0.1024.1024.180/008IcWQely8hyk4tgj02kj30sg0sgac9.jpg?KID=imgbed,tva&Expires=1779090840&ssig=8Vwm6vDVGo",search_comments_2026-05-18.csv,search_comment,自己不舍得打花钱请别人打,True,False
5299906176616829,1779108363,2026-05-18 12:46:03+08:00,5299903802905632,这种机构以前好像也有,0,0,1779080046641,上海,5299906176616829,1740281571,妮子的夏天,f,https://m.weibo.cn/u/1740281571?launchid=10000360-page_H5,"https://tvax2.sinaimg.cn/crop.0.0.1080.1080.180/67ba96e3ly8hlt80m8s1aj20u00u0dl3.jpg?KID=imgbed,tva&Expires=1779090846&ssig=I%2FodqrbLgR",search_comments_2026-05-18.csv,search_comment,这种机构以前好像也有,True,False
5299906127332984,1779108351,2026-05-18 12:45:51+08:00,5299903802905632,说白就是家长不想管或者管不了，花钱买安心，说到底是家长的不负责任害了孩子。,0,0,1779080046648,浙江,5299906127332984,3095618515,财姥姥姥,f,https://m.weibo.cn/u/3095618515?launchid=10000360-page_H5,"https://tva3.sinaimg.cn/crop.36.36.108.108.180/b88363d3gw1etu4qgjx4cj2050050q32.jpg?KID=imgbed,tva&Expires=1779090846&ssig=NgTgUKpzIq",search_comments_2026-05-18.csv,search_comment,说白就是家长不想管或者管不了花钱买安心说到底是家长的不负责任害了孩子,True,False
5299862992325067,1779098067,2026-05-18 09:54:27+08:00,5299850298264276,天天给他吃排骨,0,69,1779080155127,贵州,5299862992325067,5386956268,王宗如1515王宗如,m,https://m.weibo.cn/u/5386956268?launchid=10000360-page_H5,"https://tvax3.sinaimg.cn/crop.0.0.1080.1080.180/005Sz7pqly8hi903w25ebj30u00u077n.jpg?KID=imgbed,tva&Expires=1779090954&ssig=%2BiRaGETDTD",search_comments_2026-05-18.csv,search_comment,天天给他吃排骨,True,False
5299890580095485,1779104643,2026-05-18 11:44:03+08:00,5299875808020842,浅表地震危害大,1,0,1779080161756,天津,5299890580095485,7884696473,东方_200311,m,https://m.weibo.cn/u/7884696473?launchid=10000360-page_H5,"https://tvax3.sinaimg.cn/crop.0.0.132.132.180/008BBnJLly4hjxemzamrgj303o03o744.jpg?KID=imgbed,tva&Expires=1779090961&ssig=NBNlz4akIa",search_comments_2026-05-18.csv,search_comment,浅表地震危害大,True,False
5299883675487869,1779102998,2026-05-18 11:16:38+08:00,5299875808020842,Stay safe.,0,0,1779080161764,泰国,5299883675487869,7924193357,chaba2612,f,https://m.weibo.cn/u/7924193357?launchid=10000360-page_H5,"https://tvax2.sinaimg.cn/crop.0.0.828.828.180/008Eh6Ghly8i5vqa5oi74j30n00n0aaz.jpg?KID=imgbed,tva&Expires=1779090961&ssig=lfLFiXpf4i",search_comments_2026-05-18.csv,search_comment,Stay safe,True,False
5299873428538113,1779100555,2026-05-18 10:35:55+08:00,5299867924826258,动物的机警性体现出来了,0,1,1779080168250,广西,5299873428538113,2271733044,今晚不睡觉明天不早起,m,https://m.weibo.cn/u/2271733044?launchid=10000360-page_H5,"https://tvax1.sinaimg.cn/crop.0.0.1080.1080.180/8767e534ly8iccc3gbsy0j20u00u0wg3.jpg?KID=imgbed,tva&Expires=1779090968&ssig=EVSlHszNpp",search_comments_2026-05-18.csv,search_comment,动物的机警性体现出来了,True,False
5299875363160713,1779101016,2026-05-18 10:43:36+08:00,5299867924826258,毛孩子真的是守护神,0,1,1779080168259,广东,5299875363160713,6021818417,离小懒cc,f,https://m.weibo.cn/u/6021818417?launchid=10000360-page_H5,"https://tvax2.sinaimg.cn/crop.0.0.1080.1080.180/006zwW3vly8i4x3n5yciuj30u00u0n3w.jpg?KID=imgbed,tva&Expires=1779090968&ssig=9Y8PL%2BrdAr",search_comments_2026-05-18.csv,search_comment,毛孩子真的是守护神,True,False
5299872807781609,1779100407,2026-05-18 10:33:27+08:00,5299867924826258,反应好快的狗狗，保护了主人一家,0,2,1779080168271,广东,5299872807781609,5534255215,hi荷包鼓鼓,f,https://m.weibo.cn/u/5534255215?launchid=10000360-page_H5,"https://tvax2.sinaimg.cn/crop.0.0.1080.1080.180/0062xaATly8i7cqz1xc86j30u00u076m.jpg?KID=imgbed,tva&Expires=1779090968&ssig=UCEKp7RNLp",search_comments_2026-05-18.csv,search_comment,反应好快的狗狗保护了主人一家,True,False
5299872299486133,1779100286,2026-05-18 10:31:26+08:00,5299871987007600,记得预警设置地震级别,0,0,1779080174739,甘肃,5299872299486133,9194698341,mirrorisworth,f,https://m.weibo.cn/u/9194698341?launchid=10000360-page_H5,"https://tvax3.sinaimg.cn/crop.0.0.1080.1080.180/00a2g149ly8ia13xkxk9kj30u00u0whp.jpg?KID=imgbed,tva&Expires=1779090974&ssig=yqUr7lX3%2BE",search_comments_2026-05-18.csv,search_comment,记得预警设置地震级别,True,False
5299893989806951,1779105457,2026-05-18 11:57:37+08:00,5299867196591025,注意一下了,1,0,1779080181259,陕西,5299893989806951,7857513339,钴噜球,f,https://m.weibo.cn/u/7857513339?launchid=10000360-page_H5,"https://tvax3.sinaimg.cn/crop.0.0.1024.1024.180/008zLka7ly8hz6e4vqedtj30sg0sgq6p.jpg?KID=imgbed,tva&Expires=1779090981&ssig=azcOPnYW3g",search_comments_2026-05-18.csv,search_comment,注意一下了,True,False
5299880701462413,1779102289,2026-05-18 11:04:49+08:00,5299867196591025,注意安全愿平安,1,1,1779080181269,中国台湾,5299880701462413,5592240468,情情就去看海,f,https://m.weibo.cn/u/5592240468?launchid=10000360-page_H5,"https://tvax1.sinaimg.cn/crop.0.0.1080.1080.180/0066stcUly8hz891nivszj30u00u0790.jpg?KID=imgbed,tva&Expires=1779090981&ssig=MFMeWEf9ol",search_comments_2026-05-18.csv,search_comment,注意安全愿平安,True,False
5299889942562265,1779104492,2026-05-18 11:41:32+08:00,5299867196591025,一定要注意安全啊,1,0,1779080181277,北京,5299889942562265,5100547430,热剧抢先看,f,https://m.weibo.cn/u/5100547430?launchid=10000360-page_H5,"https://tvax3.sinaimg.cn/crop.0.0.995.995.180/005zbno2ly8h8v8uhh24tj30rn0rnmza.jpg?KID=imgbed,tva&Expires=1779090981&ssig=lSQW9oU9%2Fv",search_comments_2026-05-18.csv,search_comment,一定要注意安全啊,True,False
5299896573756109,1779106073,2026-05-18 12:07:53+08:00,5299896460510986,好聪明的狗狗,0,24,1779080187814,江苏,5299896573756109,6489875133,悠悠D梦,f,https://m.weibo.cn/u/6489875133?launchid=10000360-page_H5,"https://tvax3.sinaimg.cn/crop.0.0.1080.1080.180/0075cQZnly8ictmthzop0j30u00u0jty.jpg?KID=imgbed,tva&Expires=1779090987&ssig=U1B8eFICA8",search_comments_2026-05-18.csv,search_comment,好聪明的狗狗,True,False
5299897370413036,1779106263,2026-05-18 12:11:03+08:00,5299896460510986,动物的感知确实比人要强很多倍,0,0,1779080187845,河北,5299897370413036,7199799597,明细要捉住个四夕做_妻,m,https://m.weibo.cn/u/7199799597?launchid=10000360-page_H5,"https://tvax1.sinaimg.cn/crop.0.0.1075.1075.180/007RfCLXly8id785k71k0j30tv0tvmxy.jpg?KID=imgbed,tva&Expires=1779090987&ssig=AOWPl5irrp",search_comments_2026-05-18.csv,search_comment,动物的感知确实比人要强很多倍,True,False
5299908145840899,1779108832,2026-05-18 12:53:52+08:00,5299878689508549,要注意安全哦,0,0,1779080194336,广东,5299908145840899,6159651144,栗之岩,m,https://m.weibo.cn/u/6159651144?launchid=10000360-page_H5,"https://tvax1.sinaimg.cn/crop.0.0.512.512.180/006IRgE0ly8hwvscg5vd9j30e80e83z8.jpg?KID=imgbed,tva&Expires=1779090994&ssig=CjfS20DS0S",search_comments_2026-05-18.csv,search_comment,要注意安全哦,True,False
5299906384496151,1779108412,2026-05-18 12:46:52+08:00,5299878689508549,愿大家平平安安的,0,0,1779080194344,河北,5299906384496151,7557788283,雨嫣-MTY,f,https://m.weibo.cn/u/7557788283?launchid=10000360-page_H5,"https://tvax2.sinaimg.cn/crop.0.0.1080.1080.180/008ftHZ1ly1i7pwm38p05j30u00u0ac6.jpg?KID=imgbed,tva&Expires=1779090994&ssig=1YKmXfIcop",search_comments_2026-05-18.csv,search_comment,愿大家平平安安的,True,False
5299902830872462,1779107565,2026-05-18 12:32:45+08:00,5299878689508549,勇敢的小狗救了一家人,0,0,1779080194350,中国台湾,5299902830872462,6027974051,爱发呆的小妮,f,https://m.weibo.cn/u/6027974051?launchid=10000360-page_H5,"https://tvax1.sinaimg.cn/crop.0.0.945.945.180/006zWLpVly8hhwkdqpbgcj30q90q9n02.jpg?KID=imgbed,tva&Expires=1779090994&ssig=QMHt1G9QpP",search_comments_2026-05-18.csv,search_comment,勇敢的小狗救了一家人,True,False
5299873962266546,1779100682,2026-05-18 10:38:02+08:00,5299872555078622,一定要注意这些动静,0,0,1779080200857,北京,5299873962266546,7827656076,米粒56锦鲤,f,https://m.weibo.cn/u/7827656076?launchid=10000360-page_H5,"https://tvax3.sinaimg.cn/crop.0.0.935.935.180/008xK2Vmly8hi4ajep3evj30pz0pz75h.jpg?KID=imgbed,tva&Expires=1779091000&ssig=1hWV%2BJiInD",search_comments_2026-05-18.csv,search_comment,一定要注意这些动静,True,False
5299879677006141,1779102045,2026-05-18 11:00:45+08:00,5299872555078622,很多动物对地震都有反应,0,0,1779080200867,浙江,5299879677006141,2164376267,星闻快递,m,https://m.weibo.cn/u/2164376267?launchid=10000360-page_H5,"https://tvax4.sinaimg.cn/crop.130.216.383.383.180/8101c2cbly8frfsezghwej20j60j675w.jpg?KID=imgbed,tva&Expires=1779091000&ssig=1BzSZw4dZ1",search_comments_2026-05-18.csv,search_comment,很多动物对地震都有反应,True,False
5299874081806341,1779100711,2026-05-18 10:38:31+08:00,5299872555078622,哎希望大家都平安,0,0,1779080200877,四川,5299874081806341,5851798141,兔媛咭,f,https://m.weibo.cn/u/5851798141?launchid=10000360-page_H5,"https://tvax3.sinaimg.cn/crop.0.0.1024.1024.180/006o1y0Zly8ichxevx0oyj30sg0sggnz.jpg?KID=imgbed,tva&Expires=1779091000&ssig=U4l2ugvBTX",search_comments_2026-05-18.csv,search_comment,哎希望大家都平安,True,False
5299865009793786,1779098548,2026-05-18 10:02:28+08:00,5299864403709007,我者出息了,10,254,1779080225356,上海,5299865009793786,2717130571,我是你Ring哥,m,https://m.weibo.cn/u/2717130571?launchid=10000360-page_H5,"https://tvax4.sinaimg.cn/crop.0.0.1002.1002.180/a1f41f4bly8gpdtgopfclj20ru0rudh1.jpg?KID=imgbed,tva&Expires=1779091025&ssig=71XASQqvqn",search_comments_2026-05-18.csv,search_comment,我者出息了,True,False
5299880964654749,1779102352,2026-05-18 11:05:52+08:00,5299864403709007,我者完全升咖 海报都首页,1,141,1779080225364,山东,5299880964654749,5879062414,zhao_a赵,f,https://m.weibo.cn/u/5879062414?launchid=10000360-page_H5,"https://tvax2.sinaimg.cn/crop.0.0.1080.1080.180/006pRWHkly8hjlax6v16kj30u00u042p.jpg?KID=imgbed,tva&Expires=1779091025&ssig=wPR%2FrOOpJp",search_comments_2026-05-18.csv,search_comment,我者完全升咖 海报都首页,True,False
5299887893908332,1779104004,2026-05-18 11:33:24+08:00,5299864403709007,期待者来女,0,44,1779080225372,江苏,5299887893908332,7503748900,敬桑爱吃鱼,m,https://m.weibo.cn/u/7503748900?launchid=10000360-page_H5,"https://tvax1.sinaimg.cn/crop.0.0.1080.1080.180/008bOXS4ly8i4oat3lh2sj30u00u0wgk.jpg?KID=imgbed,tva&Expires=1779091025&ssig=JR4CzadRWa",search_comments_2026-05-18.csv,search_comment,期待者来女,True,False
5299868626848706,1779099410,2026-05-18 10:16:50+08:00,5299867808957057,#歌手2026音乐合伙人集结#  欢迎歌手@魏如萱waa 的音乐合伙人@泽林啊哈哈哈哈哈 加入#歌手2026#！ 他的个人宣言是： “我和我的歌手 不把任何人放在眼里（放在心上）” 5月22日起每周五晚19:30，锁定@湖南卫视 @芒果TV 看#歌手直播#,2,30,1779080231987,,5299868626848706,3166262701,湖南卫视歌手,f,https://m.weibo.cn/u/3166262701?launchid=10000360-page_H5,"https://tvax2.sinaimg.cn/crop.0.0.1080.1080.180/003shjzfly8id53gpwux5j60u00u0djt02.jpg?KID=imgbed,tva&Expires=1779091031&ssig=2JKlpm94Ym",search_comments_2026-05-18.csv,search_comment,  欢迎歌手 的音乐合伙人 加入 他的个人宣言是 我和我的歌手 不把任何人放在眼里放在心上 5月22日起每周五晚1930锁定  看,True,False
5299869503983353,1779099619,2026-05-18 10:20:19+08:00,5299867808957057,泽林一定要待到总决赛啊照顾好我们娃娃，不要让她的话掉在地上好吗好的。必要时候接住她的情绪，谢谢你了。,2,92,1779080231995,江苏,5299869503983353,5894954590,海海對快樂說嗨嗨,f,https://m.weibo.cn/u/5894954590?launchid=10000360-page_H5,"https://tvax3.sinaimg.cn/crop.0.0.1080.1080.180/006qWCYKly8id53n9i2g9j30u00u0t9z.jpg?KID=imgbed,tva&Expires=1779091031&ssig=1L51zLuPjh",search_comments_2026-05-18.csv,search_comment,泽林一定要待到总决赛啊照顾好我们娃娃不要让她的话掉在地上好吗好的必要时候接住她的情绪谢谢你了,True,False
5299875770010487,1779101113,2026-05-18 10:45:13+08:00,5299867808957057,魏如萱每次唱完都要搀扶崩溃大哭的吴泽林回休息室,1,36,1779080232003,北京,5299875770010487,1947341123,Selfishgone,f,https://m.weibo.cn/u/1947341123?launchid=10000360-page_H5,"https://tvax4.sinaimg.cn/crop.0.0.1080.1080.180/74121143ly8i4a9lacqhvj20u00u0wig.jpg?KID=imgbed,tva&Expires=1779091031&ssig=kGaMtVUMId",search_comments_2026-05-18.csv,search_comment,魏如萱每次唱完都要搀扶崩溃大哭的吴泽林回休息室,True,False
5299900403157236,1779106986,2026-05-18 12:23:06+08:00,5299900238791395,真的好期待啊,0,1,1779080255350,辽宁,5299900403157236,7008191518,璇岛聆叶,f,https://m.weibo.cn/u/7008191518?launchid=10000360-page_H5,"https://tvax1.sinaimg.cn/crop.0.0.1080.1080.180/007EhEL4ly8hzodah6o2vj30u00u0afq.jpg?KID=imgbed,tva&Expires=1779091055&ssig=swAkDYqZkI",search_comments_2026-05-18.csv,search_comment,真的好期待啊,True,False
5299900489403557,1779107007,2026-05-18 12:23:27+08:00,5299900238791395,真的很期待呀,0,1,1779080255356,浙江,5299900489403557,6341771203,杪秋时光,m,https://m.weibo.cn/u/6341771203?launchid=10000360-page_H5,"https://tvax4.sinaimg.cn/crop.0.0.959.959.180/006Vbqojly8i5uh9333zkj30qn0qn76p.jpg?KID=imgbed,tva&Expires=1779091055&ssig=3CCtbtEAlV",search_comments_2026-05-18.csv,search_comment,真的很期待呀,True,False
5299892159251087,1779105021,2026-05-18 11:50:21+08:00,5299889229269799,者来女敢争取 好资源稳稳到手,0,0,1779080261809,山东,5299892159251087,7806811337,阳光下温暖滴问候,m,https://m.weibo.cn/u/7806811337?launchid=10000360-page_H5,"https://tvax4.sinaimg.cn/crop.0.0.1080.1080.180/008wkAfTly8icaqbuko5aj30u00u041g.jpg?KID=imgbed,tva&Expires=1779091061&ssig=W3psFgsbPi",search_comments_2026-05-18.csv,search_comment,者来女敢争取 好资源稳稳到手,True,False
5299891955305267,1779104972,2026-05-18 11:49:32+08:00,5299889229269799,淘汰后主动争取机会果然迎来好结果,0,0,1779080261819,湖北,5299891955305267,7906668528,小猫料理世界,f,https://m.weibo.cn/u/7906668528?launchid=10000360-page_H5,"https://tvax2.sinaimg.cn/crop.0.0.1080.1080.180/008D5zFKly8id8guc5f51j30u00u0n0q.jpg?KID=imgbed,tva&Expires=1779091061&ssig=ZeXfwflMJG",search_comments_2026-05-18.csv,search_comment,淘汰后主动争取机会果然迎来好结果,True,False
5299891921488013,1779104964,2026-05-18 11:49:24+08:00,5299889229269799,无缝衔接芒果两大综艺实力终被看见,0,0,1779080261825,湖北,5299891921488013,7935087446,Pearlsnowmi,f,https://m.weibo.cn/u/7935087446?launchid=10000360-page_H5,"https://tvax1.sinaimg.cn/crop.0.0.1080.1080.180/008F0OJoly8icqzxzn4cyj30u00u0tc2.jpg?KID=imgbed,tva&Expires=1779091061&ssig=YYdL28qUg4",search_comments_2026-05-18.csv,search_comment,无缝衔接芒果两大综艺实力终被看见,True,False
5299891639418926,1779104896,2026-05-18 11:48:16+08:00,5299891494454287,我又来了，支持支持,0,0,1779080268265,广东,5299891639418926,7747419635,橙兴动漫,m,https://m.weibo.cn/u/7747419635?launchid=10000360-page_H5,"https://tvax1.sinaimg.cn/crop.0.0.1079.1079.180/008sjnLdly8icwcjufzl8j30tz0tzq73.jpg?KID=imgbed,tva&Expires=1779091068&ssig=FDlenwbnxQ",search_comments_2026-05-18.csv,search_comment,我又来了支持支持,True,False
5299891610064672,1779104890,2026-05-18 11:48:10+08:00,5299891494454287,继续更，喜欢看,0,0,1779080268272,广东,5299891610064672,7747419635,橙兴动漫,m,https://m.weibo.cn/u/7747419635?launchid=10000360-page_H5,"https://tvax1.sinaimg.cn/crop.0.0.1079.1079.180/008sjnLdly8icwcjufzl8j30tz0tzq73.jpg?KID=imgbed,tva&Expires=1779091068&ssig=FDlenwbnxQ",search_comments_2026-05-18.csv,search_comment,继续更喜欢看,True,False
5299870556491332,1779099870,2026-05-18 10:24:30+08:00,5299864498865124,别做饭给尤长靖吃 谨言慎行,13,752,1779080274816,江苏,5299870556491332,6275247716,ShuiYi_Island,f,https://m.weibo.cn/u/6275247716?launchid=10000360-page_H5,"https://tvax2.sinaimg.cn/crop.0.0.1080.1080.180/006QGiAQly8heue6nfnitj30u00u00um.jpg?KID=imgbed,tva&Expires=1779091074&ssig=selUuhMptk",search_comments_2026-05-18.csv,search_comment,别做饭给尤长靖吃 谨言慎行,True,False
5299869533339704,1779099625,2026-05-18 10:20:25+08:00,5299864498865124,@李莎旻子Leo 你去看看人家的文案和工作内容取取经,6,224,1779080274820,北京,5299869533339704,6160619329,尤茶柚果,f,https://m.weibo.cn/u/6160619329?launchid=10000360-page_H5,"https://tvax3.sinaimg.cn/crop.0.0.1080.1080.180/006IVkvTly8hkgy8f04g6j30u00u0myv.jpg?KID=imgbed,tva&Expires=1779091074&ssig=egiFcayTUG",search_comments_2026-05-18.csv,search_comment, 你去看看人家的文案和工作内容取取经,True,False
5299872389398560,1779100306,2026-05-18 10:31:46+08:00,5299864498865124,你就别带吃的了 他嗓子要紧 照顾好他,0,186,1779080274825,马来西亚,5299872389398560,6525858578,尤的柚子,f,https://m.weibo.cn/u/6525858578?launchid=10000360-page_H5,"https://tvax3.sinaimg.cn/crop.0.0.1080.1080.180/0077DPVwly8gpatrwaq6xj30u00u0dhu.jpg?KID=imgbed,tva&Expires=1779091074&ssig=Vv1Xfk1wDC",search_comments_2026-05-18.csv,search_comment,你就别带吃的了 他嗓子要紧 照顾好他,True,False
5299907394274373,1779108653,2026-05-18 12:50:53+08:00,5299906836956636,这阵容，周五晚上锁定芒果台！,0,0,1779080281265,AI吃瓜罗伯特,5299907394274373,5606716867,吃瓜罗伯特,f,https://m.weibo.cn/u/5606716867?launchid=10000360-page_H5,"https://tvax1.sinaimg.cn/crop.0.0.921.921.180/0067rdbdly8ibrqhbg0vxj30pl0pl404.jpg?KID=imgbed,tva&Expires=1779091081&ssig=63QbUwj8B7",search_comments_2026-05-18.csv,search_comment,这阵容周五晚上锁定芒果台,True,False
5299861122452851,1779097621,2026-05-18 09:47:01+08:00,5299860439564990,秦昊这波操作，真是既暖又幽默，给满分！ [语音评论5&quot;],3,2,1779080298662,AI吃瓜罗伯特,5299861122452851,5606716867,吃瓜罗伯特,f,https://m.weibo.cn/u/5606716867?launchid=10000360-page_H5,"https://tvax1.sinaimg.cn/crop.0.0.921.921.180/0067rdbdly8ibrqhbg0vxj30pl0pl404.jpg?KID=imgbed,tva&Expires=1779091098&ssig=OLBjNPYUSV",search_comments_2026-05-18.csv,search_comment,秦昊这波操作真是既暖又幽默给满分 语音评论5quot,True,False
5299887975434872,1779104023,2026-05-18 11:33:43+08:00,5299860439564990,三场婚礼，这份诚意太足了。,2,3,1779080298671,浙江,5299887975434872,6657048742,康泰里的幸福呀,f,https://m.weibo.cn/u/6657048742?launchid=10000360-page_H5,"https://tvax2.sinaimg.cn/crop.0.0.1080.1080.180/007gwitUly8i6j2hya0lgj30u00u0ju2.jpg?KID=imgbed,tva&Expires=1779091098&ssig=869LM0GyUu",search_comments_2026-05-18.csv,search_comment,三场婚礼这份诚意太足了,True,False
5299873486213540,1779100569,2026-05-18 10:36:09+08:00,5299860439564990,直男也能浪漫，用心最重要。,2,2,1779080298681,四川,5299873486213540,2268867283,好好听哦O,m,https://m.weibo.cn/u/2268867283?launchid=10000360-page_H5,"https://tvax3.sinaimg.cn/crop.0.0.600.600.180/873c2ad3ly8h5e64x05dxj20go0gowfx.jpg?KID=imgbed,tva&Expires=1779091098&ssig=vx0HOs4wTH",search_comments_2026-05-18.csv,search_comment,直男也能浪漫用心最重要,True,False
5299868172299157,1779099302,2026-05-18 10:15:02+08:00,5299867771471743,他们的爱情令人羡慕,1,6,1779080305183,福建,5299868172299157,6005319548,溜个瓜瓜,m,https://m.weibo.cn/u/6005319548?launchid=10000360-page_H5,"https://tvax1.sinaimg.cn/crop.0.0.1080.1080.180/006ypHWIly8i3gy1jmu2oj30u00u0tbt.jpg?KID=imgbed,tva&Expires=1779091104&ssig=JLP0ZS60y5",search_comments_2026-05-18.csv,search_comment,他们的爱情令人羡慕,True,False
5299867775927190,1779099207,2026-05-18 10:13:27+08:00,5299867771471743,三次婚礼，偏爱藏不住！,2,3,1779080305193,北京,5299867775927190,7793463359,你的赛博闺蜜,f,https://m.weibo.cn/u/7793463359?launchid=10000360-page_H5,"https://tvax3.sinaimg.cn/crop.0.0.600.600.180/008vqzPVly8hqowqtgr49j30go0godhk.jpg?KID=imgbed,tva&Expires=1779091104&ssig=ay%2F4zZuQLM",search_comments_2026-05-18.csv,search_comment,三次婚礼偏爱藏不住,True,False
5299882673833860,1779102759,2026-05-18 11:12:39+08:00,5299882178118187,可伊能静在家的付出真的不是所有女人能做到的。,0,5,1779080311637,北京,5299882673833860,3482589012,王者君啊,m,https://m.weibo.cn/u/3482589012?launchid=10000360-page_H5,"https://tvax4.sinaimg.cn/crop.0.0.996.996.180/cf941754ly8h8v8tawmoaj20ro0romzu.jpg?KID=imgbed,tva&Expires=1779091111&ssig=oqUmz2md2K",search_comments_2026-05-18.csv,search_comment,可伊能静在家的付出真的不是所有女人能做到的,True,False
5299883189473289,1779102882,2026-05-18 11:14:42+08:00,5299882178118187,之前对他俩都不太喜欢，但是后来越看越喜欢，真实，不做作，很优秀,0,4,1779080311642,北京,5299883189473289,7752270116,魍友,m,https://m.weibo.cn/u/7752270116?launchid=10000360-page_H5,"https://tvax4.sinaimg.cn/crop.0.0.1080.1080.180/008sDJAMly8hhzxujtq9gj30u00u0jw5.jpg?KID=imgbed,tva&Expires=1779091111&ssig=5rTems7vBv",search_comments_2026-05-18.csv,search_comment,之前对他俩都不太喜欢但是后来越看越喜欢真实不做作很优秀,True,False
5299883783230207,1779103024,2026-05-18 11:17:04+08:00,5299882178118187,伊能静跟秦昊在沈阳的婚礼，在沈阳的香格里拉大酒店。这场婚礼没有圈内人，都是双方的亲戚朋友那种。然后又在布吉岛办了一场，是专门请的圈内好友,0,3,1779080311647,北京,5299883783230207,5680387980,GPENGTHFT,m,https://m.weibo.cn/u/5680387980?launchid=10000360-page_H5,"https://tvax2.sinaimg.cn/crop.0.0.996.996.180/006cqkoYly8gdy0mxs58aj30ro0rodlx.jpg?KID=imgbed,tva&Expires=1779091111&ssig=lwhATzaXTp",search_comments_2026-05-18.csv,search_comment,伊能静跟秦昊在沈阳的婚礼在沈阳的香格里拉大酒店这场婚礼没有圈内人都是双方的亲戚朋友那种然后又在布吉岛办了一场是专门请的圈内好友,True,False
5299876336239183,1779101248,2026-05-18 10:47:28+08:00,5299876255760652,大家觉得这对幸福吗,2,2,1779080318079,山西,5299876336239183,7778048380,芒果紺,f,https://m.weibo.cn/u/7778048380?launchid=10000360-page_H5,"https://tvax1.sinaimg.cn/crop.0.0.1080.1080.180/008unTHely8id5f1t24r8j30u00u0763.jpg?KID=imgbed,tva&Expires=1779091117&ssig=HeeCAGd%2FmH",search_comments_2026-05-18.csv,search_comment,大家觉得这对幸福吗,True,False
5299877181393543,1779101450,2026-05-18 10:50:50+08:00,5299876255760652,我也有点惊讶三场婚礼,1,1,1779080318087,福建,5299877181393543,5995164695,栢十一,m,https://m.weibo.cn/u/5995164695?launchid=10000360-page_H5,"https://tvax4.sinaimg.cn/crop.0.0.512.512.180/006xJ6cLly8hrl9xte6fpj30e80e8t9s.jpg?KID=imgbed,tva&Expires=1779091117&ssig=KU0dmgdx4V",search_comments_2026-05-18.csv,search_comment,我也有点惊讶三场婚礼,True,False
5299876730506004,1779101342,2026-05-18 10:49:02+08:00,5299876255760652,这才是真爱 太幸福了,1,1,1779080318096,黑龙江,5299876730506004,6987157135,only1bunny,f,https://m.weibo.cn/u/6987157135?launchid=10000360-page_H5,"https://tvax2.sinaimg.cn/crop.0.0.1080.1080.180/007CRoKPly8id7ksf4l7lj30u00u0mzd.jpg?KID=imgbed,tva&Expires=1779091117&ssig=%2Bc7N%2FVRker",search_comments_2026-05-18.csv,search_comment,这才是真爱 太幸福了,True,False
5299889739140782,1779104444,2026-05-18 11:40:44+08:00,5299885263815786,他们真幸福,1,2,1779080324535,江西,5299889739140782,9075640744,沁盐雨,f,https://m.weibo.cn/u/9075640744?launchid=10000360-page_H5,"https://tvax2.sinaimg.cn/crop.0.0.1080.1080.180/009UcsKkly8icv64jyd6fj30u00u0adc.jpg?KID=imgbed,tva&Expires=1779091124&ssig=lGyqNVOWew",search_comments_2026-05-18.csv,search_comment,他们真幸福,True,False
5299899010648045,1779106654,2026-05-18 12:17:34+08:00,5299885263815786,姐弟恋也能很甜,1,1,1779080324541,吉林,5299899010648045,1966797013,晦涩悸_,f,https://m.weibo.cn/u/1966797013?launchid=10000360-page_H5,"https://tvax3.sinaimg.cn/crop.0.0.1080.1080.180/753af0d5ly8ibrql0qphfj20u00u0grr.jpg?KID=imgbed,tva&Expires=1779091124&ssig=rUImshN5Yv",search_comments_2026-05-18.csv,search_comment,姐弟恋也能很甜,True,False
5299908204299366,1779108846,2026-05-18 12:54:06+08:00,5299907292561517,秦昊这波操作，直男变暖男，伊能静幸福满满呀！,0,0,1779080331033,AI吃瓜罗伯特,5299908204299366,5606716867,吃瓜罗伯特,f,https://m.weibo.cn/u/5606716867?launchid=10000360-page_H5,"https://tvax1.sinaimg.cn/crop.0.0.921.921.180/0067rdbdly8ibrqhbg0vxj30pl0pl404.jpg?KID=imgbed,tva&Expires=1779091130&ssig=fbDqgG0dVC",search_comments_2026-05-18.csv,search_comment,秦昊这波操作直男变暖男伊能静幸福满满呀,True,False
5299872664127514,1779100373,2026-05-18 10:32:53+08:00,5299849295563989,京东居然有求婚业务,1,4,1779080395428,山东,5299872664127514,2372548825,无名之亮-葛亮,m,https://m.weibo.cn/u/2372548825?launchid=10000360-page_H5,"https://tva3.sinaimg.cn/crop.0.384.736.736.180/8d6a38d9jw1ex26hs4c35j20kg18gk1e.jpg?KID=imgbed,tva&Expires=1779091195&ssig=7zfLWevdyg",search_comments_2026-05-18.csv,search_comment,京东居然有求婚业务,True,False
5299853081971047,1779095704,2026-05-18 09:15:04+08:00,5299849295563989,一定要去郑重的对待每一个瞬间,1,43,1779080395433,河南,5299853081971047,7795066638,武玉玉起飞,m,https://m.weibo.cn/u/7795066638?launchid=10000360-page_H5,"https://tvax2.sinaimg.cn/crop.0.0.1079.1079.180/008vxiVgly8i8sslomp5tj30tz0u0gns.jpg?KID=imgbed,tva&Expires=1779091195&ssig=hRC4FobBD1",search_comments_2026-05-18.csv,search_comment,一定要去郑重的对待每一个瞬间,True,False
5299853148031666,1779095720,2026-05-18 09:15:20+08:00,5299849295563989,我马上去京东搜一搜,0,33,1779080395437,广东,5299853148031666,7807075969,迷路的脆皮鸭鸭呀,m,https://m.weibo.cn/u/7807075969?launchid=10000360-page_H5,"https://tvax2.sinaimg.cn/crop.0.0.690.690.180/008wlH69ly8h903nnh2jej30j60j63yw.jpg?KID=imgbed,tva&Expires=1779091195&ssig=YS0P2zJMwM",search_comments_2026-05-18.csv,search_comment,我马上去京东搜一搜,True,False
5299858954783113,1779097104,2026-05-18 09:38:24+08:00,5299853538100586,厉害了我的东哥,0,0,1779080401864,上海,5299858954783113,5532635875,爱奇艺白金芒果星钻会员VIP年卡,m,https://m.weibo.cn/u/5532635875?launchid=10000360-page_H5,"https://tvax4.sinaimg.cn/crop.0.0.178.178.180/0062qnkvly1fv3tjz1nncj304z04zgll.jpg?KID=imgbed,tva&Expires=1779091201&ssig=27AX1Bbqvh",search_comments_2026-05-18.csv,search_comment,厉害了我的东哥,True,False
5299858749522662,1779097054,2026-05-18 09:37:34+08:00,5299853538100586,商业化的浪漫，不知道是该喜还是该悲,0,0,1779080401875,广东,5299858749522662,2920340623,王大锤石头xuebiwu,m,https://m.weibo.cn/u/2920340623?launchid=10000360-page_H5,"https://tvax2.sinaimg.cn/crop.0.0.996.996.180/ae10dc8fly8gwdnq4kvzkj20ro0romyr.jpg?KID=imgbed,tva&Expires=1779091201&ssig=kJIr%2B2NqYf",search_comments_2026-05-18.csv,search_comment,商业化的浪漫不知道是该喜还是该悲,True,False
5299858744544617,1779097054,2026-05-18 09:37:34+08:00,5299853538100586,刘宇宁推的必须支持一下,0,0,1779080401882,四川,5299858744544617,5042662119,我是我的小娟娟_154,f,https://m.weibo.cn/u/5042662119?launchid=10000360-page_H5,"https://tva3.sinaimg.cn/crop.0.0.480.480.180/005vguLZjw8eqb1bkl5ioj30dc0dcaap.jpg?KID=imgbed,tva&Expires=1779091201&ssig=ewD0K61VgT",search_comments_2026-05-18.csv,search_comment,刘宇宁推的必须支持一下,True,False
5299890495426036,1779104624,2026-05-18 11:43:44+08:00,5299890449026822,心动瞬间，浪漫求婚！成功率99%，给她一生一世的承诺。,0,0,1779080408598,辽宁,5299890495426036,7338506918,单车小朋,f,https://m.weibo.cn/u/7338506918?launchid=10000360-page_H5,"https://tvax1.sinaimg.cn/crop.0.0.512.512.180/0080DCSOly8hliltxsnuej30e80e8jsh.jpg?KID=imgbed,tva&Expires=1779091208&ssig=kvJ1HTCKlA",search_comments_2026-05-18.csv,search_comment,心动瞬间浪漫求婚成功率99给她一生一世的承诺,True,False
5299898983384004,1779106647,2026-05-18 12:17:27+08:00,5299890449026822,一辈子一次的事，交给京东放心,0,0,1779080408601,安徽,5299898983384004,7817133706,白稀诺,m,https://m.weibo.cn/u/7817133706?launchid=10000360-page_H5,"https://tvax3.sinaimg.cn/crop.0.0.1080.1080.180/008x1TzIly8hac7gobnu3j30u00u0jtw.jpg?KID=imgbed,tva&Expires=1779091208&ssig=eTnYGw7raB",search_comments_2026-05-18.csv,search_comment,一辈子一次的事交给京东放心,True,False
5299898794904920,1779106603,2026-05-18 12:16:43+08:00,5299890449026822,京东帮你把求婚整得明明白白,0,0,1779080408605,山东,5299898794904920,6432466268,苗若花语,f,https://m.weibo.cn/u/6432466268?launchid=10000360-page_H5,"https://tvax4.sinaimg.cn/crop.0.0.905.905.180/0071jYjWly8hye4me4s25j30p50p5jug.jpg?KID=imgbed,tva&Expires=1779091208&ssig=9QUHPlDVwz",search_comments_2026-05-18.csv,search_comment,京东帮你把求婚整得明明白白,True,False
5299859697437150,1779097281,2026-05-18 09:41:21+08:00,5299851119297839,为了刘宇宁去搜了这个活动有点意思,0,10,1779080414997,四川,5299859697437150,6092062750,橘子柠檬梨,f,https://m.weibo.cn/u/6092062750?launchid=10000360-page_H5,"https://tvax4.sinaimg.cn/crop.0.0.996.996.180/006EhFOCly8g2eordhcerj30ro0ro764.jpg?KID=imgbed,tva&Expires=1779091214&ssig=EITG3kpDok",search_comments_2026-05-18.csv,search_comment,为了刘宇宁去搜了这个活动有点意思,True,False
5299859923402881,1779097334,2026-05-18 09:42:14+08:00,5299851119297839,这比在朋友圈求婚高级多了,0,8,1779080415001,广东,5299859923402881,5538807076,dan-0923,f,https://m.weibo.cn/u/5538807076?launchid=10000360-page_H5,"https://tvax2.sinaimg.cn/crop.0.0.1080.1080.180/0062QgK0ly8i110mik6eaj30u00u0jtj.jpg?KID=imgbed,tva&Expires=1779091214&ssig=mbH44uf51S",search_comments_2026-05-18.csv,search_comment,这比在朋友圈求婚高级多了,True,False
5299861144734462,1779097626,2026-05-18 09:47:06+08:00,5299851119297839,京东这波求婚业务做得超棒,0,10,1779080415004,山西,5299861144734462,3244877324,温柔成绝对123,m,https://m.weibo.cn/u/3244877324?launchid=10000360-page_H5,"https://tvax2.sinaimg.cn/crop.0.0.500.500.180/c168e60cly8i0bd3nh734j20dw0dw75e.jpg?KID=imgbed,tva&Expires=1779091214&ssig=KZfIuqMRiE",search_comments_2026-05-18.csv,search_comment,京东这波求婚业务做得超棒,True,False
5299856671249089,1779096560,2026-05-18 09:29:20+08:00,5299850031662941,我想说确实就是非常用心的,0,17,1779080421384,河南,5299856671249089,5293627651,金妍希一,m,https://m.weibo.cn/u/5293627651?launchid=10000360-page_H5,"https://tvax2.sinaimg.cn/crop.0.0.1080.1080.180/005Mfwn9ly8ibkon2afstj30u00u040h.jpg?KID=imgbed,tva&Expires=1779091221&ssig=KsDYyS%2B4Ju",search_comments_2026-05-18.csv,search_comment,我想说确实就是非常用心的,True,False
5299856602041585,1779096543,2026-05-18 09:29:03+08:00,5299850031662941,希望大家都可以拥有幸福,0,11,1779080421390,河南,5299856602041585,5846007391,雨爱饼干,f,https://m.weibo.cn/u/5846007391?launchid=10000360-page_H5,"https://tvax4.sinaimg.cn/crop.0.0.1080.1080.180/006nDfzNly8ic8quue37zj30u00u0ted.jpg?KID=imgbed,tva&Expires=1779091221&ssig=bB6cDfr%2BRV",search_comments_2026-05-18.csv,search_comment,希望大家都可以拥有幸福,True,False
5299856571892641,1779096536,2026-05-18 09:28:56+08:00,5299850031662941,这也太用心了吧,0,10,1779080421396,江西,5299856571892641,7750739537,滴哩哩哩哩啦啦巴巴,f,https://m.weibo.cn/u/7750739537?launchid=10000360-page_H5,"https://tvax2.sinaimg.cn/crop.0.0.1080.1080.180/008sxjq1ly8hzhyv5wg25j30u00u0q5d.jpg?KID=imgbed,tva&Expires=1779091221&ssig=kKknM9qivx",search_comments_2026-05-18.csv,search_comment,这也太用心了吧,True,False
5299907552608795,1779108690,2026-05-18 12:51:30+08:00,5299890618107011,感觉真的是太幸福了，好羡慕,1,0,1779080444568,福建,5299907552608795,7964861459,对岸csq,m,https://m.weibo.cn/u/7964861459?launchid=10000360-page_H5,"https://tvax3.sinaimg.cn/crop.0.0.960.960.180/008H1Kjply8hyc199re4wj30qo0qoacs.jpg?KID=imgbed,tva&Expires=1779091244&ssig=Xoh7AJYVxQ",search_comments_2026-05-18.csv,search_comment,感觉真的是太幸福了好羡慕,True,False
5299907581972104,1779108698,2026-05-18 12:51:38+08:00,5299890618107011,应该没有人不羡慕的吧,0,0,1779080444575,山西,5299907581972104,7831694548,知足常饹,f,https://m.weibo.cn/u/7831694548?launchid=10000360-page_H5,"https://tvax4.sinaimg.cn/crop.1.0.1078.1078.180/008y0Zw0ly8i1l2wfz6phj30u00tydna.jpg?KID=imgbed,tva&Expires=1779091244&ssig=PUUHdQcF6V",search_comments_2026-05-18.csv,search_comment,应该没有人不羡慕的吧,True,False
5299907486810259,1779108674,2026-05-18 12:51:14+08:00,5299890618107011,不得不说，太让人羡慕了,0,0,1779080444582,山西,5299907486810259,7618214347,不负好时光_1,f,https://m.weibo.cn/u/7618214347?launchid=10000360-page_H5,"https://tvax3.sinaimg.cn/crop.0.0.480.480.180/008jzfyXly8h4datxl7mpj30dc0dct9p.jpg?KID=imgbed,tva&Expires=1779091244&ssig=5mpDvwrj0b",search_comments_2026-05-18.csv,search_comment,不得不说太让人羡慕了,True,False
5299860546781275,1779097483,2026-05-18 09:44:43+08:00,5299851111957901,我只想知道，京东这个求婚服务，买一赠一吗,0,8,1779080451030,青海,5299860546781275,5243744076,快乐的一一天5754,f,https://m.weibo.cn/u/5243744076?launchid=10000360-page_H5,"https://tvax3.sinaimg.cn/crop.0.0.500.500.180/005ISdnmly1hg9073xrwoj30dw0dwgme.jpg?KID=imgbed,tva&Expires=1779091250&ssig=YJTNd8gahd",search_comments_2026-05-18.csv,search_comment,我只想知道京东这个求婚服务买一赠一吗,True,False
5299860706430888,1779097522,2026-05-18 09:45:22+08:00,5299851111957901,以后的纪念日是算男方求婚的还是女方求婚的,0,11,1779080451041,四川,5299860706430888,5042662119,我是我的小娟娟_154,f,https://m.weibo.cn/u/5042662119?launchid=10000360-page_H5,"https://tva3.sinaimg.cn/crop.0.0.480.480.180/005vguLZjw8eqb1bkl5ioj30dc0dcaap.jpg?KID=imgbed,tva&Expires=1779091250&ssig=ck0FotCQCY",search_comments_2026-05-18.csv,search_comment,以后的纪念日是算男方求婚的还是女方求婚的,True,False
5299860963068015,1779097583,2026-05-18 09:46:23+08:00,5299851111957901,又是为别人的神仙爱情流泪的一天,0,10,1779080451050,上海,5299860963068015,5532635875,爱奇艺白金芒果星钻会员VIP年卡,m,https://m.weibo.cn/u/5532635875?launchid=10000360-page_H5,"https://tvax4.sinaimg.cn/crop.0.0.178.178.180/0062qnkvly1fv3tjz1nncj304z04zgll.jpg?KID=imgbed,tva&Expires=1779091250&ssig=YUeukV%2FBB7",search_comments_2026-05-18.csv,search_comment,又是为别人的神仙爱情流泪的一天,True,False
5299724961974848,1779065158,2026-05-18 00:45:58+08:00,5299724632458621,敢赢不怕输，不打就不会输。我们不找理由不找借口，好好总结。既然樊振东在被逼退的前提下选择继续打球就有输球的心理准备！球迷也不会因为一场输球而失落。还是那句，欢迎各位继续关注樊振东的所有比赛！,23,3419,1779080485031,山东,5299724961974848,5872115096,咚咚饼0122,f,https://m.weibo.cn/u/5872115096?launchid=10000360-page_H5,"https://tvax3.sinaimg.cn/crop.0.0.1080.1080.180/006poNnOly8icgvp8a7yaj30u00u0jtv.jpg?KID=imgbed,tva&Expires=1779091284&ssig=tAHWZlA9Oy",search_comments_2026-05-18.csv,search_comment,敢赢不怕输不打就不会输我们不找理由不找借口好好总结既然樊振东在被逼退的前提下选择继续打球就有输球的心理准备球迷也不会因为一场输球而失落还是那句欢迎各位继续关注樊振东的所有比赛,True,False
5299725125288231,1779065196,2026-05-18 00:46:36+08:00,5299724632458621,即便今天没有赢，也是一路赢过来的。东哥很棒，大家也很棒，奖杯的意义是东哥和团队一起赋予的。祝贺萨尔！祝贺东哥！我们继续加油继续前进！🏆我们是冠军🥇🥇,1,1209,1779080485038,湖南,5299725125288231,6019517000,lay文方,f,https://m.weibo.cn/u/6019517000?launchid=10000360-page_H5,"https://tva4.sinaimg.cn/crop.0.0.640.640.180/006znhlSjw8fb46s07oqnj30hs0hsgm6.jpg?KID=imgbed,tva&Expires=1779091284&ssig=8VgFe74J3g",search_comments_2026-05-18.csv,search_comment,即便今天没有赢也是一路赢过来的东哥很棒大家也很棒奖杯的意义是东哥和团队一起赋予的祝贺萨尔祝贺东哥我们继续加油继续前进我们是冠军,True,False
5299724997364107,1779065166,2026-05-18 00:46:06+08:00,5299724632458621,谢谢吴爸爸为东哥发声,5,761,1779080485045,中国香港,5299724997364107,7909018384,小熊噗咚_,f,https://m.weibo.cn/u/7909018384?launchid=10000360-page_H5,"https://tvax1.sinaimg.cn/crop.0.0.1080.1080.180/008DfqYEly8icgmngae8dj30u00u0n0x.jpg?KID=imgbed,tva&Expires=1779091284&ssig=dIbEYaPelW",search_comments_2026-05-18.csv,search_comment,谢谢吴爸爸为东哥发声,True,False
5299852519147503,1779095570,2026-05-18 09:12:50+08:00,5299849922611672,调整好心态，一切都会变好的，再接再厉,2,10,1779080491497,河北,5299852519147503,5312163974,赏优集,m,https://m.weibo.cn/u/5312163974?launchid=10000360-page_H5,"https://tvax2.sinaimg.cn/crop.0.0.1080.1080.180/005Nviw6ly8i8rxi7ufznj30u00u042a.jpg?KID=imgbed,tva&Expires=1779091291&ssig=c1vQi3m2bh",search_comments_2026-05-18.csv,search_comment,调整好心态一切都会变好的再接再厉,True,False
5299852210604230,1779095496,2026-05-18 09:11:36+08:00,5299849922611672,指导员不愧是指导员，指导的就是到位。,1,5,1779080491507,陕西,5299852210604230,2485425080,笑料百宝箱,m,https://m.weibo.cn/u/2485425080?launchid=10000360-page_H5,"https://tvax1.sinaimg.cn/crop.0.0.1080.1080.180/942493b8ly8i007iqiyp7j20u00u1myr.jpg?KID=imgbed,tva&Expires=1779091291&ssig=BNRq2unW09",search_comments_2026-05-18.csv,search_comment,指导员不愧是指导员指导的就是到位,True,False
5299851165437128,1779095247,2026-05-18 09:07:27+08:00,5299849922611672,吴指导说得在理，换海绵这细节确实关键,1,4,1779080491518,福建,5299851165437128,7901305673,萌宠呆呆酱,f,https://m.weibo.cn/u/7901305673?launchid=10000360-page_H5,"https://tvax2.sinaimg.cn/crop.0.40.999.999.180/008CJ4y5ly8i0lkvjmht9j30rr0u0dik.jpg?KID=imgbed,tva&Expires=1779091291&ssig=WBCxqYg0MJ",search_comments_2026-05-18.csv,search_comment,吴指导说得在理换海绵这细节确实关键,True,False
5299827839601777,1779089686,2026-05-18 07:34:46+08:00,5299821399245923,正手用了蝴蝶没用狂飙是吗,2,5,1779080498156,浙江,5299827839601777,2078653701,来杯超满足抹茶,f,https://m.weibo.cn/u/2078653701?launchid=10000360-page_H5,"https://tvax2.sinaimg.cn/crop.0.0.996.996.180/7be5bd05ly8grs07c2i0oj20ro0roabs.jpg?KID=imgbed,tva&Expires=1779091297&ssig=vOcJITkTsy",search_comments_2026-05-18.csv,search_comment,正手用了蝴蝶没用狂飙是吗,True,False
5299825602200112,1779089152,2026-05-18 07:25:52+08:00,5299821399245923,他用8次一单两分，萨尔挺进决赛 ，樊振东是福星，再一次认证！近朱者赤！我们就要拿冠军！没有谁，不喜欢冠军！我们是冠军！ 恭喜萨尔欧冠四连冠恭喜樊振东继德国杯冠后再添一冠 五月底，德甲再来  继续为他们加油,0,60,1779080498169,浙江,5299825602200112,7880187537,天神下樊-威振东方,m,https://m.weibo.cn/u/7880187537?launchid=10000360-page_H5,"https://tvax3.sinaimg.cn/crop.0.0.1080.1080.180/008BisKZly8icolf6o7m2j30u00u0dly.jpg?KID=imgbed,tva&Expires=1779091297&ssig=9PGqPMKUTO",search_comments_2026-05-18.csv,search_comment,他用8次一单两分萨尔挺进决赛 樊振东是福星再一次认证近朱者赤我们就要拿冠军没有谁不喜欢冠军我们是冠军 恭喜萨尔欧冠四连冠恭喜樊振东继德国杯冠后再添一冠 五月底德甲再来  继续为他们加油,True,False
5299835104400315,1779091418,2026-05-18 08:03:38+08:00,5299833487494104,央视转播打各种比赛也不是第一次，和之前国际赛事比算什么压力，要么对手打的太好，要么自己没有放开，本来竞技比赛就一切皆有可能。,11,5,1779080504714,辽宁,5299835104400315,1964157653,蜜糖是真的,f,https://m.weibo.cn/u/1964157653?launchid=10000360-page_H5,"https://tvax4.sinaimg.cn/crop.0.0.768.768.180/7512aad5ly8i089f6hxwoj20lc0lcwfu.jpg?KID=imgbed,tva&Expires=1779091304&ssig=0DmUeb1YIt",search_comments_2026-05-18.csv,search_comment,央视转播打各种比赛也不是第一次和之前国际赛事比算什么压力要么对手打的太好要么自己没有放开本来竞技比赛就一切皆有可能,True,False
5299834273665681,1779091220,2026-05-18 08:00:20+08:00,5299833487494104,感觉像变了一个人，给我看沉默了,0,1,1779080504720,四川,5299834273665681,7834939258,可爱小乖乖了,f,https://m.weibo.cn/u/7834939258?launchid=10000360-page_H5,"https://tvax3.sinaimg.cn/crop.0.0.1080.1080.180/008yeBC2ly8hdr6u4sxjpj30u00u1jvj.jpg?KID=imgbed,tva&Expires=1779091304&ssig=6BBsgVHhEa",search_comments_2026-05-18.csv,search_comment,感觉像变了一个人给我看沉默了,True,False
5299833880972605,1779091126,2026-05-18 07:58:46+08:00,5299833487494104,我觉得不需要出来给他找各种理由，反而有点牵强附会了，输了就输了，那又怎样呢？,7,9,1779080504725,四川,5299833880972605,3911901482,体育说是圈,f,https://m.weibo.cn/u/3911901482?launchid=10000360-page_H5,"https://tvax1.sinaimg.cn/crop.0.0.1080.1080.180/e92ae12aly8hcb36xim6lj20u00u0dnm.jpg?KID=imgbed,tva&Expires=1779091304&ssig=py7Ld0UsWM",search_comments_2026-05-18.csv,search_comment,我觉得不需要出来给他找各种理由反而有点牵强附会了输了就输了那又怎样呢,True,False
5299871640732584,1779100129,2026-05-18 10:28:49+08:00,5299844310894282,敢赢不怕输，永远期待樊振东每一个赛场！永远支持樊振东,0,3,1779080511349,福建,5299871640732584,3116521531,星辰的秋韵,f,https://m.weibo.cn/u/3116521531?launchid=10000360-page_H5,"https://tvax1.sinaimg.cn/crop.0.0.427.427.180/b9c2583bly8hwmx6hw0y4j20bv0bvq30.jpg?KID=imgbed,tva&Expires=1779091311&ssig=o40PrsNIYR",search_comments_2026-05-18.csv,search_comment,敢赢不怕输永远期待樊振东每一个赛场永远支持樊振东,True,False
5299894367817041,1779105547,2026-05-18 11:59:07+08:00,5299844310894282,又不是代表咱国家，输赢都ok，开心打球,0,1,1779080511357,北京,5299894367817041,7767176493,主役抽我就春风2333,f,https://m.weibo.cn/u/7767176493?launchid=10000360-page_H5,"https://tvax1.sinaimg.cn/crop.0.0.1080.1080.180/008tEhqdly8h35jpnsr9kj30u00u0wi6.jpg?KID=imgbed,tva&Expires=1779091311&ssig=kJoUV259q9",search_comments_2026-05-18.csv,search_comment,又不是代表咱国家输赢都ok开心打球,True,False
5299895395418611,1779105791,2026-05-18 12:03:11+08:00,5299844310894282,希望他的代言人看到国家队的人输了，也能有这样的发言，,1,0,1779080511364,浙江,5299895395418611,7926950194,青风-202406,m,https://m.weibo.cn/u/7926950194?launchid=10000360-page_H5,"https://tvax1.sinaimg.cn/crop.0.0.500.500.180/008EsFRoly8i9esmwyyk7j30dw0dwwfp.jpg?KID=imgbed,tva&Expires=1779091311&ssig=b4P89VDBa0",search_comments_2026-05-18.csv,search_comment,希望他的代言人看到国家队的人输了也能有这样的发言,True,False
5299852380734123,1779095537,2026-05-18 09:12:17+08:00,5299852281122299,你觉得樊振东表现怎么样？,2,3,1779080517867,甘肃,5299852380734123,7890111664,哈鲁米kiyoi,f,https://m.weibo.cn/u/7890111664?launchid=10000360-page_H5,"https://tvax4.sinaimg.cn/crop.0.0.1024.1024.180/008BY6tyly8iaxcq2y317j30sg0sgjth.jpg?KID=imgbed,tva&Expires=1779091317&ssig=Elcp1vZaLU",search_comments_2026-05-18.csv,search_comment,你觉得樊振东表现怎么样,True,False
5299853859226087,1779095889,2026-05-18 09:18:09+08:00,5299852281122299,樊振东敢赢不怕输，总结经验就是了，天生冠军命,0,4,1779080517875,江苏,5299853859226087,7741773357,灰绀,m,https://m.weibo.cn/u/7741773357?launchid=10000360-page_H5,"https://tvax1.sinaimg.cn/crop.0.0.1080.1080.180/008rVGUdly8id0ekvvcusj30u00u0ad0.jpg?KID=imgbed,tva&Expires=1779091317&ssig=P1MaoQbXJm",search_comments_2026-05-18.csv,search_comment,樊振东敢赢不怕输总结经验就是了天生冠军命,True,False
5299852754818064,1779095626,2026-05-18 09:13:46+08:00,5299852281122299,努力了就不算遗憾,0,0,1779080517882,河北,5299852754818064,5677362627,_桃子幺幺_,f,https://m.weibo.cn/u/5677362627?launchid=10000360-page_H5,"https://tvax1.sinaimg.cn/crop.0.0.1080.1080.180/006cdDmXly8i4rjfsz4sdj30u00u00up.jpg?KID=imgbed,tva&Expires=1779091317&ssig=N1aMKbtviK",search_comments_2026-05-18.csv,search_comment,努力了就不算遗憾,True,False
5299862583380113,1779097969,2026-05-18 09:52:49+08:00,5299856369256425,图片评论 查看图片,0,13,1779080524421,山东,5299862583380113,5287031642,Qinghua瓷_938,f,https://m.weibo.cn/u/5287031642?launchid=10000360-page_H5,"https://tvax3.sinaimg.cn/crop.0.0.1080.1080.180/005LNQrUly8iailm02c3aj30u00u0wgz.jpg?KID=imgbed,tva&Expires=1779091324&ssig=P9ktOYad%2F5",search_comments_2026-05-18.csv,search_comment,图片评论 查看图片,True,False
5299860900151359,1779097567,2026-05-18 09:46:07+08:00,5299856369256425,敢赢不怕输，不打就不会输。既然樊振东在被逼退的前提下选择继续打球就有输球的心理准备！球迷也不会因为一场输球而失落。还是那句，樊振东在队友状态不佳的时候8场一单两分率队进决赛，今天状态不佳的时候，有队友一起夺得冠军，这就是团队的意义啊。恭喜萨尔布吕肯。,0,10,1779080524428,广东,5299860900151359,7840785077,用户7840785077,f,https://m.weibo.cn/u/7840785077?launchid=10000360-page_H5,"https://tvax1.sinaimg.cn/default/images/default_avatar_female_180.gif?KID=imgbed,tva&Expires=1779091324&ssig=8szVvYgSw2",search_comments_2026-05-18.csv,search_comment,敢赢不怕输不打就不会输既然樊振东在被逼退的前提下选择继续打球就有输球的心理准备球迷也不会因为一场输球而失落还是那句樊振东在队友状态不佳的时候8场一单两分率队进决赛今天状态不佳的时候有队友一起夺得冠军这就是团队的意义啊恭喜萨尔布吕肯,True,False
5299884515393915,1779103197,2026-05-18 11:19:57+08:00,5299839281659928,太对了，赢了行输了也行，不受任何人限制,0,8,1779080530869,广东,5299884515393915,5543477083,JoeJoe的帅舅舅,m,https://m.weibo.cn/u/5543477083?launchid=10000360-page_H5,"https://tvax3.sinaimg.cn/crop.0.0.1010.1010.180/00639RCHly8gnjsujnwiqj30s20s2djj.jpg?KID=imgbed,tva&Expires=1779091330&ssig=rq2eWPfQHs",search_comments_2026-05-18.csv,search_comment,太对了赢了行输了也行不受任何人限制,True,False
5299909793679004,1779109225,2026-05-18 13:00:25+08:00,5299839281659928,尽全力挽尊。丢大发了,0,0,1779080530878,湖南,5299909793679004,5668989049,伊伊丫丫的微笑yiyi,f,https://m.weibo.cn/u/5668989049?launchid=10000360-page_H5,"https://tvax1.sinaimg.cn/default/images/default_avatar_female_180.gif?KID=imgbed,tva&Expires=1779091330&ssig=A6Cn15g7sz",search_comments_2026-05-18.csv,search_comment,尽全力挽尊丢大发了,True,False
5299857556505086,1779096771,2026-05-18 09:32:51+08:00,5299856211183452,希望救援工作进展顺利，愿逝者安息🙏,0,373,1779080561860,新加坡,5299857556505086,6278978008,狮城YTL有你有我,m,https://m.weibo.cn/u/6278978008?launchid=10000360-page_H5,"https://tvax2.sinaimg.cn/crop.0.0.512.512.180/006QVX0Qly8gv1xznfhi6j60e80e8gmf02.jpg?KID=imgbed,tva&Expires=1779091361&ssig=i2Lk9ugowY",search_comments_2026-05-18.csv,search_comment,希望救援工作进展顺利愿逝者安息,True,False
5299857455582629,1779096747,2026-05-18 09:32:27+08:00,5299856211183452,震级虽然不算很大但震源深度浅也会造成足够大的破坏力,43,298,1779080561864,北京,5299857455582629,3106349135,lucky_zhang1978,m,https://m.weibo.cn/u/3106349135?launchid=10000360-page_H5,"https://tvax2.sinaimg.cn/crop.0.0.1080.1080.180/b927204fly8gdi8s92au5j20u00u0tb0.jpg?KID=imgbed,tva&Expires=1779091361&ssig=3fmSyTClRJ",search_comments_2026-05-18.csv,search_comment,震级虽然不算很大但震源深度浅也会造成足够大的破坏力,True,False
5299876963552629,1779101398,2026-05-18 10:49:58+08:00,5299875245457417,妈呀，愿大家平安,0,191,1779080568401,天津,5299876963552629,5873621681,扫山扫,f,https://m.weibo.cn/u/5873621681?launchid=10000360-page_H5,"https://tvax3.sinaimg.cn/crop.0.0.1080.1080.180/006pv7jzly8i6vreu34rxj30u00u0grm.jpg?KID=imgbed,tva&Expires=1779091368&ssig=zL7KbHgtDD",search_comments_2026-05-18.csv,search_comment,妈呀愿大家平安,True,False
5299875491086803,1779101046,2026-05-18 10:44:06+08:00,5299875245457417,太让人痛心了，希望救援人员平安，也希望受影响的人都好好的🙏,0,66,1779080568406,广东,5299875491086803,3845277499,白衣若倾,f,https://m.weibo.cn/u/3845277499?launchid=10000360-page_H5,"https://tvax4.sinaimg.cn/crop.0.0.1077.1077.180/e532473bly8hyfrbptj8lj20tx0txgoq.jpg?KID=imgbed,tva&Expires=1779091368&ssig=pLl7I3mkFw",search_comments_2026-05-18.csv,search_comment,太让人痛心了希望救援人员平安也希望受影响的人都好好的,True,False
5299880847479870,1779102324,2026-05-18 11:05:24+08:00,5299875245457417,摇摆的好厉害，愿平安,0,38,1779080568411,浙江,5299880847479870,6162926109,沕涌潇师妹_3,f,https://m.weibo.cn/u/6162926109?launchid=10000360-page_H5,"https://tvax2.sinaimg.cn/crop.0.0.1080.1080.180/006J50C1ly8iahg1iun8sj30u00u0dhu.jpg?KID=imgbed,tva&Expires=1779091368&ssig=hQ%2BPg1oAw8",search_comments_2026-05-18.csv,search_comment,摇摆的好厉害愿平安,True,False
5299891426300666,1779104846,2026-05-18 11:47:26+08:00,5299868214241175,#柳州地震有人连夜开车回南宁桂林# 柳州此次地震有何特点？@微博智搜,0,0,1779080574906,,5299891426300666,1789681642,第一现场,m,https://m.weibo.cn/u/1789681642?launchid=10000360-page_H5,"https://tvax3.sinaimg.cn/crop.0.0.1080.1080.180/6aac5fealy8i1pd5xbxk3j20u00u0q3a.jpg?KID=imgbed,tva&Expires=1779091374&ssig=S6JmBGtxi0",search_comments_2026-05-18.csv,search_comment, 柳州此次地震有何特点,True,False
5299895260416911,1779105760,2026-05-18 12:02:40+08:00,5299868214241175,不经常地震的地方，房屋建筑时没有考虑这方面,0,25,1779080574911,湖北,5299895260416911,6001751544,湖底月色朦胧,m,https://m.weibo.cn/u/6001751544?launchid=10000360-page_H5,"https://tvax2.sinaimg.cn/crop.0.0.996.996.180/006yaJKgly8gybw4hm3z9j30ro0rotad.jpg?KID=imgbed,tva&Expires=1779091374&ssig=xHkQg0ycuI",search_comments_2026-05-18.csv,search_comment,不经常地震的地方房屋建筑时没有考虑这方面,True,False
5299865479550985,1779098660,2026-05-18 10:04:20+08:00,5299864318512603,连夜救援太拼了，希望一切安好,3,5,1779080581381,四川,5299865479550985,7673671270,旅行家小圆,f,https://m.weibo.cn/u/7673671270?launchid=10000360-page_H5,"https://tvax3.sinaimg.cn/crop.0.0.1080.1080.180/008njWrsly8iawvf0bx6kj30u00u079e.jpg?KID=imgbed,tva&Expires=1779091381&ssig=%2FXixd817Lh",search_comments_2026-05-18.csv,search_comment,连夜救援太拼了希望一切安好,True,False
5299865506549185,1779098666,2026-05-18 10:04:26+08:00,5299864318512603,感谢各位救援人员拼命抢险救灾,0,4,1779080581390,四川,5299865506549185,2609439217,大米饭多吃点,f,https://m.weibo.cn/u/2609439217?launchid=10000360-page_H5,"https://tvax4.sinaimg.cn/crop.0.0.1080.1080.180/9b88e1f1ly8i802gnm7xbj20u00u0n23.jpg?KID=imgbed,tva&Expires=1779091381&ssig=cX%2FbsVM0X6",search_comments_2026-05-18.csv,search_comment,感谢各位救援人员拼命抢险救灾,True,False
5299868983362679,1779099495,2026-05-18 10:18:15+08:00,5299867521908964,平安最重要,0,0,1779080587864,江西,5299868983362679,7823757584,_如果你也想看冰岛的雪,f,https://m.weibo.cn/u/7823757584?launchid=10000360-page_H5,"https://tvax2.sinaimg.cn/crop.0.0.1080.1080.180/008xtGKsly8ic6o8i60uhj30u00u0dj2.jpg?KID=imgbed,tva&Expires=1779091387&ssig=Tr520C3jRK",search_comments_2026-05-18.csv,search_comment,平安最重要,True,False
5299900562277871,1779107024,2026-05-18 12:23:44+08:00,5299881333753018,怎么提前预防？,1,0,1779080594290,上海,5299900562277871,7755360761,白朴怪曼特农,m,https://m.weibo.cn/u/7755360761?launchid=10000360-page_H5,"https://tvax4.sinaimg.cn/crop.0.0.1080.1080.180/008sQHBTly8h8dm2jpd6bj30u00u03zt.jpg?KID=imgbed,tva&Expires=1779091394&ssig=fM0By%2BYJ%2F9",search_comments_2026-05-18.csv,search_comment,怎么提前预防,True,False
5299882149807517,1779102633,2026-05-18 11:10:33+08:00,5299881333753018,没遇上就还好,0,1,1779080594295,广东,5299882149807517,7613090011,Sphire43850,m,https://m.weibo.cn/u/7613090011?launchid=10000360-page_H5,"https://tvax2.sinaimg.cn/crop.0.0.884.884.180/008jdKunly8gt5a2ee4krj30ok0okgo2.jpg?KID=imgbed,tva&Expires=1779091394&ssig=xQjBpuWIhB",search_comments_2026-05-18.csv,search_comment,没遇上就还好,True,False
5299868593031915,1779099402,2026-05-18 10:16:42+08:00,5299863344385188,愿平安无事,0,1,1779080600746,河北,5299868593031915,7822450497,三分球与高马尾,f,https://m.weibo.cn/u/7822450497?launchid=10000360-page_H5,"https://tvax4.sinaimg.cn/crop.0.0.1080.1080.180/008xocIply8i6cpk8nvk2j30u00u0acd.jpg?KID=imgbed,tva&Expires=1779091400&ssig=8j%2BOBbwn5p",search_comments_2026-05-18.csv,search_comment,愿平安无事,True,False
5299909091655961,1779109057,2026-05-18 12:57:37+08:00,5299885072713125,5.2级的地震，房子就塌了,0,0,1779080607153,四川,5299909091655961,7821782173,Lyh2024,m,https://m.weibo.cn/u/7821782173?launchid=10000360-page_H5,"https://tvax4.sinaimg.cn/crop.0.0.1080.1080.180/008xloQZly8hlnuif01zoj30u00u0wh8.jpg?KID=imgbed,tva&Expires=1779091406&ssig=67aPiYq0hK",search_comments_2026-05-18.csv,search_comment,52级的地震房子就塌了,True,False
5299592784773545,1779033644,2026-05-17 16:00:44+08:00,5299592153532638,而其评论区不少网友仍在喊话毛巾少爷，账号“去二叔化”。,3,92,1779080631264,,5299592784773545,1655444627,潇湘晨报,m,https://m.weibo.cn/u/1655444627?launchid=10000360-page_H5,"https://tvax4.sinaimg.cn/crop.0.0.826.826.180/001O24LNly8h8viu4nck1j60my0myq3m02.jpg?KID=imgbed,tva&Expires=1779091430&ssig=6OWu2%2B6zT3",search_comments_2026-05-18.csv,search_comment,而其评论区不少网友仍在喊话毛巾少爷账号去二叔化,True,False
5299592830126613,1779033655,2026-05-17 16:00:55+08:00,5299592153532638,近日，洁丽雅40周年庆典在社交平台引发舆论风波。网友们扒出股权结构图、家庭成员关系传闻等，让这场品牌庆典变成全网围观的豪门故事会。,2,19,1779080631272,,5299592830126613,1655444627,潇湘晨报,m,https://m.weibo.cn/u/1655444627?launchid=10000360-page_H5,"https://tvax4.sinaimg.cn/crop.0.0.826.826.180/001O24LNly8h8viu4nck1j60my0myq3m02.jpg?KID=imgbed,tva&Expires=1779091431&ssig=lda8JLBj6c",search_comments_2026-05-18.csv,search_comment,近日洁丽雅40周年庆典在社交平台引发舆论风波网友们扒出股权结构图家庭成员关系传闻等让这场品牌庆典变成全网围观的豪门故事会,True,False
5299592696697989,1779033623,2026-05-17 16:00:23+08:00,5299592153532638,5月17日，洁丽雅深陷舆论风波后，毛巾少爷社交平台更新一条视频，其与二叔石晶共同出镜，两人对话依旧相爱相杀，未回应近期争议。,1,8,1779080631281,,5299592696697989,1655444627,潇湘晨报,m,https://m.weibo.cn/u/1655444627?launchid=10000360-page_H5,"https://tvax4.sinaimg.cn/crop.0.0.826.826.180/001O24LNly8h8viu4nck1j60my0myq3m02.jpg?KID=imgbed,tva&Expires=1779091431&ssig=lda8JLBj6c",search_comments_2026-05-18.csv,search_comment,5月17日洁丽雅深陷舆论风波后毛巾少爷社交平台更新一条视频其与二叔石晶共同出镜两人对话依旧相爱相杀未回应近期争议,True,False
5299839135912260,1779092379,2026-05-18 08:19:39+08:00,5299838887399230,这个毛巾二叔长得还挺帅的,1,7,1779080638167,广东,5299839135912260,6858078050,天涯散养日志,f,https://m.weibo.cn/u/6858078050?launchid=10000360-page_H5,"https://tvax2.sinaimg.cn/crop.0.0.434.434.180/007u7No6ly8i2zo7ldpmcj30c20c23z7.jpg?KID=imgbed,tva&Expires=1779091437&ssig=7NMD%2BDWn3Z",search_comments_2026-05-18.csv,search_comment,这个毛巾二叔长得还挺帅的,True,False
5299850133638592,1779095001,2026-05-18 09:03:21+08:00,5299838887399230,这种关系好的，挺多的吧，赌王家庭，特朗普家庭。,1,2,1779080638169,广东,5299850133638592,5107633116,剑雅教育,m,https://m.weibo.cn/u/5107633116?launchid=10000360-page_H5,"https://tva1.sinaimg.cn/crop.0.0.720.720.180/005zF6Hijw8egs4d6tz87j30k00k0mzd.jpg?KID=imgbed,tva&Expires=1779091437&ssig=UX6deNt4kU",search_comments_2026-05-18.csv,search_comment,这种关系好的挺多的吧赌王家庭特朗普家庭,True,False
5299839089771258,1779092368,2026-05-18 08:19:28+08:00,5299838887399230,真的太搞笑了,1,2,1779080638176,广东,5299839089771258,6858078050,天涯散养日志,f,https://m.weibo.cn/u/6858078050?launchid=10000360-page_H5,"https://tvax2.sinaimg.cn/crop.0.0.434.434.180/007u7No6ly8i2zo7ldpmcj30c20c23z7.jpg?KID=imgbed,tva&Expires=1779091437&ssig=7NMD%2BDWn3Z",search_comments_2026-05-18.csv,search_comment,真的太搞笑了,True,False
5299865409294322,1779098643,2026-05-18 10:04:03+08:00,5299863274393228,这个节目叫什么名字啊,1,2,1779080644575,江苏,5299865409294322,7341970487,童心无极,m,https://m.weibo.cn/u/7341970487?launchid=10000360-page_H5,"https://tvax2.sinaimg.cn/crop.0.0.1080.1080.180/0080S9UPly8hsnu1p8ksuj30u00u040m.jpg?KID=imgbed,tva&Expires=1779091444&ssig=YD7740Zf0z",search_comments_2026-05-18.csv,search_comment,这个节目叫什么名字啊,True,False
5299864238036212,1779098364,2026-05-18 09:59:24+08:00,5299863274393228,什么节目呀？,1,3,1779080644584,山东,5299864238036212,8382173156,莱健雅,f,https://m.weibo.cn/u/8382173156?launchid=10000360-page_H5,"https://tvax3.sinaimg.cn/crop.0.0.500.500.180/0099gK9ely8i5jxrm0rb3j30dw0dw0tf.jpg?KID=imgbed,tva&Expires=1779091444&ssig=Mwy6kZTLbt",search_comments_2026-05-18.csv,search_comment,什么节目呀,True,False
5299865976311329,1779098778,2026-05-18 10:06:18+08:00,5299863274393228,合着二叔就是行走的闹钟,0,3,1779080644590,四川,5299865976311329,3049179297,李大猪蹄子,f,https://m.weibo.cn/u/3049179297?launchid=10000360-page_H5,"https://tvax3.sinaimg.cn/crop.0.0.1080.1080.180/b5bec8a1ly8i3s9s6vnfqj20u00u0wg1.jpg?KID=imgbed,tva&Expires=1779091444&ssig=5b4L0dvlsU",search_comments_2026-05-18.csv,search_comment,合着二叔就是行走的闹钟,True,False
5299846965890771,1779094246,2026-05-18 08:50:46+08:00,5299842830304014,大家都在吃他家的瓜,0,2,1779080650977,山东,5299846965890771,2960623491,采小汐,f,https://m.weibo.cn/u/2960623491?launchid=10000360-page_H5,"https://tvax3.sinaimg.cn/crop.0.0.512.512.180/b0778783ly8i2oc7w6h5oj20e80e8dgj.jpg?KID=imgbed,tva&Expires=1779091450&ssig=kZPEKmK%2BwE",search_comments_2026-05-18.csv,search_comment,大家都在吃他家的瓜,True,False
5299846185484475,1779094059,2026-05-18 08:47:39+08:00,5299842830304014,真的是相爱相杀呀,0,0,1779080650984,湖南,5299846185484475,7897796057,幸运full叠满,m,https://m.weibo.cn/u/7897796057?launchid=10000360-page_H5,"https://tvax2.sinaimg.cn/crop.0.0.1080.1080.180/008Culxnly8iba5ih2uqkj30u00u0gny.jpg?KID=imgbed,tva&Expires=1779091450&ssig=7lRgfCmpDA",search_comments_2026-05-18.csv,search_comment,真的是相爱相杀呀,True,False
5299845292363262,1779093847,2026-05-18 08:44:07+08:00,5299842830304014,确实莫名磕上了,0,0,1779080650988,广东,5299845292363262,5732989648,陈大婉是小机灵儿,f,https://m.weibo.cn/u/5732989648?launchid=10000360-page_H5,"https://tvax1.sinaimg.cn/crop.0.0.1080.1080.180/006fZ2uYly8i82lzwx7tcj30u00u0mzi.jpg?KID=imgbed,tva&Expires=1779091450&ssig=GPN9TFHctV",search_comments_2026-05-18.csv,search_comment,确实莫名磕上了,True,False
5299844042195676,1779093549,2026-05-18 08:39:09+08:00,5299843955427216,少爷跟二叔你们更喜欢谁,2,17,1779080657512,青海,5299844042195676,7813950653,玫瑰泠,f,https://m.weibo.cn/u/7813950653?launchid=10000360-page_H5,"https://tvax1.sinaimg.cn/crop.0.0.1080.1080.180/008wOxw9ly8id7goh50xnj30u00u077o.jpg?KID=imgbed,tva&Expires=1779091457&ssig=nHWNm3k9QT",search_comments_2026-05-18.csv,search_comment,少爷跟二叔你们更喜欢谁,True,False
5299844369351943,1779093627,2026-05-18 08:40:27+08:00,5299843955427216,评论区喊去二叔化，你看不见？,1,1,1779080657519,青海,5299844369351943,7813317638,养只小喵叫七零,m,https://m.weibo.cn/u/7813317638?launchid=10000360-page_H5,"https://tvax3.sinaimg.cn/crop.0.1.1078.1078.180/008wLSQely8id7isldou9j30ty0u0773.jpg?KID=imgbed,tva&Expires=1779091457&ssig=J3la9mxgA8",search_comments_2026-05-18.csv,search_comment,评论区喊去二叔化你看不见,True,False
5299844386130290,1779093631,2026-05-18 08:40:31+08:00,5299843955427216,两个我都不怎么喜欢,0,1,1779080657527,安徽,5299844386130290,7017008162,暧昧胶片,m,https://m.weibo.cn/u/7017008162?launchid=10000360-page_H5,"https://tvax1.sinaimg.cn/crop.0.0.1080.1080.180/007ESEn0ly8id8ykpfxanj30u00u0jxe.jpg?KID=imgbed,tva&Expires=1779091457&ssig=ImyE8iY6bn",search_comments_2026-05-18.csv,search_comment,两个我都不怎么喜欢,True,False
5299829937013981,1779090186,2026-05-18 07:43:06+08:00,5299828143949860,5月18日，国际原油、黄金白银开盘后走高。,4,1,1779080732426,,5299829937013981,6105713761,红星新闻,f,https://m.weibo.cn/u/6105713761?launchid=10000360-page_H5,"https://tvax1.sinaimg.cn/crop.0.0.512.512.180/006FcX4dly8h8vgewp7wsj30e80e8mxd.jpg?KID=imgbed,tva&Expires=1779091532&ssig=cS6Zx%2BlwMq",search_comments_2026-05-18.csv,search_comment,5月18日国际原油黄金白银开盘后走高,True,False
5299889361651652,1779104354,2026-05-18 11:39:14+08:00,5299888980231344,大家觉得黄金这轮大跌能买吗？,3,3,1779080738894,广东,5299889361651652,7553752404,在圈里收瓜,f,https://m.weibo.cn/u/7553752404?launchid=10000360-page_H5,"https://tvax4.sinaimg.cn/crop.0.0.1045.1045.180/008fcM4cly8hc7mi1eg1pj30t10t1acm.jpg?KID=imgbed,tva&Expires=1779091538&ssig=16EWlJ3H%2FL",search_comments_2026-05-18.csv,search_comment,大家觉得黄金这轮大跌能买吗,True,False
5299892381550793,1779105074,2026-05-18 11:51:14+08:00,5299888980231344,@微博智搜 今日金价,1,1,1779080738899,广东,5299892381550793,2849752454,竹丑,f,https://m.weibo.cn/u/2849752454?launchid=10000360-page_H5,"https://tvax3.sinaimg.cn/crop.0.0.1080.1080.180/a9dbc586ly8gyztpippf8j20u00u140c.jpg?KID=imgbed,tva&Expires=1779091538&ssig=rdGIEYSGP6",search_comments_2026-05-18.csv,search_comment, 今日金价,True,False
5299898631325920,1779106564,2026-05-18 12:16:04+08:00,5299888980231344,跌的挺狠啊,0,1,1779080738903,山东,5299898631325920,5096284073,枫眠雪86,f,https://m.weibo.cn/u/5096284073?launchid=10000360-page_H5,"https://tvax1.sinaimg.cn/crop.0.0.1080.1080.180/005yTuidly8i5kki4bf43j30u00u00uw.jpg?KID=imgbed,tva&Expires=1779091538&ssig=9uIgtgbIsM",search_comments_2026-05-18.csv,search_comment,跌的挺狠啊,True,False
5299904950045534,1779108070,2026-05-18 12:41:10+08:00,5299895229486781,金价波动是机遇，把握当下创收益！🎉,0,0,1779080745633,福建,5299904950045534,2278418951,深海中的森林,m,https://m.weibo.cn/u/2278418951?launchid=10000360-page_H5,"https://tvax3.sinaimg.cn/crop.0.0.946.946.180/87cdea07ly8htpb31xfyrj20qa0qamyo.jpg?KID=imgbed,tva&Expires=1779091545&ssig=ymqVvL6JvA",search_comments_2026-05-18.csv,search_comment,金价波动是机遇把握当下创收益,True,False
5299904939557471,1779108067,2026-05-18 12:41:07+08:00,5299895229486781,【当头棒喝】金价的起起伏伏，不如一根烟搭的云梯——搭上去是井壁，篝火也是假的（注：浙江俚语涨得可以摸摸头之韵变体）。,0,0,1779080745646,福建,5299904939557471,7921988580,步崖r,f,https://m.weibo.cn/u/7921988580?launchid=10000360-page_H5,"https://tvax2.sinaimg.cn/crop.0.0.512.512.180/008E7R7mly8hprff3ez9uj30e80e80u4.jpg?KID=imgbed,tva&Expires=1779091545&ssig=5dm67I1sSp",search_comments_2026-05-18.csv,search_comment,当头棒喝金价的起起伏伏不如一根烟搭的云梯搭上去是井壁篝火也是假的注浙江俚语涨得可以摸摸头之韵变体,True,False
5299904937200409,1779108067,2026-05-18 12:41:07+08:00,5299895229486781,面对金市的波动，我们需要有应对之策。,0,0,1779080745658,福建,5299904937200409,2524464677,曾经的班子,m,https://m.weibo.cn/u/2524464677?launchid=10000360-page_H5,"https://tva1.sinaimg.cn/crop.0.0.180.180.180/96784625jw1e8qgp5bmzyj2050050aa8.jpg?KID=imgbed,tva&Expires=1779091545&ssig=4jFVjPg1Fu",search_comments_2026-05-18.csv,search_comment,面对金市的波动我们需要有应对之策,True,False
5293692135148321,1777626820,2026-05-01 09:13:40+08:00,5293689300582890,好的是，今天还要涨,0,2,1779080758661,河北,5293692135148321,2641693721,Q_领悟2014,m,https://m.weibo.cn/u/2641693721?launchid=10000360-page_H5,"https://tva4.sinaimg.cn/crop.0.0.180.180.180/9d750c19jw1e8qgp5bmzyj2050050aa8.jpg?KID=imgbed,tva&Expires=1779091558&ssig=RXBKCc71pE",search_comments_2026-05-18.csv,search_comment,好的是今天还要涨,True,False
5293690881048594,1777626520,2026-05-01 09:08:40+08:00,5293689300582890,你赢了欠三个主升浪,0,1,1779080758670,安徽,5293690881048594,5528912790,暹罗狗和布偶狗,m,https://m.weibo.cn/u/5528912790?launchid=10000360-page_H5,"https://tvax2.sinaimg.cn/crop.0.0.960.960.180/0062aKMKly8h1o7clpbczj30qo0qomz0.jpg?KID=imgbed,tva&Expires=1779091558&ssig=5kTRLMrQGJ",search_comments_2026-05-18.csv,search_comment,你赢了欠三个主升浪,True,False
5299884619991380,1779103223,2026-05-18 11:20:23+08:00,5299884314068640,你要不要购入,2,7,1779080765116,北京,5299884619991380,7521455728,鱼鱼味汤圆,f,https://m.weibo.cn/u/7521455728?launchid=10000360-page_H5,"https://tvax2.sinaimg.cn/crop.0.0.1080.1080.180/008d1ge4ly8id63l0qi4ej30u00u0jvy.jpg?KID=imgbed,tva&Expires=1779091564&ssig=pcdwFpCjzC",search_comments_2026-05-18.csv,search_comment,你要不要购入,True,False
5299908091578268,1779108819,2026-05-18 12:53:39+08:00,5299884314068640,怎么又开始了,0,0,1779080765151,安徽,5299908091578268,5347924429,加香菜请扣1,m,https://m.weibo.cn/u/5347924429?launchid=10000360-page_H5,"https://tvax4.sinaimg.cn/crop.0.0.1080.1080.180/005PVlrDly8id3w14ba7aj30u00u0q4y.jpg?KID=imgbed,tva&Expires=1779091564&ssig=OJSBhLb%2Fmv",search_comments_2026-05-18.csv,search_comment,怎么又开始了,True,False
5299896472305865,1779106048,2026-05-18 12:07:28+08:00,5299896101900113,这真是起伏不定呀！,0,0,1779080771761,广东,5299896472305865,3518216550,枫畔朝朝秋,f,https://m.weibo.cn/u/3518216550?launchid=10000360-page_H5,"https://tvax2.sinaimg.cn/crop.0.0.1080.1080.180/d1b3b966ly8i8crhl7qtij20u00u0jso.jpg?KID=imgbed,tva&Expires=1779091571&ssig=7pw4Vg1mI5",search_comments_2026-05-18.csv,search_comment,这真是起伏不定呀,True,False
5281226530234224,1774654788,2026-03-27 23:39:48+08:00,5281224642790802,我们普通散户都被震得头晕目眩难受死，可以想象私募大佬们的承受忍耐力比普通人强N倍！,1,12,1779080778430,广东,5281226530234224,6154199632,西门吹血2020,m,https://m.weibo.cn/u/6154199632?launchid=10000360-page_H5,"https://tvax4.sinaimg.cn/crop.0.0.640.640.180/006Iuosoly8hg9ewu3njpj30hs0hs74r.jpg?KID=imgbed,tva&Expires=1779091578&ssig=lW%2Bw9xtde%2B",search_comments_2026-05-18.csv,search_comment,我们普通散户都被震得头晕目眩难受死可以想象私募大佬们的承受忍耐力比普通人强N倍,True,False
5281393950851111,1774694703,2026-03-28 10:45:03+08:00,5281224642790802,担心油价过高，持有黄金的国家受不了…,0,0,1779080778441,中国香港,5281393950851111,6490488174,范力文Liwen,m,https://m.weibo.cn/u/6490488174?launchid=10000360-page_H5,"https://tvax2.sinaimg.cn/crop.0.0.1080.1080.180/0075fqt8ly8i8fzd7nc3dj30u00u0n0i.jpg?KID=imgbed,tva&Expires=1779091578&ssig=LzHXCTd5D%2F",search_comments_2026-05-18.csv,search_comment,担心油价过高持有黄金的国家受不了,True,False
5281225329874188,1774654502,2026-03-27 23:35:02+08:00,5281224642790802,油涨，金涨…这是为什么啊？,2,1,1779080778455,福建,5281225329874188,3152121257,瘦桃子肥橘,m,https://m.weibo.cn/u/3152121257?launchid=10000360-page_H5,"https://tva1.sinaimg.cn/crop.0.0.1242.1242.180/bbe18da9jw8exrntf1iubj20yi0yidlj.jpg?KID=imgbed,tva&Expires=1779091578&ssig=42iRwLZ2Qu",search_comments_2026-05-18.csv,search_comment,油涨金涨这是为什么啊,True,False
5299885494766249,1779103432,2026-05-18 11:23:52+08:00,5299883273622773,工作结束正常聚餐，期待白鹿莫离,0,44,1779080795805,江苏,5299885494766249,7833916715,多肉肉多yy,f,https://m.weibo.cn/u/7833916715?launchid=10000360-page_H5,"https://tvax3.sinaimg.cn/crop.0.0.1080.1080.180/008yajBply8i7bhurewrsj30u00u0diq.jpg?KID=imgbed,tva&Expires=1779091595&ssig=0oIq1FOLdk",search_comments_2026-05-18.csv,search_comment,工作结束正常聚餐期待白鹿莫离,True,False
5299892880671264,1779105192,2026-05-18 11:53:12+08:00,5299883273622773,预约《翘楚》，期待周翊然谢燕来,0,10,1779080795810,河南,5299892880671264,7809046608,Violet-wer,m,https://m.weibo.cn/u/7809046608?launchid=10000360-page_H5,"https://tvax2.sinaimg.cn/crop.0.0.700.700.180/008wtXKEly8ic1max1e71j30jg0jgdhc.jpg?KID=imgbed,tva&Expires=1779091595&ssig=FbYzOzcdj0",search_comments_2026-05-18.csv,search_comment,预约翘楚期待周翊然谢燕来,True,False
5299883714283034,1779103007,2026-05-18 11:16:47+08:00,5299883273622773,正常朋友聚餐 白鹿没惹,1,66,1779080795816,浙江,5299883714283034,7022082718,一颗妍青梅_,f,https://m.weibo.cn/u/7022082718?launchid=10000360-page_H5,"https://tvax4.sinaimg.cn/crop.0.0.1080.1080.180/007FdWuGly8ibo339j61oj30u00u0go4.jpg?KID=imgbed,tva&Expires=1779091595&ssig=wnWUAM8XxF",search_comments_2026-05-18.csv,search_comment,正常朋友聚餐 白鹿没惹,True,False
5299897177737946,1779106217,2026-05-18 12:10:17+08:00,5299896968283994,好搭的两位，想磕，这么爱拍直接一起合作10部好吗,0,245,1779080808995,浙江,5299897177737946,6110664795,合知法犯法小混混,m,https://m.weibo.cn/u/6110664795?launchid=10000360-page_H5,"https://tvax4.sinaimg.cn/crop.0.0.1080.1080.180/006FxJ3Bly8i7rdlva0pqj30u00u076v.jpg?KID=imgbed,tva&Expires=1779091608&ssig=1lzClLmPfv",search_comments_2026-05-18.csv,search_comment,好搭的两位想磕这么爱拍直接一起合作10部好吗,True,False
5299897253233721,1779106235,2026-05-18 12:10:35+08:00,5299896968283994,所以到底是不是真的啊,0,3,1779080808998,吉林,5299897253233721,7777224071,好幸运啊1,f,https://m.weibo.cn/u/7777224071?launchid=10000360-page_H5,"https://tvax3.sinaimg.cn/crop.0.0.1080.1080.180/008ukrfVly8ibji6mg6fyj30u00u040e.jpg?KID=imgbed,tva&Expires=1779091608&ssig=tX3MzpWz%2Bn",search_comments_2026-05-18.csv,search_comment,所以到底是不是真的啊,True,False
5299898274552735,1779106479,2026-05-18 12:14:39+08:00,5299896968283994,也不影响其实 就像雁回时 其实也没靠cp,4,145,1779080809002,甘肃,5299898274552735,5337347917,见春天bululu,f,https://m.weibo.cn/u/5337347917?launchid=10000360-page_H5,"https://tvax4.sinaimg.cn/crop.0.0.1080.1080.180/005PcY0Jly8hot0j0ye6dj30u00u0jsx.jpg?KID=imgbed,tva&Expires=1779091608&ssig=w28%2Bgr%2BTfp",search_comments_2026-05-18.csv,search_comment,也不影响其实 就像雁回时 其实也没靠cp,True,False
5299888545072308,1779104159,2026-05-18 11:35:59+08:00,5299887710146219,吃瓜吃到自家，这波是彻底火了不过辟谣速度满分，白鹿小姐姐还是那个独立美丽的女子！期待《莫离》，希望剧情不要太虐啊 [语音评论12&quot;],0,3,1779080815426,AI吃瓜罗伯特,5299888545072308,5606716867,吃瓜罗伯特,f,https://m.weibo.cn/u/5606716867?launchid=10000360-page_H5,"https://tvax1.sinaimg.cn/crop.0.0.921.921.180/0067rdbdly8ibrqhbg0vxj30pl0pl404.jpg?KID=imgbed,tva&Expires=1779091615&ssig=4saIWDxqhJ",search_comments_2026-05-18.csv,search_comment,吃瓜吃到自家这波是彻底火了不过辟谣速度满分白鹿小姐姐还是那个独立美丽的女子期待莫离希望剧情不要太虐啊 语音评论12quot,True,False
5299888321468718,1779104106,2026-05-18 11:35:06+08:00,5299887710146219,让我们把白鹿单身四个字打在公屏上,0,19,1779080815436,广西,5299888321468718,5879139121,峥血旺不要放香菜_,f,https://m.weibo.cn/u/5879139121?launchid=10000360-page_H5,"https://tvax3.sinaimg.cn/crop.0.0.1080.1080.180/006pSgExly8iaxlfia15aj30u00u0q69.jpg?KID=imgbed,tva&Expires=1779091615&ssig=bLr7sW3CYA",search_comments_2026-05-18.csv,search_comment,让我们把白鹿单身四个字打在公屏上,True,False
5299887807928193,1779103983,2026-05-18 11:33:03+08:00,5299887710146219,白鹿单身不烫嘴,1,15,1779080815444,安徽,5299887807928193,5654205436,皆如愿923,m,https://m.weibo.cn/u/5654205436?launchid=10000360-page_H5,"https://tvax3.sinaimg.cn/crop.0.0.1080.1080.180/006aEt7Sly8i8fi390udqj30u00u0mzr.jpg?KID=imgbed,tva&Expires=1779091615&ssig=BsMEDSYByk",search_comments_2026-05-18.csv,search_comment,白鹿单身不烫嘴,True,False
5299900088322794,1779106911,2026-05-18 12:21:51+08:00,5299895741189088,是拍什么MV呀？,2,0,1779080821925,福建,5299900088322794,7190591423,BadaLong_,f,https://m.weibo.cn/u/7190591423?launchid=10000360-page_H5,"https://tvax2.sinaimg.cn/crop.0.0.1080.1080.180/007QCZj1ly8ibsqr9k4dhj30u00u0wgi.jpg?KID=imgbed,tva&Expires=1779091621&ssig=WPI1XSaJUO",search_comments_2026-05-18.csv,search_comment,是拍什么MV呀,True,False
5299904534810102,1779107971,2026-05-18 12:39:31+08:00,5299895741189088,白鹿好美呀。,1,1,1779080821928,广东,5299904534810102,5797057768,诗卓卓丫,f,https://m.weibo.cn/u/5797057768?launchid=10000360-page_H5,"https://tvax2.sinaimg.cn/crop.0.0.662.662.180/006kjRxKly8i0n62sf5smj30ie0iejsk.jpg?KID=imgbed,tva&Expires=1779091621&ssig=C0E0xJiL7e",search_comments_2026-05-18.csv,search_comment,白鹿好美呀,True,False
5299910991941819,1779109511,2026-05-18 13:05:11+08:00,5299910943703283,最好的生活，不在别处，它在我们的心间。心安宁，人生安好，心恬淡，岁月清雅，心柔美，日子馨香，心有温暖，所遇皆是温柔，心怀希望，未来可期。,0,0,1779080845223,河南,5299910991941819,7785248431,狗卷酪猪包,f,https://m.weibo.cn/u/7785248431?launchid=10000360-page_H5,"https://tvax3.sinaimg.cn/crop.0.0.1080.1080.180/008uS6L5ly8i62jvyrnbyj30u00u0gmr.jpg?KID=imgbed,tva&Expires=1779091644&ssig=E7bn1Mc7sK",search_comments_2026-05-18.csv,search_comment,最好的生活不在别处它在我们的心间心安宁人生安好心恬淡岁月清雅心柔美日子馨香心有温暖所遇皆是温柔心怀希望未来可期,True,False
5299910979096137,1779109508,2026-05-18 13:05:08+08:00,5299910943703283,让我们善待生命中的缺点，以宽容之心看自己，以豁达之心微笑面对生活，我们便会与欢乐相伴，与幸福相随。微小的缺点也是美的。,0,0,1779080845228,河南,5299910979096137,7785248431,狗卷酪猪包,f,https://m.weibo.cn/u/7785248431?launchid=10000360-page_H5,"https://tvax3.sinaimg.cn/crop.0.0.1080.1080.180/008uS6L5ly8i62jvyrnbyj30u00u0gmr.jpg?KID=imgbed,tva&Expires=1779091644&ssig=E7bn1Mc7sK",search_comments_2026-05-18.csv,search_comment,让我们善待生命中的缺点以宽容之心看自己以豁达之心微笑面对生活我们便会与欢乐相伴与幸福相随微小的缺点也是美的,True,False
5299910966773630,1779109505,2026-05-18 13:05:05+08:00,5299910943703283,笑对生活是一种态度，善待人生是一种境界。感恩拥有的一切，珍惜身边的朋友，享受每天的阳光，快乐无忧地生活，就是最美的时光。感恩所有的遇见。 ,0,0,1779080845233,河南,5299910966773630,7785248431,狗卷酪猪包,f,https://m.weibo.cn/u/7785248431?launchid=10000360-page_H5,"https://tvax3.sinaimg.cn/crop.0.0.1080.1080.180/008uS6L5ly8i62jvyrnbyj30u00u0gmr.jpg?KID=imgbed,tva&Expires=1779091644&ssig=E7bn1Mc7sK",search_comments_2026-05-18.csv,search_comment,笑对生活是一种态度善待人生是一种境界感恩拥有的一切珍惜身边的朋友享受每天的阳光快乐无忧地生活就是最美的时光感恩所有的遇见 ,True,False
5299904652247897,1779107999,2026-05-18 12:39:59+08:00,5299875791244231,没有孟子义吗,4,0,1779080879250,山西,5299904652247897,7762795303,--80s----,f,https://m.weibo.cn/u/7762795303?launchid=10000360-page_H5,"https://tvax4.sinaimg.cn/crop.0.1.1078.1078.180/008tlTFRly8icu8tllfxoj30ty0u0jv7.jpg?KID=imgbed,tva&Expires=1779091679&ssig=6954DD%2B4eO",search_comments_2026-05-18.csv,search_comment,没有孟子义吗,True,False
5299905172340966,1779108122,2026-05-18 12:42:02+08:00,5299875791244231,白鹿这身好惊艳,0,4,1779080879255,辽宁,5299905172340966,3269336770,水薇adina,f,https://m.weibo.cn/u/3269336770?launchid=10000360-page_H5,"https://tvax2.sinaimg.cn/crop.0.0.787.787.180/c2de1ec2ly8hr62qnsyn9j20lv0lvt9y.jpg?KID=imgbed,tva&Expires=1779091679&ssig=oVPRtzO9xr",search_comments_2026-05-18.csv,search_comment,白鹿这身好惊艳,True,False
5299899620918047,1779106800,2026-05-18 12:20:00+08:00,5299875791244231,漂亮 查看图片,0,2,1779080879262,河南,5299899620918047,7864424901,aneye颖,f,https://m.weibo.cn/u/7864424901?launchid=10000360-page_H5,"https://tvax1.sinaimg.cn/crop.0.0.1080.1080.180/008AekaVly8icz62g2krfj30u00u076x.jpg?KID=imgbed,tva&Expires=1779091679&ssig=xkb054W5F3",search_comments_2026-05-18.csv,search_comment,漂亮 查看图片,True,False
5299879179718328,1779101926,2026-05-18 10:58:46+08:00,5299878628693488,红衣战袍太飒了！白鹿姐姐这气场直接拉满～ [语音评论5&quot;],0,1,1779080885684,AI吃瓜罗伯特,5299879179718328,5606716867,吃瓜罗伯特,f,https://m.weibo.cn/u/5606716867?launchid=10000360-page_H5,"https://tvax1.sinaimg.cn/crop.0.0.921.921.180/0067rdbdly8ibrqhbg0vxj30pl0pl404.jpg?KID=imgbed,tva&Expires=1779091685&ssig=RktC8KltDw",search_comments_2026-05-18.csv,search_comment,红衣战袍太飒了白鹿姐姐这气场直接拉满 语音评论5quot,True,False
5299903683103493,1779107768,2026-05-18 12:36:08+08:00,5299902986585812,秒了时代峰峻的所有妆造,0,54,1779080892108,重庆,5299903683103493,5401878865,猪猪源酱,f,https://m.weibo.cn/u/5401878865?launchid=10000360-page_H5,"https://tvax3.sinaimg.cn/crop.0.0.1024.1024.180/005TzJstly8i82q95u8zyj30sg0sg78h.jpg?KID=imgbed,tva&Expires=1779091691&ssig=hq2%2BpIaCo7",search_comments_2026-05-18.csv,search_comment,秒了时代峰峻的所有妆造,True,False
5299903802905070,1779107797,2026-05-18 12:36:37+08:00,5299902986585812,张真源身型气质太好了，好长的腿！！💚,0,29,1779080892115,湖北,5299903802905070,7923651394,橙子呼源-,f,https://m.weibo.cn/u/7923651394?launchid=10000360-page_H5,"https://tvax4.sinaimg.cn/crop.0.0.1024.1024.180/008EePGWly8i9ptpwgg85j30sg0sgacr.jpg?KID=imgbed,tva&Expires=1779091691&ssig=vCWPDoHRfd",search_comments_2026-05-18.csv,search_comment,张真源身型气质太好了好长的腿,True,False
5299904518029789,1779107966,2026-05-18 12:39:26+08:00,5299902986585812,张真源能文能武，又会读书，又能打仗,0,21,1779080892120,江西,5299904518029789,1922006953,甜茶真源,f,https://m.weibo.cn/u/1922006953?launchid=10000360-page_H5,"https://tvax4.sinaimg.cn/crop.0.0.1080.1080.180/728f7fa9ly8ibtezmg4tij20u00u00ww.jpg?KID=imgbed,tva&Expires=1779091691&ssig=6oVsXlpKmt",search_comments_2026-05-18.csv,search_comment,张真源能文能武又会读书又能打仗,True,False
5299894870084258,1779105667,2026-05-18 12:01:07+08:00,5299894262433481,抿着小嘴打招呼的张真源@时代少年团-张真源,0,12,1779080898610,重庆,5299894870084258,5401878865,猪猪源酱,f,https://m.weibo.cn/u/5401878865?launchid=10000360-page_H5,"https://tvax3.sinaimg.cn/crop.0.0.1024.1024.180/005TzJstly8i82q95u8zyj30sg0sg78h.jpg?KID=imgbed,tva&Expires=1779091698&ssig=Dr9EU%2B5BMa",search_comments_2026-05-18.csv,search_comment,抿着小嘴打招呼的张真源,True,False
5299896206755052,1779105986,2026-05-18 12:06:26+08:00,5299894262433481,好优雅的宝宝,0,9,1779080898614,浙江,5299896206755052,7488425424,爱奈36D,f,https://m.weibo.cn/u/7488425424?launchid=10000360-page_H5,"https://tvax4.sinaimg.cn/crop.0.0.512.512.180/008aMFxely8haztaf3uh0j30e80e8mxo.jpg?KID=imgbed,tva&Expires=1779091698&ssig=Robgg0eo6%2F",search_comments_2026-05-18.csv,search_comment,好优雅的宝宝,True,False
5299892877789097,1779105192,2026-05-18 11:53:12+08:00,5299892373162061,战国袍造型绝了，仿佛穿越回了那个风云变幻的时代！ [语音评论5&quot;],1,15,1779080905206,AI吃瓜罗伯特,5299892877789097,5606716867,吃瓜罗伯特,f,https://m.weibo.cn/u/5606716867?launchid=10000360-page_H5,"https://tvax1.sinaimg.cn/crop.0.0.921.921.180/0067rdbdly8ibrqhbg0vxj30pl0pl404.jpg?KID=imgbed,tva&Expires=1779091704&ssig=qy323pS%2BlA",search_comments_2026-05-18.csv,search_comment,战国袍造型绝了仿佛穿越回了那个风云变幻的时代 语音评论5quot,True,False
5299895630039558,1779105848,2026-05-18 12:04:08+08:00,5299892373162061,为啥以前的嘉宾全是耳熟能详的，现在的嘉宾全是无人认识的,0,5,1779080905213,四川,5299895630039558,6045383577,入室劫色,m,https://m.weibo.cn/u/6045383577?launchid=10000360-page_H5,"https://tvax4.sinaimg.cn/crop.0.0.600.600.180/006B7OqJly8hu9aqji1adj30go0goq4c.jpg?KID=imgbed,tva&Expires=1779091704&ssig=Zda5LGNIp5",search_comments_2026-05-18.csv,search_comment,为啥以前的嘉宾全是耳熟能详的现在的嘉宾全是无人认识的,True,False
5299899277247755,1779106718,2026-05-18 12:18:38+08:00,5299892373162061,张真源帅得好突出呀！特别有气质💚,1,191,1779080905221,广东,5299899277247755,5905550660,o12766o_,m,https://m.weibo.cn/u/5905550660?launchid=10000360-page_H5,"https://tvax2.sinaimg.cn/crop.0.0.1012.1012.180/006rF5v6ly8ibf00r8nedj30s40s4wfv.jpg?KID=imgbed,tva&Expires=1779091704&ssig=KKzM19Lnbd",search_comments_2026-05-18.csv,search_comment,张真源帅得好突出呀特别有气质,True,False
5299911730927633,1779109687,2026-05-18 13:08:07+08:00,5299911278202127,这期的造型，简直就是艺术品啊！殷墟文化与时尚的完美碰撞，太让人惊艳了！,0,0,1779080945458,AI吃瓜罗伯特,5299911730927633,5606716867,吃瓜罗伯特,f,https://m.weibo.cn/u/5606716867?launchid=10000360-page_H5,"https://tvax1.sinaimg.cn/crop.0.0.921.921.180/0067rdbdly8ibrqhbg0vxj30pl0pl404.jpg?KID=imgbed,tva&Expires=1779091745&ssig=7pQKzn9G1C",search_comments_2026-05-18.csv,search_comment,这期的造型简直就是艺术品啊殷墟文化与时尚的完美碰撞太让人惊艳了,True,False
5299888927540891,1779104250,2026-05-18 11:37:30+08:00,5299887539488300,这叫缩量流出么,0,0,1779080982865,福建,5299888927540891,2665454392,MaR_我的心肝宝贝,f,https://m.weibo.cn/u/2665454392?launchid=10000360-page_H5,"https://tvax4.sinaimg.cn/crop.0.0.1080.1080.180/9edf9b38ly8hpgxnosotsj20u00u0djf.jpg?KID=imgbed,tva&Expires=1779091782&ssig=GGTU3IympI",search_comments_2026-05-18.csv,search_comment,这叫缩量流出么,True,False
5299825706797807,1779089177,2026-05-18 07:26:17+08:00,5299821527172482,这可比20年前号称亚洲最赚钱的公司牛多了,0,3,1779080989325,陕西,5299825706797807,5505845064,西安Lee先生,m,https://m.weibo.cn/u/5505845064?launchid=10000360-page_H5,"https://tvax4.sinaimg.cn/crop.0.0.512.512.180/0060BXOEly8h7durxqdelj30e80e80uc.jpg?KID=imgbed,tva&Expires=1779091789&ssig=VnvmjnP9Ou",search_comments_2026-05-18.csv,search_comment,这可比20年前号称亚洲最赚钱的公司牛多了,True,False
5299821808453240,1779088248,2026-05-18 07:10:48+08:00,5299821527172482,确实炸裂，一天3亿。。。。,0,0,1779080989330,广东,5299821808453240,1654040874,天堂与净土,m,https://m.weibo.cn/u/1654040874?launchid=10000360-page_H5,"https://tvax2.sinaimg.cn/crop.0.0.600.600.180/6296a92aly8hu4efuxhtsj20go0godgv.jpg?KID=imgbed,tva&Expires=1779091789&ssig=UoY918yCcr",search_comments_2026-05-18.csv,search_comment,确实炸裂一天3亿,True,False
5299849914484104,1779094949,2026-05-18 09:02:29+08:00,5299849038922139,928不拉黑,0,1,1779080995767,上海,5299849914484104,6256151431,善是慧,f,https://m.weibo.cn/u/6256151431?launchid=10000360-page_H5,"https://tvax3.sinaimg.cn/crop.0.0.1080.1080.180/006PoaMfly8ic1p8xspcjj30u00u0tb0.jpg?KID=imgbed,tva&Expires=1779091795&ssig=sXU3Jc%2FM0W",search_comments_2026-05-18.csv,search_comment,928不拉黑,True,False
5299879198851764,1779101930,2026-05-18 10:58:50+08:00,5299876711891582,《周期》说：极端终会回归均值,3,10,1779081002310,四川,5299879198851764,7968262113,爱吃胡萝卜1558,m,https://m.weibo.cn/u/7968262113?launchid=10000360-page_H5,"https://tvax1.sinaimg.cn/crop.0.0.1023.1023.180/008Hg0YFly8hwfs0tq4xhj30sg0sftd5.jpg?KID=imgbed,tva&Expires=1779091802&ssig=dQ1cIFVBrK",search_comments_2026-05-18.csv,search_comment,周期说极端终会回归均值,True,False
5299878184092134,1779101688,2026-05-18 10:54:48+08:00,5299876711891582,感谢帽子哥，才能科技持有到现在,1,3,1779081002317,广东,5299878184092134,2882404334,财圆鼓鼓,m,https://m.weibo.cn/u/2882404334?launchid=10000360-page_H5,"https://tvax2.sinaimg.cn/crop.0.0.1080.1080.180/abcdffeely8hy7qfwarwaj20u00u07bd.jpg?KID=imgbed,tva&Expires=1779091802&ssig=d1Cs%2BvGIjJ",search_comments_2026-05-18.csv,search_comment,感谢帽子哥才能科技持有到现在,True,False
5299877236181571,1779101463,2026-05-18 10:51:03+08:00,5299876711891582,哪有那么多板块买 就这点钱 哎,1,0,1779081002323,浙江,5299877236181571,7767329185,用户7767329185,m,https://m.weibo.cn/u/7767329185?launchid=10000360-page_H5,"https://tvax4.sinaimg.cn/crop.0.0.1080.1080.180/008tEV8Zly8i6ud6r9x0aj30u00u0jua.jpg?KID=imgbed,tva&Expires=1779091802&ssig=m2B7Q3BxDy",search_comments_2026-05-18.csv,search_comment,哪有那么多板块买 就这点钱 哎,True,False
5299827254755633,1779089545,2026-05-18 07:32:25+08:00,5299805032548178,P3这个姿势好难拿啊,0,0,1779081062041,北京,5299827254755633,1747003450,花钱的精,f,https://m.weibo.cn/u/1747003450?launchid=10000360-page_H5,"https://tva2.sinaimg.cn/crop.0.0.180.180.180/6821283ajw1e8qgp5bmzyj2050050aa8.jpg?KID=imgbed,tva&Expires=1779091861&ssig=reuvHm08Yh",search_comments_2026-05-18.csv,search_comment,P3这个姿势好难拿啊,True,False
5299807126291786,1779084747,2026-05-18 06:12:27+08:00,5299805032548178,天，怎么会状态好成这样！简直逆生长,0,1,1779081062046,江西,5299807126291786,2554406154,蛮好听,m,https://m.weibo.cn/u/2554406154?launchid=10000360-page_H5,"https://tvax2.sinaimg.cn/crop.0.0.1080.1080.180/9841250aly8gbkayohmbxj20u00u0gn2.jpg?KID=imgbed,tva&Expires=1779091861&ssig=4cguWinzH7",search_comments_2026-05-18.csv,search_comment,天怎么会状态好成这样简直逆生长,True,False
5299861823162687,1779097788,2026-05-18 09:49:48+08:00,5299860368786958,哇塞，真的很美啊！！仪态万千,1,1,1779081068383,内蒙古,5299861823162687,7530088302,姜十羽,f,https://m.weibo.cn/u/7530088302?launchid=10000360-page_H5,"https://tvax2.sinaimg.cn/crop.0.0.1080.1080.180/008dBtX8ly8i7okuurtd2j30u00u0tdj.jpg?KID=imgbed,tva&Expires=1779091868&ssig=6hkem5My%2Bv",search_comments_2026-05-18.csv,search_comment,哇塞真的很美啊仪态万千,True,False
5299861977041694,1779097825,2026-05-18 09:50:25+08:00,5299860368786958,气质封神氛围感直接拉满,0,0,1779081068384,辽宁,5299861977041694,7797714750,兎印,f,https://m.weibo.cn/u/7797714750?launchid=10000360-page_H5,"https://tvax4.sinaimg.cn/crop.0.0.1080.1080.180/008vIpOKly8id7o0kqqyrj30u00u076n.jpg?KID=imgbed,tva&Expires=1779091868&ssig=IpDoDE7pt0",search_comments_2026-05-18.csv,search_comment,气质封神氛围感直接拉满,True,False
5299898553205159,1779106544,2026-05-18 12:15:44+08:00,5299845981015889,上楼梯简直了😍状态无敌,0,1,1779081074752,四川,5299898553205159,2883980574,表姐我们都姓刘,f,https://m.weibo.cn/u/2883980574?launchid=10000360-page_H5,"https://tvax3.sinaimg.cn/crop.0.0.996.996.180/abe60d1ely8gbbksw622sj20ro0rodhc.jpg?KID=imgbed,tva&Expires=1779091874&ssig=bnhKHmdL8k",search_comments_2026-05-18.csv,search_comment,上楼梯简直了状态无敌,True,False
5299884968381368,1779103306,2026-05-18 11:21:46+08:00,5299845981015889,又美又明媚,0,1,1779081074754,湖南,5299884968381368,1372737794,Jupiterjb,m,https://m.weibo.cn/u/1372737794?launchid=10000360-page_H5,"https://tvax1.sinaimg.cn/crop.0.0.1080.1080.180/51d25102ly8i9viajchpjj20u00u0gop.jpg?KID=imgbed,tva&Expires=1779091874&ssig=upw4eyBU68",search_comments_2026-05-18.csv,search_comment,又美又明媚,True,False
5299876247375038,1779101227,2026-05-18 10:47:07+08:00,5299875564751473,韩素希生图太能打，颜值气场全在线。,0,9,1779081081191,浙江,5299876247375038,7930251425,丨丨Oo,m,https://m.weibo.cn/u/7930251425?launchid=10000360-page_H5,"https://tvax3.sinaimg.cn/crop.0.0.1080.1080.180/008EGwF3ly8i4mh7y49n8j30u00u0q8x.jpg?KID=imgbed,tva&Expires=1779091880&ssig=gY5ypYopjX",search_comments_2026-05-18.csv,search_comment,韩素希生图太能打颜值气场全在线,True,False
5299866385533100,1779098876,2026-05-18 10:07:56+08:00,5299862862038296,这个发型有点不对吧,0,0,1779081087590,江苏,5299866385533100,6089227120,金豆真来,f,https://m.weibo.cn/u/6089227120?launchid=10000360-page_H5,"https://tvax1.sinaimg.cn/crop.0.0.1080.1080.180/006E5M8Ely8i5vg5l6uexj30u00u0wip.jpg?KID=imgbed,tva&Expires=1779091887&ssig=ttBLtfH11l",search_comments_2026-05-18.csv,search_comment,这个发型有点不对吧,True,False
5299865296835149,1779098616,2026-05-18 10:03:36+08:00,5299862862038296,这次的红毯造型仔细看还挺好看的。,0,0,1779081087601,海南,5299865296835149,7645825238,MorsetVita,f,https://m.weibo.cn/u/7645825238?launchid=10000360-page_H5,"https://tvax4.sinaimg.cn/crop.0.0.1080.1080.180/008lr6pUly8id32wm3tlyj30u00u0q84.jpg?KID=imgbed,tva&Expires=1779091887&ssig=uzE2umC%2FTf",search_comments_2026-05-18.csv,search_comment,这次的红毯造型仔细看还挺好看的,True,False
5299911626592012,1779109662,2026-05-18 13:07:42+08:00,5299910004179891,三位姐姐的生图简直绝了，这颜值这气质，我酸了 [语音评论5&quot;],0,0,1779081094048,AI吃瓜罗伯特,5299911626592012,5606716867,吃瓜罗伯特,f,https://m.weibo.cn/u/5606716867?launchid=10000360-page_H5,"https://tvax1.sinaimg.cn/crop.0.0.921.921.180/0067rdbdly8ibrqhbg0vxj30pl0pl404.jpg?KID=imgbed,tva&Expires=1779091893&ssig=4AGxOx9WsI",search_comments_2026-05-18.csv,search_comment,三位姐姐的生图简直绝了这颜值这气质我酸了 语音评论5quot,True,False
5299872320196279,1779100291,2026-05-18 10:31:31+08:00,5299872056233502,啊啊啊啊啊啊啊啊啊,1,4,1779081138048,天津,5299872320196279,6124611693,A慕容雅静A,f,https://m.weibo.cn/u/6124611693?launchid=10000360-page_H5,"https://tvax4.sinaimg.cn/crop.0.0.996.996.180/006Gufhzly8h6b5fsw22xj30ro0rot9l.jpg?KID=imgbed,tva&Expires=1779091937&ssig=IhMmNtm5V3",search_comments_2026-05-18.csv,search_comment,啊啊啊啊啊啊啊啊啊,True,False
5299887694152938,1779103956,2026-05-18 11:32:36+08:00,5299887194770565,法爸这季带娃技能全面升级，看得我都想生二胎了,0,1,1779081144493,AI吃瓜罗伯特,5299887694152938,5606716867,吃瓜罗伯特,f,https://m.weibo.cn/u/5606716867?launchid=10000360-page_H5,"https://tvax1.sinaimg.cn/crop.0.0.921.921.180/0067rdbdly8ibrqhbg0vxj30pl0pl404.jpg?KID=imgbed,tva&Expires=1779091944&ssig=FLb4nogrVb",search_comments_2026-05-18.csv,search_comment,法爸这季带娃技能全面升级看得我都想生二胎了,True,False
5299887559147721,1779103923,2026-05-18 11:32:03+08:00,5299887194770565,期待你们和法法小可爱,0,0,1779081144509,山东,5299887559147721,6991715633,Alyson的_,f,https://m.weibo.cn/u/6991715633?launchid=10000360-page_H5,"https://tvax2.sinaimg.cn/crop.0.0.1080.1080.180/007DawCZly8id7cuvqlhhj30u00u0768.jpg?KID=imgbed,tva&Expires=1779091944&ssig=wH%2FU2Yz3eC",search_comments_2026-05-18.csv,search_comment,期待你们和法法小可爱,True,False
5299900921155267,1779107110,2026-05-18 12:25:10+08:00,5299887194770565,终于等到你们一家啦！！,0,0,1779081144525,陕西,5299900921155267,7649651227,寿根家大闺女,f,https://m.weibo.cn/u/7649651227?launchid=10000360-page_H5,"https://tvax3.sinaimg.cn/crop.0.0.1080.1080.180/008lH9Jply8hvilfiwltpj30u00u0jtj.jpg?KID=imgbed,tva&Expires=1779091944&ssig=hdS%2F%2BM%2BA5t",search_comments_2026-05-18.csv,search_comment,终于等到你们一家啦,True,False
5299888491593929,1779104146,2026-05-18 11:35:46+08:00,5299887974385845,太阳爸爸的带娃日常总是那么欢乐，期待新一季的故事！ [语音评论5&quot;],0,1,1779081151007,AI吃瓜罗伯特,5299888491593929,5606716867,吃瓜罗伯特,f,https://m.weibo.cn/u/5606716867?launchid=10000360-page_H5,"https://tvax1.sinaimg.cn/crop.0.0.921.921.180/0067rdbdly8ibrqhbg0vxj30pl0pl404.jpg?KID=imgbed,tva&Expires=1779091950&ssig=oAVvqFrrVb",search_comments_2026-05-18.csv,search_comment,太阳爸爸的带娃日常总是那么欢乐期待新一季的故事 语音评论5quot,True,False
5299888617423028,1779104175,2026-05-18 11:36:15+08:00,5299887974385845,期待期待欢迎王总一家 太阳一家回归！！原来当初在节目弹幕一直刷的 希望你们下一季还在 真的有用,1,5,1779081151014,广西,5299888617423028,6607766180,屁屁_好运版,f,https://m.weibo.cn/u/6607766180?launchid=10000360-page_H5,"https://tvax2.sinaimg.cn/crop.0.0.1080.1080.180/007dbvPSly8id3mb6nyljj30u00u0juz.jpg?KID=imgbed,tva&Expires=1779091950&ssig=0Pqbftj1js",search_comments_2026-05-18.csv,search_comment,期待期待欢迎王总一家 太阳一家回归原来当初在节目弹幕一直刷的 希望你们下一季还在 真的有用,True,False
5299888789130683,1779104217,2026-05-18 11:36:57+08:00,5299874535050238,理解了魏晨那句医护人员颜值都那么高嘛,0,7,1779081157461,江苏,5299888789130683,6227236010,车车-见过八喜版,f,https://m.weibo.cn/u/6227236010?launchid=10000360-page_H5,"https://tvax2.sinaimg.cn/crop.0.0.1080.1080.180/006NqQyuly8i5pq4bqbtrj30u00u0gmk.jpg?KID=imgbed,tva&Expires=1779091957&ssig=DldiH6EIpI",search_comments_2026-05-18.csv,search_comment,理解了魏晨那句医护人员颜值都那么高嘛,True,False
5299906023524312,1779108326,2026-05-18 12:45:26+08:00,5299874535050238,寸芷姐姐 好漂亮好甜,0,1,1779081157477,黑龙江,5299906023524312,7914666848,-JHorb-,f,https://m.weibo.cn/u/7914666848?launchid=10000360-page_H5,"https://tvax4.sinaimg.cn/crop.0.0.1080.1080.180/008DD8oUly8id9ixbgvcbj30u00u00vl.jpg?KID=imgbed,tva&Expires=1779091957&ssig=B%2Bje7SrsmL",search_comments_2026-05-18.csv,search_comment,寸芷姐姐 好漂亮好甜,True,False
5299870176911264,1779099780,2026-05-18 10:23:00+08:00,5299864399249443,爸爸当家每张海报都好好看期待@魏晨 老师！！,0,45,1779081164040,河北,5299870176911264,2052740113,小童想不出昵称,f,https://m.weibo.cn/u/2052740113?launchid=10000360-page_H5,"https://tvax1.sinaimg.cn/crop.0.0.1080.1080.180/7a5a5411ly8icef5785g6j20u00u0jtn.jpg?KID=imgbed,tva&Expires=1779091963&ssig=9l80MnrHXd",search_comments_2026-05-18.csv,search_comment,爸爸当家每张海报都好好看期待 老师,True,False
5299867310359224,1779099096,2026-05-18 10:11:36+08:00,5299864399249443,期待这个魏晨老师期待新一季的爸爸当家,1,42,1779081164045,四川,5299867310359224,6871364584,苏七染青瓷,f,https://m.weibo.cn/u/6871364584?launchid=10000360-page_H5,"https://tvax3.sinaimg.cn/crop.0.0.1080.1080.180/007v1xP2ly8ic9up8frr1j30u00u0q49.jpg?KID=imgbed,tva&Expires=1779091963&ssig=%2BEAJqGEmkb",search_comments_2026-05-18.csv,search_comment,期待这个魏晨老师期待新一季的爸爸当家,True,False
5299870028270379,1779099744,2026-05-18 10:22:24+08:00,5299864399249443,期待魏晨，期待分享@魏晨,1,36,1779081164050,四川,5299870028270379,5680464893,抓到一颗小橙子,f,https://m.weibo.cn/u/5680464893?launchid=10000360-page_H5,"https://tvax1.sinaimg.cn/crop.0.0.1079.1079.180/006cqEpvly8i5xyylatoxj30tz0u0dib.jpg?KID=imgbed,tva&Expires=1779091963&ssig=8jiEP6tvc8",search_comments_2026-05-18.csv,search_comment,期待魏晨期待分享,True,False
5299895479304730,1779105812,2026-05-18 12:03:32+08:00,5299864646980429,期待期待三三力安！欢迎太阳一家回归,0,4,1779081187233,广西,5299895479304730,6607766180,屁屁_好运版,f,https://m.weibo.cn/u/6607766180?launchid=10000360-page_H5,"https://tvax2.sinaimg.cn/crop.0.0.1080.1080.180/007dbvPSly8id3mb6nyljj30u00u0juz.jpg?KID=imgbed,tva&Expires=1779091987&ssig=ORJpUWHtFA",search_comments_2026-05-18.csv,search_comment,期待期待三三力安欢迎太阳一家回归,True,False
5299911738263194,1779109688,2026-05-18 13:08:08+08:00,5299902477505524,闻起来都香香的，安排起来,0,2,1779081193747,湖北,5299911738263194,7569038622,青山依旧如故zzz,f,https://m.weibo.cn/u/7569038622?launchid=10000360-page_H5,"https://tvax3.sinaimg.cn/crop.0.0.1080.1080.180/008geUI6ly8i97yijznmpj30u00u03zo.jpg?KID=imgbed,tva&Expires=1779091993&ssig=P7PTwnOC1t",search_comments_2026-05-18.csv,search_comment,闻起来都香香的安排起来,True,False
5299911693700058,1779109678,2026-05-18 13:07:58+08:00,5299902477505524,这样的知识要学起来,0,2,1779081193755,辽宁,5299911693700058,7312624640,清清静静的日子,f,https://m.weibo.cn/u/7312624640?launchid=10000360-page_H5,"https://tvax2.sinaimg.cn/crop.0.0.1080.1080.180/007YT1IIly8i7hjvjvouij30u00u0wgy.jpg?KID=imgbed,tva&Expires=1779091993&ssig=%2FQ%2FzVYO8X2",search_comments_2026-05-18.csv,search_comment,这样的知识要学起来,True,False
5299911679804671,1779109675,2026-05-18 13:07:55+08:00,5299902477505524,这药膳看着都觉得养生呀😋,0,0,1779081193765,四川,5299911679804671,7018172782,崽儿劳资蜀道山,m,https://m.weibo.cn/u/7018172782?launchid=10000360-page_H5,"https://tvax4.sinaimg.cn/crop.0.0.1080.1080.180/007EXxlcly8ibc34tllebj30u00u04aj.jpg?KID=imgbed,tva&Expires=1779091993&ssig=zOm3PDNH19",search_comments_2026-05-18.csv,search_comment,这药膳看着都觉得养生呀,True,False
5299877827315744,1779101604,2026-05-18 10:53:24+08:00,5299876143563237,难怪都喊他600，这图1,4,68,1779081207594,安徽,5299877827315744,2638380023,妙龄童李离离,m,https://m.weibo.cn/u/2638380023?launchid=10000360-page_H5,"https://tvax4.sinaimg.cn/crop.0.0.828.828.180/9d427bf7ly8gdgjja6w32j20n00n0758.jpg?KID=imgbed,tva&Expires=1779092007&ssig=WNZBKZT%2BSd",search_comments_2026-05-18.csv,search_comment,难怪都喊他600这图1,True,False
5299877227532408,1779101461,2026-05-18 10:51:01+08:00,5299876143563237,一瓶子卸妆水扔过来,0,26,1779081207600,湖北,5299877227532408,6654054828,屁街老弟爱放贷,f,https://m.weibo.cn/u/6654054828?launchid=10000360-page_H5,"https://tvax2.sinaimg.cn/crop.0.0.1080.1080.180/007gjJCYly8id9e5cxai9j30u00u0dil.jpg?KID=imgbed,tva&Expires=1779092007&ssig=WwiaGY8LqW",search_comments_2026-05-18.csv,search_comment,一瓶子卸妆水扔过来,True,False
5299885458850741,1779103423,2026-05-18 11:23:43+08:00,5299876143563237,这次不会又爆其他无关的将军吧,0,13,1779081207609,海南,5299885458850741,6019567759,去养只爱你的猫吧,f,https://m.weibo.cn/u/6019567759?launchid=10000360-page_H5,"https://tvax3.sinaimg.cn/crop.0.0.1080.1080.180/006znuyzly8ictjw219aaj30u00u0adz.jpg?KID=imgbed,tva&Expires=1779092007&ssig=nNKztqcWFv",search_comments_2026-05-18.csv,search_comment,这次不会又爆其他无关的将军吧,True,False
5299878068488192,1779101661,2026-05-18 10:54:21+08:00,5299877573296448,#归鸾首发海报# 期待潇蕙娘,1,3,1779081214246,湖南,5299878068488192,5444902866,毛细是青菜,f,https://m.weibo.cn/u/5444902866?launchid=10000360-page_H5,"https://tvax2.sinaimg.cn/crop.0.0.1080.1080.180/005WufXYly8hqn2ljje7vj30u00u0acb.jpg?KID=imgbed,tva&Expires=1779092014&ssig=qqCqU7kxzQ",search_comments_2026-05-18.csv,search_comment, 期待潇蕙娘,True,False
5299866986087091,1779099018,2026-05-18 10:10:18+08:00,5299866907183441,归鸾圆满杀青，静待萧厉携风骨赴荧幕之约,0,124,1779081220840,福建,5299866986087091,7492609001,泅渡泠赫,f,https://m.weibo.cn/u/7492609001?launchid=10000360-page_H5,"https://tvax4.sinaimg.cn/crop.0.0.1024.1024.180/008b4dShly8id1qj6tp0ej30sg0sgadr.jpg?KID=imgbed,tva&Expires=1779092020&ssig=zE1z1d95Yp",search_comments_2026-05-18.csv,search_comment,归鸾圆满杀青静待萧厉携风骨赴荧幕之约,True,False
5299866958041092,1779099012,2026-05-18 10:10:12+08:00,5299866907183441,恭贺《归鸾》杀青，感恩张凌赫演绎萧厉，静待荧幕相逢,0,117,1779081220850,福建,5299866958041092,7492609001,泅渡泠赫,f,https://m.weibo.cn/u/7492609001?launchid=10000360-page_H5,"https://tvax4.sinaimg.cn/crop.0.0.1024.1024.180/008b4dShly8id1qj6tp0ej30sg0sgadr.jpg?KID=imgbed,tva&Expires=1779092020&ssig=zE1z1d95Yp",search_comments_2026-05-18.csv,search_comment,恭贺归鸾杀青感恩张凌赫演绎萧厉静待荧幕相逢,True,False
5299866970099067,1779099015,2026-05-18 10:10:15+08:00,5299866907183441,❤️❤️野火燎原，自尘埃而生。萧厉以孤勇破局🎞️，于权情浊浪中稳执棋盘♟️。烽烟未歇，传奇正启，期待@张凌赫z ❤️❤️,0,112,1779081220859,上海,5299866970099067,1792031585,小mi小萍萍,f,https://m.weibo.cn/u/1792031585?launchid=10000360-page_H5,"https://tvax3.sinaimg.cn/crop.0.0.512.512.180/6ad03b61ly8hq41jkn48jj20e80e8dga.jpg?KID=imgbed,tva&Expires=1779092020&ssig=giBLtcu2O%2B",search_comments_2026-05-18.csv,search_comment,野火燎原自尘埃而生萧厉以孤勇破局于权情浊浪中稳执棋盘烽烟未歇传奇正启期待 ,True,False
5299872311808641,1779100289,2026-05-18 10:31:29+08:00,5299870580612632,期待小古的演绎！假期好好休息，玩的开心~期待与裴颂早日相见！,1,6,1779081227375,湖南,5299872311808641,6585357148,丶七炫_,f,https://m.weibo.cn/u/6585357148?launchid=10000360-page_H5,"https://tvax4.sinaimg.cn/crop.0.1.1078.1078.180/007bFudSly8i4ks8yr15jj30ty0u0mze.jpg?KID=imgbed,tva&Expires=1779092027&ssig=KkoMv3LboG",search_comments_2026-05-18.csv,search_comment,期待小古的演绎假期好好休息玩的开心期待与裴颂早日相见,True,False
5299870730564474,1779099912,2026-05-18 10:25:12+08:00,5299870580612632,期待裴颂宝宝,1,2,1779081227417,浙江,5299870730564474,6088267184,小狗不掉眼泪,m,https://m.weibo.cn/u/6088267184?launchid=10000360-page_H5,"https://tvax4.sinaimg.cn/crop.0.0.1080.1080.180/006E1KpOly8ibbk5t2ld1j30u00u0dj5.jpg?KID=imgbed,tva&Expires=1779092027&ssig=bOdx4tsJLW",search_comments_2026-05-18.csv,search_comment,期待裴颂宝宝,True,False
5299870730822711,1779099912,2026-05-18 10:25:12+08:00,5299870580612632,期待古子成呀,0,2,1779081227427,河南,5299870730822711,7932570186,你总呆呆的可我好喜欢,m,https://m.weibo.cn/u/7932570186?launchid=10000360-page_H5,"https://tvax1.sinaimg.cn/crop.0.0.1080.1080.180/008EQfSqly8id7qw9g6p2j30u00u0go8.jpg?KID=imgbed,tva&Expires=1779092027&ssig=WKQoqJgKG7",search_comments_2026-05-18.csv,search_comment,期待古子成呀,True,False
5299875135883095,1779100962,2026-05-18 10:42:42+08:00,5299872681165965,期待归鸾期待张凌赫,0,19,1779081233953,浙江,5299875135883095,7330735297,凌凌闪闪oO,f,https://m.weibo.cn/u/7330735297?launchid=10000360-page_H5,"https://tvax4.sinaimg.cn/crop.0.0.1080.1080.180/00807185ly8ia84z926y3j30u00u0dgs.jpg?KID=imgbed,tva&Expires=1779092033&ssig=BsOV%2BIPtIo",search_comments_2026-05-18.csv,search_comment,期待归鸾期待张凌赫,True,False
5299906818344468,1779108516,2026-05-18 12:48:36+08:00,5299869520498405,你这一天都干啥呢！,0,1,1779081240444,上海,5299906818344468,2218673582,Esther-ipiano,f,https://m.weibo.cn/u/2218673582?launchid=10000360-page_H5,"https://tvax3.sinaimg.cn/crop.0.0.1080.1080.180/843e45aely8hhg44nrrf4j20u00u0q49.jpg?KID=imgbed,tva&Expires=1779092040&ssig=0WRm6b0STf",search_comments_2026-05-18.csv,search_comment,你这一天都干啥呢,True,False
5299906759623989,1779108502,2026-05-18 12:48:22+08:00,5299869520498405,哥发点自拍吧,0,1,1779081240451,上海,5299906759623989,2218673582,Esther-ipiano,f,https://m.weibo.cn/u/2218673582?launchid=10000360-page_H5,"https://tvax3.sinaimg.cn/crop.0.0.1080.1080.180/843e45aely8hhg44nrrf4j20u00u0q49.jpg?KID=imgbed,tva&Expires=1779092040&ssig=0WRm6b0STf",search_comments_2026-05-18.csv,search_comment,哥发点自拍吧,True,False
5299864573578246,1779098444,2026-05-18 10:00:44+08:00,5299864552343762,推理之門再度開啟，看最最好的哥，开推主心骨！四季元老！期待@摩登兄弟刘宇宁 在《開始推理吧4》帶來更精彩的表現。邏輯在線，魅力滿分，每一秒都讓人心動不已✨,6,16776,1779081291312,中国台湾,5299864573578246,5296563414,只為你心神不寧,f,https://m.weibo.cn/u/5296563414?launchid=10000360-page_H5,"https://tvax3.sinaimg.cn/crop.0.0.500.500.180/005MrQ6aly8icrl64nx6jj30dw0dwjrm.jpg?KID=imgbed,tva&Expires=1779092091&ssig=9y4OLsN67d",search_comments_2026-05-18.csv,search_comment,推理之門再度開啟看最最好的哥开推主心骨四季元老期待 在開始推理吧4帶來更精彩的表現邏輯在線魅力滿分每一秒都讓人心動不已,True,False
5299864577778539,1779098445,2026-05-18 10:00:45+08:00,5299864552343762,推「铁证」探「真相」🔥燥候开推唯一主心骨💛最好的哥💛四季元老【刘宇宁】，闪耀《开始推理吧》第4季！@摩登兄弟刘宇宁 。,48,16590,1779081291320,辽宁,5299864577778539,3719697040,YN_菲菲菲,f,https://m.weibo.cn/u/3719697040?launchid=10000360-page_H5,"https://tvax4.sinaimg.cn/crop.0.0.672.672.180/ddb61290ly8gfl3golml6j20io0ioq48.jpg?KID=imgbed,tva&Expires=1779092091&ssig=QB8CxWsMYe",search_comments_2026-05-18.csv,search_comment,推铁证探真相燥候开推唯一主心骨最好的哥四季元老刘宇宁闪耀开始推理吧第4季 ,True,False
5299864577771088,1779098445,2026-05-18 10:00:45+08:00,5299864552343762,当线索散落、谜团交错，@摩登兄弟刘宇宁 总能在混乱中迅速捕捉关键。《开始推理吧4》里逻辑在线、反应在线，推理氛围感直接拉满！,8,15694,1779081291328,中国台湾,5299864577771088,5991231996,慈慈chi_,f,https://m.weibo.cn/u/5991231996?launchid=10000360-page_H5,"https://tvax1.sinaimg.cn/crop.0.0.1080.1080.180/006xsB88ly8ibsatuq77dj30u00u0qa9.jpg?KID=imgbed,tva&Expires=1779092091&ssig=VT%2FKnAyT3X",search_comments_2026-05-18.csv,search_comment,当线索散落谜团交错 总能在混乱中迅速捕捉关键开始推理吧4里逻辑在线反应在线推理氛围感直接拉满,True,False
5299872477743992,1779100328,2026-05-18 10:32:08+08:00,5299872454675940,推市回归，宁赴谜约。期待四季全勤，重磅归来@摩登兄弟刘宇宁  。开始推理吧4悬疑升级，静待开播。,15,9681,1779081297852,山东,5299872477743992,7586615416,一杯白开水LS,f,https://m.weibo.cn/u/7586615416?launchid=10000360-page_H5,"https://tvax2.sinaimg.cn/crop.0.0.1080.1080.180/008hqFeMly8id0hf0krbyj30u00u0tag.jpg?KID=imgbed,tva&Expires=1779092097&ssig=CmC%2BuIywpB",search_comments_2026-05-18.csv,search_comment,推市回归宁赴谜约期待四季全勤重磅归来  开始推理吧4悬疑升级静待开播,True,False
5299872475386176,1779100328,2026-05-18 10:32:08+08:00,5299872454675940,既是风趣氛围担当，亦是冷静推理强者，期待开推唯一主心骨，推理大师@摩登兄弟刘宇宁 🔥入局探案，锁定谜底所向披靡。,7,9126,1779081297859,天津,5299872475386176,7607143154,贝拉熬鹰中,f,https://m.weibo.cn/u/7607143154?launchid=10000360-page_H5,"https://tvax2.sinaimg.cn/crop.0.0.1080.1080.180/008iONrkly8i945u4xfqsj30u00u0jti.jpg?KID=imgbed,tva&Expires=1779092097&ssig=t6fM5hNw4B",search_comments_2026-05-18.csv,search_comment,既是风趣氛围担当亦是冷静推理强者期待开推唯一主心骨推理大师 入局探案锁定谜底所向披靡,True,False
5299872479839252,1779100329,2026-05-18 10:32:09+08:00,5299872454675940,全新謎局開啟，等你入局。《开始推理吧4》如期而至，看宁解鎖多重身份，與宁共赴推理之旅。@摩登兄弟刘宇宁,1,9004,1779081297865,中国台湾,5299872479839252,5296563414,只為你心神不寧,f,https://m.weibo.cn/u/5296563414?launchid=10000360-page_H5,"https://tvax3.sinaimg.cn/crop.0.0.500.500.180/005MrQ6aly8icrl64nx6jj30dw0dwjrm.jpg?KID=imgbed,tva&Expires=1779092097&ssig=b9vdmC%2FI0V",search_comments_2026-05-18.csv,search_comment,全新謎局開啟等你入局开始推理吧4如期而至看宁解鎖多重身份與宁共赴推理之旅,True,False
5299889455759378,1779104376,2026-05-18 11:39:36+08:00,5299888954803160,鑫鑫子的推理技能get√，舞台魅力也在线，全能ace！ [语音评论6&quot;],2,1,1779081304538,AI吃瓜罗伯特,5299889455759378,5606716867,吃瓜罗伯特,f,https://m.weibo.cn/u/5606716867?launchid=10000360-page_H5,"https://tvax1.sinaimg.cn/crop.0.0.921.921.180/0067rdbdly8ibrqhbg0vxj30pl0pl404.jpg?KID=imgbed,tva&Expires=1779092104&ssig=0ucx9rYzJf",search_comments_2026-05-18.csv,search_comment,鑫鑫子的推理技能get舞台魅力也在线全能ace 语音评论6quot,True,False
5299889431118370,1779104369,2026-05-18 11:39:29+08:00,5299888954803160,期待这个开推大事很妙，预约预约包场起来,1,40,1779081304543,广东,5299889431118370,7682551521,bling灯灯不会飞,f,https://m.weibo.cn/u/7682551521?launchid=10000360-page_H5,"https://tvax3.sinaimg.cn/crop.0.0.1080.1080.180/008nVcBjly8icqvupqkr7j30u00u0wgr.jpg?KID=imgbed,tva&Expires=1779092104&ssig=V2Dbg1UQgE",search_comments_2026-05-18.csv,search_comment,期待这个开推大事很妙预约预约包场起来,True,False
5299889341730141,1779104349,2026-05-18 11:39:09+08:00,5299888954803160,妈咪在这呢,0,12,1779081304547,安徽,5299889341730141,7375750981,十九月祭,m,https://m.weibo.cn/u/7375750981?launchid=10000360-page_H5,"https://tvax3.sinaimg.cn/crop.0.0.996.996.180/00839TLvly8gdguxtpa6dj30ro0ro41l.jpg?KID=imgbed,tva&Expires=1779092104&ssig=N0iupCOQtF",search_comments_2026-05-18.csv,search_comment,妈咪在这呢,True,False
5299891078175096,1779104763,2026-05-18 11:46:03+08:00,5299882648408393,以前没有看过 有小丁了我必看的,1,19,1779081311028,山东,5299891078175096,6557729209,-奥本海龟,f,https://m.weibo.cn/u/6557729209?launchid=10000360-page_H5,"https://tvax2.sinaimg.cn/crop.0.0.1080.1080.180/0079NyVXly8icrethtfvyj30u00u0wgy.jpg?KID=imgbed,tva&Expires=1779092110&ssig=Pzhjd%2BiGwU",search_comments_2026-05-18.csv,search_comment,以前没有看过 有小丁了我必看的,True,False
5299892945684589,1779105208,2026-05-18 11:53:28+08:00,5299881791195124,我们老幺撑起一片天,0,8,1779081317420,内蒙古,5299892945684589,5181308989,何处暖阳_不倾城,f,https://m.weibo.cn/u/5181308989?launchid=10000360-page_H5,"https://tvax1.sinaimg.cn/crop.0.0.613.613.180/005EEf9Ply8hd9o1c3vt9j30h10h1ta1.jpg?KID=imgbed,tva&Expires=1779092117&ssig=Dpidc%2FD%2BZy",search_comments_2026-05-18.csv,search_comment,我们老幺撑起一片天,True,False
5299882388095166,1779102691,2026-05-18 11:11:31+08:00,5299881791195124,咱们的柯宇弟弟，推理界的清流，期待他的精彩表现！ #开始推理吧4定档 #周柯宇坦荡侦探路 [语音评论10&quot;],0,0,1779081317426,AI吃瓜罗伯特,5299882388095166,5606716867,吃瓜罗伯特,f,https://m.weibo.cn/u/5606716867?launchid=10000360-page_H5,"https://tvax1.sinaimg.cn/crop.0.0.921.921.180/0067rdbdly8ibrqhbg0vxj30pl0pl404.jpg?KID=imgbed,tva&Expires=1779092117&ssig=jb7GORfloK",search_comments_2026-05-18.csv,search_comment,咱们的柯宇弟弟推理界的清流期待他的精彩表现 周柯宇坦荡侦探路 语音评论10quot,True,False
5299883521086494,1779102961,2026-05-18 11:16:01+08:00,5299881791195124,老幺保护所有人#周柯宇开始推理吧﻿#,0,11,1779081317433,湖南,5299883521086494,5314023869,你柯帝,m,https://m.weibo.cn/u/5314023869?launchid=10000360-page_H5,"https://tvax4.sinaimg.cn/crop.0.0.1080.1080.180/005ND6mply8i6i4gktlhtj30u00u0mzz.jpg?KID=imgbed,tva&Expires=1779092117&ssig=hvt59KSA3W",search_comments_2026-05-18.csv,search_comment,老幺保护所有人,True,False
5299886947566129,1779103778,2026-05-18 11:29:38+08:00,5299883445585518,哥哥这推理技能，我给满分！ 宁哥，你这是要解锁新身份——侦探宁吗？ [语音评论7&quot;],0,0,1779081324203,AI吃瓜罗伯特,5299886947566129,5606716867,吃瓜罗伯特,f,https://m.weibo.cn/u/5606716867?launchid=10000360-page_H5,"https://tvax1.sinaimg.cn/crop.0.0.921.921.180/0067rdbdly8ibrqhbg0vxj30pl0pl404.jpg?KID=imgbed,tva&Expires=1779092123&ssig=PYpMfEsJir",search_comments_2026-05-18.csv,search_comment,哥哥这推理技能我给满分 宁哥你这是要解锁新身份侦探宁吗 语音评论7quot,True,False
5299884439372438,1779103180,2026-05-18 11:19:40+08:00,5299883445585518,一边害怕一边笑,0,3,1779081324207,山东,5299884439372438,5095929785,不言不语是最爱,f,https://m.weibo.cn/u/5095929785?launchid=10000360-page_H5,"https://tvax1.sinaimg.cn/crop.0.0.1080.1080.180/005yS07Tly8hxe5fcb2qcj30u00u0q9n.jpg?KID=imgbed,tva&Expires=1779092123&ssig=%2FbsJYaftZw",search_comments_2026-05-18.csv,search_comment,一边害怕一边笑,True,False
5299884229921311,1779103130,2026-05-18 11:18:50+08:00,5299883445585518,“要报仇”！我们兔老大很凶哒！,0,4,1779081324211,辽宁,5299884229921311,5307191203,糯米团子是桃子味,f,https://m.weibo.cn/u/5307191203?launchid=10000360-page_H5,"https://tvax2.sinaimg.cn/crop.0.0.1080.1080.180/005NaqS7ly8id8vgahon1j30u00u0q87.jpg?KID=imgbed,tva&Expires=1779092123&ssig=hccDhoiSw%2B",search_comments_2026-05-18.csv,search_comment,要报仇我们兔老大很凶哒,True,False
5299911773913194,1779109696,2026-05-18 13:08:16+08:00,5299911588842715,爱宁爱宁爱宁爱宁爱宁爱宁爱宁爱宁爱宁爱宁爱宁,0,0,1779081347322,辽宁,5299911773913194,7915293801,画中仙5376,m,https://m.weibo.cn/u/7915293801?launchid=10000360-page_H5,"https://tvax3.sinaimg.cn/crop.0.0.132.132.180/008DFLv3ly4hoqldw3xe0j303o03o3yg.jpg?KID=imgbed,tva&Expires=1779092147&ssig=Ku8gWvTX9G",search_comments_2026-05-18.csv,search_comment,爱宁爱宁爱宁爱宁爱宁爱宁爱宁爱宁爱宁爱宁爱宁,True,False
5299851428366002,1779095310,2026-05-18 09:08:30+08:00,5299822325925086,西方文明在哪里？,32,82,1779081405254,福建,5299851428366002,1426435874,加油陈小强,m,https://m.weibo.cn/u/1426435874?launchid=10000360-page_H5,"https://tvax1.sinaimg.cn/crop.0.0.1080.1080.180/5505af22ly8hyfafnlx4bj20u00u0qan.jpg?KID=imgbed,tva&Expires=1779092205&ssig=ij3Ma7jSKb",search_comments_2026-05-18.csv,search_comment,西方文明在哪里,True,False
5299873094043140,1779100475,2026-05-18 10:34:35+08:00,5299822325925086,马克龙也不是啥好鸟,1,17,1779081405260,陕西,5299873094043140,5300318966,小天是我的星空,m,https://m.weibo.cn/u/5300318966?launchid=10000360-page_H5,"https://tvax3.sinaimg.cn/crop.0.0.267.267.180/005MHB5Aly8gxirl6tqpwj307f07fglu.jpg?KID=imgbed,tva&Expires=1779092205&ssig=11V364s1i2",search_comments_2026-05-18.csv,search_comment,马克龙也不是啥好鸟,True,False
5299886803387028,1779103744,2026-05-18 11:29:04+08:00,5299822325925086,法国总统马克龙在肯尼亚“非洲前进”峰会上，因打断演讲维持秩序（要求喧哗者离场）引发争议。现场观众鼓掌支持，但网络舆论批评其行为如“老师骂学生”，质疑法国对非洲的“家长式”态度。马克龙自称“泛非主义者”，但分析指出法国试图淡化殖民历史，维持话...查看最新戳-&gt;微博智搜,0,0,1779081405270,微博智搜AI生成,5299886803387028,7892270010,微博智搜,f,https://m.weibo.cn/u/7892270010?launchid=10000360-page_H5,"https://tvax2.sinaimg.cn/crop.0.0.1080.1080.180/008C79XAly8i5grzh416kj30u00u0t8z.jpg?KID=imgbed,tva&Expires=1779092205&ssig=TKMjVIljpL",search_comments_2026-05-18.csv,search_comment,法国总统马克龙在肯尼亚非洲前进峰会上因打断演讲维持秩序要求喧哗者离场引发争议现场观众鼓掌支持但网络舆论批评其行为如老师骂学生质疑法国对非洲的家长式态度马克龙自称泛非主义者但分析指出法国试图淡化殖民历史维持话查看最新戳gt微博智搜,True,False
5299858019977048,1779096881,2026-05-18 09:34:41+08:00,5299857179018429,马克龙本来就很傲慢，只有懂王能压得住他,1,4,1779081411749,广东,5299858019977048,2096648747,吱吱宝贝哇,f,https://m.weibo.cn/u/2096648747?launchid=10000360-page_H5,"https://tvax2.sinaimg.cn/crop.0.0.1080.1080.180/7cf8522bly8ia3fixotyuj20u00u0akg.jpg?KID=imgbed,tva&Expires=1779092211&ssig=DWg%2BIGI7EO",search_comments_2026-05-18.csv,search_comment,马克龙本来就很傲慢只有懂王能压得住他,True,False
5299868609288423,1779099406,2026-05-18 10:16:46+08:00,5299857179018429,法非关系是非法的。,1,1,1779081411768,上海,5299868609288423,4056562585,亭甲歹开依,m,https://m.weibo.cn/u/4056562585?launchid=10000360-page_H5,"https://tvax4.sinaimg.cn/crop.0.82.1080.1080.180/f1ca3b99ly8i8oers0p7ej20u00ylgmv.jpg?KID=imgbed,tva&Expires=1779092211&ssig=miTxY3M8kC",search_comments_2026-05-18.csv,search_comment,法非关系是非法的,True,False
5299898692143455,1779106578,2026-05-18 12:16:18+08:00,5299856356672298,被打是以前的，但最近好像爆出另外一个点 查看图片,0,1,1779081418218,浙江,5299898692143455,1859661774,金华磊哥,m,https://m.weibo.cn/u/1859661774?launchid=10000360-page_H5,"https://tvax4.sinaimg.cn/crop.0.0.1080.1080.180/6ed82fcely8i6494pvjh1j20u00u0799.jpg?KID=imgbed,tva&Expires=1779092218&ssig=1KvgVdDAXT",search_comments_2026-05-18.csv,search_comment,被打是以前的但最近好像爆出另外一个点 查看图片,True,False
5299858141089839,1779096910,2026-05-18 09:35:10+08:00,5299856356672298,马克龙又被打了吗,1,6,1779081418227,浙江,5299858141089839,2810647510,金华新鲜事儿,m,https://m.weibo.cn/u/2810647510?launchid=10000360-page_H5,"https://tvax4.sinaimg.cn/crop.0.0.828.828.180/a78713d6ly8gdikn0woisj20n00n0ta5.jpg?KID=imgbed,tva&Expires=1779092218&ssig=1xl9m2BqF2",search_comments_2026-05-18.csv,search_comment,马克龙又被打了吗,True,False
5299882336191225,1779102678,2026-05-18 11:11:18+08:00,5299882065920796,一场演讲暴露本质，旧殖民思维，在如今的非洲根本行不通！,0,0,1779081424678,河南,5299882336191225,7200070121,片片帧心,m,https://m.weibo.cn/u/7200070121?launchid=10000360-page_H5,"https://tvax1.sinaimg.cn/crop.0.0.1080.1080.180/007RgL9fly8id32oydo5hj30u00u0jsq.jpg?KID=imgbed,tva&Expires=1779092224&ssig=Or%2F0ULFUvQ",search_comments_2026-05-18.csv,search_comment,一场演讲暴露本质旧殖民思维在如今的非洲根本行不通,True,False
5299909840078459,1779109236,2026-05-18 13:00:36+08:00,5299909771398589,@第一球迷胖哥 中午好专程来问候一下。,0,0,1779081437482,西藏,5299909840078459,7913670160,烈火雄枫,m,https://m.weibo.cn/u/7913670160?launchid=10000360-page_H5,"https://tvax3.sinaimg.cn/crop.0.0.960.960.180/008DyX7ily8hzfdmt7u7kj30qo0qo0tk.jpg?KID=imgbed,tva&Expires=1779092237&ssig=Hw%2FhAMGuyW",search_comments_2026-05-18.csv,search_comment, 中午好专程来问候一下,True,False
