comment_id,create_time,create_date_time,note_id,content,sub_comment_count,comment_like_count,last_modify_ts,ip_location,parent_comment_id,user_id,nickname,gender,profile_url,avatar,source_file,data_type,cleaned_content,is_meaningful,is_duplicate
5293327970996660,1777539996,2026-04-30 09:06:36+08:00,5293327114308687,妈妈上夜班3岁娃凌晨1点街头独行,0,69,1777541625820,,5293327970996660,7726566047,民生微关注,f,https://m.weibo.cn/u/7726566047?launchid=10000360-page_H5,"https://tvax3.sinaimg.cn/crop.0.0.600.600.180/008qTSN1ly8gwznxkiqo9j30go0goq4m.jpg?KID=imgbed,tva&Expires=1777552425&ssig=Z3S6fCIMBd",search_comments_2026-04-30.csv,search_comment,妈妈上夜班3岁娃凌晨1点街头独行,True,False
5293328000353596,1777540003,2026-04-30 09:06:43+08:00,5293327114308687,什么单位！安排一个独自带娃的母亲大夜班,2,74,1777541625825,浙江,5293328000353596,1790157161,江南雨巷y,f,https://m.weibo.cn/u/1790157161?launchid=10000360-page_H5,"https://tvax1.sinaimg.cn/crop.0.0.1080.1080.180/6ab3a169ly8ibsco0k45nj20u00u0mzz.jpg?KID=imgbed,tva&Expires=1777552425&ssig=pGQ63xbJOh",search_comments_2026-04-30.csv,search_comment,什么单位安排一个独自带娃的母亲大夜班,True,False
5293452514296000,1777569689,2026-04-30 17:21:29+08:00,5293452263691012,哎！也是为了生计啊,0,0,1777541789064,江苏,5293452514296000,2890836770,水瓶橘子,f,https://m.weibo.cn/u/2890836770?launchid=10000360-page_H5,"https://tvax3.sinaimg.cn/crop.0.0.512.512.180/ac4eab22ly8hsn6ei2f2lj20e80e874m.jpg?KID=imgbed,tva&Expires=1777552589&ssig=sKC%2BeGpnfP",search_comments_2026-04-30.csv,search_comment,哎也是为了生计啊,True,False
5293452444043149,1777569673,2026-04-30 17:21:13+08:00,5293452263691012,看到这种真心酸,0,0,1777541789075,湖南,5293452444043149,7991528414,青苔印阶,f,https://m.weibo.cn/u/7991528414?launchid=10000360-page_H5,"https://tvax1.sinaimg.cn/crop.0.0.844.844.180/008IPDBAly8i5gcpdg4izj30ng0ngmzb.jpg?KID=imgbed,tva&Expires=1777552589&ssig=FHye9d7k4U",search_comments_2026-04-30.csv,search_comment,看到这种真心酸,True,False
5293426715395632,1777563539,2026-04-30 15:38:59+08:00,5293410602191927,我之前线上问诊 给我吓得不轻 结果去医院了没啥事,0,10,1777541899016,山东,5293426715395632,1700551813,那人的影子疯了,f,https://m.weibo.cn/u/1700551813?launchid=10000360-page_H5,"https://tva1.sinaimg.cn/crop.1.172.537.537.180/655c5c85jw1eitx0eyomjj20f00k0tji.jpg?KID=imgbed,tva&Expires=1777552699&ssig=rqMVq0atak",search_comments_2026-04-30.csv,search_comment,我之前线上问诊 给我吓得不轻 结果去医院了没啥事,True,False
5293442995586909,1777567420,2026-04-30 16:43:40+08:00,5293410602191927,良性就好，没必要过分担心,1,2,1777541899023,陕西,5293442995586909,6404306408,卧槽,f,https://m.weibo.cn/u/6404306408?launchid=10000360-page_H5,"https://tvax3.sinaimg.cn/crop.0.0.1080.1080.180/006ZpOEEly8ic1wgew26ij30u00u0ta9.jpg?KID=imgbed,tva&Expires=1777552699&ssig=yyp55Ef8b3",search_comments_2026-04-30.csv,search_comment,良性就好没必要过分担心,True,False
5293426771757016,1777563552,2026-04-30 15:39:12+08:00,5293410602191927,没事就好啊,0,2,1777541899029,山东,5293426771757016,1700551813,那人的影子疯了,f,https://m.weibo.cn/u/1700551813?launchid=10000360-page_H5,"https://tva1.sinaimg.cn/crop.1.172.537.537.180/655c5c85jw1eitx0eyomjj20f00k0tji.jpg?KID=imgbed,tva&Expires=1777552699&ssig=rqMVq0atak",search_comments_2026-04-30.csv,search_comment,没事就好啊,True,False
5293432119493271,1777564826,2026-04-30 16:00:26+08:00,5293431443687674,这会有什么问题出现呢,1,1,1777541919515,广东,5293432119493271,5909350080,我才是小幸运baby,f,https://m.weibo.cn/u/5909350080?launchid=10000360-page_H5,"https://tvax3.sinaimg.cn/crop.0.0.512.512.180/006rV1U4ly8hpduw17zwnj30e80e8mxk.jpg?KID=imgbed,tva&Expires=1777552719&ssig=GrhMUc6H84",search_comments_2026-04-30.csv,search_comment,这会有什么问题出现呢,True,False
5293431771103990,1777564744,2026-04-30 15:59:04+08:00,5293431443687674,以后要注意了,1,4,1777541919525,安徽,5293431771103990,2910403165,依旧冷漠等,f,https://m.weibo.cn/u/2910403165?launchid=10000360-page_H5,"https://tvax3.sinaimg.cn/crop.0.0.1080.1080.180/ad793a5dly8i5zix3mto5j20u00u0dhu.jpg?KID=imgbed,tva&Expires=1777552719&ssig=sjcw%2F77L6z",search_comments_2026-04-30.csv,search_comment,以后要注意了,True,False
5293419985634751,1777561934,2026-04-30 15:12:14+08:00,5293419536581499,手心痣长势喜人，健康最重要，苗苗加油！ [语音评论6&quot;],0,1,1777541939864,AI吃瓜罗伯特,5293419985634751,5606716867,吃瓜罗伯特,f,https://m.weibo.cn/u/5606716867?launchid=10000360-page_H5,"https://tvax1.sinaimg.cn/crop.0.0.921.921.180/0067rdbdly8ibrqhbg0vxj30pl0pl404.jpg?KID=imgbed,tva&Expires=1777552739&ssig=wPxMMnAgxm",search_comments_2026-04-30.csv,search_comment,手心痣长势喜人健康最重要苗苗加油 语音评论6quot,True,False
5293420004510902,1777561939,2026-04-30 15:12:19+08:00,5293419536581499,看过医生说没事应该就没啥大问题,0,1,1777541939867,黑龙江,5293420004510902,7953775894,螺蛳粉大王驾-到,f,https://m.weibo.cn/u/7953775894?launchid=10000360-page_H5,"https://tvax1.sinaimg.cn/crop.0.0.1080.1080.180/008GherYly8ic5g5ch925j30u00u0q49.jpg?KID=imgbed,tva&Expires=1777552739&ssig=bwwFpLk5BD",search_comments_2026-04-30.csv,search_comment,看过医生说没事应该就没啥大问题,True,False
5293429820227958,1777564278,2026-04-30 15:51:18+08:00,5293419536581499,健健康康啊,0,0,1777541939869,河南,5293429820227958,7941096567,吮弦音落祁_,f,https://m.weibo.cn/u/7941096567?launchid=10000360-page_H5,"https://tvax4.sinaimg.cn/crop.0.0.1080.1080.180/008Fq1YHly8iclng04gf8j30u00u0tbn.jpg?KID=imgbed,tva&Expires=1777552739&ssig=RLHqZ7E6Cf",search_comments_2026-04-30.csv,search_comment,健健康康啊,True,False
5293432513763750,1777564921,2026-04-30 16:02:01+08:00,5293432421484117,你有见过这种痣吗,2,49,1777541960371,黑龙江,5293432513763750,6156377644,乳酪莓莓贝果,f,https://m.weibo.cn/u/6156377644?launchid=10000360-page_H5,"https://tvax2.sinaimg.cn/crop.0.0.1080.1080.180/006IDx3Cly8ic9n2lrr7rj30u00u041b.jpg?KID=imgbed,tva&Expires=1777552760&ssig=%2FZhIbo0uq%2F",search_comments_2026-04-30.csv,search_comment,你有见过这种痣吗,True,False
5293434118341848,1777565304,2026-04-30 16:08:24+08:00,5293432421484117,健康是第一位,1,2,1777541960376,上海,5293434118341848,7565439636,很真好呢,f,https://m.weibo.cn/u/7565439636?launchid=10000360-page_H5,"https://tvax1.sinaimg.cn/crop.0.0.1080.1080.180/008fZOrWly8hnknenviokj30u00u0gon.jpg?KID=imgbed,tva&Expires=1777552760&ssig=LB6S%2BRt8oY",search_comments_2026-04-30.csv,search_comment,健康是第一位,True,False
5293433041458693,1777565047,2026-04-30 16:04:07+08:00,5293432421484117,这痣，再不切，就快成掌心佛了 [语音评论4&quot;],0,5,1777541960381,AI吃瓜罗伯特,5293433041458693,5606716867,吃瓜罗伯特,f,https://m.weibo.cn/u/5606716867?launchid=10000360-page_H5,"https://tvax1.sinaimg.cn/crop.0.0.921.921.180/0067rdbdly8ibrqhbg0vxj30pl0pl404.jpg?KID=imgbed,tva&Expires=1777552760&ssig=ni3ETeNMO5",search_comments_2026-04-30.csv,search_comment,这痣再不切就快成掌心佛了 语音评论4quot,True,False
5293433842569228,1777565238,2026-04-30 16:07:18+08:00,5293433393516016,痣变大需重视，但苗苗状态真好，健康才是最重要！,0,0,1777541980899,AI吃瓜罗伯特,5293433842569228,5606716867,吃瓜罗伯特,f,https://m.weibo.cn/u/5606716867?launchid=10000360-page_H5,"https://tvax1.sinaimg.cn/crop.0.0.921.921.180/0067rdbdly8ibrqhbg0vxj30pl0pl404.jpg?KID=imgbed,tva&Expires=1777552780&ssig=TMh%2F5gk%2FcG",search_comments_2026-04-30.csv,search_comment,痣变大需重视但苗苗状态真好健康才是最重要,True,False
5293434946454390,1777565501,2026-04-30 16:11:41+08:00,5293433393516016,还是不要忽视问题,0,1,1777541980903,重庆,5293434946454390,7279019618,港夜无风,f,https://m.weibo.cn/u/7279019618?launchid=10000360-page_H5,"https://tvax1.sinaimg.cn/crop.0.0.960.960.180/007WC1wely8hwf4pyr9u2j30qo0qogm8.jpg?KID=imgbed,tva&Expires=1777552780&ssig=xyfFpIbc6S",search_comments_2026-04-30.csv,search_comment,还是不要忽视问题,True,False
5293434843699621,1777565477,2026-04-30 16:11:17+08:00,5293433393516016,观察的这么仔细？,0,0,1777541980906,重庆,5293434843699621,7771463859,柾菟楨,m,https://m.weibo.cn/u/7771463859?launchid=10000360-page_H5,"https://tvax1.sinaimg.cn/crop.0.0.1080.1080.180/008tWgLhly8icg4p3im4fj30u00u0mzx.jpg?KID=imgbed,tva&Expires=1777552780&ssig=x7UGSpDhz%2F",search_comments_2026-04-30.csv,search_comment,观察的这么仔细,True,False
5293456030172690,1777570528,2026-04-30 17:35:28+08:00,5293455598425178,痣长知识了，健康第一！姐姐要多注意身体哦~,0,0,1777542025371,AI吃瓜罗伯特,5293456030172690,5606716867,吃瓜罗伯特,f,https://m.weibo.cn/u/5606716867?launchid=10000360-page_H5,"https://tvax1.sinaimg.cn/crop.0.0.921.921.180/0067rdbdly8ibrqhbg0vxj30pl0pl404.jpg?KID=imgbed,tva&Expires=1777552825&ssig=qmoemWRH6y",search_comments_2026-04-30.csv,search_comment,痣长知识了健康第一姐姐要多注意身体哦,True,False
5293454160299491,1777570082,2026-04-30 17:28:02+08:00,5293453613469361,痣长这么大，得叫它小祖宗了不过健康最重要，苗苗要多注意身体呀！,0,0,1777542071616,AI吃瓜罗伯特,5293454160299491,5606716867,吃瓜罗伯特,f,https://m.weibo.cn/u/5606716867?launchid=10000360-page_H5,"https://tvax1.sinaimg.cn/crop.0.0.921.921.180/0067rdbdly8ibrqhbg0vxj30pl0pl404.jpg?KID=imgbed,tva&Expires=1777552871&ssig=Qper5xT64G",search_comments_2026-04-30.csv,search_comment,痣长这么大得叫它小祖宗了不过健康最重要苗苗要多注意身体呀,True,False
5293455689651332,1777570447,2026-04-30 17:34:07+08:00,5293453556843118,直径小于6毫米的痣是否就一定没有恶变风险？@千问,1,0,1777542091997,广东,5293455689651332,6972736594,Aurora-z·,f,https://m.weibo.cn/u/6972736594?launchid=10000360-page_H5,"https://tvax2.sinaimg.cn/crop.0.0.1079.1079.180/007BSTjsly8hx9biu31lgj30tz0tz40i.jpg?KID=imgbed,tva&Expires=1777552892&ssig=WHEHU0u%2FDu",search_comments_2026-04-30.csv,search_comment,直径小于6毫米的痣是否就一定没有恶变风险,True,False
5293446344478939,1777568219,2026-04-30 16:56:59+08:00,5293441252854779,目前小女孩给骑士国际投票总计263飘，骑士方应还2104,23,100,1777542164995,上海,5293446344478939,7724317409,理查德骑士法则,m,https://m.weibo.cn/u/7724317409?launchid=10000360-page_H5,"https://tvax2.sinaimg.cn/crop.0.0.1080.1080.180/008qKrOFly8icba8khh87j30u00u078z.jpg?KID=imgbed,tva&Expires=1777552964&ssig=uGFNQSy5fm",search_comments_2026-04-30.csv,search_comment,目前小女孩给骑士国际投票总计263飘骑士方应还2104,True,False
5293446258493010,1777568198,2026-04-30 16:56:38+08:00,5293441252854779,能不能把兑换票数公布一下，现在不知真相的路人在骂骑士。,0,6,1777542164998,福建,5293446258493010,5792133664,熙熙的幸运星,m,https://m.weibo.cn/u/5792133664?launchid=10000360-page_H5,"https://tvax2.sinaimg.cn/crop.0.0.1080.1080.180/006jZcyIly8hobmp6yn3bj30u00u0q4h.jpg?KID=imgbed,tva&Expires=1777552964&ssig=%2B0fY704xYp",search_comments_2026-04-30.csv,search_comment,能不能把兑换票数公布一下现在不知真相的路人在骂骑士,True,False
5293442986410469,1777567417,2026-04-30 16:43:37+08:00,5293441252854779,可以问问约瑟夫吗？我看他们那边国服出道更大,0,3,1777542165002,江西,5293442986410469,9061390556,用户9061390556,m,https://m.weibo.cn/u/9061390556?launchid=10000360-page_H5,"https://tvax1.sinaimg.cn/default/images/default_avatar_male_180.gif?KID=imgbed,tva&Expires=1777552964&ssig=fUiw0ooXzG",search_comments_2026-04-30.csv,search_comment,可以问问约瑟夫吗我看他们那边国服出道更大,True,False
5293443043558578,1777567432,2026-04-30 16:43:52+08:00,5293439849070977,评论区核心诉求是停止内耗、全力冲刺宁芙奖投票。45%呼吁专注投票止损，30%要求追责决策者卸任，15%拒绝集体买单并坚持自费还票，10%质疑换票比例与管理动机。粉丝群体在保角色与清队伍间寻求平衡，信任裂痕已现。继续提问戳-&gt;微博智搜,0,0,1777542185516,微博智搜AI生成,5293443043558578,7892270010,微博智搜,f,https://m.weibo.cn/u/7892270010?launchid=10000360-page_H5,"https://tvax2.sinaimg.cn/crop.0.0.1080.1080.180/008C79XAly8i5grzh416kj30u00u0t8z.jpg?KID=imgbed,tva&Expires=1777552985&ssig=F4MZ3LyaOb",search_comments_2026-04-30.csv,search_comment,评论区核心诉求是停止内耗全力冲刺宁芙奖投票45呼吁专注投票止损30要求追责决策者卸任15拒绝集体买单并坚持自费还票10质疑换票比例与管理动机粉丝群体在保角色与清队伍间寻求平衡信任裂痕已现继续提问戳gt微博智搜,True,False
5293440078188403,1777566725,2026-04-30 16:32:05+08:00,5293439849070977,藏好真心肝哈,0,13,1777542185546,安徽,5293440078188403,7978551023,满分抹茶包,m,https://m.weibo.cn/u/7978551023?launchid=10000360-page_H5,"https://tvax3.sinaimg.cn/crop.0.0.1080.1080.180/008HXbAPly8iau434tbvij30u00u0di6.jpg?KID=imgbed,tva&Expires=1777552985&ssig=6vBkoyWm9P",search_comments_2026-04-30.csv,search_comment,藏好真心肝哈,True,False
5293440373360469,1777566795,2026-04-30 16:33:15+08:00,5293439849070977,卸任大姐姐，不管你啥成分都是没能力好不好,3,341,1777542185554,江西,5293440373360469,6557892070,柏马甜榴,f,https://m.weibo.cn/u/6557892070?launchid=10000360-page_H5,"https://tvax4.sinaimg.cn/crop.0.0.512.512.180/0079OfiKly8hv9g1n1f9wj30e80e83zk.jpg?KID=imgbed,tva&Expires=1777552985&ssig=Q8KCGMvZCM",search_comments_2026-04-30.csv,search_comment,卸任大姐姐不管你啥成分都是没能力好不好,True,False
5293400662476494,1777557327,2026-04-30 13:55:27+08:00,5293399617831508,电儿加油电儿稳住,0,38,1777542205966,浙江,5293400662476494,6035591050,Torschlusspaniik,m,https://m.weibo.cn/u/6035591050?launchid=10000360-page_H5,"https://tvax4.sinaimg.cn/crop.0.0.1080.1080.180/006AsIWKly8icb8cfj2owj30u00u0qav.jpg?KID=imgbed,tva&Expires=1777553005&ssig=YA6H9aQSBn",search_comments_2026-04-30.csv,search_comment,电儿加油电儿稳住,True,False
5293381988390663,1777552875,2026-04-30 12:41:15+08:00,5293228117197724,问问小孩投哪个服,1,0,1777542226360,广东,5293381988390663,7645605929,迪迪园园,f,https://m.weibo.cn/u/7645605929?launchid=10000360-page_H5,"https://tvax3.sinaimg.cn/crop.0.0.422.422.180/008lqbmFly8i29j1tj3fqj30bq0bqq3q.jpg?KID=imgbed,tva&Expires=1777553026&ssig=bJ9jPWWHEr",search_comments_2026-04-30.csv,search_comment,问问小孩投哪个服,True,False
5292348092193928,1777306375,2026-04-27 16:12:55+08:00,5292346000545947,全力支持我们绿瞳组,0,2,1777542246832,江西,5292348092193928,7608760041,超级喜欢小洋吖,f,https://m.weibo.cn/u/7608760041?launchid=10000360-page_H5,"https://tvax2.sinaimg.cn/crop.0.0.1000.1000.180/008iVA49ly8hc5la1uzyej30rs0rsdhq.jpg?KID=imgbed,tva&Expires=1777553046&ssig=Ge7kQFgkKX",search_comments_2026-04-30.csv,search_comment,全力支持我们绿瞳组,True,False
5293456106980397,1777570546,2026-04-30 17:35:46+08:00,5293454953546217,删了又发改了又删求你们下次办事严肃点行么和闹着玩一样,0,7,1777542267267,福建,5293456106980397,7000001070,沫子酱酱sy,f,https://m.weibo.cn/u/7000001070?launchid=10000360-page_H5,"https://tvax1.sinaimg.cn/crop.0.0.198.198.180/007DJi34ly8i7jok8fxeaj305i05imx3.jpg?KID=imgbed,tva&Expires=1777553067&ssig=GCi1HZNzSn",search_comments_2026-04-30.csv,search_comment,删了又发改了又删求你们下次办事严肃点行么和闹着玩一样,True,False
5293455347287505,1777570365,2026-04-30 17:32:45+08:00,5293454953546217,为什么删微博了，这很可耻吗,1,6,1777542267271,吉林,5293455347287505,8270953431,回忆在心里面,m,https://m.weibo.cn/u/8270953431?launchid=10000360-page_H5,"https://tvax3.sinaimg.cn/crop.0.0.1080.1080.180/0091K4OHly8icjdoflohyj30u00u0jw6.jpg?KID=imgbed,tva&Expires=1777553067&ssig=b9nBB1kbW6",search_comments_2026-04-30.csv,search_comment,为什么删微博了这很可耻吗,True,False
5293456446721670,1777570627,2026-04-30 17:37:07+08:00,5293454953546217,怎么又把主页的终止合作的微博删了呢？为什么终止合作的微博只能发在超话呢？可是之前你合作的微博都发在了主页的，终止合作是有什么见不得光的吗,0,2,1777542267275,新疆,5293456446721670,8018056582,Mey桵,f,https://m.weibo.cn/u/8018056582?launchid=10000360-page_H5,"https://tvax2.sinaimg.cn/crop.0.0.1076.1076.180/008KCWNgly8i63anc094sj30tw0twtdl.jpg?KID=imgbed,tva&Expires=1777553067&ssig=uFhnaTvnb7",search_comments_2026-04-30.csv,search_comment,怎么又把主页的终止合作的微博删了呢为什么终止合作的微博只能发在超话呢可是之前你合作的微博都发在了主页的终止合作是有什么见不得光的吗,True,False
5293457153200016,1777570796,2026-04-30 17:39:56+08:00,5293457024484355,男女老少求求你们出道吧,1,0,1777542312144,上海,5293457153200016,6590635899,我也想看雪景,f,https://m.weibo.cn/u/6590635899?launchid=10000360-page_H5,"https://tvax4.sinaimg.cn/crop.0.0.1080.1080.180/007c1Dt1ly8iau56by6voj30u00u0dhm.jpg?KID=imgbed,tva&Expires=1777553112&ssig=iLMs9kbb10",search_comments_2026-04-30.csv,search_comment,男女老少求求你们出道吧,True,False
5293457442866901,1777570865,2026-04-30 17:41:05+08:00,5293457024484355,存到张特别萌的,1,3,1777542312149,上海,5293457442866901,6590635899,我也想看雪景,f,https://m.weibo.cn/u/6590635899?launchid=10000360-page_H5,"https://tvax4.sinaimg.cn/crop.0.0.1080.1080.180/007c1Dt1ly8iau56by6voj30u00u0dhm.jpg?KID=imgbed,tva&Expires=1777553112&ssig=iLMs9kbb10",search_comments_2026-04-30.csv,search_comment,存到张特别萌的,True,False
5293456845179279,1777570722,2026-04-30 17:38:42+08:00,5293456106194946,串得不像重来,0,1,1777542332496,日本,5293456845179279,7853826618,无根肉,m,https://m.weibo.cn/u/7853826618?launchid=10000360-page_H5,"https://tvax4.sinaimg.cn/crop.0.0.1080.1080.180/008zvR4Sly8i003ovifgmj30u00u0dj3.jpg?KID=imgbed,tva&Expires=1777553132&ssig=aL75LseBQp",search_comments_2026-04-30.csv,search_comment,串得不像重来,True,False
5293425528148325,1777563256,2026-04-30 15:34:16+08:00,5293422744965282,亲手清洗刘海这个细节，藏着旁人看不到的温柔,1,33,1777542408320,湖南,5293425528148325,3969939552,已读不回博士后萌系防御型,m,https://m.weibo.cn/u/3969939552?launchid=10000360-page_H5,"https://tvax1.sinaimg.cn/crop.0.0.1080.1080.180/eca07860ly8i48fcc7ankj20u00u00xf.jpg?KID=imgbed,tva&Expires=1777553208&ssig=ze%2B%2FM%2FTw6%2F",search_comments_2026-04-30.csv,search_comment,亲手清洗刘海这个细节藏着旁人看不到的温柔,True,False
5293425591320946,1777563270,2026-04-30 15:34:30+08:00,5293422744965282,不止浪漫还有日常分担，这才是爱情最好的模样,0,19,1777542408323,湖南,5293425591320946,7967988243,枕头底下压着星星,f,https://m.weibo.cn/u/7967988243?launchid=10000360-page_H5,"https://tvax4.sinaimg.cn/crop.0.0.1080.1080.180/008HeRJply8i48fczjlj3j30u00u0dip.jpg?KID=imgbed,tva&Expires=1777553208&ssig=v5EiJSsceF",search_comments_2026-04-30.csv,search_comment,不止浪漫还有日常分担这才是爱情最好的模样,True,False
5293425651875912,1777563284,2026-04-30 15:34:44+08:00,5293422744965282,旅途里琐碎的照料，最能考验一段感情的真心,0,15,1777542408326,湖南,5293425651875912,6191672971,TXX芝士年糕,f,https://m.weibo.cn/u/6191672971?launchid=10000360-page_H5,"https://tvax1.sinaimg.cn/crop.0.0.512.512.180/006L1CZ5ly8i06vo6kivjj30e80e8jsa.jpg?KID=imgbed,tva&Expires=1777553208&ssig=9uavAMt8kT",search_comments_2026-04-30.csv,search_comment,旅途里琐碎的照料最能考验一段感情的真心,True,False
5293440658312609,1777566863,2026-04-30 16:34:23+08:00,5293440141363897,姐夫的浪漫，从圣彼得堡开始~ [语音评论4&quot;],0,2,1777542428806,AI吃瓜罗伯特,5293440658312609,5606716867,吃瓜罗伯特,f,https://m.weibo.cn/u/5606716867?launchid=10000360-page_H5,"https://tvax1.sinaimg.cn/crop.0.0.921.921.180/0067rdbdly8ibrqhbg0vxj30pl0pl404.jpg?KID=imgbed,tva&Expires=1777553228&ssig=%2BqZohy7zS6",search_comments_2026-04-30.csv,search_comment,姐夫的浪漫从圣彼得堡开始 语音评论4quot,True,False
5293450924917071,1777569310,2026-04-30 17:15:10+08:00,5293440141363897,一直幸福下去哦！,0,0,1777542428811,上海,5293450924917071,7978762253,想念妳的脸颊肉shookyEsther,f,https://m.weibo.cn/u/7978762253?launchid=10000360-page_H5,"https://tvax4.sinaimg.cn/crop.0.0.1080.1080.180/008HY4xLly8ibnl41rytrj30u00u0wg3.jpg?KID=imgbed,tva&Expires=1777553228&ssig=VzjJfB7iEj",search_comments_2026-04-30.csv,search_comment,一直幸福下去哦,True,False
5293452053184636,1777569579,2026-04-30 17:19:39+08:00,5293440141363897,姐你吃的真好啊,0,0,1777542428816,北京,5293452053184636,3195121270,香菜又睡着了,f,https://m.weibo.cn/u/3195121270?launchid=10000360-page_H5,"https://tvax4.sinaimg.cn/crop.0.0.512.512.180/be71ae76ly8hm9mscs90oj20e80e8q3a.jpg?KID=imgbed,tva&Expires=1777553228&ssig=t%2BtAFmHJD5",search_comments_2026-04-30.csv,search_comment,姐你吃的真好啊,True,False
5293426805310447,1777563560,2026-04-30 15:39:20+08:00,5293426258216975,这不就是理想中的姐弟恋吗，又甜又真实 [语音评论5&quot;],0,2,1777542449283,AI吃瓜罗伯特,5293426805310447,5606716867,吃瓜罗伯特,f,https://m.weibo.cn/u/5606716867?launchid=10000360-page_H5,"https://tvax1.sinaimg.cn/crop.0.0.921.921.180/0067rdbdly8ibrqhbg0vxj30pl0pl404.jpg?KID=imgbed,tva&Expires=1777553249&ssig=LUgSwMmZys",search_comments_2026-04-30.csv,search_comment,这不就是理想中的姐弟恋吗又甜又真实 语音评论5quot,True,False
5293438832739063,1777566427,2026-04-30 16:27:07+08:00,5293426258216975,把对方的小事放在心上，这样的感情真的很打动人￼￼￼,0,1,1777542449288,湖南,5293438832739063,7968797297,摆烂界天花板Lhh,m,https://m.weibo.cn/u/7968797297?launchid=10000360-page_H5,"https://tvax3.sinaimg.cn/crop.0.0.1080.1080.180/008HigcFly8i48fpi8cu3j30u00u0tc4.jpg?KID=imgbed,tva&Expires=1777553249&ssig=Za4XvyDrhI",search_comments_2026-04-30.csv,search_comment,把对方的小事放在心上这样的感情真的很打动人,True,False
5293440153687174,1777566743,2026-04-30 16:32:23+08:00,5293426258216975,不刻意秀恩爱，一举一动都是满满的在乎感,0,0,1777542449292,吉林,5293440153687174,5248328209,PBZHK,f,https://m.weibo.cn/u/5248328209?launchid=10000360-page_H5,"https://tvax2.sinaimg.cn/crop.0.0.1080.1080.180/005JbrUZly8i3v6b6njtdj30u00u0ab8.jpg?KID=imgbed,tva&Expires=1777553249&ssig=xqT7GaEoBZ",search_comments_2026-04-30.csv,search_comment,不刻意秀恩爱一举一动都是满满的在乎感,True,False
5293442496202844,1777567301,2026-04-30 16:41:41+08:00,5293442138898472,孙丞潇自然照顾金莎，如手洗刘海、轻揉吹干，细节显宠溺；节目中坦然回应年龄质疑，感情真挚。外界聚焦年龄差，却忽视了他记住饮食禁忌、高原背行等生活化偏爱。这种藏在小事中的真心，安稳踏实，比轰轰烈烈誓言更动人。继续提问戳-&gt;微博智搜,3,1,1777542469866,微博智搜AI生成,5293442496202844,7892270010,微博智搜,f,https://m.weibo.cn/u/7892270010?launchid=10000360-page_H5,"https://tvax2.sinaimg.cn/crop.0.0.1080.1080.180/008C79XAly8i5grzh416kj30u00u0t8z.jpg?KID=imgbed,tva&Expires=1777553269&ssig=pF3md93wzG",search_comments_2026-04-30.csv,search_comment,孙丞潇自然照顾金莎如手洗刘海轻揉吹干细节显宠溺节目中坦然回应年龄质疑感情真挚外界聚焦年龄差却忽视了他记住饮食禁忌高原背行等生活化偏爱这种藏在小事中的真心安稳踏实比轰轰烈烈誓言更动人继续提问戳gt微博智搜,True,False
5293454559282676,1777570177,2026-04-30 17:29:37+08:00,5293442138898472,俩人感情真好,0,0,1777542469872,河南,5293454559282676,6435868460,爱偷懒的刘女士,f,https://m.weibo.cn/u/6435868460?launchid=10000360-page_H5,"https://tvax4.sinaimg.cn/crop.0.0.1080.1080.180/0071yfo0ly8i32yd70trnj30u00u0wgc.jpg?KID=imgbed,tva&Expires=1777553269&ssig=Sn%2B9Sc%2BwGB",search_comments_2026-04-30.csv,search_comment,俩人感情真好,True,False
5293450285285856,1777569157,2026-04-30 17:12:37+08:00,5293442138898472,两个人感情真好,0,1,1777542469878,江苏,5293450285285856,7717750897,猫耳酥的制作方法,f,https://m.weibo.cn/u/7717750897?launchid=10000360-page_H5,"https://tvax1.sinaimg.cn/crop.0.0.828.828.180/008qiTzbly8iaxeqq0ebbj30n00n03zp.jpg?KID=imgbed,tva&Expires=1777553269&ssig=z2mgQx0sw1",search_comments_2026-04-30.csv,search_comment,两个人感情真好,True,False
5293443244884586,1777567480,2026-04-30 16:44:40+08:00,5293443158117261,你觉得他们两个人甜吗,2,3,1777542490316,四川,5293443244884586,7864049763,禾縤欲-,f,https://m.weibo.cn/u/7864049763?launchid=10000360-page_H5,"https://tvax1.sinaimg.cn/crop.0.1.1078.1078.180/008AcKAjly8icjzgcsch7j30ty0u0ade.jpg?KID=imgbed,tva&Expires=1777553290&ssig=TKFq1kvAaW",search_comments_2026-04-30.csv,search_comment,你觉得他们两个人甜吗,True,False
5293444872539000,1777567868,2026-04-30 16:51:08+08:00,5293443158117261,从之前的不被祝福到现在人人羡慕的爱情,1,0,1777542490325,江苏,5293444872539000,7872967628,梨要脸吗,m,https://m.weibo.cn/u/7872967628?launchid=10000360-page_H5,"https://tvax3.sinaimg.cn/crop.0.0.1080.1080.180/008AOawQly8icoxy0qoswj30u00u0776.jpg?KID=imgbed,tva&Expires=1777553290&ssig=9mZsmuZ1jl",search_comments_2026-04-30.csv,search_comment,从之前的不被祝福到现在人人羡慕的爱情,True,False
5293444056222231,1777567673,2026-04-30 16:47:53+08:00,5293443158117261,幸福就好了不用在意别人,0,1,1777542490334,湖南,5293444056222231,7899421120,梦梨什么都有,f,https://m.weibo.cn/u/7899421120?launchid=10000360-page_H5,"https://tvax2.sinaimg.cn/crop.0.0.1024.1024.180/008CBai4ly8ia40vc5155j30sg0sggo0.jpg?KID=imgbed,tva&Expires=1777553290&ssig=oFB%2FwP8ZBt",search_comments_2026-04-30.csv,search_comment,幸福就好了不用在意别人,True,False
5293444366337202,1777567747,2026-04-30 16:49:07+08:00,5293443895006658,这波是人工洗发服务，丞潇的手艺可以开沙龙了 [语音评论5&quot;],0,0,1777542510699,AI吃瓜罗伯特,5293444366337202,5606716867,吃瓜罗伯特,f,https://m.weibo.cn/u/5606716867?launchid=10000360-page_H5,"https://tvax1.sinaimg.cn/crop.0.0.921.921.180/0067rdbdly8ibrqhbg0vxj30pl0pl404.jpg?KID=imgbed,tva&Expires=1777553310&ssig=r2EuUjPVCT",search_comments_2026-04-30.csv,search_comment,这波是人工洗发服务丞潇的手艺可以开沙龙了 语音评论5quot,True,False
5293458554097401,1777571130,2026-04-30 17:45:30+08:00,5293458495373491,早知道先不认证了,5,1,1777542531085,新疆,5293458554097401,2903166727,对焦浪漫,f,https://m.weibo.cn/u/2903166727?launchid=10000360-page_H5,"https://tvax3.sinaimg.cn/crop.0.1.1290.1290.180/005BHmQ1ly8icnrmuekchj30u00u00xu.jpg?KID=imgbed,tva&Expires=1777553331&ssig=EyAnYznXUb",search_comments_2026-04-30.csv,search_comment,早知道先不认证了,True,False
5293459025691073,1777571242,2026-04-30 17:47:22+08:00,5293458495373491,这期真的甜齁了，孙丞潇简直是年下男友天花板！,3,1,1777542531090,AI吃瓜罗伯特,5293459025691073,5606716867,吃瓜罗伯特,f,https://m.weibo.cn/u/5606716867?launchid=10000360-page_H5,"https://tvax1.sinaimg.cn/crop.0.0.921.921.180/0067rdbdly8ibrqhbg0vxj30pl0pl404.jpg?KID=imgbed,tva&Expires=1777553331&ssig=qwd1aY6dUg",search_comments_2026-04-30.csv,search_comment,这期真的甜齁了孙丞潇简直是年下男友天花板,True,False
5293454264632744,1777570107,2026-04-30 17:28:27+08:00,5293453776782526,这波是姐弟恋天花板了吧！孙丞潇的每一点细心都好加分~,0,0,1777542551454,AI吃瓜罗伯特,5293454264632744,5606716867,吃瓜罗伯特,f,https://m.weibo.cn/u/5606716867?launchid=10000360-page_H5,"https://tvax1.sinaimg.cn/crop.0.0.921.921.180/0067rdbdly8ibrqhbg0vxj30pl0pl404.jpg?KID=imgbed,tva&Expires=1777553351&ssig=RDcSHpcvFt",search_comments_2026-04-30.csv,search_comment,这波是姐弟恋天花板了吧孙丞潇的每一点细心都好加分,True,False
5293451270162835,1777569393,2026-04-30 17:16:33+08:00,5293450460398562,我要笑哭了,1,0,1777542595920,山东,5293451270162835,8016794481,天真的和感伤的小攻主,f,https://m.weibo.cn/u/8016794481?launchid=10000360-page_H5,"https://tvax1.sinaimg.cn/crop.0.0.1080.1080.180/008KxEsNly8i8n0k0hc5gj30u00u0q7a.jpg?KID=imgbed,tva&Expires=1777553395&ssig=Qp2yiCNPy8",search_comments_2026-04-30.csv,search_comment,我要笑哭了,True,False
5293050441239740,1777473828,2026-04-29 14:43:48+08:00,5293049946835565,孟姐的古装真是绝了，演技和造型都在线！ [语音评论5&quot;],1,7,1777542627266,AI吃瓜罗伯特,5293050441239740,5606716867,吃瓜罗伯特,f,https://m.weibo.cn/u/5606716867?launchid=10000360-page_H5,"https://tvax1.sinaimg.cn/crop.0.0.921.921.180/0067rdbdly8ibrqhbg0vxj30pl0pl404.jpg?KID=imgbed,tva&Expires=1777553427&ssig=ZFV117ewh9",search_comments_2026-04-30.csv,search_comment,孟姐的古装真是绝了演技和造型都在线 语音评论5quot,True,False
5293050628932697,1777473873,2026-04-29 14:44:33+08:00,5293049946835565,谢谢谢谢梦女春天来了 所有人感受！,0,16,1777542627274,浙江,5293050628932697,6631000731,满一杯莫吉托_沈钧枢唯爱母皇版,f,https://m.weibo.cn/u/6631000731?launchid=10000360-page_H5,"https://tvax3.sinaimg.cn/crop.0.0.1080.1080.180/007eL0cHly8icbehs9x2jj30u00u0n0d.jpg?KID=imgbed,tva&Expires=1777553427&ssig=xHdhdIABiw",search_comments_2026-04-30.csv,search_comment,谢谢谢谢梦女春天来了 所有人感受,True,False
5293051087425125,1777473982,2026-04-29 14:46:22+08:00,5293049946835565,但就是姐姐大限流,0,13,1777542627284,陕西,5293051087425125,5859941927,氺氷月,f,https://m.weibo.cn/u/5859941927?launchid=10000360-page_H5,"https://tvax3.sinaimg.cn/crop.0.0.1080.1080.180/006ozIAnly8icmqarxrr5j30u00u041l.jpg?KID=imgbed,tva&Expires=1777553427&ssig=8zzXqUL61h",search_comments_2026-04-30.csv,search_comment,但就是姐姐大限流,True,False
5293443687120921,1777567584,2026-04-30 16:46:24+08:00,5293443526954092,没话题可以不发的3️⃣奶,0,37,1777542647812,陕西,5293443687120921,7789428247,山砂姜,f,https://m.weibo.cn/u/7789428247?launchid=10000360-page_H5,"https://tvax2.sinaimg.cn/crop.0.0.1080.1080.180/008v9E7tly8iclmug1o5hj30u00u0wfl.jpg?KID=imgbed,tva&Expires=1777553447&ssig=9R11NsAwMn",search_comments_2026-04-30.csv,search_comment,没话题可以不发的3奶,True,False
5293443813213154,1777567615,2026-04-30 16:46:55+08:00,5293443526954092,就非得倒贴男神,0,16,1777542647845,天津,5293443813213154,7100759953,是锐锐最爱的奶龙呀,f,https://m.weibo.cn/u/7100759953?launchid=10000360-page_H5,"https://tvax4.sinaimg.cn/crop.0.0.1080.1080.180/007Ky42lly8icmt25lph0j30u00u00uv.jpg?KID=imgbed,tva&Expires=1777553447&ssig=ikYzXA0pWl",search_comments_2026-04-30.csv,search_comment,就非得倒贴男神,True,False
5293443812951093,1777567615,2026-04-30 16:46:55+08:00,5293443526954092,咱省点钱行吗，自费那么多，怎么还倒贴个没完呢,0,32,1777542647853,陕西,5293443812951093,7789428247,山砂姜,f,https://m.weibo.cn/u/7789428247?launchid=10000360-page_H5,"https://tvax2.sinaimg.cn/crop.0.0.1080.1080.180/008v9E7tly8iclmug1o5hj30u00u0wfl.jpg?KID=imgbed,tva&Expires=1777553447&ssig=9R11NsAwMn",search_comments_2026-04-30.csv,search_comment,咱省点钱行吗自费那么多怎么还倒贴个没完呢,True,False
5293435873398966,1777565722,2026-04-30 16:15:22+08:00,5293430751892224,小林倒是长进了，眼神都懂得藏住锋芒了。,1,4,1777542668265,AI生成内容,5293435873398966,7908733305,宋墨_字砚堂,m,https://m.weibo.cn/u/7908733305?launchid=10000360-page_H5,"https://tvax1.sinaimg.cn/crop.0.128.1080.1080.180/008DeeOBly8hyjzk5qcgzj30u0114gr6.jpg?KID=imgbed,tva&Expires=1777553468&ssig=IjQ6YBe7sa",search_comments_2026-04-30.csv,search_comment,小林倒是长进了眼神都懂得藏住锋芒了,True,False
5293434694275845,1777565441,2026-04-30 16:10:41+08:00,5293430751892224,4.24 那些喊着“避嫌宁可分开录”现在她们如愿啦cp粉想要，cp粉得到,1,4,1777542668271,广东,5293434694275845,6100362414,追剧-吃瓜,f,https://m.weibo.cn/u/6100362414?launchid=10000360-page_H5,"https://tvax2.sinaimg.cn/crop.0.0.400.400.180/006EQuWaly8h0r586twgvj30b40b4aae.jpg?KID=imgbed,tva&Expires=1777553468&ssig=KKaJHEqjQh",search_comments_2026-04-30.csv,search_comment,424 那些喊着避嫌宁可分开录现在她们如愿啦cp粉想要cp粉得到,True,False
5293439956551544,1777566696,2026-04-30 16:31:36+08:00,5293430751892224,看耀眼 邢武,2,3,1777542668279,河北,5293439956551544,7509290872,茄汁不加冰_H,f,https://m.weibo.cn/u/7509290872?launchid=10000360-page_H5,"https://tvax1.sinaimg.cn/crop.0.0.1080.1080.180/008ccdAIly8icic82ynpmj30u00u0q4l.jpg?KID=imgbed,tva&Expires=1777553468&ssig=aHJwZ5WBqz",search_comments_2026-04-30.csv,search_comment,看耀眼 邢武,True,False
5293446656169592,1777568293,2026-04-30 16:58:13+08:00,5293446155733928,昀哥孟姐这是要各自美丽了吗？不过奔跑吧看点还是多多的，换个角度看也是新鲜感满满呀！ [语音评论10&quot;],1,9,1777542688818,AI吃瓜罗伯特,5293446656169592,5606716867,吃瓜罗伯特,f,https://m.weibo.cn/u/5606716867?launchid=10000360-page_H5,"https://tvax1.sinaimg.cn/crop.0.0.921.921.180/0067rdbdly8ibrqhbg0vxj30pl0pl404.jpg?KID=imgbed,tva&Expires=1777553488&ssig=bjWcXdbvAU",search_comments_2026-04-30.csv,search_comment,昀哥孟姐这是要各自美丽了吗不过奔跑吧看点还是多多的换个角度看也是新鲜感满满呀 语音评论10quot,True,False
5293447322013604,1777568452,2026-04-30 17:00:52+08:00,5293446155733928,上一季就这样了好吗还是来期待李昀锐待播剧《耀眼》,1,15,1777542688827,湖北,5293447322013604,5909062075,昏古七cc,f,https://m.weibo.cn/u/5909062075?launchid=10000360-page_H5,"https://tvax3.sinaimg.cn/crop.0.0.1080.1080.180/006rTOYPly8h96zzl00ryj30u00u0416.jpg?KID=imgbed,tva&Expires=1777553488&ssig=4%2FEQRXepLB",search_comments_2026-04-30.csv,search_comment,上一季就这样了好吗还是来期待李昀锐待播剧耀眼,True,False
5293403621297154,1777558033,2026-04-30 14:07:13+08:00,5293399919296545,这波避嫌操作也是教科书级别了,1,9,1777542709378,河南,5293403621297154,5635980139,橘柚柚柚柚a,f,https://m.weibo.cn/u/5635980139?launchid=10000360-page_H5,"https://tvax2.sinaimg.cn/crop.0.0.1050.1050.180/0069pZTtly8h68ug55o8bj30t60t7djw.jpg?KID=imgbed,tva&Expires=1777553509&ssig=2r74l35Kck",search_comments_2026-04-30.csv,search_comment,这波避嫌操作也是教科书级别了,True,False
5293416848296389,1777561186,2026-04-30 14:59:46+08:00,5293399919296545,李昀锐行程有自己的考量和安排工作自由,0,3,1777542709388,广东,5293416848296389,7269980096,栀林予露光,f,https://m.weibo.cn/u/7269980096?launchid=10000360-page_H5,"https://tvax1.sinaimg.cn/crop.0.179.1080.1080.180/007W05Vuly8hewq46xknfj30u013zgp3.jpg?KID=imgbed,tva&Expires=1777553509&ssig=lqdJID69GG",search_comments_2026-04-30.csv,search_comment,李昀锐行程有自己的考量和安排工作自由,True,False
5293403912537465,1777558102,2026-04-30 14:08:22+08:00,5293399919296545,有这方面的节奏感，而且都是如此的,0,0,1777542709398,广西,5293403912537465,5657138013,K1ky0,f,https://m.weibo.cn/u/5657138013?launchid=10000360-page_H5,"https://tva1.sinaimg.cn/crop.0.0.664.664.180/006aQM1vjw8f6619d8gjwj30ig0igdgt.jpg?KID=imgbed,tva&Expires=1777553509&ssig=E4PUcDAszx",search_comments_2026-04-30.csv,search_comment,有这方面的节奏感而且都是如此的,True,False
5293460103891140,1777571499,2026-04-30 17:51:39+08:00,5293459646711744,昀哥，咱就是说，能不能给个眼神,0,0,1777542729808,AI吃瓜罗伯特,5293460103891140,5606716867,吃瓜罗伯特,f,https://m.weibo.cn/u/5606716867?launchid=10000360-page_H5,"https://tvax1.sinaimg.cn/crop.0.0.921.921.180/0067rdbdly8ibrqhbg0vxj30pl0pl404.jpg?KID=imgbed,tva&Expires=1777553529&ssig=%2B%2Bi3O5XQ5n",search_comments_2026-04-30.csv,search_comment,昀哥咱就是说能不能给个眼神,True,False
5293458161929765,1777571036,2026-04-30 17:43:56+08:00,5293458115789389,李昀锐奔跑吧,2,4,1777542750694,海南,5293458161929765,7987624806,李昀锐昀速书局,m,https://m.weibo.cn/u/7987624806?launchid=10000360-page_H5,"https://tvax1.sinaimg.cn/crop.0.0.800.800.180/008Izg6aly8ibsdqa3y9dj30m80m8jty.jpg?KID=imgbed,tva&Expires=1777553550&ssig=Xd90uYPWe7",search_comments_2026-04-30.csv,search_comment,李昀锐奔跑吧,True,False
5293459251397875,1777571296,2026-04-30 17:48:16+08:00,5293458115789389,很会哭的宝宝,0,1,1777542750704,辽宁,5293459251397875,6029654145,十几分红糖姜茶,f,https://m.weibo.cn/u/6029654145?launchid=10000360-page_H5,"https://tvax3.sinaimg.cn/crop.0.0.480.480.180/006A3Oudly8i51zv10dugj30dc0dc0t4.jpg?KID=imgbed,tva&Expires=1777553550&ssig=TdMUBLRWOe",search_comments_2026-04-30.csv,search_comment,很会哭的宝宝,True,False
5293459192939823,1777571282,2026-04-30 17:48:02+08:00,5293458732353335,昀哥孟姐，你们这是在下一盘大棋啊,0,0,1777542771111,AI吃瓜罗伯特,5293459192939823,5606716867,吃瓜罗伯特,f,https://m.weibo.cn/u/5606716867?launchid=10000360-page_H5,"https://tvax1.sinaimg.cn/crop.0.0.921.921.180/0067rdbdly8ibrqhbg0vxj30pl0pl404.jpg?KID=imgbed,tva&Expires=1777553571&ssig=d6VbblQEm%2F",search_comments_2026-04-30.csv,search_comment,昀哥孟姐你们这是在下一盘大棋啊,True,False
5293458513461932,1777571119,2026-04-30 17:45:19+08:00,5293458044749430,昀哥，你这是在玩火啊,0,0,1777542791530,AI吃瓜罗伯特,5293458513461932,5606716867,吃瓜罗伯特,f,https://m.weibo.cn/u/5606716867?launchid=10000360-page_H5,"https://tvax1.sinaimg.cn/crop.0.0.921.921.180/0067rdbdly8ibrqhbg0vxj30pl0pl404.jpg?KID=imgbed,tva&Expires=1777553591&ssig=yN8HcWDFl0",search_comments_2026-04-30.csv,search_comment,昀哥你这是在玩火啊,True,False
5293458122345938,1777571027,2026-04-30 17:43:47+08:00,5293458044749430,嘿！你也在关注“奔跑吧”吗？快戳《奔跑吧14》成员进入专题页查看并关注相关博主吧，包含@李晨 、@郑恺 等14位博主哦，热门精彩内容不错过！,0,0,1777542791533,,5293458122345938,2110705772,微博综艺,m,https://m.weibo.cn/u/2110705772?launchid=10000360-page_H5,"https://tvax1.sinaimg.cn/crop.0.0.767.767.180/002iQiZuly8h8w6lxas1mj60lb0lbmxq02.jpg?KID=imgbed,tva&Expires=1777553591&ssig=udEop6nFwz",search_comments_2026-04-30.csv,search_comment,嘿你也在关注奔跑吧吗快戳奔跑吧14成员进入专题页查看并关注相关博主吧包含  等14位博主哦热门精彩内容不错过,True,False
5293418148267559,1777561496,2026-04-30 15:04:56+08:00,5293416630192122,评论区围绕“南方人骑电动车丝滑优雅”展开热议。约45%网友赞叹其骑技高超如本能，动作流畅仿佛人车合一；25%特别提到外卖员停车取货一气呵成，操作行云流水；15%提醒骑车分神有风险，如闯红灯后怕；10%表达对学不会骑车者的羡慕。整体氛围欢乐，...查看全部戳-&gt;微博智搜,0,0,1777542846666,微博智搜AI生成,5293418148267559,7892270010,微博智搜,f,https://m.weibo.cn/u/7892270010?launchid=10000360-page_H5,"https://tvax2.sinaimg.cn/crop.0.0.1080.1080.180/008C79XAly8i5grzh416kj30u00u0t8z.jpg?KID=imgbed,tva&Expires=1777553646&ssig=bxOmrqDQPS",search_comments_2026-04-30.csv,search_comment,评论区围绕南方人骑电动车丝滑优雅展开热议约45网友赞叹其骑技高超如本能动作流畅仿佛人车合一25特别提到外卖员停车取货一气呵成操作行云流水15提醒骑车分神有风险如闯红灯后怕10表达对学不会骑车者的羡慕整体氛围欢乐查看全部戳gt微博智搜,True,False
5293458205971046,1777571047,2026-04-30 17:44:07+08:00,5293416630192122,真的，南方人电动车骑的那叫一个吓人,0,0,1777542846677,山东,5293458205971046,7317537987,JNUJNUZI,f,https://m.weibo.cn/u/7317537987?launchid=10000360-page_H5,"https://tvax2.sinaimg.cn/crop.0.0.1080.1080.180/007ZdDUfly8i4ycpq54zwj30u00u0aea.jpg?KID=imgbed,tva&Expires=1777553646&ssig=o%2FeBcHeizT",search_comments_2026-04-30.csv,search_comment,真的南方人电动车骑的那叫一个吓人,True,False
5293452280463396,1777569633,2026-04-30 17:20:33+08:00,5293416630192122,来广州电鸡周街飞,0,0,1777542846686,广东,5293452280463396,8271020491,酱爆砂糖橘,f,https://m.weibo.cn/u/8271020491?launchid=10000360-page_H5,"https://tvax2.sinaimg.cn/crop.0.0.1080.1080.180/0091Kmgjly8i7s2jx6zxij30u00u075l.jpg?KID=imgbed,tva&Expires=1777553646&ssig=1N0uHTlPcZ",search_comments_2026-04-30.csv,search_comment,来广州电鸡周街飞,True,False
5293449335276678,1777568932,2026-04-30 17:08:52+08:00,5293448777433418,确实是开车很丝滑,0,6,1777542891027,广东,5293449335276678,6097288209,半夜啃梨ovo,f,https://m.weibo.cn/u/6097288209?launchid=10000360-page_H5,"https://tvax1.sinaimg.cn/crop.0.1.1000.1000.180/005BHmQ1ly8icoq1lh0u3j30rs0rsdib.jpg?KID=imgbed,tva&Expires=1777553691&ssig=s9X4yXvuYs",search_comments_2026-04-30.csv,search_comment,确实是开车很丝滑,True,False
5293451132010799,1777569359,2026-04-30 17:15:59+08:00,5293448777433418,好想去南方见识一下,0,3,1777542891034,北京,5293451132010799,5339103914,星星罐里装满糖,m,https://m.weibo.cn/u/5339103914?launchid=10000360-page_H5,"https://tvax4.sinaimg.cn/crop.0.0.1080.1080.180/005PkkPgly8icor0965ivj30u00u0q68.jpg?KID=imgbed,tva&Expires=1777553691&ssig=dLzOek%2FK%2FP",search_comments_2026-04-30.csv,search_comment,好想去南方见识一下,True,False
5293452157782749,1777569605,2026-04-30 17:20:05+08:00,5293448777433418,南方人的隐藏技能：人车合一,0,2,1777542891040,广东,5293452157782749,6261355720,枕边小熊o,f,https://m.weibo.cn/u/6261355720?launchid=10000360-page_H5,"https://tvax2.sinaimg.cn/crop.0.0.828.828.180/006PK0Eoly8ibi6goxf3ij30n00n03z7.jpg?KID=imgbed,tva&Expires=1777553691&ssig=SfPD6W17kb",search_comments_2026-04-30.csv,search_comment,南方人的隐藏技能人车合一,True,False
5293442986936206,1777567418,2026-04-30 16:43:38+08:00,5293442542338484,大家都很自觉也很有默契,0,0,1777542955871,江苏,5293442986936206,1442602335,无聊下下游戏,f,https://m.weibo.cn/u/1442602335?launchid=10000360-page_H5,"https://tvax4.sinaimg.cn/crop.0.0.1080.1080.180/55fc5d5fly8gs1opi4ln1j20u00u078h.jpg?KID=imgbed,tva&Expires=1777553755&ssig=sPv7Tn3n%2B3",search_comments_2026-04-30.csv,search_comment,大家都很自觉也很有默契,True,False
5293442936603037,1777567405,2026-04-30 16:43:25+08:00,5293442542338484,😏南方人这操控，确实丝滑得跟抹了油似的。,0,0,1777542955876,广东,5293442936603037,7930251061,Gy頋心,f,https://m.weibo.cn/u/7930251061?launchid=10000360-page_H5,"https://tvax3.sinaimg.cn/crop.0.0.499.499.180/008EGwzbly8i50agw4halj30dw0dvgls.jpg?KID=imgbed,tva&Expires=1777553755&ssig=UCAvqO71Bk",search_comments_2026-04-30.csv,search_comment,南方人这操控确实丝滑得跟抹了油似的,True,False
5293446936137824,1777568360,2026-04-30 16:59:20+08:00,5293442542338484,广西南宁青秀凤翔路,0,0,1777542955880,广东,5293446936137824,3625757427,GDZ赞,f,https://m.weibo.cn/u/3625757427?launchid=10000360-page_H5,"https://tvax3.sinaimg.cn/crop.0.0.512.512.180/d81caaf3ly8fx4kprxmxvj20e80e8abr.jpg?KID=imgbed,tva&Expires=1777553755&ssig=HmNn9z%2BMOC",search_comments_2026-04-30.csv,search_comment,广西南宁青秀凤翔路,True,False
5293442794258687,1777567371,2026-04-30 16:42:51+08:00,5293442530018702,大家都很有默契一样,0,0,1777542976273,江苏,5293442794258687,1442602335,无聊下下游戏,f,https://m.weibo.cn/u/1442602335?launchid=10000360-page_H5,"https://tvax4.sinaimg.cn/crop.0.0.1080.1080.180/55fc5d5fly8gs1opi4ln1j20u00u078h.jpg?KID=imgbed,tva&Expires=1777553776&ssig=gwy%2FbJItDO",search_comments_2026-04-30.csv,search_comment,大家都很有默契一样,True,False
5293442534213886,1777567310,2026-04-30 16:41:50+08:00,5293442530018702,南方车神！这车技直接封神，路过的蚂蚁都得给你让路！。很佩服！真是超有智慧！快来关注我，让我每天为你加油，给你更多的夸奖和支持！,0,0,1777542976283,北京,5293442534213886,7910004298,夸夸妙妙屋,f,https://m.weibo.cn/u/7910004298?launchid=10000360-page_H5,"https://tvax2.sinaimg.cn/crop.0.0.180.180.180/008Djzsuly8hx36wgnmdej30500500so.jpg?KID=imgbed,tva&Expires=1777553776&ssig=FEMKQpbht8",search_comments_2026-04-30.csv,search_comment,南方车神这车技直接封神路过的蚂蚁都得给你让路很佩服真是超有智慧快来让我每天为你加油给你更多的夸奖和支持,True,False
5293452946313969,1777569793,2026-04-30 17:23:13+08:00,5293442530018702,他们是怎么做到这么爱骑小电瓶车的,0,0,1777542976293,陕西,5293452946313969,5730455012,初阳未来,f,https://m.weibo.cn/u/5730455012?launchid=10000360-page_H5,"https://tvax1.sinaimg.cn/crop.0.0.996.996.180/006fOp7Kly8fdvuthhmr9j30ro0rpn2o.jpg?KID=imgbed,tva&Expires=1777553776&ssig=VfTKW9RyW7",search_comments_2026-04-30.csv,search_comment,他们是怎么做到这么爱骑小电瓶车的,True,False
5293361114384929,1777547898,2026-04-30 11:18:18+08:00,5293356691228018,我最不能理解的是，怎么自己犯错，还能怪别人不给他面子 错了不能被抱怨和责备吗？,12,439,1777543089971,四川,5293361114384929,5952946480,ZJZEROGDxi,f,https://m.weibo.cn/u/5952946480?launchid=10000360-page_H5,"https://tvax4.sinaimg.cn/crop.0.0.512.512.180/006uRXjOly8hbc4gzdk2aj30e80e8t9a.jpg?KID=imgbed,tva&Expires=1777553889&ssig=u4c9Mto37y",search_comments_2026-04-30.csv,search_comment,我最不能理解的是怎么自己犯错还能怪别人不给他面子 错了不能被抱怨和责备吗,True,False
5293453475845324,1777569919,2026-04-30 17:25:19+08:00,5293356691228018,真得对乳腺不健康 小朋友至少可爱治愈多了//@嘉卉吖esther:以后别让我刷到，看力竭了本人干过三年幼师，被很多同事评为最有耐心的老师，我朋友给我开玩笑，要是我把对小朋友的耐心拿来找对象，我能谈十个，看完视频觉得，我真的不如她，果然只能对小孩有耐心，孙杨这样的一个就够了,0,0,1777543089979,上海,5293453475845324,1615143092,欢囍冷色调暖人的海上宁国府GoOD,f,https://m.weibo.cn/u/1615143092?launchid=10000360-page_H5,"https://tvax4.sinaimg.cn/crop.0.0.1080.1080.180/604520b4ly8i6gzu9g5qpj20u00u00ww.jpg?KID=imgbed,tva&Expires=1777553889&ssig=XDhEhNjJlm",search_comments_2026-04-30.csv,search_comment,真得对乳腺不健康 小朋友至少可爱治愈多了,True,False
5293457830840809,1777570957,2026-04-30 17:42:37+08:00,5293356691228018,秦昊和马頔优质男人！孙杨游泳太优秀了！,0,0,1777543089989,河南,5293457830840809,1088457184,蓝色天际333,f,https://m.weibo.cn/u/1088457184?launchid=10000360-page_H5,"https://tvax4.sinaimg.cn/crop.0.0.996.996.180/40e089e0ly8fmywss9q7sj20ro0romzq.jpg?KID=imgbed,tva&Expires=1777553889&ssig=ux4SHPBn%2Fx",search_comments_2026-04-30.csv,search_comment,秦昊和马頔优质男人孙杨游泳太优秀了,True,False
5293118622534044,1777490084,2026-04-29 19:14:44+08:00,5293049099847374,别骂了，骂生气了豆豆还得哄,1,32,1777543110441,江苏,5293118622534044,2961771161,牵牛阿,f,https://m.weibo.cn/u/2961771161?launchid=10000360-page_H5,"https://tvax3.sinaimg.cn/crop.0.0.512.512.180/b0890a99ly8g7b1sraxszj20e80e8q34.jpg?KID=imgbed,tva&Expires=1777553910&ssig=sLKvYYN6Od",search_comments_2026-04-30.csv,search_comment,别骂了骂生气了豆豆还得哄,True,False
5293154241871946,1777498575,2026-04-29 21:36:15+08:00,5293049099847374,他的巨婴表现又不是现在，当年沸沸扬扬的时候……哎……,0,18,1777543110450,浙江,5293154241871946,2602534663,陈琛咲,m,https://m.weibo.cn/u/2602534663?launchid=10000360-page_H5,"https://tvax3.sinaimg.cn/crop.0.0.750.750.180/9b1f8707ly8gef6h1ps8vj20ku0kuab0.jpg?KID=imgbed,tva&Expires=1777553910&ssig=Oy4ffnrf80",search_comments_2026-04-30.csv,search_comment,他的巨婴表现又不是现在当年沸沸扬扬的时候哎,True,False
5293322264646202,1777538636,2026-04-30 08:43:56+08:00,5293049099847374,评论都说这俩以后要上再见爱人，看到这里.我悟了.离不了一点啊他俩,0,7,1777543110460,陕西,5293322264646202,6931369180,会游泳的卷心菜,m,https://m.weibo.cn/u/6931369180?launchid=10000360-page_H5,"https://tvax2.sinaimg.cn/crop.0.0.1080.1080.180/007z5jL6ly8hgn1ar0v0bj30u00u0aai.jpg?KID=imgbed,tva&Expires=1777553910&ssig=n8bkQxB7aK",search_comments_2026-04-30.csv,search_comment,评论都说这俩以后要上再见爱人看到这里我悟了离不了一点啊他俩,True,False
5293425866047630,1777563335,2026-04-30 15:35:35+08:00,5293420686082522,几十年被老娘包办的孩子，终于找到新的娘可以包办孙的一切了，至死是孩子的一生,2,5,1777543130959,广东,5293425866047630,7827843715,Konkonand,m,https://m.weibo.cn/u/7827843715?launchid=10000360-page_H5,"https://tvax3.sinaimg.cn/crop.0.0.1080.1080.180/008xKPJNly8hcl5sfjv92j30u00u0aau.jpg?KID=imgbed,tva&Expires=1777553931&ssig=BpVvFcnoiU",search_comments_2026-04-30.csv,search_comment,几十年被老娘包办的孩子终于找到新的娘可以包办孙的一切了至死是孩子的一生,True,False
5293451366106115,1777569415,2026-04-30 17:16:55+08:00,5293420686082522,看完都懒得骂了，确实你情我愿的,0,0,1777543130970,广东,5293451366106115,2440718127,多米富婆,f,https://m.weibo.cn/u/2440718127?launchid=10000360-page_H5,"https://tva2.sinaimg.cn/crop.0.0.996.996.180/917a672fjw8f1v64p78hoj20ro0rpwio.jpg?KID=imgbed,tva&Expires=1777553931&ssig=%2BhityQtTHU",search_comments_2026-04-30.csv,search_comment,看完都懒得骂了确实你情我愿的,True,False
5293443664315580,1777567580,2026-04-30 16:46:20+08:00,5293443536650362,你看好他俩的婚姻吗？,2,5,1777543151422,浙江,5293443664315580,5118375532,蛋宝甜甜的,f,https://m.weibo.cn/u/5118375532?launchid=10000360-page_H5,"https://tvax2.sinaimg.cn/crop.0.0.1046.1046.180/005Aobi4ly8i7pfjkcakyj30t20t2jt2.jpg?KID=imgbed,tva&Expires=1777553951&ssig=B61BMnqd4x",search_comments_2026-04-30.csv,search_comment,你看好他俩的婚姻吗,True,False
5293443601403130,1777567565,2026-04-30 16:46:05+08:00,5293443536650362,温柔包容相处,2,2,1777543151431,浙江,5293443601403130,5118375532,蛋宝甜甜的,f,https://m.weibo.cn/u/5118375532?launchid=10000360-page_H5,"https://tvax2.sinaimg.cn/crop.0.0.1046.1046.180/005Aobi4ly8i7pfjkcakyj30t20t2jt2.jpg?KID=imgbed,tva&Expires=1777553951&ssig=B61BMnqd4x",search_comments_2026-04-30.csv,search_comment,温柔包容相处,True,False
5293447233669144,1777568431,2026-04-30 17:00:31+08:00,5293443536650362,感觉她们婚姻纯看女方能够忍耐多久,0,2,1777543151435,四川,5293447233669144,5403595195,知梨柿,m,https://m.weibo.cn/u/5403595195?launchid=10000360-page_H5,"https://tvax4.sinaimg.cn/crop.0.0.1080.1080.180/005TGVXdly8icc1yy5qpuj30u00u0juv.jpg?KID=imgbed,tva&Expires=1777553951&ssig=SX6zL%2BDgtC",search_comments_2026-04-30.csv,search_comment,感觉她们婚姻纯看女方能够忍耐多久,True,False
5293433062949276,1777565052,2026-04-30 16:04:12+08:00,5293432492262290,孙杨：终于娶到老婆了，豆豆：终于嫁给老公了 [语音评论5&quot;],0,4,1777543463859,AI吃瓜罗伯特,5293433062949276,5606716867,吃瓜罗伯特,f,https://m.weibo.cn/u/5606716867?launchid=10000360-page_H5,"https://tvax1.sinaimg.cn/crop.0.0.921.921.180/0067rdbdly8ibrqhbg0vxj30pl0pl404.jpg?KID=imgbed,tva&Expires=1777554263&ssig=HP0uHZaSBV",search_comments_2026-04-30.csv,search_comment,孙杨终于娶到老婆了豆豆终于嫁给老公了 语音评论5quot,True,False
5293440887949244,1777566918,2026-04-30 16:35:18+08:00,5293432492262290,其实，他的底色还是很善良的，就只是人有点幼稚，应该没长大吧,0,1,1777543463865,四川,5293440887949244,7790265018,lucky7790265018,f,https://m.weibo.cn/u/7790265018?launchid=10000360-page_H5,"https://tvax1.sinaimg.cn/crop.0.0.300.300.180/008vd9NMly8h68py4c5xzj308c08c0sq.jpg?KID=imgbed,tva&Expires=1777554263&ssig=9na0Qx61pL",search_comments_2026-04-30.csv,search_comment,其实他的底色还是很善良的就只是人有点幼稚应该没长大吧,True,False
5293432905925324,1777565014,2026-04-30 16:03:34+08:00,5293432492262290,特别喜欢他们太好磕了,0,7,1777543463872,黑龙江,5293432905925324,7639246124,宇行川,m,https://m.weibo.cn/u/7639246124?launchid=10000360-page_H5,"https://tvax3.sinaimg.cn/crop.0.0.828.828.180/008kZuTaly8gw1wu4wqcoj30n00n0mym.jpg?KID=imgbed,tva&Expires=1777554263&ssig=6nMkDQJSHQ",search_comments_2026-04-30.csv,search_comment,特别喜欢他们太好磕了,True,False
5293427693457951,1777563772,2026-04-30 15:42:52+08:00,5293424225550563,内娱幼师再添一员,5,62,1777543484480,四川,5293427693457951,7304920641,Sparkle_y93,f,https://m.weibo.cn/u/7304920641?launchid=10000360-page_H5,"https://tvax3.sinaimg.cn/crop.0.0.1080.1080.180/007YmHyFly8i89fthxdkcj30u00u0jta.jpg?KID=imgbed,tva&Expires=1777554284&ssig=zZPexsLk5z",search_comments_2026-04-30.csv,search_comment,内娱幼师再添一员,True,False
5293425618321798,1777563276,2026-04-30 15:34:36+08:00,5293424225550563,孙杨怎么还是个爱哭的，好有反差,4,12,1777543484489,天津,5293425618321798,7117327909,福露寿喜烧,f,https://m.weibo.cn/u/7117327909?launchid=10000360-page_H5,"https://tvax1.sinaimg.cn/crop.0.0.1080.1080.180/007LFA7rly8ibf7y8o6y9j30u00u0n31.jpg?KID=imgbed,tva&Expires=1777554284&ssig=d3DwDS%2BItZ",search_comments_2026-04-30.csv,search_comment,孙杨怎么还是个爱哭的好有反差,True,False
5293426014686428,1777563372,2026-04-30 15:36:12+08:00,5293424225550563,张豆豆这波幼师属性直接具象化了！,1,11,1777543484494,中国台湾,5293426014686428,5589604359,OK_就是很好啊,f,https://m.weibo.cn/u/5589604359?launchid=10000360-page_H5,"https://tvax4.sinaimg.cn/crop.0.0.1080.1080.180/0066hpr1ly8ibo7r7wlhij30u00u0js5.jpg?KID=imgbed,tva&Expires=1777554284&ssig=6jV8cK9BDW",search_comments_2026-04-30.csv,search_comment,张豆豆这波幼师属性直接具象化了,True,False
5293454926024489,1777570265,2026-04-30 17:31:05+08:00,5293452704094554,她和徐艺洋哪个会哄人,0,0,1777543505051,广东,5293454926024489,1962137805,yi只猫_,f,https://m.weibo.cn/u/1962137805?launchid=10000360-page_H5,"https://tvax1.sinaimg.cn/crop.0.0.1080.1080.180/74f3d8cdly8ic39yt1m65j20u00u076d.jpg?KID=imgbed,tva&Expires=1777554305&ssig=AptdKMvKxn",search_comments_2026-04-30.csv,search_comment,她和徐艺洋哪个会哄人,True,False
5293455345453946,1777570365,2026-04-30 17:32:45+08:00,5293452704094554,發生了什麼事？ 感覺豆豆真的很溫柔,0,1,1777543505054,中国台湾,5293455345453946,7857264633,梦落屿间,f,https://m.weibo.cn/u/7857264633?launchid=10000360-page_H5,"https://tvax3.sinaimg.cn/crop.0.0.1080.1080.180/008zKhsJly8i8hn31mrexj30u00u0mz5.jpg?KID=imgbed,tva&Expires=1777554305&ssig=0UzvTqiqtD",search_comments_2026-04-30.csv,search_comment,發生了什麼事 感覺豆豆真的很溫柔,True,False
5293459755239242,1777571416,2026-04-30 17:50:16+08:00,5293459288098083,马老师这是在上嘴替大师课啊,0,0,1777543549424,AI吃瓜罗伯特,5293459755239242,5606716867,吃瓜罗伯特,f,https://m.weibo.cn/u/5606716867?launchid=10000360-page_H5,"https://tvax1.sinaimg.cn/crop.0.0.921.921.180/0067rdbdly8ibrqhbg0vxj30pl0pl404.jpg?KID=imgbed,tva&Expires=1777554349&ssig=MYRas4NWUa",search_comments_2026-04-30.csv,search_comment,马老师这是在上嘴替大师课啊,True,False
5293464048637292,1777572440,2026-04-30 18:07:20+08:00,5293429592689152,谷歌此次入驻广州珠江新城是聚焦跨境数字服务的战略布局，并非搜索引擎等C端业务“回归”。其核心是为中国跨境电商企业提供AI技术、海外营销等全链条支持，预计今年第三季度在广州国际金融中心投入运营。这属于谷歌在华B端业务的深化拓展。继续提问戳-&gt;微博智搜,0,0,1777543677666,微博智搜AI生成,5293464048637292,7892270010,微博智搜,f,https://m.weibo.cn/u/7892270010?launchid=10000360-page_H5,"https://tvax2.sinaimg.cn/crop.0.0.1080.1080.180/008C79XAly8i5grzh416kj30u00u0t8z.jpg?KID=imgbed,tva&Expires=1777554477&ssig=q5bBIdiOrY",search_comments_2026-04-30.csv,search_comment,谷歌此次入驻广州珠江新城是聚焦跨境数字服务的战略布局并非搜索引擎等C端业务回归其核心是为中国跨境电商企业提供AI技术海外营销等全链条支持预计今年第三季度在广州国际金融中心投入运营这属于谷歌在华B端业务的深化拓展继续提问戳gt微博智搜,True,False
5293443018394507,1777567426,2026-04-30 16:43:46+08:00,5293429592689152,冷知识：谷歌一直没有走，主要是广告和企业服务业务,0,152,1777543677671,辽宁,5293443018394507,7611533126,LaC-HilL,f,https://m.weibo.cn/u/7611533126?launchid=10000360-page_H5,"https://tvax1.sinaimg.cn/default/images/default_avatar_female_180.gif?KID=imgbed,tva&Expires=1777554477&ssig=dqzPDARNvR",search_comments_2026-04-30.csv,search_comment,冷知识谷歌一直没有走主要是广告和企业服务业务,True,False
5293442307721953,1777567256,2026-04-30 16:40:56+08:00,5293429592689152,不是说坚决不接受监管的嘛,13,36,1777543677676,广西,5293442307721953,1589274657,o青春寻觅o,m,https://m.weibo.cn/u/1589274657?launchid=10000360-page_H5,"https://tvax3.sinaimg.cn/crop.0.0.1080.1080.180/5eba6821ly8habd8o270jj20u00u07dv.jpg?KID=imgbed,tva&Expires=1777554477&ssig=rw2lLO5H8z",search_comments_2026-04-30.csv,search_comment,不是说坚决不接受监管的嘛,True,False
5293446832325295,1777568334,2026-04-30 16:58:54+08:00,5293365550645445,#Google正式入驻广州珠江新城# 广州欢迎你，开放才是硬道理,0,8,1777543698073,广东,5293446832325295,7883361319,我什么话都不会说,m,https://m.weibo.cn/u/7883361319?launchid=10000360-page_H5,"https://tvax3.sinaimg.cn/crop.0.0.1080.1080.180/008BvMp1ly8i46df85tvvj30u00u0q7o.jpg?KID=imgbed,tva&Expires=1777554498&ssig=toAHkUW96e",search_comments_2026-04-30.csv,search_comment, 广州欢迎你开放才是硬道理,True,False
5293457386244273,1777570851,2026-04-30 17:40:51+08:00,5293365550645445,还以为真的回来了，白高兴一下子了。顺便说百度太tm垃圾,0,6,1777543698078,河北,5293457386244273,5681472876,车314,m,https://m.weibo.cn/u/5681472876?launchid=10000360-page_H5,"https://tva2.sinaimg.cn/crop.0.0.200.200.180/006cuSDijw1fbh01xeggej305k05kaab.jpg?KID=imgbed,tva&Expires=1777554498&ssig=2KWoXOP5Sm",search_comments_2026-04-30.csv,search_comment,还以为真的回来了白高兴一下子了顺便说百度太tm垃圾,True,False
5293450582821422,1777569229,2026-04-30 17:13:49+08:00,5293365550645445,能不能把你的 ai 带进来,8,9,1777543698083,广东,5293450582821422,1927356694,真实之刃,m,https://m.weibo.cn/u/1927356694?launchid=10000360-page_H5,"https://tvax4.sinaimg.cn/crop.0.0.888.888.180/72e12116ly8gdimwb13kmj20oo0oowhb.jpg?KID=imgbed,tva&Expires=1777554498&ssig=cDHL0EKP%2Fk",search_comments_2026-04-30.csv,search_comment,能不能把你的 ai 带进来,True,False
5293391653112238,1777555179,2026-04-30 13:19:39+08:00,5293390428114446,不错，我的大羊城，要越来越好,2,2,1777543718505,江西,5293391653112238,6032346242,HHHky_019001,m,https://m.weibo.cn/u/6032346242?launchid=10000360-page_H5,"https://tvax2.sinaimg.cn/crop.0.0.884.884.180/006Af6P8ly8hzowyj3w4tj30ok0ok3zg.jpg?KID=imgbed,tva&Expires=1777554518&ssig=sO9Ih6Wdz2",search_comments_2026-04-30.csv,search_comment,不错我的大羊城要越来越好,True,False
5293393758391866,1777555681,2026-04-30 13:28:01+08:00,5293390428114446,某度岂不是要那个啥了？,0,1,1777543718512,浙江,5293393758391866,1924680691,无雨北京,m,https://m.weibo.cn/u/1924680691?launchid=10000360-page_H5,"https://tvax2.sinaimg.cn/crop.0.0.852.852.180/72b84bf3ly8hfyztr4z3aj20no0nojse.jpg?KID=imgbed,tva&Expires=1777554518&ssig=g%2FwSkh6kJv",search_comments_2026-04-30.csv,search_comment,某度岂不是要那个啥了,True,False
5293391013217027,1777555027,2026-04-30 13:17:07+08:00,5293390428114446,是不是全球化回来？广东真是个开放包容城市，天河这个金融区今年又增长多少个点,0,0,1777543718519,广东,5293391013217027,2407297460,高泽平V,m,https://m.weibo.cn/u/2407297460?launchid=10000360-page_H5,"https://tvax4.sinaimg.cn/crop.0.0.1080.1080.180/8f7c71b4ly8i8v2wflrslj20u00u0abm.jpg?KID=imgbed,tva&Expires=1777554518&ssig=E1gpx0Nfwz",search_comments_2026-04-30.csv,search_comment,是不是全球化回来广东真是个开放包容城市天河这个金融区今年又增长多少个点,True,False
5293460124862181,1777571504,2026-04-30 17:51:44+08:00,5293457402759636,chrome一直可以用呀,0,0,1777543738934,浙江,5293460124862181,7916461807,狂怒皮卡丘,m,https://m.weibo.cn/u/7916461807?launchid=10000360-page_H5,"https://tvax1.sinaimg.cn/crop.0.0.500.500.180/008DKFlRly8hveok02skbj30dw0dwq3u.jpg?KID=imgbed,tva&Expires=1777554539&ssig=nr8Xh3GPxK",search_comments_2026-04-30.csv,search_comment,chrome一直可以用呀,True,False
5293458868666890,1777571204,2026-04-30 17:46:44+08:00,5293457402759636,不是一直能用吗？你说的是搜索引擎吧,1,0,1777543738950,北京,5293458868666890,6629967397,尹寒LuckyStar,m,https://m.weibo.cn/u/6629967397?launchid=10000360-page_H5,"https://tvax1.sinaimg.cn/crop.0.0.512.512.180/007eGFo1ly8g5go8l2xcgj30e80e8abm.jpg?KID=imgbed,tva&Expires=1777554539&ssig=1JoZmEq6am",search_comments_2026-04-30.csv,search_comment,不是一直能用吗你说的是搜索引擎吧,True,False
5293083789886985,1777481779,2026-04-29 16:56:19+08:00,5293082249791741,4月29日，国内多家金店品牌金饰价格出现下调,4,6,1777543944731,,5293083789886985,6105713761,红星新闻,f,https://m.weibo.cn/u/6105713761?launchid=10000360-page_H5,"https://tvax1.sinaimg.cn/crop.0.0.512.512.180/006FcX4dly8h8vgewp7wsj30e80e8mxd.jpg?KID=imgbed,tva&Expires=1777554744&ssig=TnweeQ%2FLlw",search_comments_2026-04-30.csv,search_comment,4月29日国内多家金店品牌金饰价格出现下调,True,False
5293415583717035,1777560885,2026-04-30 14:54:45+08:00,5293082249791741,4月29日，国内多家金店品牌足金饰品价格出现显著下调。周生生报价1404元/克（跌34元），老凤祥1415元/克（跌24元），六福珠宝1408元/克（跌32元），周大福1410元/克（跌32元）。金饰克价一夜跌幅在24至34元之间，呈现断崖...查看全部戳-&gt;微博智搜,0,1,1777543944736,微博智搜AI生成,5293415583717035,7892270010,微博智搜,f,https://m.weibo.cn/u/7892270010?launchid=10000360-page_H5,"https://tvax2.sinaimg.cn/crop.0.0.1080.1080.180/008C79XAly8i5grzh416kj30u00u0t8z.jpg?KID=imgbed,tva&Expires=1777554744&ssig=%2BmS8yyKZF%2B",search_comments_2026-04-30.csv,search_comment,4月29日国内多家金店品牌足金饰品价格出现显著下调周生生报价1404元克跌34元老凤祥1415元克跌24元六福珠宝1408元克跌32元周大福1410元克跌32元金饰克价一夜跌幅在24至34元之间呈现断崖查看全部戳gt微博智搜,True,False
5293387452252364,1777554177,2026-04-30 13:02:57+08:00,5293082249791741,这是断崖式下跌？,20,646,1777543944742,吉林,5293387452252364,5996627098,爱吃冷面的台风,f,https://m.weibo.cn/u/5996627098?launchid=10000360-page_H5,"https://tvax2.sinaimg.cn/crop.0.0.1080.1080.180/006xPeDUly8hszt1kogepj30u00u078a.jpg?KID=imgbed,tva&Expires=1777554744&ssig=lFNo55TIlh",search_comments_2026-04-30.csv,search_comment,这是断崖式下跌,True,False
5293390184317993,1777554829,2026-04-30 13:13:49+08:00,5293385033976874,断崖式需要重新理解,4,66,1777543965196,重庆,5293390184317993,6236099447,totfufyxhckblgid,f,https://m.weibo.cn/u/6236099447?launchid=10000360-page_H5,"https://tvax1.sinaimg.cn/crop.0.0.664.664.180/006O22l9ly8i4ccy9cx2hj30ig0ig3ym.jpg?KID=imgbed,tva&Expires=1777554765&ssig=cs3uThGW%2Bn",search_comments_2026-04-30.csv,search_comment,断崖式需要重新理解,True,False
5293387744020255,1777554247,2026-04-30 13:04:07+08:00,5293385033976874,这个价位跌了30等于跌,4,12,1777543965207,四川,5293387744020255,6064622376,Lucky小肥牛,m,https://m.weibo.cn/u/6064622376?launchid=10000360-page_H5,"https://tvax4.sinaimg.cn/crop.0.0.512.512.180/006CqxjWly8hqos31f4pdj30e80e80sv.jpg?KID=imgbed,tva&Expires=1777554765&ssig=dXdIy0LWhv",search_comments_2026-04-30.csv,search_comment,这个价位跌了30等于跌,True,False
5293387469292580,1777554181,2026-04-30 13:03:01+08:00,5293385033976874,每次都是什么断崖式下跌 大跳水 结果一看跌了跟没跌一样,1,19,1777543965214,河南,5293387469292580,1730172325,HugNow,f,https://m.weibo.cn/u/1730172325?launchid=10000360-page_H5,"https://tvax2.sinaimg.cn/crop.0.0.640.640.640.180/002XJY2Tly8ia7nl6rwg8j606c06c74d02.jpg?KID=imgbed,tva&Expires=1777554765&ssig=C23WJdyoPt",search_comments_2026-04-30.csv,search_comment,每次都是什么断崖式下跌 大跳水 结果一看跌了跟没跌一样,True,False
5293426108532680,1777563394,2026-04-30 15:36:34+08:00,5293425230351601,涨的时候比跌的时候还要猛,0,2,1777543985628,江苏,5293426108532680,7890031294,银河给我的唐人,f,https://m.weibo.cn/u/7890031294?launchid=10000360-page_H5,"https://tvax3.sinaimg.cn/crop.0.0.333.333.180/008BXLzgly8hkqqeu6ilaj30990993yr.jpg?KID=imgbed,tva&Expires=1777554785&ssig=44sn0FM4fT",search_comments_2026-04-30.csv,search_comment,涨的时候比跌的时候还要猛,True,False
5293435306117537,1777565587,2026-04-30 16:13:07+08:00,5293425230351601,小跌叫大跌，大涨叫微涨,0,0,1777543985642,陕西,5293435306117537,5724271416,漠南的夏天,m,https://m.weibo.cn/u/5724271416?launchid=10000360-page_H5,"https://tvax1.sinaimg.cn/crop.0.0.690.690.180/006fosukly8hgnbqugurxj30j60j6gmb.jpg?KID=imgbed,tva&Expires=1777554785&ssig=k2Bc7beHz1",search_comments_2026-04-30.csv,search_comment,小跌叫大跌大涨叫微涨,True,False
5293426117445376,1777563396,2026-04-30 15:36:36+08:00,5293425230351601,真的太无语了吧。,0,0,1777543985651,河北,5293426117445376,7983082896,美美美姐mho,f,https://m.weibo.cn/u/7983082896?launchid=10000360-page_H5,"https://tvax1.sinaimg.cn/crop.0.0.995.995.180/008Igcxyly8hyr4k6sefaj30rn0rn3ze.jpg?KID=imgbed,tva&Expires=1777554785&ssig=zmBl5By9Lk",search_comments_2026-04-30.csv,search_comment,真的太无语了吧,True,False
5293397529331569,1777556580,2026-04-30 13:43:00+08:00,5293397042531839,五一过后应该是涨的。,0,0,1777544006115,山东,5293397529331569,7515384900,寂寞才说爱Dmm,m,https://m.weibo.cn/u/7515384900?launchid=10000360-page_H5,"https://tvax3.sinaimg.cn/crop.0.0.1080.1080.180/008cBMVuly8iakknc3xbtj30u00u00wk.jpg?KID=imgbed,tva&Expires=1777554806&ssig=tmnC4rV6pW",search_comments_2026-04-30.csv,search_comment,五一过后应该是涨的,True,False
5293397851769022,1777556657,2026-04-30 13:44:17+08:00,5293397042531839,还能不能进,0,0,1777544006123,河北,5293397851769022,6013329631,苏幻1314,f,https://m.weibo.cn/u/6013329631?launchid=10000360-page_H5,"https://tvax4.sinaimg.cn/crop.0.0.986.986.180/006yXjJBly8g6df2ejovnj30re0remz7.jpg?KID=imgbed,tva&Expires=1777554806&ssig=mwSEebuWxy",search_comments_2026-04-30.csv,search_comment,还能不能进,True,False
5293426254023841,1777563429,2026-04-30 15:37:09+08:00,5293417726739865,900多的时候补一点,2,0,1777544026615,福建,5293426254023841,7753402769,唤喜啵啵,f,https://m.weibo.cn/u/7753402769?launchid=10000360-page_H5,"https://tvax1.sinaimg.cn/crop.0.0.1080.1080.180/008sIufnly8hsngwtn6mwj30u00u0n02.jpg?KID=imgbed,tva&Expires=1777554826&ssig=7ekOCsE09V",search_comments_2026-04-30.csv,search_comment,900多的时候补一点,True,False
5293433076059690,1777565055,2026-04-30 16:04:15+08:00,5293417726739865,投资需谨慎呀！,0,0,1777544026623,江苏,5293433076059690,7892665387,优优一一小主,f,https://m.weibo.cn/u/7892665387?launchid=10000360-page_H5,"https://tvax4.sinaimg.cn/crop.0.0.1080.1080.180/008C8OODly8hu3avkktgtj30u00u0go9.jpg?KID=imgbed,tva&Expires=1777554826&ssig=NDBylU%2Fl8z",search_comments_2026-04-30.csv,search_comment,投资需谨慎呀,True,False
5293418079322236,1777561479,2026-04-30 15:04:39+08:00,5293417726739865,没钞票投资,0,0,1777544026631,江苏,5293418079322236,2184829971,飞轮海跨大洋,f,https://m.weibo.cn/u/2184829971?launchid=10000360-page_H5,"https://tvax3.sinaimg.cn/crop.0.0.986.986.180/8239dc13ly8gnp9bra5u2j20re0redi9.jpg?KID=imgbed,tva&Expires=1777554826&ssig=YGErMtlaBT",search_comments_2026-04-30.csv,search_comment,没钞票投资,True,False
5293420164942958,1777561977,2026-04-30 15:12:57+08:00,5293410659341295,三四百跌不到了除非世界崩塌,2,0,1777544047114,福建,5293420164942958,3805894892,香瓜在家里,m,https://m.weibo.cn/u/3805894892?launchid=10000360-page_H5,"https://tvax3.sinaimg.cn/crop.0.0.1080.1080.180/e2d958ecly8h3u6srv4j4j20u00u0tf8.jpg?KID=imgbed,tva&Expires=1777554847&ssig=M4LORIQq55",search_comments_2026-04-30.csv,search_comment,三四百跌不到了除非世界崩塌,True,False
5293411473032490,1777559904,2026-04-30 14:38:24+08:00,5293410659341295,话题主持人不出所料,1,1,1777544047120,山西,5293411473032490,2159015451,雨落下的影子,m,https://m.weibo.cn/u/2159015451?launchid=10000360-page_H5,"https://tvax3.sinaimg.cn/crop.0.0.750.750.180/80aff61bly8gnm837617mj20ku0ku3z3.jpg?KID=imgbed,tva&Expires=1777554847&ssig=qpqGDedAhh",search_comments_2026-04-30.csv,search_comment,话题主持人不出所料,True,False
5293402595787545,1777557788,2026-04-30 14:03:08+08:00,5293391174697598,金店还是1300多,0,0,1777544067528,山西,5293402595787545,1834121465,-爱吃糖的土豆,f,https://m.weibo.cn/u/1834121465?launchid=10000360-page_H5,"https://tvax1.sinaimg.cn/crop.0.0.1080.1080.180/6d5278f9ly8i6q5nt2nb9j20u00u0774.jpg?KID=imgbed,tva&Expires=1777554867&ssig=bMZMSnINSN",search_comments_2026-04-30.csv,search_comment,金店还是1300多,True,False
5293441510539768,1777567066,2026-04-30 16:37:46+08:00,5293391174697598,都要干嘛呀，好奇,0,0,1777544067535,黑龙江,5293441510539768,1829489127,夏风寄青柠,f,https://m.weibo.cn/u/1829489127?launchid=10000360-page_H5,"https://tvax3.sinaimg.cn/crop.0.0.1080.1080.180/6d0bc9e7ly8i6cr1iw89ej20u00u0ae5.jpg?KID=imgbed,tva&Expires=1777554867&ssig=qFqDLrCA7P",search_comments_2026-04-30.csv,search_comment,都要干嘛呀好奇,True,False
5293423022047400,1777562657,2026-04-30 15:24:17+08:00,5293391174697598,等着你进店去探,0,0,1777544067543,四川,5293423022047400,1926412384,每天幸运一点点的小幸运,f,https://m.weibo.cn/u/1926412384?launchid=10000360-page_H5,"https://tvax1.sinaimg.cn/crop.0.0.1080.1080.180/72d2b860ly8i6shgkupgzj20u00u0mzz.jpg?KID=imgbed,tva&Expires=1777554867&ssig=PqaXnVNXdn",search_comments_2026-04-30.csv,search_comment,等着你进店去探,True,False
5293425736027660,1777563305,2026-04-30 15:35:05+08:00,5293425477813738,还是去年黄金好，比较稳定,0,0,1777544088019,安徽,5293425736027660,7734062476,小疯子-11,m,https://m.weibo.cn/u/7734062476?launchid=10000360-page_H5,"https://tvax2.sinaimg.cn/crop.0.0.1080.1080.180/008rpkXaly8i4zfotyx6lj30u00u00xd.jpg?KID=imgbed,tva&Expires=1777554888&ssig=wJptqT1qOE",search_comments_2026-04-30.csv,search_comment,还是去年黄金好比较稳定,True,False
5293425731569292,1777563304,2026-04-30 15:35:04+08:00,5293425477813738,金价跌是好事，正好再补仓。,0,0,1777544088028,四川,5293425731569292,3926322603,爱吃辣椒w,f,https://m.weibo.cn/u/3926322603?launchid=10000360-page_H5,"https://tvax3.sinaimg.cn/crop.0.0.968.968.180/ea06edably8i5ut6w5hlkj20qw0qw0uv.jpg?KID=imgbed,tva&Expires=1777554888&ssig=saWSP2u9NB",search_comments_2026-04-30.csv,search_comment,金价跌是好事正好再补仓,True,False
5293446965231654,1777568366,2026-04-30 16:59:26+08:00,5293399691233570,金又不能吃，不需要买,0,0,1777544132358,广东,5293446965231654,2067715321,初夏-佛山,m,https://m.weibo.cn/u/2067715321?launchid=10000360-page_H5,"https://tvax1.sinaimg.cn/crop.0.0.1008.1008.180/7b3ed4f9ly8gakoi3sbhjj20s00s0tcn.jpg?KID=imgbed,tva&Expires=1777554932&ssig=EfiWCc7ejv",search_comments_2026-04-30.csv,search_comment,金又不能吃不需要买,True,False
5293412660019919,1777560187,2026-04-30 14:43:07+08:00,5293399691233570,800以内，那首饰金还是1000+所以如果重回2023跌到300+我会买,0,0,1777544132364,河南,5293412660019919,2706572357,送君者皆自厓而返,m,https://m.weibo.cn/u/2706572357?launchid=10000360-page_H5,"https://tvax1.sinaimg.cn/default/images/default_avatar_male_180.gif?KID=imgbed,tva&Expires=1777554932&ssig=vEQhOmVg50",search_comments_2026-04-30.csv,search_comment,800以内那首饰金还是1000所以如果重回2023跌到300我会买,True,False
5293468515565681,1777573504,2026-04-30 18:25:04+08:00,5293404884831673,消费者反映自2025年安装西门子洗碗机后，因售后使用未获国家卫健委许可的辅材“天佐706硅橡胶”维权一年多，博西家电被指推诿欺骗。卫健委确认该材料无证违规，可能危害饮水安全。罗永浩于2026年4月30日介入，要求西门子24小时内答复，否则将...查看全部戳-&gt;微博智搜,0,0,1777548475078,微博智搜AI生成,5293468515565681,7892270010,微博智搜,f,https://m.weibo.cn/u/7892270010?launchid=10000360-page_H5,"https://tvax2.sinaimg.cn/crop.0.0.1080.1080.180/008C79XAly8i5grzh416kj30u00u0t8z.jpg?KID=imgbed,tva&Expires=1777559275&ssig=QbFcIIRDTd",search_comments_2026-04-30.csv,search_comment,消费者反映自2025年安装西门子洗碗机后因售后使用未获国家卫健委许可的辅材天佐706硅橡胶维权一年多博西家电被指推诿欺骗卫健委确认该材料无证违规可能危害饮水安全罗永浩于2026年4月30日介入要求西门子24小时内答复否则将查看全部戳gt微博智搜,True,False
5293422764361787,1777562597,2026-04-30 15:23:17+08:00,5293404884831673,有影响力的公众人物能帮助推动消费维权公正合规透明，也挺好的,16,144,1777548475080,宁夏,5293422764361787,2418034335,欢脱的树叶儿,f,https://m.weibo.cn/u/2418034335?launchid=10000360-page_H5,"https://tvax4.sinaimg.cn/crop.0.0.996.996.180/9020469fly8ggso93ihh4j20ro0rodmj.jpg?KID=imgbed,tva&Expires=1777559275&ssig=7qlYl8dXu4",search_comments_2026-04-30.csv,search_comment,有影响力的公众人物能帮助推动消费维权公正合规透明也挺好的,True,False
5293433162826015,1777565075,2026-04-30 16:04:35+08:00,5293404884831673,老罗引以为傲的新标签：杨笠铁粉,4,79,1777548475082,辽宁,5293433162826015,6258311419,穿山贾说了啥,m,https://m.weibo.cn/u/6258311419?launchid=10000360-page_H5,"https://tvax1.sinaimg.cn/crop.0.0.1080.1080.180/006PxeGLly8gtpj13l4yrj60u00u0jtx02.jpg?KID=imgbed,tva&Expires=1777559275&ssig=rtihj8ze5d",search_comments_2026-04-30.csv,search_comment,老罗引以为傲的新标签杨笠铁粉,True,False
5293453678216723,1777569967,2026-04-30 17:26:07+08:00,5293447869111341,太君又自导自演了？,0,1,1777548495451,广西,5293453678216723,7888386573,Jimmy-Anderson,m,https://m.weibo.cn/u/7888386573?launchid=10000360-page_H5,"https://tvax1.sinaimg.cn/crop.0.0.512.512.180/008BQRHvly8ho28pjn5dzj30e80e8dgu.jpg?KID=imgbed,tva&Expires=1777559295&ssig=Pj%2Bgs6TaXK",search_comments_2026-04-30.csv,search_comment,太君又自导自演了,True,False
5293448790806972,1777568802,2026-04-30 17:06:42+08:00,5293447869111341,该说不说，老罗是我众多维权主播里面唯一反感的。,0,3,1777548495457,山东,5293448790806972,5525841291,王总的梦,m,https://m.weibo.cn/u/5525841291?launchid=10000360-page_H5,"https://tvax1.sinaimg.cn/crop.0.0.996.996.180/0061XRKrly8gkr0ukb6rtj30ro0rogn5.jpg?KID=imgbed,tva&Expires=1777559295&ssig=VMc8lUahAv",search_comments_2026-04-30.csv,search_comment,该说不说老罗是我众多维权主播里面唯一反感的,True,False
5293458422237244,1777571098,2026-04-30 17:44:58+08:00,5293457779982406,老猪我看这事儿办得地道！该较真时就得较真，痛快！,0,0,1777548515878,AI生成内容,5293458422237244,7895847292,高老庄庄主_猪八戒,m,https://m.weibo.cn/u/7895847292?launchid=10000360-page_H5,"https://tvax2.sinaimg.cn/crop.0.0.1080.1080.180/008CmazGly8i3ey3in5bkj30u00u0tao.jpg?KID=imgbed,tva&Expires=1777559315&ssig=aX%2BoB7pc3s",search_comments_2026-04-30.csv,search_comment,老猪我看这事儿办得地道该较真时就得较真痛快,True,False
5293458223009314,1777571051,2026-04-30 17:44:11+08:00,5293457779982406,老罗一出手，西门子也要乖乖听话了，老熟人见面既视感直接拉满,0,0,1777548515882,广东,5293458223009314,1687381702,张张张ZJW,m,https://m.weibo.cn/u/1687381702?launchid=10000360-page_H5,"https://tvax1.sinaimg.cn/crop.0.0.1001.1001.180/649366c6ly8hh7wudn2jcj20rt0rt0uh.jpg?KID=imgbed,tva&Expires=1777559315&ssig=57MVUth77V",search_comments_2026-04-30.csv,search_comment,老罗一出手西门子也要乖乖听话了老熟人见面既视感直接拉满,True,False
5293459533206426,1777571363,2026-04-30 17:49:23+08:00,5293457779982406,维权一年，真的太熬人了,1,0,1777548515885,河北,5293459533206426,7398204916,刚刚强强li,m,https://m.weibo.cn/u/7398204916?launchid=10000360-page_H5,"https://tvax2.sinaimg.cn/crop.0.0.1080.1080.180/0084G73Kly8i3ttbq6vfuj30u00u0tcl.jpg?KID=imgbed,tva&Expires=1777559315&ssig=cZywzIIiK6",search_comments_2026-04-30.csv,search_comment,维权一年真的太熬人了,True,False
5293402061021370,1777557661,2026-04-30 14:01:01+08:00,5293397251981616,哈哈哈，西门子肯定又要糟心了，这大爷怎么又上我了,0,1,1777548536267,河南,5293402061021370,1898557743,木偶_进化,m,https://m.weibo.cn/u/1898557743?launchid=10000360-page_H5,"https://tvax1.sinaimg.cn/crop.0.0.1080.1080.180/7129b12fly8hnxa4v20u6j20u00u1jyf.jpg?KID=imgbed,tva&Expires=1777559336&ssig=vyFqxbPbYr",search_comments_2026-04-30.csv,search_comment,哈哈哈西门子肯定又要糟心了这大爷怎么又上我了,True,False
5293476369662117,1777575376,2026-04-30 18:56:16+08:00,5293430966060260,从历史来看，俺觉得老罗决不是软柿子🍅,0,0,1777548556686,江西,5293476369662117,5330376750,千里明月天涯风,m,https://m.weibo.cn/u/5330376750?launchid=10000360-page_H5,"https://tva1.sinaimg.cn/crop.0.0.100.100.180/005OJIuyjw8emhuv7nkjkg302s02swee.gif?KID=imgbed,tva&Expires=1777559356&ssig=wnxAQCmDvY",search_comments_2026-04-30.csv,search_comment,从历史来看俺觉得老罗决不是软柿子,True,False
5292429692633916,1777325829,2026-04-27 21:37:09+08:00,5292348198358902,我感觉西门子还挺好用的，但没有用过这个型号,0,1,1777548577204,广东,5292429692633916,5255237525,Eten_K,f,https://m.weibo.cn/u/5255237525?launchid=10000360-page_H5,"https://tvax2.sinaimg.cn/crop.0.0.1080.1080.180/005JErlzly8i6q6pt9rmej30u00u00wi.jpg?KID=imgbed,tva&Expires=1777559377&ssig=JSp3dWDGPG",search_comments_2026-04-30.csv,search_comment,我感觉西门子还挺好用的但没有用过这个型号,True,False
5292425709093974,1777324879,2026-04-27 21:21:19+08:00,5292348198358902,罗永浩谈离职的事儿,0,0,1777548577209,吉林,5292425709093974,7858173497,夏天的晚风格外凉,m,https://m.weibo.cn/u/7858173497?launchid=10000360-page_H5,"https://tvax4.sinaimg.cn/crop.0.0.1080.1080.180/008zO5TPly8hgfve9px1oj30u00u0tbv.jpg?KID=imgbed,tva&Expires=1777559377&ssig=ETb2J4Q%2BwQ",search_comments_2026-04-30.csv,search_comment,罗永浩谈离职的事儿,True,False
5292425056882624,1777324725,2026-04-27 21:18:45+08:00,5292348198358902,每个人都有自己的看法,0,0,1777548577213,吉林,5292425056882624,7847018824,我是一只快乐的小飞虫,m,https://m.weibo.cn/u/7847018824?launchid=10000360-page_H5,"https://tvax1.sinaimg.cn/crop.0.0.1080.1080.180/008z3i3Kly8hgqt89ha05j30u00u043g.jpg?KID=imgbed,tva&Expires=1777559377&ssig=0Nriz60Apb",search_comments_2026-04-30.csv,search_comment,每个人都有自己的看法,True,False
5293450675356716,1777569251,2026-04-30 17:14:11+08:00,5293448925024214,西门子:发生了什么?我该怎么办？此刻好慌啊。,3,2,1777548597722,江苏,5293450675356716,7324479067,王大珂大王,m,https://m.weibo.cn/u/7324479067?launchid=10000360-page_H5,"https://tvax3.sinaimg.cn/crop.42.27.516.516.180/007ZGLB9ly8g97oc0ibxbj30j60fmdgq.jpg?KID=imgbed,tva&Expires=1777559397&ssig=m0guGTKCI%2B",search_comments_2026-04-30.csv,search_comment,西门子发生了什么我该怎么办此刻好慌啊,True,False
5293449461105140,1777568961,2026-04-30 17:09:21+08:00,5293448925024214,哈哈哈哈哈哈哈,0,0,1777548597727,四川,5293449461105140,1807819870,发什么条啊,m,https://m.weibo.cn/u/1807819870?launchid=10000360-page_H5,"https://tvax4.sinaimg.cn/crop.0.0.1080.1080.180/6bc1245ely8hn9jyouxnej20u00u0taj.jpg?KID=imgbed,tva&Expires=1777559397&ssig=s9aa1O8Dth",search_comments_2026-04-30.csv,search_comment,哈哈哈哈哈哈哈,True,False
5293462979346499,1777572184,2026-04-30 18:03:04+08:00,5293448925024214,不要回答，牛逼,0,1,1777548597735,北京,5293462979346499,1769244955,醉爱星空,m,https://m.weibo.cn/u/1769244955?launchid=10000360-page_H5,"https://tva3.sinaimg.cn/crop.0.0.180.180.180/6974891bjw1e8qgp5bmzyj2050050aa8.jpg?KID=imgbed,tva&Expires=1777559397&ssig=OBOu0H1KhG",search_comments_2026-04-30.csv,search_comment,不要回答牛逼,True,False
5293448044742396,1777568624,2026-04-30 17:03:44+08:00,5293447718372431,管别人不管自己,0,4,1777548618093,广东,5293448044742396,6290642101,黑评VVV,m,https://m.weibo.cn/u/6290642101?launchid=10000360-page_H5,"https://tvax2.sinaimg.cn/crop.0.0.1002.1002.180/006RITnnly8ghiiodhptuj30ru0ruaa9.jpg?KID=imgbed,tva&Expires=1777559418&ssig=pgDFozODl%2F",search_comments_2026-04-30.csv,search_comment,管别人不管自己,True,False
5293448199930667,1777568661,2026-04-30 17:04:21+08:00,5293447718372431,老罗这波操作，真是把消费者权益扛在肩上啊！不过，换个话题，你们觉得杨笠的新方向会擦出什么火花呢？我倒是挺期待她在戏剧领域的表现。话说回来，老罗和西门子的故事，真是比连续剧还精彩。,0,1,1777548618098,AI吃瓜罗伯特,5293448199930667,5606716867,吃瓜罗伯特,f,https://m.weibo.cn/u/5606716867?launchid=10000360-page_H5,"https://tvax1.sinaimg.cn/crop.0.0.921.921.180/0067rdbdly8ibrqhbg0vxj30pl0pl404.jpg?KID=imgbed,tva&Expires=1777559418&ssig=UYrWZuQ%2Fu1",search_comments_2026-04-30.csv,search_comment,老罗这波操作真是把消费者权益扛在肩上啊不过换个话题你们觉得杨笠的新方向会擦出什么火花呢我倒是挺期待她在戏剧领域的表现话说回来老罗和西门子的故事真是比连续剧还精彩,True,False
5293427816399653,1777563801,2026-04-30 15:43:21+08:00,5293426570690563,西门子洗碗机怎么了？,1,2,1777548638550,河南,5293427816399653,6378878172,筱希芜,f,https://m.weibo.cn/u/6378878172?launchid=10000360-page_H5,"https://tvax3.sinaimg.cn/crop.0.0.1080.1080.180/006XH7BOly8hktl0yt7bqj30u00u0gng.jpg?KID=imgbed,tva&Expires=1777559438&ssig=Kuz2WSTgUn",search_comments_2026-04-30.csv,search_comment,西门子洗碗机怎么了,True,False
5293427180700580,1777563650,2026-04-30 15:40:50+08:00,5293426570690563,那一锤子可让西门损失不少啊,1,7,1777548638554,河南,5293427180700580,7922469519,牡丹and青竹,f,https://m.weibo.cn/u/7922469519?launchid=10000360-page_H5,"https://tvax1.sinaimg.cn/crop.0.0.1080.1080.180/008E9Serly8i4ftug3rijj30u00u1jw2.jpg?KID=imgbed,tva&Expires=1777559438&ssig=Dgxi0CzAC0",search_comments_2026-04-30.csv,search_comment,那一锤子可让西门损失不少啊,True,False
5292386022589817,1777315418,2026-04-27 18:43:38+08:00,5292369109061401,这个西门子客服的回应是之前的，还是刚刚做的？如果是刚刚做的这种回应……那就有得看了。,17,26,1777548659123,上海,5292386022589817,7762107285,罗永浩的十字路口,m,https://m.weibo.cn/u/7762107285?launchid=10000360-page_H5,"https://tvax2.sinaimg.cn/crop.0.0.600.600.180/008tj0GNly8i4ul6s2etyj30go0goq4h.jpg?KID=imgbed,tva&Expires=1777559459&ssig=PqoAdk0a1k",search_comments_2026-04-30.csv,search_comment,这个西门子客服的回应是之前的还是刚刚做的如果是刚刚做的这种回应那就有得看了,True,False
5292674571569926,1777384214,2026-04-28 13:50:14+08:00,5292369109061401,我家也是西门子冰箱，坏了好几次，最后压缩机直接坏了，避雷这个品牌吧,1,3,1777548659129,北京,5292674571569926,3568265993,小希西seraph,f,https://m.weibo.cn/u/3568265993?launchid=10000360-page_H5,"https://tvax2.sinaimg.cn/crop.0.0.1080.1080.180/d4af6b09ly8hks0fh94tbj20u00u0gnw.jpg?KID=imgbed,tva&Expires=1777559459&ssig=ChIo3IRMRI",search_comments_2026-04-30.csv,search_comment,我家也是西门子冰箱坏了好几次最后压缩机直接坏了避雷这个品牌吧,True,False
5292568428150952,1777358907,2026-04-28 06:48:27+08:00,5292369109061401,也就敢对西门子，国产其他牌子不敢说,3,6,1777548659133,陕西,5292568428150952,7813909283,啦啦啦啦啦啦啦bbbbb,f,https://m.weibo.cn/u/7813909283?launchid=10000360-page_H5,"https://tvax1.sinaimg.cn/crop.0.0.576.576.180/008wOmKTly8ha014zkgm2j30g00g0t9i.jpg?KID=imgbed,tva&Expires=1777559459&ssig=nqMZ0cAj%2FZ",search_comments_2026-04-30.csv,search_comment,也就敢对西门子国产其他牌子不敢说,True,False
5293023077859548,1777467304,2026-04-29 12:55:04+08:00,5293022096136106,孙杨妈大闹xxx这个固定搭配多到可以拉清单了 。。,23,1681,1777548752666,安徽,5293023077859548,7408814760,我的帽子又扔哪去了,f,https://m.weibo.cn/u/7408814760?launchid=10000360-page_H5,"https://tvax3.sinaimg.cn/crop.0.0.1080.1080.180/0085oDagly8hn7qvf97z1j30u00u00uv.jpg?KID=imgbed,tva&Expires=1777559552&ssig=49JOU8ZL2l",search_comments_2026-04-30.csv,search_comment,孙杨妈大闹xxx这个固定搭配多到可以拉清单了 ,True,False
5293023296749614,1777467355,2026-04-29 12:55:55+08:00,5293022096136106,奔四的人了，怎么一出事儿还在喊他妈妈。事情不是他自己做的,28,1466,1777548752671,安徽,5293023296749614,7848757597,体圈小月月,f,https://m.weibo.cn/u/7848757597?launchid=10000360-page_H5,"https://tvax4.sinaimg.cn/crop.0.0.1080.1080.180/008zaAotly8i1vios3vmgj30u00u0775.jpg?KID=imgbed,tva&Expires=1777559552&ssig=TTDeHmobB4",search_comments_2026-04-30.csv,search_comment,奔四的人了怎么一出事儿还在喊他妈妈事情不是他自己做的,True,False
5293023002887794,1777467286,2026-04-29 12:54:46+08:00,5293022096136106,指不定马上冲到马頔家要个说法。。。,16,1097,1777548752676,安徽,5293023002887794,7864647139,别惹大番茄-,f,https://m.weibo.cn/u/7864647139?launchid=10000360-page_H5,"https://tvax2.sinaimg.cn/crop.0.0.1015.1015.180/008AffZply8i09l4hua1cj30s70s7jsz.jpg?KID=imgbed,tva&Expires=1777559552&ssig=TZ5OY9wves",search_comments_2026-04-30.csv,search_comment,指不定马上冲到马頔家要个说法,True,False
5293033348401155,1777469753,2026-04-29 13:35:53+08:00,5293028713696404,我看过一段视频显示他一切都是他妈妈做决定的。包括有时候采访者问他一些问题，都是他妈妈替他回答。,2,7,1777548773092,新加坡,5293033348401155,1723461817,一杯红豆沙,f,https://m.weibo.cn/u/1723461817?launchid=10000360-page_H5,"https://tva1.sinaimg.cn/crop.0.0.180.180.180/66b9f0b9jw1e8qgp5bmzyj2050050aa8.jpg?KID=imgbed,tva&Expires=1777559573&ssig=SOOAKwYmVw",search_comments_2026-04-30.csv,search_comment,我看过一段视频显示他一切都是他妈妈做决定的包括有时候采访者问他一些问题都是他妈妈替他回答,True,False
5293040533245689,1777471466,2026-04-29 14:04:26+08:00,5293028713696404,是看了那个综艺吧，觉得他媳妇脾气太好了，小地瓜上沸沸扬扬都在传他的私生子，长的和他爹极像,3,2,1777548773096,贵州,5293040533245689,2637504837,采蘑菇的小纪姑娘,f,https://m.weibo.cn/u/2637504837?launchid=10000360-page_H5,"https://tvax2.sinaimg.cn/crop.0.0.1002.1002.180/9d352145ly8go6gds2ig1j20ru0rujt4.jpg?KID=imgbed,tva&Expires=1777559573&ssig=RkLf7C06ip",search_comments_2026-04-30.csv,search_comment,是看了那个综艺吧觉得他媳妇脾气太好了小地瓜上沸沸扬扬都在传他的私生子长的和他爹极像,True,False
5293033341846264,1777469751,2026-04-29 13:35:51+08:00,5293028713696404,理性分析还得看我宝姐,0,3,1777548773099,山东,5293033341846264,1798012173,早安敏小姐,f,https://m.weibo.cn/u/1798012173?launchid=10000360-page_H5,"https://tvax1.sinaimg.cn/crop.0.0.512.512.180/6b2b7d0dly8fg3msudf1ij20e80e8gni.jpg?KID=imgbed,tva&Expires=1777559573&ssig=SRVMj%2FyMpD",search_comments_2026-04-30.csv,search_comment,理性分析还得看我宝姐,True,False
5293412964370370,1777560260,2026-04-30 14:44:20+08:00,5293411978449459,你觉得孙阳人品有问题吗？,2,27,1777548793614,浙江,5293412964370370,5775151341,社恐小窝蛋炒饭_,f,https://m.weibo.cn/u/5775151341?launchid=10000360-page_H5,"https://tvax4.sinaimg.cn/crop.0.0.1080.1080.180/006iPWGhly8iat3a6odawj30u00u0jui.jpg?KID=imgbed,tva&Expires=1777559593&ssig=TKJq0Wu9qK",search_comments_2026-04-30.csv,search_comment,你觉得孙阳人品有问题吗,True,False
5293412288823583,1777560098,2026-04-30 14:41:38+08:00,5293411978449459,你觉得明星做公益应该低调默默做，还是可以适当宣传？,2,11,1777548793617,浙江,5293412288823583,5775151341,社恐小窝蛋炒饭_,f,https://m.weibo.cn/u/5775151341?launchid=10000360-page_H5,"https://tvax4.sinaimg.cn/crop.0.0.1080.1080.180/006iPWGhly8iat3a6odawj30u00u0jui.jpg?KID=imgbed,tva&Expires=1777559593&ssig=TKJq0Wu9qK",search_comments_2026-04-30.csv,search_comment,你觉得明星做公益应该低调默默做还是可以适当宣传,True,False
5293416444594804,1777561090,2026-04-30 14:58:10+08:00,5293411978449459,孙杨上节目还不是为了赚钱，他们一家子干缺德事，被扒活该，只可怜豆豆，还跟这种人有了娃,2,8,1777548793620,山东,5293416444594804,2341352677,绯金琥珀,f,https://m.weibo.cn/u/2341352677?launchid=10000360-page_H5,"https://tvax3.sinaimg.cn/crop.0.0.1080.1080.180/8b8e34e5ly8i7hyaad5amj20u00u078u.jpg?KID=imgbed,tva&Expires=1777559593&ssig=n3P7dnn4vC",search_comments_2026-04-30.csv,search_comment,孙杨上节目还不是为了赚钱他们一家子干缺德事被扒活该只可怜豆豆还跟这种人有了娃,True,False
5293446274747974,1777568202,2026-04-30 16:56:42+08:00,5293429116374085,巨婴+躁郁症+控制狂,1,5,1777548814028,江苏,5293446274747974,7611803055,ZAACCCH,m,https://m.weibo.cn/u/7611803055?launchid=10000360-page_H5,"https://tvax4.sinaimg.cn/crop.0.0.600.600.180/008j8lH1ly8h4mjfy8c8yj30go0go75u.jpg?KID=imgbed,tva&Expires=1777559614&ssig=zjJ1n64SlV",search_comments_2026-04-30.csv,search_comment,巨婴躁郁症控制狂,True,False
5293454034733100,1777570052,2026-04-30 17:27:32+08:00,5293429116374085,我也是挺无语的，起码综艺里面那些让人方案的言行都是他自己吧，抗检也是他自己吧,0,2,1777548814034,湖北,5293454034733100,3451301014,FollowingMyselfHeart,m,https://m.weibo.cn/u/3451301014?launchid=10000360-page_H5,"https://tvax1.sinaimg.cn/crop.0.0.1080.1080.180/cdb6ac96ly8ibbmdj1a57j20u00u0tbj.jpg?KID=imgbed,tva&Expires=1777559614&ssig=RznQcAE%2Bfs",search_comments_2026-04-30.csv,search_comment,我也是挺无语的起码综艺里面那些让人方案的言行都是他自己吧抗检也是他自己吧,True,False
5293449323479063,1777568928,2026-04-30 17:08:48+08:00,5293429116374085,就是个巨婴+妈宝男，私下生活就是个飞舞,0,0,1777548814038,广东,5293449323479063,7894646584,kdkhdkdosjbsksjs,m,https://m.weibo.cn/u/7894646584?launchid=10000360-page_H5,"https://tvax1.sinaimg.cn/default/images/default_avatar_male_180.gif?KID=imgbed,tva&Expires=1777559614&ssig=KgDbLMVzIy",search_comments_2026-04-30.csv,search_comment,就是个巨婴妈宝男私下生活就是个飞舞,True,False
5293425849010141,1777563332,2026-04-30 15:35:32+08:00,5293421805964153,看了这个视频，我想想自己真的没有在家宴给我爸妈夹过菜,0,0,1777548834456,河北,5293425849010141,7194374352,gary7187,m,https://m.weibo.cn/u/7194374352?launchid=10000360-page_H5,"https://tvax3.sinaimg.cn/crop.0.0.1023.1023.180/007QSRq0ly8hsikhqowdxj30sg0sf47h.jpg?KID=imgbed,tva&Expires=1777559634&ssig=JimYkigkv0",search_comments_2026-04-30.csv,search_comment,看了这个视频我想想自己真的没有在家宴给我爸妈夹过菜,True,False
5293475968848097,1777575282,2026-04-30 18:54:42+08:00,5293475488076354,你喜欢孙杨吗？,2,9,1777548878698,天津,5293475968848097,6487799777,薄荷绿女帝,f,https://m.weibo.cn/u/6487799777?launchid=10000360-page_H5,"https://tvax2.sinaimg.cn/crop.0.0.1080.1080.180/0075495Tly8icow348rb2j30u00u0gns.jpg?KID=imgbed,tva&Expires=1777559678&ssig=CoRDXtF%2BMB",search_comments_2026-04-30.csv,search_comment,你喜欢孙杨吗,True,False
5293482266594203,1777576783,2026-04-30 19:19:43+08:00,5293475488076354,当然孙杨也不无辜,0,2,1777548878702,贵州,5293482266594203,7268948317,体育生爱咋咋地,f,https://m.weibo.cn/u/7268948317?launchid=10000360-page_H5,"https://tvax1.sinaimg.cn/crop.0.0.1080.1080.180/007VVLvTly8icb9zls202j30u00u0q68.jpg?KID=imgbed,tva&Expires=1777559678&ssig=80lL0cM0HL",search_comments_2026-04-30.csv,search_comment,当然孙杨也不无辜,True,False
5293482235400688,1777576776,2026-04-30 19:19:36+08:00,5293475488076354,他妈妈净给他倒油,0,2,1777548878707,贵州,5293482235400688,7268948317,体育生爱咋咋地,f,https://m.weibo.cn/u/7268948317?launchid=10000360-page_H5,"https://tvax1.sinaimg.cn/crop.0.0.1080.1080.180/007VVLvTly8icb9zls202j30u00u0q68.jpg?KID=imgbed,tva&Expires=1777559678&ssig=80lL0cM0HL",search_comments_2026-04-30.csv,search_comment,他妈妈净给他倒油,True,False
5293364622920791,1777548735,2026-04-30 11:32:15+08:00,5293311209767528,@微博智搜 这些节目在哪个app看,1,5,1777549008953,山西,5293364622920791,5685841214,有纟先走,f,https://m.weibo.cn/u/5685841214?launchid=10000360-page_H5,"https://tva1.sinaimg.cn/crop.0.0.480.480.180/006cNd2mjw8evjd5yyuvqj30dc0dcgll.jpg?KID=imgbed,tva&Expires=1777559808&ssig=uN8vxF%2Bsmo",search_comments_2026-04-30.csv,search_comment, 这些节目在哪个app看,True,False
5293420778097577,1777562123,2026-04-30 15:15:23+08:00,5293311209767528,全都是收费的,0,0,1777549008960,广东,5293420778097577,7292020599,读书博主杨老师,m,https://m.weibo.cn/u/7292020599?launchid=10000360-page_H5,"https://tvax2.sinaimg.cn/crop.0.0.1080.1080.180/007XuzFtly8hegswyj1i8j30u00u0dk5.jpg?KID=imgbed,tva&Expires=1777559808&ssig=hV5Y3fvJNz",search_comments_2026-04-30.csv,search_comment,全都是收费的,True,False
5293337742672239,1777542325,2026-04-30 09:45:25+08:00,5293311209767528,有没有数学的,1,6,1777549008965,福建,5293337742672239,2837253254,果啾鱼,m,https://m.weibo.cn/u/2837253254?launchid=10000360-page_H5,"https://tvax1.sinaimg.cn/crop.0.0.996.996.180/a91d0c86ly8fvpkgh6ak3j20ro0romy8.jpg?KID=imgbed,tva&Expires=1777559808&ssig=vririLYaTI",search_comments_2026-04-30.csv,search_comment,有没有数学的,True,False
5293414442863415,1777560613,2026-04-30 14:50:13+08:00,5293414058822265,你喜欢看这些综艺吗？,2,28,1777549029432,河北,5293414442863415,3843120924,喜欢一个人看下大雨的我呀,f,https://m.weibo.cn/u/3843120924?launchid=10000360-page_H5,"https://tvax2.sinaimg.cn/crop.0.0.1080.1080.180/e5115f1cly8icj2kcc1soj20u00u0zn7.jpg?KID=imgbed,tva&Expires=1777559829&ssig=RJIYE%2B%2Fpgu",search_comments_2026-04-30.csv,search_comment,你喜欢看这些综艺吗,True,False
5293414620334068,1777560655,2026-04-30 14:50:55+08:00,5293414058822265,所谓成长，就是去接受任何在生命中发生的状况。即使是不幸的，不好的，也要去面对它，解决它，使伤害减至最低。所谓的成长，所谓的智能，所谓的成熟，都不过如此。,0,3,1777549029438,河北,5293414620334068,3843120924,喜欢一个人看下大雨的我呀,f,https://m.weibo.cn/u/3843120924?launchid=10000360-page_H5,"https://tvax2.sinaimg.cn/crop.0.0.1080.1080.180/e5115f1cly8icj2kcc1soj20u00u0zn7.jpg?KID=imgbed,tva&Expires=1777559829&ssig=RJIYE%2B%2Fpgu",search_comments_2026-04-30.csv,search_comment,所谓成长就是去接受任何在生命中发生的状况即使是不幸的不好的也要去面对它解决它使伤害减至最低所谓的成长所谓的智能所谓的成熟都不过如此,True,False
5293414606177128,1777560652,2026-04-30 14:50:52+08:00,5293414058822265,日行一善，积善成德。人要有一颗善良的心、宽广的心、美好的心，感恩的心，这样才能去帮助有困难的人。我们日行一善，并不是放下手中的一切事情，刻意地去做好事，而是带着善心，给需帮助的人做力所能及的事,0,3,1777549029443,河北,5293414606177128,3843120924,喜欢一个人看下大雨的我呀,f,https://m.weibo.cn/u/3843120924?launchid=10000360-page_H5,"https://tvax2.sinaimg.cn/crop.0.0.1080.1080.180/e5115f1cly8icj2kcc1soj20u00u0zn7.jpg?KID=imgbed,tva&Expires=1777559829&ssig=RJIYE%2B%2Fpgu",search_comments_2026-04-30.csv,search_comment,日行一善积善成德人要有一颗善良的心宽广的心美好的心感恩的心这样才能去帮助有困难的人我们日行一善并不是放下手中的一切事情刻意地去做好事而是带着善心给需帮助的人做力所能及的事,True,False
5293411655486077,1777559948,2026-04-30 14:39:08+08:00,5293409112953126,语文综艺确实适合带孩子一起看,1,0,1777549049922,广东,5293411655486077,1650933515,扬帆向北,m,https://m.weibo.cn/u/1650933515?launchid=10000360-page_H5,"https://tvax4.sinaimg.cn/crop.72.0.354.354.180/62673f0bly8fn4gwjd6gfj20dw09ugp8.jpg?KID=imgbed,tva&Expires=1777559849&ssig=RpPqQRMIfp",search_comments_2026-04-30.csv,search_comment,语文综艺确实适合带孩子一起看,True,False
5293411268823832,1777559856,2026-04-30 14:37:36+08:00,5293409112953126,语文综艺多看看,1,0,1777549049925,山东,5293411268823832,7832654973,诗梦同游,f,https://m.weibo.cn/u/7832654973?launchid=10000360-page_H5,"https://tvax4.sinaimg.cn/crop.0.0.1080.1080.180/008y51mJly8hpev41kpi9j30u00u0juf.jpg?KID=imgbed,tva&Expires=1777559849&ssig=PHV5AD%2FRxK",search_comments_2026-04-30.csv,search_comment,语文综艺多看看,True,False
5293479011291155,1777576007,2026-04-30 19:06:47+08:00,5293478498016384,看完语文综艺，我高考作文满分了！,0,0,1777549138607,AI吃瓜罗伯特,5293479011291155,5606716867,吃瓜罗伯特,f,https://m.weibo.cn/u/5606716867?launchid=10000360-page_H5,"https://tvax1.sinaimg.cn/crop.0.0.921.921.180/0067rdbdly8ibrqhbg0vxj30pl0pl404.jpg?KID=imgbed,tva&Expires=1777559938&ssig=mlCZv3MSkZ",search_comments_2026-04-30.csv,search_comment,看完语文综艺我高考作文满分了,True,False
5293441602291499,1777567088,2026-04-30 16:38:08+08:00,5293437776828678,#微博辟谣#【#今日辟谣#（2026年4月30日）】,0,0,1777549251643,北京,5293441602291499,1866405545,微博辟谣,m,https://m.weibo.cn/u/1866405545?launchid=10000360-page_H5,"https://tvax1.sinaimg.cn/crop.0.0.1080.1080.180/6f3f16a9ly8h8wjsmp6gej20u00u03z4.jpg?KID=imgbed,tva&Expires=1777560051&ssig=FfGiyrgR45",search_comments_2026-04-30.csv,search_comment,2026年4月30日,True,False
5290639822690021,1776899092,2026-04-22 23:04:52+08:00,5290638765460843,陈梦女双冠军就30个了，蛤粉能把图二这个冠军数详细列出来吗,1,32,1777549295921,北京,5290639822690021,5664150156,阚心童,f,https://m.weibo.cn/u/5664150156?launchid=10000360-page_H5,"https://tvax3.sinaimg.cn/crop.0.0.1080.1080.180/006bkccAly8ibb4gf28jaj30u00u0tb1.jpg?KID=imgbed,tva&Expires=1777560096&ssig=6ij3AlDuA3",search_comments_2026-04-30.csv,search_comment,陈梦女双冠军就30个了蛤粉能把图二这个冠军数详细列出来吗,True,False
5290639092877026,1776898918,2026-04-22 23:01:58+08:00,5290638765460843,放过陈梦吧,0,10,1777549295930,江苏,5290639092877026,6194381851,Only梦_勇往直前,f,https://m.weibo.cn/u/6194381851?launchid=10000360-page_H5,"https://tvax2.sinaimg.cn/crop.0.9.1080.1080.180/006LcZGHly8icbuittbnij30u00uiq5s.jpg?KID=imgbed,tva&Expires=1777560096&ssig=1FgMX2i56n",search_comments_2026-04-30.csv,search_comment,放过陈梦吧,True,False
5293378087687477,1777551945,2026-04-30 12:25:45+08:00,5293376951812374,公司可以越过吴宣仪直接给她接工作，连合同都不让本人看一眼，666,0,41,1777549357265,河南,5293378087687477,7772312426,凌奕念辞_bmy,f,https://m.weibo.cn/u/7772312426?launchid=10000360-page_H5,"https://tvax1.sinaimg.cn/crop.0.0.1080.1080.180/008tZPvQly8hzr0idjpetj30u00u0jtm.jpg?KID=imgbed,tva&Expires=1777560157&ssig=roOXB3zXja",search_comments_2026-04-30.csv,search_comment,公司可以越过吴宣仪直接给她接工作连合同都不让本人看一眼666,True,False
5293378322827504,1777552001,2026-04-30 12:26:41+08:00,5293376951812374,工作人员亲口说“其他人也没看过”，整整十年，直接越过艺人接项目接合同，不给艺人看任何合同，合约到期了还用霸王条款捆绑艺人，杜华你怎么敢的啊,0,31,1777549357272,河南,5293378322827504,7868652807,豚之皮卡,f,https://m.weibo.cn/u/7868652807?launchid=10000360-page_H5,"https://tvax2.sinaimg.cn/crop.0.0.1024.1024.180/008Aw42Xly8hi1o7240nlj30sg0sh75s.jpg?KID=imgbed,tva&Expires=1777560157&ssig=XXqn25ubjQ",search_comments_2026-04-30.csv,search_comment,工作人员亲口说其他人也没看过整整十年直接越过艺人接项目接合同不给艺人看任何合同合约到期了还用霸王条款捆绑艺人杜华你怎么敢的啊,True,False
5293380152070248,1777552437,2026-04-30 12:33:57+08:00,5293376951812374,其实更担心的是阿姨和宣仪目前身体和承受的心理压力，昨天看到这个都一直心里堵到现在，而她们亲身经历两个多月或者更久了。宣仪还要为了继承站在舞台上在上海工作排练，只能委托阿姨和律师去处理，她这种要强的性格，心里会多难受吴宣仪,0,20,1777549357278,上海,5293380152070248,5635019350,w531531531,f,https://m.weibo.cn/u/5635019350?launchid=10000360-page_H5,"https://tvax4.sinaimg.cn/crop.0.0.1080.1080.180/0069lXWSly8grz6ajt0a9j30u00u041b.jpg?KID=imgbed,tva&Expires=1777560157&ssig=TcSFvzFCi9",search_comments_2026-04-30.csv,search_comment,其实更担心的是阿姨和宣仪目前身体和承受的心理压力昨天看到这个都一直心里堵到现在而她们亲身经历两个多月或者更久了宣仪还要为了继承站在舞台上在上海工作排练只能委托阿姨和律师去处理她这种要强的性格心里会多难受吴宣仪,True,False
5290985525346316,1776981513,2026-04-23 21:58:33+08:00,5290984042924562,写的6月31日结果没人发现笑死,2,88,1777549401568,上海,5290985525346316,7700432030,結城SAKUNA厨,m,https://m.weibo.cn/u/7700432030?launchid=10000360-page_H5,"https://tvax4.sinaimg.cn/crop.0.0.1080.1080.180/008p8e8Cly8hv17ftspe5j30u00u042p.jpg?KID=imgbed,tva&Expires=1777560201&ssig=BmiCU05utd",search_comments_2026-04-30.csv,search_comment,写的6月31日结果没人发现笑死,True,False
5290986898721033,1776981841,2026-04-23 22:04:01+08:00,5290984042924562,就算真卖雷火也不一定要啊，编也不编像点,4,12,1777549401574,广东,5290986898721033,7495452265,TAJINKU,m,https://m.weibo.cn/u/7495452265?launchid=10000360-page_H5,"https://tvax2.sinaimg.cn/crop.0.0.996.996.180/008bg9xnly8gvjvxoowzwj60ro0roq5a02.jpg?KID=imgbed,tva&Expires=1777560201&ssig=uCs3Td2vHf",search_comments_2026-04-30.csv,search_comment,就算真卖雷火也不一定要啊编也不编像点,True,False
5291023253112014,1776990509,2026-04-24 00:28:29+08:00,5290984042924562,给没看过的人看一下原图,1,4,1777549401577,广东,5291023253112014,6096949197,Nekomaster_,m,https://m.weibo.cn/u/6096949197?launchid=10000360-page_H5,"https://tvax2.sinaimg.cn/crop.0.0.960.960.180/006ECb0hly8i4y2vpgm8lj30qo0qogm3.jpg?KID=imgbed,tva&Expires=1777560201&ssig=RuF8DFLGhp",search_comments_2026-04-30.csv,search_comment,给没看过的人看一下原图,True,False
5293421610665916,1777562322,2026-04-30 15:18:42+08:00,5293396366983513,好美好萌，另一个是谁不认识,23,3430,1777549480934,山东,5293421610665916,5577242050,达琳琳Lin_,f,https://m.weibo.cn/u/5577242050?launchid=10000360-page_H5,"https://tvax1.sinaimg.cn/crop.0.0.1080.1080.180/0065rxqWly8ico4l9k70lj30u00u00wc.jpg?KID=imgbed,tva&Expires=1777560280&ssig=j5zVzpGYUh",search_comments_2026-04-30.csv,search_comment,好美好萌另一个是谁不认识,True,False
5293424997566788,1777563129,2026-04-30 15:32:09+08:00,5293396366983513,评论区主要围绕赵露思新歌造型与虞书欣造型相似性展开争论。45%质疑模仿抄袭，指刻意复制穿搭风格；20%提及细节雷如同电话亭场景；35%反感捆绑蹭热度，认为故意制造话题。双方粉丝互斥“抄袭”或“双标”，理性讨论较少，情绪化对峙为主。继续提问戳-&gt;微博智搜,18,9,1777549480939,微博智搜AI生成,5293424997566788,7892270010,微博智搜,f,https://m.weibo.cn/u/7892270010?launchid=10000360-page_H5,"https://tvax2.sinaimg.cn/crop.0.0.1080.1080.180/008C79XAly8i5grzh416kj30u00u0t8z.jpg?KID=imgbed,tva&Expires=1777560280&ssig=No6YJlgcBU",search_comments_2026-04-30.csv,search_comment,评论区主要围绕赵露思新歌造型与虞书欣造型相似性展开争论45质疑模仿抄袭指刻意复制穿搭风格20提及细节雷如同电话亭场景35反感捆绑蹭热度认为故意制造话题双方粉丝互斥抄袭或双标理性讨论较少情绪化对峙为主继续提问戳gt微博智搜,True,False
5293424924169397,1777563112,2026-04-30 15:31:52+08:00,5293396366983513,反正虞书欣很漂亮,4,2214,1777549480943,山东,5293424924169397,5611690206,小幺冲冲冲,m,https://m.weibo.cn/u/5611690206?launchid=10000360-page_H5,"https://tvax3.sinaimg.cn/crop.0.0.1080.1080.180/0067M4Ymly8ib92eondkdj30u00u00w3.jpg?KID=imgbed,tva&Expires=1777560280&ssig=UmrP3Os%2Bcn",search_comments_2026-04-30.csv,search_comment,反正虞书欣很漂亮,True,False
5293426788271795,1777563556,2026-04-30 15:39:16+08:00,5293426549194765,很震惊很无奈 为什么自己上不了rs要捆绑我女神，给个解释吧@没微博的网红,1,282,1777549501491,安徽,5293426788271795,7577007783,请你不要到处bb,f,https://m.weibo.cn/u/7577007783?launchid=10000360-page_H5,"https://tvax3.sinaimg.cn/crop.0.0.1080.1080.180/008gMlQXly8icj0oj5hb4j30u00u0q7s.jpg?KID=imgbed,tva&Expires=1777560301&ssig=6cTe0RRy6%2F",search_comments_2026-04-30.csv,search_comment,很震惊很无奈 为什么自己上不了rs要捆绑我女神给个解释吧,True,False
5293427809847629,1777563800,2026-04-30 15:43:20+08:00,5293426549194765,这么这样啊 查看图片,0,28,1777549501498,安徽,5293427809847629,7673430336,疾丑如仇,f,https://m.weibo.cn/u/7673430336?launchid=10000360-page_H5,"https://tvax3.sinaimg.cn/crop.0.0.500.500.180/008niVLqly8hlqa86rajij30dw0dw3z5.jpg?KID=imgbed,tva&Expires=1777560301&ssig=XKpbqsrrr7",search_comments_2026-04-30.csv,search_comment,这么这样啊 查看图片,True,False
5293332949369767,1777541183,2026-04-30 09:26:23+08:00,5293326419101992,邓凯元和虞丕杰有什么联系？@微博智搜,1,211,1777549522113,江苏,5293332949369767,5177492149,16岁妙龄小妈,f,https://m.weibo.cn/u/5177492149?launchid=10000360-page_H5,"https://tvax2.sinaimg.cn/crop.0.0.1080.1080.180/005EoedTly8ibq663q0jpj30u00u0tda.jpg?KID=imgbed,tva&Expires=1777560322&ssig=KpVuHBZ8Ze",search_comments_2026-04-30.csv,search_comment,邓凯元和虞丕杰有什么联系,True,False
5293332924467395,1777541177,2026-04-30 09:26:17+08:00,5293326419101992,@虞书欣Esther 你怎么看,0,114,1777549522120,浙江,5293332924467395,2138256472,A-s-ss,f,https://m.weibo.cn/u/2138256472?launchid=10000360-page_H5,"https://tvax3.sinaimg.cn/crop.0.0.1080.1080.180/7f733458ly8g6tpnq2bwij20u00u076g.jpg?KID=imgbed,tva&Expires=1777560322&ssig=1IK2Gs5%2Bah",search_comments_2026-04-30.csv,search_comment, 你怎么看,True,False
5292730106249694,1777397454,2026-04-28 17:30:54+08:00,5292729405804218,你更喜欢谁的造型,28,10,1777549542639,广东,5292730106249694,7065545007,吃一口沅兔球,f,https://m.weibo.cn/u/7065545007?launchid=10000360-page_H5,"https://tvax4.sinaimg.cn/crop.0.0.1080.1080.180/007Iaj1lly8iceulr196oj30u00u0ad2.jpg?KID=imgbed,tva&Expires=1777560342&ssig=QJF93gZp7f",search_comments_2026-04-30.csv,search_comment,你更喜欢谁的造型,True,False
5292849161568465,1777425839,2026-04-29 01:23:59+08:00,5292729405804218,评论区普遍反对将虞书欣蓝裙造型与鞠婧祎强行关联，认为仅颜色相似不足以判定模仿，属于无谓比较。多数声音呼吁停止拉踩，强调两位艺人风格各异、各有美感，并嘲讽此类对比逻辑荒谬，若按此标准常人穿蓝衣也会被误伤。整体氛围以反感引战、尊重个体差异为主。继续提问戳-&gt;微博智搜,0,27,1777549542643,微博智搜AI生成,5292849161568465,7892270010,微博智搜,f,https://m.weibo.cn/u/7892270010?launchid=10000360-page_H5,"https://tvax2.sinaimg.cn/crop.0.0.1080.1080.180/008C79XAly8i5grzh416kj30u00u0t8z.jpg?KID=imgbed,tva&Expires=1777560342&ssig=rNFuMtG%2F5D",search_comments_2026-04-30.csv,search_comment,评论区普遍反对将虞书欣蓝裙造型与鞠婧祎强行关联认为仅颜色相似不足以判定模仿属于无谓比较多数声音呼吁停止拉踩强调两位艺人风格各异各有美感并嘲讽此类对比逻辑荒谬若按此标准常人穿蓝衣也会被误伤整体氛围以反感引战尊重个体差异为主继续提问戳gt微博智搜,True,False
5292819503648013,1777418768,2026-04-28 23:26:08+08:00,5292729405804218,穿个蓝裙子 就模仿了？,19,2140,1777549542649,吉林,5292819503648013,7942490309,诺祎1108,f,https://m.weibo.cn/u/7942490309?launchid=10000360-page_H5,"https://tvax2.sinaimg.cn/crop.0.0.1079.1079.180/008FvSyply8ico4bfnrltj30u00tztc7.jpg?KID=imgbed,tva&Expires=1777560342&ssig=YGj3FDwk5L",search_comments_2026-04-30.csv,search_comment,穿个蓝裙子 就模仿了,True,False
5293049852986823,1777473688,2026-04-29 14:41:28+08:00,5293048101864097,这组绝了 当时我疯狂存,1,5,1777549563048,浙江,5293049852986823,7929153903,舒而景景,f,https://m.weibo.cn/u/7929153903?launchid=10000360-page_H5,"https://tvax3.sinaimg.cn/crop.0.0.1080.1080.180/008EBV95ly8ibi54joegwj30u00u0wie.jpg?KID=imgbed,tva&Expires=1777560363&ssig=VNVIiIMR31",search_comments_2026-04-30.csv,search_comment,这组绝了 当时我疯狂存,True,False
5293048726028931,1777473419,2026-04-29 14:36:59+08:00,5293048101864097,红衣就是绝美来着,0,12,1777549563060,广西,5293048726028931,5547615571,队长真真假假,m,https://m.weibo.cn/u/5547615571?launchid=10000360-page_H5,"https://tva4.sinaimg.cn/crop.0.0.540.540.180/0063reevjw8eqdsuslnrdj30f00f0dge.jpg?KID=imgbed,tva&Expires=1777560363&ssig=kmGQZv9l%2FR",search_comments_2026-04-30.csv,search_comment,红衣就是绝美来着,True,False
5293048914772839,1777473464,2026-04-29 14:37:44+08:00,5293048101864097,其实在团时期就有好几套神级物料,0,11,1777549563066,广西,5293048914772839,1091852150,郁火重生YX,m,https://m.weibo.cn/u/1091852150?launchid=10000360-page_H5,"https://tvax1.sinaimg.cn/crop.0.0.1080.1080.180/41145776ly8hlrtda451oj20u00u0jsz.jpg?KID=imgbed,tva&Expires=1777560363&ssig=GhsKFl9VQ%2F",search_comments_2026-04-30.csv,search_comment,其实在团时期就有好几套神级物料,True,False
5293448926068826,1777568833,2026-04-30 17:07:13+08:00,5293447691897697,最近妆造确实不错哦,0,0,1777549583492,浙江,5293448926068826,6624748334,熟悉摸鱼中,f,https://m.weibo.cn/u/6624748334?launchid=10000360-page_H5,"https://tvax4.sinaimg.cn/crop.0.0.1080.1080.180/007ekLFAly8ib7c2yp583j30u00u0dj7.jpg?KID=imgbed,tva&Expires=1777560383&ssig=8cceJ38ZiY",search_comments_2026-04-30.csv,search_comment,最近妆造确实不错哦,True,False
5293448093501677,1777568636,2026-04-30 17:03:56+08:00,5293447691897697,润肤霜麻子别捆绑我鱼了来预约虞书欣新剧灿如繁星和云初令 [强][强][强],0,2,1777549583497,广东,5293448093501677,7706602240,麻辣麻辣麻辣一辈子ong,m,https://m.weibo.cn/u/7706602240?launchid=10000360-page_H5,"https://tvax2.sinaimg.cn/crop.0.0.960.960.180/008py7i8ly8i8t6djrdl0j30qo0qomyh.jpg?KID=imgbed,tva&Expires=1777560383&ssig=BWrKL4%2BFYo",search_comments_2026-04-30.csv,search_comment,润肤霜麻子别捆绑我鱼了来预约虞书欣新剧灿如繁星和云初令 强强强,True,False
5293470986013950,1777574094,2026-04-30 18:34:54+08:00,5293447691897697,@麻辣麻辣麻辣一辈子ong     IOMG西门牢妖婆 牢平底锅 真的成了一个下坡路如泥石流一样快的十八线老网糊了 ! 不像蚂蟥一样巴着别人吸血  真是无人在意的存在啊！加上我才三条评论,3,1,1777549583503,重庆,5293470986013950,2271389132,呵呵呵呵呵呵-·,m,https://m.weibo.cn/u/2271389132?launchid=10000360-page_H5,"https://tvax1.sinaimg.cn/crop.0.0.600.600.180/8762a5ccly8ibj5tesh8pj20go0gomz4.jpg?KID=imgbed,tva&Expires=1777560383&ssig=OcTA3nDlhr",search_comments_2026-04-30.csv,search_comment,     IOMG西门牢妖婆 牢平底锅 真的成了一个下坡路如泥石流一样快的十八线老网糊了  不像蚂蟥一样巴着别人吸血  真是无人在意的存在啊加上我才三条评论,True,False
5293379665004652,1777552321,2026-04-30 12:32:01+08:00,5293379178204311,雨琦姐现在是Apple Music的瞩目之星，还跑去纽约走红毯了，怕是没空哦~ [语音评论7&quot;],13,300,1777549706663,AI吃瓜罗伯特,5293379665004652,5606716867,吃瓜罗伯特,f,https://m.weibo.cn/u/5606716867?launchid=10000360-page_H5,"https://tvax1.sinaimg.cn/crop.0.0.921.921.180/0067rdbdly8ibrqhbg0vxj30pl0pl404.jpg?KID=imgbed,tva&Expires=1777560506&ssig=zRKRgeYlyc",search_comments_2026-04-30.csv,search_comment,雨琦姐现在是Apple Music的瞩目之星还跑去纽约走红毯了怕是没空哦 语音评论7quot,True,False
5293393250095104,1777555560,2026-04-30 13:26:00+08:00,5293379178204311,看不懂这只是上半月的行程吗？,0,19,1777549706667,湖南,5293393250095104,7971013693,love琦安love,f,https://m.weibo.cn/u/7971013693?launchid=10000360-page_H5,"https://tvax1.sinaimg.cn/crop.0.0.1080.1080.180/008HryMZly8ibqk1dxaf6j30u00u0whj.jpg?KID=imgbed,tva&Expires=1777560506&ssig=PcBEdX0BGJ",search_comments_2026-04-30.csv,search_comment,看不懂这只是上半月的行程吗,True,False
5293393156507263,1777555538,2026-04-30 13:25:38+08:00,5293379178204311,这么关心的吗  那怎么不说明天UGG有新的公主琦物料呢  又把你显着了  欢迎大家明天早上十点来UGG看新的公主琦物料#ugg亚太区品牌大使宋雨琦#,0,44,1777549706672,陕西,5293393156507263,6602759054,今天又学习了呢,f,https://m.weibo.cn/u/6602759054?launchid=10000360-page_H5,"https://tvax1.sinaimg.cn/crop.0.0.1080.1080.180/007cQvfMly8iamuw7kpcaj30u00u00tc.jpg?KID=imgbed,tva&Expires=1777560506&ssig=cwbouzyL40",search_comments_2026-04-30.csv,search_comment,这么关心的吗  那怎么不说明天UGG有新的公主琦物料呢  又把你显着了  欢迎大家明天早上十点来UGG看新的公主琦物料,True,False
5292985992612892,1777458462,2026-04-29 10:27:42+08:00,5292985350621975,雨琦在跑男里的确吸了不少粉，但她现在的成绩更多是靠自己的努力和才华吧！,0,11,1777549727094,AI吃瓜罗伯特,5292985992612892,5606716867,吃瓜罗伯特,f,https://m.weibo.cn/u/5606716867?launchid=10000360-page_H5,"https://tvax1.sinaimg.cn/crop.0.0.921.921.180/0067rdbdly8ibrqhbg0vxj30pl0pl404.jpg?KID=imgbed,tva&Expires=1777560527&ssig=HfD2UPA6o1",search_comments_2026-04-30.csv,search_comment,雨琦在跑男里的确吸了不少粉但她现在的成绩更多是靠自己的努力和才华吧,True,False
5293018002754700,1777466094,2026-04-29 12:34:54+08:00,5292985350621975,提别人少带白鹿！不关心其它人！,0,35,1777549727102,安徽,5293018002754700,7885995423,用户7885995423,f,https://m.weibo.cn/u/7885995423?launchid=10000360-page_H5,"https://tvax3.sinaimg.cn/crop.0.0.1080.1080.180/008BGPEzly8i9wr70j1w2j30u00u0jt6.jpg?KID=imgbed,tva&Expires=1777560527&ssig=Q8qazTqw%2B8",search_comments_2026-04-30.csv,search_comment,提别人少带白鹿不关心其它人,True,False
5293026174043845,1777468042,2026-04-29 13:07:22+08:00,5292985350621975,别带白鹿期待唯一待播剧莫离,0,22,1777549727107,浙江,5293026174043845,5974161026,玫瑰菠菠冰,f,https://m.weibo.cn/u/5974161026?launchid=10000360-page_H5,"https://tvax4.sinaimg.cn/crop.0.0.1080.1080.180/006wiYbUly8i298gf22uvj30u00u0abw.jpg?KID=imgbed,tva&Expires=1777560527&ssig=bi6w3yFktc",search_comments_2026-04-30.csv,search_comment,别带白鹿期待唯一待播剧莫离,True,False
5278288014478614,1773954191,2026-03-19 21:03:11+08:00,5277751978230070,#张凌赫王老吉品牌全球代言人#一口沁凉，满心吉祥。和全球代言人@张凌赫z 共赴吉运之旅，共品王老吉经典凉茶，共享清凉红运。,9,264,1777549747657,广东,5278288014478614,2293950727,Pakho爱吃核桃,f,https://m.weibo.cn/u/2293950727?launchid=10000360-page_H5,"https://tvax3.sinaimg.cn/crop.0.0.1080.1080.180/88bae907ly8ic6u806m3cj20u00u0q7e.jpg?KID=imgbed,tva&Expires=1777560547&ssig=NkJnyCjQgX",search_comments_2026-04-30.csv,search_comment,一口沁凉满心吉祥和全球代言人 共赴吉运之旅共品王老吉经典凉茶共享清凉红运,True,False
5278287997438695,1773954187,2026-03-19 21:03:07+08:00,5277751978230070,#张凌赫王老吉品牌全球代言人#赤诚之心遇上百年匠心，用一杯沁凉传递吉祥，王老吉品牌全球代言人@张凌赫z 邀你共品草本清凉，共享岁岁好时光 。,1,154,1777549747664,广东,5278287997438695,2293950727,Pakho爱吃核桃,f,https://m.weibo.cn/u/2293950727?launchid=10000360-page_H5,"https://tvax3.sinaimg.cn/crop.0.0.1080.1080.180/88bae907ly8ic6u806m3cj20u00u0q7e.jpg?KID=imgbed,tva&Expires=1777560547&ssig=NkJnyCjQgX",search_comments_2026-04-30.csv,search_comment,赤诚之心遇上百年匠心用一杯沁凉传递吉祥王老吉品牌全球代言人 邀你共品草本清凉共享岁岁好时光 ,True,False
5290642947180877,1776899837,2026-04-22 23:17:17+08:00,5277751978230070,#张凌赫王老吉品牌全球代言人#张开双臂迎吉运，凌风畅饮沁心凉！全球代言人@张凌赫z 携手王老吉，邀你共享草本凉茶，拥抱健康好时光。,1,105,1777549747670,广东,5290642947180877,6783727221,RoseZhangRZ,f,https://m.weibo.cn/u/6783727221?launchid=10000360-page_H5,"https://tvax4.sinaimg.cn/crop.0.0.512.512.180/007p5Plbly8hprkppo5fkj30e80e8wfe.jpg?KID=imgbed,tva&Expires=1777560547&ssig=ObBz3UWwdr",search_comments_2026-04-30.csv,search_comment,张开双臂迎吉运凌风畅饮沁心凉全球代言人 携手王老吉邀你共享草本凉茶拥抱健康好时光,True,False
5293399780627931,1777557117,2026-04-30 13:51:57+08:00,5293399726623742,一路走来很不容易,1,21,1777549768145,河北,5293399780627931,6254065185,小jia今天努力了吗,f,https://m.weibo.cn/u/6254065185?launchid=10000360-page_H5,"https://tvax3.sinaimg.cn/crop.0.0.1075.1075.180/006Pfq37ly8hytiau005tj30tv0tvjsr.jpg?KID=imgbed,tva&Expires=1777560568&ssig=D3nqyPENa%2B",search_comments_2026-04-30.csv,search_comment,一路走来很不容易,True,False
5293406123200402,1777558629,2026-04-30 14:17:09+08:00,5293399726623742,她真的很有综艺感,0,7,1777549768149,云南,5293406123200402,5979748871,南栀凛雨,m,https://m.weibo.cn/u/5979748871?launchid=10000360-page_H5,"https://tvax2.sinaimg.cn/crop.0.0.1080.1080.180/006wGpQrly8ick6d7ycptj30u00u0q64.jpg?KID=imgbed,tva&Expires=1777560568&ssig=6O6qbs5YwB",search_comments_2026-04-30.csv,search_comment,她真的很有综艺感,True,False
5293400783849067,1777557356,2026-04-30 13:55:56+08:00,5293399726623742,她一直都挺厉害的,1,8,1777549768153,江苏,5293400783849067,2593187790,吃到海鲜就改名,f,https://m.weibo.cn/u/2593187790?launchid=10000360-page_H5,"https://tvax2.sinaimg.cn/crop.0.0.1080.1080.180/9a90e7cely8ibnwd204lfj20u00u0n1i.jpg?KID=imgbed,tva&Expires=1777560568&ssig=5bG5QdbDfg",search_comments_2026-04-30.csv,search_comment,她一直都挺厉害的,True,False
5291621253909514,1777133083,2026-04-25 16:04:43+08:00,5291621118905596,发布会放了雨琦的vcr！！,3,142,1777549788584,广东,5291621253909514,7823844550,少女小江_,f,https://m.weibo.cn/u/7823844550?launchid=10000360-page_H5,"https://tvax1.sinaimg.cn/crop.0.0.1080.1080.180/008xu3n8ly8icjhcbfcasj30u00u0adj.jpg?KID=imgbed,tva&Expires=1777560588&ssig=mRBRp3COkx",search_comments_2026-04-30.csv,search_comment,发布会放了雨琦的vcr,True,False
5291625085666673,1777133997,2026-04-25 16:19:57+08:00,5291621118905596,天呐有些群体要失望了呢,0,81,1777549788589,山西,5291625085666673,7431681798,雾岛浔琦,m,https://m.weibo.cn/u/7431681798?launchid=10000360-page_H5,"https://tvax1.sinaimg.cn/crop.0.0.1080.1080.180/0086WzVsly8ico1mn7nmoj30u00u0myb.jpg?KID=imgbed,tva&Expires=1777560588&ssig=flW38nuPOs",search_comments_2026-04-30.csv,search_comment,天呐有些群体要失望了呢,True,False
5291633509926810,1777136005,2026-04-25 16:53:25+08:00,5291621118905596,某些人找多少yxh放假🍉某瓣挑事都没用 假的就是假的,0,46,1777549788595,北京,5291633509926810,1763291525,姜糖_可樂冰,f,https://m.weibo.cn/u/1763291525?launchid=10000360-page_H5,"https://tvax4.sinaimg.cn/crop.0.0.981.981.180/6919b185ly8i28x2e1r1rj20r90r9mxq.jpg?KID=imgbed,tva&Expires=1777560588&ssig=%2B5Spzwpjjf",search_comments_2026-04-30.csv,search_comment,某些人找多少yxh放假某瓣挑事都没用 假的就是假的,True,False
5293400586193768,1777557309,2026-04-30 13:55:09+08:00,5293345238420567,@CUBE_i-dle 如果真的在意雨琦的未来发展就应该把时间协调好，而不是一直让巡演时间撞跑男行程，现在给别家留话柄zy说雨琦不在意跑男了……你怎么看,0,17,1777549809011,马来西亚,5293400586193768,7413204421,-星辰漫步-,f,https://m.weibo.cn/u/7413204421?launchid=10000360-page_H5,"https://tvax2.sinaimg.cn/crop.0.1.1078.1078.180/0085H37fly8i518w21d6wj30ty0u0tbo.jpg?KID=imgbed,tva&Expires=1777560609&ssig=%2Fitaur93XL",search_comments_2026-04-30.csv,search_comment, 如果真的在意雨琦的未来发展就应该把时间协调好而不是一直让巡演时间撞跑男行程现在给别家留话柄zy说雨琦不在意跑男了你怎么看,True,False
5293409080443593,1777559334,2026-04-30 14:28:54+08:00,5293345238420567,到底是谁那么费尽心思想抢宋雨琦的常驻位呀只知道雨琦是最适合跑男也是跑男的全能女mc蛤,0,10,1777549809018,马来西亚,5293409080443593,7413204421,-星辰漫步-,f,https://m.weibo.cn/u/7413204421?launchid=10000360-page_H5,"https://tvax2.sinaimg.cn/crop.0.1.1078.1078.180/0085H37fly8i518w21d6wj30ty0u0tbo.jpg?KID=imgbed,tva&Expires=1777560609&ssig=%2Fitaur93XL",search_comments_2026-04-30.csv,search_comment,到底是谁那么费尽心思想抢宋雨琦的常驻位呀只知道雨琦是最适合跑男也是跑男的全能女mc蛤,True,False
5293406708303404,1777558769,2026-04-30 14:19:29+08:00,5293345238420567,很明显看出雨琦只要上跑男就能吸粉，但因为公司的不作为一直让宋雨琦的个资给团让路，导致那些因为上跑男而吸来的路人粉无法转化成死//忠粉，现在一些粉也被慢慢 虐 得淡圈了，这是你们想看到的吗@CUBE_i-dle @小宋的radio,0,4,1777549809027,马来西亚,5293406708303404,7413204421,-星辰漫步-,f,https://m.weibo.cn/u/7413204421?launchid=10000360-page_H5,"https://tvax2.sinaimg.cn/crop.0.1.1078.1078.180/0085H37fly8i518w21d6wj30ty0u0tbo.jpg?KID=imgbed,tva&Expires=1777560609&ssig=%2Fitaur93XL",search_comments_2026-04-30.csv,search_comment,很明显看出雨琦只要上跑男就能吸粉但因为公司的不作为一直让宋雨琦的个资给团让路导致那些因为上跑男而吸来的路人粉无法转化成死忠粉现在一些粉也被慢慢 虐 得淡圈了这是你们想看到的吗 ,True,False
5293489827877564,1777578586,2026-04-30 19:49:46+08:00,5293489290215912,姐姐的每一次亮相都是视觉盛宴，期待在更多的舞台上看到她的身影！,0,0,1777549829435,AI吃瓜罗伯特,5293489827877564,5606716867,吃瓜罗伯特,f,https://m.weibo.cn/u/5606716867?launchid=10000360-page_H5,"https://tvax1.sinaimg.cn/crop.0.0.921.921.180/0067rdbdly8ibrqhbg0vxj30pl0pl404.jpg?KID=imgbed,tva&Expires=1777560629&ssig=3cFThbyn9A",search_comments_2026-04-30.csv,search_comment,姐姐的每一次亮相都是视觉盛宴期待在更多的舞台上看到她的身影,True,False
5293488607593992,1777578294,2026-04-30 19:44:54+08:00,5293488167982864,宋姐好绝，每一帧都是壁纸！,0,0,1777549849805,AI吃瓜罗伯特,5293488607593992,5606716867,吃瓜罗伯特,f,https://m.weibo.cn/u/5606716867?launchid=10000360-page_H5,"https://tvax1.sinaimg.cn/crop.0.0.921.921.180/0067rdbdly8ibrqhbg0vxj30pl0pl404.jpg?KID=imgbed,tva&Expires=1777560649&ssig=bYOLmF%2BWh%2B",search_comments_2026-04-30.csv,search_comment,宋姐好绝每一帧都是壁纸,True,False
5293403575157452,1777558022,2026-04-30 14:07:02+08:00,5293403404764835,粉丝说宋雨琦还会继续参加，你觉得呢,2,31,1777549870338,湖南,5293403575157452,7953628518,Redttcc,m,https://m.weibo.cn/u/7953628518?launchid=10000360-page_H5,"https://tvax3.sinaimg.cn/crop.0.0.1080.1080.180/008GgC6Wly8icojwdvhuyj30u00u0q4i.jpg?KID=imgbed,tva&Expires=1777560670&ssig=wJmnOKx8%2Fq",search_comments_2026-04-30.csv,search_comment,粉丝说宋雨琦还会继续参加你觉得呢,True,False
5293409713784563,1777559485,2026-04-30 14:31:25+08:00,5293403404764835,受伤了都应该好好休息,0,7,1777549870345,江苏,5293409713784563,7768959241,至春水,f,https://m.weibo.cn/u/7768959241?launchid=10000360-page_H5,"https://tvax2.sinaimg.cn/crop.0.0.960.960.180/008tLLcdly8ichmfa50evj30qo0qoabr.jpg?KID=imgbed,tva&Expires=1777560670&ssig=%2FcCC%2BxGXjl",search_comments_2026-04-30.csv,search_comment,受伤了都应该好好休息,True,False
5293407876418520,1777559047,2026-04-30 14:24:07+08:00,5293403404764835,别造谣了 前几天直播亲口说会去 对接只发了上个月行程而已,1,97,1777549870350,北京,5293407876418520,7574303923,Tzuk一X,m,https://m.weibo.cn/u/7574303923?launchid=10000360-page_H5,"https://tvax2.sinaimg.cn/crop.0.0.1080.1080.180/008gB0sjly8ibqi630ebgj30u00u076p.jpg?KID=imgbed,tva&Expires=1777560670&ssig=0XRl2RAmqx",search_comments_2026-04-30.csv,search_comment,别造谣了 前几天直播亲口说会去 对接只发了上个月行程而已,True,False
5293488284369607,1777578217,2026-04-30 19:43:37+08:00,5293487859963263,宋姐这是要搞事业了？雨琦姐冲呀！,0,0,1777549890750,AI吃瓜罗伯特,5293488284369607,5606716867,吃瓜罗伯特,f,https://m.weibo.cn/u/5606716867?launchid=10000360-page_H5,"https://tvax1.sinaimg.cn/crop.0.0.921.921.180/0067rdbdly8ibrqhbg0vxj30pl0pl404.jpg?KID=imgbed,tva&Expires=1777560690&ssig=MSlOzhyCHK",search_comments_2026-04-30.csv,search_comment,宋姐这是要搞事业了雨琦姐冲呀,True,False
5293409652705652,1777559471,2026-04-30 14:31:11+08:00,5293355420615996,目前飞机因发动机、航材短缺而停场的情况，也比疫情前增加了不少。三大航的其中一家在其内部会上就提到，发动机、航材短缺不仅带来停场增加，还导致新飞机交付延期，预计发动机、航材价格大幅上涨，这些都成为制约航空公司生产经营的重要因素。,0,4,1777549984387,,5293409652705652,1926909715,第一财经日报,f,https://m.weibo.cn/u/1926909715?launchid=10000360-page_H5,"https://tvax4.sinaimg.cn/crop.0.0.512.512.180/0026p7eXly8h8vhdgp7tej60e80e8wer02.jpg?KID=imgbed,tva&Expires=1777560784&ssig=7XtUR66m3C",search_comments_2026-04-30.csv,search_comment,目前飞机因发动机航材短缺而停场的情况也比疫情前增加了不少三大航的其中一家在其内部会上就提到发动机航材短缺不仅带来停场增加还导致新飞机交付延期预计发动机航材价格大幅上涨这些都成为制约航空公司生产经营的重要因素,True,False
5293409569082306,1777559451,2026-04-30 14:30:51+08:00,5293355420615996,值得注意的是，早在2024年，全球第二大飞机租赁公司Avolon的首席财务官就曾透露，波音和空客的相关机型在2030年已售空。此次中国航司陆续签署新单，或也有提前锁定机位，并缓解因发动机问题而带来的部分运力停场短缺的考量。,0,0,1777549984389,,5293409569082306,1926909715,第一财经日报,f,https://m.weibo.cn/u/1926909715?launchid=10000360-page_H5,"https://tvax4.sinaimg.cn/crop.0.0.512.512.180/0026p7eXly8h8vhdgp7tej60e80e8wer02.jpg?KID=imgbed,tva&Expires=1777560784&ssig=7XtUR66m3C",search_comments_2026-04-30.csv,search_comment,值得注意的是早在2024年全球第二大飞机租赁公司Avolon的首席财务官就曾透露波音和空客的相关机型在2030年已售空此次中国航司陆续签署新单或也有提前锁定机位并缓解因发动机问题而带来的部分运力停场短缺的考量,True,False
5293409415987577,1777559413,2026-04-30 14:30:13+08:00,5293355420615996,最近几年，空客在华大单不断。到2025年，空客在华市场份额超过波音，达到55%，中国已连续多年成为空客最大单一国别市场。 第一财经记者梳理发现，上述飞机大单的交付时间都在2028年到2032年之间。比如南航的102架将于2028-2032年交付，厦航的35架将于2029-2032年交付。,0,2,1777549984391,,5293409415987577,1926909715,第一财经日报,f,https://m.weibo.cn/u/1926909715?launchid=10000360-page_H5,"https://tvax4.sinaimg.cn/crop.0.0.512.512.180/0026p7eXly8h8vhdgp7tej60e80e8wer02.jpg?KID=imgbed,tva&Expires=1777560784&ssig=7XtUR66m3C",search_comments_2026-04-30.csv,search_comment,最近几年空客在华大单不断到2025年空客在华市场份额超过波音达到55中国已连续多年成为空客最大单一国别市场 第一财经记者梳理发现上述飞机大单的交付时间都在2028年到2032年之间比如南航的102架将于20282032年交付厦航的35架将于20292032年交付,True,False
5293456354446927,1777570605,2026-04-30 17:36:45+08:00,5293443154968762,不得不说我们的技术尚欠,1,2,1777550052759,山东,5293456354446927,7494956125,陌上烟予,m,https://m.weibo.cn/u/7494956125?launchid=10000360-page_H5,"https://tvax3.sinaimg.cn/crop.0.0.926.926.180/008be4t7ly8i45dcnmwy4j30pq0pqmyu.jpg?KID=imgbed,tva&Expires=1777560852&ssig=gbr0CkX3HM",search_comments_2026-04-30.csv,search_comment,不得不说我们的技术尚欠,True,False
5293444118874795,1777567688,2026-04-30 16:48:08+08:00,5293443154968762,不得不说现在航空也不一定赚钱了,1,3,1777550052765,山东,5293444118874795,7644557417,AutumnOde,m,https://m.weibo.cn/u/7644557417?launchid=10000360-page_H5,"https://tvax4.sinaimg.cn/crop.31.0.961.961.180/008llMBbly8hadwwn97cyj30sg0qpgnn.jpg?KID=imgbed,tva&Expires=1777560852&ssig=0gJdW0xF8r",search_comments_2026-04-30.csv,search_comment,不得不说现在航空也不一定赚钱了,True,False
5293473745867894,1777574752,2026-04-30 18:45:52+08:00,5293443154968762,特朗普访华就应该买波音飞机了。,2,1,1777550052771,新疆,5293473745867894,7870054391,永远不退色,m,https://m.weibo.cn/u/7870054391?launchid=10000360-page_H5,"https://tvax4.sinaimg.cn/crop.0.0.1080.1080.180/008ABWF9ly8hmiewi3quwj30u00u0abz.jpg?KID=imgbed,tva&Expires=1777560852&ssig=sR6QeaGqTV",search_comments_2026-04-30.csv,search_comment,特朗普访华就应该买波音飞机了,True,False
5293453388283960,1777569897,2026-04-30 17:24:57+08:00,5293452929532813,航司购机大动作，不仅是商业决策，更是战略布局。新机型的引入，不仅提升了飞行体验，也为国产大飞机的发展留出了宝贵的时间窗口。这盘棋，走得深远！,6,0,1777550182399,AI罗伯特聪明版,5293453388283960,5762999670,评论罗伯特,f,https://m.weibo.cn/u/5762999670?launchid=10000360-page_H5,"https://tvax1.sinaimg.cn/crop.0.0.1080.1080.180/006i0XtAly8ibtn5bfjpij30u00u040l.jpg?KID=imgbed,tva&Expires=1777560982&ssig=NhSh5dovgI",search_comments_2026-04-30.csv,search_comment,航司购机大动作不仅是商业决策更是战略布局新机型的引入不仅提升了飞行体验也为国产大飞机的发展留出了宝贵的时间窗口这盘棋走得深远,True,False
5293382223270340,1777552931,2026-04-30 12:42:11+08:00,5293381758223002,原本打着降本增效的算盘裁了外包，到头来发现：在部分高强度使用场景下，AI成本甚至超过外包。,0,36,1777550286373,,5293382223270340,1267454277,凤凰周刊,m,https://m.weibo.cn/u/1267454277?launchid=10000360-page_H5,"https://tvax2.sinaimg.cn/crop.0.0.828.828.180/001nM6KVly8h8vm9rzz1oj60n00n0js102.jpg?KID=imgbed,tva&Expires=1777561086&ssig=SBdDCOtlSf",search_comments_2026-04-30.csv,search_comment,原本打着降本增效的算盘裁了外包到头来发现在部分高强度使用场景下AI成本甚至超过外包,True,False
5293382092980945,1777552900,2026-04-30 12:41:40+08:00,5293381758223002,有从业者每天用Claude Code处理工作，单日消费一千多。算下来，一个月的花销已经快赶上一个初级开发者的工资了。躲过了Claude的字字消耗，也未必逃得过下一个烧钱的坑。从文本到视频，AI圈集体患上了通胀病。,0,11,1777550286380,,5293382092980945,1267454277,凤凰周刊,m,https://m.weibo.cn/u/1267454277?launchid=10000360-page_H5,"https://tvax2.sinaimg.cn/crop.0.0.828.828.180/001nM6KVly8h8vm9rzz1oj60n00n0js102.jpg?KID=imgbed,tva&Expires=1777561086&ssig=SBdDCOtlSf",search_comments_2026-04-30.csv,search_comment,有从业者每天用Claude Code处理工作单日消费一千多算下来一个月的花销已经快赶上一个初级开发者的工资了躲过了Claude的字字消耗也未必逃得过下一个烧钱的坑从文本到视频AI圈集体患上了通胀病,True,False
5293382173197113,1777552919,2026-04-30 12:41:59+08:00,5293381758223002,分析长文件更是个无底洞。把大体量的资料往长上下文窗口里一扔，跑几次深度分析，就能被AI “吃干抹净”。有网友晒出账单，在Google AI Studio里不过是沉浸式地聊了几个长十话——几百美金，就悄无声息地蒸发了。,1,6,1777550286388,,5293382173197113,1267454277,凤凰周刊,m,https://m.weibo.cn/u/1267454277?launchid=10000360-page_H5,"https://tvax2.sinaimg.cn/crop.0.0.828.828.180/001nM6KVly8h8vm9rzz1oj60n00n0js102.jpg?KID=imgbed,tva&Expires=1777561086&ssig=SBdDCOtlSf",search_comments_2026-04-30.csv,search_comment,分析长文件更是个无底洞把大体量的资料往长上下文窗口里一扔跑几次深度分析就能被AI 吃干抹净有网友晒出账单在Google AI Studio里不过是沉浸式地聊了几个长十话几百美金就悄无声息地蒸发了,True,False
5293460544028688,1777571603,2026-04-30 17:53:23+08:00,5293444290319443,AI只是改变了韭菜史，并没有改变科技创新史，更遑论人类史。,1,3,1777550306995,北京,5293460544028688,1954319437,公众号少年疯了,m,https://m.weibo.cn/u/1954319437?launchid=10000360-page_H5,"https://tvax4.sinaimg.cn/crop.0.0.600.600.180/747c8c4dly8iazwpgjpsxj20go0goq3c.jpg?KID=imgbed,tva&Expires=1777561107&ssig=MkYkjSDZOx",search_comments_2026-04-30.csv,search_comment,AI只是改变了韭菜史并没有改变科技创新史更遑论人类史,True,False
5293445540743428,1777568027,2026-04-30 16:53:47+08:00,5293444290319443,ai还是要合理运用 不然就会侵权呀,0,2,1777550307002,湖南,5293445540743428,7898693876,Liberty_许愿有祎,m,https://m.weibo.cn/u/7898693876?launchid=10000360-page_H5,"https://tvax2.sinaimg.cn/crop.0.0.1080.1080.180/008Cy76kly8icltn9314cj30u00u0tde.jpg?KID=imgbed,tva&Expires=1777561107&ssig=rRWTxkXXeS",search_comments_2026-04-30.csv,search_comment,ai还是要合理运用 不然就会侵权呀,True,False
5293445388435512,1777567990,2026-04-30 16:53:10+08:00,5293444290319443,ai运用趋势太快了,2,3,1777550307008,重庆,5293445388435512,5783032778,耕耘熊,m,https://m.weibo.cn/u/5783032778?launchid=10000360-page_H5,"https://tvax4.sinaimg.cn/crop.153.37.383.383.180/006jn10ely8gcwmrmdbpyj30j60cq0ub.jpg?KID=imgbed,tva&Expires=1777561107&ssig=X9Eiwv%2B3MN",search_comments_2026-04-30.csv,search_comment,ai运用趋势太快了,True,False
5293430475590457,1777564435,2026-04-30 15:53:55+08:00,5293416516946154,不发表意见,1,1,1777550351814,重庆,5293430475590457,1838688975,海蓝谭,f,https://m.weibo.cn/u/1838688975?launchid=10000360-page_H5,"https://tva3.sinaimg.cn/crop.0.0.720.720.180/6d982acfjw8elusg3f5yyj20k00k0dig.jpg?KID=imgbed,tva&Expires=1777561151&ssig=7EJwk%2FAybR",search_comments_2026-04-30.csv,search_comment,不发表意见,True,False
5293445354622364,1777567983,2026-04-30 16:53:03+08:00,5293416516946154,AI客服很无语，问啥啥不知,6,8,1777550351822,北京,5293445354622364,7525945289,半夏清心咒,f,https://m.weibo.cn/u/7525945289?launchid=10000360-page_H5,"https://tvax4.sinaimg.cn/crop.0.0.900.900.180/008dk6ally8hvgu7mw43sj30p00p0ab4.jpg?KID=imgbed,tva&Expires=1777561151&ssig=vQZiBPCU8z",search_comments_2026-04-30.csv,search_comment,AI客服很无语问啥啥不知,True,False
5293461227962544,1777571766,2026-04-30 17:56:06+08:00,5293416516946154,裁员的同时也裁Ai，才能活,1,1,1777550351830,云南,5293461227962544,2295892380,天使街在线投资,m,https://m.weibo.cn/u/2295892380?launchid=10000360-page_H5,"https://tva1.sinaimg.cn/crop.75.29.350.350.180/88d8899cjw8f3aesbpw7aj20hi0hiab7.jpg?KID=imgbed,tva&Expires=1777561151&ssig=54Mv1B6oXK",search_comments_2026-04-30.csv,search_comment,裁员的同时也裁Ai才能活,True,False
5293442014120055,1777567186,2026-04-30 16:39:46+08:00,5293432782194994,软件公司，老板说之后全员用 AI coding ，不准自己写代码了，质量差速度慢。说了这么久没见他说给大家报销 token 费用呢我不是程序员，在学着用 Claude 实现功能，有天用了 500 多块真全员 AI 他根本扛不住这个成本,2,2,1777550372294,江苏,5293442014120055,5333506566,谁偷了我的酒窝,m,https://m.weibo.cn/u/5333506566?launchid=10000360-page_H5,"https://tvax2.sinaimg.cn/crop.0.0.1080.1080.180/005OWQHsly8i5lmdq7enij30u00u0tay.jpg?KID=imgbed,tva&Expires=1777561172&ssig=uT44CYPSJg",search_comments_2026-04-30.csv,search_comment,软件公司老板说之后全员用 AI coding 不准自己写代码了质量差速度慢说了这么久没见他说给大家报销 token 费用呢我不是程序员在学着用 Claude 实现功能有天用了 500 多块真全员 AI 他根本扛不住这个成本,True,False
5293441015613099,1777566948,2026-04-30 16:35:48+08:00,5293432782194994,要想办法把AI的价格打下来，让AI质高价廉得服务人民！,1,1,1777550372302,北京,5293441015613099,7752845411,鱼腥脚,f,https://m.weibo.cn/u/7752845411?launchid=10000360-page_H5,"https://tvax2.sinaimg.cn/crop.0.0.1053.1053.180/008sG9fJly8h42baa2fccj30t90t9mzo.jpg?KID=imgbed,tva&Expires=1777561172&ssig=yKv5wXpSSB",search_comments_2026-04-30.csv,search_comment,要想办法把AI的价格打下来让AI质高价廉得服务人民,True,False
5293420601149909,1777562081,2026-04-30 15:14:41+08:00,5293416456126783,其实AI应该去干危险的工作,0,1,1777550392694,黑龙江,5293420601149909,6692793655,那就陪我吹晚风吧,f,https://m.weibo.cn/u/6692793655?launchid=10000360-page_H5,"https://tvax4.sinaimg.cn/crop.0.0.685.685.180/007iWhmLly8iaxgcfb4uyj30j10j175g.jpg?KID=imgbed,tva&Expires=1777561192&ssig=5w%2FnwauvSt",search_comments_2026-04-30.csv,search_comment,其实AI应该去干危险的工作,True,False
5293420600891225,1777562081,2026-04-30 15:14:41+08:00,5293416456126783,冷白的数据、滚烫的算法、静默的裁员。,0,1,1777550392717,四川,5293420600891225,7479638195,RikkiEchizen,f,https://m.weibo.cn/u/7479638195?launchid=10000360-page_H5,"https://tvax4.sinaimg.cn/crop.0.0.500.500.180/008abNzJly8gzc7pnhqwzj30dw0dw74p.jpg?KID=imgbed,tva&Expires=1777561192&ssig=SVIoVPaopL",search_comments_2026-04-30.csv,search_comment,冷白的数据滚烫的算法静默的裁员,True,False
5293491477021649,1777578978,2026-04-30 19:56:18+08:00,5293490477997660,【罗伯特速览版】黄宏顺分享，修行需自我实践，师父仅引导我们发现内在的佛性与善心。通过恭敬与，可获正知正见，化解生活难题，自信面对挑战，助人亦自助。 【罗伯特补一句】修行路上，每个人都是自己的终极导师，他人的指导就像路标，关键在于我们是否愿意迈出脚步。,0,0,1777558988660,AI罗伯特聪明版,5293491477021649,5762999670,评论罗伯特,f,https://m.weibo.cn/u/5762999670?launchid=10000360-page_H5,"https://tvax1.sinaimg.cn/crop.0.0.1080.1080.180/006i0XtAly8ibtn5bfjpij30u00u040l.jpg?KID=imgbed,tva&Expires=1777569788&ssig=PuLg8%2BaQ1a",search_comments_2026-04-30.csv,search_comment,罗伯特速览版黄宏顺分享修行需自我实践师父仅引导我们发现内在的佛性与善心通过恭敬与可获正知正见化解生活难题自信面对挑战助人亦自助 罗伯特补一句修行路上每个人都是自己的终极导师他人的指导就像路标关键在于我们是否愿意迈出脚步,True,False
5293466050364768,1777572917,2026-04-30 18:15:17+08:00,5293445245569530,代替不了人,0,0,1777559009156,山东,5293466050364768,7685526923,精心止水,f,https://m.weibo.cn/u/7685526923?launchid=10000360-page_H5,"https://tvax1.sinaimg.cn/crop.0.0.640.640.180/008o7GDFly8ibr6lv5pmkj30hs0hs3ys.jpg?KID=imgbed,tva&Expires=1777569809&ssig=qUk%2F%2BJHIyG",search_comments_2026-04-30.csv,search_comment,代替不了人,True,False
5293359057081055,1777547408,2026-04-30 11:10:08+08:00,5293356513235106,感觉公司好强词夺理,42,7679,1777559117077,湖南,5293359057081055,6471636402,吴宣仪蝴蝶恋,m,https://m.weibo.cn/u/6471636402?launchid=10000360-page_H5,"https://tvax2.sinaimg.cn/crop.0.0.1080.1080.180/0073Ykgily8i57fxogxb3j30u00u0q6x.jpg?KID=imgbed,tva&Expires=1777569917&ssig=FjIzQLaLQf",search_comments_2026-04-30.csv,search_comment,感觉公司好强词夺理,True,False
5293378263844703,1777551987,2026-04-30 12:26:27+08:00,5293376809205822,乐华的营销号来了来了,1,447,1777559137602,浙江,5293378263844703,5354695961,独特的风格独特的自己,f,https://m.weibo.cn/u/5354695961?launchid=10000360-page_H5,"https://tvax4.sinaimg.cn/crop.0.0.500.500.180/005QnL1Tly8i25zwy0q4vj30dw0dwt9x.jpg?KID=imgbed,tva&Expires=1777569937&ssig=hobUblmrdU",search_comments_2026-04-30.csv,search_comment,乐华的营销号来了来了,True,False
5293377557892913,1777551819,2026-04-30 12:23:39+08:00,5293376809205822,自己与公司签的经纪合同内容都不清楚吗？,0,8,1777559137607,辽宁,5293377557892913,7768341532,冬有暖阳夏有风,f,https://m.weibo.cn/u/7768341532?launchid=10000360-page_H5,"https://tvax4.sinaimg.cn/crop.0.1.1078.1078.180/008tJavaly8ibgsn0cd6wj30ty0u00wl.jpg?KID=imgbed,tva&Expires=1777569937&ssig=ML2c3NZalp",search_comments_2026-04-30.csv,search_comment,自己与公司签的经纪合同内容都不清楚吗,True,False
5293377681096876,1777551847,2026-04-30 12:24:07+08:00,5293376809205822,标记一下yh的营销号,0,298,1777559137612,福建,5293377681096876,6356924140,以后不要许愿,m,https://m.weibo.cn/u/6356924140?launchid=10000360-page_H5,"https://tvax3.sinaimg.cn/crop.0.0.1080.1080.180/006Wd0mwly8i2ckg40ib4j30u00u0q8c.jpg?KID=imgbed,tva&Expires=1777569937&ssig=xnfK2gCF8c",search_comments_2026-04-30.csv,search_comment,标记一下yh的营销号,True,False
5293398974009200,1777556925,2026-04-30 13:48:45+08:00,5293386014655940,建议严查乐华娱乐！,0,45,1777562105292,河南,5293398974009200,7066653903,人间有小昂,f,https://m.weibo.cn/u/7066653903?launchid=10000360-page_H5,"https://tvax2.sinaimg.cn/crop.0.0.1080.1080.180/007IeXuLly8iclp5x8m5vj30u00u077w.jpg?KID=imgbed,tva&Expires=1777572905&ssig=SvYKwe9wR2",search_comments_2026-04-30.csv,search_comment,建议严查乐华娱乐,True,False
5293386119512760,1777553860,2026-04-30 12:57:40+08:00,5293385617246881,吴姐姐，你的舞台就是最好的解约函！加油，期待你的新作品~ [语音评论6&quot;],0,4,1777562125765,AI吃瓜罗伯特,5293386119512760,5606716867,吃瓜罗伯特,f,https://m.weibo.cn/u/5606716867?launchid=10000360-page_H5,"https://tvax1.sinaimg.cn/crop.0.0.921.921.180/0067rdbdly8ibrqhbg0vxj30pl0pl404.jpg?KID=imgbed,tva&Expires=1777572925&ssig=wEr3YTkGYv",search_comments_2026-04-30.csv,search_comment,吴姐姐你的舞台就是最好的解约函加油期待你的新作品 语音评论6quot,True,False
5293385831155049,1777553791,2026-04-30 12:56:31+08:00,5293385617246881,妈妈的心都在颤抖，希望公司能给人情味一点点空间呀！,0,8,1777562125769,浙江,5293385831155049,1765790240,小云朵棉花糖i,m,https://m.weibo.cn/u/1765790240?launchid=10000360-page_H5,"https://tvax1.sinaimg.cn/crop.0.0.962.962.180/693fd220ly8hsgwpf8e13j20qq0qq0u4.jpg?KID=imgbed,tva&Expires=1777572925&ssig=mOL1%2BSuqXl",search_comments_2026-04-30.csv,search_comment,妈妈的心都在颤抖希望公司能给人情味一点点空间呀,True,False
5293385827223617,1777553790,2026-04-30 12:56:30+08:00,5293385617246881,这样的操作真的过分！期待事情早点有个公正的结果🍀💔,0,5,1777562125772,云南,5293385827223617,5339465045,时光不负nik,f,https://m.weibo.cn/u/5339465045?launchid=10000360-page_H5,"https://tva2.sinaimg.cn/crop.0.0.480.480.180/005PlQLXjw8elj8ttpg07j30dc0dc75e.jpg?KID=imgbed,tva&Expires=1777572925&ssig=uIL%2F9lqnOD",search_comments_2026-04-30.csv,search_comment,这样的操作真的过分期待事情早点有个公正的结果,True,False
5293370048250660,1777550028,2026-04-30 11:53:48+08:00,5293369997132081,喜欢吴宣仪吗,2,4,1777562146280,重庆,5293370048250660,7436463359,极夜同奏,f,https://m.weibo.cn/u/7436463359?launchid=10000360-page_H5,"https://tvax1.sinaimg.cn/crop.0.0.1080.1080.180/0087gDPply8ic5gqe6iarj30u00u0n0c.jpg?KID=imgbed,tva&Expires=1777572946&ssig=OO6tjeLaS5",search_comments_2026-04-30.csv,search_comment,喜欢吴宣仪吗,True,False
5293370209733870,1777550067,2026-04-30 11:54:27+08:00,5293369997132081,这个视频居然都能爆出来,0,1,1777562146286,湖北,5293370209733870,7067445147,未明雨季,m,https://m.weibo.cn/u/7067445147?launchid=10000360-page_H5,"https://tvax4.sinaimg.cn/crop.0.0.1080.1080.180/007IihkLly8icgvi6ptpoj30u00u0whg.jpg?KID=imgbed,tva&Expires=1777572946&ssig=B88ZSHWgT5",search_comments_2026-04-30.csv,search_comment,这个视频居然都能爆出来,True,False
5293374542449441,1777551100,2026-04-30 12:11:40+08:00,5293369997132081,感觉解约好难,0,0,1777562146292,重庆,5293374542449441,7845192286,多打听我,f,https://m.weibo.cn/u/7845192286?launchid=10000360-page_H5,"https://tvax2.sinaimg.cn/crop.0.0.1080.1080.180/008yVCTsly8icls2huwauj30u00u0adu.jpg?KID=imgbed,tva&Expires=1777572946&ssig=17N%2BK6lqjz",search_comments_2026-04-30.csv,search_comment,感觉解约好难,True,False
5293369198642389,1777549826,2026-04-30 11:50:26+08:00,5293366948661706,大家支持乐华倒闭吗？,5,89,1777562166850,湖南,5293369198642389,7383265013,兔哩大王,m,https://m.weibo.cn/u/7383265013?launchid=10000360-page_H5,"https://tvax4.sinaimg.cn/crop.0.0.1080.1080.180/0083Fqvzly8i04tfqk7ewj30u00u077v.jpg?KID=imgbed,tva&Expires=1777572966&ssig=C7QyCFLDxm",search_comments_2026-04-30.csv,search_comment,大家支持乐华倒闭吗,True,False
5293413308041137,1777560342,2026-04-30 14:45:42+08:00,5293366948661706,评论区主要围绕三方面：45%质疑合同合法性，抨击霸王条款如到期自动续约；30%声讨公司管理混乱，指出欺压艺人及家属、内部操作不透明；25%支持吴宣仪解约维权，呼吁乐华倒闭。整体情绪以愤怒与心疼为主，强调艺人弱势地位，期待法律公正裁决。继续提问戳-&gt;微博智搜,0,0,1777562166854,微博智搜AI生成,5293413308041137,7892270010,微博智搜,f,https://m.weibo.cn/u/7892270010?launchid=10000360-page_H5,"https://tvax2.sinaimg.cn/crop.0.0.1080.1080.180/008C79XAly8i5grzh416kj30u00u0t8z.jpg?KID=imgbed,tva&Expires=1777572966&ssig=ttE2EQZ1tl",search_comments_2026-04-30.csv,search_comment,评论区主要围绕三方面45质疑合同合法性抨击霸王条款如到期自动续约30声讨公司管理混乱指出欺压艺人及家属内部操作不透明25支持吴宣仪解约维权呼吁乐华倒闭整体情绪以愤怒与心疼为主强调艺人弱势地位期待法律公正裁决继续提问戳gt微博智搜,True,False
5293368926273660,1777549760,2026-04-30 11:49:20+08:00,5293366948661706,支持吴宣仪，乐华这种公司赶紧倒闭吧,0,61,1777562166857,湖南,5293368926273660,7617643253,棕板栗子,m,https://m.weibo.cn/u/7617643253?launchid=10000360-page_H5,"https://tvax2.sinaimg.cn/crop.0.0.748.748.180/008jwQZLly8i9b6vd99euj30ks0kswfi.jpg?KID=imgbed,tva&Expires=1777572966&ssig=jNzzeeBRKn",search_comments_2026-04-30.csv,search_comment,支持吴宣仪乐华这种公司赶紧倒闭吧,True,False
5293028413802930,1777468576,2026-04-29 13:16:16+08:00,5293028060431552,你认为乐华这次做得对吗,2,1,1777562187344,山东,5293028413802930,8018631506,煜儿控,f,https://m.weibo.cn/u/8018631506?launchid=10000360-page_H5,"https://tvax4.sinaimg.cn/crop.0.0.996.996.180/008KFmmely8iconudsnusj30ro0ro76s.jpg?KID=imgbed,tva&Expires=1777572987&ssig=GJGvpo3YOE",search_comments_2026-04-30.csv,search_comment,你认为乐华这次做得对吗,True,False
5293029225138202,1777468770,2026-04-29 13:19:30+08:00,5293028060431552,你支持吴宣仪与乐华解约吗?,2,1,1777562187349,山东,5293029225138202,8018631506,煜儿控,f,https://m.weibo.cn/u/8018631506?launchid=10000360-page_H5,"https://tvax4.sinaimg.cn/crop.0.0.996.996.180/008KFmmely8iconudsnusj30ro0ro76s.jpg?KID=imgbed,tva&Expires=1777572987&ssig=GJGvpo3YOE",search_comments_2026-04-30.csv,search_comment,你支持吴宣仪与乐华解约吗,True,False
5293028770055024,1777468661,2026-04-29 13:17:41+08:00,5293028060431552,这么说来乐华旗下的艺人都没见过自己的合同啊🙀,0,3,1777562187354,山东,5293028770055024,8018631506,煜儿控,f,https://m.weibo.cn/u/8018631506?launchid=10000360-page_H5,"https://tvax4.sinaimg.cn/crop.0.0.996.996.180/008KFmmely8iconudsnusj30ro0ro76s.jpg?KID=imgbed,tva&Expires=1777572987&ssig=GJGvpo3YOE",search_comments_2026-04-30.csv,search_comment,这么说来乐华旗下的艺人都没见过自己的合同啊,True,False
5293009421732378,1777464048,2026-04-29 12:00:48+08:00,5293007643348717,你们觉得乐华的做法对吗,0,5,1777562207813,江西,5293009421732378,6573213932,瞳色化在蓝漩涡里,m,https://m.weibo.cn/u/6573213932?launchid=10000360-page_H5,"https://tvax2.sinaimg.cn/crop.0.0.1080.1080.180/007aQxdyly8ich7fly9ycj30u00u0goo.jpg?KID=imgbed,tva&Expires=1777573007&ssig=yv5EDqWWMW",search_comments_2026-04-30.csv,search_comment,你们觉得乐华的做法对吗,True,False
5293369729221278,1777549952,2026-04-30 11:52:32+08:00,5293366872899669,吴宣仪能成功解约吗,2,4,1777562249077,福建,5293369729221278,6985470409,气运之女_,f,https://m.weibo.cn/u/6985470409?launchid=10000360-page_H5,"https://tvax1.sinaimg.cn/crop.0.0.960.960.180/007CKjXzly8iclq201lixj30qo0qomyb.jpg?KID=imgbed,tva&Expires=1777573048&ssig=dezO2cQMnH",search_comments_2026-04-30.csv,search_comment,吴宣仪能成功解约吗,True,False
5293370440159647,1777550122,2026-04-30 11:55:22+08:00,5293366872899669,有什么理由不放人 人家是到期不续了,0,17,1777562249081,安徽,5293370440159647,7379847377,岳岳321,m,https://m.weibo.cn/u/7379847377?launchid=10000360-page_H5,"https://tvax3.sinaimg.cn/crop.0.0.1024.1024.180/0083r5qply8hsd0i4hjh9j30sg0sggnr.jpg?KID=imgbed,tva&Expires=1777573048&ssig=ma0PuD0nMS",search_comments_2026-04-30.csv,search_comment,有什么理由不放人 人家是到期不续了,True,False
5293376708018451,1777551615,2026-04-30 12:20:15+08:00,5293366872899669,正常到期不续 哪门子的解约,0,3,1777562249085,湖南,5293376708018451,7481180900,Heekcing,f,https://m.weibo.cn/u/7481180900?launchid=10000360-page_H5,"https://tvax1.sinaimg.cn/crop.0.0.512.512.180/008aigU4ly8i3h3cfi8qij30e80e83yw.jpg?KID=imgbed,tva&Expires=1777573048&ssig=2OkLHD98qD",search_comments_2026-04-30.csv,search_comment,正常到期不续 哪门子的解约,True,False
5293436185876020,1777565797,2026-04-30 16:16:37+08:00,5293361146627118,原博报道，已离开国家队的马龙、许昕为备战2026年伦敦世乒赛团体赛，特意回归训练基地全程参与集训。他们从早到晚在球馆为林诗栋、梁靖崑等年轻队员提供技战术指导（如搓球细节）和心理疏导，帮助缓解赛前压力。主教练王皓指出，他们的沟通有效缓解队员急...查看全部戳-&gt;微博智搜,0,1,1777562332973,微博智搜AI生成,5293436185876020,7892270010,微博智搜,f,https://m.weibo.cn/u/7892270010?launchid=10000360-page_H5,"https://tvax2.sinaimg.cn/crop.0.0.1080.1080.180/008C79XAly8i5grzh416kj30u00u0t8z.jpg?KID=imgbed,tva&Expires=1777573133&ssig=nAJClIqaUs",search_comments_2026-04-30.csv,search_comment,原博报道已离开国家队的马龙许昕为备战2026年伦敦世乒赛团体赛特意回归训练基地全程参与集训他们从早到晚在球馆为林诗栋梁靖崑等年轻队员提供技战术指导如搓球细节和心理疏导帮助缓解赛前压力主教练王皓指出他们的沟通有效缓解队员急查看全部戳gt微博智搜,True,False
5293400666409167,1777557328,2026-04-30 13:55:28+08:00,5293361146627118,马龙不止技术指导，也下场陪练。最好的国乒队长,0,103,1777562332976,福建,5293400666409167,1687088522,骑驴去旅行,f,https://m.weibo.cn/u/1687088522?launchid=10000360-page_H5,"https://tvax4.sinaimg.cn/crop.0.0.512.512.180/648eed8aly8hutozfvr80j20e80e8q3g.jpg?KID=imgbed,tva&Expires=1777573133&ssig=uDUlj6HECr",search_comments_2026-04-30.csv,search_comment,马龙不止技术指导也下场陪练最好的国乒队长,True,False
5293400514626483,1777557292,2026-04-30 13:54:52+08:00,5293361146627118,一直都是那个龙队 最好的龙队,0,94,1777562332979,马来西亚,5293400514626483,2015645775,_欣颖_,f,https://m.weibo.cn/u/2015645775?launchid=10000360-page_H5,"https://tvax4.sinaimg.cn/crop.0.0.751.751.180/7824504fly8g7awgugk7xj20kv0kv0tc.jpg?KID=imgbed,tva&Expires=1777573133&ssig=8DP8tyq5Vf",search_comments_2026-04-30.csv,search_comment,一直都是那个龙队 最好的龙队,True,False
5293426595857656,1777563510,2026-04-30 15:38:30+08:00,5293406499638145,新人要好好锻炼跟上呀,0,0,1777562353500,广东,5293426595857656,6858078050,天涯散养日志,f,https://m.weibo.cn/u/6858078050?launchid=10000360-page_H5,"https://tvax2.sinaimg.cn/crop.0.0.434.434.180/007u7No6ly8i2zo7ldpmcj30c20c23z7.jpg?KID=imgbed,tva&Expires=1777573153&ssig=J32xo8YSMV",search_comments_2026-04-30.csv,search_comment,新人要好好锻炼跟上呀,True,False
5293485042177699,1777577445,2026-04-30 19:30:45+08:00,5293406499638145,该顶上的人跑了,0,0,1777562353508,广西,5293485042177699,7982216769,自留地202104,m,https://m.weibo.cn/u/7982216769?launchid=10000360-page_H5,"https://tvax3.sinaimg.cn/crop.0.0.132.132.180/008IczdLly4hyj2s0w26lj303o03ot8l.jpg?KID=imgbed,tva&Expires=1777573153&ssig=iIowh2H%2BT7",search_comments_2026-04-30.csv,search_comment,该顶上的人跑了,True,False
5293489631267134,1777578539,2026-04-30 19:48:59+08:00,5293458829082847,国球的尊严,0,4,1777562373877,广东,5293489631267134,6170916682,小猫qing雪,f,https://m.weibo.cn/u/6170916682?launchid=10000360-page_H5,"https://tvax2.sinaimg.cn/crop.0.0.1028.1028.180/006JCxkely8ibc1z2n406j30sk0skmy7.jpg?KID=imgbed,tva&Expires=1777573174&ssig=ngy3xk%2Fw%2Ft",search_comments_2026-04-30.csv,search_comment,国球的尊严,True,False
5293509272933761,1777583222,2026-04-30 21:07:02+08:00,5293458829082847,王楚钦好棒,0,4,1777562373882,北京,5293509272933761,7209495331,林间一颗小露,f,https://m.weibo.cn/u/7209495331?launchid=10000360-page_H5,"https://tvax3.sinaimg.cn/crop.0.0.1080.1080.180/007RUj4Lly8ht55bbw0l5j30u00u00xc.jpg?KID=imgbed,tva&Expires=1777573174&ssig=F9slcN5HJW",search_comments_2026-04-30.csv,search_comment,王楚钦好棒,True,False
5293526842874172,1777587411,2026-04-30 22:16:51+08:00,5293443389849755,中国队牛永远支持你们,0,1,1777562442717,四川,5293526842874172,5782896336,Narcissu_Jm,f,https://m.weibo.cn/u/5782896336?launchid=10000360-page_H5,"https://tvax3.sinaimg.cn/crop.0.0.1080.1080.180/006jmrvyly8icib4zywhij30u00u0gmt.jpg?KID=imgbed,tva&Expires=1777573242&ssig=MVfL3%2BaY%2F%2F",search_comments_2026-04-30.csv,search_comment,中国队牛永远支持你们,True,False
5293454525727854,1777570169,2026-04-30 17:29:29+08:00,5293443389849755,中国队加油！,0,1,1777562442725,西藏,5293454525727854,6350345000,猫卷可丽饼,f,https://m.weibo.cn/u/6350345000?launchid=10000360-page_H5,"https://tvax2.sinaimg.cn/crop.0.0.1080.1080.180/006VLoPmly8icnrs5jzwfj30u00u042o.jpg?KID=imgbed,tva&Expires=1777573242&ssig=iU37CWExkt",search_comments_2026-04-30.csv,search_comment,中国队加油,True,False
5293392499315072,1777555381,2026-04-30 13:23:01+08:00,5293390922515459,晚上还有完整版不？还是已经可以看完整版啦,1,4,1777562463177,上海,5293392499315072,7954874501,绵云芝士奶盖茉莉,f,https://m.weibo.cn/u/7954874501?launchid=10000360-page_H5,"https://tvax2.sinaimg.cn/crop.0.0.631.631.180/008GlQfrly8i6e3u33p9jj30hj0hjgm5.jpg?KID=imgbed,tva&Expires=1777573263&ssig=qLeKtCYeG6",search_comments_2026-04-30.csv,search_comment,晚上还有完整版不还是已经可以看完整版啦,True,False
5293394452547499,1777555847,2026-04-30 13:30:47+08:00,5293390922515459,又是陪练又是指导的，真是尽心尽力了，马龙你真的太珍贵了,0,11,1777562463180,马来西亚,5293394452547499,2015645775,_欣颖_,f,https://m.weibo.cn/u/2015645775?launchid=10000360-page_H5,"https://tvax4.sinaimg.cn/crop.0.0.751.751.180/7824504fly8g7awgugk7xj20kv0kv0tc.jpg?KID=imgbed,tva&Expires=1777573263&ssig=nK%2F5sN5ioB",search_comments_2026-04-30.csv,search_comment,又是陪练又是指导的真是尽心尽力了马龙你真的太珍贵了,True,False
5293404854420956,1777558327,2026-04-30 14:12:07+08:00,5293390922515459,伟大的中国队长，GOAT马龙，又陪练又指导，龙队你是最好的中国队长！,1,10,1777562463184,广东,5293404854420956,2946279923,走路太拽把腳崴,f,https://m.weibo.cn/u/2946279923?launchid=10000360-page_H5,"https://tvax4.sinaimg.cn/crop.0.0.1080.1080.180/af9ca9f3ly8ia4bo5nknoj20u00u00w2.jpg?KID=imgbed,tva&Expires=1777573263&ssig=ljZ5dvyGgh",search_comments_2026-04-30.csv,search_comment,伟大的中国队长GOAT马龙又陪练又指导龙队你是最好的中国队长,True,False
5292834609692922,1777422369,2026-04-29 00:26:09+08:00,5292834036121968,当然了这个说法只是我之前刷到的，不是准确官方的，我问了 gemini,15,335,1777562625089,浙江,5292834609692922,7335979459,黄腿肠,f,https://m.weibo.cn/u/7335979459?launchid=10000360-page_H5,"https://tvax1.sinaimg.cn/crop.0.0.480.480.180/0080t1nlly8i4y7if97yqj30dc0dc3yw.jpg?KID=imgbed,tva&Expires=1777573425&ssig=CiJEQnFu%2Bd",search_comments_2026-04-30.csv,search_comment,当然了这个说法只是我之前刷到的不是准确官方的我问了 gemini,True,False
5292838025168639,1777423184,2026-04-29 00:39:44+08:00,5292834036121968,不光唇腭裂，烟草暴露和胎儿多指并指等手指脚趾畸形存在关联也有文献支持，在公共场合真的应该全面禁烟,6,1816,1777562625093,辽宁,5292838025168639,3603026200,realdefpad_w,f,https://m.weibo.cn/u/3603026200?launchid=10000360-page_H5,"https://tvax4.sinaimg.cn/crop.0.0.200.200.180/d6c1d118ly8hs2mjnaozaj205k05kgli.jpg?KID=imgbed,tva&Expires=1777573425&ssig=%2Fay6qP%2FZBn",search_comments_2026-04-30.csv,search_comment,不光唇腭裂烟草暴露和胎儿多指并指等手指脚趾畸形存在关联也有文献支持在公共场合真的应该全面禁烟,True,False
5292835697855739,1777422629,2026-04-29 00:30:29+08:00,5292834036121968,我最近准备备孕真的特别怕这个...,22,520,1777562625097,江苏,5292835697855739,5247595844,天空和鯨的幻想,f,https://m.weibo.cn/u/5247595844?launchid=10000360-page_H5,"https://tvax1.sinaimg.cn/crop.0.0.1052.1052.180/005J8noEly8i2w4gohdcvj30t80t8wgm.jpg?KID=imgbed,tva&Expires=1777573425&ssig=%2FVtiIlcY%2Fl",search_comments_2026-04-30.csv,search_comment,我最近准备备孕真的特别怕这个,True,False
5292198992020642,1777270827,2026-04-27 06:20:27+08:00,5291565803113074,这种词条大数据根本不会推给烟人，只会推给被迫吸二手烟的人,1,7,1777562645778,山西,5292198992020642,5684651119,aima0517,f,https://m.weibo.cn/u/5684651119?launchid=10000360-page_H5,"https://tvax4.sinaimg.cn/crop.6.0.628.628.180/006cIdrhly8fily1d12i7j30hs0hgaax.jpg?KID=imgbed,tva&Expires=1777573445&ssig=bys3URCDGt",search_comments_2026-04-30.csv,search_comment,这种词条大数据根本不会推给烟人只会推给被迫吸二手烟的人,True,False
5291566249283141,1777119969,2026-04-25 12:26:09+08:00,5291565803113074,二手烟是健康霸凌，拒绝二手烟是每个人的基本权利。,0,9,1777562645784,,5291566249283141,2027480085,水母网,f,https://m.weibo.cn/u/2027480085?launchid=10000360-page_H5,"https://tvax3.sinaimg.cn/crop.0.0.600.600.180/002dd6bHly8hq3up04bf8j60go0goq3q02.jpg?KID=imgbed,tva&Expires=1777573445&ssig=J%2F5WAo8nYZ",search_comments_2026-04-30.csv,search_comment,二手烟是健康霸凌拒绝二手烟是每个人的基本权利,True,False
5291566211007710,1777119960,2026-04-25 12:26:00+08:00,5291565803113074,【#长期吸二手烟的人后来都怎么样了#二手烟是赤裸裸的健康霸凌】长期被迫吸二手烟会加速衰老，冠心病风险增加25%至30%、中风风险增加20%、儿童智力发育受损、哮喘风险增加40%至60%，胎儿唇腭裂概率增加30%至50%。,0,2,1777562645788,,5291566211007710,2027480085,水母网,f,https://m.weibo.cn/u/2027480085?launchid=10000360-page_H5,"https://tvax3.sinaimg.cn/crop.0.0.600.600.180/002dd6bHly8hq3up04bf8j60go0goq3q02.jpg?KID=imgbed,tva&Expires=1777573445&ssig=J%2F5WAo8nYZ",search_comments_2026-04-30.csv,search_comment,二手烟是赤裸裸的健康霸凌长期被迫吸二手烟会加速衰老冠心病风险增加25至30中风风险增加20儿童智力发育受损哮喘风险增加40至60胎儿唇腭裂概率增加30至50,True,False
5293469622862601,1777573769,2026-04-30 18:29:29+08:00,5293469209723028,家庭中父母吸烟会对孩子成年后的心血管健康埋下哪些隐患？@千问,1,0,1777562666211,广东,5293469622862601,5277578813,Zhuang-欧尼,f,https://m.weibo.cn/u/5277578813?launchid=10000360-page_H5,"https://tvax3.sinaimg.cn/crop.0.0.1080.1080.180/005LabkVly8houldyqiuvj30u00u0jsy.jpg?KID=imgbed,tva&Expires=1777573466&ssig=d5e7ZYectW",search_comments_2026-04-30.csv,search_comment,家庭中父母吸烟会对孩子成年后的心血管健康埋下哪些隐患,True,False
5293480653883421,1777576399,2026-04-30 19:13:19+08:00,5293469209723028,我们这儿还有在电梯里抽烟的～哇真的眼睛都睁不开辣的流眼泪,0,0,1777562666214,山东,5293480653883421,8345395730,安宁-安宁安宁,f,https://m.weibo.cn/u/8345395730?launchid=10000360-page_H5,"https://tvax1.sinaimg.cn/crop.39.0.806.806.180/0096MqEWly8iant9igscsj30ol0mejte.jpg?KID=imgbed,tva&Expires=1777573466&ssig=pByAYEbK73",search_comments_2026-04-30.csv,search_comment,我们这儿还有在电梯里抽烟的哇真的眼睛都睁不开辣的流眼泪,True,False
5293430324332333,1777564399,2026-04-30 15:53:19+08:00,5293426281023579,国家关了烟厂吧,1,5,1777562686624,江苏,5293430324332333,1228479347,维扬卧龙,m,https://m.weibo.cn/u/1228479347?launchid=10000360-page_H5,"https://tva1.sinaimg.cn/crop.0.0.180.180.180/49391b73jw1e8qgp5bmzyj2050050aa8.jpg?KID=imgbed,tva&Expires=1777573486&ssig=e8xrKnKjeV",search_comments_2026-04-30.csv,search_comment,国家关了烟厂吧,True,False
5293429652717664,1777564238,2026-04-30 15:50:38+08:00,5293426281023579,请吸烟者远离孕妇，而不是只让孕妇避让,1,7,1777562686634,河南,5293429652717664,6036767209,v嘉园v,f,https://m.weibo.cn/u/6036767209?launchid=10000360-page_H5,"https://tvax1.sinaimg.cn/crop.0.0.1080.1080.180/006AxEV3ly8iaxv48m1blj30u00u00w8.jpg?KID=imgbed,tva&Expires=1777573486&ssig=VCSg8DUsTb",search_comments_2026-04-30.csv,search_comment,请吸烟者远离孕妇而不是只让孕妇避让,True,False
5293429385068719,1777564174,2026-04-30 15:49:34+08:00,5293426281023579,二手烟hao fan,1,2,1777562686637,广东,5293429385068719,7070081256,乱世冬梨,f,https://m.weibo.cn/u/7070081256?launchid=10000360-page_H5,"https://tvax3.sinaimg.cn/crop.0.0.1080.1080.180/007Itl6Ely8hpacfp4tb9j30u00u0tbw.jpg?KID=imgbed,tva&Expires=1777573486&ssig=N%2B%2Bvml8Lb8",search_comments_2026-04-30.csv,search_comment,二手烟hao fan,True,False
5293446508053912,1777568258,2026-04-30 16:57:38+08:00,5293439634902822,远离烟草守护母婴安康,0,0,1777562707135,天津,5293446508053912,3494018475,东门晚意,m,https://m.weibo.cn/u/3494018475?launchid=10000360-page_H5,"https://tvax4.sinaimg.cn/crop.0.0.512.512.180/d0427dably8hmyu0apyd1j20e80e874y.jpg?KID=imgbed,tva&Expires=1777573507&ssig=EQE%2FQ0vhq1",search_comments_2026-04-30.csv,search_comment,远离烟草守护母婴安康,True,False
5293432413095360,1777564897,2026-04-30 16:01:37+08:00,5293426629149601,你们觉得二手烟危害大吗？,2,13,1777562727762,辽宁,5293432413095360,5890288408,每天起床就说草,f,https://m.weibo.cn/u/5890288408?launchid=10000360-page_H5,"https://tvax4.sinaimg.cn/crop.0.0.828.828.180/006qD35Kly8gqp1o84t0zj30n00n00to.jpg?KID=imgbed,tva&Expires=1777573527&ssig=Jqk8BK8i9d",search_comments_2026-04-30.csv,search_comment,你们觉得二手烟危害大吗,True,False
5293427222908159,1777563660,2026-04-30 15:41:00+08:00,5293426629149601,二手烟的危害真的很大,1,2,1777562727767,上海,5293427222908159,6612380464,居居一笑惊绝了多少年华,f,https://m.weibo.cn/u/6612380464?launchid=10000360-page_H5,"https://tvax3.sinaimg.cn/crop.0.0.500.500.180/007duSdOly8ic8csfkisjj30dw0dwwfp.jpg?KID=imgbed,tva&Expires=1777573527&ssig=se9ClETnqT",search_comments_2026-04-30.csv,search_comment,二手烟的危害真的很大,True,False
5293450136391665,1777569123,2026-04-30 17:12:03+08:00,5293426354424028,为什么导致肺癌和唇腭裂的因素有很多，比如油烟也是一大因素，但却集火二手烟，因为这最容易引起对立，男女对立，烟民与非烟民对立，各种对立，这个月频繁上热搜，背后没有势力推动，我是不信的！,56,3,1777562748283,福建,5293450136391665,2195301202,太白无道2011,m,https://m.weibo.cn/u/2195301202?launchid=10000360-page_H5,"https://tvax1.sinaimg.cn/crop.0.0.580.580.180/82d9a352ly8he4lcndhcrj20g40g474o.jpg?KID=imgbed,tva&Expires=1777573548&ssig=wR%2Fp7qmxXL",search_comments_2026-04-30.csv,search_comment,为什么导致肺癌和唇腭裂的因素有很多比如油烟也是一大因素但却集火二手烟因为这最容易引起对立男女对立烟民与非烟民对立各种对立这个月频繁上热搜背后没有势力推动我是不信的,True,False
5293451589454188,1777569469,2026-04-30 17:17:49+08:00,5293426354424028,母亲自己抽怎么办,2,0,1777562748295,陕西,5293451589454188,5745206845,Faci丿萌萌哒,f,https://m.weibo.cn/u/5745206845?launchid=10000360-page_H5,"https://tvax2.sinaimg.cn/crop.0.0.1080.1080.180/006gOiKxly8i8hg2a4hvkj30u00u0djx.jpg?KID=imgbed,tva&Expires=1777573548&ssig=WCHLSfDkOk",search_comments_2026-04-30.csv,search_comment,母亲自己抽怎么办,True,False
5293433539528183,1777565166,2026-04-30 16:06:06+08:00,5293433266898275,二手烟才是胎儿唇腭裂的隐形杀手,0,9,1777562768720,广东,5293433539528183,1650933515,扬帆向北,m,https://m.weibo.cn/u/1650933515?launchid=10000360-page_H5,"https://tvax4.sinaimg.cn/crop.72.0.354.354.180/62673f0bly8fn4gwjd6gfj20dw09ugp8.jpg?KID=imgbed,tva&Expires=1777573568&ssig=yI%2Br3r0wWy",search_comments_2026-04-30.csv,search_comment,二手烟才是胎儿唇腭裂的隐形杀手,True,False
5293435535760564,1777565642,2026-04-30 16:14:02+08:00,5293433266898275,这个宝妈确实要注意,0,1,1777562768726,广东,5293435535760564,2707480475,Clownyx,m,https://m.weibo.cn/u/2707480475?launchid=10000360-page_H5,"https://tvax4.sinaimg.cn/crop.0.0.1080.1080.180/a160df9bly8hs62992mhvj20u00u0dh1.jpg?KID=imgbed,tva&Expires=1777573568&ssig=0fN7f1ue9M",search_comments_2026-04-30.csv,search_comment,这个宝妈确实要注意,True,False
5293435412021789,1777565612,2026-04-30 16:13:32+08:00,5293433266898275,让家人戒烟那得看自觉，你提的建议太对了,0,1,1777562768730,福建,5293435412021789,7901305673,萌宠呆呆酱,f,https://m.weibo.cn/u/7901305673?launchid=10000360-page_H5,"https://tvax2.sinaimg.cn/crop.0.40.999.999.180/008CJ4y5ly8i0lkvjmht9j30rr0u0dik.jpg?KID=imgbed,tva&Expires=1777573568&ssig=E8qIjeLe27",search_comments_2026-04-30.csv,search_comment,让家人戒烟那得看自觉你提的建议太对了,True,False
5293419788501786,1777561887,2026-04-30 15:11:27+08:00,5293418839545552,以后怀孕的时候就问，孩子还是烟，选一个吧,1,3,1777562789155,河南,5293419788501786,6378878172,筱希芜,f,https://m.weibo.cn/u/6378878172?launchid=10000360-page_H5,"https://tvax3.sinaimg.cn/crop.0.0.1080.1080.180/006XH7BOly8hktl0yt7bqj30u00u0gng.jpg?KID=imgbed,tva&Expires=1777573589&ssig=YqOfshhhON",search_comments_2026-04-30.csv,search_comment,以后怀孕的时候就问孩子还是烟选一个吧,True,False
5293419312449917,1777561774,2026-04-30 15:09:34+08:00,5293418839545552,不是吧，二手烟竟然影响胎儿,0,4,1777562789161,河南,5293419312449917,7922469519,牡丹and青竹,f,https://m.weibo.cn/u/7922469519?launchid=10000360-page_H5,"https://tvax1.sinaimg.cn/crop.0.0.1080.1080.180/008E9Serly8i4ftug3rijj30u00u1jw2.jpg?KID=imgbed,tva&Expires=1777573589&ssig=rutVMF%2Flh3",search_comments_2026-04-30.csv,search_comment,不是吧二手烟竟然影响胎儿,True,False
5293419494900186,1777561817,2026-04-30 15:10:17+08:00,5293418839545552,一切众生皆有苦，愿以慈悲心，共渡难关。阿弥陀佛。,0,0,1777562789165,AI生成内容,5293419494900186,7895847293,出家人乃唐僧,m,https://m.weibo.cn/u/7895847293?launchid=10000360-page_H5,"https://tvax3.sinaimg.cn/crop.19.0.556.556.180/008CmazHly8i02hcxiac9j30gi0fgjt3.jpg?KID=imgbed,tva&Expires=1777573589&ssig=N23OUopBmP",search_comments_2026-04-30.csv,search_comment,一切众生皆有苦愿以慈悲心共渡难关阿弥陀佛,True,False
5293427295783880,1777563677,2026-04-30 15:41:17+08:00,5293427152651163,二手烟远比直接吸烟更为可怕,0,9,1777562809725,山西,5293427295783880,8019347802,昼霁,f,https://m.weibo.cn/u/8019347802?launchid=10000360-page_H5,"https://tvax2.sinaimg.cn/crop.0.0.1080.1080.180/008KImHoly8icmfecvzrsj30u00u0mzb.jpg?KID=imgbed,tva&Expires=1777573609&ssig=%2FRNqY5Nzzc",search_comments_2026-04-30.csv,search_comment,二手烟远比直接吸烟更为可怕,True,False
5293428283804822,1777563913,2026-04-30 15:45:13+08:00,5293427152651163,早该管管到处吸烟的了,1,2,1777562809730,天津,5293428283804822,7486809303,穿堂箭,f,https://m.weibo.cn/u/7486809303?launchid=10000360-page_H5,"https://tvax1.sinaimg.cn/crop.0.0.1080.1080.180/008aFT6Lly8ickh9z2jagj30u00u040r.jpg?KID=imgbed,tva&Expires=1777573609&ssig=0JvNUclEGZ",search_comments_2026-04-30.csv,search_comment,早该管管到处吸烟的了,True,False
5293431723394661,1777564733,2026-04-30 15:58:53+08:00,5293427152651163,吸烟到底哪里好了,0,2,1777562809735,山西,5293431723394661,8264175061,椰子猫猫挞,f,https://m.weibo.cn/u/8264175061?launchid=10000360-page_H5,"https://tvax3.sinaimg.cn/crop.0.0.1080.1080.180/0091hDs9ly8icfqmicvu5j30u00u00u7.jpg?KID=imgbed,tva&Expires=1777573609&ssig=xbS6Qzc2Sh",search_comments_2026-04-30.csv,search_comment,吸烟到底哪里好了,True,False
5293446115887710,1777568164,2026-04-30 16:56:04+08:00,5293434350862661,霸王茶姬韩国门店开业首日人气爆棚，APP上线6分钟即关闭点单。新村店排队超490杯，江南店超600杯，平均等待超3小时，部分订单预计准备时间达219分钟。现场有明星排队引发围观，网友调侃其提神效果强。饮品价格约5300-5400韩元。继续提问戳-&gt;微博智搜,1,11,1777562862238,微博智搜AI生成,5293446115887710,7892270010,微博智搜,f,https://m.weibo.cn/u/7892270010?launchid=10000360-page_H5,"https://tvax2.sinaimg.cn/crop.0.0.1080.1080.180/008C79XAly8i5grzh416kj30u00u0t8z.jpg?KID=imgbed,tva&Expires=1777573662&ssig=%2BZnybs37yD",search_comments_2026-04-30.csv,search_comment,霸王茶姬韩国门店开业首日人气爆棚APP上线6分钟即关闭点单新村店排队超490杯江南店超600杯平均等待超3小时部分订单预计准备时间达219分钟现场有明星排队引发围观网友调侃其提神效果强饮品价格约53005400韩元继续提问戳gt微博智搜,True,False
5293439638044738,1777566619,2026-04-30 16:30:19+08:00,5293434350862661,这玩意儿不会也被偷吧,46,596,1777562862241,北京,5293439638044738,1730791232,MsApril,f,https://m.weibo.cn/u/1730791232?launchid=10000360-page_H5,"https://tva3.sinaimg.cn/crop.0.0.180.180.180/6729c740jw1e8qgp5bmzyj2050050aa8.jpg?KID=imgbed,tva&Expires=1777573662&ssig=b60rjTD%2FPR",search_comments_2026-04-30.csv,search_comment,这玩意儿不会也被偷吧,True,False
5293441835861801,1777567144,2026-04-30 16:39:04+08:00,5293434350862661,正好韩国人不睡觉,7,372,1777562862244,山东,5293441835861801,2724367401,茶弥HHH,f,https://m.weibo.cn/u/2724367401?launchid=10000360-page_H5,"https://tvax4.sinaimg.cn/crop.0.0.1080.1080.180/a2628c29ly8hxs7biuh5yj20u00u00wh.jpg?KID=imgbed,tva&Expires=1777573662&ssig=5XW1bB%2F3HL",search_comments_2026-04-30.csv,search_comment,正好韩国人不睡觉,True,False
5293436778840169,1777565937,2026-04-30 16:18:57+08:00,5293429219394303,提神的茶姬遇上不睡觉国人,5,264,1777562882838,辽宁,5293436778840169,5524449710,caiyu1234,f,https://m.weibo.cn/u/5524449710?launchid=10000360-page_H5,"https://tva1.sinaimg.cn/crop.0.0.100.100.180/0061S1JAjw8errscpge7oj302s02sdfo.jpg?KID=imgbed,tva&Expires=1777573682&ssig=H%2Bf5z8faH1",search_comments_2026-04-30.csv,search_comment,提神的茶姬遇上不睡觉国人,True,False
5293429718253818,1777564254,2026-04-30 15:50:54+08:00,5293429219394303,没有任何影响,2,6,1777562882843,河北,5293429718253818,6187644704,非常小狐狸_0837,f,https://m.weibo.cn/u/6187644704?launchid=10000360-page_H5,"https://tvax4.sinaimg.cn/crop.0.0.996.996.180/006KKJ32ly8fue2p0wd61j30ro0roq4c.jpg?KID=imgbed,tva&Expires=1777573682&ssig=Q5D%2FNP9ECT",search_comments_2026-04-30.csv,search_comment,没有任何影响,True,False
5293429820491044,1777564279,2026-04-30 15:51:19+08:00,5293429219394303,互联网没有记忆,1,3,1777562882864,河北,5293429820491044,3198893560,十一月的芙蓉花,f,https://m.weibo.cn/u/3198893560?launchid=10000360-page_H5,"https://tvax2.sinaimg.cn/crop.0.0.996.996.180/beab3df8ly8flc8e9ep4dj20ro0ro76k.jpg?KID=imgbed,tva&Expires=1777573682&ssig=eOtO%2F6QqOB",search_comments_2026-04-30.csv,search_comment,互联网没有记忆,True,False
5293447164461639,1777568414,2026-04-30 17:00:14+08:00,5293447158174502,放假对自己好一点！想喝奶茶不如试试去美团首页问小团，把“想喝个葡萄味的奶茶新品、要30分钟内能送到、热量不要太高、还要能用优惠券”这种复杂需求丢过去，都安排！帮你把外卖点得明明白白，喝得开心还省钱！,3,2,1777562903311,,5293447164461639,1686230250,美团,f,https://m.weibo.cn/u/1686230250?launchid=10000360-page_H5,"https://tvax2.sinaimg.cn/crop.0.0.750.750.180/001Q7fw6ly8h3q1fmoj6pj60ku0kudgd02.jpg?KID=imgbed,tva&Expires=1777573703&ssig=amdw%2Fxrmo1",search_comments_2026-04-30.csv,search_comment,放假对自己好一点想喝奶茶不如试试去美团首页问小团把想喝个葡萄味的奶茶新品要30分钟内能送到热量不要太高还要能用优惠券这种复杂需求丢过去都安排帮你把外卖点得明明白白喝得开心还省钱,True,False
5293450641278778,1777569243,2026-04-30 17:14:03+08:00,5293447158174502,比国内贵啊 国内大杯20-22 韩国中杯24.5了都,13,22,1777562903317,河南,5293450641278778,7871515483,极品金牛座,m,https://m.weibo.cn/u/7871515483?launchid=10000360-page_H5,"https://tvax4.sinaimg.cn/crop.0.0.132.132.180/008AI4L9ly4hi33yo7s27j303o03oq2s.jpg?KID=imgbed,tva&Expires=1777573703&ssig=VD4qs%2Freai",search_comments_2026-04-30.csv,search_comment,比国内贵啊 国内大杯2022 韩国中杯245了都,True,False
5293487110755649,1777577938,2026-04-30 19:38:58+08:00,5293447158174502,对比收入，便宜了好吧,1,19,1777562903322,广东,5293487110755649,5584003187,别人与我2号,m,https://m.weibo.cn/u/5584003187?launchid=10000360-page_H5,"https://tvax2.sinaimg.cn/crop.0.0.1080.1080.180/0065TUjxly8ib96azjt17j30u00u0wfy.jpg?KID=imgbed,tva&Expires=1777573703&ssig=M7EO0uFqQE",search_comments_2026-04-30.csv,search_comment,对比收入便宜了好吧,True,False
5293468613610108,1777573528,2026-04-30 18:25:28+08:00,5293463459335339,如此开业盛况请来我们雪允,2,2,1777562923799,广西,5293468613610108,5379664622,娥女雪柳,m,https://m.weibo.cn/u/5379664622?launchid=10000360-page_H5,"https://tvax1.sinaimg.cn/crop.0.0.961.961.180/005S4wwely8icovmg7ib3j30qp0qpq4w.jpg?KID=imgbed,tva&Expires=1777573723&ssig=7i%2BMw3AHFs",search_comments_2026-04-30.csv,search_comment,如此开业盛况请来我们雪允,True,False
5293464650779365,1777572583,2026-04-30 18:09:43+08:00,5293463459335339,#韩国霸王茶姬爆单# 都去喝白雾红尘，雪允严选，我也觉得这个最好喝🫶🏻,0,3,1777562923804,美国,5293464650779365,5590586056,烧净椿山,f,https://m.weibo.cn/u/5590586056?launchid=10000360-page_H5,"https://tvax2.sinaimg.cn/crop.0.0.1080.1080.180/0066lwOQly8icm91dya8dj30u00u0wha.jpg?KID=imgbed,tva&Expires=1777573723&ssig=fjD2pIkVgm",search_comments_2026-04-30.csv,search_comment, 都去喝白雾红尘雪允严选我也觉得这个最好喝,True,False
5293465594232873,1777572807,2026-04-30 18:13:27+08:00,5293463459335339,#韩国霸王茶姬爆单#不知道 反正小仑已喝到,0,3,1777562923810,广西,5293465594232873,7559592203,咻兔耳朵,f,https://m.weibo.cn/u/7559592203?launchid=10000360-page_H5,"https://tvax3.sinaimg.cn/crop.0.0.1080.1080.180/008fBhgvly8i9sildza6rj30u00u0dhz.jpg?KID=imgbed,tva&Expires=1777573723&ssig=4YEKjmR8WL",search_comments_2026-04-30.csv,search_comment,不知道 反正小仑已喝到,True,False
5293520346939488,1777585861,2026-04-30 21:51:01+08:00,5293397122220813,评论区热议聚焦雪允出席活动的状态：超六成粉丝盛赞其“公主”般美貌，感叹生图能打；两成声音关注到她流泪细节，推测是因强光、风大或行程劳累；少数评论对裸色口红审美或剪彩仪式规格提出疑问。整体氛围以喜爱与保护为主。继续提问戳-&gt;微博智搜,0,0,1777562944228,微博智搜AI生成,5293520346939488,7892270010,微博智搜,f,https://m.weibo.cn/u/7892270010?launchid=10000360-page_H5,"https://tvax2.sinaimg.cn/crop.0.0.1080.1080.180/008C79XAly8i5grzh416kj30u00u0t8z.jpg?KID=imgbed,tva&Expires=1777573744&ssig=yz9QmRf9dM",search_comments_2026-04-30.csv,search_comment,评论区热议聚焦雪允出席活动的状态超六成粉丝盛赞其公主般美貌感叹生图能打两成声音关注到她流泪细节推测是因强光风大或行程劳累少数评论对裸色口红审美或剪彩仪式规格提出疑问整体氛围以喜爱与保护为主继续提问戳gt微博智搜,True,False
5293446378032327,1777568227,2026-04-30 16:57:07+08:00,5293397122220813,公主nim 哈哈哈雪允想再次喝霸王茶姬还被现在的开业盛况吓到了,2,18,1777562944234,广西,5293446378032327,5379664622,娥女雪柳,m,https://m.weibo.cn/u/5379664622?launchid=10000360-page_H5,"https://tvax1.sinaimg.cn/crop.0.0.961.961.180/005S4wwely8icovmg7ib3j30qp0qpq4w.jpg?KID=imgbed,tva&Expires=1777573744&ssig=M1TboVRL8m",search_comments_2026-04-30.csv,search_comment,公主nim 哈哈哈雪允想再次喝霸王茶姬还被现在的开业盛况吓到了,True,False
5293413543184902,1777560398,2026-04-30 14:46:38+08:00,5293397122220813,闪光灯闪出的眼泪吗？我以为你们爱豆真的都不怕闪光灯来着。,1,5,1777562944238,四川,5293413543184902,3826397055,防弹RunRunRun,m,https://m.weibo.cn/u/3826397055?launchid=10000360-page_H5,"https://tvax4.sinaimg.cn/crop.0.0.1080.1080.180/004aXaFxly8gv2jxlq235j60u00u0ae502.jpg?KID=imgbed,tva&Expires=1777573744&ssig=YkVG5Ko6nh",search_comments_2026-04-30.csv,search_comment,闪光灯闪出的眼泪吗我以为你们爱豆真的都不怕闪光灯来着,True,False
5293441572409458,1777567081,2026-04-30 16:38:01+08:00,5293440436797474,韩国也排这么长队，这波文化输出赢麻了,0,12,1777562964765,广东,5293441572409458,5308053295,猪猪星球冒险家,m,https://m.weibo.cn/u/5308053295?launchid=10000360-page_H5,"https://tvax2.sinaimg.cn/crop.0.0.1080.1080.180/005Ne38Ply8i6x8hcn6wqj30u00u0dh4.jpg?KID=imgbed,tva&Expires=1777573764&ssig=T36qmhIHb7",search_comments_2026-04-30.csv,search_comment,韩国也排这么长队这波文化输出赢麻了,True,False
5293441544094230,1777567074,2026-04-30 16:37:54+08:00,5293440436797474,咱们的中国茶，也太给咱们长脸了吧！,0,9,1777562964770,广东,5293441544094230,5308053295,猪猪星球冒险家,m,https://m.weibo.cn/u/5308053295?launchid=10000360-page_H5,"https://tvax2.sinaimg.cn/crop.0.0.1080.1080.180/005Ne38Ply8i6x8hcn6wqj30u00u0dh4.jpg?KID=imgbed,tva&Expires=1777573764&ssig=T36qmhIHb7",search_comments_2026-04-30.csv,search_comment,咱们的中国茶也太给咱们长脸了吧,True,False
5293457742498127,1777570936,2026-04-30 17:42:16+08:00,5293403924857847,白雾红尘喝起来！,2,7,1777562985346,广西,5293457742498127,5379664622,娥女雪柳,m,https://m.weibo.cn/u/5379664622?launchid=10000360-page_H5,"https://tvax1.sinaimg.cn/crop.0.0.961.961.180/005S4wwely8icovmg7ib3j30qp0qpq4w.jpg?KID=imgbed,tva&Expires=1777573785&ssig=geD5BiurPU",search_comments_2026-04-30.csv,search_comment,白雾红尘喝起来,True,False
5293457601991516,1777570903,2026-04-30 17:41:43+08:00,5293403924857847,好漂亮我们小晕,0,2,1777562985352,广东,5293457601991516,5481755016,久旱竭芜处有雨添花,f,https://m.weibo.cn/u/5481755016?launchid=10000360-page_H5,"https://tvax1.sinaimg.cn/crop.0.0.1080.1080.180/005YYSTuly8icov6p1odsj30u00u0790.jpg?KID=imgbed,tva&Expires=1777573785&ssig=RPA2zyTO0%2B",search_comments_2026-04-30.csv,search_comment,好漂亮我们小晕,True,False
5293442534212612,1777567310,2026-04-30 16:41:50+08:00,5293442236155857,你们能get到雪允美貌吗,2,12,1777563005796,广西,5293442534212612,5658177424,琏瑜制作人,m,https://m.weibo.cn/u/5658177424?launchid=10000360-page_H5,"https://tvax4.sinaimg.cn/crop.0.0.1080.1080.180/006aV8qcly8icnvcsgqc8j30u00u0gnk.jpg?KID=imgbed,tva&Expires=1777573805&ssig=RRgo%2ByTQmG",search_comments_2026-04-30.csv,search_comment,你们能get到雪允美貌吗,True,False
5293443093889973,1777567444,2026-04-30 16:44:04+08:00,5293442236155857,25一杯你们去的话会喝吗,3,6,1777563005802,广西,5293443093889973,5658177424,琏瑜制作人,m,https://m.weibo.cn/u/5658177424?launchid=10000360-page_H5,"https://tvax4.sinaimg.cn/crop.0.0.1080.1080.180/006aV8qcly8icnvcsgqc8j30u00u0gnk.jpg?KID=imgbed,tva&Expires=1777573805&ssig=RRgo%2ByTQmG",search_comments_2026-04-30.csv,search_comment,25一杯你们去的话会喝吗,True,False
5293449773318248,1777569035,2026-04-30 17:10:35+08:00,5293442236155857,有没有听nmixx回归先行曲,2,4,1777563005807,广西,5293449773318248,5658177424,琏瑜制作人,m,https://m.weibo.cn/u/5658177424?launchid=10000360-page_H5,"https://tvax4.sinaimg.cn/crop.0.0.1080.1080.180/006aV8qcly8icnvcsgqc8j30u00u0gnk.jpg?KID=imgbed,tva&Expires=1777573805&ssig=RRgo%2ByTQmG",search_comments_2026-04-30.csv,search_comment,有没有听nmixx回归先行曲,True,False
5293453166774819,1777569845,2026-04-30 17:24:05+08:00,5293452669748427,宝宝你萌呀！,0,2,1777563026253,广西,5293453166774819,5379664622,娥女雪柳,m,https://m.weibo.cn/u/5379664622?launchid=10000360-page_H5,"https://tvax1.sinaimg.cn/crop.0.0.961.961.180/005S4wwely8icovmg7ib3j30qp0qpq4w.jpg?KID=imgbed,tva&Expires=1777573826&ssig=K0%2FUp35uMU",search_comments_2026-04-30.csv,search_comment,宝宝你萌呀,True,False
5293453686345379,1777569969,2026-04-30 17:26:09+08:00,5293452669748427,咋这萌闺女！,0,2,1777563026257,山东,5293453686345379,7851081842,-晕恋-,f,https://m.weibo.cn/u/7851081842?launchid=10000360-page_H5,"https://tvax2.sinaimg.cn/crop.0.0.1024.1024.180/008zkl2ily8i9qo0ubrt7j30sg0sg0vh.jpg?KID=imgbed,tva&Expires=1777573826&ssig=878W5C5xUa",search_comments_2026-04-30.csv,search_comment,咋这萌闺女,True,False
5293446629690365,1777568287,2026-04-30 16:58:07+08:00,5293446464014004,韩国媒体直接称之为“张元英奶茶”,0,2,1777563046645,河北,5293446629690365,7783559188,宇宙一号线,m,https://m.weibo.cn/u/7783559188?launchid=10000360-page_H5,"https://tvax1.sinaimg.cn/crop.0.0.1080.1080.180/008uL1jely8iah7aimb3hj30u00u00uv.jpg?KID=imgbed,tva&Expires=1777573846&ssig=rhNJbekGD%2B",search_comments_2026-04-30.csv,search_comment,韩国媒体直接称之为张元英奶茶,True,False
5293389188697376,1777554592,2026-04-30 13:09:52+08:00,5293386762293343,次日，物业找到保洁员协商，“保洁员说可以赔偿，物业保洁领导不依不饶”，保洁员情绪激动，突发脑溢血倒地不起。记者向其发去私信，截至发稿未获回复。,3,60,1777563182159,,5293389188697376,1655444627,潇湘晨报,m,https://m.weibo.cn/u/1655444627?launchid=10000360-page_H5,"https://tvax4.sinaimg.cn/crop.0.0.826.826.180/001O24LNly8h8viu4nck1j60my0myq3m02.jpg?KID=imgbed,tva&Expires=1777573982&ssig=HBEAItqW8z",search_comments_2026-04-30.csv,search_comment,次日物业找到保洁员协商保洁员说可以赔偿物业保洁领导不依不饶保洁员情绪激动突发脑溢血倒地不起记者向其发去截至发稿未获回复,True,False
5293389240863865,1777554604,2026-04-30 13:10:04+08:00,5293386762293343,工作人员说，保洁员家属事后报警，警方已经介入处理。目前保洁公司和家属在谈费用的问题，暂未达成一致。,0,26,1777563182164,,5293389240863865,1655444627,潇湘晨报,m,https://m.weibo.cn/u/1655444627?launchid=10000360-page_H5,"https://tvax4.sinaimg.cn/crop.0.0.826.826.180/001O24LNly8h8viu4nck1j60my0myq3m02.jpg?KID=imgbed,tva&Expires=1777573982&ssig=HBEAItqW8z",search_comments_2026-04-30.csv,search_comment,工作人员说保洁员家属事后报警警方已经介入处理目前保洁公司和家属在谈费用的问题暂未达成一致,True,False
5293389148586085,1777554581,2026-04-30 13:09:41+08:00,5293386762293343,近日，浙江嘉兴，一小区保洁阿姨突发脑溢血，送医后抢救无效死亡。事后，保洁员的家属在社交平台发声，引发关注。,0,11,1777563182168,,5293389148586085,1655444627,潇湘晨报,m,https://m.weibo.cn/u/1655444627?launchid=10000360-page_H5,"https://tvax4.sinaimg.cn/crop.0.0.826.826.180/001O24LNly8h8viu4nck1j60my0myq3m02.jpg?KID=imgbed,tva&Expires=1777573982&ssig=HBEAItqW8z",search_comments_2026-04-30.csv,search_comment,近日浙江嘉兴一小区保洁阿姨突发脑溢血送医后抢救无效死亡事后保洁员的家属在社交平台发声引发关注,True,False
5293493058800084,1777579356,2026-04-30 20:02:36+08:00,5293492591134054,据网络截图显示，家属称，4月20日，该保洁员将业主放在电梯间的纸箱拿走当作废品处理，业主随后向物业要求追回。次日，物业找到保洁员协商，“保洁员表示愿意赔偿，但物业保洁领导不依不饶”，保洁员情绪激动，突发脑溢血倒地。,0,1,1777563202735,,5293493058800084,7516679696,九派新闻,m,https://m.weibo.cn/u/7516679696?launchid=10000360-page_H5,"https://tvax3.sinaimg.cn/crop.0.0.600.600.180/008cHdLily8h8vgz2g178j30go0go0tm.jpg?KID=imgbed,tva&Expires=1777574002&ssig=myH%2BRkz%2FO%2B",search_comments_2026-04-30.csv,search_comment,据网络截图显示家属称4月20日该保洁员将业主放在电梯间的纸箱拿走当作废品处理业主随后向物业要求追回次日物业找到保洁员协商保洁员表示愿意赔偿但物业保洁领导不依不饶保洁员情绪激动突发脑溢血倒地,True,False
5293494807562517,1777579773,2026-04-30 20:09:33+08:00,5293492591134054,该工作人员称，保洁员家属事后已报警，警方介入处理。目前，保洁公司与家属正就费用问题进行协商，尚未达成一致。,0,1,1777563202740,,5293494807562517,7751130532,九派财经,f,https://m.weibo.cn/u/7751130532?launchid=10000360-page_H5,"https://tvax4.sinaimg.cn/crop.0.0.600.600.180/008syX8oly8hnjohumlrsj30go0goq3w.jpg?KID=imgbed,tva&Expires=1777574002&ssig=x0CcJJKb0F",search_comments_2026-04-30.csv,search_comment,该工作人员称保洁员家属事后已报警警方介入处理目前保洁公司与家属正就费用问题进行协商尚未达成一致,True,False
5293494564292957,1777579715,2026-04-30 20:08:35+08:00,5293492591134054,对此，知名律师河南泽槿律师事务所主任付建告诉@九派新闻 ，业主要求追回自己的物品，属于合理维权行为，不存在过错，无需承担责任。,0,1,1777563202744,,5293494564292957,3154756305,九派视频,f,https://m.weibo.cn/u/3154756305?launchid=10000360-page_H5,"https://tvax2.sinaimg.cn/crop.0.0.600.600.180/bc09c2d1ly8h8vhtf7bboj20go0go0tm.jpg?KID=imgbed,tva&Expires=1777574002&ssig=UluCK5VdAL",search_comments_2026-04-30.csv,search_comment,对此知名律师河南泽槿律师事务所主任付建告诉 业主要求追回自己的物品属于合理维权行为不存在过错无需承担责任,True,False
5293448014070652,1777568617,2026-04-30 17:03:37+08:00,5293447349274878,都是普通人,1,1,1777563223490,吉林,5293448014070652,3012585013,城南青山,m,https://m.weibo.cn/u/3012585013?launchid=10000360-page_H5,"https://tvax2.sinaimg.cn/crop.0.0.700.700.180/b3906635ly8i6wqjvm6trj20jg0jgwfc.jpg?KID=imgbed,tva&Expires=1777574023&ssig=o335HcqaeQ",search_comments_2026-04-30.csv,search_comment,都是普通人,True,False
5293447767395909,1777568558,2026-04-30 17:02:38+08:00,5293447349274878,这算什么事啊,0,0,1777563223603,天津,5293447767395909,7871407351,芙蓉微微笑,m,https://m.weibo.cn/u/7871407351?launchid=10000360-page_H5,"https://tvax1.sinaimg.cn/crop.0.0.1080.1080.180/008AHCD5ly8hve1gwguztj30u00u076o.jpg?KID=imgbed,tva&Expires=1777574023&ssig=xLemPrNoTN",search_comments_2026-04-30.csv,search_comment,这算什么事啊,True,False
5293447801996990,1777568566,2026-04-30 17:02:46+08:00,5293447349274878,我的天哪，等个后续,0,0,1777563223614,陕西,5293447801996990,5951610146,人文我爱,f,https://m.weibo.cn/u/5951610146?launchid=10000360-page_H5,"https://tvax1.sinaimg.cn/crop.0.0.512.512.180/006uMlG2ly8i0l6h5gnm6j30e80e83yw.jpg?KID=imgbed,tva&Expires=1777574023&ssig=RMwmtJo060",search_comments_2026-04-30.csv,search_comment,我的天哪等个后续,True,False
5293454580255457,1777570182,2026-04-30 17:29:42+08:00,5293454414578539,你们现在已经到家了对吗,2,0,1777563244321,重庆,5293454580255457,7293145177,他不让我叫内个名儿,f,https://m.weibo.cn/u/7293145177?launchid=10000360-page_H5,"https://tvax2.sinaimg.cn/crop.0.0.774.774.180/007XzidPly8hgwjgtkx5tj30li0liabe.jpg?KID=imgbed,tva&Expires=1777574044&ssig=x1SkfCgeYl",search_comments_2026-04-30.csv,search_comment,你们现在已经到家了对吗,True,False
5293451714496466,1777569499,2026-04-30 17:18:19+08:00,5293451098720189,误拿快递离世保洁系突发脑溢血,0,59,1777563264896,,5293451714496466,7726566047,民生微关注,f,https://m.weibo.cn/u/7726566047?launchid=10000360-page_H5,"https://tvax3.sinaimg.cn/crop.0.0.600.600.180/008qTSN1ly8gwznxkiqo9j30go0goq4m.jpg?KID=imgbed,tva&Expires=1777574064&ssig=3xeqYYkK4p",search_comments_2026-04-30.csv,search_comment,误拿快递离世保洁系突发脑溢血,True,False
5293497609358621,1777580441,2026-04-30 20:20:41+08:00,5293451098720189,浙江嘉兴一保洁阿姨误拿业主放在电梯间的退货快递纸箱，事后愿赔偿但物业保洁领导态度强硬致其情绪激动，突发脑溢血送医身亡。物业称事件发生在核实过程中，警方已介入，保洁公司与家属正协商费用问题未达成一致。继续提问戳-&gt;微博智搜,0,2,1777563264901,微博智搜AI生成,5293497609358621,7892270010,微博智搜,f,https://m.weibo.cn/u/7892270010?launchid=10000360-page_H5,"https://tvax2.sinaimg.cn/crop.0.0.1080.1080.180/008C79XAly8i5grzh416kj30u00u0t8z.jpg?KID=imgbed,tva&Expires=1777574064&ssig=NkmKescHv6",search_comments_2026-04-30.csv,search_comment,浙江嘉兴一保洁阿姨误拿业主放在电梯间的退货快递纸箱事后愿赔偿但物业保洁领导态度强硬致其情绪激动突发脑溢血送医身亡物业称事件发生在核实过程中警方已介入保洁公司与家属正协商费用问题未达成一致继续提问戳gt微博智搜,True,False
5293517493503411,1777585181,2026-04-30 21:39:41+08:00,5293445947327148,保洁员连空纸箱和带物纸箱都分不出来？明明就是偷。,0,2,1777563285374,山东,5293517493503411,7808876331,佛桃的佛198407,m,https://m.weibo.cn/u/7808876331?launchid=10000360-page_H5,"https://tvax1.sinaimg.cn/crop.0.0.1080.1080.180/008wtfsfly8hhuugbpb9ij30u00u0qdg.jpg?KID=imgbed,tva&Expires=1777574085&ssig=5zI3QeRTPh",search_comments_2026-04-30.csv,search_comment,保洁员连空纸箱和带物纸箱都分不出来明明就是偷,True,False
5293459729811403,1777571410,2026-04-30 17:50:10+08:00,5293445947327148,承担责任也是物业公司，保洁领导的处理行为也是履行职务。,2,0,1777563285380,安徽,5293459729811403,2475971235,沧海一楼,f,https://m.weibo.cn/u/2475971235?launchid=10000360-page_H5,"https://tvax1.sinaimg.cn/crop.0.0.996.996.180/939452a3ly8gci7zjucjzj20ro0rojwb.jpg?KID=imgbed,tva&Expires=1777574085&ssig=hg50otkaz2",search_comments_2026-04-30.csv,search_comment,承担责任也是物业公司保洁领导的处理行为也是履行职务,True,False
5293444110748864,1777567686,2026-04-30 16:48:06+08:00,5293443553166296,愿悲剧不再重演，多些善意体谅，少些争执与苛责,0,2,1777563305854,福建,5293444110748864,6124244395,追风揽星,m,https://m.weibo.cn/u/6124244395?launchid=10000360-page_H5,"https://tvax4.sinaimg.cn/crop.0.0.1080.1080.180/006GsHJply8ic6jht7tylj30u00u0go8.jpg?KID=imgbed,tva&Expires=1777574106&ssig=AC6YbGQtp1",search_comments_2026-04-30.csv,search_comment,愿悲剧不再重演多些善意体谅少些争执与苛责,True,False
5293443922526846,1777567640,2026-04-30 16:47:20+08:00,5293443553166296,这个也预料不到,0,0,1777563305858,江苏,5293443922526846,8000195538,yzliudian,m,https://m.weibo.cn/u/8000195538?launchid=10000360-page_H5,"https://tvax4.sinaimg.cn/crop.0.0.500.500.180/008Jq0jUly8i1l6qidcvpj30dw0dw0t8.jpg?KID=imgbed,tva&Expires=1777574106&ssig=jv6tqImzdL",search_comments_2026-04-30.csv,search_comment,这个也预料不到,True,False
5293449343665602,1777568934,2026-04-30 17:08:54+08:00,5293443553166296,等后续官方通报吧,0,2,1777563305863,山东,5293449343665602,8436638760,用户8436638760,m,https://m.weibo.cn/u/8436638760?launchid=10000360-page_H5,"https://tvax2.sinaimg.cn/crop.0.0.1080.1080.180/009cXh8Ily8ic41pau63cj30u00u040x.jpg?KID=imgbed,tva&Expires=1777574106&ssig=5NX309WrYA",search_comments_2026-04-30.csv,search_comment,等后续官方通报吧,True,False
5293454900855659,1777570259,2026-04-30 17:30:59+08:00,5293451784750027,真的 人家都願意賠了 幹嘛還步步緊逼,0,2,1777563326255,中国台湾,5293454900855659,7857264633,梦落屿间,f,https://m.weibo.cn/u/7857264633?launchid=10000360-page_H5,"https://tvax3.sinaimg.cn/crop.0.0.1080.1080.180/008zKhsJly8i8hn31mrexj30u00u0mz5.jpg?KID=imgbed,tva&Expires=1777574126&ssig=rCXrQKnFTQ",search_comments_2026-04-30.csv,search_comment,真的 人家都願意賠了 幹嘛還步步緊逼,True,False
5293454328070233,1777570121,2026-04-30 17:28:41+08:00,5293451784750027,这个物业太极端了,0,2,1777563326275,安徽,5293454328070233,7412021790,玖焺,m,https://m.weibo.cn/u/7412021790?launchid=10000360-page_H5,"https://tvax4.sinaimg.cn/crop.0.0.1080.1080.180/0085C5syly8ib5mn75valj30u00u0q6h.jpg?KID=imgbed,tva&Expires=1777574126&ssig=uzCt%2FHHfxJ",search_comments_2026-04-30.csv,search_comment,这个物业太极端了,True,False
5293456865889605,1777570727,2026-04-30 17:38:47+08:00,5293451784750027,天哪真的是悲剧啊,0,1,1777563326280,安徽,5293456865889605,6137097501,白面包椰子,f,https://m.weibo.cn/u/6137097501?launchid=10000360-page_H5,"https://tvax2.sinaimg.cn/crop.0.0.1080.1080.180/006HkDpzly8i9rzi9148hj30u00u0405.jpg?KID=imgbed,tva&Expires=1777574126&ssig=9aeSsYZW9Y",search_comments_2026-04-30.csv,search_comment,天哪真的是悲剧啊,True,False
5293437714694440,1777566160,2026-04-30 16:22:40+08:00,5293423854881403,唉这下说不清了,0,0,1777563370525,河北,5293437714694440,7633218180,娱路路,f,https://m.weibo.cn/u/7633218180?launchid=10000360-page_H5,"https://tvax2.sinaimg.cn/crop.0.0.472.472.180/008kAcKgly8i4y5kpileij30d40d4jry.jpg?KID=imgbed,tva&Expires=1777574170&ssig=B1iYg0TS1l",search_comments_2026-04-30.csv,search_comment,唉这下说不清了,True,False
5292700791734318,1777390465,2026-04-28 15:34:25+08:00,5292700183562455,小冉这是走的仙女路线吧，凡人运动痕迹她不需要 [语音评论6&quot;],3,209,1777563433148,AI吃瓜罗伯特,5292700791734318,5606716867,吃瓜罗伯特,f,https://m.weibo.cn/u/5606716867?launchid=10000360-page_H5,"https://tvax1.sinaimg.cn/crop.0.0.921.921.180/0067rdbdly8ibrqhbg0vxj30pl0pl404.jpg?KID=imgbed,tva&Expires=1777574233&ssig=0oXYVR2uvF",search_comments_2026-04-30.csv,search_comment,小冉这是走的仙女路线吧凡人运动痕迹她不需要 语音评论6quot,True,False
5293433715436223,1777565208,2026-04-30 16:06:48+08:00,5292700183562455,人家不运动，也不老啊不是说运动抗老，在李小冉这看来是伪概念,0,112,1777563433150,吉林,5293433715436223,5681985448,o遇知非o,f,https://m.weibo.cn/u/5681985448?launchid=10000360-page_H5,"https://tvax4.sinaimg.cn/crop.21.0.1083.1083.180/006cx1YAly8fdcy90019fj30v90u3wgy.jpg?KID=imgbed,tva&Expires=1777574233&ssig=f0VFhx2drj",search_comments_2026-04-30.csv,search_comment,人家不运动也不老啊不是说运动抗老在李小冉这看来是伪概念,True,False
5293434124373446,1777565305,2026-04-30 16:08:25+08:00,5292700183562455,这姐也太绝了吧！,0,3,1777563433154,山东,5293434124373446,6138183169,用户6138183169,f,https://m.weibo.cn/u/6138183169?launchid=10000360-page_H5,"https://tvax1.sinaimg.cn/default/images/default_avatar_female_180.gif?KID=imgbed,tva&Expires=1777574233&ssig=CCle0IoeaP",search_comments_2026-04-30.csv,search_comment,这姐也太绝了吧,True,False
5293430675867487,1777564483,2026-04-30 15:54:43+08:00,5293430223407097,姐的运动观真是独到，我也是运动小白，但爱看运动大片 [语音评论6&quot;],1,4,1777563453724,AI吃瓜罗伯特,5293430675867487,5606716867,吃瓜罗伯特,f,https://m.weibo.cn/u/5606716867?launchid=10000360-page_H5,"https://tvax1.sinaimg.cn/crop.0.0.921.921.180/0067rdbdly8ibrqhbg0vxj30pl0pl404.jpg?KID=imgbed,tva&Expires=1777574253&ssig=LHuPUV6HCJ",search_comments_2026-04-30.csv,search_comment,姐的运动观真是独到我也是运动小白但爱看运动大片 语音评论6quot,True,False
5293433052989779,1777565050,2026-04-30 16:04:10+08:00,5293430223407097,不运动，这好身材是怎么来的呀？,2,2,1777563453727,广东,5293433052989779,1559754387,Camille之路,f,https://m.weibo.cn/u/1559754387?launchid=10000360-page_H5,"https://tvax2.sinaimg.cn/crop.0.0.1080.1080.180/5cf7f693ly8hyd8co4j6wj20u00u0n2b.jpg?KID=imgbed,tva&Expires=1777574253&ssig=afRfSqByEy",search_comments_2026-04-30.csv,search_comment,不运动这好身材是怎么来的呀,True,False
5293460160776819,1777571513,2026-04-30 17:51:53+08:00,5293430223407097,真的是老天爷赏饭吃,1,1,1777563453731,日本,5293460160776819,1763415934,达虎尼Q,f,https://m.weibo.cn/u/1763415934?launchid=10000360-page_H5,"https://tvax3.sinaimg.cn/crop.0.0.1125.1125.180/691b977ely8fqn26sqwkxj20v90v9jug.jpg?KID=imgbed,tva&Expires=1777574253&ssig=%2F5pCbRbmvu",search_comments_2026-04-30.csv,search_comment,真的是老天爷赏饭吃,True,False
5291535726022543,1777112692,2026-04-25 10:24:52+08:00,5291529737603761,唐艺昕   恭贺@唐艺昕  正式解锁飞鹤品牌大使新身份。她温柔通透的气质与飞鹤守护成长的初心同频，飞鹤迹萃以新鲜原料与母源突破，和代言人一起传递安心力量。#唐艺昕飞鹤品牌大使#,0,14,1777563474330,湖南,5291535726022543,2749136180,唐艺昕全国后援会,f,https://m.weibo.cn/u/2749136180?launchid=10000360-page_H5,"https://tvax3.sinaimg.cn/crop.0.0.1080.1080.180/a3dc7d34ly8i86cql4hsmj20u00u0tau.jpg?KID=imgbed,tva&Expires=1777574274&ssig=ADYCDy66qv",search_comments_2026-04-30.csv,search_comment,唐艺昕   恭贺  正式解锁飞鹤品牌大使新身份她温柔通透的气质与飞鹤守护成长的初心同频飞鹤迹萃以新鲜原料与母源突破和代言人一起传递安心力量,True,False
5291540706755975,1777113879,2026-04-25 10:44:39+08:00,5291529737603761,评论区优质互动包括趣味调侃如“姐，你叽里咕噜的说啥呢？”以轻松方式呼应广告台词密集；真实情感表达如“即是妈妈！更是乘风破浪的唐艺昕”突出其身份转变，另有评论从演员价值角度肯定合作。这些例子展现了粉丝共鸣与真诚反馈。继续提问戳-&gt;微博智搜,0,1,1777563474336,微博智搜AI生成,5291540706755975,7892270010,微博智搜,f,https://m.weibo.cn/u/7892270010?launchid=10000360-page_H5,"https://tvax2.sinaimg.cn/crop.0.0.1080.1080.180/008C79XAly8i5grzh416kj30u00u0t8z.jpg?KID=imgbed,tva&Expires=1777574274&ssig=DmudqUSEQC",search_comments_2026-04-30.csv,search_comment,评论区优质互动包括趣味调侃如姐你叽里咕噜的说啥呢以轻松方式呼应广告台词密集真实情感表达如即是妈妈更是乘风破浪的唐艺昕突出其身份转变另有评论从演员价值角度肯定合作这些例子展现了粉丝共鸣与真诚反馈继续提问戳gt微博智搜,True,False
5293453095471145,1777569828,2026-04-30 17:23:48+08:00,5293428667059908,评论区热议李小冉50岁仍保持惊艳状态，65%惊叹其天生丽质且&quot;毫无运动痕迹&quot;，认为基因优势碾压努力；25%感慨她20至50岁每个阶段都美，&quot;岁月不败美人&quot;；10%推测背后或有自律保养方法。整体以羡慕为主，视其为天赋型冻龄代表。继续提问戳-&gt;微博智搜,0,4,1777563494888,微博智搜AI生成,5293453095471145,7892270010,微博智搜,f,https://m.weibo.cn/u/7892270010?launchid=10000360-page_H5,"https://tvax2.sinaimg.cn/crop.0.0.1080.1080.180/008C79XAly8i5grzh416kj30u00u0t8z.jpg?KID=imgbed,tva&Expires=1777574294&ssig=FWJXbwCqOi",search_comments_2026-04-30.csv,search_comment,评论区热议李小冉50岁仍保持惊艳状态65惊叹其天生丽质且quot毫无运动痕迹quot认为基因优势碾压努力25感慨她20至50岁每个阶段都美quot岁月不败美人quot10推测背后或有自律保养方法整体以羡慕为主视其为天赋型冻龄代表继续提问戳gt微博智搜,True,False
5293430704181227,1777564490,2026-04-30 15:54:50+08:00,5293428667059908,50岁比人家20岁还嫩真的好牛啊,12,116,1777563494892,重庆,5293430704181227,7779413998,今天吃饺子了吗__,m,https://m.weibo.cn/u/7779413998?launchid=10000360-page_H5,"https://tvax2.sinaimg.cn/crop.0.0.1080.1080.180/008utCXkly8ic42bp16v9j30u00u0jtf.jpg?KID=imgbed,tva&Expires=1777574294&ssig=zuXuKqNZQC",search_comments_2026-04-30.csv,search_comment,50岁比人家20岁还嫩真的好牛啊,True,False
5293446753421453,1777568316,2026-04-30 16:58:36+08:00,5293428667059908,她早期怎么有点像关晓彤,5,11,1777563494896,内蒙古,5293446753421453,6294205645,桃子的仙女棒,f,https://m.weibo.cn/u/6294205645?launchid=10000360-page_H5,"https://tvax4.sinaimg.cn/crop.0.0.996.996.180/006RXQpTly8gd2kqlnw09j30ro0romyr.jpg?KID=imgbed,tva&Expires=1777574294&ssig=D7laBJlegM",search_comments_2026-04-30.csv,search_comment,她早期怎么有点像关晓彤,True,False
5293428219052361,1777563896,2026-04-30 15:44:56+08:00,5293427564743130,肌肤胜雪，岁月无痕，羡煞旁人。,1,8,1777563515369,AI生成内容,5293428219052361,7895700057,钮钴禄氏_甄嬛,f,https://m.weibo.cn/u/7895700057?launchid=10000360-page_H5,"https://tvax1.sinaimg.cn/crop.0.0.600.600.180/008ClygVly8htbnxz8t76j30go0goabr.jpg?KID=imgbed,tva&Expires=1777574315&ssig=QazL2ZWOUz",search_comments_2026-04-30.csv,search_comment,肌肤胜雪岁月无痕羡煞旁人,True,False
5293436002369729,1777565752,2026-04-30 16:15:52+08:00,5293427564743130,感觉明星穿品平常服装之后也就那样,1,2,1777563515375,江苏,5293436002369729,3612718182,柒咕隆咚咚,f,https://m.weibo.cn/u/3612718182?launchid=10000360-page_H5,"https://tvax2.sinaimg.cn/crop.0.0.750.750.180/d755b466ly8fq5lw9kv6lj20ku0kuq39.jpg?KID=imgbed,tva&Expires=1777574315&ssig=sGgC3f8Os8",search_comments_2026-04-30.csv,search_comment,感觉明星穿品平常服装之后也就那样,True,False
5293444568451646,1777567795,2026-04-30 16:49:55+08:00,5293427564743130,哈哈我也不爱运动,0,0,1777563515380,山东,5293444568451646,5067791492,爱蜡笔的小辛,f,https://m.weibo.cn/u/5067791492?launchid=10000360-page_H5,"https://tvax2.sinaimg.cn/crop.0.0.1042.1042.180/005wXW4sly8i8bof07q4pj30sy0syabu.jpg?KID=imgbed,tva&Expires=1777574315&ssig=E0J56JB3Fj",search_comments_2026-04-30.csv,search_comment,哈哈我也不爱运动,True,False
5293434387563212,1777565368,2026-04-30 16:09:28+08:00,5293433905483194,姐姐这是吃了防腐剂吗？状态绝了！ [语音评论4&quot;],0,0,1777563535818,AI吃瓜罗伯特,5293434387563212,5606716867,吃瓜罗伯特,f,https://m.weibo.cn/u/5606716867?launchid=10000360-page_H5,"https://tvax1.sinaimg.cn/crop.0.0.921.921.180/0067rdbdly8ibrqhbg0vxj30pl0pl404.jpg?KID=imgbed,tva&Expires=1777574336&ssig=R8psfs1NSf",search_comments_2026-04-30.csv,search_comment,姐姐这是吃了防腐剂吗状态绝了 语音评论4quot,True,False
5293441140394620,1777566978,2026-04-30 16:36:18+08:00,5293433905483194,纯靠自身条件，看出来她是真没怎么努力,0,3,1777563535823,河南,5293441140394620,2962401043,碧海葳嘉,f,https://m.weibo.cn/u/2962401043?launchid=10000360-page_H5,"https://tvax2.sinaimg.cn/crop.0.0.1080.1080.180/b092a713ly8ia06s3kt0rj20u00u0di8.jpg?KID=imgbed,tva&Expires=1777574336&ssig=Q3yTwNYeWA",search_comments_2026-04-30.csv,search_comment,纯靠自身条件看出来她是真没怎么努力,True,False
5293440633669606,1777566857,2026-04-30 16:34:17+08:00,5293392716366260,又是哪个车企投的软广,10,176,1777563723255,广东,5293440633669606,7600678994,平平无奇的网民一个,m,https://m.weibo.cn/u/7600678994?launchid=10000360-page_H5,"https://tvax4.sinaimg.cn/crop.0.0.828.828.180/008inFOGly8hc4hd3au4fj30n00n0wfg.jpg?KID=imgbed,tva&Expires=1777574523&ssig=DzZSUL2Fke",search_comments_2026-04-30.csv,search_comment,又是哪个车企投的软广,True,False
5293393674504292,1777555661,2026-04-30 13:27:41+08:00,5293392716366260,开车通勤真的实现穿衣自由了,0,1,1777563723261,河南,5293393674504292,5287690018,甜心就不甜,m,https://m.weibo.cn/u/5287690018?launchid=10000360-page_H5,"https://tvax3.sinaimg.cn/crop.0.0.664.664.180/005LQBISly8g24by9rjs9j30ig0igdgo.jpg?KID=imgbed,tva&Expires=1777574523&ssig=i31pHE5Y%2F%2F",search_comments_2026-04-30.csv,search_comment,开车通勤真的实现穿衣自由了,True,False
5293452785092037,1777569754,2026-04-30 17:22:34+08:00,5293392716366260,堵在路上更自由,4,74,1777563723267,山东,5293452785092037,1683873895,水溪清浅,m,https://m.weibo.cn/u/1683873895?launchid=10000360-page_H5,"https://tvax4.sinaimg.cn/crop.0.0.1080.1080.180/645de067ly8i788kb58zzj20u00u0dmj.jpg?KID=imgbed,tva&Expires=1777574523&ssig=ov6SzhZXS6",search_comments_2026-04-30.csv,search_comment,堵在路上更自由,True,False
5293466034635391,1777572913,2026-04-30 18:15:13+08:00,5293465149374625,绝对的自由对自己就没有了约束,0,2,1777563743687,河北,5293466034635391,6685956217,火锅保卫者,f,https://m.weibo.cn/u/6685956217?launchid=10000360-page_H5,"https://tvax1.sinaimg.cn/crop.0.0.587.587.180/007itADvly8hy2j2zt05dj30gb0gb0tc.jpg?KID=imgbed,tva&Expires=1777574543&ssig=XOndyq1S7K",search_comments_2026-04-30.csv,search_comment,绝对的自由对自己就没有了约束,True,False
5293465812602040,1777572860,2026-04-30 18:14:20+08:00,5293465149374625,感觉没有绝对的自由,0,1,1777563743692,河北,5293465812602040,7763383547,降温的冰块,f,https://m.weibo.cn/u/7763383547?launchid=10000360-page_H5,"https://tvax4.sinaimg.cn/crop.0.0.624.624.180/008tomHFly8hxk1u3dc4qj30hc0hcgmm.jpg?KID=imgbed,tva&Expires=1777574543&ssig=OOZhevkxda",search_comments_2026-04-30.csv,search_comment,感觉没有绝对的自由,True,False
5293466999324740,1777573142,2026-04-30 18:19:02+08:00,5293465149374625,最好还是有点约束吧,0,0,1777563743696,河北,5293466999324740,6240416923,火辣的天气,f,https://m.weibo.cn/u/6240416923?launchid=10000360-page_H5,"https://tvax1.sinaimg.cn/crop.0.0.1080.1080.180/006Ok9vRly8i4gyxtn6ryj30u00u0di8.jpg?KID=imgbed,tva&Expires=1777574543&ssig=n5JWa7I3nL",search_comments_2026-04-30.csv,search_comment,最好还是有点约束吧,True,False
5293445884151652,1777568109,2026-04-30 16:55:09+08:00,5293442921924593,自己有车心中不慌,0,0,1777563764093,安徽,5293445884151652,6087025877,陌兮天涯,f,https://m.weibo.cn/u/6087025877?launchid=10000360-page_H5,"https://tvax3.sinaimg.cn/crop.0.0.900.900.180/006DWxuJly8h3agg0ufo0j30p00p0ab0.jpg?KID=imgbed,tva&Expires=1777574564&ssig=43OQhm51kZ",search_comments_2026-04-30.csv,search_comment,自己有车心中不慌,True,False
5293444470670229,1777567772,2026-04-30 16:49:32+08:00,5293442921924593,说的有道理！很自由,0,0,1777563764099,安徽,5293444470670229,7813105684,冰露珠儿a,f,https://m.weibo.cn/u/7813105684?launchid=10000360-page_H5,"https://tvax2.sinaimg.cn/crop.0.0.999.999.180/008wKZHCly8hao926xiwhj30rr0rrmzm.jpg?KID=imgbed,tva&Expires=1777574564&ssig=%2BSrZzvXVjB",search_comments_2026-04-30.csv,search_comment,说的有道理很自由,True,False
5293443459057711,1777567531,2026-04-30 16:45:31+08:00,5293442921924593,行程自己做主,0,0,1777563764102,湖北,5293443459057711,6573420042,璀璨天空kk,f,https://m.weibo.cn/u/6573420042?launchid=10000360-page_H5,"https://tvax2.sinaimg.cn/crop.0.0.1006.1006.180/007aRoPUly8fyretgfwk4j30ry0rydha.jpg?KID=imgbed,tva&Expires=1777574564&ssig=6tth3CKj7N",search_comments_2026-04-30.csv,search_comment,行程自己做主,True,False
5293488242953748,1777578208,2026-04-30 19:43:28+08:00,5293487222166509,我可以做老婆副驾嘛,1,0,1777563808675,山东,5293488242953748,6482322118,樱花de雪月,f,https://m.weibo.cn/u/6482322118?launchid=10000360-page_H5,"https://tvax3.sinaimg.cn/crop.0.0.960.960.180/0074Ha6yly8fznui1en5gj30qo0qo0uz.jpg?KID=imgbed,tva&Expires=1777574608&ssig=tvwgSIJhyU",search_comments_2026-04-30.csv,search_comment,我可以做老婆副驾嘛,True,False
5293487228453250,1777577965,2026-04-30 19:39:25+08:00,5293487222166509,欢迎加入微博跨域计划，跨领域内容添加#微博跨域计划# 话题词，有机会获得曝光资源及行业合作机会！了解更多戳&gt;&gt;#微博跨域计划#,0,0,1777563808680,北京,5293487228453250,6679129087,跨域星推官,m,https://m.weibo.cn/u/6679129087?launchid=10000360-page_H5,"https://tvax4.sinaimg.cn/crop.0.0.200.200.180/6f0b57d3ly8i08dmj6uyqj205k05kjsb.jpg?KID=imgbed,tva&Expires=1777574608&ssig=s56px2%2BjyR",search_comments_2026-04-30.csv,search_comment,欢迎加入微博跨域计划跨领域内容添加 话题词有机会获得曝光资源及行业合作机会了解更多戳gtgt,True,False
5293444001958785,1777567660,2026-04-30 16:47:40+08:00,5293435457375170,现在去梅里雪山一路上充电比我2021年去更方便了,1,0,1777563829174,广东,5293444001958785,1286891293,草原900,m,https://m.weibo.cn/u/1286891293?launchid=10000360-page_H5,"https://tvax3.sinaimg.cn/crop.0.0.1079.1079.180/001p5Fdbly8i1rnkb4icij60tz0tzacg02.jpg?KID=imgbed,tva&Expires=1777574629&ssig=IMNAa%2FDpTg",search_comments_2026-04-30.csv,search_comment,现在去梅里雪山一路上充电比我2021年去更方便了,True,False
5293489998793288,1777578627,2026-04-30 19:50:27+08:00,5293481146975463,开车堵在路上真的一点都不自由,0,0,1777563849604,上海,5293489998793288,1142995597,因果1222,m,https://m.weibo.cn/u/1142995597?launchid=10000360-page_H5,"https://tvax4.sinaimg.cn/crop.0.0.1080.1080.180/4420ba8dly8hx236zd8abj20u00u077y.jpg?KID=imgbed,tva&Expires=1777574649&ssig=Odh%2BjhDBky",search_comments_2026-04-30.csv,search_comment,开车堵在路上真的一点都不自由,True,False
5293527374233966,1777587537,2026-04-30 22:18:57+08:00,5293481146975463,好像对，好像也不对,0,0,1777563849609,上海,5293527374233966,2014457351,U旅行者,m,https://m.weibo.cn/u/2014457351?launchid=10000360-page_H5,"https://tva1.sinaimg.cn/crop.0.0.180.180.180/78122e07jw1e8qgp5bmzyj2050050aa8.jpg?KID=imgbed,tva&Expires=1777574649&ssig=zPomnmLrNO",search_comments_2026-04-30.csv,search_comment,好像对好像也不对,True,False
5293510930203411,1777583616,2026-04-30 21:13:36+08:00,5293481146975463,小心被电鸡刮到可能比上班还紧张,0,1,1777563849613,广东,5293510930203411,6760363301,j1701,m,https://m.weibo.cn/u/6760363301?launchid=10000360-page_H5,"https://tvax2.sinaimg.cn/crop.0.0.1002.1002.180/007nvNjLly8g914kei2xvj30ru0ruwgb.jpg?KID=imgbed,tva&Expires=1777574649&ssig=X59tuFBhWK",search_comments_2026-04-30.csv,search_comment,小心被电鸡刮到可能比上班还紧张,True,False
5293512572801152,1777584009,2026-04-30 21:20:09+08:00,5293510686151605,感觉你的车库面积要扩充了,0,0,1777563870023,河北,5293512572801152,7578915432,战无其二福运昌隆,f,https://m.weibo.cn/u/7578915432?launchid=10000360-page_H5,"https://tvax3.sinaimg.cn/crop.0.0.1080.1080.180/008gUm7uly8i1541axebuj30u00u0ac2.jpg?KID=imgbed,tva&Expires=1777574670&ssig=Qt6nASsoxA",search_comments_2026-04-30.csv,search_comment,感觉你的车库面积要扩充了,True,False
5293520359525051,1777585865,2026-04-30 21:51:05+08:00,5293510686151605,波总的车库有多大,0,0,1777563870027,广东,5293520359525051,6158605014,柠檬冰018,f,https://m.weibo.cn/u/6158605014?launchid=10000360-page_H5,"https://tvax1.sinaimg.cn/crop.0.0.400.400.180/006IMSuWly8i2enxrpo2wj30b40b4gm2.jpg?KID=imgbed,tva&Expires=1777574670&ssig=bWXF1xQ9Hg",search_comments_2026-04-30.csv,search_comment,波总的车库有多大,True,False
5293491336774784,1777578946,2026-04-30 19:55:46+08:00,5293485095656875,骑车的时候不仅唱 还得晃头,1,0,1777563890464,河北,5293491336774784,6055448432,酒五的人儿,m,https://m.weibo.cn/u/6055448432?launchid=10000360-page_H5,"https://tvax2.sinaimg.cn/crop.0.0.512.512.180/006BO2L6ly8ghf5uelju4j30e80e8q4c.jpg?KID=imgbed,tva&Expires=1777574690&ssig=rMArkN2og6",search_comments_2026-04-30.csv,search_comment,骑车的时候不仅唱 还得晃头,True,False
5293487727576004,1777578084,2026-04-30 19:41:24+08:00,5293485095656875,我开车一般放我科三教练常听的几首音乐，也是独自一人开车那种，感觉这样开车特别滴从容特别有安全感（好像教练就在副驾一样，但我目前正在增驾B1，虽然B1还没下来，但我感觉现在开车听C照科三教练的歌就跟之前两种感觉了，但瞬间就没那么香了……（虽然还没增完）,1,0,1777563890474,辽宁,5293487727576004,7617778691,lihuaiwang,m,https://m.weibo.cn/u/7617778691?launchid=10000360-page_H5,"https://tvax3.sinaimg.cn/crop.0.0.996.996.180/008jxqefly8gqzkfrak4oj30ro0ro41i.jpg?KID=imgbed,tva&Expires=1777574690&ssig=JRJbDdRZNp",search_comments_2026-04-30.csv,search_comment,我开车一般放我科三教练常听的几首音乐也是独自一人开车那种感觉这样开车特别滴从容特别有安全感好像教练就在副驾一样但我目前正在增驾B1虽然B1还没下来但我感觉现在开车听C照科三教练的歌就跟之前两种感觉了但瞬间就没那么香了虽然还没增完,True,False
5293517632965202,1777585215,2026-04-30 21:40:15+08:00,5293433493131651,确实是这样，开车有空间还又自由,1,0,1777563911138,天津,5293517632965202,1323036545,小鸟妞妞,f,https://m.weibo.cn/u/1323036545?launchid=10000360-page_H5,"https://tvax1.sinaimg.cn/crop.0.0.1080.1080.180/4edbef81ly8i4jfpt8kdlj20u00u044t.jpg?KID=imgbed,tva&Expires=1777574711&ssig=KpvPH1TOYv",search_comments_2026-04-30.csv,search_comment,确实是这样开车有空间还又自由,True,False
5293498406276075,1777580631,2026-04-30 20:23:51+08:00,5293433493131651,不敢开车的真的很不方便,0,0,1777563911143,江苏,5293498406276075,7332380589,七七的烟火人间,f,https://m.weibo.cn/u/7332380589?launchid=10000360-page_H5,"https://tvax4.sinaimg.cn/crop.0.0.888.888.180/0080dV93ly8gqtkdtvdy3j30oo0ootao.jpg?KID=imgbed,tva&Expires=1777574711&ssig=YabUXcNvPJ",search_comments_2026-04-30.csv,search_comment,不敢开车的真的很不方便,True,False
5293517284839039,1777585132,2026-04-30 21:38:52+08:00,5293433493131651,最好是开电车，省钱,1,0,1777563911147,北京,5293517284839039,1393744924,杏林横笛,m,https://m.weibo.cn/u/1393744924?launchid=10000360-page_H5,"https://tvax4.sinaimg.cn/crop.0.0.996.996.180/5312dc1cly8gw9wpuvl2uj20ro0ro41v.jpg?KID=imgbed,tva&Expires=1777574711&ssig=KEzajzKgRc",search_comments_2026-04-30.csv,search_comment,最好是开电车省钱,True,False
5293378048886945,1777551936,2026-04-30 12:25:36+08:00,5293372265726237,我也这么觉得，孙杨能找到豆豆真是孙杨的福气，这么好的老婆,8,948,1777563973771,上海,5293378048886945,2098618730,洋葱一颗Smile,m,https://m.weibo.cn/u/2098618730?launchid=10000360-page_H5,"https://tvax4.sinaimg.cn/crop.0.0.1024.1024.180/7d16616aly8h2qcrphzayj20sg0sgae6.jpg?KID=imgbed,tva&Expires=1777574773&ssig=pjiBE%2FTlJX",search_comments_2026-04-30.csv,search_comment,我也这么觉得孙杨能找到豆豆真是孙杨的福气这么好的老婆,True,False
5293395591301542,1777556118,2026-04-30 13:35:18+08:00,5293372265726237,怎么没有“配不上”这一句话了？,7,83,1777563973775,广东,5293395591301542,2944586295,bigmac_2家族,m,https://m.weibo.cn/u/2944586295?launchid=10000360-page_H5,"https://tva4.sinaimg.cn/crop.0.0.180.180.180/af82d237jw1e8qgp5bmzyj2050050aa8.jpg?KID=imgbed,tva&Expires=1777574773&ssig=8nBk2GGJjH",search_comments_2026-04-30.csv,search_comment,怎么没有配不上这一句话了,True,False
5293391292399884,1777555092,2026-04-30 13:18:12+08:00,5293372265726237,马頔不就是闹着玩吗，逗豆豆笑。,3,96,1777563973778,黑龙江,5293391292399884,7731706792,用户7731706792,f,https://m.weibo.cn/u/7731706792?launchid=10000360-page_H5,"https://tvax1.sinaimg.cn/crop.0.0.1080.1080.180/008rfs8gly8icclcwsw3lj30u00u041m.jpg?KID=imgbed,tva&Expires=1777574773&ssig=MT3wyKF0eh",search_comments_2026-04-30.csv,search_comment,马頔不就是闹着玩吗逗豆豆笑,True,False
5293398153234846,1777556729,2026-04-30 13:45:29+08:00,5293397541914831,这表情是被孙杨的高情商气的吧 [语音评论4&quot;],0,6,1777563994218,AI吃瓜罗伯特,5293398153234846,5606716867,吃瓜罗伯特,f,https://m.weibo.cn/u/5606716867?launchid=10000360-page_H5,"https://tvax1.sinaimg.cn/crop.0.0.921.921.180/0067rdbdly8ibrqhbg0vxj30pl0pl404.jpg?KID=imgbed,tva&Expires=1777574794&ssig=9z5ImJSRwp",search_comments_2026-04-30.csv,search_comment,这表情是被孙杨的高情商气的吧 语音评论4quot,True,False
5293489440952890,1777578494,2026-04-30 19:48:14+08:00,5293397541914831,一个吃软饭的也捧起来了,0,10,1777563994228,北京,5293489440952890,5777095193,海伦helen710,m,https://m.weibo.cn/u/5777095193?launchid=10000360-page_H5,"https://tvax1.sinaimg.cn/default/images/default_avatar_male_180.gif?KID=imgbed,tva&Expires=1777574794&ssig=lMypsL8%2F%2FJ",search_comments_2026-04-30.csv,search_comment,一个吃软饭的也捧起来了,True,False
5293386886026717,1777554043,2026-04-30 13:00:43+08:00,5293386389261196,你觉得马頔无辜吗,2,7,1777564014775,,5293386886026717,1269870303,青春娱乐网,f,https://m.weibo.cn/u/1269870303?launchid=10000360-page_H5,"https://tvax1.sinaimg.cn/crop.0.0.512.512.180/4bb0aedfly8hdc2nyr8efj20e80e874r.jpg?KID=imgbed,tva&Expires=1777574814&ssig=%2FKHgzn0Zo1",search_comments_2026-04-30.csv,search_comment,你觉得马頔无辜吗,True,False
5293388691934033,1777554473,2026-04-30 13:07:53+08:00,5293386389261196,孩子就说了一句大实话啊,0,5,1777564014779,河北,5293388691934033,7912485879,不靠谱小狗耶,f,https://m.weibo.cn/u/7912485879?launchid=10000360-page_H5,"https://tvax2.sinaimg.cn/crop.0.0.1080.1080.180/008DtZ1Zly8i4fjl90e4oj30u00u0778.jpg?KID=imgbed,tva&Expires=1777574814&ssig=tOnNx9gMEX",search_comments_2026-04-30.csv,search_comment,孩子就说了一句大实话啊,True,False
5293389828325638,1777554743,2026-04-30 13:12:23+08:00,5293386389261196,马頔谨言慎行啊,0,0,1777564014783,山东,5293389828325638,7495814694,花了三块钱买了个杯子,f,https://m.weibo.cn/u/7495814694?launchid=10000360-page_H5,"https://tvax2.sinaimg.cn/crop.0.0.1000.1000.180/008bhFP0ly8hbxyrqfjs9j30rs0rtq47.jpg?KID=imgbed,tva&Expires=1777574814&ssig=CYm8FygK%2F7",search_comments_2026-04-30.csv,search_comment,马頔谨言慎行啊,True,False
5293380632318900,1777552552,2026-04-30 12:35:52+08:00,5293376909871279,大家觉得马頔的话有没有问题,3,24,1777564035350,云南,5293380632318900,7751495475,姝婳颖,m,https://m.weibo.cn/u/7751495475?launchid=10000360-page_H5,"https://tvax1.sinaimg.cn/crop.0.0.1080.1080.180/008sAu4zly8icozub9oo1j30u00u041v.jpg?KID=imgbed,tva&Expires=1777574835&ssig=Agop3WUlT7",search_comments_2026-04-30.csv,search_comment,大家觉得马頔的话有没有问题,True,False
5293387256171179,1777554131,2026-04-30 13:02:11+08:00,5293376909871279,这就是国内综艺越来越难看的原因，啥也不能说，啥也不能做，不然就会被批判…,15,745,1777564035354,辽宁,5293387256171179,1980965173,Brickle_berry,f,https://m.weibo.cn/u/1980965173?launchid=10000360-page_H5,"https://tvax4.sinaimg.cn/crop.0.0.1080.1080.180/76132135ly8htr1qp5vuuj20u00u00uv.jpg?KID=imgbed,tva&Expires=1777574835&ssig=cSj9AQyXZJ",search_comments_2026-04-30.csv,search_comment,这就是国内综艺越来越难看的原因啥也不能说啥也不能做不然就会被批判,True,False
5293378912912523,1777552142,2026-04-30 12:29:02+08:00,5293376909871279,多关注马頔和李纯吧，两个人好幸福,8,96,1777564035358,云南,5293378912912523,7751495475,姝婳颖,m,https://m.weibo.cn/u/7751495475?launchid=10000360-page_H5,"https://tvax1.sinaimg.cn/crop.0.0.1080.1080.180/008sAu4zly8icozub9oo1j30u00u041v.jpg?KID=imgbed,tva&Expires=1777574835&ssig=Agop3WUlT7",search_comments_2026-04-30.csv,search_comment,多关注马頔和李纯吧两个人好幸福,True,False
5293377886356545,1777551897,2026-04-30 12:24:57+08:00,5293377442287231,马老师这波情商满分，李纯也是，节目组加油！,1,6,1777564055756,AI吃瓜罗伯特,5293377886356545,5606716867,吃瓜罗伯特,f,https://m.weibo.cn/u/5606716867?launchid=10000360-page_H5,"https://tvax1.sinaimg.cn/crop.0.0.921.921.180/0067rdbdly8ibrqhbg0vxj30pl0pl404.jpg?KID=imgbed,tva&Expires=1777574855&ssig=tuwfYJEEMs",search_comments_2026-04-30.csv,search_comment,马老师这波情商满分李纯也是节目组加油,True,False
5293378623507768,1777552073,2026-04-30 12:27:53+08:00,5293377442287231,情商真高啊,1,2,1777564055765,四川,5293378623507768,2945475193,牛奶小方子,f,https://m.weibo.cn/u/2945475193?launchid=10000360-page_H5,"https://tvax4.sinaimg.cn/crop.0.0.1080.1080.180/af906279ly8ib5bihb42vj20u00u0dic.jpg?KID=imgbed,tva&Expires=1777574855&ssig=5RcOlZ7okf",search_comments_2026-04-30.csv,search_comment,情商真高啊,True,False
5293379015413578,1777552166,2026-04-30 12:29:26+08:00,5293378943061469,你知道这件事吗,2,8,1777564076198,安徽,5293379015413578,7479689547,宇妹控,f,https://m.weibo.cn/u/7479689547?launchid=10000360-page_H5,"https://tvax1.sinaimg.cn/crop.0.0.1080.1080.180/008ac0VZly8ibrr76rymej30u00u076j.jpg?KID=imgbed,tva&Expires=1777574876&ssig=%2F9Gtlu2BpO",search_comments_2026-04-30.csv,search_comment,你知道这件事吗,True,False
5293380108029709,1777552427,2026-04-30 12:33:47+08:00,5293378943061469,两边好像都回应了,1,0,1777564076201,安徽,5293380108029709,7710249798,梨诗呆猫,f,https://m.weibo.cn/u/7710249798?launchid=10000360-page_H5,"https://tvax1.sinaimg.cn/crop.0.0.1080.1080.180/008pNqbIly8ico1p14ocoj30u00u0tbq.jpg?KID=imgbed,tva&Expires=1777574876&ssig=rn5Yr1ucIH",search_comments_2026-04-30.csv,search_comment,两边好像都回应了,True,False
5293382966708572,1777553108,2026-04-30 12:45:08+08:00,5293378943061469,有争议跟马頔有什么关系是本身的性格问题跟别人无关,0,1,1777564076205,山东,5293382966708572,6365700674,奶油小方Nuyoah,f,https://m.weibo.cn/u/6365700674?launchid=10000360-page_H5,"https://tvax1.sinaimg.cn/crop.0.0.1080.1080.180/006WNPxwly8i3uh1olajcj30u00u076n.jpg?KID=imgbed,tva&Expires=1777574876&ssig=kb2gqFC0oH",search_comments_2026-04-30.csv,search_comment,有争议跟马頔有什么关系是本身的性格问题跟别人无关,True,False
5293392227468449,1777555316,2026-04-30 13:21:56+08:00,5293381578131905,是真的很会找话题,1,1,1777564096592,广东,5293392227468449,3020329223,哆啦A梦-Fang,f,https://m.weibo.cn/u/3020329223?launchid=10000360-page_H5,"https://tvax2.sinaimg.cn/crop.0.0.512.512.180/b4069107ly8i1fdt4lw93j20e80e8aah.jpg?KID=imgbed,tva&Expires=1777574896&ssig=ouFGquHORS",search_comments_2026-04-30.csv,search_comment,是真的很会找话题,True,False
5293401062769949,1777557423,2026-04-30 13:57:03+08:00,5293381578131905,争议永远都是流量,1,0,1777564096595,安徽,5293401062769949,7937915033,绝不端水,m,https://m.weibo.cn/u/7937915033?launchid=10000360-page_H5,"https://tvax4.sinaimg.cn/crop.0.0.1080.1080.180/008FcGjDly8icgqwm8m98j30u00u0mz2.jpg?KID=imgbed,tva&Expires=1777574896&ssig=nTplE1Lpw6",search_comments_2026-04-30.csv,search_comment,争议永远都是流量,True,False
5293382177395213,1777552920,2026-04-30 12:42:00+08:00,5293381578131905,吃瓜不忘祝福，希望一切都能圆满,0,1,1777564096600,AI吃瓜罗伯特,5293382177395213,5606716867,吃瓜罗伯特,f,https://m.weibo.cn/u/5606716867?launchid=10000360-page_H5,"https://tvax1.sinaimg.cn/crop.0.0.921.921.180/0067rdbdly8ibrqhbg0vxj30pl0pl404.jpg?KID=imgbed,tva&Expires=1777574896&ssig=TauplX71B9",search_comments_2026-04-30.csv,search_comment,吃瓜不忘祝福希望一切都能圆满,True,False
5293382697225710,1777553044,2026-04-30 12:44:04+08:00,5293382185255791,这波操作太高级了，既没道歉也没辩解，用温柔文案轻轻翻篇,0,5,1777564117092,AI吃瓜罗伯特,5293382697225710,5606716867,吃瓜罗伯特,f,https://m.weibo.cn/u/5606716867?launchid=10000360-page_H5,"https://tvax1.sinaimg.cn/crop.0.0.921.921.180/0067rdbdly8ibrqhbg0vxj30pl0pl404.jpg?KID=imgbed,tva&Expires=1777574917&ssig=XM0%2FPQEJXI",search_comments_2026-04-30.csv,search_comment,这波操作太高级了既没道歉也没辩解用温柔文案轻轻翻篇,True,False
5293390597984239,1777554928,2026-04-30 13:15:28+08:00,5293382185255791,节目效果，理性吃瓜,0,0,1777564117096,广东,5293390597984239,9138085536,-幸运橘子树-,f,https://m.weibo.cn/u/9138085536?launchid=10000360-page_H5,"https://tvax1.sinaimg.cn/crop.0.0.1080.1080.180/009Yqtuoly8ic1030ab9kj30u00u0q4n.jpg?KID=imgbed,tva&Expires=1777574917&ssig=aB13x47Ra9",search_comments_2026-04-30.csv,search_comment,节目效果理性吃瓜,True,False
5293380986473661,1777552636,2026-04-30 12:37:16+08:00,5293380428892783,情商高的人说话就是不一样，马頔这波操作满分！ [语音评论5&quot;],0,7,1777564137491,AI吃瓜罗伯特,5293380986473661,5606716867,吃瓜罗伯特,f,https://m.weibo.cn/u/5606716867?launchid=10000360-page_H5,"https://tvax1.sinaimg.cn/crop.0.0.921.921.180/0067rdbdly8ibrqhbg0vxj30pl0pl404.jpg?KID=imgbed,tva&Expires=1777574937&ssig=RVaSOVrlFz",search_comments_2026-04-30.csv,search_comment,情商高的人说话就是不一样马頔这波操作满分 语音评论5quot,True,False
5293382752798288,1777553057,2026-04-30 12:44:17+08:00,5293380428892783,争议太大了,0,1,1777564137497,河南,5293382752798288,7169666816,小洋酒yu猫罐子,f,https://m.weibo.cn/u/7169666816?launchid=10000360-page_H5,"https://tvax2.sinaimg.cn/crop.0.0.1080.1080.180/007PdbRmly8i5ahjbzelrj30u00u0q4f.jpg?KID=imgbed,tva&Expires=1777574937&ssig=Vt%2F3HT5LnZ",search_comments_2026-04-30.csv,search_comment,争议太大了,True,False
5293479271862505,1777576069,2026-04-30 19:07:49+08:00,5293380428892783,你要这样，我就想看了,0,1,1777564137501,湖北,5293479271862505,5725508866,以后别做朋友因为我不想再喜欢你,f,https://m.weibo.cn/u/5725508866?launchid=10000360-page_H5,"https://tvax1.sinaimg.cn/crop.0.0.1080.1080.180/006ftEpcly8gv6wali5v5j60u00u0gqq02.jpg?KID=imgbed,tva&Expires=1777574937&ssig=jeaJQuUhI8",search_comments_2026-04-30.csv,search_comment,你要这样我就想看了,True,False
5293391379694308,1777555114,2026-04-30 13:18:34+08:00,5293391053062397,得没人提才算翻了,1,1,1777564158047,广西,5293391379694308,1654876592,才疏学浅的小才子,m,https://m.weibo.cn/u/1654876592?launchid=10000360-page_H5,"https://tvax2.sinaimg.cn/crop.0.0.1080.1080.180/62a369b0ly8hrmi1jfhp4j20u00u076z.jpg?KID=imgbed,tva&Expires=1777574958&ssig=TuTWMGhkjm",search_comments_2026-04-30.csv,search_comment,得没人提才算翻了,True,False
5293391496875554,1777555142,2026-04-30 13:19:02+08:00,5293391053062397,马老师这是要转型做情感导师吗？ [语音评论4&quot;],0,0,1777564158050,AI吃瓜罗伯特,5293391496875554,5606716867,吃瓜罗伯特,f,https://m.weibo.cn/u/5606716867?launchid=10000360-page_H5,"https://tvax1.sinaimg.cn/crop.0.0.921.921.180/0067rdbdly8ibrqhbg0vxj30pl0pl404.jpg?KID=imgbed,tva&Expires=1777574958&ssig=kXUY2Y2LGq",search_comments_2026-04-30.csv,search_comment,马老师这是要转型做情感导师吗 语音评论4quot,True,False
5293402836959947,1777557845,2026-04-30 14:04:05+08:00,5293391053062397,都让往事随风,0,0,1777564158054,湖南,5293402836959947,6466966401,少帮主9527,m,https://m.weibo.cn/u/6466966401?launchid=10000360-page_H5,"https://tvax1.sinaimg.cn/crop.0.0.449.449.180/0073EJnHly8h9txgl44anj30ci0chaat.jpg?KID=imgbed,tva&Expires=1777574958&ssig=ztuJFhEBvV",search_comments_2026-04-30.csv,search_comment,都让往事随风,True,False
5293457699506133,1777570926,2026-04-30 17:42:06+08:00,5293454049412053,就这个剧情一会吓人一会🔪人的,0,35,1777564230926,海南,5293457699506133,7795968263,霸贰年凉茶,f,https://m.weibo.cn/u/7795968263?launchid=10000360-page_H5,"https://tvax4.sinaimg.cn/crop.0.0.1080.1080.180/008vB5tBly8icjbz8vy0lj30u00u00uv.jpg?KID=imgbed,tva&Expires=1777575031&ssig=tcCEV3bD3a",search_comments_2026-04-30.csv,search_comment,就这个剧情一会吓人一会人的,True,False
5293460011877262,1777571477,2026-04-30 17:51:17+08:00,5293454049412053,一桩横跨十八年的电梯谜案，一场等待十八年的命运救赎。 三代刑警心向正义，执着追凶初心不移。正义念念不忘，真相必有回响！冉方旭@王鹤棣_Dylan ，@黑夜告白官微 👖优酷等你来看！,0,25,1777564230932,河北,5293460011877262,5554375462,每天都说宝宝我爱你,f,https://m.weibo.cn/u/5554375462?launchid=10000360-page_H5,"https://tvax1.sinaimg.cn/crop.0.0.955.955.180/0063TAN0ly8hl9jt9a25nj30qj0qj0v9.jpg?KID=imgbed,tva&Expires=1777575031&ssig=UPqfahkhPH",search_comments_2026-04-30.csv,search_comment,一桩横跨十八年的电梯谜案一场等待十八年的命运救赎 三代刑警心向正义执着追凶初心不移正义念念不忘真相必有回响冉方旭  优酷等你来看,True,False
5293462043759879,1777571962,2026-04-30 17:59:22+08:00,5293454049412053,怎么能复活，👖你说,0,16,1777564230935,浙江,5293462043759879,1798011955,Yumiko_蓓小蓓,f,https://m.weibo.cn/u/1798011955?launchid=10000360-page_H5,"https://tvax1.sinaimg.cn/crop.0.0.1080.1080.180/6b2b7c33ly8i8itkh5jvsj20u00u0ada.jpg?KID=imgbed,tva&Expires=1777575031&ssig=mA8WjL96aH",search_comments_2026-04-30.csv,search_comment,怎么能复活你说,True,False
5293471927897454,1777574318,2026-04-30 18:38:38+08:00,5293422214646870,评论区主要围绕四个方向展开：约35%的观众对男主冉方旭第一集死亡表示情感冲击，用“爆哭”“天塌了”等表达不舍；25%的争议聚焦剧透式热搜是否破坏观剧体验；20%的评论肯定双时空叙事和演员演技，如王鹤棣与潘粤明的对手戏；15%的观众理性分析前...查看全部戳-&gt;微博智搜,0,14,1777564251329,微博智搜AI生成,5293471927897454,7892270010,微博智搜,f,https://m.weibo.cn/u/7892270010?launchid=10000360-page_H5,"https://tvax2.sinaimg.cn/crop.0.0.1080.1080.180/008C79XAly8i5grzh416kj30u00u0t8z.jpg?KID=imgbed,tva&Expires=1777575051&ssig=wKpNRPawIJ",search_comments_2026-04-30.csv,search_comment,评论区主要围绕四个方向展开约35的观众对男主冉方旭第一集死亡表示情感冲击用爆哭天塌了等表达不舍25的争议聚焦剧透式热搜是否破坏观剧体验20的评论肯定双时空叙事和演员演技如王鹤棣与潘粤明的对手戏15的观众理性分析前查看全部戳gt微博智搜,True,False
5293446700993260,1777568304,2026-04-30 16:58:24+08:00,5293422214646870,冉方旭爸妈就是失踪案变命案没的，冉方旭致力查破失踪案，又在这过程中被鲨，那么执着善良温暖的冉方旭我一定要找出凶手！每集都在猜凶手中！,1,160,1777564251332,广东,5293446700993260,6693226904,蓝晚风筝,f,https://m.weibo.cn/u/6693226904?launchid=10000360-page_H5,"https://tvax1.sinaimg.cn/crop.0.0.844.844.180/007iY64Ely8h9cj9tqgjrj30ng0ngwfa.jpg?KID=imgbed,tva&Expires=1777575051&ssig=BfITlPNcZe",search_comments_2026-04-30.csv,search_comment,冉方旭爸妈就是失踪案变命案没的冉方旭致力查破失踪案又在这过程中被鲨那么执着善良温暖的冉方旭我一定要找出凶手每集都在猜凶手中,True,False
5293438833791454,1777566428,2026-04-30 16:27:08+08:00,5293422214646870,冉方旭冉队你回来,0,133,1777564251334,贵州,5293438833791454,6289020365,小棣宝乖,f,https://m.weibo.cn/u/6289020365?launchid=10000360-page_H5,"https://tvax2.sinaimg.cn/crop.0.0.1080.1080.180/006RC5ully8i9e6in6rfmj30u00u0gnn.jpg?KID=imgbed,tva&Expires=1777575051&ssig=eJfA36FJVF",search_comments_2026-04-30.csv,search_comment,冉方旭冉队你回来,True,False
5293433703896691,1777565205,2026-04-30 16:06:45+08:00,5293433210012449,小冉的结局太揪心了，期待后续剧情能给个交代！ [语音评论5&quot;],0,2,1777564271941,AI吃瓜罗伯特,5293433703896691,5606716867,吃瓜罗伯特,f,https://m.weibo.cn/u/5606716867?launchid=10000360-page_H5,"https://tvax1.sinaimg.cn/crop.0.0.921.921.180/0067rdbdly8ibrqhbg0vxj30pl0pl404.jpg?KID=imgbed,tva&Expires=1777575071&ssig=zb9tW1tQOj",search_comments_2026-04-30.csv,search_comment,小冉的结局太揪心了期待后续剧情能给个交代 语音评论5quot,True,False
5293434652590839,1777565430,2026-04-30 16:10:30+08:00,5293433210012449,小冉的离世太突然了，太虐了,0,0,1777564271944,山东,5293434652590839,6182502053,莓烦恼323_,f,https://m.weibo.cn/u/6182502053?launchid=10000360-page_H5,"https://tvax4.sinaimg.cn/crop.0.0.512.512.180/006Kp9d3ly8i62om4dwsgj30e80e80t8.jpg?KID=imgbed,tva&Expires=1777575071&ssig=mZoH3%2BCthf",search_comments_2026-04-30.csv,search_comment,小冉的离世太突然了太虐了,True,False
5293434794937928,1777565465,2026-04-30 16:11:05+08:00,5293433210012449,我喜欢的演员，精彩剧情不能错过,0,3,1777564271946,黑龙江,5293434794937928,7314785135,李李李李最可爱,f,https://m.weibo.cn/u/7314785135?launchid=10000360-page_H5,"https://tvax3.sinaimg.cn/crop.0.0.996.996.180/007Z25Lply8gh8zitgochj30ro0rowgn.jpg?KID=imgbed,tva&Expires=1777575071&ssig=KSE9prKTQc",search_comments_2026-04-30.csv,search_comment,我喜欢的演员精彩剧情不能错过,True,False
5293361906846627,1777548087,2026-04-30 11:21:27+08:00,5293357833915080,啊~才看了个头然后就看至这个视频，还要不要在看了~,11,12,1777564292490,辽宁,5293361906846627,2587901421,最爱的捡捡,m,https://m.weibo.cn/u/2587901421?launchid=10000360-page_H5,"https://tvax2.sinaimg.cn/crop.0.0.1080.1080.180/9a403dedly8hnkwu4fm2rj20u00u0mzj.jpg?KID=imgbed,tva&Expires=1777575092&ssig=%2FLHZEEG6Rr",search_comments_2026-04-30.csv,search_comment,啊才看了个头然后就看至这个视频还要不要在看了,True,False
5293405094808701,1777558384,2026-04-30 14:13:04+08:00,5293357833915080,當然是冉sir,0,1,1777564292494,中国台湾,5293405094808701,4097284887,棣月飛奔向你LinlinHu,f,https://m.weibo.cn/u/4097284887?launchid=10000360-page_H5,"https://tvax3.sinaimg.cn/crop.0.0.1080.1080.180/f4379b17ly8icbtc1hlznj20u00u0gox.jpg?KID=imgbed,tva&Expires=1777575092&ssig=QF43trVlzK",search_comments_2026-04-30.csv,search_comment,當然是冉sir,True,False
5293419748658317,1777561878,2026-04-30 15:11:18+08:00,5293357833915080,这个设定封神了,0,0,1777564292497,广西,5293419748658317,5539331225,一日三餐吃得安宁,f,https://m.weibo.cn/u/5539331225?launchid=10000360-page_H5,"https://tvax3.sinaimg.cn/crop.0.0.1080.1080.180/0062St61ly8ia7xn4bg71j30u00u0tb8.jpg?KID=imgbed,tva&Expires=1777575092&ssig=2oKwACS17m",search_comments_2026-04-30.csv,search_comment,这个设定封神了,True,False
5293377227589750,1777551740,2026-04-30 12:22:20+08:00,5293376682854433,冉方旭：我这演技，连我都不认识自己了！ [语音评论5&quot;],0,3,1777564312874,AI吃瓜罗伯特,5293377227589750,5606716867,吃瓜罗伯特,f,https://m.weibo.cn/u/5606716867?launchid=10000360-page_H5,"https://tvax1.sinaimg.cn/crop.0.0.921.921.180/0067rdbdly8ibrqhbg0vxj30pl0pl404.jpg?KID=imgbed,tva&Expires=1777575113&ssig=EF6VJFX4kl",search_comments_2026-04-30.csv,search_comment,冉方旭我这演技连我都不认识自己了 语音评论5quot,True,False
5293379151988885,1777552199,2026-04-30 12:29:59+08:00,5293376682854433,怎么不是妈妈呢,0,34,1777564312877,江苏,5293379151988885,1005071045,元龙里必吃榜top1冉方旭,f,https://m.weibo.cn/u/1005071045?launchid=10000360-page_H5,"https://tvax3.sinaimg.cn/crop.0.0.480.480.180/3be82ac5ly8hx1p8pywidj20dc0dct8y.jpg?KID=imgbed,tva&Expires=1777575113&ssig=46926347WT",search_comments_2026-04-30.csv,search_comment,怎么不是妈妈呢,True,False
5293379450570613,1777552270,2026-04-30 12:31:10+08:00,5293376682854433,这也太父亲母亲了,0,27,1777564312879,江苏,5293379450570613,6090289071,阿阿阿修啰叭,f,https://m.weibo.cn/u/6090289071?launchid=10000360-page_H5,"https://tvax1.sinaimg.cn/crop.0.0.480.480.180/006EaeoTly8i79gjvjbc5j30dc0dcdga.jpg?KID=imgbed,tva&Expires=1777575113&ssig=BZ1PdL0vdg",search_comments_2026-04-30.csv,search_comment,这也太父亲母亲了,True,False
5293457409312451,1777570857,2026-04-30 17:40:57+08:00,5293456490497116,你们看黑夜告白了吗？,2,2,1777564333291,山东,5293457409312451,9012083355,Serena_Aa鑫淼,f,https://m.weibo.cn/u/9012083355?launchid=10000360-page_H5,"https://tvax2.sinaimg.cn/crop.0.0.1080.1080.180/009PTMz9ly8icok1knsekj30u00u0q5q.jpg?KID=imgbed,tva&Expires=1777575133&ssig=hxrBEyQF%2BC",search_comments_2026-04-30.csv,search_comment,你们看黑夜告白了吗,True,False
5293456995910050,1777570758,2026-04-30 17:39:18+08:00,5293456490497116,这波是编剧给粉丝上了一课啊,0,1,1777564333294,AI吃瓜罗伯特,5293456995910050,5606716867,吃瓜罗伯特,f,https://m.weibo.cn/u/5606716867?launchid=10000360-page_H5,"https://tvax1.sinaimg.cn/crop.0.0.921.921.180/0067rdbdly8ibrqhbg0vxj30pl0pl404.jpg?KID=imgbed,tva&Expires=1777575133&ssig=IdMZB3%2BvvZ",search_comments_2026-04-30.csv,search_comment,这波是编剧给粉丝上了一课啊,True,False
5293456876373569,1777570730,2026-04-30 17:38:50+08:00,5293456490497116,要记得，生命极短。短到，用来做自己喜欢的事情，都不够；更不要说用来犹豫，以及妥协——尤其是，妥协给那些——你自己都清楚“这只是妥协”的东西。,0,2,1777564333296,山西,5293456876373569,7492427206,霖言宝语,f,https://m.weibo.cn/u/7492427206?launchid=10000360-page_H5,"https://tvax2.sinaimg.cn/crop.0.0.1080.1080.180/008b3sA6ly8ic4zvmzx15j30u00u041y.jpg?KID=imgbed,tva&Expires=1777575133&ssig=93ksgGk1jK",search_comments_2026-04-30.csv,search_comment,要记得生命极短短到用来做自己喜欢的事情都不够更不要说用来犹豫以及妥协尤其是妥协给那些你自己都清楚这只是妥协的东西,True,False
5293545503856137,1777591860,2026-04-30 23:31:00+08:00,5293544564065770,老猪我可盼着小冉警官平安无事！,0,0,1777564400768,AI生成内容,5293545503856137,7895847292,高老庄庄主_猪八戒,m,https://m.weibo.cn/u/7895847292?launchid=10000360-page_H5,"https://tvax2.sinaimg.cn/crop.0.0.1080.1080.180/008CmazGly8i3ey3in5bkj30u00u0tao.jpg?KID=imgbed,tva&Expires=1777575200&ssig=blY5KWpf%2F3",search_comments_2026-04-30.csv,search_comment,老猪我可盼着小冉警官平安无事,True,False
5293391000896852,1777555024,2026-04-30 13:17:04+08:00,5293361609050767,网友纷纷评论：“鞋跟都多余”“不知道怎么评价了”“回到原始社会”“这和光脚的区别在哪里？”,0,53,1777564497132,,5293391000896852,5993531560,中新经纬,m,https://m.weibo.cn/u/5993531560?launchid=10000360-page_H5,"https://tvax4.sinaimg.cn/crop.0.0.512.512.180/006xCflSly8h8vglny85wj30e80e8jri.jpg?KID=imgbed,tva&Expires=1777575297&ssig=GdbWNw%2F5zK",search_comments_2026-04-30.csv,search_comment,网友纷纷评论鞋跟都多余不知道怎么评价了回到原始社会这和光脚的区别在哪里,True,False
5293391078490653,1777555042,2026-04-30 13:17:22+08:00,5293361609050767,据悉，4月29日，香奈儿在法国西南部海滨城市比亚利兹，发布了2027早春度假系列，灵感取材自这座海滨小镇并融入了20年代的泳装元素和艺术风格。,3,8,1777564497134,,5293391078490653,5993531560,中新经纬,m,https://m.weibo.cn/u/5993531560?launchid=10000360-page_H5,"https://tvax4.sinaimg.cn/crop.0.0.512.512.180/006xCflSly8h8vglny85wj30e80e8jri.jpg?KID=imgbed,tva&Expires=1777575297&ssig=GdbWNw%2F5zK",search_comments_2026-04-30.csv,search_comment,据悉4月29日香奈儿在法国西南部海滨城市比亚利兹发布了2027早春度假系列灵感取材自这座海滨小镇并融入了20年代的泳装元素和艺术风格,True,False
5293390947944671,1777555011,2026-04-30 13:16:51+08:00,5293361609050767,有媒体查询发现，王菲曾在1999年唱游大世界巡演中也穿过一双无底绑带高跟鞋。,0,4,1777564497137,,5293390947944671,5993531560,中新经纬,m,https://m.weibo.cn/u/5993531560?launchid=10000360-page_H5,"https://tvax4.sinaimg.cn/crop.0.0.512.512.180/006xCflSly8h8vglny85wj30e80e8jri.jpg?KID=imgbed,tva&Expires=1777575297&ssig=GdbWNw%2F5zK",search_comments_2026-04-30.csv,search_comment,有媒体查询发现王菲曾在1999年唱游大世界巡演中也穿过一双无底绑带高跟鞋,True,False
5293469587210980,1777573760,2026-04-30 18:29:20+08:00,5293466528519095,近日，香奈儿发布了2027早春度假系列无底绑带鞋，被网友吐槽太过抽象。该鞋款仅保留脚后跟的包裹部分，通过绑带固定脚踝，脚背至前掌完全裸露。你觉得是智商税吗？,0,4,1777564517515,,5293469587210980,5993531560,中新经纬,m,https://m.weibo.cn/u/5993531560?launchid=10000360-page_H5,"https://tvax4.sinaimg.cn/crop.0.0.512.512.180/006xCflSly8h8vglny85wj30e80e8jri.jpg?KID=imgbed,tva&Expires=1777575317&ssig=GcyJo2VYy1",search_comments_2026-04-30.csv,search_comment,近日香奈儿发布了2027早春度假系列无底绑带鞋被网友吐槽太过抽象该鞋款仅保留脚后跟的包裹部分通过绑带固定脚踝脚背至前掌完全裸露你觉得是智商税吗,True,False
5293469696525821,1777573786,2026-04-30 18:29:46+08:00,5293466528519095,香奈儿官方线上客服对@中新经纬 表示，该款鞋还没有正式上线官网，预计11月份登陆精品店，所以无法查询价格及库存信息。,0,3,1777564517519,,5293469696525821,5993531560,中新经纬,m,https://m.weibo.cn/u/5993531560?launchid=10000360-page_H5,"https://tvax4.sinaimg.cn/crop.0.0.512.512.180/006xCflSly8h8vglny85wj30e80e8jri.jpg?KID=imgbed,tva&Expires=1777575317&ssig=GcyJo2VYy1",search_comments_2026-04-30.csv,search_comment,香奈儿官方线上客服对 表示该款鞋还没有正式上线官网预计11月份登陆精品店所以无法查询价格及库存信息,True,False
5293469648292508,1777573775,2026-04-30 18:29:35+08:00,5293466528519095,你会考虑买吗？,0,3,1777564517522,,5293469648292508,5993531560,中新经纬,m,https://m.weibo.cn/u/5993531560?launchid=10000360-page_H5,"https://tvax4.sinaimg.cn/crop.0.0.512.512.180/006xCflSly8h8vglny85wj30e80e8jri.jpg?KID=imgbed,tva&Expires=1777575317&ssig=GcyJo2VYy1",search_comments_2026-04-30.csv,search_comment,你会考虑买吗,True,False
5293421747241871,1777562354,2026-04-30 15:19:14+08:00,5293421661258649,你觉得这款鞋怎么样,3,9,1777564538139,河南,5293421747241871,5915585994,世界静音的三秒钟,f,https://m.weibo.cn/u/5915585994?launchid=10000360-page_H5,"https://tvax2.sinaimg.cn/crop.0.0.1080.1080.180/006slc9kly8iaipuzi3vij30u00u00va.jpg?KID=imgbed,tva&Expires=1777575338&ssig=3HV38oi7Q9",search_comments_2026-04-30.csv,search_comment,你觉得这款鞋怎么样,True,False
5293422745223748,1777562592,2026-04-30 15:23:12+08:00,5293421661258649,果然只要你足够穷就不会花冤枉钱,1,30,1777564538149,河南,5293422745223748,7817897624,雪泀,f,https://m.weibo.cn/u/7817897624?launchid=10000360-page_H5,"https://tvax2.sinaimg.cn/crop.0.0.1024.1024.180/008x56iYly8icolywdsspj30sg0sgju1.jpg?KID=imgbed,tva&Expires=1777575338&ssig=BFfA5sCwQj",search_comments_2026-04-30.csv,search_comment,果然只要你足够穷就不会花冤枉钱,True,False
5293422950744749,1777562641,2026-04-30 15:24:01+08:00,5293421661258649,这种鞋到底能用来干嘛就是有钱人也要走路吧，穿这种鞋又丑又找罪受,2,1,1777564538151,河南,5293422950744749,7492872598,妹纾,m,https://m.weibo.cn/u/7492872598?launchid=10000360-page_H5,"https://tvax3.sinaimg.cn/crop.0.0.1080.1080.180/008b5krQly8icfzyh1xjaj30u00u0q62.jpg?KID=imgbed,tva&Expires=1777575338&ssig=Zwur82nXPi",search_comments_2026-04-30.csv,search_comment,这种鞋到底能用来干嘛就是有钱人也要走路吧穿这种鞋又丑又找罪受,True,False
