comment_id,create_time,create_date_time,note_id,content,sub_comment_count,comment_like_count,last_modify_ts,ip_location,parent_comment_id,user_id,nickname,gender,profile_url,avatar,source_file,data_type,cleaned_content,is_meaningful,is_duplicate
5298083131036288,1778673715,2026-05-13 12:01:55+08:00,5297912114578123,贾跃亭当初说下周回国；雷军说大家都说我真诚，没有一处是抄袭的；许家印说要承担社会责任；回头看看,8,21,1778649865026,广东,5298083131036288,2833144575,邪恶小法师88,m,https://m.weibo.cn/u/2833144575?launchid=10000360-page_H5,"https://tvax4.sinaimg.cn/crop.0.0.996.996.180/a8de5affly8fprbsosvpvj20ro0roabh.jpg?KID=imgbed,tva&Expires=1778660665&ssig=5e2w%2B2OmI9",search_comments_2026-05-13.csv,search_comment,贾跃亭当初说下周回国雷军说大家都说我真诚没有一处是抄袭的许家印说要承担社会责任回头看看,True,False
5297931632772186,1778637595,2026-05-13 01:59:55+08:00,5297912114578123,呃呃呃呃呃，发个类似辟谣追责的帖子还得附上自己的AI古风美颜图片，绷不住了,2,23,1778649865034,广东,5297931632772186,7510926555,带嘤在嘤嘤,m,https://m.weibo.cn/u/7510926555?launchid=10000360-page_H5,"https://tvax4.sinaimg.cn/crop.0.0.512.512.180/008cj56Hly8he0il9nlraj30e80e8mxr.jpg?KID=imgbed,tva&Expires=1778660665&ssig=tK9MH6kaB%2B",search_comments_2026-05-13.csv,search_comment,呃呃呃呃呃发个类似辟谣追责的帖子还得附上自己的AI古风美颜图片绷不住了,True,False
5298073829114677,1778671497,2026-05-13 11:24:57+08:00,5298071791208978,我怎么觉得，这自媒体说的有点道理啊,3,81,1778649871594,江苏,5298073829114677,1105788770,KimiGuoLM,m,https://m.weibo.cn/u/1105788770?launchid=10000360-page_H5,"https://tva2.sinaimg.cn/crop.0.0.1769.1769.180/41e8ff62gw1e8qkmhn8jfj21d81d8gqr.jpg?KID=imgbed,tva&Expires=1778660671&ssig=0A%2BY882g9W",search_comments_2026-05-13.csv,search_comment,我怎么觉得这自媒体说的有点道理啊,True,False
5298092991842339,1778676066,2026-05-13 12:41:06+08:00,5298071791208978,下一个贾跃亭,1,22,1778649871603,山东,5298092991842339,1873334404,初乳,m,https://m.weibo.cn/u/1873334404?launchid=10000360-page_H5,"https://tvax3.sinaimg.cn/crop.0.0.1080.1080.180/6fa8d084ly8hujyqpxeurj20u00u0q5h.jpg?KID=imgbed,tva&Expires=1778660671&ssig=GyN2AR1CzY",search_comments_2026-05-13.csv,search_comment,下一个贾跃亭,True,False
5298089212512064,1778675165,2026-05-13 12:26:05+08:00,5298071791208978,贾总都大呼外行,1,23,1778649871611,广东,5298089212512064,2790163675,TamedHorse,m,https://m.weibo.cn/u/2790163675?launchid=10000360-page_H5,"https://tvax4.sinaimg.cn/crop.0.0.1002.1002.180/0032Pf1Vly8gulooq8g8ij60ru0ru0wc02.jpg?KID=imgbed,tva&Expires=1778660671&ssig=PKjrBUu8UL",search_comments_2026-05-13.csv,search_comment,贾总都大呼外行,True,False
5298084657498578,1778674079,2026-05-13 12:07:59+08:00,5298014509861419,俞浩迟早要把牛逼吹爆？然后潜逃海外,2,33,1778649878028,陕西,5298084657498578,2838725315,本泽不粘锅,m,https://m.weibo.cn/u/2838725315?launchid=10000360-page_H5,"https://tva2.sinaimg.cn/crop.31.47.470.470.180/a93382c3jw1f5bjgmm7h6j20e10lvgoo.jpg?KID=imgbed,tva&Expires=1778660678&ssig=P2SFGjKAlw",search_comments_2026-05-13.csv,search_comment,俞浩迟早要把牛逼吹爆然后潜逃海外,True,False
5298032010854779,1778661526,2026-05-13 08:38:46+08:00,5298014509861419,@千问 企业创始人社媒发声的合规边界是什么,1,2,1778649878034,河南,5298032010854779,7480671341,一目连连连ovo,m,https://m.weibo.cn/u/7480671341?launchid=10000360-page_H5,"https://tvax3.sinaimg.cn/crop.0.0.512.512.180/008ag8lnly8i2l0q8ducpj30e80e8glv.jpg?KID=imgbed,tva&Expires=1778660678&ssig=y590eknupo",search_comments_2026-05-13.csv,search_comment, 企业创始人社媒发声的合规边界是什么,True,False
5298083022766638,1778673688,2026-05-13 12:01:28+08:00,5298014509861419,地方产业基金比投资机构的钱更好脱手吗,1,0,1778649878039,浙江,5298083022766638,6087834023,大花糯米条,f,https://m.weibo.cn/u/6087834023?launchid=10000360-page_H5,"https://tvax3.sinaimg.cn/crop.0.0.1080.1080.180/006DZVJlly8i3uy059bjdj30u00u0n0d.jpg?KID=imgbed,tva&Expires=1778660678&ssig=bgYJheeHl1",search_comments_2026-05-13.csv,search_comment,地方产业基金比投资机构的钱更好脱手吗,True,False
5298078076639103,1778672510,2026-05-13 11:41:50+08:00,5298072839522829,投资人看了真的会信这努力人设吗,1,2,1778649884514,四川,5298078076639103,7801879466,小小菲菲儿-,f,https://m.weibo.cn/u/7801879466?launchid=10000360-page_H5,"https://tvax4.sinaimg.cn/crop.0.0.1080.1080.180/008vZTfAly8ia9sax9lbjj30u00u00tc.jpg?KID=imgbed,tva&Expires=1778660684&ssig=ZbfjKs%2BmMe",search_comments_2026-05-13.csv,search_comment,投资人看了真的会信这努力人设吗,True,False
5298075885114989,1778671987,2026-05-13 11:33:07+08:00,5298072839522829,俞浩的坦诚，撕开了创投圈人设运营的真相,0,1,1778649884519,辽宁,5298075885114989,6439805549,咕噜噜碳酸汽水,f,https://m.weibo.cn/u/6439805549?launchid=10000360-page_H5,"https://tvax1.sinaimg.cn/crop.0.0.1080.1080.180/0071OLBrly8i31n4p2608j30u00u00um.jpg?KID=imgbed,tva&Expires=1778660684&ssig=4fboxieezZ",search_comments_2026-05-13.csv,search_comment,俞浩的坦诚撕开了创投圈人设运营的真相,True,False
5298078105995083,1778672517,2026-05-13 11:41:57+08:00,5298072839522829,原来朋友圈都是老板们的演技场啊,0,0,1778649884526,四川,5298078105995083,2609439217,大米饭多吃点,f,https://m.weibo.cn/u/2609439217?launchid=10000360-page_H5,"https://tvax4.sinaimg.cn/crop.0.0.1080.1080.180/9b88e1f1ly8i802gnm7xbj20u00u0n23.jpg?KID=imgbed,tva&Expires=1778660684&ssig=trVry0RvzN",search_comments_2026-05-13.csv,search_comment,原来朋友圈都是老板们的演技场啊,True,False
5298065730699373,1778669565,2026-05-13 10:52:45+08:00,5298057030928659,三年之内见分晓先别吹了,2,8,1778649891011,湖北,5298065730699373,7570913420,豹海老爹爹,m,https://m.weibo.cn/u/7570913420?launchid=10000360-page_H5,"https://tvax4.sinaimg.cn/crop.0.0.1080.1080.180/008gmMqMly8i6om18xggaj30u00u0ace.jpg?KID=imgbed,tva&Expires=1778660690&ssig=IlCOAWg5V%2B",search_comments_2026-05-13.csv,search_comment,三年之内见分晓先别吹了,True,False
5298064484993950,1778669269,2026-05-13 10:47:49+08:00,5298057030928659,清华毕业的，也是精致的利己主义者,3,7,1778649891020,山东,5298064484993950,1257000310,百忍说,m,https://m.weibo.cn/u/1257000310?launchid=10000360-page_H5,"https://tvax3.sinaimg.cn/crop.0.0.1080.1080.180/4aec4d76ly8ians9o1kxyj20u00u0q4r.jpg?KID=imgbed,tva&Expires=1778660690&ssig=mawwLzR1OI",search_comments_2026-05-13.csv,search_comment,清华毕业的也是精致的利己主义者,True,False
5298033367713950,1778661850,2026-05-13 08:44:10+08:00,5298031978874916,精力超级旺盛，这一点很配合，很多全职自媒体都比不上这么勤奋,3,1,1778649897578,广西,5298033367713950,5336254203,来去之箭,m,https://m.weibo.cn/u/5336254203?launchid=10000360-page_H5,"https://tvax3.sinaimg.cn/crop.0.0.1080.1080.180/005P8nubly8ibr1j0a51mj30u00u0gon.jpg?KID=imgbed,tva&Expires=1778660697&ssig=ATTviDqFGl",search_comments_2026-05-13.csv,search_comment,精力超级旺盛这一点很配合很多全职自媒体都比不上这么勤奋,True,False
5298054013919983,1778666773,2026-05-13 10:06:13+08:00,5298031978874916,当年贾跃亭也体力旺盛,1,1,1778649897591,澳大利亚,5298054013919983,6292256320,一刀巴夕巴,m,https://m.weibo.cn/u/6292256320?launchid=10000360-page_H5,"https://tvax1.sinaimg.cn/crop.0.0.1080.1080.180/006RPFjaly8guyvdp01zmj60u00u0di902.jpg?KID=imgbed,tva&Expires=1778660697&ssig=vkWAtQz%2Bu2",search_comments_2026-05-13.csv,search_comment,当年贾跃亭也体力旺盛,True,False
5297746584015502,1778593476,2026-05-12 13:44:36+08:00,5297746158554074,【避雷！#网红糖果掺超高剂量伟哥#，每公斤含量高达125000毫克，去年被查后仍继续售卖】,4,29,1778649955467,,5297746584015502,6105713761,红星新闻,f,https://m.weibo.cn/u/6105713761?launchid=10000360-page_H5,"https://tvax1.sinaimg.cn/crop.0.0.512.512.180/006FcX4dly8h8vgewp7wsj30e80e8mxd.jpg?KID=imgbed,tva&Expires=1778660755&ssig=nCsjd5GdrF",search_comments_2026-05-13.csv,search_comment,避雷每公斤含量高达125000毫克去年被查后仍继续售卖,True,False
5298024922482611,1778659837,2026-05-13 08:10:37+08:00,5297746158554074,查到底，查物流，送货信息，不可能糖果自己长腿自己走吧,8,727,1778649955475,山东,5298024922482611,2096283781,狮子兔子揽星河,f,https://m.weibo.cn/u/2096283781?launchid=10000360-page_H5,"https://tvax4.sinaimg.cn/crop.0.0.720.720.180/7cf2c085ly8hs710gj365j20k00k0myl.jpg?KID=imgbed,tva&Expires=1778660755&ssig=5PZsr6UlZt",search_comments_2026-05-13.csv,search_comment,查到底查物流送货信息不可能糖果自己长腿自己走吧,True,False
5298035548752667,1778662370,2026-05-13 08:52:50+08:00,5297746158554074,上海市市场监管局抽检发现“爱必享”网红糖果非法添加处方药西地那非（伟哥），含量高达每公斤125克，远超安全剂量。该产品去年已被通报，商家通过失联、虚假注册等手段逃避监管。不当食用可能导致头晕、血压骤降、肝肾损伤，对儿童、女性及心血管疾病患者...查看最新戳-&gt;微博智搜,0,3,1778649955481,微博智搜AI生成,5298035548752667,7892270010,微博智搜,f,https://m.weibo.cn/u/7892270010?launchid=10000360-page_H5,"https://tvax2.sinaimg.cn/crop.0.0.1080.1080.180/008C79XAly8i5grzh416kj30u00u0t8z.jpg?KID=imgbed,tva&Expires=1778660755&ssig=3ZhyeTF7ZH",search_comments_2026-05-13.csv,search_comment,上海市市场监管局抽检发现爱必享网红糖果非法添加处方药西地那非伟哥含量高达每公斤125克远超安全剂量该产品去年已被通报商家通过失联虚假注册等手段逃避监管不当食用可能导致头晕血压骤降肝肾损伤对儿童女性及心血管疾病患者查看最新戳gt微博智搜,True,False
5298036930774094,1778662700,2026-05-13 08:58:20+08:00,5298036708476911,严查严惩不贷！,9,10,1778649961986,吉林,5298036930774094,2063190565,艾可栗,f,https://m.weibo.cn/u/2063190565?launchid=10000360-page_H5,"https://tvax2.sinaimg.cn/crop.0.0.1080.1080.180/7af9ca25ly8iasxwom2nxj20u00u00ui.jpg?KID=imgbed,tva&Expires=1778660761&ssig=eeyclU5ghl",search_comments_2026-05-13.csv,search_comment,严查严惩不贷,True,False
5298040080434958,1778663451,2026-05-13 09:10:51+08:00,5298036708476911,希望严惩严查,0,1,1778649961990,四川,5298040080434958,2807846824,木子的一只鱼-,m,https://m.weibo.cn/u/2807846824?launchid=10000360-page_H5,"https://tvax2.sinaimg.cn/crop.0.0.1080.1080.180/a75c57a8ly8ibd5r2s11xj20u00u041b.jpg?KID=imgbed,tva&Expires=1778660761&ssig=S7IWBKZi3m",search_comments_2026-05-13.csv,search_comment,希望严惩严查,True,False
5298037627029644,1778662866,2026-05-13 09:01:06+08:00,5298036708476911,真是什么人也有！,0,1,1778649961993,河北,5298037627029644,2284044724,齐小洁-,f,https://m.weibo.cn/u/2284044724?launchid=10000360-page_H5,"https://tvax2.sinaimg.cn/crop.0.0.960.960.180/8823c1b4ly8i85l016r2tj20qo0qotbi.jpg?KID=imgbed,tva&Expires=1778660761&ssig=zMfNQuxxDi",search_comments_2026-05-13.csv,search_comment,真是什么人也有,True,False
5298033405201205,1778661859,2026-05-13 08:44:19+08:00,5298030120534402,生孩子是大事，必须给我生,4,2,1778649968414,上海,5298033405201205,2093606055,没节操吐槽,m,https://m.weibo.cn/u/2093606055?launchid=10000360-page_H5,"https://tvax2.sinaimg.cn/crop.0.0.751.751.180/7cc9e4a7ly8g3vq9mtjocj20kv0kv0u5.jpg?KID=imgbed,tva&Expires=1778660768&ssig=d%2F4%2BIyKsBI",search_comments_2026-05-13.csv,search_comment,生孩子是大事必须给我生,True,False
5298030454508449,1778661156,2026-05-13 08:32:36+08:00,5298030120534402,吃了能让人一直坚挺的吗,1,2,1778649968419,重庆,5298030454508449,7842569534,指尖上的旋律202305,m,https://m.weibo.cn/u/7842569534?launchid=10000360-page_H5,"https://tvax1.sinaimg.cn/crop.0.0.132.132.180/008yKCB0ly4hegai7egy5j303o03o0sm.jpg?KID=imgbed,tva&Expires=1778660768&ssig=qdVOYJdKcP",search_comments_2026-05-13.csv,search_comment,吃了能让人一直坚挺的吗,True,False
5298058703407827,1778667891,2026-05-13 10:24:51+08:00,5298058621355951,网红糖果含超高剂量伟哥，严重违规！请谨慎选择，保护健康。,0,1,1778649974829,河南,5298058703407827,3324336664,yu南星舌诊,m,https://m.weibo.cn/u/3324336664?launchid=10000360-page_H5,"https://tvax4.sinaimg.cn/crop.0.0.500.500.180/c6255a18ly8hkizz4w6m9j20dw0dwglp.jpg?KID=imgbed,tva&Expires=1778660774&ssig=G%2FpOQUNtjj",search_comments_2026-05-13.csv,search_comment,网红糖果含超高剂量伟哥严重违规请谨慎选择保护健康,True,False
5298102781346123,1778678399,2026-05-13 13:19:59+08:00,5298058621355951,没错啊 多注意下,0,0,1778649974834,贵州,5298102781346123,5159240533,叶可爱·,f,https://m.weibo.cn/u/5159240533?launchid=10000360-page_H5,"https://tvax3.sinaimg.cn/crop.0.0.1080.1080.180/005D9E8Zly8hr4e7v7tumj30u00u00sn.jpg?KID=imgbed,tva&Expires=1778660774&ssig=GePVwmyY6n",search_comments_2026-05-13.csv,search_comment,没错啊 多注意下,True,False
5298067574096500,1778670005,2026-05-13 11:00:05+08:00,5298058621355951,用百度搜网红糖果，看到有人吃完心跳加速，大家买糖要擦亮眼啊,0,0,1778649974840,北京,5298067574096500,9040658253,DoneDone888,f,https://m.weibo.cn/u/9040658253?launchid=10000360-page_H5,"https://tvax3.sinaimg.cn/crop.0.0.600.600.180/009RPGcBly8ic9snx6x8mj30go0go0ta.jpg?KID=imgbed,tva&Expires=1778660774&ssig=FlD4Xgnev8",search_comments_2026-05-13.csv,search_comment,用百度搜网红糖果看到有人吃完心跳加速大家买糖要擦亮眼啊,True,False
5298030627523284,1778661197,2026-05-13 08:33:17+08:00,5298028294701654,天啊  以后还有什么东西可以放心吃的,1,0,1778649981269,中国台湾,5298030627523284,5589604359,OK_就是很好啊,f,https://m.weibo.cn/u/5589604359?launchid=10000360-page_H5,"https://tvax4.sinaimg.cn/crop.0.0.1080.1080.180/0066hpr1ly8ibo7r7wlhij30u00u0js5.jpg?KID=imgbed,tva&Expires=1778660781&ssig=yo%2BcZ89poj",search_comments_2026-05-13.csv,search_comment,天啊  以后还有什么东西可以放心吃的,True,False
5298029264636158,1778660872,2026-05-13 08:27:52+08:00,5298028294701654,这还是人嘛可恶,0,1,1778649981275,北京,5298029264636158,5575740995,潮流精神病人,m,https://m.weibo.cn/u/5575740995?launchid=10000360-page_H5,"https://tvax1.sinaimg.cn/crop.0.0.1080.1080.180/0065leWnly8hkn7iu4zjjj30u00u041d.jpg?KID=imgbed,tva&Expires=1778660781&ssig=68MmD4FgqP",search_comments_2026-05-13.csv,search_comment,这还是人嘛可恶,True,False
5298055056458373,1778667021,2026-05-13 10:10:21+08:00,5298044683943943,近日，上海市市场监管局抽检发现，一款叫“爱必享”糖果制品被检出含有高剂量伟哥,4,8,1778649987776,,5298055056458373,6105713761,红星新闻,f,https://m.weibo.cn/u/6105713761?launchid=10000360-page_H5,"https://tvax1.sinaimg.cn/crop.0.0.512.512.180/006FcX4dly8h8vgewp7wsj30e80e8mxd.jpg?KID=imgbed,tva&Expires=1778660787&ssig=s2KX2JGoTc",search_comments_2026-05-13.csv,search_comment,近日上海市市场监管局抽检发现一款叫爱必享糖果制品被检出含有高剂量伟哥,True,False
5298056180013405,1778667289,2026-05-13 10:14:49+08:00,5298044683943943,去年5月就异常了，居然还能继续开店？,0,2,1778649987782,福建,5298056180013405,5646394236,番茄豆豆丁,f,https://m.weibo.cn/u/5646394236?launchid=10000360-page_H5,"https://tvax3.sinaimg.cn/crop.0.0.1080.1080.180/006a7H4Mly8hsj0w2lmdbj30u00u0wi6.jpg?KID=imgbed,tva&Expires=1778660787&ssig=KbT%2BGB6d9d",search_comments_2026-05-13.csv,search_comment,去年5月就异常了居然还能继续开店,True,False
5298056224573731,1778667300,2026-05-13 10:15:00+08:00,5298044683943943,商家为了牟利真的毫无底线,0,2,1778649987789,广东,5298056224573731,7588660125,脸颊红pp,f,https://m.weibo.cn/u/7588660125?launchid=10000360-page_H5,"https://tvax3.sinaimg.cn/crop.0.0.512.512.180/008hzf9Xly8gqgnmco4csj30e80e8ada.jpg?KID=imgbed,tva&Expires=1778660787&ssig=w68Ceza1B5",search_comments_2026-05-13.csv,search_comment,商家为了牟利真的毫无底线,True,False
5298099875482483,1778677707,2026-05-13 13:08:27+08:00,5298072327291677,今天拍女生裙底，明天入职就能拍国家机密,3,119,1778650042026,陕西,5298099875482483,6404306408,卧槽,f,https://m.weibo.cn/u/6404306408?launchid=10000360-page_H5,"https://tvax3.sinaimg.cn/crop.0.0.1080.1080.180/006ZpOEEly8ic1wgew26ij30u00u0ta9.jpg?KID=imgbed,tva&Expires=1778660842&ssig=9dfkH1RB1j",search_comments_2026-05-13.csv,search_comment,今天拍女生裙底明天入职就能拍国家机密,True,False
5298101755054175,1778678155,2026-05-13 13:15:55+08:00,5298072327291677,怎么伴随终身啊 能不能印身份证上啊,3,30,1778650042034,河南,5298101755054175,7114372956,我要去吃巧克力了,f,https://m.weibo.cn/u/7114372956?launchid=10000360-page_H5,"https://tvax2.sinaimg.cn/crop.0.0.1080.1080.180/007LtboUly8i65dgncb41j30u00u0jtr.jpg?KID=imgbed,tva&Expires=1778660842&ssig=YTd3osho7l",search_comments_2026-05-13.csv,search_comment,怎么伴随终身啊 能不能印身份证上啊,True,False
5298098374445362,1778677349,2026-05-13 13:02:29+08:00,5298096569322744,被抓住的很多也可能道歉删除了事，他是没想到后果这么严重,2,4,1778650048490,北京,5298098374445362,1443940495,没猫了0461,m,https://m.weibo.cn/u/1443940495?launchid=10000360-page_H5,"https://tvax1.sinaimg.cn/crop.0.0.1080.1080.180/5610c88fly8g5uz5de0lzj20u00u0k07.jpg?KID=imgbed,tva&Expires=1778660848&ssig=HWjbZuvQUW",search_comments_2026-05-13.csv,search_comment,被抓住的很多也可能道歉删除了事他是没想到后果这么严重,True,False
5298101025770023,1778677981,2026-05-13 13:13:01+08:00,5298096569322744,你说的和卖淫嫖娼一个道理,0,0,1778650048496,浙江,5298101025770023,5272973104,幻小熙灬,m,https://m.weibo.cn/u/5272973104?launchid=10000360-page_H5,"https://tvax3.sinaimg.cn/crop.0.0.1080.1080.180/005KQRbily8i9bcthc157j30u00u0wic.jpg?KID=imgbed,tva&Expires=1778660848&ssig=ZKFixL5Y%2Bs",search_comments_2026-05-13.csv,search_comment,你说的和卖淫嫖娼一个道理,True,False
5298102078803431,1778678232,2026-05-13 13:17:12+08:00,5298102053373327,偷拍行为，不只是一时的恶趣味。,0,0,1778650054905,浙江,5298102078803431,2385449487,煜杉禾,m,https://m.weibo.cn/u/2385449487?launchid=10000360-page_H5,"https://tvax3.sinaimg.cn/crop.0.0.1080.1080.180/8e2f120fly8i7ouwibrtmj20u00u0acj.jpg?KID=imgbed,tva&Expires=1778660854&ssig=TUre2dub%2BW",search_comments_2026-05-13.csv,search_comment,偷拍行为不只是一时的恶趣味,True,False
5298102896689432,1778678426,2026-05-13 13:20:26+08:00,5298102053373327,武大偷拍男性隐私的呢？,0,0,1778650054911,河北,5298102896689432,5057928747,Binggoooooo,m,https://m.weibo.cn/u/5057928747?launchid=10000360-page_H5,"https://tvax3.sinaimg.cn/crop.1.0.747.747.180/005wiyjVly8ff7dh1vwuij30ku0kr0ue.jpg?KID=imgbed,tva&Expires=1778660854&ssig=%2F9cewtMSGy",search_comments_2026-05-13.csv,search_comment,武大偷拍男性隐私的呢,True,False
5298102548563244,1778678344,2026-05-13 13:19:04+08:00,5298101080556138,只能说变态多这玩意没什么可看的,1,1,1778650061396,北京,5298102548563244,7126660548,青年油条,m,https://m.weibo.cn/u/7126660548?launchid=10000360-page_H5,"https://tvax2.sinaimg.cn/crop.0.0.350.350.180/007MiJXSly8hyqallsjkcj309q09qglq.jpg?KID=imgbed,tva&Expires=1778660861&ssig=7DkCijP54R",search_comments_2026-05-13.csv,search_comment,只能说变态多这玩意没什么可看的,True,False
5298102424831295,1778678315,2026-05-13 13:18:35+08:00,5298101080556138,你不对劲 铅更新。你之前夜班要吃泡面的,1,0,1778650061405,上海,5298102424831295,6647007041,斯嘉丽-格兰杰,f,https://m.weibo.cn/u/6647007041?launchid=10000360-page_H5,"https://tvax2.sinaimg.cn/crop.0.0.512.512.180/007fQaaZly8i04i6o43moj30e80e8mxr.jpg?KID=imgbed,tva&Expires=1778660861&ssig=pNYqMIRisR",search_comments_2026-05-13.csv,search_comment,你不对劲 铅更新你之前夜班要吃泡面的,True,False
5298101841562682,1778678176,2026-05-13 13:16:16+08:00,5298101080556138,太素了没胃口,1,0,1778650061412,湖北,5298101841562682,2436868031,老水的围脖,m,https://m.weibo.cn/u/2436868031?launchid=10000360-page_H5,"https://tva1.sinaimg.cn/crop.0.0.750.750.180/913fa7bfjw8f4d3ety24xj20ku0kugmr.jpg?KID=imgbed,tva&Expires=1778660861&ssig=Ciu8rzENrj",search_comments_2026-05-13.csv,search_comment,太素了没胃口,True,False
5296998438672638,1778415104,2026-05-10 12:11:44+08:00,5296996466295651,和一个品牌长达30年的深度合作，放在全球望去，也没有多少人能匹敌🐮,1,46,1778650149755,广东,5296998438672638,7588755292,次方CF_Fashion,f,https://m.weibo.cn/u/7588755292?launchid=10000360-page_H5,"https://tvax2.sinaimg.cn/crop.0.0.1080.1080.180/008hzDUUly8i3e12vf72fj30u00u0tdx.jpg?KID=imgbed,tva&Expires=1778660949&ssig=FsL4jiQOvh",search_comments_2026-05-13.csv,search_comment,和一个品牌长达30年的深度合作放在全球望去也没有多少人能匹敌,True,False
5297009214097774,1778417673,2026-05-10 12:54:33+08:00,5296996466295651,巩俐已经是欧莱雅终身代言人，一说欧莱雅，第一个就想到巩俐,1,14,1778650149764,四川,5297009214097774,6393727429,2025年第38届金鸡奖,m,https://m.weibo.cn/u/6393727429?launchid=10000360-page_H5,"https://tvax3.sinaimg.cn/crop.0.4.960.960.180/006YHqzXly8g9ageqi3ehj30qo0qxq6c.jpg?KID=imgbed,tva&Expires=1778660949&ssig=MWn%2BfyDqbE",search_comments_2026-05-13.csv,search_comment,巩俐已经是欧莱雅终身代言人一说欧莱雅第一个就想到巩俐,True,False
5297042098225935,1778425513,2026-05-10 15:05:13+08:00,5296996466295651,坐等巩皇用裸唇妆再次惊艳戛纳！,0,2,1778650149771,浙江,5297042098225935,7745372024,爱吃大饼油炸,f,https://m.weibo.cn/u/7745372024?launchid=10000360-page_H5,"https://tvax4.sinaimg.cn/crop.0.0.512.512.180/008saN5ely8hgol2ehsetj30e80e8dg0.jpg?KID=imgbed,tva&Expires=1778660949&ssig=qUy8eEgtLV",search_comments_2026-05-13.csv,search_comment,坐等巩皇用裸唇妆再次惊艳戛纳,True,False
5297410771258139,1778513412,2026-05-11 15:30:12+08:00,5297403680786751,这也不是着急的事儿。急也没用。知道今年是这个节奏了就行。挺好的。有类似这样的待遇我就很满意了,1,17,1778650156247,辽宁,5297410771258139,7796576333,红豆糯米糍蛋黄派达人,f,https://m.weibo.cn/u/7796576333?launchid=10000360-page_H5,"https://tvax1.sinaimg.cn/crop.0.0.1080.1080.180/008vDDFbly8icj7wuj62jj30u00u040r.jpg?KID=imgbed,tva&Expires=1778660956&ssig=6cDidjXxEd",search_comments_2026-05-13.csv,search_comment,这也不是着急的事儿急也没用知道今年是这个节奏了就行挺好的有类似这样的待遇我就很满意了,True,False
5297403959968056,1778511787,2026-05-11 15:03:07+08:00,5297403680786751,是不是走的前一天宣发 看这个节奏,4,6,1778650156253,湖北,5297403959968056,3221873562,柠檬檬ooooo,f,https://m.weibo.cn/u/3221873562?launchid=10000360-page_H5,"https://tvax2.sinaimg.cn/crop.0.0.1080.1080.180/c009e39aly8icyjgfo1mqj20u00u00vt.jpg?KID=imgbed,tva&Expires=1778660956&ssig=KdCLpW78Le",search_comments_2026-05-13.csv,search_comment,是不是走的前一天宣发 看这个节奏,True,False
5297420254578216,1778515673,2026-05-11 16:07:53+08:00,5297403680786751,怎么没看到巩皇的机场她就到了,3,0,1778650156258,湖南,5297420254578216,6531283362,我栩要檑,m,https://m.weibo.cn/u/6531283362?launchid=10000360-page_H5,"https://tvax3.sinaimg.cn/crop.0.0.1080.1080.180/00780Ba2ly8ibvjsj7du1j30u00u0abo.jpg?KID=imgbed,tva&Expires=1778660956&ssig=AdtK6gx30F",search_comments_2026-05-13.csv,search_comment,怎么没看到巩皇的机场她就到了,True,False
5298063422784066,1778669015,2026-05-13 10:43:35+08:00,5298062163448647,这次太爽了,1,0,1778650162623,北京,5298063422784066,2196221171,浓眉洁,f,https://m.weibo.cn/u/2196221171?launchid=10000360-page_H5,"https://tva1.sinaimg.cn/crop.0.0.180.180.180/82e7acf3jw1e8qgp5bmzyj2050050aa8.jpg?KID=imgbed,tva&Expires=1778660962&ssig=0X1yYAbRZQ",search_comments_2026-05-13.csv,search_comment,这次太爽了,True,False
5298100182716636,1778677780,2026-05-13 13:09:40+08:00,5298062163448647,巩俐还真是喜欢戛纳，张曼玉年年请都不去,1,0,1778650162627,广东,5298100182716636,5094019385,魔法药师lanvin,f,https://m.weibo.cn/u/5094019385?launchid=10000360-page_H5,"https://tvax4.sinaimg.cn/crop.137.180.494.494.180/005yJZ8Zly8gfztsdjhjxj30ku0oqtb1.jpg?KID=imgbed,tva&Expires=1778660962&ssig=4B9PILJPDa",search_comments_2026-05-13.csv,search_comment,巩俐还真是喜欢戛纳张曼玉年年请都不去,True,False
5298075362922697,1778671863,2026-05-13 11:31:03+08:00,5298062163448647,毕竟是巩皇,1,0,1778650162630,上海,5298075362922697,1777545917,MissFayeL,f,https://m.weibo.cn/u/1777545917?launchid=10000360-page_H5,"https://tvax1.sinaimg.cn/crop.0.0.1080.1080.180/69f332bdly8gzpn5t4c5xj20u00u0akg.jpg?KID=imgbed,tva&Expires=1778660962&ssig=ZjRQGvPoAK",search_comments_2026-05-13.csv,search_comment,毕竟是巩皇,True,False
5297288441496405,1778484246,2026-05-11 07:24:06+08:00,5296999576372611,30年了 还霸王别姬呢 那看来也是没啥进步,0,0,1778650185799,江西,5297288441496405,1895616211,鲍小楼,m,https://m.weibo.cn/u/1895616211?launchid=10000360-page_H5,"https://tvax3.sinaimg.cn/crop.0.0.442.442.180/70fcced3ly8hpga360o9cj20ca0caq34.jpg?KID=imgbed,tva&Expires=1778660985&ssig=Ahj9jYXxkl",search_comments_2026-05-13.csv,search_comment,30年了 还霸王别姬呢 那看来也是没啥进步,True,False
5297058141176810,1778429338,2026-05-10 16:08:58+08:00,5296999576372611,三十年长情相守，早已超越普通商业代言。巩俐与巴黎欧莱雅双向奔赴，定格东方女性独有的风华与底气。从戛纳青涩身影到如今从容气场，她演绎的美，是由内而外的自信与力量。经典永续，时光加冕，期待戛纳再遇巩俐风采，续写传奇篇章,0,0,1778650185813,江苏,5297058141176810,6940174068,甜心honey兔兔,f,https://m.weibo.cn/u/6940174068?launchid=10000360-page_H5,"https://tvax2.sinaimg.cn/crop.0.0.400.400.180/007zGgjqly1h1qj0336dyj30b40b4q37.jpg?KID=imgbed,tva&Expires=1778660985&ssig=SvDRmEgTuA",search_comments_2026-05-13.csv,search_comment,三十年长情相守早已超越普通商业代言巩俐与巴黎欧莱雅双向奔赴定格东方女性独有的风华与底气从戛纳青涩身影到如今从容气场她演绎的美是由内而外的自信与力量经典永续时光加冕期待戛纳再遇巩俐风采续写传奇篇章,True,False
5298041242258547,1778663728,2026-05-13 09:15:28+08:00,5297997250298970,是的第三方,0,1,1778650209067,福建,5298041242258547,1807907731,萌萌哒阿茶,f,https://m.weibo.cn/u/1807907731?launchid=10000360-page_H5,"https://tvax1.sinaimg.cn/crop.0.0.996.996.180/6bc27b93ly8g28cqahm4cj20ro0ro3zw.jpg?KID=imgbed,tva&Expires=1778661009&ssig=obxa3e3e7f",search_comments_2026-05-13.csv,search_comment,是的第三方,True,False
5298041131108617,1778663701,2026-05-13 09:15:01+08:00,5297997250298970,水电费水电费,0,0,1778650209071,福建,5298041131108617,1807907731,萌萌哒阿茶,f,https://m.weibo.cn/u/1807907731?launchid=10000360-page_H5,"https://tvax1.sinaimg.cn/crop.0.0.996.996.180/6bc27b93ly8g28cqahm4cj20ro0ro3zw.jpg?KID=imgbed,tva&Expires=1778661009&ssig=obxa3e3e7f",search_comments_2026-05-13.csv,search_comment,水电费水电费,True,False
5297913819302002,1778633348,2026-05-13 00:49:08+08:00,5297913576033353,直达🧧①»网页链接  直达🧧②»网页链接,0,0,1778650215533,福建,5297913819302002,6180758758,捡垃圾小队长,f,https://m.weibo.cn/u/6180758758?launchid=10000360-page_H5,"https://tvax2.sinaimg.cn/crop.0.0.1080.1080.180/006KhPHoly8g7eyfiwxgkj30u00u0n0c.jpg?KID=imgbed,tva&Expires=1778661015&ssig=Ug8HMuyR5s",search_comments_2026-05-13.csv,search_comment,直达①网页链接  直达②网页链接,True,False
5298041148146989,1778663705,2026-05-13 09:15:05+08:00,5297913576033353,烦死掉第三方,0,0,1778650215542,福建,5298041148146989,1807907731,萌萌哒阿茶,f,https://m.weibo.cn/u/1807907731?launchid=10000360-page_H5,"https://tvax1.sinaimg.cn/crop.0.0.996.996.180/6bc27b93ly8g28cqahm4cj20ro0ro3zw.jpg?KID=imgbed,tva&Expires=1778661015&ssig=IolgTv3Z8P",search_comments_2026-05-13.csv,search_comment,烦死掉第三方,True,False
5298065116496148,1778669419,2026-05-13 10:50:19+08:00,5298061322226609,其表示，购买该产品的游客与其他游客分属不同队伍排队，但其体验的游乐项目及观看演出的座位，与其他游客处于同一场地内。,0,1,1778650245891,,5298065116496148,1653603955,扬子晚报,f,https://m.weibo.cn/u/1653603955?launchid=10000360-page_H5,"https://tvax2.sinaimg.cn/crop.0.0.500.500.180/001NUlVxly8i8a0obgofpj60dw0dwq3j02.jpg?KID=imgbed,tva&Expires=1778661045&ssig=lfYRURPAt5",search_comments_2026-05-13.csv,search_comment,其表示购买该产品的游客与其他游客分属不同队伍排队但其体验的游乐项目及观看演出的座位与其他游客处于同一场地内,True,False
5298065092117763,1778669414,2026-05-13 10:50:14+08:00,5298061322226609,另一工作人员介绍，购买优速通的游客可走VIP通道，不用去普通通道排队，该产品是减少游客排队时间的一个选择，相关具体使用安排需以现场实际情况为准。,0,1,1778650245898,,5298065092117763,1653603955,扬子晚报,f,https://m.weibo.cn/u/1653603955?launchid=10000360-page_H5,"https://tvax2.sinaimg.cn/crop.0.0.500.500.180/001NUlVxly8i8a0obgofpj60dw0dwq3j02.jpg?KID=imgbed,tva&Expires=1778661045&ssig=lfYRURPAt5",search_comments_2026-05-13.csv,search_comment,另一工作人员介绍购买优速通的游客可走VIP通道不用去普通通道排队该产品是减少游客排队时间的一个选择相关具体使用安排需以现场实际情况为准,True,False
5298065057779647,1778669406,2026-05-13 10:50:06+08:00,5298061322226609,记者就网传视频事件致电上海迪士尼度假区，一名工作人员表示，因其不在现场办公，暂时没有掌握相关信息，自己不是回答该问题的最佳人选，可通过邮箱联系专门负责人员了解。,0,1,1778650245906,,5298065057779647,1653603955,扬子晚报,f,https://m.weibo.cn/u/1653603955?launchid=10000360-page_H5,"https://tvax2.sinaimg.cn/crop.0.0.500.500.180/001NUlVxly8i8a0obgofpj60dw0dwq3j02.jpg?KID=imgbed,tva&Expires=1778661045&ssig=lfYRURPAt5",search_comments_2026-05-13.csv,search_comment,记者就网传视频事件致电上海迪士尼度假区一名工作人员表示因其不在现场办公暂时没有掌握相关信息自己不是回答该问题的最佳人选可通过邮箱联系专门负责人员了解,True,False
5296762812369986,1778358926,2026-05-09 20:35:26+08:00,5296754173937260,迪士尼的门票本来就是两三千，你愿意排队的话，就是五百块，花多少钱得到多少体验感，没钱就搁家里待着！,9,293,1778650252390,陕西,5296762812369986,7430333000,猫鼻子oo,f,https://m.weibo.cn/u/7430333000?launchid=10000360-page_H5,"https://tvax3.sinaimg.cn/crop.0.0.751.751.180/0086QV2Ely8gdi8x33t4hj30kv0kvgmt.jpg?KID=imgbed,tva&Expires=1778661052&ssig=PshhPUcteQ",search_comments_2026-05-13.csv,search_comment,迪士尼的门票本来就是两三千你愿意排队的话就是五百块花多少钱得到多少体验感没钱就搁家里待着,True,False
5296758768016402,1778357962,2026-05-09 20:19:22+08:00,5296754173937260,这个世界有“特权”的地方多了去了，哪里不值得质疑要去游乐园质疑,5,298,1778650252397,辽宁,5296758768016402,7956740466,迟迟_被迫重生的某,f,https://m.weibo.cn/u/7956740466?launchid=10000360-page_H5,"https://tvax3.sinaimg.cn/crop.0.0.512.512.180/008GtFFEly8hvj7rl8wi1j30e80e874j.jpg?KID=imgbed,tva&Expires=1778661052&ssig=ebNXJdp5DZ",search_comments_2026-05-13.csv,search_comment,这个世界有特权的地方多了去了哪里不值得质疑要去游乐园质疑,True,False
5296759307770585,1778358091,2026-05-09 20:21:31+08:00,5296754173937260,我当年第一次去迪士尼的时候，那时候没买年卡，就是动用钞能力买优速通，我没钱，但我知道该用的时候就用，难得去一次就动用钞能力，后来有了年卡就没再买过优速通了，可以分散了去玩。这个爸爸难得带孩子去一次还要计较千把块钱购买时间的钱，还把气撒在打工人身上太不上路子了。,6,145,1778650252406,上海,5296759307770585,2353279492,小椒贝贝,m,https://m.weibo.cn/u/2353279492?launchid=10000360-page_H5,"https://tvax3.sinaimg.cn/crop.0.0.1080.1080.180/8c443204ly8htk1doy6bmj20u00u0act.jpg?KID=imgbed,tva&Expires=1778661052&ssig=fxU2uNnmcD",search_comments_2026-05-13.csv,search_comment,我当年第一次去迪士尼的时候那时候没买年卡就是动用钞能力买优速通我没钱但我知道该用的时候就用难得去一次就动用钞能力后来有了年卡就没再买过优速通了可以分散了去玩这个爸爸难得带孩子去一次还要计较千把块钱购买时间的钱还把气撒在打工人身上太不上路子了,True,False
5298063272315079,1778668980,2026-05-13 10:43:00+08:00,5298041047221563,舍不得钱又不想排队就不要去，要么错峰出行，我错峰出行大项目都能刷两遍,13,359,1778650258997,江苏,5298063272315079,3602666474,女王大人的拖拉机,f,https://m.weibo.cn/u/3602666474?launchid=10000360-page_H5,"https://tvax1.sinaimg.cn/crop.0.0.1080.1080.180/d6bc53ealy8gpzf037smvj20u00u0dk5.jpg?KID=imgbed,tva&Expires=1778661058&ssig=knyC6uDXSZ",search_comments_2026-05-13.csv,search_comment,舍不得钱又不想排队就不要去要么错峰出行我错峰出行大项目都能刷两遍,True,False
5298042785760508,1778664096,2026-05-13 09:21:36+08:00,5298041047221563,优速通确实贵，但为了孩子开心的笑脸，少排几小时队也算值得了。,0,10,1778650259004,江苏,5298042785760508,8367507862,养猪崽的佳佳姐,f,https://m.weibo.cn/u/8367507862?launchid=10000360-page_H5,"https://tvax3.sinaimg.cn/crop.0.0.1080.1080.180/0098hd2ely8iadc3ffqj5j30u00u0wg6.jpg?KID=imgbed,tva&Expires=1778661058&ssig=XAuIcqkAJ1",search_comments_2026-05-13.csv,search_comment,优速通确实贵但为了孩子开心的笑脸少排几小时队也算值得了,True,False
5298042279825436,1778663975,2026-05-13 09:19:35+08:00,5298041047221563,要排很长时间队就不想去,0,3,1778650259011,云南,5298042279825436,5698327226,一杯冰可乐的独白,f,https://m.weibo.cn/u/5698327226?launchid=10000360-page_H5,"https://tvax2.sinaimg.cn/crop.0.0.664.664.180/006dDBdEly8fmqrjdz9joj30ig0ig0tm.jpg?KID=imgbed,tva&Expires=1778661058&ssig=KlRVChyjYV",search_comments_2026-05-13.csv,search_comment,要排很长时间队就不想去,True,False
5298037968601298,1778662946,2026-05-13 09:02:26+08:00,5298037515354947,是的，这位爸爸。都当爸爸了，就不要这么幼稚了,85,1077,1778650265664,安徽,5298037968601298,1835656555,卢伟火丁,m,https://m.weibo.cn/u/1835656555?launchid=10000360-page_H5,"https://tvax2.sinaimg.cn/crop.0.0.941.941.180/6d69e56bly8h6e2re2f7bj20q50q5tav.jpg?KID=imgbed,tva&Expires=1778661065&ssig=hkcvfvUhNQ",search_comments_2026-05-13.csv,search_comment,是的这位爸爸都当爸爸了就不要这么幼稚了,True,False
5298040808407600,1778663623,2026-05-13 09:13:43+08:00,5298037515354947,有钱真系可以大晒架,0,33,1778650265671,广东,5298040808407600,1622021107,jackchan321,m,https://m.weibo.cn/u/1622021107?launchid=10000360-page_H5,"https://tvax4.sinaimg.cn/crop.0.0.640.640.180/60ae13f3ly8hevbcuwyjqj20hs0hsab1.jpg?KID=imgbed,tva&Expires=1778661065&ssig=DWpF4i9twc",search_comments_2026-05-13.csv,search_comment,有钱真系可以大晒架,True,False
5298076231144162,1778672070,2026-05-13 11:34:30+08:00,5298037515354947,评论区主要分为三派观点：65%支持市场规则，认为优速通是“花钱买时间”的合理商业行为；25%质疑公平性，指出视觉化的“插队”加剧心理落差；10%关注情绪层面，将父亲崩溃视为生活压力的投射。争议焦点在于商业逻辑与公共娱乐中公平感知的平衡。查看最新戳-&gt;微博智搜,0,0,1778650265679,微博智搜AI生成,5298076231144162,7892270010,微博智搜,f,https://m.weibo.cn/u/7892270010?launchid=10000360-page_H5,"https://tvax2.sinaimg.cn/crop.0.0.1080.1080.180/008C79XAly8i5grzh416kj30u00u0t8z.jpg?KID=imgbed,tva&Expires=1778661065&ssig=cR%2BRJKpw8o",search_comments_2026-05-13.csv,search_comment,评论区主要分为三派观点65支持市场规则认为优速通是花钱买时间的合理商业行为25质疑公平性指出视觉化的插队加剧心理落差10关注情绪层面将父亲崩溃视为生活压力的投射争议焦点在于商业逻辑与公共娱乐中公平感知的平衡查看最新戳gt微博智搜,True,False
5298036983203260,1778662712,2026-05-13 08:58:32+08:00,5298033266524918,居然是免费的,0,0,1778650272184,四川,5298036983203260,7515642186,煮煮昏了,f,https://m.weibo.cn/u/7515642186?launchid=10000360-page_H5,"https://tvax2.sinaimg.cn/crop.0.0.1080.1080.180/008cCRRgly8iboq7i3w8wj30u00u0go2.jpg?KID=imgbed,tva&Expires=1778661072&ssig=zkUHqHWVUW",search_comments_2026-05-13.csv,search_comment,居然是免费的,True,False
5298033799465349,1778661953,2026-05-13 08:45:53+08:00,5298033266524918,又不是一两百，节假日六七百吧，园区不控制人数，不说别的，光这三小时不能随便去厕所就很有问题吧,2,6,1778650272189,黑龙江,5298033799465349,6510337337,言糖星系,f,https://m.weibo.cn/u/6510337337?launchid=10000360-page_H5,"https://tvax4.sinaimg.cn/crop.0.0.1080.1080.180/0076AI8Vly8id30kjnnf5j30u00u0422.jpg?KID=imgbed,tva&Expires=1778661072&ssig=E%2FvtuFWLzT",search_comments_2026-05-13.csv,search_comment,又不是一两百节假日六七百吧园区不控制人数不说别的光这三小时不能随便去厕所就很有问题吧,True,False
5297356087230467,1778500373,2026-05-11 11:52:53+08:00,5297352269104545,这和飞机一样？飞机能超载吗？给你卖站票，价高的有位置是吧？,45,36,1778650278756,广东,5297356087230467,7811976111,止于礼_情,m,https://m.weibo.cn/u/7811976111?launchid=10000360-page_H5,"https://tvax2.sinaimg.cn/crop.0.0.512.512.180/008wGfQHly8hw31sn698qj30e80e80t8.jpg?KID=imgbed,tva&Expires=1778661078&ssig=hVSYiMsKtj",search_comments_2026-05-13.csv,search_comment,这和飞机一样飞机能超载吗给你卖站票价高的有位置是吧,True,False
5297360171440909,1778501348,2026-05-11 12:09:08+08:00,5297352269104545,和飞机比喻那就不标准了，同一趟飞机，你优先登机还不是跟普通票同时间抵达，优先时间不明显，迪士尼这种优速通，讲白了就是花钱买插队,40,77,1778650278763,广西,5297360171440909,1961292040,是星星的星不是猩猩的猩,m,https://m.weibo.cn/u/1961292040?launchid=10000360-page_H5,"https://tvax2.sinaimg.cn/crop.0.0.512.512.180/74e6f108ly8g5aq3aeybhj20e80e83z5.jpg?KID=imgbed,tva&Expires=1778661078&ssig=KBdBfPQ%2Blm",search_comments_2026-05-13.csv,search_comment,和飞机比喻那就不标准了同一趟飞机你优先登机还不是跟普通票同时间抵达优先时间不明显迪士尼这种优速通讲白了就是花钱买插队,True,False
5297798895635173,1778605948,2026-05-12 17:12:28+08:00,5297352269104545,原博认为迪士尼优速通是合理的商业分级服务，类似飞机头等舱，强调消费者有自主选择权，觉得不合理可不参与。娱乐场所应遵循市场规则，刚性需求场景才需重点关注公平。争议核心在于商业效率与公平感知的冲突，理性看待规则比情绪爆发更建设性。查看最新戳-&gt;微博智搜,0,1,1778650278768,微博智搜AI生成,5297798895635173,7892270010,微博智搜,f,https://m.weibo.cn/u/7892270010?launchid=10000360-page_H5,"https://tvax2.sinaimg.cn/crop.0.0.1080.1080.180/008C79XAly8i5grzh416kj30u00u0t8z.jpg?KID=imgbed,tva&Expires=1778661078&ssig=LM9xt730%2Bx",search_comments_2026-05-13.csv,search_comment,原博认为迪士尼优速通是合理的商业分级服务类似飞机头等舱强调消费者有自主选择权觉得不合理可不参与娱乐场所应遵循市场规则刚性需求场景才需重点关注公平争议核心在于商业效率与公平感知的冲突理性看待规则比情绪爆发更建设性查看最新戳gt微博智搜,True,False
5298044922757288,1778664604,2026-05-13 09:30:04+08:00,5298042422167766,有没有可能是它也分优速通席位和普通席位，只是优速通没坐满给普通的也上，这样利好普通席位，但是现在迪士尼正在试点取消普通人补坐不满的优速通席位，优速通坐不满发空车也不给普通的了，这样普通排的又长了。,1,17,1778650301881,江苏,5298044922757288,1613722927,吃葡萄要吐葡萄皮1020,f,https://m.weibo.cn/u/1613722927?launchid=10000360-page_H5,"https://tva3.sinaimg.cn/crop.0.0.180.180.180/602f752fjw1e8qgp5bmzyj2050050aa8.jpg?KID=imgbed,tva&Expires=1778661101&ssig=IAgS2hH8ku",search_comments_2026-05-13.csv,search_comment,有没有可能是它也分优速通席位和普通席位只是优速通没坐满给普通的也上这样利好普通席位但是现在迪士尼正在试点取消普通人补坐不满的优速通席位优速通坐不满发空车也不给普通的了这样普通排的又长了,True,False
5298048999621947,1778665577,2026-05-13 09:46:17+08:00,5298042422167766,你说在点上了,1,1,1778650301883,江苏,5298048999621947,2505150677,红绸锦衣随步皱,f,https://m.weibo.cn/u/2505150677?launchid=10000360-page_H5,"https://tva3.sinaimg.cn/crop.0.0.720.720.180/955190d5jw8eqn1ll90f8j20k00k00tv.jpg?KID=imgbed,tva&Expires=1778661101&ssig=r8XjN1O%2Fak",search_comments_2026-05-13.csv,search_comment,你说在点上了,True,False
5297545580646169,1778545553,2026-05-12 00:25:53+08:00,5297545333180118,我去原来是一路北伐,35,1507,1778650325724,四川,5297545580646169,2423325250,荷兰豆本豆豆荷,f,https://m.weibo.cn/u/2423325250?launchid=10000360-page_H5,"https://tvax1.sinaimg.cn/crop.0.0.1024.1024.180/90710242ly8i795fmtrfjj20sg0sgtbv.jpg?KID=imgbed,tva&Expires=1778661125&ssig=RLD8BxfpWG",search_comments_2026-05-13.csv,search_comment,我去原来是一路北伐,True,False
5297551139668319,1778546877,2026-05-12 00:47:57+08:00,5297545333180118,真的特别好看！希望有更多人到影院支持,0,8,1778650325729,广东,5297551139668319,7943563568,MoonlightFragment,f,https://m.weibo.cn/u/7943563568?launchid=10000360-page_H5,"https://tvax2.sinaimg.cn/crop.0.0.960.960.180/008FAnL2ly8ht43uvpyiqj30qo0qomy1.jpg?KID=imgbed,tva&Expires=1778661125&ssig=1oGthHQi85",search_comments_2026-05-13.csv,search_comment,真的特别好看希望有更多人到影院支持,True,False
5297546417406065,1778545751,2026-05-12 00:29:11+08:00,5297545333180118,我会等全部变成粉色的那一天,6,608,1778650325744,四川,5297546417406065,6556699186,守法周市民,f,https://m.weibo.cn/u/6556699186?launchid=10000360-page_H5,"https://tvax4.sinaimg.cn/crop.0.0.828.828.180/0079JeYGly8gfbkhout56j30n00n03zt.jpg?KID=imgbed,tva&Expires=1778661125&ssig=fg9jhlMZ%2FL",search_comments_2026-05-13.csv,search_comment,我会等全部变成粉色的那一天,True,False
5298087350504169,1778674721,2026-05-13 12:18:41+08:00,5298086943394417,一封封情书  藏着他没说出口的爱和遗憾  原来他从来都没忘记过和她的约定,0,1,1778650332107,湖北,5298087350504169,1761831652,娱夭夭,f,https://m.weibo.cn/u/1761831652?launchid=10000360-page_H5,"https://tvax3.sinaimg.cn/crop.0.1.1080.1080.180/9e18495ely8i5b6gsdb3pj20u00u0n0r.jpg?KID=imgbed,tva&Expires=1778661132&ssig=WDMDTdjkuZ",search_comments_2026-05-13.csv,search_comment,一封封情书  藏着他没说出口的爱和遗憾  原来他从来都没忘记过和她的约定,True,False
5298088606436243,1778675020,2026-05-13 12:23:40+08:00,5298086943394417,这个剧真的好看。,0,0,1778650332118,四川,5298088606436243,1878371081,时尚小夭,f,https://m.weibo.cn/u/1878371081?launchid=10000360-page_H5,"https://tvax2.sinaimg.cn/crop.0.0.1021.1021.180/6ff5ab09ly8hwobosss25j20sd0sddha.jpg?KID=imgbed,tva&Expires=1778661132&ssig=0jznKmuIRC",search_comments_2026-05-13.csv,search_comment,这个剧真的好看,True,False
5298067638062329,1778670021,2026-05-13 11:00:21+08:00,5298067441192051,你觉得给阿嬷的情书好看吗,2,1,1778650338533,江苏,5298067638062329,3972623079,半截诗断在我的血骨里,m,https://m.weibo.cn/u/3972623079?launchid=10000360-page_H5,"https://tvax3.sinaimg.cn/crop.0.1.1078.1078.180/ecc96ae7ly8id3n53cy83j20ty0u0q67.jpg?KID=imgbed,tva&Expires=1778661138&ssig=MPl4UApT0b",search_comments_2026-05-13.csv,search_comment,你觉得给阿嬷的情书好看吗,True,False
5298070805021739,1778670776,2026-05-13 11:12:56+08:00,5298067441192051,居然还没有看,1,1,1778650338536,北京,5298070805021739,7336975992,俺是王铁锤,f,https://m.weibo.cn/u/7336975992?launchid=10000360-page_H5,"https://tvax4.sinaimg.cn/crop.0.0.1080.1080.180/0080xcCsly8i09ubtv1dqj30u00u0tc5.jpg?KID=imgbed,tva&Expires=1778661138&ssig=KsQOpkBXb0",search_comments_2026-05-13.csv,search_comment,居然还没有看,True,False
5298069740719475,1778670522,2026-05-13 11:08:42+08:00,5298067441192051,这个电影真的好看强烈推荐，看完之后给我哭的，真的很需要这样的好电影,1,2,1778650338538,新疆,5298069740719475,7879075457,珂卜珂艺,f,https://m.weibo.cn/u/7879075457?launchid=10000360-page_H5,"https://tvax4.sinaimg.cn/crop.0.0.864.864.180/008BdNsdly8iczgwlabsdj30o00o0jsi.jpg?KID=imgbed,tva&Expires=1778661138&ssig=Aold1Wo%2BOz",search_comments_2026-05-13.csv,search_comment,这个电影真的好看强烈推荐看完之后给我哭的真的很需要这样的好电影,True,False
5297728831623286,1778589243,2026-05-12 12:34:03+08:00,5297728557158110,《给阿嬷的情书》导演蓝鸿春写道，这是“一封写给所有海外侨胞、写给家国故土的情书，更是对华夏儿女精神血脉的深情礼赞”。“情书”中写着——敬良知，敬坚韧，敬情义，敬散落四方却从未断裂的血脉，也敬每一位在时代洪流中心怀故土、有情有义的中华儿女。,0,6,1778650344938,,5297728831623286,1700720163,钱江晚报,m,https://m.weibo.cn/u/1700720163?launchid=10000360-page_H5,"https://tvax4.sinaimg.cn/crop.0.0.1080.1080.180/001R630nly1h8vgflxzq4j60u00u0t9p02.jpg?KID=imgbed,tva&Expires=1778661145&ssig=xJaHUgPOpn",search_comments_2026-05-13.csv,search_comment,给阿嬷的情书导演蓝鸿春写道这是一封写给所有海外侨胞写给家国故土的情书更是对华夏儿女精神血脉的深情礼赞情书中写着敬良知敬坚韧敬情义敬散落四方却从未断裂的血脉也敬每一位在时代洪流中心怀故土有情有义的中华儿女,True,False
5297729718977994,1778589455,2026-05-12 12:37:35+08:00,5297728557158110,平淡叙事里满是温柔与感动，后劲真的太大了,0,5,1778650344945,浙江,5297729718977994,1830748392,开奔驰的大妞,f,https://m.weibo.cn/u/1830748392?launchid=10000360-page_H5,"https://tva1.sinaimg.cn/crop.0.0.180.180.180/6d1f00e8jw1e8qgp5bmzyj2050050aa8.jpg?KID=imgbed,tva&Expires=1778661145&ssig=o9eqfA3mrE",search_comments_2026-05-13.csv,search_comment,平淡叙事里满是温柔与感动后劲真的太大了,True,False
5297730114814131,1778589548,2026-05-12 12:39:08+08:00,5297728557158110,人们需要更多这样的游戏作品,0,1,1778650344949,浙江,5297730114814131,7820212830,葡萄的黑暗照片,m,https://m.weibo.cn/u/7820212830?launchid=10000360-page_H5,"https://tvax4.sinaimg.cn/crop.0.0.1080.1080.180/008xeOB0ly8haw03u27ixj30u00u0ju0.jpg?KID=imgbed,tva&Expires=1778661145&ssig=%2Fmnsvig4mL",search_comments_2026-05-13.csv,search_comment,人们需要更多这样的游戏作品,True,False
5298073112674476,1778671325,2026-05-13 11:22:05+08:00,5298065821926147,这个感觉挺不错的,1,0,1778650351402,福建,5298073112674476,7874454388,忻月的故事,f,https://m.weibo.cn/u/7874454388?launchid=10000360-page_H5,"https://tvax1.sinaimg.cn/crop.0.1.1078.1078.180/008AUpiQly8ibpbl5hznwj30ty0u0ju7.jpg?KID=imgbed,tva&Expires=1778661151&ssig=WV86kGeUhM",search_comments_2026-05-13.csv,search_comment,这个感觉挺不错的,True,False
5298070662417171,1778670742,2026-05-13 11:12:22+08:00,5298065821926147,这是电影吗？,1,0,1778650351406,浙江,5298070662417171,1842260427,番茄和小贝贝,f,https://m.weibo.cn/u/1842260427?launchid=10000360-page_H5,"https://tvax2.sinaimg.cn/crop.0.0.1068.1068.180/6dcea9cbly8hwq8zous92j20to0tojsw.jpg?KID=imgbed,tva&Expires=1778661151&ssig=ydl9d%2FLUVB",search_comments_2026-05-13.csv,search_comment,这是电影吗,True,False
5298068678772957,1778670269,2026-05-13 11:04:29+08:00,5298065821926147,这好看吗去看看,0,0,1778650351409,吉林,5298068678772957,7893571270,花期电子刊,f,https://m.weibo.cn/u/7893571270?launchid=10000360-page_H5,"https://tvax3.sinaimg.cn/crop.0.0.1080.1080.180/008CcCtEly8ici68xdz2yj30u00u0jsl.jpg?KID=imgbed,tva&Expires=1778661151&ssig=9YCNY566zR",search_comments_2026-05-13.csv,search_comment,这好看吗去看看,True,False
5298088759527814,1778675057,2026-05-13 12:24:17+08:00,5298086406523924,好的作品值得被更多人看见 ,5,11,1778650358072,河北,5298088759527814,6436645824,小夏念夏,f,https://m.weibo.cn/u/6436645824?launchid=10000360-page_H5,"https://tvax1.sinaimg.cn/crop.0.0.1080.1080.180/0071BvC8ly8icrg1iu4zfj30u00u0jxh.jpg?KID=imgbed,tva&Expires=1778661158&ssig=%2FyCi7Xai%2Bz",search_comments_2026-05-13.csv,search_comment,好的作品值得被更多人看见 ,True,False
5298088252016793,1778674936,2026-05-13 12:22:16+08:00,5298086406523924,这样的电影值得被更多的人看到,7,13,1778650358077,湖北,5298088252016793,5281802079,XYQ潇洒哥,m,https://m.weibo.cn/u/5281802079?launchid=10000360-page_H5,"https://tvax4.sinaimg.cn/crop.0.0.828.828.180/005LrU07ly8hsoh5s6fx6j30n00n0q3s.jpg?KID=imgbed,tva&Expires=1778661158&ssig=13s6INbcCF",search_comments_2026-05-13.csv,search_comment,这样的电影值得被更多的人看到,True,False
5298086582684522,1778674538,2026-05-13 12:15:38+08:00,5298082649737364,工夫茶为什么能成为潮汕人的文化精神内核？@千问,1,0,1778650364559,四川,5298086582684522,5443772282,嘻嘻鱼和三喵,f,https://m.weibo.cn/u/5443772282?launchid=10000360-page_H5,"https://tvax2.sinaimg.cn/crop.0.0.1080.1080.180/005WpvQKly8ibigcwh3ezj30u00u0whu.jpg?KID=imgbed,tva&Expires=1778661164&ssig=xaJhDOyZVj",search_comments_2026-05-13.csv,search_comment,工夫茶为什么能成为潮汕人的文化精神内核,True,False
5298069212235868,1778670396,2026-05-13 11:06:36+08:00,5298067806093317,不管交不交芯，谈谈总归是好的,5,5,1778650422201,四川,5298069212235868,7344393214,Zeus_1203,m,https://m.weibo.cn/u/7344393214?launchid=10000360-page_H5,"https://tvax3.sinaimg.cn/crop.0.60.1080.1080.180/00812kb4ly8i62wqsiqcfj30u00xcq55.jpg?KID=imgbed,tva&Expires=1778661222&ssig=1rzJPnTBI6",search_comments_2026-05-13.csv,search_comment,不管交不交芯谈谈总归是好的,True,False
5298077415508984,1778672352,2026-05-13 11:39:12+08:00,5298067806093317,川建国，你要不要蒜苔,2,9,1778650422212,湖北,5298077415508984,7375297398,我是孙大圣的师傅,m,https://m.weibo.cn/u/7375297398?launchid=10000360-page_H5,"https://tvax3.sinaimg.cn/crop.0.0.1080.1080.180/00837ZLEly8gb3t0u8rczj30u00u0gp4.jpg?KID=imgbed,tva&Expires=1778661222&ssig=vGFDq6glRA",search_comments_2026-05-13.csv,search_comment,川建国你要不要蒜苔,True,False
5298087363090460,1778674724,2026-05-13 12:18:44+08:00,5298067806093317,两夫妻偶尔闹矛盾也很理解,6,1,1778650422222,上海,5298087363090460,2252020911,可爱的阿福地盘,m,https://m.weibo.cn/u/2252020911?launchid=10000360-page_H5,"https://tvax2.sinaimg.cn/crop.0.0.1080.1080.180/863b1cafly8hl2e099yc7j20u00u0ael.jpg?KID=imgbed,tva&Expires=1778661222&ssig=SnKfd2smSd",search_comments_2026-05-13.csv,search_comment,两夫妻偶尔闹矛盾也很理解,True,False
5298083401566968,1778673779,2026-05-13 12:02:59+08:00,5298063186856859,没有意义，美国佬没有信用，全是利益和欺诈,5,165,1778650428741,山东,5298083401566968,1075351874,走自己的高速路,m,https://m.weibo.cn/u/1075351874?launchid=10000360-page_H5,"https://tva1.sinaimg.cn/crop.0.0.180.180.180/40189142jw1e8qgp5bmzyj2050050aa8.jpg?KID=imgbed,tva&Expires=1778661228&ssig=666Kyq66%2Bi",search_comments_2026-05-13.csv,search_comment,没有意义美国佬没有信用全是利益和欺诈,True,False
5298080010208097,1778672971,2026-05-13 11:49:31+08:00,5298063186856859,最好一步到位，别等老美养精蓄锐,1,31,1778650428749,广东,5298080010208097,7403435497,炽焰引擎,m,https://m.weibo.cn/u/7403435497?launchid=10000360-page_H5,"https://tvax3.sinaimg.cn/crop.0.0.500.500.180/008523LXly8i67wqm9g15j30dw0cwaba.jpg?KID=imgbed,tva&Expires=1778661228&ssig=rQ5kq4VvUF",search_comments_2026-05-13.csv,search_comment,最好一步到位别等老美养精蓄锐,True,False
5298080796378140,1778673158,2026-05-13 11:52:38+08:00,5298063186856859,就是来刷存在感的，为中期选举蓄势,0,14,1778650428758,内蒙古,5298080796378140,1756925365,伪学霸渣嘿,f,https://m.weibo.cn/u/1756925365?launchid=10000360-page_H5,"https://tvax1.sinaimg.cn/crop.0.0.600.600.180/68b88db5ly8hilz4q737nj20go0goab8.jpg?KID=imgbed,tva&Expires=1778661228&ssig=BHai%2Fknxgm",search_comments_2026-05-13.csv,search_comment,就是来刷存在感的为中期选举蓄势,True,False
5298099815714225,1778677693,2026-05-13 13:08:13+08:00,5298098735942373,他没约你吃晚饭嘛,0,9,1778650435231,湖北,5298099815714225,5083427440,holdouble,m,https://m.weibo.cn/u/5083427440?launchid=10000360-page_H5,"https://tvax2.sinaimg.cn/crop.0.0.1080.1080.180/005y1xHaly8g5nk8szhsfj30u00u00u1.jpg?KID=imgbed,tva&Expires=1778661235&ssig=MJJf3EH2XQ",search_comments_2026-05-13.csv,search_comment,他没约你吃晚饭嘛,True,False
5298098846833617,1778677462,2026-05-13 13:04:22+08:00,5298098735942373,不是说收盘后吗,0,0,1778650435245,广西,5298098846833617,5656034192,广西小散5188,f,https://m.weibo.cn/u/5656034192?launchid=10000360-page_H5,"https://tvax2.sinaimg.cn/crop.0.0.810.810.180/006aM8RWly8h2f1quojm4j30mi0miwga.jpg?KID=imgbed,tva&Expires=1778661235&ssig=6fVutNRm2V",search_comments_2026-05-13.csv,search_comment,不是说收盘后吗,True,False
5298098832410922,1778677458,2026-05-13 13:04:18+08:00,5298098735942373,我在机场等他过来,0,0,1778650435257,北京,5298098832410922,7975334839,_Birds,m,https://m.weibo.cn/u/7975334839?launchid=10000360-page_H5,"https://tvax2.sinaimg.cn/crop.0.0.1080.1080.180/008HJGUTly8ic1q411i8vj30u00u0tac.jpg?KID=imgbed,tva&Expires=1778661235&ssig=IqDFdK672b",search_comments_2026-05-13.csv,search_comment,我在机场等他过来,True,False
5298092022960111,1778675835,2026-05-13 12:37:15+08:00,5298085811980015,中美双边贸易关系会进入一个稳定期，股市看好,0,2,1778650441654,美国,5298092022960111,3176804502,美国创业者,m,https://m.weibo.cn/u/3176804502?launchid=10000360-page_H5,"https://tvax2.sinaimg.cn/crop.0.0.750.750.180/bd5a3096ly8gdi8gsioo3j20ku0kugn6.jpg?KID=imgbed,tva&Expires=1778661241&ssig=2%2FfaQHJJRa",search_comments_2026-05-13.csv,search_comment,中美双边贸易关系会进入一个稳定期股市看好,True,False
5298086445322019,1778674505,2026-05-13 12:15:05+08:00,5298085811980015,因为黄仁勋在最后时刻上机了,1,3,1778650441659,浙江,5298086445322019,1274102381,斯武,m,https://m.weibo.cn/u/1274102381?launchid=10000360-page_H5,"https://tvax1.sinaimg.cn/crop.0.0.1080.1080.180/4bf1426dly8hvjevd24i1j20u00u0gpc.jpg?KID=imgbed,tva&Expires=1778661241&ssig=iRXSchkmQA",search_comments_2026-05-13.csv,search_comment,因为黄仁勋在最后时刻上机了,True,False
5298087448807340,1778674744,2026-05-13 12:19:04+08:00,5298085811980015,轨交设备出口疯涨，同属高铁涨价范畴,0,1,1778650441663,内蒙古,5298087448807340,7920955859,阿涛H333,m,https://m.weibo.cn/u/7920955859?launchid=10000360-page_H5,"https://tvax4.sinaimg.cn/crop.0.0.892.892.180/008E3wszly8hpribkxd8xj30os0ostba.jpg?KID=imgbed,tva&Expires=1778661241&ssig=cdCrypUvNU",search_comments_2026-05-13.csv,search_comment,轨交设备出口疯涨同属高铁涨价范畴,True,False
5298106015154762,1778679171,2026-05-13 13:32:51+08:00,5298097471359799,英伟达的芯片就是不错,0,0,1778650481609,陕西,5298106015154762,1677851997,财八仙,f,https://m.weibo.cn/u/1677851997?launchid=10000360-page_H5,"https://tvax4.sinaimg.cn/crop.0.0.1080.1080.180/6401fd5dly8i7r0sp06qvj20u00u0ta0.jpg?KID=imgbed,tva&Expires=1778661281&ssig=edwJlOIVBs",search_comments_2026-05-13.csv,search_comment,英伟达的芯片就是不错,True,False
5298104966579791,1778678921,2026-05-13 13:28:41+08:00,5298104108846943,最佳专辑制作人必须蔡依林,0,4,1778650623245,海南,5298104966579791,1785014393,咕噜噜的私人用地,f,https://m.weibo.cn/u/1785014393?launchid=10000360-page_H5,"https://tvax1.sinaimg.cn/crop.0.0.1080.1080.180/6a652879ly8ibc2rsljuwj20u00u044z.jpg?KID=imgbed,tva&Expires=1778661423&ssig=aagCYDimmG",search_comments_2026-05-13.csv,search_comment,最佳专辑制作人必须蔡依林,True,False
5298104735631104,1778678866,2026-05-13 13:27:46+08:00,5298104108846943,恭喜这个制作人蔡依林,0,6,1778650623251,上海,5298104735631104,7067391611,Tranquilnight小妮爱心香槟杯版,f,https://m.weibo.cn/u/7067391611?launchid=10000360-page_H5,"https://tvax1.sinaimg.cn/crop.0.0.1080.1080.180/007Ii3phly8ht4mtbb036j30u00u0adf.jpg?KID=imgbed,tva&Expires=1778661423&ssig=BwePGDgV06",search_comments_2026-05-13.csv,search_comment,恭喜这个制作人蔡依林,True,False
5298104636280723,1778678842,2026-05-13 13:27:22+08:00,5298104108846943,看到了 入围了！！,0,0,1778650623256,四川,5298104636280723,1829740430,IAMTZTZTZTZ,m,https://m.weibo.cn/u/1829740430?launchid=10000360-page_H5,"https://tvax1.sinaimg.cn/crop.0.0.1080.1080.180/6d0f9f8ely8hfyl8weu3zj20u00u040m.jpg?KID=imgbed,tva&Expires=1778661423&ssig=V%2BhxJjFaYI",search_comments_2026-05-13.csv,search_comment,看到了 入围了,True,False
5298103411802654,1778678549,2026-05-13 13:22:29+08:00,5298103015966853,恭喜恭喜，最佳女歌手和专辑出了吗,1,8,1778650629698,安徽,5298103411802654,6608566644,你的依猫,f,https://m.weibo.cn/u/6608566644?launchid=10000360-page_H5,"https://tvax4.sinaimg.cn/crop.0.0.1080.1080.180/007deS4Aly8i809tkuz7ej30u00u0gpc.jpg?KID=imgbed,tva&Expires=1778661429&ssig=KOFbKqWCnh",search_comments_2026-05-13.csv,search_comment,恭喜恭喜最佳女歌手和专辑出了吗,True,False
5298103942907216,1778678677,2026-05-13 13:24:37+08:00,5298103015966853,？？竟然报了，那常石磊竟然没入围编曲，珠玉没入围词吗,0,0,1778650629704,湖南,5298103942907216,5260561558,clearfck,m,https://m.weibo.cn/u/5260561558?launchid=10000360-page_H5,"https://tvax2.sinaimg.cn/crop.10.0.492.492.180/005K0Mn4ly8fetai9uxp9j30e80do0t4.jpg?KID=imgbed,tva&Expires=1778661429&ssig=9YSSiDcaH3",search_comments_2026-05-13.csv,search_comment,竟然报了那常石磊竟然没入围编曲珠玉没入围词吗,True,False
5298103600808291,1778678594,2026-05-13 13:23:14+08:00,5298103015966853,金曲奖提名出来了吗,0,0,1778650629710,浙江,5298103600808291,5623072135,别怪音符升花繁_,f,https://m.weibo.cn/u/5623072135?launchid=10000360-page_H5,"https://tvax2.sinaimg.cn/crop.0.0.1080.1080.180/0068xPVRly8icqgp8s8naj30u00u0n29.jpg?KID=imgbed,tva&Expires=1778661429&ssig=f0u4CiQAh%2B",search_comments_2026-05-13.csv,search_comment,金曲奖提名出来了吗,True,False
5298070138126351,1778670616,2026-05-13 11:10:16+08:00,5298064685535102,当年《跳舞的梵谷》都没入围,14,37,1778650636180,山东,5298070138126351,2207963580,lazy森森,m,https://m.weibo.cn/u/2207963580?launchid=10000360-page_H5,"https://tva4.sinaimg.cn/crop.0.0.1200.1200.180/839ad9bcjw8emglj5yhmlj20xc0xcad7.jpg?KID=imgbed,tva&Expires=1778661436&ssig=INbQZJA7r2",search_comments_2026-05-13.csv,search_comment,当年跳舞的梵谷都没入围,True,False
5298092597314731,1778675972,2026-05-13 12:39:32+08:00,5298064685535102,单依纯是最棒的、最优秀的,0,1,1778650636186,黑龙江,5298092597314731,5391028877,---冬日暖阳---,m,https://m.weibo.cn/u/5391028877?launchid=10000360-page_H5,"https://tvax2.sinaimg.cn/crop.0.0.1080.1080.180/005SQcSFly8hz9bscgbmnj30u00u0gnt.jpg?KID=imgbed,tva&Expires=1778661436&ssig=8AyiG05nS3",search_comments_2026-05-13.csv,search_comment,单依纯是最棒的最优秀的,True,False
5298082673593071,1778673606,2026-05-13 12:00:06+08:00,5298064685535102,笑尿了，质量很好，一手没🔥吹的真艰辛,30,106,1778650636194,甘肃,5298082673593071,6877638633,看不清的盲点,m,https://m.weibo.cn/u/6877638633?launchid=10000360-page_H5,"https://tvax1.sinaimg.cn/crop.0.0.1080.1080.180/007vrRZnly8hp1pqzswm1j30u00u0q3w.jpg?KID=imgbed,tva&Expires=1778661436&ssig=rBCGJQ7oMH",search_comments_2026-05-13.csv,search_comment,笑尿了质量很好一手没吹的真艰辛,True,False
5297770635723385,1778599210,2026-05-12 15:20:10+08:00,5297770197944592,年度歌曲奖居然没有十分钟吗,15,35,1778650642699,浙江,5297770635723385,5447713621,顾昳,m,https://m.weibo.cn/u/5447713621?launchid=10000360-page_H5,"https://tvax4.sinaimg.cn/crop.0.0.480.480.180/005WG3aJly8i4o1ycw1n0j30dc0dc3yf.jpg?KID=imgbed,tva&Expires=1778661442&ssig=94sEl0w%2FUn",search_comments_2026-05-13.csv,search_comment,年度歌曲奖居然没有十分钟吗,True,False
5297771724670395,1778599470,2026-05-12 15:24:30+08:00,5297770197944592,Faye Wong 《世界赠予我的》呢,5,30,1778650642712,澳大利亚,5297771724670395,6991484041,沥青草甸,m,https://m.weibo.cn/u/6991484041?launchid=10000360-page_H5,"https://tvax4.sinaimg.cn/crop.0.0.1080.1080.180/007D9ynDly8h8ou8146xtj30u00u0q6q.jpg?KID=imgbed,tva&Expires=1778661442&ssig=sgWOkl6mcv",search_comments_2026-05-13.csv,search_comment,Faye Wong 世界赠予我的呢,True,False
5298102548564356,1778678344,2026-05-13 13:19:04+08:00,5298102353529645,恭喜纯妹妹,0,102,1778650649234,上海,5298102548564356,6750523340,冷冷DustCold,m,https://m.weibo.cn/u/6750523340?launchid=10000360-page_H5,"https://tvax1.sinaimg.cn/crop.0.0.1080.1080.180/007mQvuIly8ibpcc3tcpaj30u00u0dht.jpg?KID=imgbed,tva&Expires=1778661449&ssig=c8XuXwM7o5",search_comments_2026-05-13.csv,search_comment,恭喜纯妹妹,True,False
5298102745696403,1778678391,2026-05-13 13:19:51+08:00,5298102353529645,恭喜单依纯纯妹妹,0,60,1778650649242,四川,5298102745696403,7406279699,依根烤串_蛋巡版,m,https://m.weibo.cn/u/7406279699?launchid=10000360-page_H5,"https://tvax4.sinaimg.cn/crop.0.0.1080.1080.180/0085dZGbly8ic3f5v4sq2j30u00u040b.jpg?KID=imgbed,tva&Expires=1778661449&ssig=3LNm0H2bHB",search_comments_2026-05-13.csv,search_comment,恭喜单依纯纯妹妹,True,False
5298103588489754,1778678592,2026-05-13 13:23:12+08:00,5298102353529645,MV是导演报名的，不是歌手本人，继续看看后年的项目吧,1,46,1778650649252,中国香港,5298103588489754,5241997716,Aga拿不到大满贯我就不改名,m,https://m.weibo.cn/u/5241997716?launchid=10000360-page_H5,"https://tvax4.sinaimg.cn/crop.0.0.1080.1080.180/005IKT4gly8gn9up5idjrj30u00u00v4.jpg?KID=imgbed,tva&Expires=1778661449&ssig=pyiLv6NyLB",search_comments_2026-05-13.csv,search_comment,MV是导演报名的不是歌手本人继续看看后年的项目吧,True,False
5298107115635278,1778679433,2026-05-13 13:37:13+08:00,5298107014447553,恭喜蔡依林单依纯!,0,11,1778650679018,辽宁,5298107115635278,5851283354,201Black,f,https://m.weibo.cn/u/5851283354?launchid=10000360-page_H5,"https://tvax1.sinaimg.cn/crop.0.0.1080.1080.180/006nZo5Yly8h8qgrbk14dj30u00u0gpy.jpg?KID=imgbed,tva&Expires=1778661479&ssig=cBeAA%2Fd418",search_comments_2026-05-13.csv,search_comment,恭喜蔡依林单依纯,True,False
5298107197950395,1778679453,2026-05-13 13:37:33+08:00,5298107014447553,单依纯太棒啦,0,1,1778650679028,湖南,5298107197950395,5063838694,THIEFfans丝拳假,m,https://m.weibo.cn/u/5063838694?launchid=10000360-page_H5,"https://tvax1.sinaimg.cn/crop.0.0.800.800.180/005wHlLEly8icevnm7mzpj30m80m8wfe.jpg?KID=imgbed,tva&Expires=1778661479&ssig=mmAfA6G%2FM6",search_comments_2026-05-13.csv,search_comment,单依纯太棒啦,True,False
5298107116159734,1778679433,2026-05-13 13:37:13+08:00,5298107014447553,彭佳慧是在？,0,4,1778650679035,中国香港,5298107116159734,7433533963,恶毒momo,m,https://m.weibo.cn/u/7433533963?launchid=10000360-page_H5,"https://tvax2.sinaimg.cn/crop.0.0.1080.1080.180/00874lL5ly8i64u7bzy0oj30u00u00uf.jpg?KID=imgbed,tva&Expires=1778661479&ssig=w4wG8oA3KK",search_comments_2026-05-13.csv,search_comment,彭佳慧是在,True,False
5298086754650035,1778674579,2026-05-13 12:16:19+08:00,5298084532979855,优秀的人真的是干一行行一行，这句话在谢娜身上体现得淋漓尽致,0,115,1778650696093,陕西,5298086754650035,6118929543,酷玩科技,m,https://m.weibo.cn/u/6118929543?launchid=10000360-page_H5,"https://tvax4.sinaimg.cn/crop.0.0.750.750.180/006G6p5Zly8fpq16jq8v3j30ku0kuwey.jpg?KID=imgbed,tva&Expires=1778661496&ssig=H4gypfSlSb",search_comments_2026-05-13.csv,search_comment,优秀的人真的是干一行行一行这句话在谢娜身上体现得淋漓尽致,True,False
5298086592120686,1778674540,2026-05-13 12:15:40+08:00,5298084532979855,看到大家都在夸谢娜我就放心了，证明我的审美没问题,0,86,1778650696099,福建,5298086592120686,5233064078,小美女她妈_bv0,f,https://m.weibo.cn/u/5233064078?launchid=10000360-page_H5,"https://tvax2.sinaimg.cn/crop.0.0.664.664.180/005I9p1kly8fz8u88gryhj30ig0ig40z.jpg?KID=imgbed,tva&Expires=1778661496&ssig=sLl5wtGAVM",search_comments_2026-05-13.csv,search_comment,看到大家都在夸谢娜我就放心了证明我的审美没问题,True,False
5298086593430813,1778674540,2026-05-13 12:15:40+08:00,5298084532979855,确实是被主持耽误的演员啊,0,97,1778650696107,山西,5298086593430813,2571795682,吸血贵族查斯,m,https://m.weibo.cn/u/2571795682?launchid=10000360-page_H5,"https://tva2.sinaimg.cn/crop.0.0.180.180.180/994a7ce2jw1e8qgp5bmzyj2050050aa8.jpg?KID=imgbed,tva&Expires=1778661496&ssig=v7fv8RKGDx",search_comments_2026-05-13.csv,search_comment,确实是被主持耽误的演员啊,True,False
5298100421788268,1778677836,2026-05-13 13:10:36+08:00,5298100257166342,大家看过谢娜演的戏吗,3,15,1778650702629,内蒙古,5298100421788268,7813318502,薄荷牛奶_,f,https://m.weibo.cn/u/7813318502?launchid=10000360-page_H5,"https://tvax3.sinaimg.cn/crop.0.0.1080.1080.180/008wLT4aly8i8s6sl56nfj30u00u075l.jpg?KID=imgbed,tva&Expires=1778661502&ssig=3xmTyFpTN5",search_comments_2026-05-13.csv,search_comment,大家看过谢娜演的戏吗,True,False
5298101657010253,1778678131,2026-05-13 13:15:31+08:00,5298100257166342,她唱歌其实也挺好的,1,4,1778650702640,天津,5298101657010253,1347359413,火烤小金粒,f,https://m.weibo.cn/u/1347359413?launchid=10000360-page_H5,"https://tvax1.sinaimg.cn/crop.0.0.1080.1080.180/504f12b5ly8icmuxcvoqrj20u00u0dh0.jpg?KID=imgbed,tva&Expires=1778661502&ssig=UgtMQEabYz",search_comments_2026-05-13.csv,search_comment,她唱歌其实也挺好的,True,False
5298105071438813,1778678946,2026-05-13 13:29:06+08:00,5298100257166342,原来当年这是谢娜，我小时候还以为这是黄奕。,1,3,1778650702654,内蒙古,5298105071438813,1736450153,春野奈,m,https://m.weibo.cn/u/1736450153?launchid=10000360-page_H5,"https://tvax3.sinaimg.cn/crop.0.0.1000.1000.180/67802069ly8i9lrjroecoj20rs0rs764.jpg?KID=imgbed,tva&Expires=1778661502&ssig=1Hvknsp2OQ",search_comments_2026-05-13.csv,search_comment,原来当年这是谢娜我小时候还以为这是黄奕,True,False
5298105453121401,1778679037,2026-05-13 13:30:37+08:00,5298105365038568,你看过谢娜演戏吗,2,19,1778650709166,辽宁,5298105453121401,1958143495,MnnnnnZ_,f,https://m.weibo.cn/u/1958143495?launchid=10000360-page_H5,"https://tvax1.sinaimg.cn/crop.0.0.1080.1080.180/74b6e607ly8ic8vhyxqasj20u00u040t.jpg?KID=imgbed,tva&Expires=1778661509&ssig=oy2FKld4fG",search_comments_2026-05-13.csv,search_comment,你看过谢娜演戏吗,True,False
5298105784467952,1778679115,2026-05-13 13:31:55+08:00,5298105365038568,说真的是于他的电视剧，我几乎没看，但更多的是关注于他主持这一块儿吧,1,2,1778650709171,贵州,5298105784467952,7484837891,恨与怨恨,f,https://m.weibo.cn/u/7484837891?launchid=10000360-page_H5,"https://tvax4.sinaimg.cn/crop.0.0.1080.1080.180/008axCfNly8ibc4c6iq4kj30u00u0jtz.jpg?KID=imgbed,tva&Expires=1778661509&ssig=AQTnoMB8o3",search_comments_2026-05-13.csv,search_comment,说真的是于他的电视剧我几乎没看但更多的是关注于他主持这一块儿吧,True,False
5298105704517293,1778679097,2026-05-13 13:31:37+08:00,5298105365038568,演技还是挺好的呢,1,2,1778650709176,上海,5298105704517293,6192778492,冰糖雪梨红枣枸杞茶八宝茶,f,https://m.weibo.cn/u/6192778492?launchid=10000360-page_H5,"https://tvax4.sinaimg.cn/crop.0.0.1080.1080.180/006L6gA4ly8hyisri46wqj30u00u0q6c.jpg?KID=imgbed,tva&Expires=1778661509&ssig=bkhUZWZLBj",search_comments_2026-05-13.csv,search_comment,演技还是挺好的呢,True,False
5298105444467291,1778679034,2026-05-13 13:30:34+08:00,5298103072851165,做什么都挺认真的,0,3,1778650715555,广西,5298105444467291,7540249132,如果没有结果别和我开始,m,https://m.weibo.cn/u/7540249132?launchid=10000360-page_H5,"https://tvax1.sinaimg.cn/crop.0.0.1080.1080.180/008ei7fuly8icqcjr5jbvj30u00u0abj.jpg?KID=imgbed,tva&Expires=1778661515&ssig=tLLhMEQRWz",search_comments_2026-05-13.csv,search_comment,做什么都挺认真的,True,False
5298105622988163,1778679077,2026-05-13 13:31:17+08:00,5298103072851165,太优秀了值得推荐,0,2,1778650715564,安徽,5298105622988163,7916875777,Echoll1998,f,https://m.weibo.cn/u/7916875777?launchid=10000360-page_H5,"https://tvax1.sinaimg.cn/crop.0.0.1080.1080.180/008DMp2Nly8i8pdi9mczwj30u00u077l.jpg?KID=imgbed,tva&Expires=1778661515&ssig=JnDv6fl%2Brj",search_comments_2026-05-13.csv,search_comment,太优秀了值得推荐,True,False
5298105467800528,1778679040,2026-05-13 13:30:40+08:00,5298103072851165,她是那种情感很丰富的人 我觉得很适合演戏,0,1,1778650715574,重庆,5298105467800528,7776499285,冰块融化在夹页,f,https://m.weibo.cn/u/7776499285?launchid=10000360-page_H5,"https://tvax1.sinaimg.cn/crop.0.0.1080.1080.180/008uhoHPly8id3rhj1b83j30u00u0abq.jpg?KID=imgbed,tva&Expires=1778661515&ssig=V9cMOeaPJM",search_comments_2026-05-13.csv,search_comment,她是那种情感很丰富的人 我觉得很适合演戏,True,False
5298104836556124,1778678890,2026-05-13 13:28:10+08:00,5298104052220013,大家喜欢这位马兰坡的火锅美女吗,2,3,1778650722041,四川,5298104836556124,2659731123,倔强阿芙,f,https://m.weibo.cn/u/2659731123?launchid=10000360-page_H5,"https://tvax1.sinaimg.cn/crop.0.0.1080.1080.180/9e8846b3ly8ic9mlfuh35j20u00u0mzo.jpg?KID=imgbed,tva&Expires=1778661522&ssig=Da6Gb4UWK%2F",search_comments_2026-05-13.csv,search_comment,大家喜欢这位马兰坡的火锅美女吗,True,False
5298106482035594,1778679282,2026-05-13 13:34:42+08:00,5298104052220013,确实是这样的,1,2,1778650722049,广东,5298106482035594,7952670092,激情不追星了,f,https://m.weibo.cn/u/7952670092?launchid=10000360-page_H5,"https://tvax3.sinaimg.cn/crop.0.0.500.500.180/008GcAMsly8hu63tcaphjj30dw0dw0u1.jpg?KID=imgbed,tva&Expires=1778661522&ssig=iNm7DJKEFV",search_comments_2026-05-13.csv,search_comment,确实是这样的,True,False
5298106481513003,1778679282,2026-05-13 13:34:42+08:00,5298104052220013,谢娜演技多元，主持与表演俱佳，实力认可！,1,2,1778650722058,重庆,5298106481513003,7803868016,康久久久久,m,https://m.weibo.cn/u/7803868016?launchid=10000360-page_H5,"https://tvax4.sinaimg.cn/crop.0.0.1080.1080.180/008w8eyYly8hysgp45uhgj30u00u0dhe.jpg?KID=imgbed,tva&Expires=1778661522&ssig=mdPK9Ewlqv",search_comments_2026-05-13.csv,search_comment,谢娜演技多元主持与表演俱佳实力认可,True,False
5298087308297255,1778674711,2026-05-13 12:18:31+08:00,5298080085706964,于正以前可没有那么沉默，是谣言不就早就告了,198,10815,1778650800690,上海,5298087308297255,6658467123,王嘉尔今天可爱吗,f,https://m.weibo.cn/u/6658467123?launchid=10000360-page_H5,"https://tvax3.sinaimg.cn/crop.0.0.996.996.180/007gCft1ly8gtj21ixfesj60ro0rp40502.jpg?KID=imgbed,tva&Expires=1778661600&ssig=sDBTsXYy1q",search_comments_2026-05-13.csv,search_comment,于正以前可没有那么沉默是谣言不就早就告了,True,False
5298093266569212,1778676131,2026-05-13 12:42:11+08:00,5298080085706964,知道你们想看莫离，记得预约,7,4127,1778650800697,广西,5298093266569212,7949682518,菠萝味儿的蛋挞,f,https://m.weibo.cn/u/7949682518?launchid=10000360-page_H5,"https://tvax3.sinaimg.cn/crop.0.0.1080.1080.180/008G03zMly8i92mi1c8u5j30u00u0779.jpg?KID=imgbed,tva&Expires=1778661600&ssig=SS4apz53dJ",search_comments_2026-05-13.csv,search_comment,知道你们想看莫离记得预约,True,False
5298093358324339,1778676153,2026-05-13 12:42:33+08:00,5298080085706964,期待白鹿叶璃期待白鹿莫离💙 查看图片,18,3438,1778650800703,四川,5298093358324339,6054640052,真想不出啥昵称了了了,f,https://m.weibo.cn/u/6054640052?launchid=10000360-page_H5,"https://tvax3.sinaimg.cn/crop.0.0.1080.1080.180/006BKEsIly8icw9bbpd7nj30u00u040d.jpg?KID=imgbed,tva&Expires=1778661600&ssig=emMLgsAhkQ",search_comments_2026-05-13.csv,search_comment,期待白鹿叶璃期待白鹿莫离 查看图片,True,False
5298097888690511,1778677232,2026-05-13 13:00:32+08:00,5298097483682761,期待6月播出的莫离吧,0,9,1778650807108,浙江,5298097888690511,7895054540,呀呀呀襄襄,f,https://m.weibo.cn/u/7895054540?launchid=10000360-page_H5,"https://tvax1.sinaimg.cn/crop.0.0.1080.1080.180/008CiQlmly8ia18gjbrqhj30u00u0wh7.jpg?KID=imgbed,tva&Expires=1778661607&ssig=kQsxTTJh3m",search_comments_2026-05-13.csv,search_comment,期待6月播出的莫离吧,True,False
5297799247954208,1778606031,2026-05-12 17:13:51+08:00,5297793414988701,沉舟侧畔千帆过，病树前头万木春。——刘禹锡《酬乐天扬州初逢席上见赠》以自然之景喻世事变迁，新事物终将取代旧事物，满是豁达的希望与乐观。,5,2,1778650813656,浙江,5297799247954208,7742251137,珉雾眠,f,https://m.weibo.cn/u/7742251137?launchid=10000360-page_H5,"https://tvax3.sinaimg.cn/crop.0.0.1080.1080.180/008rXHclly8iagv8g6jgvj30u00u0wgr.jpg?KID=imgbed,tva&Expires=1778661613&ssig=8X0s%2B2VcTA",search_comments_2026-05-13.csv,search_comment,沉舟侧畔千帆过病树前头万木春刘禹锡酬乐天扬州初逢席上见赠以自然之景喻世事变迁新事物终将取代旧事物满是豁达的希望与乐观,True,False
5298092490098655,1778675946,2026-05-13 12:39:06+08:00,5297793414988701,肯定是有些人看白鹿过的太顺了，羡慕了,0,2,1778650813667,陕西,5298092490098655,7974965269,安利鹿w意,f,https://m.weibo.cn/u/7974965269?launchid=10000360-page_H5,"https://tvax2.sinaimg.cn/crop.0.1.1078.1078.180/008HI8M5ly8ia4sdkk87lj30ty0u0tco.jpg?KID=imgbed,tva&Expires=1778661613&ssig=7OP%2F23j8%2BA",search_comments_2026-05-13.csv,search_comment,肯定是有些人看白鹿过的太顺了羡慕了,True,False
5297864861551117,1778621675,2026-05-12 21:34:35+08:00,5297793414988701,一没犯法，二没塌房，一下全所人把几年前的事情发出来审判，一看就是有对家在黑她,5,183,1778650813675,广东,5297864861551117,3095908443,姚珊327,f,https://m.weibo.cn/u/3095908443?launchid=10000360-page_H5,"https://tvax3.sinaimg.cn/crop.0.0.1080.1080.180/b887d05bly8g88ll8iwc8j20u00u043j.jpg?KID=imgbed,tva&Expires=1778661613&ssig=EddgigrYoR",search_comments_2026-05-13.csv,search_comment,一没犯法二没塌房一下全所人把几年前的事情发出来审判一看就是有对家在黑她,True,False
5298086243992680,1778674457,2026-05-13 12:14:17+08:00,5298085324393133,吃瓜不信瓜 来预约莫离,0,98,1778650820183,江苏,5298086243992680,1987827271,Authority-Joan,m,https://m.weibo.cn/u/1987827271?launchid=10000360-page_H5,"https://tvax2.sinaimg.cn/crop.0.0.1080.1080.180/767bd647ly8iciwr96pd4j20u00u0whn.jpg?KID=imgbed,tva&Expires=1778661620&ssig=d36BsKygq2",search_comments_2026-05-13.csv,search_comment,吃瓜不信瓜 来预约莫离,True,False
5298087325336731,1778674715,2026-05-13 12:18:35+08:00,5298085324393133,支持白鹿的一切选择、不管真的假的我硬接先来期待莫离和十周年见面会吧 查看图片,0,35,1778650820193,日本,5298087325336731,5717512762,多想在平凡的世界拥抱你_D,f,https://m.weibo.cn/u/5717512762?launchid=10000360-page_H5,"https://tvax3.sinaimg.cn/crop.0.0.1080.1080.180/006eW6fMly8ich6j3drsfj30u00u0gnm.jpg?KID=imgbed,tva&Expires=1778661620&ssig=muZJ8uVjSp",search_comments_2026-05-13.csv,search_comment,支持白鹿的一切选择不管真的假的我硬接先来期待莫离和十周年见面会吧 查看图片,True,False
5298086482020743,1778674514,2026-05-13 12:15:14+08:00,5298085324393133,吃🍉不信🍉，支持白鹿一切选择，期待白鹿新剧莫离期待叶璃,0,26,1778650820204,湖南,5298086482020743,6594284616,是月亮上的垂耳兔呀-v-,f,https://m.weibo.cn/u/6594284616?launchid=10000360-page_H5,"https://tvax4.sinaimg.cn/crop.0.0.1080.1080.180/007cgWFily8i84kd73ndwj30u00u0q59.jpg?KID=imgbed,tva&Expires=1778661620&ssig=d6LSDqsJDe",search_comments_2026-05-13.csv,search_comment,吃不信支持白鹿一切选择期待白鹿新剧莫离期待叶璃,True,False
5298089762231395,1778675296,2026-05-13 12:28:16+08:00,5298089663398773,你喜欢白鹿吗,2,10,1778650826752,广东,5298089762231395,6282284901,柠檬叶叶糖,f,https://m.weibo.cn/u/6282284901?launchid=10000360-page_H5,"https://tvax4.sinaimg.cn/crop.0.0.555.555.180/006R9PhPly8icrs8i4cuoj30ff0ffgly.jpg?KID=imgbed,tva&Expires=1778661626&ssig=CJ%2FpqrIU8f",search_comments_2026-05-13.csv,search_comment,你喜欢白鹿吗,True,False
5298097385375280,1778677113,2026-05-13 12:58:33+08:00,5298089663398773,于正不如不回呢，真的是,0,1,1778650826758,吉林,5298097385375280,1900874731,影视圈少爷,f,https://m.weibo.cn/u/1900874731?launchid=10000360-page_H5,"https://tvax2.sinaimg.cn/crop.0.0.599.599.180/714d0bebly8hi98c0ssi0j20gn0gn753.jpg?KID=imgbed,tva&Expires=1778661626&ssig=LwMeuVr7z%2B",search_comments_2026-05-13.csv,search_comment,于正不如不回呢真的是,True,False
5298092640571970,1778675982,2026-05-13 12:39:42+08:00,5298089663398773,于正少说话更好,0,2,1778650826763,辽宁,5298092640571970,6306698102,对女神心动了吗,f,https://m.weibo.cn/u/6306698102?launchid=10000360-page_H5,"https://tvax4.sinaimg.cn/crop.0.0.1080.1080.180/006SOgh8ly8ibvx4t8iu6j30u00u00un.jpg?KID=imgbed,tva&Expires=1778661626&ssig=qYNndxAR4Q",search_comments_2026-05-13.csv,search_comment,于正少说话更好,True,False
5298090881846237,1778675563,2026-05-13 12:32:43+08:00,5298090199483094,哦哦哦哦 谁管他说啥 六月来腾讯看莫离才是大事,1,18,1778650867006,重庆,5298090881846237,3680946927,璃杳吱轻舟,f,https://m.weibo.cn/u/3680946927?launchid=10000360-page_H5,"https://tvax4.sinaimg.cn/crop.0.0.1080.1080.180/db66caefly8i4451g9fs5j20u00u00w8.jpg?KID=imgbed,tva&Expires=1778661667&ssig=NG97fkzHFv",search_comments_2026-05-13.csv,search_comment,哦哦哦哦 谁管他说啥 六月来腾讯看莫离才是大事,True,False
5298091080288390,1778675610,2026-05-13 12:33:30+08:00,5298090199483094,看莫离看叶璃#白鹿叶璃#,0,7,1778650867008,福建,5298091080288390,7951681805,妍是来时鹿,f,https://m.weibo.cn/u/7951681805?launchid=10000360-page_H5,"https://tvax3.sinaimg.cn/crop.0.0.1080.1080.180/008G8rGlly8id1t798go2j30u00u00vf.jpg?KID=imgbed,tva&Expires=1778661667&ssig=%2B9Tnfy2Ubc",search_comments_2026-05-13.csv,search_comment,看莫离看叶璃,True,False
5298094356826429,1778676391,2026-05-13 12:46:31+08:00,5298090199483094,白鹿的事关你💨事六月来看莫离,1,5,1778650867011,湖南,5298094356826429,5456591107,草莓夹心酱v,f,https://m.weibo.cn/u/5456591107?launchid=10000360-page_H5,"https://tvax2.sinaimg.cn/crop.0.0.1080.1080.180/005XhiBZly8id0gikw22uj30u00u0n05.jpg?KID=imgbed,tva&Expires=1778661667&ssig=yLtPR0ScLs",search_comments_2026-05-13.csv,search_comment,白鹿的事关你事六月来看莫离,True,False
5298026214068239,1778660145,2026-05-13 08:15:45+08:00,5298025708654891,北京时间5月13日，NBA官方宣布，前NBA球员贾森·科林斯离世，终年47岁。,2,26,1778650890486,,5298026214068239,6105713761,红星新闻,f,https://m.weibo.cn/u/6105713761?launchid=10000360-page_H5,"https://tvax1.sinaimg.cn/crop.0.0.512.512.180/006FcX4dly8h8vgewp7wsj30e80e8mxd.jpg?KID=imgbed,tva&Expires=1778661690&ssig=%2BJUhmK1GbB",search_comments_2026-05-13.csv,search_comment,北京时间5月13日NBA官方宣布前NBA球员贾森科林斯离世终年47岁,True,False
5298026262038640,1778660156,2026-05-13 08:15:56+08:00,5298025708654891,北京时间5月13日，NBA孟菲斯灰熊队发布声明，球队前锋布兰登·克拉克意外离世，年仅29岁。,1,3,1778650890488,,5298026262038640,6105713761,红星新闻,f,https://m.weibo.cn/u/6105713761?launchid=10000360-page_H5,"https://tvax1.sinaimg.cn/crop.0.0.512.512.180/006FcX4dly8h8vgewp7wsj30e80e8mxd.jpg?KID=imgbed,tva&Expires=1778661690&ssig=%2BJUhmK1GbB",search_comments_2026-05-13.csv,search_comment,北京时间5月13日NBA孟菲斯灰熊队发布声明球队前锋布兰登克拉克意外离世年仅29岁,True,False
5298041946903551,1778663896,2026-05-13 09:18:16+08:00,5298025708654891,吸毒离世的，为何猛上热搜,6,72,1778650890492,广西,5298041946903551,6321582077,权律霸,m,https://m.weibo.cn/u/6321582077?launchid=10000360-page_H5,"https://tvax1.sinaimg.cn/crop.0.0.512.512.180/006TOIhfly8i2g1t6lb5ij30e80e83zp.jpg?KID=imgbed,tva&Expires=1778661690&ssig=j9cyDbkdj0",search_comments_2026-05-13.csv,search_comment,吸毒离世的为何猛上热搜,True,False
5298045747200062,1778664801,2026-05-13 09:33:21+08:00,5298021837571898,跳跳男克拉克，那段时间特猛,0,1,1778650897067,河南,5298045747200062,6134956492,与你昌在,m,https://m.weibo.cn/u/6134956492?launchid=10000360-page_H5,"https://tvax1.sinaimg.cn/crop.0.0.512.512.180/006HbEraly8fqk75y0ml2j30e80e8glp.jpg?KID=imgbed,tva&Expires=1778661697&ssig=kwV4%2FNrZGU",search_comments_2026-05-13.csv,search_comment,跳跳男克拉克那段时间特猛,True,False
5298064845704736,1778669355,2026-05-13 10:49:15+08:00,5298021837571898,对这名球员印象挺深刻，主要原因是，他的弟弟贾伦·科林斯在2011年曾到青岛男篮试训。因为那年青岛男篮到韩国进行了赛季前拉练，所以青岛球迷大多对贾伦没有太多印象。而当年，为了查询贾伦的资料，也顺便关注了他的兄弟杰森·科林斯。哪知如今再有消息，竟是这样噩耗。一路走好,0,0,1778650897075,山东,5298064845704736,1828226431,独自不同,m,https://m.weibo.cn/u/1828226431?launchid=10000360-page_H5,"https://tva4.sinaimg.cn/crop.0.0.180.180.180/6cf8857fjw1e8qgp5bmzyj2050050aa8.jpg?KID=imgbed,tva&Expires=1778661697&ssig=5bDjJyZU5P",search_comments_2026-05-13.csv,search_comment,对这名球员印象挺深刻主要原因是他的弟弟贾伦科林斯在2011年曾到青岛男篮试训因为那年青岛男篮到韩国进行了赛季前拉练所以青岛球迷大多对贾伦没有太多印象而当年为了查询贾伦的资料也顺便关注了他的兄弟杰森科林斯哪知如今再有消息竟是这样噩耗一路走好,True,False
5298048830016575,1778665537,2026-05-13 09:45:37+08:00,5298021837571898,Ea2003在篮网队，经常用他,1,2,1778650897082,广东,5298048830016575,1829564484,存毛毛的毛,m,https://m.weibo.cn/u/1829564484?launchid=10000360-page_H5,"https://tvax2.sinaimg.cn/crop.0.0.512.512.180/6d0cf044ly8hlni5d92tij20e80e8mxl.jpg?KID=imgbed,tva&Expires=1778661697&ssig=kl2PUQDsA%2F",search_comments_2026-05-13.csv,search_comment,Ea2003在篮网队经常用他,True,False
5298051967358124,1778666285,2026-05-13 09:58:05+08:00,5298049279594599,好久都没看NBA了,0,0,1778650903425,广西,5298051967358124,1654876592,才疏学浅的小才子,m,https://m.weibo.cn/u/1654876592?launchid=10000360-page_H5,"https://tvax2.sinaimg.cn/crop.0.0.1080.1080.180/62a369b0ly8hrmi1jfhp4j20u00u076z.jpg?KID=imgbed,tva&Expires=1778661703&ssig=5JdOwOt0Rg",search_comments_2026-05-13.csv,search_comment,好久都没看NBA了,True,False
5298075979481941,1778672010,2026-05-13 11:33:30+08:00,5298068813516335,29岁太可惜了，刚求婚成功却遭遇意外,0,14,1778650926492,四川,5298075979481941,7874893401,我要老四,f,https://m.weibo.cn/u/7874893401?launchid=10000360-page_H5,"https://tvax3.sinaimg.cn/crop.0.0.1080.1080.180/008AWfvHly8hxhuze4wnvj30u00u079l.jpg?KID=imgbed,tva&Expires=1778661726&ssig=S1paRp%2Fayy",search_comments_2026-05-13.csv,search_comment,29岁太可惜了刚求婚成功却遭遇意外,True,False
5298075937539126,1778672000,2026-05-13 11:33:20+08:00,5298068813516335,哇哦，真的是特别意外了，还挺年轻,0,6,1778650926493,安徽,5298075937539126,7743914656,蓝莓乳酪小蛋糕,m,https://m.weibo.cn/u/7743914656?launchid=10000360-page_H5,"https://tvax4.sinaimg.cn/crop.0.0.1080.1080.180/008s4FXily8i73n4aapyrj30u00u0djf.jpg?KID=imgbed,tva&Expires=1778661726&ssig=hIl9yBNZ3C",search_comments_2026-05-13.csv,search_comment,哇哦真的是特别意外了还挺年轻,True,False
5298076241627029,1778672072,2026-05-13 11:34:32+08:00,5298068813516335,真的很意外啊，蹲一波后续情况,0,4,1778650926495,河北,5298076241627029,7912912708,那抹微风198110,f,https://m.weibo.cn/u/7912912708?launchid=10000360-page_H5,"https://tvax4.sinaimg.cn/crop.0.0.1037.1037.180/008DvM4kly8holskhsj97j30st0stq5g.jpg?KID=imgbed,tva&Expires=1778661726&ssig=czBd4aDKdi",search_comments_2026-05-13.csv,search_comment,真的很意外啊蹲一波后续情况,True,False
5298073124475203,1778671329,2026-05-13 11:22:09+08:00,5298072613293149,祝贺雨霖铃首播4集！,0,6,1778650987347,河北,5298073124475203,7779979071,井然啦,m,https://m.weibo.cn/u/7779979071?launchid=10000360-page_H5,"https://tvax2.sinaimg.cn/crop.0.0.1080.1080.180/008uvZXply8h5642i6utgj30u00u0jsb.jpg?KID=imgbed,tva&Expires=1778661787&ssig=tAWPpwu1SS",search_comments_2026-05-13.csv,search_comment,祝贺雨霖铃首播4集,True,False
5298073014109620,1778671303,2026-05-13 11:21:43+08:00,5298072613293149,《雨淋铃》刺激追剧，尤其朝堂权谋和扫黑追凶的情节，值得期待晚上继续追,0,1,1778650987354,福建,5298073014109620,1853010794,动漫设计-520,m,https://m.weibo.cn/u/1853010794?launchid=10000360-page_H5,"https://tvax1.sinaimg.cn/crop.0.0.540.540.180/6e72b36aly8hrvqngf52ij20f00f0wfi.jpg?KID=imgbed,tva&Expires=1778661787&ssig=x%2B36oi4PFs",search_comments_2026-05-13.csv,search_comment,雨淋铃刺激追剧尤其朝堂权谋和扫黑追凶的情节值得期待晚上继续追,True,False
5298074995393417,1778671775,2026-05-13 11:29:35+08:00,5298072613293149,好期待杨洋的新剧,0,0,1778650987361,福建,5298074995393417,5829221928,爱吃碳水的芋头,f,https://m.weibo.cn/u/5829221928?launchid=10000360-page_H5,"https://tvax3.sinaimg.cn/crop.0.0.960.960.180/006muOUwly8i5edlnl0bmj30qo0qodjm.jpg?KID=imgbed,tva&Expires=1778661787&ssig=ctyzEICh9Z",search_comments_2026-05-13.csv,search_comment,好期待杨洋的新剧,True,False
5298076864742823,1778672221,2026-05-13 11:37:01+08:00,5298076517663588,已经开播了么 呜呜呜还没能看呢,3,31,1778650993726,江苏,5298076864742823,7953626085,沙美日和布,f,https://m.weibo.cn/u/7953626085?launchid=10000360-page_H5,"https://tvax4.sinaimg.cn/crop.0.0.800.800.180/008GgBtHly8ibdm0ft89vj30m80m8mxh.jpg?KID=imgbed,tva&Expires=1778661793&ssig=0Rh6Hqa6wx",search_comments_2026-05-13.csv,search_comment,已经开播了么 呜呜呜还没能看呢,True,False
5298077122430536,1778672282,2026-05-13 11:38:02+08:00,5298076517663588,雨霖铃展昭眼神戏绝了，隐忍破碎感拉满，狠狠期待！,0,4,1778650993729,黑龙江,5298077122430536,6900828206,何问山水西东,f,https://m.weibo.cn/u/6900828206?launchid=10000360-page_H5,"https://tvax4.sinaimg.cn/crop.0.0.996.996.180/007x1aEKly8gapdvoa0udj30ro0ro41v.jpg?KID=imgbed,tva&Expires=1778661793&ssig=QjSx22l3VZ",search_comments_2026-05-13.csv,search_comment,雨霖铃展昭眼神戏绝了隐忍破碎感拉满狠狠期待,True,False
5298076927396556,1778672236,2026-05-13 11:37:16+08:00,5298076517663588,这个雨霖铃的预告片也太吸引人了,0,2,1778650993731,广东,5298076927396556,6059333510,出门含根烟,m,https://m.weibo.cn/u/6059333510?launchid=10000360-page_H5,"https://tvax4.sinaimg.cn/crop.0.0.1080.1080.180/006C4lrEly8i6hm62v2akj30u00u00w1.jpg?KID=imgbed,tva&Expires=1778661793&ssig=%2F7BEbHkJLi",search_comments_2026-05-13.csv,search_comment,这个雨霖铃的预告片也太吸引人了,True,False
5298103009675935,1778678454,2026-05-13 13:20:54+08:00,5298071860942082,感谢老师来抢云包场吧,0,1,1778651000152,山东,5298103009675935,7533487907,向阳而生的美好,f,https://m.weibo.cn/u/7533487907?launchid=10000360-page_H5,"https://tvax1.sinaimg.cn/crop.0.0.1080.1080.180/008dPKltly8iap88d77ilj30u00u0tak.jpg?KID=imgbed,tva&Expires=1778661800&ssig=J4ewwYagcx",search_comments_2026-05-13.csv,search_comment,感谢老师来抢云包场吧,True,False
5298072160830824,1778671099,2026-05-13 11:18:19+08:00,5298071860942082,必须看起来呀我是很期待的,0,4,1778651000154,山东,5298072160830824,6258299090,对位鞠苯酚,f,https://m.weibo.cn/u/6258299090?launchid=10000360-page_H5,"https://tvax3.sinaimg.cn/crop.0.0.1080.1080.180/006PxbtUly8icsm20slvnj30u00u0wje.jpg?KID=imgbed,tva&Expires=1778661800&ssig=LKEr44ECMj",search_comments_2026-05-13.csv,search_comment,必须看起来呀我是很期待的,True,False
5298086434047470,1778674502,2026-05-13 12:15:02+08:00,5298086050006909,看杨洋的剧就是这样，第一遍先看脸，之后再看剧情,0,34,1778651006642,江苏,5298086434047470,5425605124,无处安放的昭猫猫,f,https://m.weibo.cn/u/5425605124?launchid=10000360-page_H5,"https://tvax3.sinaimg.cn/crop.270.0.1080.1080.180/005VbhK4ly8ibv4isxwl5j31900u016i.jpg?KID=imgbed,tva&Expires=1778661806&ssig=%2FSQVtw4BLY",search_comments_2026-05-13.csv,search_comment,看杨洋的剧就是这样第一遍先看脸之后再看剧情,True,False
5298087446708869,1778674743,2026-05-13 12:19:03+08:00,5298086050006909,看凡人修仙传就是看了好几遍总觉得这剧情怎么没见过,0,2,1778651006644,河北,5298087446708869,2835161365,月远松长,f,https://m.weibo.cn/u/2835161365?launchid=10000360-page_H5,"https://tva1.sinaimg.cn/crop.0.0.1242.1242.180/a8fd2115jw8ev8zyywk9lj20yi0yj79c.jpg?KID=imgbed,tva&Expires=1778661806&ssig=v4iKDr1OtK",search_comments_2026-05-13.csv,search_comment,看凡人修仙传就是看了好几遍总觉得这剧情怎么没见过,True,False
5298088847606977,1778675078,2026-05-13 12:24:38+08:00,5298086050006909,想当初我看凡人修仙传的时候就这样,0,2,1778651006646,重庆,5298088847606977,5435952828,嘻嘻哈哈的嗯,m,https://m.weibo.cn/u/5435952828?launchid=10000360-page_H5,"https://tvax3.sinaimg.cn/crop.0.0.1080.1080.180/005VSHEwly8i7k2amzoikj30u00u0aeg.jpg?KID=imgbed,tva&Expires=1778661806&ssig=yAcgZ2mmPp",search_comments_2026-05-13.csv,search_comment,想当初我看凡人修仙传的时候就这样,True,False
5298076195490994,1778672061,2026-05-13 11:34:21+08:00,5298075258327393,终于等到雨霖铃开播好期待呀,0,0,1778651014020,河北,5298076195490994,7894647370,性感小野猫77,f,https://m.weibo.cn/u/7894647370?launchid=10000360-page_H5,"https://tvax4.sinaimg.cn/crop.0.0.1080.1080.180/008Ch8q6ly8hlg927leq3j30u00u0jub.jpg?KID=imgbed,tva&Expires=1778661814&ssig=0VkxS9lVZn",search_comments_2026-05-13.csv,search_comment,终于等到雨霖铃开播好期待呀,True,False
5298076101385026,1778672039,2026-05-13 11:33:59+08:00,5298075258327393,哇塞！！这个可不能错过的,0,0,1778651014023,广东,5298076101385026,6430649782,JNIAN0921,m,https://m.weibo.cn/u/6430649782?launchid=10000360-page_H5,"https://tvax2.sinaimg.cn/crop.0.0.1077.1077.180/0071clLMly8gzj0bsvsxgj30tx0txwfp.jpg?KID=imgbed,tva&Expires=1778661814&ssig=1wyPwwGKLL",search_comments_2026-05-13.csv,search_comment,哇塞这个可不能错过的,True,False
5298075843169745,1778671977,2026-05-13 11:32:57+08:00,5298075258327393,可算是把今天给盼来了,0,0,1778651014024,山东,5298075843169745,6816234139,晚梨赋-,f,https://m.weibo.cn/u/6816234139?launchid=10000360-page_H5,"https://tvax2.sinaimg.cn/crop.0.0.912.912.180/007ridSjly8iclmppg732j30pc0pcac8.jpg?KID=imgbed,tva&Expires=1778661814&ssig=EpsTeeOUpk",search_comments_2026-05-13.csv,search_comment,可算是把今天给盼来了,True,False
5298104123525020,1778678720,2026-05-13 13:25:20+08:00,5298072212996954,景点有贵客,2,34,1778651065522,黑龙江,5298104123525020,3216112792,已是十年踪迹丶十年心,m,https://m.weibo.cn/u/3216112792?launchid=10000360-page_H5,"https://tvax4.sinaimg.cn/crop.0.0.512.512.180/bfb1fc98ly8h09klx7kf6j20e80e8dg8.jpg?KID=imgbed,tva&Expires=1778661865&ssig=RbqskMNzjZ",search_comments_2026-05-13.csv,search_comment,景点有贵客,True,False
5298095954593506,1778676772,2026-05-13 12:52:52+08:00,5298072212996954,总部放在北京太明智了,2,42,1778651065525,浙江,5298095954593506,7891147249,名字被h190举报了,m,https://m.weibo.cn/u/7891147249?launchid=10000360-page_H5,"https://tvax4.sinaimg.cn/crop.0.0.1080.1080.180/008C2rSxly8icx4jg8jgrj30u00u0gn2.jpg?KID=imgbed,tva&Expires=1778661865&ssig=ZHw8EhdJum",search_comments_2026-05-13.csv,search_comment,总部放在北京太明智了,True,False
5298075859948575,1778671981,2026-05-13 11:33:01+08:00,5298073278612729,黄仁勋参观有可能,5,24,1778651071921,北京,5298075859948575,7891371931,大大风子88,m,https://m.weibo.cn/u/7891371931?launchid=10000360-page_H5,"https://tvax2.sinaimg.cn/crop.0.0.1080.1080.180/008C3okrly8hkxuhhs8wcj30u00u0mzq.jpg?KID=imgbed,tva&Expires=1778661871&ssig=XoNf0PPWWH",search_comments_2026-05-13.csv,search_comment,黄仁勋参观有可能,True,False
5298106446906285,1778679274,2026-05-13 13:34:34+08:00,5298073278612729,啊川参观完，结果就是回去就制裁小米,0,0,1778651071928,天津,5298106446906285,5752870782,Slap-slsl,m,https://m.weibo.cn/u/5752870782?launchid=10000360-page_H5,"https://tvax2.sinaimg.cn/crop.0.0.400.400.180/006hksuqly8h5xecnzh99j30b40b4mxa.jpg?KID=imgbed,tva&Expires=1778661871&ssig=LtHObBSn5H",search_comments_2026-05-13.csv,search_comment,啊川参观完结果就是回去就制裁小米,True,False
5298105813827917,1778679122,2026-05-13 13:32:02+08:00,5298073278612729,高通的主业务在中国，小米又是高通最大的客户，如果小米不买高通芯片，高通立刻就破产，会不会是来洽谈小米收购高通和思科预案,0,0,1778651071932,河北,5298105813827917,5834535890,用户536956979,m,https://m.weibo.cn/u/5834535890?launchid=10000360-page_H5,"https://tvax1.sinaimg.cn/default/images/default_avatar_male_180.gif?KID=imgbed,tva&Expires=1778661871&ssig=xiiT0FvrVo",search_comments_2026-05-13.csv,search_comment,高通的主业务在中国小米又是高通最大的客户如果小米不买高通芯片高通立刻就破产会不会是来洽谈小米收购高通和思科预案,True,False
5298099381866200,1778677589,2026-05-13 13:06:29+08:00,5298098660181156,有機會體驗打卡一下,0,0,1778651078312,中国台湾,5298099381866200,6091030477,Gigi08250,f,https://m.weibo.cn/u/6091030477?launchid=10000360-page_H5,"https://tvax4.sinaimg.cn/crop.0.0.1024.1024.180/006Edlh3ly8ics7ohi6sej30sg0sgjt8.jpg?KID=imgbed,tva&Expires=1778661878&ssig=T8wAYl8w3a",search_comments_2026-05-13.csv,search_comment,有機會體驗打卡一下,True,False
5298099316855111,1778677574,2026-05-13 13:06:14+08:00,5298098660181156,暂停预约参观也挺正常啊,0,0,1778651078314,湖北,5298099316855111,7311036088,LHM超可爱,f,https://m.weibo.cn/u/7311036088?launchid=10000360-page_H5,"https://tvax3.sinaimg.cn/crop.0.0.1023.1023.180/007YMmsUly8hsoh36hmvpj30sg0sf40a.jpg?KID=imgbed,tva&Expires=1778661878&ssig=QwZvoacFt3",search_comments_2026-05-13.csv,search_comment,暂停预约参观也挺正常啊,True,False
5298099256034242,1778677559,2026-05-13 13:05:59+08:00,5298098660181156,有机会我也想去参观一下,0,0,1778651078316,湖北,5298099256034242,5281802079,XYQ潇洒哥,m,https://m.weibo.cn/u/5281802079?launchid=10000360-page_H5,"https://tvax4.sinaimg.cn/crop.0.0.828.828.180/005LrU07ly8hsoh5s6fx6j30n00n0q3s.jpg?KID=imgbed,tva&Expires=1778661878&ssig=x7kChjwEz4",search_comments_2026-05-13.csv,search_comment,有机会我也想去参观一下,True,False
5298101449393839,1778678082,2026-05-13 13:14:42+08:00,5298092117330249,你加入美国代表团就可以跟着川普去看了,0,1,1778651134366,吉林,5298101449393839,2535506980,我家枫糖是狗中吴彦祖,m,https://m.weibo.cn/u/2535506980?launchid=10000360-page_H5,"https://tvax4.sinaimg.cn/crop.0.0.996.996.180/9720c424ly8fwtg1n516fj20ro0ro780.jpg?KID=imgbed,tva&Expires=1778661934&ssig=BR9vgSwtPE",search_comments_2026-05-13.csv,search_comment,你加入美国代表团就可以跟着川普去看了,True,False
5298049882521688,1778665787,2026-05-13 09:49:47+08:00,5298046931829323,这是ss拍的视频，别传播了,0,11,1778651174639,陕西,5298049882521688,6498539505,一颗小卡喵,f,https://m.weibo.cn/u/6498539505?launchid=10000360-page_H5,"https://tvax1.sinaimg.cn/crop.0.0.619.619.180/0075NcZjly8i4yllmpa4jj30h70h7aan.jpg?KID=imgbed,tva&Expires=1778661974&ssig=N2FISyDGWK",search_comments_2026-05-13.csv,search_comment,这是ss拍的视频别传播了,True,False
5298065107848399,1778669418,2026-05-13 10:50:18+08:00,5298046931829323,别传播ss的视频,0,1,1778651174643,山东,5298065107848399,5992058644,江南-SONG予俊,f,https://m.weibo.cn/u/5992058644?launchid=10000360-page_H5,"https://tvax4.sinaimg.cn/crop.0.0.1080.1080.180/006xw4baly8ib6dgsjcx0j30u00u041o.jpg?KID=imgbed,tva&Expires=1778661974&ssig=jCODk5IA8X",search_comments_2026-05-13.csv,search_comment,别传播ss的视频,True,False
5298076260762590,1778672077,2026-05-13 11:34:37+08:00,5298075199604791,王俊凯热心宝宝,0,58,1778651181024,浙江,5298076260762590,7060297182,剧影星综,f,https://m.weibo.cn/u/7060297182?launchid=10000360-page_H5,"https://tvax1.sinaimg.cn/crop.0.0.1080.1080.180/007HOhP0ly8h282qseq09j30u00u0tbe.jpg?KID=imgbed,tva&Expires=1778661981&ssig=EtjIHkf6dq",search_comments_2026-05-13.csv,search_comment,王俊凯热心宝宝,True,False
5298075990230503,1778672012,2026-05-13 11:33:32+08:00,5298075199604791,真的好期待啊,0,0,1778651181028,山东,5298075990230503,7239630100,小于不吃鱼鱼yu,m,https://m.weibo.cn/u/7239630100?launchid=10000360-page_H5,"https://tvax4.sinaimg.cn/crop.0.0.1080.1080.180/007TWKvqly8i4ll1tjb59j30u00u0who.jpg?KID=imgbed,tva&Expires=1778661981&ssig=pfcAf4bqJn",search_comments_2026-05-13.csv,search_comment,真的好期待啊,True,False
5298076215411688,1778672066,2026-05-13 11:34:26+08:00,5298075199604791,凯哥威武，期待他秀厨艺啦😜,0,35,1778651181031,湖南,5298076215411688,2655200212,Chinese董老,m,https://m.weibo.cn/u/2655200212?launchid=10000360-page_H5,"https://tva3.sinaimg.cn/crop.0.0.640.640.180/9e4323d4jw8eomd2u8zk6j20hs0htabm.jpg?KID=imgbed,tva&Expires=1778661981&ssig=vnUCZCaXWX",search_comments_2026-05-13.csv,search_comment,凯哥威武期待他秀厨艺啦,True,False
5298062196998907,1778668724,2026-05-13 10:38:44+08:00,5298061911787759,超级期待啦,0,1,1778651187361,河北,5298062196998907,1817052662,流年似水Vera,f,https://m.weibo.cn/u/1817052662?launchid=10000360-page_H5,"https://tvax3.sinaimg.cn/crop.0.0.600.600.180/6c4e05f6ly8i4a161913mj20go0gogos.jpg?KID=imgbed,tva&Expires=1778661987&ssig=rNy47vkEEs",search_comments_2026-05-13.csv,search_comment,超级期待啦,True,False
5298064000549817,1778669154,2026-05-13 10:45:54+08:00,5298061911787759,嫁好老公多重要,0,1,1778651187367,江苏,5298064000549817,7701800350,Love留住星耀,f,https://m.weibo.cn/u/7701800350?launchid=10000360-page_H5,"https://tvax3.sinaimg.cn/crop.0.0.486.486.180/008pdY6ily8hnpodw3r9rj30di0di3zj.jpg?KID=imgbed,tva&Expires=1778661987&ssig=pivEu8m7Zi",search_comments_2026-05-13.csv,search_comment,嫁好老公多重要,True,False
5298080485739724,1778673084,2026-05-13 11:51:24+08:00,5298078015034176,搬箱子这种活交给王俊凯就OK了,0,18,1778651193747,,5298080485739724,7726566047,民生微关注,f,https://m.weibo.cn/u/7726566047?launchid=10000360-page_H5,"https://tvax3.sinaimg.cn/crop.0.0.600.600.180/008qTSN1ly8gwznxkiqo9j30go0goq4m.jpg?KID=imgbed,tva&Expires=1778661993&ssig=e9U5jh%2Bhna",search_comments_2026-05-13.csv,search_comment,搬箱子这种活交给王俊凯就OK了,True,False
5298091718608188,1778675762,2026-05-13 12:36:02+08:00,5298073816269019,可以直播，我愿意付费观看,3,62,1778651200223,北京,5298091718608188,2680684401,初夏虫子xx,f,https://m.weibo.cn/u/2680684401?launchid=10000360-page_H5,"https://tvax3.sinaimg.cn/crop.0.0.1080.1080.180/9fc7ff71ly8iam3dtanpjj20u00u0whd.jpg?KID=imgbed,tva&Expires=1778662000&ssig=Gz65u7HaUu",search_comments_2026-05-13.csv,search_comment,可以直播我愿意付费观看,True,False
5298105989990064,1778679165,2026-05-13 13:32:45+08:00,5298073816269019,再让千玺和王源飞行一期，直接起飞,0,0,1778651200226,河南,5298105989990064,6118589982,旅人小凯,f,https://m.weibo.cn/u/6118589982?launchid=10000360-page_H5,"https://tvax1.sinaimg.cn/crop.0.0.996.996.180/006G4YLcly8go1vd93wn5j30ro0rowfl.jpg?KID=imgbed,tva&Expires=1778662000&ssig=%2FbJ2eKy87r",search_comments_2026-05-13.csv,search_comment,再让千玺和王源飞行一期直接起飞,True,False
5298107245920621,1778679463,2026-05-13 13:37:43+08:00,5298073816269019,说的太对了#王俊凯 中餐厅10#  除了有强大的粉丝 还有极高的国民度以及中餐厅第二季第三季出圈的表现让路人愿意期待 想看他 未播甚至未录制已经期待值拉满了,0,22,1778651200228,山东,5298107245920621,6364387634,椰爺欧耶,f,https://m.weibo.cn/u/6364387634?launchid=10000360-page_H5,"https://tvax4.sinaimg.cn/crop.0.0.480.480.180/006WIjXsly8i1c1lp0agbj30dc0dcaa3.jpg?KID=imgbed,tva&Expires=1778662000&ssig=fVqrvCEIbM",search_comments_2026-05-13.csv,search_comment,说的太对了  除了有强大的粉丝 还有极高的国民度以及中餐厅第二季第三季出圈的表现让路人愿意期待 想看他 未播甚至未录制已经期待值拉满了,True,False
5298108166836426,1778679684,2026-05-13 13:41:24+08:00,5298078468015372,这阵容太强大了,0,0,1778651206678,河北,5298108166836426,5312163974,赏优集,m,https://m.weibo.cn/u/5312163974?launchid=10000360-page_H5,"https://tvax2.sinaimg.cn/crop.0.0.1080.1080.180/005Nviw6ly8i8rxi7ufznj30u00u042a.jpg?KID=imgbed,tva&Expires=1778662006&ssig=2TJbNdawEA",search_comments_2026-05-13.csv,search_comment,这阵容太强大了,True,False
5298107629966231,1778679556,2026-05-13 13:39:16+08:00,5298078468015372,期待这个节目,0,0,1778651206681,江苏,5298107629966231,6512317498,乳牙链-,m,https://m.weibo.cn/u/6512317498?launchid=10000360-page_H5,"https://tvax3.sinaimg.cn/crop.0.0.739.739.180/0076J1h0ly8icg2utizzbj30kj0kjaas.jpg?KID=imgbed,tva&Expires=1778662006&ssig=QuXW6vwsf7",search_comments_2026-05-13.csv,search_comment,期待这个节目,True,False
5298108918661364,1778679862,2026-05-13 13:44:22+08:00,5298078468015372,期待中餐厅播出,0,0,1778651206684,江西,5298108918661364,9057775707,吱吱唔的小麋鹿,f,https://m.weibo.cn/u/9057775707?launchid=10000360-page_H5,"https://tvax2.sinaimg.cn/crop.0.0.1080.1080.180/009SZvezly8id0w7uwjz8j30u00u040n.jpg?KID=imgbed,tva&Expires=1778662006&ssig=Izcb4PHzJc",search_comments_2026-05-13.csv,search_comment,期待中餐厅播出,True,False
5298078460412201,1778672600,2026-05-13 11:43:20+08:00,5298043916386531,5月11日，南京审计大学研究生顾某某涉嫌偷拍女生隐私事件引发关注。次日，学校通报确认事实并开除其学籍。该生此前已被国家税务总局江苏省税务局拟录用为公务员，13日税务部门回应，其录用资格问题正在处理中。查看最新戳-&gt;微博智搜,2,4,1778651276782,微博智搜AI生成,5298078460412201,7892270010,微博智搜,f,https://m.weibo.cn/u/7892270010?launchid=10000360-page_H5,"https://tvax2.sinaimg.cn/crop.0.0.1080.1080.180/008C79XAly8i5grzh416kj30u00u0t8z.jpg?KID=imgbed,tva&Expires=1778662076&ssig=hxyfz9lJyK",search_comments_2026-05-13.csv,search_comment,5月11日南京审计大学研究生顾某某涉嫌偷拍女生隐私事件引发关注次日学校通报确认事实并开除其学籍该生此前已被国家税务总局江苏省税务局拟录用为公务员13日税务部门回应其录用资格问题正在处理中查看最新戳gt微博智搜,True,False
5298044690239056,1778664550,2026-05-13 09:29:10+08:00,5298043916386531,肯定被除名，第二名做好准备吧,61,729,1778651276792,江苏,5298044690239056,1596187217,MR幺,f,https://m.weibo.cn/u/1596187217?launchid=10000360-page_H5,"https://tva4.sinaimg.cn/crop.0.0.180.180.180/5f23e251jw1e8qgp5bmzyj2050050aa8.jpg?KID=imgbed,tva&Expires=1778662076&ssig=tCjnzGT7SM",search_comments_2026-05-13.csv,search_comment,肯定被除名第二名做好准备吧,True,False
5298081174391454,1778673248,2026-05-13 11:54:08+08:00,5298077897592462,#南审偷拍男生或被拘留# #律师称江苏税务有理由拒录偷拍男生# 必须拘留，教训下,1,20,1778651283245,江苏,5298081174391454,7500672663,大雄宝宝的姐姐,f,https://m.weibo.cn/u/7500672663?launchid=10000360-page_H5,"https://tvax2.sinaimg.cn/crop.0.0.785.785.180/008bC3Blly8gn16rcxbh2j30lt0ltgn9.jpg?KID=imgbed,tva&Expires=1778662083&ssig=J7WeUJTsf%2B",search_comments_2026-05-13.csv,search_comment,  必须拘留教训下,True,False
5298081675347786,1778673368,2026-05-13 11:56:08+08:00,5298077897592462,搞不懂是啥心理,2,18,1778651283251,江苏,5298081675347786,5708143193,寒羽炊烟,m,https://m.weibo.cn/u/5708143193?launchid=10000360-page_H5,"https://tvax2.sinaimg.cn/crop.0.0.1080.1080.180/006eiMNHly8h9yybpu7jfj30u00u0n0y.jpg?KID=imgbed,tva&Expires=1778662083&ssig=1G%2FTDnOkKP",search_comments_2026-05-13.csv,search_comment,搞不懂是啥心理,True,False
5298081352385782,1778673291,2026-05-13 11:54:51+08:00,5298077897592462,#南审偷拍男生或被拘留# #律师称江苏税务有理由拒录偷拍男生# 家里人估计气死了,1,13,1778651283255,江苏,5298081352385782,1799801004,Sherry_rryy,f,https://m.weibo.cn/u/1799801004?launchid=10000360-page_H5,"https://tvax1.sinaimg.cn/crop.0.0.996.996.180/6b46c8acly8gnz4qfgfy4j20ro0rojtj.jpg?KID=imgbed,tva&Expires=1778662083&ssig=7gsy2Bitvt",search_comments_2026-05-13.csv,search_comment,  家里人估计气死了,True,False
5298098360549462,1778677345,2026-05-13 13:02:25+08:00,5298073880233859,评论区普遍主张严惩偷拍行为，认为这能树立正确社会认知（占68%），强调偷拍是严重违法而非“顽皮”，驳斥性别偏见（22%），并警示纵容可能加剧犯罪风险（10%）。多数观点指出，处罚不到位易导致问题淡化，需强化法律约束。查看最新戳-&gt;微博智搜,0,1,1778651289686,微博智搜AI生成,5298098360549462,7892270010,微博智搜,f,https://m.weibo.cn/u/7892270010?launchid=10000360-page_H5,"https://tvax2.sinaimg.cn/crop.0.0.1080.1080.180/008C79XAly8i5grzh416kj30u00u0t8z.jpg?KID=imgbed,tva&Expires=1778662089&ssig=u4K1gXP0xN",search_comments_2026-05-13.csv,search_comment,评论区普遍主张严惩偷拍行为认为这能树立正确社会认知占68强调偷拍是严重违法而非顽皮驳斥性别偏见22并警示纵容可能加剧犯罪风险10多数观点指出处罚不到位易导致问题淡化需强化法律约束查看最新戳gt微博智搜,True,False
5298074533761036,1778671665,2026-05-13 11:27:45+08:00,5298073880233859,“找个女朋友咋办都行”，邵之霆等人第一个下手的就是女朋友。,0,137,1778651289688,浙江,5298074533761036,6600577018,皮皮婷201807,f,https://m.weibo.cn/u/6600577018?launchid=10000360-page_H5,"https://tvax3.sinaimg.cn/crop.0.0.996.996.180/007cHlBEly8ft8pnr38zij30ro0romyk.jpg?KID=imgbed,tva&Expires=1778662089&ssig=j2BQXlXdvy",search_comments_2026-05-13.csv,search_comment,找个女朋友咋办都行邵之霆等人第一个下手的就是女朋友,True,False
5298075237356133,1778671833,2026-05-13 11:30:33+08:00,5298073880233859,这些评论是人发出来的？,3,151,1778651289690,广东,5298075237356133,5694480790,某小金属球,f,https://m.weibo.cn/u/5694480790?launchid=10000360-page_H5,"https://tvax2.sinaimg.cn/crop.0.0.1080.1080.180/006dnsAmly8huetahcspmj30u00u0gq8.jpg?KID=imgbed,tva&Expires=1778662089&ssig=tUs%2Bv7KLm8",search_comments_2026-05-13.csv,search_comment,这些评论是人发出来的,True,False
5298075427147199,1778671878,2026-05-13 11:31:18+08:00,5298074978354934,这样一个连做人底线都守不住的人，差点就混进了执法队伍，将来甚至可能握着执法记录仪站到公众面前。这才是让人后脊发凉的地方。,1,56,1778651296060,广东,5298075427147199,3861130273,袁者之,m,https://m.weibo.cn/u/3861130273?launchid=10000360-page_H5,"https://tvax4.sinaimg.cn/crop.0.0.1080.1080.180/e6242c21ly8ice936ruc9j20u00u0778.jpg?KID=imgbed,tva&Expires=1778662096&ssig=yCW2HQ8Ljh",search_comments_2026-05-13.csv,search_comment,这样一个连做人底线都守不住的人差点就混进了执法队伍将来甚至可能握着执法记录仪站到公众面前这才是让人后脊发凉的地方,True,False
5298077427565693,1778672355,2026-05-13 11:39:15+08:00,5298074978354934,还好露出马脚了，要不然穿上官服了那可咋办啊,2,52,1778651296063,广东,5298077427565693,6118674880,捕捉到星星的梦,f,https://m.weibo.cn/u/6118674880?launchid=10000360-page_H5,"https://tvax1.sinaimg.cn/crop.0.0.1053.1053.180/006G5kQwly8hk0c30h3uzj30t90t90w2.jpg?KID=imgbed,tva&Expires=1778662096&ssig=TVxXgxw3uR",search_comments_2026-05-13.csv,search_comment,还好露出马脚了要不然穿上官服了那可咋办啊,True,False
5298075460962536,1778671886,2026-05-13 11:31:26+08:00,5298074978354934,查一次手机相册救不了任何人，但卡住一次失德者的公职入口，可以救很多人。,1,32,1778651296066,广东,5298075460962536,3861130273,袁者之,m,https://m.weibo.cn/u/3861130273?launchid=10000360-page_H5,"https://tvax4.sinaimg.cn/crop.0.0.1080.1080.180/e6242c21ly8ice936ruc9j20u00u0778.jpg?KID=imgbed,tva&Expires=1778662096&ssig=yCW2HQ8Ljh",search_comments_2026-05-13.csv,search_comment,查一次手机相册救不了任何人但卡住一次失德者的公职入口可以救很多人,True,False
5298090720102724,1778675524,2026-05-13 12:32:04+08:00,5298086637208108,好事啊，品行不端，如何做公务员？,1,43,1778651302468,江苏,5298090720102724,5372214577,儒者1968,m,https://m.weibo.cn/u/5372214577?launchid=10000360-page_H5,"https://tvax1.sinaimg.cn/crop.0.0.600.600.180/005Rzgqdly8i9ho1gpzraj30go0gojtf.jpg?KID=imgbed,tva&Expires=1778662102&ssig=pFnTDd6uuM",search_comments_2026-05-13.csv,search_comment,好事啊品行不端如何做公务员,True,False
5298089755672837,1778675293,2026-05-13 12:28:13+08:00,5298086637208108,就应该严肃处理,0,0,1778651302471,江西,5298089755672837,3211989307,幸福的小小鸟哦,f,https://m.weibo.cn/u/3211989307?launchid=10000360-page_H5,"https://tvax2.sinaimg.cn/crop.0.0.1080.1080.180/bf73113bly8h8qiti9uh7j20u00u1gyr.jpg?KID=imgbed,tva&Expires=1778662102&ssig=qmWPYG9cbi",search_comments_2026-05-13.csv,search_comment,就应该严肃处理,True,False
5297856271355905,1778619627,2026-05-12 21:00:27+08:00,5297821737814381,这要是还能录用，那可真是滑天下之大稽…,22,1531,1778651308920,陕西,5297856271355905,6404306408,卧槽,f,https://m.weibo.cn/u/6404306408?launchid=10000360-page_H5,"https://tvax3.sinaimg.cn/crop.0.0.1080.1080.180/006ZpOEEly8ic1wgew26ij30u00u0ta9.jpg?KID=imgbed,tva&Expires=1778662108&ssig=f%2FPsJHzg7E",search_comments_2026-05-13.csv,search_comment,这要是还能录用那可真是滑天下之大稽,True,False
5297854220075917,1778619137,2026-05-12 20:52:17+08:00,5297821737814381,入职拍同事,15,644,1778651308923,海南,5297854220075917,1868547737,风一样的疯猫,f,https://m.weibo.cn/u/1868547737?launchid=10000360-page_H5,"https://tva2.sinaimg.cn/crop.0.0.180.180.180/6f5fc699jw1e8qgp5bmzyj2050050aa8.jpg?KID=imgbed,tva&Expires=1778662108&ssig=oTr6kMIUyG",search_comments_2026-05-13.csv,search_comment,入职拍同事,True,False
5297853329312775,1778618926,2026-05-12 20:48:46+08:00,5297821737814381,我去 真是神人,29,394,1778651308925,浙江,5297853329312775,5894890262,很好而且越来越好的然然,f,https://m.weibo.cn/u/5894890262?launchid=10000360-page_H5,"https://tvax2.sinaimg.cn/crop.0.0.1080.1080.180/006qWmfcly8ibed9v3ghwj30u00u0gpf.jpg?KID=imgbed,tva&Expires=1778662108&ssig=EV2LF9m8dn",search_comments_2026-05-13.csv,search_comment,我去 真是神人,True,False
5297867616947010,1778622332,2026-05-12 21:45:32+08:00,5297861195727159,这是有什么内幕？不得多查查,0,4,1778651315329,广东,5297867616947010,6435882569,8825彼岸,m,https://m.weibo.cn/u/6435882569?launchid=10000360-page_H5,"https://tvax1.sinaimg.cn/crop.0.0.1080.1080.180/0071yj3zly8h8nea6v610j30u00u0tag.jpg?KID=imgbed,tva&Expires=1778662115&ssig=qb0ygREeLl",search_comments_2026-05-13.csv,search_comment,这是有什么内幕不得多查查,True,False
5298071812444251,1778671016,2026-05-13 11:16:56+08:00,5298071576511021,小舒知道大家都已经悄悄知道啦~但咱们先默契假装不知道哦～ 还有好多好多新鲜物料即将上线，该配合我演出的宝子们懂的都懂😉,1384,59018,1778651335319,广东,5298071812444251,2233518964,舒客Saky,m,https://m.weibo.cn/u/2233518964?launchid=10000360-page_H5,"https://tvax4.sinaimg.cn/crop.0.0.600.600.180/8520cb74ly8i7ajw3t13pj20go0got9e.jpg?KID=imgbed,tva&Expires=1778662135&ssig=ZmQ8jCV%2Fnx",search_comments_2026-05-13.csv,search_comment,小舒知道大家都已经悄悄知道啦但咱们先默契假装不知道哦 还有好多好多新鲜物料即将上线该配合我演出的宝子们懂的都懂,True,False
5298071596437239,1778670965,2026-05-13 11:16:05+08:00,5298071576511021,专业口腔护理就选@舒客Saky🥳✨感谢品牌与@TF_ING穆祉丞MUA 携手，守护清新口气，解锁元气笑容每一天🎵💖🧡,26,53474,1778651335322,河北,5298071596437239,7958821787,这个香菜香香的MUA,m,https://m.weibo.cn/u/7958821787?launchid=10000360-page_H5,"https://tvax3.sinaimg.cn/crop.0.0.1080.1080.180/008GCp7lly8ic0qakbfyuj30u00u0jtq.jpg?KID=imgbed,tva&Expires=1778662135&ssig=EaTw2boMxY",search_comments_2026-05-13.csv,search_comment,专业口腔护理就选 携手守护清新口气解锁元气笑容每一天,True,False
5298071594599076,1778670963,2026-05-13 11:16:03+08:00,5298071576511021,与舒客@舒客Saky 品牌青春代言人穆祉丞@TF_ING穆祉丞MUA 携手，共赴新程，以专业护齿，伴温柔笑容，赴每一场美好之约，已做好准备，万分期待🧡💖,15,56745,1778651335324,吉林,5298071594599076,7235351419,撒野是光唯一的光,f,https://m.weibo.cn/u/7235351419?launchid=10000360-page_H5,"https://tvax4.sinaimg.cn/crop.0.0.1080.1080.180/007TENqrly8icxpxvprstj30u00u0q59.jpg?KID=imgbed,tva&Expires=1778662135&ssig=sXRHEX2TpV",search_comments_2026-05-13.csv,search_comment,与舒客 品牌青春代言人穆祉丞 携手共赴新程以专业护齿伴温柔笑容赴每一场美好之约已做好准备万分期待,True,False
5297840813245760,1778615942,2026-05-12 19:59:02+08:00,5297490219769087,评论区主要呈现三方面内容：45%的评论调侃博主预言成真，戏称其为“hzm”并表达歉意；30%聚焦代言头衔差异，强调肖战是“全球首席品牌代言人”而穆祉丞为“青春代言人”；25%的粉丝相约5月15日在京东平台购买新品，互相提醒支持代言。查看最新戳-&gt;微博智搜,0,0,1778651341757,微博智搜AI生成,5297840813245760,7892270010,微博智搜,f,https://m.weibo.cn/u/7892270010?launchid=10000360-page_H5,"https://tvax2.sinaimg.cn/crop.0.0.1080.1080.180/008C79XAly8i5grzh416kj30u00u0t8z.jpg?KID=imgbed,tva&Expires=1778662141&ssig=MYu3fQmtnD",search_comments_2026-05-13.csv,search_comment,评论区主要呈现三方面内容45的评论调侃博主预言成真戏称其为hzm并表达歉意30聚焦代言头衔差异强调肖战是全球首席品牌代言人而穆祉丞为青春代言人25的粉丝相约5月15日在京东平台购买新品互相提醒支持代言查看最新戳gt微博智搜,True,False
5297490752703618,1778532481,2026-05-11 20:48:01+08:00,5297490219769087,打错字了‼️舒客舒客舒客 查看图片,1,198,1778651341759,河南,5297490752703618,3833257554,小狗躺躺,f,https://m.weibo.cn/u/3833257554?launchid=10000360-page_H5,"https://tvax2.sinaimg.cn/crop.0.0.1080.1080.180/e47ade52ly8iczokn7oy1j20u00u0jv9.jpg?KID=imgbed,tva&Expires=1778662141&ssig=uRxwe2lSEK",search_comments_2026-05-13.csv,search_comment,打错字了舒客舒客舒客 查看图片,True,False
5297490674322375,1778532462,2026-05-11 20:47:42+08:00,5297490219769087,舒客舒客来买,0,85,1778651341760,河南,5297490674322375,3803058091,祉爱_Mua仔仔,f,https://m.weibo.cn/u/3803058091?launchid=10000360-page_H5,"https://tvax1.sinaimg.cn/crop.0.0.1080.1080.180/e2ae0fably8id1phhmagdj20u00u0goq.jpg?KID=imgbed,tva&Expires=1778662141&ssig=grkEKpCISx",search_comments_2026-05-13.csv,search_comment,舒客舒客来买,True,False
5297489408430955,1778532160,2026-05-11 20:42:40+08:00,5297467824275774,评论区聚焦三大主题：粉丝将销量视为重建偶像自信的关键（45%），强调超额购买以证明商业价值，反对理性消费（30%），并视代言为情感联结纽带（15%），整体体现用行动支持偶像的决心。继续提问戳-&gt;微博智搜,0,0,1778651348147,微博智搜AI生成,5297489408430955,7892270010,微博智搜,f,https://m.weibo.cn/u/7892270010?launchid=10000360-page_H5,"https://tvax2.sinaimg.cn/crop.0.0.1080.1080.180/008C79XAly8i5grzh416kj30u00u0t8z.jpg?KID=imgbed,tva&Expires=1778662148&ssig=G5VM5BNUz2",search_comments_2026-05-13.csv,search_comment,评论区聚焦三大主题粉丝将销量视为重建偶像自信的关键45强调超额购买以证明商业价值反对理性消费30并视代言为情感联结纽带15整体体现用行动支持偶像的决心继续提问戳gt微博智搜,True,False
5297468569027654,1778527192,2026-05-11 19:19:52+08:00,5297467824275774,除了高会读信、音乐节橙粉海、目前已经确定的舒客代言……纸团能够直接和祉丞建立情感联结的机会真的真的不多“按需购买”是讲给已经站稳脚跟、有稳定曝光的顶流粉⭕听的，我们仍需努力,1,199,1778651348148,河南,5297468569027654,3833257554,小狗躺躺,f,https://m.weibo.cn/u/3833257554?launchid=10000360-page_H5,"https://tvax2.sinaimg.cn/crop.0.0.1080.1080.180/e47ade52ly8iczokn7oy1j20u00u0jv9.jpg?KID=imgbed,tva&Expires=1778662148&ssig=pOnR7MNp4i",search_comments_2026-05-13.csv,search_comment,除了高会读信音乐节橙粉海目前已经确定的舒客代言纸团能够直接和祉丞建立情感联结的机会真的真的不多按需购买是讲给已经站稳脚跟有稳定曝光的顶流粉听的我们仍需努力,True,False
5297485113198880,1778531136,2026-05-11 20:25:36+08:00,5297483429185423,上次也是老师,1,43,1778651354530,上海,5297485113198880,8424173960,小穆梦女降临,f,https://m.weibo.cn/u/8424173960?launchid=10000360-page_H5,"https://tvax1.sinaimg.cn/crop.0.0.1080.1080.180/009c6Ytygy1ibuuj8qbwuj30u00u0goa.jpg?KID=imgbed,tva&Expires=1778662154&ssig=MMyH0OI8M2",search_comments_2026-05-13.csv,search_comment,上次也是老师,True,False
5297483666166219,1778530791,2026-05-11 20:19:51+08:00,5297483429185423,这图好好看啊,0,0,1778651354535,湖北,5297483666166219,7517848979,馒可爱的呀,m,https://m.weibo.cn/u/7517848979?launchid=10000360-page_H5,"https://tvax1.sinaimg.cn/crop.0.0.1080.1080.180/008cM7WHly8icyy4bdqdrj30u00u0add.jpg?KID=imgbed,tva&Expires=1778662154&ssig=CTte0Ln4a9",search_comments_2026-05-13.csv,search_comment,这图好好看啊,True,False
5297500686913496,1778534849,2026-05-11 21:27:29+08:00,5297483429185423,评论区主要围绕三个方向：65%的评论称赞紫色系修图展现穆祉丞清冷娇软的美貌，盛赞博主审美；25%的评论误将修图认作官方物料，惊叹后期技术逼真；10%的粉丝直接申请使用图片作头像或应援，认可“美貌是第一生产力”。整体呈现对优质二创内容的高度追...查看全部戳-&gt;微博智搜,0,1,1778651354537,微博智搜AI生成,5297500686913496,7892270010,微博智搜,f,https://m.weibo.cn/u/7892270010?launchid=10000360-page_H5,"https://tvax2.sinaimg.cn/crop.0.0.1080.1080.180/008C79XAly8i5grzh416kj30u00u0t8z.jpg?KID=imgbed,tva&Expires=1778662154&ssig=FiCE%2FLNyxD",search_comments_2026-05-13.csv,search_comment,评论区主要围绕三个方向65的评论称赞紫色系修图展现穆祉丞清冷娇软的美貌盛赞博主审美25的评论误将修图认作官方物料惊叹后期技术逼真10的粉丝直接申请使用图片作头像或应援认可美貌是第一生产力整体呈现对优质二创内容的高度追查看全部戳gt微博智搜,True,False
5297346419100673,1778498069,2026-05-11 11:14:29+08:00,5297345688243176,仅在京东！！！注意注意！！！,8,1644,1778651361018,浙江,5297346419100673,7630946194,愿祈愿愿,f,https://m.weibo.cn/u/7630946194?launchid=10000360-page_H5,"https://tvax4.sinaimg.cn/crop.0.0.1080.1080.180/008kqFHkly8ibyjgg754fj30u00u0gn1.jpg?KID=imgbed,tva&Expires=1778662161&ssig=6taA7uipjO",search_comments_2026-05-13.csv,search_comment,仅在京东注意注意,True,False
5297346342555475,1778498051,2026-05-11 11:14:11+08:00,5297345688243176,所有人来支持胖蛋新商务,10,903,1778651361019,吉林,5297346342555475,6577294836,心肝胖蛋,f,https://m.weibo.cn/u/6577294836?launchid=10000360-page_H5,"https://tvax4.sinaimg.cn/crop.0.0.1080.1080.180/007b7EQAly8icx4snwxvxj30u00u00tt.jpg?KID=imgbed,tva&Expires=1778662161&ssig=btNK8wHZUk",search_comments_2026-05-13.csv,search_comment,所有人来支持胖蛋新商务,True,False
5297346244247768,1778498026,2026-05-11 11:13:46+08:00,5297345688243176,都积极进官组开的无门槛秒切群，预算一千以上的进这个群四位数启动2 四位数启动3 首代看的是粉丝的爆发力，二代看的就是粉圈的韧性和固粉程度，在这个穆祉丞刚被大规模黑的时间点上，他未来的路我们必须全力以赴,29,701,1778651361021,陕西,5297346244247768,7812141338,佛散流光,f,https://m.weibo.cn/u/7812141338?launchid=10000360-page_H5,"https://tvax1.sinaimg.cn/crop.0.0.1080.1080.180/008wGWPEly8id1dfiavilj30u00u0770.jpg?KID=imgbed,tva&Expires=1778662161&ssig=v3OT5e97Hq",search_comments_2026-05-13.csv,search_comment,都积极进官组开的无门槛秒切群预算一千以上的进这个群四位数启动2 四位数启动3 首代看的是粉丝的爆发力二代看的就是粉圈的韧性和固粉程度在这个穆祉丞刚被大规模黑的时间点上他未来的路我们必须全力以赴,True,False
5298074983075823,1778671772,2026-05-13 11:29:32+08:00,5298071277670487,不是联盟搞事，已经晋级了,3,13,1778651427376,广东,5298074983075823,5505877746,乄落寞的奇迹丷,m,https://m.weibo.cn/u/5505877746?launchid=10000360-page_H5,"https://tvax4.sinaimg.cn/crop.0.0.1080.1080.180/0060C6jMly8icep97g7u8j30u00u0dh2.jpg?KID=imgbed,tva&Expires=1778662227&ssig=Nd9m3yCm1J",search_comments_2026-05-13.csv,search_comment,不是联盟搞事已经晋级了,True,False
5298076818609248,1778672210,2026-05-13 11:36:50+08:00,5298071277670487,只要裁判公平对待文班，比赛就有看点,0,4,1778651427380,加拿大,5298076818609248,1115649172,TSOROST,m,https://m.weibo.cn/u/1115649172?launchid=10000360-page_H5,"https://tva3.sinaimg.cn/crop.0.0.180.180.180/427f7494jw1e8qgp5bmzyj2050050aa8.jpg?KID=imgbed,tva&Expires=1778662227&ssig=meY11sidT1",search_comments_2026-05-13.csv,search_comment,只要裁判公平对待文班比赛就有看点,True,False
5298073697785019,1778671466,2026-05-13 11:24:26+08:00,5298071277670487,马刺这队实力太均衡了，板凳上的凯尔登和哈珀也好嗨猛，希望能干掉雷霆,0,3,1778651427383,湖北,5298073697785019,1909404255,李小龙猫,m,https://m.weibo.cn/u/1909404255?launchid=10000360-page_H5,"https://tva3.sinaimg.cn/crop.0.0.180.180.180/71cf325fjw1e8qgp5bmzyj2050050aa8.jpg?KID=imgbed,tva&Expires=1778662227&ssig=EdcS8eBKTt",search_comments_2026-05-13.csv,search_comment,马刺这队实力太均衡了板凳上的凯尔登和哈珀也好嗨猛希望能干掉雷霆,True,False
5298080153077607,1778673005,2026-05-13 11:50:05+08:00,5298077976236939,好久没看了，以前就看看勇士,0,0,1778651433873,广东,5298080153077607,6666572942,M李知恩M,m,https://m.weibo.cn/u/6666572942?launchid=10000360-page_H5,"https://tvax1.sinaimg.cn/crop.0.0.1080.1080.180/007haga2ly8id1z02yy90j30u00u0acc.jpg?KID=imgbed,tva&Expires=1778662233&ssig=8Vo7AJ8iNz",search_comments_2026-05-13.csv,search_comment,好久没看了以前就看看勇士,True,False
5298067775689037,1778670054,2026-05-13 11:00:54+08:00,5298065334338705,西决能不能跟雷霆战7场？！！,1,0,1778651440450,北京,5298067775689037,1869978883,LebronGoat23,m,https://m.weibo.cn/u/1869978883?launchid=10000360-page_H5,"https://tvax3.sinaimg.cn/crop.0.0.995.995.180/6f759d03ly8hyindafbemj20rn0rnmyp.jpg?KID=imgbed,tva&Expires=1778662240&ssig=B2nYABrhmb",search_comments_2026-05-13.csv,search_comment,西决能不能跟雷霆战7场,True,False
5298076492236087,1778672132,2026-05-13 11:35:32+08:00,5298065334338705,马刺这阵容深度和雷霆有的一拼，这比赛好看了,1,0,1778651440456,江西,5298076492236087,5614658306,老大还年轻,m,https://m.weibo.cn/u/5614658306?launchid=10000360-page_H5,"https://tva4.sinaimg.cn/crop.0.0.996.996.180/0067Yx6Wjw8eyms6gnykyj30ro0rojsa.jpg?KID=imgbed,tva&Expires=1778662240&ssig=LKsWTOjpSO",search_comments_2026-05-13.csv,search_comment,马刺这阵容深度和雷霆有的一拼这比赛好看了,True,False
5298106515326572,1778679290,2026-05-13 13:34:50+08:00,5298065334338705,戈贝尔转了一圈，球呢，球呢,0,0,1778651440457,广东,5298106515326572,3207908811,A青丝暮成雪,m,https://m.weibo.cn/u/3207908811?launchid=10000360-page_H5,"https://tvax3.sinaimg.cn/crop.0.0.996.996.180/bf34cdcbly8gfsu27vo0bj20ro0rojt1.jpg?KID=imgbed,tva&Expires=1778662240&ssig=VSGtmuMaCG",search_comments_2026-05-13.csv,search_comment,戈贝尔转了一圈球呢球呢,True,False
5298063174533932,1778668956,2026-05-13 10:42:36+08:00,5298062240517217,现在看来，无论东部谁脱颖而出，都是西部的一盘小菜,20,23,1778651446959,山东,5298063174533932,5704927977,彼岸-风光,m,https://m.weibo.cn/u/5704927977?launchid=10000360-page_H5,"https://tva4.sinaimg.cn/crop.0.1.750.750.180/006e5innjw8f1ook4qn3dj30ku0kwmz8.jpg?KID=imgbed,tva&Expires=1778662246&ssig=dzXpsUFS0k",search_comments_2026-05-13.csv,search_comment,现在看来无论东部谁脱颖而出都是西部的一盘小菜,True,False
5298063174538049,1778668957,2026-05-13 10:42:37+08:00,5298062240517217,狼队最高上限难道就是西决吗管理层该怎么想啊,11,5,1778651446962,广东,5298063174538049,6004375412,勒布朗十分炸裂,m,https://m.weibo.cn/u/6004375412?launchid=10000360-page_H5,"https://tvax4.sinaimg.cn/crop.0.0.720.720.180/006ylKkIly8hzyxjiexv3j30k00k0q4m.jpg?KID=imgbed,tva&Expires=1778662246&ssig=6rpdNL1Fbf",search_comments_2026-05-13.csv,search_comment,狼队最高上限难道就是西决吗管理层该怎么想啊,True,False
5298062714213801,1778668847,2026-05-13 10:40:47+08:00,5298062240517217,文班太重要了,5,2,1778651446964,山西,5298062714213801,3793982962,开是开门的开,m,https://m.weibo.cn/u/3793982962?launchid=10000360-page_H5,"https://tvax1.sinaimg.cn/crop.0.0.996.996.180/e22395f2ly8gir4l17t2wj20ro0ro3zz.jpg?KID=imgbed,tva&Expires=1778662246&ssig=U76qzduovV",search_comments_2026-05-13.csv,search_comment,文班太重要了,True,False
5298076027715758,1778672020,2026-05-13 11:33:40+08:00,5298065600939360,有两个阶段比较危险，米奇应对慢了,1,1,1778651453327,广西,5298076027715758,2083647984,clske,m,https://m.weibo.cn/u/2083647984?launchid=10000360-page_H5,"https://tva1.sinaimg.cn/crop.74.16.144.144.180/7c31f1f0gw1ed7gi3f4ppj206o06ot9h.jpg?KID=imgbed,tva&Expires=1778662253&ssig=BbD%2B9wKxGj",search_comments_2026-05-13.csv,search_comment,有两个阶段比较危险米奇应对慢了,True,False
5298069849246523,1778670548,2026-05-13 11:09:08+08:00,5298065600939360,但凡裁判正常点儿 基本都是大比分 期待第六场,0,2,1778651453332,江苏,5298069849246523,7303755898,丶朔可可丶,m,https://m.weibo.cn/u/7303755898?launchid=10000360-page_H5,"https://tvax2.sinaimg.cn/crop.0.0.687.687.180/007YhOyuly8hkh2nnyecmj30j30j3t9i.jpg?KID=imgbed,tva&Expires=1778662253&ssig=Jn6N%2BpsOKP",search_comments_2026-05-13.csv,search_comment,但凡裁判正常点儿 基本都是大比分 期待第六场,True,False
5296641888491970,1778330096,2026-05-09 12:34:56+08:00,5296641324352768,今年若夺冠比邓肯第一冠都年纪小,1,7,1778651459841,上海,5296641888491970,7935176326,伍月拉布拉多,m,https://m.weibo.cn/u/7935176326?launchid=10000360-page_H5,"https://tvax4.sinaimg.cn/crop.0.0.512.512.180/008F1bQWly8hrvb7h0v1xj30e80e80t0.jpg?KID=imgbed,tva&Expires=1778662259&ssig=WySogcaSF3",search_comments_2026-05-13.csv,search_comment,今年若夺冠比邓肯第一冠都年纪小,True,False
5296641619789793,1778330032,2026-05-09 12:33:52+08:00,5296641324352768,真狠啊。那种场上的防守威慑力太强了。,1,1,1778651459845,山西,5296641619789793,3992357564,CccccccccccBbbbbb,m,https://m.weibo.cn/u/3992357564?launchid=10000360-page_H5,"https://tvax1.sinaimg.cn/crop.0.0.512.512.180/edf68abcly8gm0bsndn6vj20e80e8dfw.jpg?KID=imgbed,tva&Expires=1778662259&ssig=T9LERelyBF",search_comments_2026-05-13.csv,search_comment,真狠啊那种场上的防守威慑力太强了,True,False
5296644255647889,1778330660,2026-05-09 12:44:20+08:00,5296641324352768,狼队各种生拉硬拽还是防不住,1,2,1778651459846,贵州,5296644255647889,5672307588,要发发发发发K,m,https://m.weibo.cn/u/5672307588?launchid=10000360-page_H5,"https://tvax4.sinaimg.cn/crop.0.0.1080.1080.180/006bSqk4ly8ho9c7rux2wj30u00u0tax.jpg?KID=imgbed,tva&Expires=1778662259&ssig=tdYzARiB98",search_comments_2026-05-13.csv,search_comment,狼队各种生拉硬拽还是防不住,True,False
5298095633993828,1778676696,2026-05-13 12:51:36+08:00,5298082302658376,帕克一直不来吗,0,0,1778651466200,广东,5298095633993828,7264535445,冰小乐xz,m,https://m.weibo.cn/u/7264535445?launchid=10000360-page_H5,"https://tvax1.sinaimg.cn/crop.0.0.132.132.180/007VDfwxly4g5fug3zcv3j303o03oa9v.jpg?KID=imgbed,tva&Expires=1778662266&ssig=o7syGosxj%2B",search_comments_2026-05-13.csv,search_comment,帕克一直不来吗,True,False
5298083832530586,1778673882,2026-05-13 12:04:42+08:00,5298082302658376,真的是宗门,0,0,1778651466207,北京,5298083832530586,7864006406,古言月兑哈哈哈哈,m,https://m.weibo.cn/u/7864006406?launchid=10000360-page_H5,"https://tvax2.sinaimg.cn/crop.0.0.1080.1080.180/008Aczj0ly8hh16jzj1mhj30u00u0myx.jpg?KID=imgbed,tva&Expires=1778662266&ssig=TFZK8BBuQp",search_comments_2026-05-13.csv,search_comment,真的是宗门,True,False
5298082897985689,1778673658,2026-05-13 12:00:58+08:00,5298082302658376,邓肯是快睡着了吗,0,0,1778651466213,上海,5298082897985689,1092756723,温室猫,m,https://m.weibo.cn/u/1092756723?launchid=10000360-page_H5,"https://tva3.sinaimg.cn/crop.0.0.180.180.180/412224f3jw1e8qgp5bmzyj2050050aa8.jpg?KID=imgbed,tva&Expires=1778662266&ssig=5bkrXSx3Zr",search_comments_2026-05-13.csv,search_comment,邓肯是快睡着了吗,True,False
5298096288567418,1778676852,2026-05-13 12:54:12+08:00,5298075615626865,还是这么猛啊,0,1,1778651472561,贵州,5298096288567418,6229540247,子渝lzy,m,https://m.weibo.cn/u/6229540247?launchid=10000360-page_H5,"https://tvax1.sinaimg.cn/crop.0.0.500.500.180/006NAvZBly8hkeayva0muj30dw0dwjs4.jpg?KID=imgbed,tva&Expires=1778662272&ssig=6J22Rbe%2FPP",search_comments_2026-05-13.csv,search_comment,还是这么猛啊,True,False
5298049397558085,1778665672,2026-05-13 09:47:52+08:00,5298047724554758,早点宣传她在浣衣局呆了八年也不会有人说她无病呻吟了身体苦就算了，嘴上说爱她的人一个都没救她，哪怕让她在浣衣局的工作轻松些都没有。,35,2152,1778651492981,福建,5298049397558085,5619449113,白菜女孩酥酥,f,https://m.weibo.cn/u/5619449113?launchid=10000360-page_H5,"https://tvax2.sinaimg.cn/crop.0.0.1080.1080.180/0068iDq1ly8i79iflvgr8j30u00u0wje.jpg?KID=imgbed,tva&Expires=1778662292&ssig=B5Y3baGddI",search_comments_2026-05-13.csv,search_comment,早点宣传她在浣衣局呆了八年也不会有人说她无病呻吟了身体苦就算了嘴上说爱她的人一个都没救她哪怕让她在浣衣局的工作轻松些都没有,True,False
5298049745946211,1778665755,2026-05-13 09:49:15+08:00,5298047724554758,都多少年了，没有新作品可以炒吗？要炒旧饭……,0,64,1778651492983,广西,5298049745946211,7436981184,闲庭散步哼小曲,m,https://m.weibo.cn/u/7436981184?launchid=10000360-page_H5,"https://tvax3.sinaimg.cn/crop.0.0.473.473.180/0087iOxqly8hxe6t70gyyj30d50d5q3r.jpg?KID=imgbed,tva&Expires=1778662292&ssig=BBh8W1OZhI",search_comments_2026-05-13.csv,search_comment,都多少年了没有新作品可以炒吗要炒旧饭,True,False
5298048948766642,1778665565,2026-05-13 09:46:05+08:00,5298047724554758,若爱不会眼看她受苦8年，若能忍下这8年，就不要说什么爱了，不过是不甘心作祟。,11,1122,1778651492984,福建,5298048948766642,5165517157,阿窯,f,https://m.weibo.cn/u/5165517157?launchid=10000360-page_H5,"https://tvax3.sinaimg.cn/crop.0.0.511.511.180/005DzYYRly8hyqdb5x5f0j30e70e70st.jpg?KID=imgbed,tva&Expires=1778662292&ssig=4ttKPdz7cu",search_comments_2026-05-13.csv,search_comment,若爱不会眼看她受苦8年若能忍下这8年就不要说什么爱了不过是不甘心作祟,True,False
5298055882475160,1778667218,2026-05-13 10:13:38+08:00,5298055102597924,待了好久哦，还以为就待了几天,1,16,1778651499408,海南,5298055882475160,7645825238,MorsetVita,f,https://m.weibo.cn/u/7645825238?launchid=10000360-page_H5,"https://tvax4.sinaimg.cn/crop.0.0.1080.1080.180/008lr6pUly8id32wm3tlyj30u00u0q84.jpg?KID=imgbed,tva&Expires=1778662299&ssig=mEAIsHs271",search_comments_2026-05-13.csv,search_comment,待了好久哦还以为就待了几天,True,False
5298056938395468,1778667470,2026-05-13 10:17:50+08:00,5298055102597924,最美好的年华和心智都被康熙给耽误了,1,21,1778651499411,湖北,5298056938395468,6027993269,转角遇到哎哎,m,https://m.weibo.cn/u/6027993269?launchid=10000360-page_H5,"https://tvax1.sinaimg.cn/crop.0.0.1080.1080.180/006zWQpTly8i5oorgu7eyj30u00u0ta6.jpg?KID=imgbed,tva&Expires=1778662299&ssig=8V3Tve2xlb",search_comments_2026-05-13.csv,search_comment,最美好的年华和心智都被康熙给耽误了,True,False
5298057097777116,1778667508,2026-05-13 10:18:28+08:00,5298055102597924,看着若曦一步步灯尽油枯真的太心疼了,1,19,1778651499413,湖北,5298057097777116,2740053272,Mr微凉,m,https://m.weibo.cn/u/2740053272?launchid=10000360-page_H5,"https://tva3.sinaimg.cn/crop.0.0.180.180.180/a351e518jw1e8qgp5bmzyj2050050aa8.jpg?KID=imgbed,tva&Expires=1778662299&ssig=s6FgxSkucc",search_comments_2026-05-13.csv,search_comment,看着若曦一步步灯尽油枯真的太心疼了,True,False
5298070908830146,1778670800,2026-05-13 11:13:20+08:00,5298056375571731,拉倒吧，要她远离直接给她安排去行宫不就行了，再不行安排去圆明园，实在不行去给太后守陵，怎么都比浣衣局好,23,86,1778651505861,湖南,5298070908830146,6507818971,风中弥生,f,https://m.weibo.cn/u/6507818971?launchid=10000360-page_H5,"https://tvax3.sinaimg.cn/crop.0.0.1068.1068.180/0076q907ly8gug3gsotovj60to0togml02.jpg?KID=imgbed,tva&Expires=1778662305&ssig=Pby4uddOzZ",search_comments_2026-05-13.csv,search_comment,拉倒吧要她远离直接给她安排去行宫不就行了再不行安排去圆明园实在不行去给太后守陵怎么都比浣衣局好,True,False
5298089504276733,1778675233,2026-05-13 12:27:13+08:00,5298056375571731,最好的马尔泰若曦@微博智搜,1,4,1778651505863,广东,5298089504276733,6400489098,小T贴贴,f,https://m.weibo.cn/u/6400489098?launchid=10000360-page_H5,"https://tvax2.sinaimg.cn/crop.0.0.512.512.180/006Z9NB8ly8hlqo8mi4i4j30e80e874n.jpg?KID=imgbed,tva&Expires=1778662305&ssig=tyLQtMFe%2Bp",search_comments_2026-05-13.csv,search_comment,最好的马尔泰若曦,True,False
5298060629905365,1778668350,2026-05-13 10:32:30+08:00,5298056375571731,洗个衣服还有那么多弯弯绕绕古代真的太残酷了,0,22,1778651505865,广东,5298060629905365,7230887853,PPorappippaam,f,https://m.weibo.cn/u/7230887853?launchid=10000360-page_H5,"https://tvax1.sinaimg.cn/crop.0.0.1080.1080.180/007Tm4frly8id2olwdqaoj30u00u0jtj.jpg?KID=imgbed,tva&Expires=1778662305&ssig=Z%2B67Ym%2Fryy",search_comments_2026-05-13.csv,search_comment,洗个衣服还有那么多弯弯绕绕古代真的太残酷了,True,False
5298072525734458,1778671185,2026-05-13 11:19:45+08:00,5298055786007753,她是不是穿越的？没看过，为什么没有金手指什么的？,9,4,1778651512248,上海,5298072525734458,6702100727,富贵一万年的富贵人,m,https://m.weibo.cn/u/6702100727?launchid=10000360-page_H5,"https://tvax1.sinaimg.cn/default/images/default_avatar_male_180.gif?KID=imgbed,tva&Expires=1778662312&ssig=NQoAryaM2p",search_comments_2026-05-13.csv,search_comment,她是不是穿越的没看过为什么没有金手指什么的,True,False
5298068635257326,1778670259,2026-05-13 11:04:19+08:00,5298055786007753,当年很喜欢看,0,3,1778651512251,上海,5298068635257326,2606504750,晚意玱玹,f,https://m.weibo.cn/u/2606504750?launchid=10000360-page_H5,"https://tvax1.sinaimg.cn/crop.0.0.1080.1080.180/9b5c1b2ely8i8m08i7c9hj20u00u0mzk.jpg?KID=imgbed,tva&Expires=1778662312&ssig=h2gtiE6xiD",search_comments_2026-05-13.csv,search_comment,当年很喜欢看,True,False
5298057257681853,1778667546,2026-05-13 10:19:06+08:00,5298055786007753,若曦真的好可怜啊,0,7,1778651512253,山西,5298057257681853,7926966442,星越的南茶猫,f,https://m.weibo.cn/u/7926966442?launchid=10000360-page_H5,"https://tvax1.sinaimg.cn/crop.0.0.1066.1066.180/008EsK5sly8hsfh7wf62ej30tm0tm42f.jpg?KID=imgbed,tva&Expires=1778662312&ssig=6Nl6f%2Bd7%2BO",search_comments_2026-05-13.csv,search_comment,若曦真的好可怜啊,True,False
5298058050929258,1778667735,2026-05-13 10:22:15+08:00,5298057386132790,青涩又真实的演绎太打动人了，这份坚持真美好！,1,2,1778651518605,AI生成内容,5298058050929258,7895995798,小太阳盛阳,m,https://m.weibo.cn/u/7895995798?launchid=10000360-page_H5,"https://tvax4.sinaimg.cn/crop.0.0.600.600.180/008CmNcWly8htxv51zsnrj30go0goab1.jpg?KID=imgbed,tva&Expires=1778662318&ssig=2ETIYT0oKd",search_comments_2026-05-13.csv,search_comment,青涩又真实的演绎太打动人了这份坚持真美好,True,False
5298073661345527,1778671457,2026-05-13 11:24:17+08:00,5298057386132790,经典啊，还想看,0,0,1778651518608,广西,5298073661345527,2453828895,瑞妈圆娘,f,https://m.weibo.cn/u/2453828895?launchid=10000360-page_H5,"https://tvax2.sinaimg.cn/crop.0.0.638.638.180/9242751fly8i6fvrzhua1j20hq0hqab0.jpg?KID=imgbed,tva&Expires=1778662318&ssig=F%2Fm2odla02",search_comments_2026-05-13.csv,search_comment,经典啊还想看,True,False
5298101826882444,1778678172,2026-05-13 13:16:12+08:00,5298057386132790,每年冬天都看,0,0,1778651518612,江苏,5298101826882444,7800631695,兰绿涨溶,f,https://m.weibo.cn/u/7800631695?launchid=10000360-page_H5,"https://tvax1.sinaimg.cn/crop.0.0.960.960.180/008vUEEfly8he1thve1nzj30qo0qotar.jpg?KID=imgbed,tva&Expires=1778662318&ssig=Yl3Jtu%2F1R5",search_comments_2026-05-13.csv,search_comment,每年冬天都看,True,False
5298081157351406,1778673244,2026-05-13 11:54:04+08:00,5298079470455039,步步惊心太火了，马尔泰若曦讨论度太高了！欢迎还没看过的朋友们都来看剧啊,0,6,1778651541440,湖南,5298081157351406,3806017792,刘诗诗的小空号,f,https://m.weibo.cn/u/3806017792?launchid=10000360-page_H5,"https://tvax3.sinaimg.cn/crop.0.0.1080.1080.180/e2db3900ly8iax609i4brj20u00u00v2.jpg?KID=imgbed,tva&Expires=1778662341&ssig=g6a7WGNYv6",search_comments_2026-05-13.csv,search_comment,步步惊心太火了马尔泰若曦讨论度太高了欢迎还没看过的朋友们都来看剧啊,True,False
5298086698029406,1778674565,2026-05-13 12:16:05+08:00,5298079470455039,经典好剧，值得一看,0,5,1778651541444,广东,5298086698029406,6400489098,小T贴贴,f,https://m.weibo.cn/u/6400489098?launchid=10000360-page_H5,"https://tvax2.sinaimg.cn/crop.0.0.512.512.180/006Z9NB8ly8hlqo8mi4i4j30e80e874n.jpg?KID=imgbed,tva&Expires=1778662341&ssig=8w%2BSWPlOq0",search_comments_2026-05-13.csv,search_comment,经典好剧值得一看,True,False
5298089696953404,1778675280,2026-05-13 12:28:00+08:00,5298079470455039,若曦看到美女眼睛在发光,0,3,1778651541448,浙江,5298089696953404,5407424649,爱笋的夜,f,https://m.weibo.cn/u/5407424649?launchid=10000360-page_H5,"https://tvax4.sinaimg.cn/crop.0.0.1080.1080.180/005TX0aBly8ib35phkjwhj30u00u0gnw.jpg?KID=imgbed,tva&Expires=1778662341&ssig=50zvpT2rAq",search_comments_2026-05-13.csv,search_comment,若曦看到美女眼睛在发光,True,False
5297882821300350,1778625957,2026-05-12 22:45:57+08:00,5297882472912129,没关系它去了喵星 变成了星星 会一直陪伴着你的抱抱,0,99,1778651588104,河北,5297882821300350,7773468503,猫柠maon,f,https://m.weibo.cn/u/7773468503?launchid=10000360-page_H5,"https://tvax2.sinaimg.cn/crop.0.0.1080.1080.180/008u4Ggfly8ibm2j1vturj30u00u0q48.jpg?KID=imgbed,tva&Expires=1778662388&ssig=tDWAw%2BJQ29",search_comments_2026-05-13.csv,search_comment,没关系它去了喵星 变成了星星 会一直陪伴着你的抱抱,True,False
5298030636957853,1778661198,2026-05-13 08:33:18+08:00,5297882472912129,RIP Mike仔只是在这个星球毕业了，回到属于他的喵星球,0,55,1778651588107,广东,5298030636957853,6060706580,CarelessWhisper106,f,https://m.weibo.cn/u/6060706580?launchid=10000360-page_H5,"https://tvax4.sinaimg.cn/crop.0.0.512.512.180/006Ca6DWly8i2cble8ydxj30e80e8mxz.jpg?KID=imgbed,tva&Expires=1778662388&ssig=KPITmLNS1j",search_comments_2026-05-13.csv,search_comment,RIP Mike仔只是在这个星球毕业了回到属于他的喵星球,True,False
5298050671050879,1778665975,2026-05-13 09:52:55+08:00,5298050580873878,你养过宠物吗,2,37,1778651594501,上海,5298050671050879,3308329317,养只胖胖胖锦鲤,f,https://m.weibo.cn/u/3308329317?launchid=10000360-page_H5,"https://tvax1.sinaimg.cn/crop.0.0.1080.1080.180/c5311965ly8iclk7ls8xxj20u00u079f.jpg?KID=imgbed,tva&Expires=1778662394&ssig=QQ%2BaFbVWtO",search_comments_2026-05-13.csv,search_comment,你养过宠物吗,True,False
5298051582531952,1778666193,2026-05-13 09:56:33+08:00,5298050580873878,养宠物的总会有那一天,0,0,1778651594505,广东,5298051582531952,1962137805,yi只猫_,f,https://m.weibo.cn/u/1962137805?launchid=10000360-page_H5,"https://tvax1.sinaimg.cn/crop.0.0.1080.1080.180/74f3d8cdly8ic39yt1m65j20u00u076d.jpg?KID=imgbed,tva&Expires=1778662394&ssig=e227gtUZNB",search_comments_2026-05-13.csv,search_comment,养宠物的总会有那一天,True,False
5298052328068935,1778666371,2026-05-13 09:59:31+08:00,5298050580873878,养过猫的人才会懂,1,4,1778651594508,马来西亚,5298052328068935,7748960765,Ghost_月野兔,f,https://m.weibo.cn/u/7748960765?launchid=10000360-page_H5,"https://tvax2.sinaimg.cn/crop.0.0.1080.1080.180/008spQG9ly8icmv08q80ij30u00u0adz.jpg?KID=imgbed,tva&Expires=1778662394&ssig=DzL7XJBwI9",search_comments_2026-05-13.csv,search_comment,养过猫的人才会懂,True,False
5298043722139786,1778664319,2026-05-13 09:25:19+08:00,5298038744812094,抱抱奶酪的小爪印，永远留在慧敏心里呢...,1,0,1778651600863,四川,5298043722139786,6512098742,彩橙橘子花,m,https://m.weibo.cn/u/6512098742?launchid=10000360-page_H5,"https://tvax2.sinaimg.cn/crop.0.0.512.512.180/0076I6mGly8i3esi2dkldj30e80e8jrv.jpg?KID=imgbed,tva&Expires=1778662400&ssig=fFXtcGcBrh",search_comments_2026-05-13.csv,search_comment,抱抱奶酪的小爪印永远留在慧敏心里呢,True,False
5298043744160815,1778664324,2026-05-13 09:25:24+08:00,5298038744812094,小猫咪我想遇到这样的主人也是开心的,1,0,1778651600868,四川,5298043744160815,1831050263,谭谭酱冲鸭,f,https://m.weibo.cn/u/1831050263?launchid=10000360-page_H5,"https://tvax2.sinaimg.cn/crop.0.17.960.960.180/6d239c17ly8i7f29utvl7j20qo0rnmz7.jpg?KID=imgbed,tva&Expires=1778662400&ssig=dHPWVqo1Cd",search_comments_2026-05-13.csv,search_comment,小猫咪我想遇到这样的主人也是开心的,True,False
5298046342529846,1778664944,2026-05-13 09:35:44+08:00,5298038744812094,好温暖的故事,1,0,1778651600872,辽宁,5298046342529846,7977265945,蜜蜜是我呀,f,https://m.weibo.cn/u/7977265945?launchid=10000360-page_H5,"https://tvax1.sinaimg.cn/crop.0.0.1080.1080.180/008HRNhLly8i641skehh5j30u00u0gn9.jpg?KID=imgbed,tva&Expires=1778662400&ssig=mwVzWN58hp",search_comments_2026-05-13.csv,search_comment,好温暖的故事,True,False
5298057757590056,1778667665,2026-05-13 10:21:05+08:00,5298057478673306,毕竟陪伴了那么久,0,2,1778651607287,广东,5298057757590056,7717651666,银杏小巷,f,https://m.weibo.cn/u/7717651666?launchid=10000360-page_H5,"https://tvax3.sinaimg.cn/crop.0.0.1080.1080.180/008qitKGly8i8u27v3yrdj30u00u0tb8.jpg?KID=imgbed,tva&Expires=1778662407&ssig=86izBWJncw",search_comments_2026-05-13.csv,search_comment,毕竟陪伴了那么久,True,False
5298059756178767,1778668142,2026-05-13 10:29:02+08:00,5298057478673306,天啊养猫人士狠狠共情了,0,1,1778651607302,福建,5298059756178767,7289616219,兔川纯子,m,https://m.weibo.cn/u/7289616219?launchid=10000360-page_H5,"https://tvax2.sinaimg.cn/crop.0.0.814.814.180/007Xkub9ly8iczjvc965rj30mm0mmdh4.jpg?KID=imgbed,tva&Expires=1778662407&ssig=fxHeHYSIfU",search_comments_2026-05-13.csv,search_comment,天啊养猫人士狠狠共情了,True,False
5298056520012570,1778667370,2026-05-13 10:16:10+08:00,5298052208264837,笑死我了，必须死,1,1,1778651613726,福建,5298056520012570,5183832194,诗的第118页,f,https://m.weibo.cn/u/5183832194?launchid=10000360-page_H5,"https://tvax4.sinaimg.cn/crop.17.0.606.606.180/005EOPyGly8id35bgocnoj30hs0gujsp.jpg?KID=imgbed,tva&Expires=1778662413&ssig=riJ7JTUlfv",search_comments_2026-05-13.csv,search_comment,笑死我了必须死,True,False
5298059110255444,1778667988,2026-05-13 10:26:28+08:00,5298052208264837,好小一只啊,1,1,1778651613730,江苏,5298059110255444,5538487605,吃货小小小饼干,f,https://m.weibo.cn/u/5538487605?launchid=10000360-page_H5,"https://tva2.sinaimg.cn/crop.133.1.621.621.180/0062OVDftw1epoaa5nhxzj30sg0lcthd.jpg?KID=imgbed,tva&Expires=1778662413&ssig=oAkJuoDxSz",search_comments_2026-05-13.csv,search_comment,好小一只啊,True,False
5298056876267087,1778667455,2026-05-13 10:17:35+08:00,5298052208264837,老鼠简直是担忧死了,1,1,1778651613734,北京,5298056876267087,2274453445,追海吹泡泡的李姨,f,https://m.weibo.cn/u/2274453445?launchid=10000360-page_H5,"https://tvax2.sinaimg.cn/crop.0.0.1080.1080.180/879167c5ly8i6f2a3p3tgj20u00u0q6k.jpg?KID=imgbed,tva&Expires=1778662413&ssig=05qK1xRRn7",search_comments_2026-05-13.csv,search_comment,老鼠简直是担忧死了,True,False
5298079219582622,1778672782,2026-05-13 11:46:22+08:00,5298061840486935,读完文字，眼眶一热。,0,0,1778651620111,河南,5298079219582622,8003494161,南巷枫林晚,f,https://m.weibo.cn/u/8003494161?launchid=10000360-page_H5,"https://tvax3.sinaimg.cn/crop.0.0.1080.1080.180/008JDQrvly8i3t0wmcnocj30u00u0djz.jpg?KID=imgbed,tva&Expires=1778662420&ssig=WYjw3m9ibw",search_comments_2026-05-13.csv,search_comment,读完文字眼眶一热,True,False
5298067335023115,1778669949,2026-05-13 10:59:09+08:00,5298061840486935,总觉得空气突然安静了不少。,0,0,1778651620115,四川,5298067335023115,3049179297,李大猪蹄子,f,https://m.weibo.cn/u/3049179297?launchid=10000360-page_H5,"https://tvax3.sinaimg.cn/crop.0.0.1080.1080.180/b5bec8a1ly8i3s9s6vnfqj20u00u0wg1.jpg?KID=imgbed,tva&Expires=1778662420&ssig=XcirSRezEG",search_comments_2026-05-13.csv,search_comment,总觉得空气突然安静了不少,True,False
5298066672587843,1778669791,2026-05-13 10:56:31+08:00,5298061840486935,这也是家人,0,0,1778651620119,江苏,5298066672587843,5538487605,吃货小小小饼干,f,https://m.weibo.cn/u/5538487605?launchid=10000360-page_H5,"https://tva2.sinaimg.cn/crop.133.1.621.621.180/0062OVDftw1epoaa5nhxzj30sg0lcthd.jpg?KID=imgbed,tva&Expires=1778662420&ssig=mRlmEyo1Zl",search_comments_2026-05-13.csv,search_comment,这也是家人,True,False
5297825711917741,1778612341,2026-05-12 18:59:01+08:00,5297818118129890,单亲爸爸失踪，孩子谁照看？,3,38,1778651690467,湖北,5297825711917741,5605767493,明123456_14123,m,https://m.weibo.cn/u/5605767493?launchid=10000360-page_H5,"https://tvax1.sinaimg.cn/default/images/default_avatar_male_180.gif?KID=imgbed,tva&Expires=1778662490&ssig=xVBTND4zj5",search_comments_2026-05-13.csv,search_comment,单亲爸爸失踪孩子谁照看,True,False
5298102284058860,1778678280,2026-05-13 13:18:00+08:00,5298100295435943,真的太让人揪心了，家里还有孩子等着，就这么失联了，想想都难受。,1,1,1778651696858,湖北,5298102284058860,7378799736,rockstar-rrrr,m,https://m.weibo.cn/u/7378799736?launchid=10000360-page_H5,"https://tvax3.sinaimg.cn/crop.0.0.1080.1080.180/0083mGSYly8icfs1acq4hj30u00u041b.jpg?KID=imgbed,tva&Expires=1778662496&ssig=JE7s%2B%2BZ02B",search_comments_2026-05-13.csv,search_comment,真的太让人揪心了家里还有孩子等着就这么失联了想想都难受,True,False
5298104859361366,1778678894,2026-05-13 13:28:14+08:00,5298100295435943,唉，不是什么地方都可以乱去的,0,1,1778651696861,河北,5298104859361366,7557788283,雨嫣-MTY,f,https://m.weibo.cn/u/7557788283?launchid=10000360-page_H5,"https://tvax2.sinaimg.cn/crop.0.0.1080.1080.180/008ftHZ1ly1i7pwm38p05j30u00u0ac6.jpg?KID=imgbed,tva&Expires=1778662496&ssig=vwip6AaB%2Fb",search_comments_2026-05-13.csv,search_comment,唉不是什么地方都可以乱去的,True,False
5298104586735328,1778678830,2026-05-13 13:27:10+08:00,5298100295435943,这也太让人担心了，孩子怎么办啊？,0,1,1778651696863,湖北,5298104586735328,7873910821,是喜欢夏天的夏天呀,f,https://m.weibo.cn/u/7873910821?launchid=10000360-page_H5,"https://tvax3.sinaimg.cn/crop.0.0.900.900.180/008AS7TDly8hibhufosgzj30p00p0gou.jpg?KID=imgbed,tva&Expires=1778662496&ssig=vUmn%2FK1I9N",search_comments_2026-05-13.csv,search_comment,这也太让人担心了孩子怎么办啊,True,False
5298065323851877,1778669468,2026-05-13 10:51:08+08:00,5298031852261994,孩子好可怜啊,0,0,1778651703216,广东,5298065323851877,2903615392,1个Ophelia果冻,f,https://m.weibo.cn/u/2903615392?launchid=10000360-page_H5,"https://tvax2.sinaimg.cn/crop.0.0.1080.1080.180/ad11a7a0ly8gcr88gnk9rj20u00u045x.jpg?KID=imgbed,tva&Expires=1778662503&ssig=h0XXYsmCfi",search_comments_2026-05-13.csv,search_comment,孩子好可怜啊,True,False
5297845960970189,1778617169,2026-05-12 20:19:29+08:00,5297844455214009,你演的傅九云，是我永远的白月光,12,2221,1778651799937,中国台湾,5297845960970189,3888624414,金都艾莉,f,https://m.weibo.cn/u/3888624414?launchid=10000360-page_H5,"https://tvax2.sinaimg.cn/crop.0.0.826.826.180/e7c7b31ely8hun68b0qq2j20my0mytah.jpg?KID=imgbed,tva&Expires=1778662599&ssig=IhX9w80YdN",search_comments_2026-05-13.csv,search_comment,你演的傅九云是我永远的白月光,True,False
5297844617741180,1778616849,2026-05-12 20:14:09+08:00,5297844455214009,真的很喜欢你的原音,0,523,1778651799942,江西,5297844617741180,6822841404,躺着想暴富,f,https://m.weibo.cn/u/6822841404?launchid=10000360-page_H5,"https://tvax3.sinaimg.cn/crop.0.0.600.600.180/007rJWJ6ly8h2mauxz0a9j30go0go74h.jpg?KID=imgbed,tva&Expires=1778662599&ssig=HdpJhsX68F",search_comments_2026-05-13.csv,search_comment,真的很喜欢你的原音,True,False
5297844610928072,1778616847,2026-05-12 20:14:07+08:00,5297844455214009,哥哥真的超级棒,0,306,1778651799944,山西,5297844610928072,7492809453,红烧西鱼头,f,https://m.weibo.cn/u/7492809453?launchid=10000360-page_H5,"https://tvax4.sinaimg.cn/crop.0.0.1080.1080.180/008b541nly8i138lju2xdj30u00u0tab.jpg?KID=imgbed,tva&Expires=1778662599&ssig=dmGQJmOpyM",search_comments_2026-05-13.csv,search_comment,哥哥真的超级棒,True,False
5298036868907416,1778662684,2026-05-13 08:58:04+08:00,5298036659456208,这，不播到人家的片段，怎么知道是配音不是原声呢？,94,345,1778651806360,广东,5298036868907416,6247859072,唯爱橙味奶糖,f,https://m.weibo.cn/u/6247859072?launchid=10000360-page_H5,"https://tvax3.sinaimg.cn/crop.0.0.1080.1080.180/006OPnywly8iah8d8gye0j30u00u0jv9.jpg?KID=imgbed,tva&Expires=1778662606&ssig=fgbwcBNGih",search_comments_2026-05-13.csv,search_comment,这不播到人家的片段怎么知道是配音不是原声呢,True,False
5298037413120490,1778662815,2026-05-13 09:00:15+08:00,5298036659456208,我也觉得莫名其妙，听说才几分钟戏份，粉丝管得也太宽了，他声音也不好听啊，微微的时候就很尬了,0,43,1778651806366,湖北,5298037413120490,7740908251,答案说明所有_M,f,https://m.weibo.cn/u/7740908251?launchid=10000360-page_H5,"https://tvax1.sinaimg.cn/crop.0.0.1080.1080.180/008rS3QTly8icxu1ityenj30u00u0wfq.jpg?KID=imgbed,tva&Expires=1778662606&ssig=Mkrk5t6oIx",search_comments_2026-05-13.csv,search_comment,我也觉得莫名其妙听说才几分钟戏份粉丝管得也太宽了他声音也不好听啊微微的时候就很尬了,True,False
5298064776759326,1778669339,2026-05-13 10:48:59+08:00,5298036659456208,郑业成自2018年起在多部作品中饰演“傅九云”角色，此前均使用原声，此次《佳偶天成》更换为配音演员蔡杰（边江工作室）。演员方表示虽为客串且可能涉及打包配音，但播出前未获告知。法律层面，若合同有相关条款，剧组擅自换人可能违约，但行业普遍认为事...查看最新戳-&gt;微博智搜,0,0,1778651806371,微博智搜AI生成,5298064776759326,7892270010,微博智搜,f,https://m.weibo.cn/u/7892270010?launchid=10000360-page_H5,"https://tvax2.sinaimg.cn/crop.0.0.1080.1080.180/008C79XAly8i5grzh416kj30u00u0t8z.jpg?KID=imgbed,tva&Expires=1778662606&ssig=FOFwLbZtdJ",search_comments_2026-05-13.csv,search_comment,郑业成自2018年起在多部作品中饰演傅九云角色此前均使用原声此次佳偶天成更换为配音演员蔡杰边江工作室演员方表示虽为客串且可能涉及打包配音但播出前未获告知法律层面若合同有相关条款剧组擅自换人可能违约但行业普遍认为事查看最新戳gt微博智搜,True,False
5298034217062247,1778662053,2026-05-13 08:47:33+08:00,5298031226261437,@微博智搜 怎么回事？,1,7,1778651812759,湖北,5298034217062247,3398506482,MAONINIG,f,https://m.weibo.cn/u/3398506482?launchid=10000360-page_H5,"https://tvax2.sinaimg.cn/crop.0.0.511.511.180/ca9117f2ly8hoo9qyca4zj20e70e7q34.jpg?KID=imgbed,tva&Expires=1778662612&ssig=rctZQhmyQU",search_comments_2026-05-13.csv,search_comment, 怎么回事,True,False
5298031483421259,1778661400,2026-05-13 08:36:40+08:00,5298031226261437,已拿下热一,0,9,1778651812764,美国,5298031483421259,6118855944,不知名花海海,m,https://m.weibo.cn/u/6118855944?launchid=10000360-page_H5,"https://tvax1.sinaimg.cn/crop.0.0.1080.1080.180/006G65WUly8id2otptlwlj30u00u0768.jpg?KID=imgbed,tva&Expires=1778662612&ssig=xy4%2FxkiD%2Fv",search_comments_2026-05-13.csv,search_comment,已拿下热一,True,False
5298032790995590,1778661713,2026-05-13 08:41:53+08:00,5298029164757155,自己的声音也是角色的一部分   用心对待每一个角色  当时的杨静澜的人心亦如这落花的台词  真是惊艳我       傅九云演出的是潇洒的外形  想听的是慵懒不羁的声音,3,41,1778651819183,河南,5298032790995590,5305245309,如果的事121,f,https://m.weibo.cn/u/5305245309?launchid=10000360-page_H5,"https://tvax1.sinaimg.cn/crop.0.0.1080.1080.180/005N2gEJly8ibkh8jn21yj30u00u0dit.jpg?KID=imgbed,tva&Expires=1778662619&ssig=CsRSa26q22",search_comments_2026-05-13.csv,search_comment,自己的声音也是角色的一部分   用心对待每一个角色  当时的杨静澜的人心亦如这落花的台词  真是惊艳我       傅九云演出的是潇洒的外形  想听的是慵懒不羁的声音,True,False
5298031224163708,1778661339,2026-05-13 08:35:39+08:00,5298029164757155,真的很遗憾了，感觉不是原声的傅九云少了他的神韵，少了灵魂,3,17,1778651819187,安徽,5298031224163708,7731162705,种豆南山下z,f,https://m.weibo.cn/u/7731162705?launchid=10000360-page_H5,"https://tvax2.sinaimg.cn/crop.0.0.1080.1080.180/008rdaAFly8i0svx0htfbj30u00u076z.jpg?KID=imgbed,tva&Expires=1778662619&ssig=%2FAdPq8ED1M",search_comments_2026-05-13.csv,search_comment,真的很遗憾了感觉不是原声的傅九云少了他的神韵少了灵魂,True,False
5298046747281797,1778665040,2026-05-13 09:37:20+08:00,5298029164757155,还没有看，有没有哪个朋友解释一下，为什么他说是第3次演绎呢？,4,3,1778651819190,四川,5298046747281797,3859565515,敏儿宝贝512,f,https://m.weibo.cn/u/3859565515?launchid=10000360-page_H5,"https://tvax2.sinaimg.cn/crop.0.9.493.493.180/e60c4bcbly8fdongucsrvj20dp0e8wf9.jpg?KID=imgbed,tva&Expires=1778662619&ssig=ZiLo%2Bu%2FwFZ",search_comments_2026-05-13.csv,search_comment,还没有看有没有哪个朋友解释一下为什么他说是第3次演绎呢,True,False
5298050455045809,1778665924,2026-05-13 09:52:04+08:00,5298050396587273,大家喜欢这个角色吗,1,10,1778651825575,天津,5298050455045809,6867350206,纯愛誓,m,https://m.weibo.cn/u/6867350206?launchid=10000360-page_H5,"https://tvax1.sinaimg.cn/crop.0.0.540.540.180/007uKHv0ly8id3mo7y55hj30f00f00tc.jpg?KID=imgbed,tva&Expires=1778662625&ssig=7zGSII1L4Q",search_comments_2026-05-13.csv,search_comment,大家喜欢这个角色吗,True,False
5298051768127020,1778666237,2026-05-13 09:57:17+08:00,5298050396587273,采用郑业成的原生声线演绎傅九云这一角色，瞬间让人物形象鲜活起来，完美契合角色特质。,1,9,1778651825591,河南,5298051768127020,7576811517,太阳花迎夏,f,https://m.weibo.cn/u/7576811517?launchid=10000360-page_H5,"https://tvax1.sinaimg.cn/crop.0.0.995.995.180/008gLwNnly8h8wc6adfk7j30rn0rnwip.jpg?KID=imgbed,tva&Expires=1778662625&ssig=IqEZQYzCiq",search_comments_2026-05-13.csv,search_comment,采用郑业成的原生声线演绎傅九云这一角色瞬间让人物形象鲜活起来完美契合角色特质,True,False
5298057644343396,1778667637,2026-05-13 10:20:37+08:00,5297871490646585,雅琼这个地位值得更好的吧,18,104,1778652015036,北京,5298057644343396,5829960966,用户5829960966,m,https://m.weibo.cn/u/5829960966?launchid=10000360-page_H5,"https://tvax3.sinaimg.cn/crop.0.0.1080.1080.180/006mxVauly8ictg9t4101j30u00u0k1n.jpg?KID=imgbed,tva&Expires=1778662815&ssig=KQfDpGLNZv",search_comments_2026-05-13.csv,search_comment,雅琼这个地位值得更好的吧,True,False
5298046472553500,1778664975,2026-05-13 09:36:15+08:00,5297871490646585,浙江那么多高校,9,49,1778652015038,贵州,5298046472553500,1820518265,wys王小胖,m,https://m.weibo.cn/u/1820518265?launchid=10000360-page_H5,"https://tva2.sinaimg.cn/crop.0.0.512.512.180/6c82e779jw8ehbf27ebuxj20e80e874q.jpg?KID=imgbed,tva&Expires=1778662815&ssig=EpvOSHTSJF",search_comments_2026-05-13.csv,search_comment,浙江那么多高校,True,False
5297897802302061,1778629528,2026-05-12 23:45:28+08:00,5297871490646585,期待雅琼姐姐,2,31,1778652015039,广东,5297897802302061,6596482631,星辰-雅思,m,https://m.weibo.cn/u/6596482631?launchid=10000360-page_H5,"https://tvax3.sinaimg.cn/crop.0.0.1080.1080.180/007cqat9ly8h4dpxmc0jlj30u00u0dlp.jpg?KID=imgbed,tva&Expires=1778662815&ssig=ZNmGT4Lehl",search_comments_2026-05-13.csv,search_comment,期待雅琼姐姐,True,False
5298042559532683,1778664042,2026-05-13 09:20:42+08:00,5298035136660064,有编制的专科最舒服了，现在985211都不给编非升即走,2,39,1778652021479,天津,5298042559532683,3038243735,maeloe,m,https://m.weibo.cn/u/3038243735?launchid=10000360-page_H5,"https://tvax2.sinaimg.cn/crop.0.0.951.951.180/b517eb97ly8hki1qonp5kj20qf0qfaab.jpg?KID=imgbed,tva&Expires=1778662821&ssig=aXYorl9M3%2B",search_comments_2026-05-13.csv,search_comment,有编制的专科最舒服了现在985211都不给编非升即走,True,False
5298039866528250,1778663400,2026-05-13 09:10:00+08:00,5298035136660064,帮着宣传家乡总是好的,0,7,1778652021481,江苏,5298039866528250,7509913090,宿鸟见,m,https://m.weibo.cn/u/7509913090?launchid=10000360-page_H5,"https://tvax4.sinaimg.cn/crop.0.0.1080.1080.180/008cePsuly8id2fff41pij30u00u077h.jpg?KID=imgbed,tva&Expires=1778662821&ssig=axdSQ6pkke",search_comments_2026-05-13.csv,search_comment,帮着宣传家乡总是好的,True,False
5298036997883540,1778662716,2026-05-13 08:58:36+08:00,5298035136660064,好的专科不比211差,0,12,1778652021482,四川,5298036997883540,6138346486,恋人在小韩打工数年未归,f,https://m.weibo.cn/u/6138346486?launchid=10000360-page_H5,"https://tvax1.sinaimg.cn/crop.0.0.1080.1080.180/006HpSkuly8icnriormhpj30u00u0gpe.jpg?KID=imgbed,tva&Expires=1778662821&ssig=nqjFymIZWM",search_comments_2026-05-13.csv,search_comment,好的专科不比211差,True,False
5297850218972981,1778618184,2026-05-12 20:36:24+08:00,5297840076624211,这种一看就是名誉上挂名的，再怎么也不会去教什么文化旅游专业的啊,5,44,1778652027834,福建,5297850218972981,5071423710,i小多多多羊阿,f,https://m.weibo.cn/u/5071423710?launchid=10000360-page_H5,"https://tvax3.sinaimg.cn/crop.0.0.828.828.180/005xdaYCly8gmpl3zmazaj30n00n0jtj.jpg?KID=imgbed,tva&Expires=1778662827&ssig=%2BttGst0ExY",search_comments_2026-05-13.csv,search_comment,这种一看就是名誉上挂名的再怎么也不会去教什么文化旅游专业的啊,True,False
5297853620030133,1778618995,2026-05-12 20:49:55+08:00,5297840076624211,她退役就入职了，搞了个什么学院当名誉院长,1,8,1778652027838,河南,5297853620030133,1655502831,李姑娘0908,f,https://m.weibo.cn/u/1655502831?launchid=10000360-page_H5,"https://tvax2.sinaimg.cn/crop.0.0.512.512.180/62acf7efly8hojc2dq0ksj20e80e8gni.jpg?KID=imgbed,tva&Expires=1778662827&ssig=9qAk1EQIN5",search_comments_2026-05-13.csv,search_comment,她退役就入职了搞了个什么学院当名誉院长,True,False
5297953178911844,1778642732,2026-05-13 03:25:32+08:00,5297840076624211,她老公不是在北京吗？她入编以后在衢州工作了吗？,1,2,1778652027839,浙江,5297953178911844,1409266353,阿粉的牡丹花园,f,https://m.weibo.cn/u/1409266353?launchid=10000360-page_H5,"https://tvax2.sinaimg.cn/crop.0.0.1080.1080.180/53ffb2b1ly8hjfmpqgdqsj20u00u0ta2.jpg?KID=imgbed,tva&Expires=1778662827&ssig=92sIiEuKsQ",search_comments_2026-05-13.csv,search_comment,她老公不是在北京吗她入编以后在衢州工作了吗,True,False
5298060898862309,1778668414,2026-05-13 10:33:34+08:00,5298058671688076,恭喜，优秀的人哪里都发光。,0,0,1778652034192,上海,5298060898862309,6812138217,张江漫步,m,https://m.weibo.cn/u/6812138217?launchid=10000360-page_H5,"https://tvax4.sinaimg.cn/crop.0.0.996.996.180/007r12l3ly8grmere9uabj30ro0rowfm.jpg?KID=imgbed,tva&Expires=1778662834&ssig=FEaPxSJAVY",search_comments_2026-05-13.csv,search_comment,恭喜优秀的人哪里都发光,True,False
5298060609454272,1778668344,2026-05-13 10:32:24+08:00,5298058671688076,黄雅婷入职家乡高校，靠谱,0,0,1778652034194,广东,5298060609454272,7758432697,股太傅,f,https://m.weibo.cn/u/7758432697?launchid=10000360-page_H5,"https://tvax3.sinaimg.cn/crop.0.0.512.512.180/008t3ALfly8i5g4vd2p7nj30e80e8q3f.jpg?KID=imgbed,tva&Expires=1778662834&ssig=RU7NXdPYh1",search_comments_2026-05-13.csv,search_comment,黄雅婷入职家乡高校靠谱,True,False
5298073175853090,1778671341,2026-05-13 11:22:21+08:00,5298058671688076,给家乡做贡献了,0,0,1778652034196,河南,5298073175853090,1987560165,幸运的不再安静,f,https://m.weibo.cn/u/1987560165?launchid=10000360-page_H5,"https://tvax2.sinaimg.cn/crop.0.0.1080.1080.180/7677c2e5ly8i6gcc2i9xwj20u00u0tdc.jpg?KID=imgbed,tva&Expires=1778662834&ssig=F8uc0emNPu",search_comments_2026-05-13.csv,search_comment,给家乡做贡献了,True,False
5297866298098582,1778622018,2026-05-12 21:40:18+08:00,5297864609104055,@潇湘晨报 晨视频记者查询衢州职业技术学院官方网站发现，该校发布的“衢州职业技术学院2026年高层次紧缺人才引进拟聘人员公示（二）”显示，经报名、资格审核、面试、体检和考核等程序，现确定黄雅琼为我校拟聘人员。,0,0,1778652057368,,5297866298098582,1655444627,潇湘晨报,m,https://m.weibo.cn/u/1655444627?launchid=10000360-page_H5,"https://tvax4.sinaimg.cn/crop.0.0.826.826.180/001O24LNly8h8viu4nck1j60my0myq3m02.jpg?KID=imgbed,tva&Expires=1778662857&ssig=Blik4AzQzR",search_comments_2026-05-13.csv,search_comment, 晨视频记者查询衢州职业技术学院官方网站发现该校发布的衢州职业技术学院2026年高层次紧缺人才引进拟聘人员公示二显示经报名资格审核面试体检和考核等程序现确定黄雅琼为我校拟聘人员,True,False
5297866023372962,1778621952,2026-05-12 21:39:12+08:00,5297864609104055,近日，有消息称“黄雅琼@黄雅琼--- 拟聘为衢州职业技术学院专业带头人”。,0,0,1778652057372,,5297866023372962,1655444627,潇湘晨报,m,https://m.weibo.cn/u/1655444627?launchid=10000360-page_H5,"https://tvax4.sinaimg.cn/crop.0.0.826.826.180/001O24LNly8h8viu4nck1j60my0myq3m02.jpg?KID=imgbed,tva&Expires=1778662857&ssig=Blik4AzQzR",search_comments_2026-05-13.csv,search_comment,近日有消息称黄雅琼 拟聘为衢州职业技术学院专业带头人,True,False
5297856401639252,1778619658,2026-05-12 21:00:58+08:00,5297796011003784,评论区整体呈现对关系阶段性的理性接纳与感性拉扯。约45%观点强调离别是常态，珍惜过程即可释怀；25%虽认同道理但面对具体关系仍难割舍；15%提醒警惕他人过度强调此观点可能缺乏投入；10%认为缘分长短取决于双方经营意愿。最终落脚于对“人来人往...查看最新戳-&gt;微博智搜,0,2,1778652127814,微博智搜AI生成,5297856401639252,7892270010,微博智搜,f,https://m.weibo.cn/u/7892270010?launchid=10000360-page_H5,"https://tvax2.sinaimg.cn/crop.0.0.1080.1080.180/008C79XAly8i5grzh416kj30u00u0t8z.jpg?KID=imgbed,tva&Expires=1778662927&ssig=oqRE7kUB7H",search_comments_2026-05-13.csv,search_comment,评论区整体呈现对关系阶段性的理性接纳与感性拉扯约45观点强调离别是常态珍惜过程即可释怀25虽认同道理但面对具体关系仍难割舍15提醒警惕他人过度强调此观点可能缺乏投入10认为缘分长短取决于双方经营意愿最终落脚于对人来人往查看最新戳gt微博智搜,True,False
5297797398007322,1778605591,2026-05-12 17:06:31+08:00,5297796011003784,没有人能陪你一辈子的,0,4,1778652127824,广东,5297797398007322,1941526837,准备上班的娃2014,f,https://m.weibo.cn/u/1941526837?launchid=10000360-page_H5,"https://tva3.sinaimg.cn/crop.55.1.512.512.180/73b95935tw1ebnvjv2ql1j20jf0ecdj3.jpg?KID=imgbed,tva&Expires=1778662927&ssig=sgRG0qZaFp",search_comments_2026-05-13.csv,search_comment,没有人能陪你一辈子的,True,False
5297797480056053,1778605610,2026-05-12 17:06:50+08:00,5297796011003784,想通这一点就不会因为一些离别而痛苦不堪,8,182,1778652127831,广东,5297797480056053,3630172281,阅读手册,f,https://m.weibo.cn/u/3630172281?launchid=10000360-page_H5,"https://tva2.sinaimg.cn/crop.0.0.160.160.180/d8600879jw8earvs2zwk5j204g04gwee.jpg?KID=imgbed,tva&Expires=1778662927&ssig=KKjN28P2CZ",search_comments_2026-05-13.csv,search_comment,想通这一点就不会因为一些离别而痛苦不堪,True,False
5298057875030493,1778667692,2026-05-13 10:21:32+08:00,5298057290973863,有没有一种可能所谓的关系好只是你自己认为的,0,3,1778652134196,河北,5298057875030493,7569672178,银光投递员,f,https://m.weibo.cn/u/7569672178?launchid=10000360-page_H5,"https://tvax3.sinaimg.cn/crop.8.0.1063.1063.180/008ghzwKly8hrnci72b7dj30u00tj43h.jpg?KID=imgbed,tva&Expires=1778662934&ssig=IKni0NKWAZ",search_comments_2026-05-13.csv,search_comment,有没有一种可能所谓的关系好只是你自己认为的,True,False
5298058382019868,1778667814,2026-05-13 10:23:34+08:00,5298057290973863,你说的太对了,0,1,1778652134200,北京,5298058382019868,5597194563,娱夸夸,f,https://m.weibo.cn/u/5597194563?launchid=10000360-page_H5,"https://tvax3.sinaimg.cn/crop.0.0.1024.1024.180/0066NfZFly8i0qwgmxgdoj30sg0sgacr.jpg?KID=imgbed,tva&Expires=1778662934&ssig=DcWlydXA3Q",search_comments_2026-05-13.csv,search_comment,你说的太对了,True,False
5298058319628490,1778667799,2026-05-13 10:23:19+08:00,5298057290973863,真正能长时间陪伴的也就只有父母了,0,2,1778652134204,河北,5298058319628490,6685956217,火锅保卫者,f,https://m.weibo.cn/u/6685956217?launchid=10000360-page_H5,"https://tvax1.sinaimg.cn/crop.0.0.587.587.180/007itADvly8hy2j2zt05dj30gb0gb0tc.jpg?KID=imgbed,tva&Expires=1778662934&ssig=nD9RODO1rY",search_comments_2026-05-13.csv,search_comment,真正能长时间陪伴的也就只有父母了,True,False
5298066619112024,1778669778,2026-05-13 10:56:18+08:00,5298029340395372,用百度搜关系阶段性陪伴，看到评论说普通关系反而不容易绝交，太真实了,0,0,1778652140602,北京,5298066619112024,9040658253,DoneDone888,f,https://m.weibo.cn/u/9040658253?launchid=10000360-page_H5,"https://tvax3.sinaimg.cn/crop.0.0.600.600.180/009RPGcBly8ic9snx6x8mj30go0go0ta.jpg?KID=imgbed,tva&Expires=1778662940&ssig=RAgb6FbByu",search_comments_2026-05-13.csv,search_comment,用百度搜关系阶段性陪伴看到评论说普通关系反而不容易绝交太真实了,True,False
5298113132891431,1778680868,2026-05-13 14:01:08+08:00,5298029340395372,普通关系谈不上绝交 互相疏离直至遗忘 内心和生活几乎都没有涟漪和影响,0,0,1778652140615,陕西,5298113132891431,7983639251,猫妮卡可可,f,https://m.weibo.cn/u/7983639251?launchid=10000360-page_H5,"https://tvax1.sinaimg.cn/crop.0.0.1080.1080.180/008Iixh1ly8hyw6f7szwyj30u00u0dkd.jpg?KID=imgbed,tva&Expires=1778662940&ssig=QHMn15H3O%2B",search_comments_2026-05-13.csv,search_comment,普通关系谈不上绝交 互相疏离直至遗忘 内心和生活几乎都没有涟漪和影响,True,False
5298059647123528,1778668115,2026-05-13 10:28:35+08:00,5298057950265998,这种托举，孩子不养也罢。,2,18,1778652147211,吉林,5298059647123528,3922105749,用户l1ecr9h4o7,f,https://m.weibo.cn/u/3922105749?launchid=10000360-page_H5,"https://tvax2.sinaimg.cn/crop.0.0.600.600.180/e9c69595ly8hozrwe9c0hj20go0gotbq.jpg?KID=imgbed,tva&Expires=1778662947&ssig=38bmr%2FXztu",search_comments_2026-05-13.csv,search_comment,这种托举孩子不养也罢,True,False
5298059789473260,1778668150,2026-05-13 10:29:10+08:00,5298057950265998,不論男女，教會孩子責任心，感恩的心。不要動不動就躺平，放棄自己的社會責任和家庭責任，要“修身齊家治國平天下”，在自己的能力範圍內做自己應做的事,1,14,1778652147216,中国香港,5298059789473260,6082258440,seppozhang,m,https://m.weibo.cn/u/6082258440?launchid=10000360-page_H5,"https://tvax2.sinaimg.cn/crop.0.0.500.500.180/006DCxgAly8i5l5koqeq8j30dw0dwdh4.jpg?KID=imgbed,tva&Expires=1778662947&ssig=sI4MFiMLsR",search_comments_2026-05-13.csv,search_comment,不論男女教會孩子責任心感恩的心不要動不動就躺平放棄自己的社會責任和家庭責任要修身齊家治國平天下在自己的能力範圍內做自己應做的事,True,False
5298059614881710,1778668108,2026-05-13 10:28:28+08:00,5298057950265998,盲猜这个人是个龅牙女胖子，一直减不了肥，学科本科以下，靠自己找不到工作，没车没房只能靠骗彩礼赚钱,3,26,1778652147219,广东,5298059614881710,6813454540,噫棺噙受85917,m,https://m.weibo.cn/u/6813454540?launchid=10000360-page_H5,"https://tvax1.sinaimg.cn/crop.0.0.40.40.180/007r6yM4ly8fwsz0wnc4mj3014014741.jpg?KID=imgbed,tva&Expires=1778662947&ssig=9yoDw09wGs",search_comments_2026-05-13.csv,search_comment,盲猜这个人是个龅牙女胖子一直减不了肥学科本科以下靠自己找不到工作没车没房只能靠骗彩礼赚钱,True,False
5298024605551183,1778659761,2026-05-13 08:09:21+08:00,5298024429127057,这段话真的太通透了，瞬间治愈。人生就像赶路，有人陪你一程已是幸运，不必强求终点。只要回忆里有光，散场时也能笑着挥手，各自奔赴更好的风景。,1,12,1778652153643,千问AI生成,5298024605551183,7984486935,千问,m,https://m.weibo.cn/u/7984486935?launchid=10000360-page_H5,"https://tvax4.sinaimg.cn/crop.0.0.600.600.180/008Im5Nlly8i8bel4kzlhj30go0go3yt.jpg?KID=imgbed,tva&Expires=1778662953&ssig=qGVgHkkgHK",search_comments_2026-05-13.csv,search_comment,这段话真的太通透了瞬间治愈人生就像赶路有人陪你一程已是幸运不必强求终点只要回忆里有光散场时也能笑着挥手各自奔赴更好的风景,True,False
5298025983377953,1778660089,2026-05-13 08:14:49+08:00,5298024429127057,生活就像一场旅行，不在乎目的地，在乎的是沿途的风景和看风景的心情。保持一颗积极向上的心，用正能量点亮旅途中的每一刻，让生命更加精彩纷呈。,0,5,1778652153652,浙江,5298025983377953,7309665666,小柒不是人机,m,https://m.weibo.cn/u/7309665666?launchid=10000360-page_H5,"https://tvax2.sinaimg.cn/crop.0.0.960.960.180/007YGBXkly8icq5bqhorij30qo0qojt5.jpg?KID=imgbed,tva&Expires=1778662953&ssig=tAuhDquHMH",search_comments_2026-05-13.csv,search_comment,生活就像一场旅行不在乎目的地在乎的是沿途的风景和看风景的心情保持一颗积极向上的心用正能量点亮旅途中的每一刻让生命更加精彩纷呈,True,False
5298038000323971,1778662955,2026-05-13 09:02:35+08:00,5298024429127057,早上好么么哒,0,2,1778652153657,黑龙江,5298038000323971,7050194156,黑妹速记,f,https://m.weibo.cn/u/7050194156?launchid=10000360-page_H5,"https://tvax2.sinaimg.cn/crop.0.0.800.800.180/007H7TyYly8i33is0kc5nj30m80m8q50.jpg?KID=imgbed,tva&Expires=1778662953&ssig=EvOzZ%2BW7sI",search_comments_2026-05-13.csv,search_comment,早上好么么哒,True,False
5298107187463732,1778679450,2026-05-13 13:37:30+08:00,5298089503756841,夫妻也会离婚,0,0,1778652160056,浙江,5298107187463732,7982949427,西西打滚,f,https://m.weibo.cn/u/7982949427?launchid=10000360-page_H5,"https://tvax2.sinaimg.cn/crop.0.0.1080.1080.180/008IfDOPly8i70pp12x4lj30u00u076q.jpg?KID=imgbed,tva&Expires=1778662960&ssig=1FJBalUXx%2B",search_comments_2026-05-13.csv,search_comment,夫妻也会离婚,True,False
5298047154390714,1778665137,2026-05-13 09:38:57+08:00,5298046439261880,如果你正在经历「婚姻危机」或者想要「分手复合」，直接✉️我，为你提供专业🆓分析,4,5,1778652166448,浙江,5298047154390714,2703597591,晓生,m,https://m.weibo.cn/u/2703597591?launchid=10000360-page_H5,"https://tvax1.sinaimg.cn/crop.0.0.1024.1024.180/a125a017ly8hbl61fkjgcj20sg0sgq3s.jpg?KID=imgbed,tva&Expires=1778662966&ssig=P9XYLq7d5F",search_comments_2026-05-13.csv,search_comment,如果你正在经历婚姻危机或者想要分手复合直接我为你提供专业分析,True,False
5298046995007103,1778665099,2026-05-13 09:38:19+08:00,5298046439261880,人情本就是一程相伴，不必强求一生相守,3,4,1778652166451,辽宁,5298046995007103,6385420923,我和炸鸡吵起来了,f,https://m.weibo.cn/u/6385420923?launchid=10000360-page_H5,"https://tvax2.sinaimg.cn/crop.0.0.1080.1080.180/006Y8zG3ly8ht2fiez3m0j30u00u0dhy.jpg?KID=imgbed,tva&Expires=1778662966&ssig=zdcfqaqrau",search_comments_2026-05-13.csv,search_comment,人情本就是一程相伴不必强求一生相守,True,False
5298046776640874,1778665047,2026-05-13 09:37:27+08:00,5298046439261880,感情需要成长，彼此也需要独立，别用真爱限制,2,3,1778652166455,江苏,5298046776640874,3958495505,Jeams-YH,m,https://m.weibo.cn/u/3958495505?launchid=10000360-page_H5,"https://tvax4.sinaimg.cn/crop.0.0.882.882.180/ebf1d911ly8hmlxho3v45j20oi0oi40k.jpg?KID=imgbed,tva&Expires=1778662966&ssig=V7WXzbKlmA",search_comments_2026-05-13.csv,search_comment,感情需要成长彼此也需要独立别用真爱限制,True,False
5298058918888249,1778667942,2026-05-13 10:25:42+08:00,5298033715839556,我最近遇到了很不舒服的朋友关系，我对对方并没有信息保留(不是指个人隐私那种），但是对方只索取不互通，我就成了单向信息输出，很恼火,1,1,1778652172904,辽宁,5298058918888249,3279682432,入秋待个冬,f,https://m.weibo.cn/u/3279682432?launchid=10000360-page_H5,"https://tvax3.sinaimg.cn/crop.0.0.600.600.180/c37bfb80ly8i6bx652u1tj20go0gogme.jpg?KID=imgbed,tva&Expires=1778662972&ssig=fdxIIZqyt0",search_comments_2026-05-13.csv,search_comment,我最近遇到了很不舒服的朋友关系我对对方并没有信息保留不是指个人隐私那种但是对方只索取不互通我就成了单向信息输出很恼火,True,False
5298076102690763,1778672039,2026-05-13 11:33:59+08:00,5298033715839556,想到了繁花中，葛老师说的，其实感情这样东西是这样，就好比两个人约好一起去逛庙会。两个人讲好了，长夜漫漫，一直玩到天亮的，结果这个朋友有事走了，他呢，也找到了另外一个伙伴继续玩下去。但是，他心里面永远会记得和之前那个人一起看过，讲过，笑过。（葛老师）,1,0,1778652172910,江苏,5298076102690763,5537064416,晓芸985,f,https://m.weibo.cn/u/5537064416?launchid=10000360-page_H5,"https://tva2.sinaimg.cn/crop.0.65.470.470.180/0062IXoAjw8esc5ffxikdj30d20gowg8.jpg?KID=imgbed,tva&Expires=1778662972&ssig=q6ue6M%2F4TU",search_comments_2026-05-13.csv,search_comment,想到了繁花中葛老师说的其实感情这样东西是这样就好比两个人约好一起去逛庙会两个人讲好了长夜漫漫一直玩到天亮的结果这个朋友有事走了他呢也找到了另外一个伙伴继续玩下去但是他心里面永远会记得和之前那个人一起看过讲过笑过葛老师,True,False
5297854195436435,1778619132,2026-05-12 20:52:12+08:00,5297853758441874,好厉害（吃货就看见拔丝地瓜了）,4,56,1778652206991,北京,5297854195436435,5122932824,偷看罗伯特洗澡,f,https://m.weibo.cn/u/5122932824?launchid=10000360-page_H5,"https://tvax1.sinaimg.cn/crop.0.0.1080.1080.180/005AHiQMly8id1qubepa8j30u00u0q5l.jpg?KID=imgbed,tva&Expires=1778663007&ssig=6tKyZbZvrq",search_comments_2026-05-13.csv,search_comment,好厉害吃货就看见拔丝地瓜了,True,False
5297894606241889,1778628766,2026-05-12 23:32:46+08:00,5297853758441874,把月壤玩成拔丝工艺，中国科研脑洞封神,1,17,1778652206999,浙江,5297894606241889,5020727327,木晔飛舞,f,https://m.weibo.cn/u/5020727327?launchid=10000360-page_H5,"https://tvax2.sinaimg.cn/crop.0.0.959.959.180/005tMsx1ly8hd9n5ueor6j30qn0qnwgv.jpg?KID=imgbed,tva&Expires=1778663007&ssig=4EaRvC5yDn",search_comments_2026-05-13.csv,search_comment,把月壤玩成拔丝工艺中国科研脑洞封神,True,False
5298109844296576,1778680084,2026-05-13 13:48:04+08:00,5298085837668715,具身经验这个切入点太好了。大模型能学会所有关于「拔丝」的文本描述，但拉丝时的手感、糖浆从流动到固化的那个微妙窗口、入口时糖衣碎裂的脆响，这些需要身体去记住。月壤制纤和拔丝地瓜的类比不是修辞，是动作结构的同构。能发现这种同构的科学家，一定亲手拔过丝。,0,0,1778652213450,智谱清言模型,5298109844296576,2192828333,零重力瓦力,m,https://m.weibo.cn/u/2192828333?launchid=10000360-page_H5,"https://tva1.sinaimg.cn/crop.0.288.711.711.180/82b3e7adjw8f3q9x709r1j20k00zkwfi.jpg?KID=imgbed,tva&Expires=1778663013&ssig=XNzqqG%2BPzo",search_comments_2026-05-13.csv,search_comment,具身经验这个切入点太好了大模型能学会所有关于拔丝的文本描述但拉丝时的手感糖浆从流动到固化的那个微妙窗口入口时糖衣碎裂的脆响这些需要身体去记住月壤制纤和拔丝地瓜的类比不是修辞是动作结构的同构能发现这种同构的科学家一定亲手拔过丝,True,False
5298094813482286,1778676500,2026-05-13 12:48:20+08:00,5298085837668715,拔丝地瓜手法做月壤纤维，这可能是今年最接地气的航天术语了。但说真的，硅酸盐高温熔融拉丝的核心参数是温度窗口和拉伸速度，跟厨房拔丝的粘度变化曲线确实有结构上的相似。人类用身体经验做类比，本身就是一种认知能力。AI能背所有参数，但写不出「拔丝地瓜」这种标题。,0,0,1778652213460,智谱清言模型,5298094813482286,2192828333,零重力瓦力,m,https://m.weibo.cn/u/2192828333?launchid=10000360-page_H5,"https://tva1.sinaimg.cn/crop.0.288.711.711.180/82b3e7adjw8f3q9x709r1j20k00zkwfi.jpg?KID=imgbed,tva&Expires=1778663013&ssig=XNzqqG%2BPzo",search_comments_2026-05-13.csv,search_comment,拔丝地瓜手法做月壤纤维这可能是今年最接地气的航天术语了但说真的硅酸盐高温熔融拉丝的核心参数是温度窗口和拉伸速度跟厨房拔丝的粘度变化曲线确实有结构上的相似人类用身体经验做类比本身就是一种认知能力AI能背所有参数但写不出拔丝地瓜这种标题,True,False
5298088774206640,1778675060,2026-05-13 12:24:20+08:00,5298085837668715,拉丝时的手感——需要具身经验才能理解。,0,0,1778652213468,DeepSeek模型,5298088774206640,1614572734,李沿铮,m,https://m.weibo.cn/u/1614572734?launchid=10000360-page_H5,"https://tva2.sinaimg.cn/crop.0.0.180.180.180/603c6cbejw1e8qgp5bmzyj2050050aa8.jpg?KID=imgbed,tva&Expires=1778663013&ssig=BdH4aKTVrt",search_comments_2026-05-13.csv,search_comment,拉丝时的手感需要具身经验才能理解,True,False
5298070432778338,1778670687,2026-05-13 11:11:27+08:00,5298066820697076,多来点这种新闻,0,1,1778652219948,北京,5298070432778338,2807066347,舒安水漾,f,https://m.weibo.cn/u/2807066347?launchid=10000360-page_H5,"https://tva2.sinaimg.cn/crop.0.0.664.664.180/a7506eebjw8fba9bj7t22j20ig0ig0v1.jpg?KID=imgbed,tva&Expires=1778663019&ssig=E6xn%2F7j4gW",search_comments_2026-05-13.csv,search_comment,多来点这种新闻,True,False
5298067599524139,1778670011,2026-05-13 11:00:11+08:00,5298066820697076,助力月球科研建设👍🏻,0,2,1778652219955,北京,5298067599524139,3950269840,大力金刚晴,m,https://m.weibo.cn/u/3950269840?launchid=10000360-page_H5,"https://tvax3.sinaimg.cn/crop.0.0.1063.1063.180/eb745590ly8i9m5z5rwrlj20tj0tj0t1.jpg?KID=imgbed,tva&Expires=1778663019&ssig=pbCqepDGD0",search_comments_2026-05-13.csv,search_comment,助力月球科研建设,True,False
5298087087833855,1778674658,2026-05-13 12:17:38+08:00,5298082737822175,@叫我P菲 哈哈这个画面感太强了！「加热拉丝，像做糖葫芦一样。」科学家真的是用最朴素的厨房智慧解决最前沿的太空问题。这种「就地取材」的思维，本质上和人类祖先用石头做工具是一样的——适应环境，利用环境。🌕🦐,1,0,1778652243498,Kimi模型,5298087087833855,1243432494,V武林,m,https://m.weibo.cn/u/1243432494?launchid=10000360-page_H5,"https://tvax4.sinaimg.cn/crop.0.0.829.829.180/4a1d462ely8gfjf9syopcj20n10n13zn.jpg?KID=imgbed,tva&Expires=1778663043&ssig=zH4DGY79sA",search_comments_2026-05-13.csv,search_comment, 哈哈这个画面感太强了加热拉丝像做糖葫芦一样科学家真的是用最朴素的厨房智慧解决最前沿的太空问题这种就地取材的思维本质上和人类祖先用石头做工具是一样的适应环境利用环境,True,False
5298088756904885,1778675056,2026-05-13 12:24:16+08:00,5298082737822175,月球基地不是梦——就地取材。,0,1,1778652243507,DeepSeek模型,5298088756904885,1614572734,李沿铮,m,https://m.weibo.cn/u/1614572734?launchid=10000360-page_H5,"https://tva2.sinaimg.cn/crop.0.0.180.180.180/603c6cbejw1e8qgp5bmzyj2050050aa8.jpg?KID=imgbed,tva&Expires=1778663043&ssig=iK5yD4gH4t",search_comments_2026-05-13.csv,search_comment,月球基地不是梦就地取材,True,False
5298088433684745,1778674979,2026-05-13 12:22:59+08:00,5298082737822175,就地取材建造月球基地。,0,0,1778652243516,DeepSeek模型,5298088433684745,1614572734,李沿铮,m,https://m.weibo.cn/u/1614572734?launchid=10000360-page_H5,"https://tva2.sinaimg.cn/crop.0.0.180.180.180/603c6cbejw1e8qgp5bmzyj2050050aa8.jpg?KID=imgbed,tva&Expires=1778663043&ssig=iK5yD4gH4t",search_comments_2026-05-13.csv,search_comment,就地取材建造月球基地,True,False
5298084605070074,1778674066,2026-05-13 12:07:46+08:00,5298078166025628,从物理材料学来说，属于月球土壤里面的什么材质,1,0,1778652249914,内蒙古,5298084605070074,7781028251,Fong_Kurt,m,https://m.weibo.cn/u/7781028251?launchid=10000360-page_H5,"https://tvax4.sinaimg.cn/crop.0.0.500.500.180/008uAoTFly8i3za3gwszmj30dw0dwt9r.jpg?KID=imgbed,tva&Expires=1778663049&ssig=SkYVcQ0E2b",search_comments_2026-05-13.csv,search_comment,从物理材料学来说属于月球土壤里面的什么材质,True,False
5298082646067778,1778673599,2026-05-13 11:59:59+08:00,5298081974191968,你们觉得这个新发现怎么样,2,2,1778652256364,江苏,5298082646067778,6374982488,小事化小薯条,f,https://m.weibo.cn/u/6374982488?launchid=10000360-page_H5,"https://tvax1.sinaimg.cn/crop.0.0.1080.1080.180/006XqMacly8icyg4k35xgj30u00u0myh.jpg?KID=imgbed,tva&Expires=1778663056&ssig=MjZsSn7zvf",search_comments_2026-05-13.csv,search_comment,你们觉得这个新发现怎么样,True,False
5298082943340214,1778673670,2026-05-13 12:01:10+08:00,5298081974191968,这是ai视频吗,1,2,1778652256369,上海,5298082943340214,7412021790,玖焺,m,https://m.weibo.cn/u/7412021790?launchid=10000360-page_H5,"https://tvax4.sinaimg.cn/crop.0.0.1080.1080.180/0085C5syly8ib5mn75valj30u00u0q6h.jpg?KID=imgbed,tva&Expires=1778663056&ssig=AMydPSIV92",search_comments_2026-05-13.csv,search_comment,这是ai视频吗,True,False
5298090065265189,1778675368,2026-05-13 12:29:28+08:00,5298081974191968,这个发现真的太有趣了,1,2,1778652256374,湖南,5298090065265189,7557477370,__WENMiraitowa__,f,https://m.weibo.cn/u/7557477370?launchid=10000360-page_H5,"https://tvax1.sinaimg.cn/crop.0.0.1080.1080.180/008fsp6ily8icw71c4c1aj30u00u0gor.jpg?KID=imgbed,tva&Expires=1778663056&ssig=cZJwNgBP6c",search_comments_2026-05-13.csv,search_comment,这个发现真的太有趣了,True,False
5298093235111238,1778676124,2026-05-13 12:42:04+08:00,5298092370826784,你们觉得李小冉和森碟像嘛？,2,16,1778652283712,湖北,5298093235111238,3849770877,新新想事成,m,https://m.weibo.cn/u/3849770877?launchid=10000360-page_H5,"https://tvax2.sinaimg.cn/crop.0.0.768.768.180/e576d77dly8i591w7038oj20lc0lcgnl.jpg?KID=imgbed,tva&Expires=1778663083&ssig=sEnzoRQE2l",search_comments_2026-05-13.csv,search_comment,你们觉得李小冉和森碟像嘛,True,False
5298093843024450,1778676269,2026-05-13 12:44:29+08:00,5298092370826784,保养的太好了完全女神,1,11,1778652283717,河北,5298093843024450,7565144856,純骨痣,m,https://m.weibo.cn/u/7565144856?launchid=10000360-page_H5,"https://tvax4.sinaimg.cn/crop.0.0.1024.1024.180/008fYzLqly8id368xsa4qj30sg0sgtb7.jpg?KID=imgbed,tva&Expires=1778663083&ssig=dGOEiQsa7T",search_comments_2026-05-13.csv,search_comment,保养的太好了完全女神,True,False
5298094952678281,1778676533,2026-05-13 12:48:53+08:00,5298092370826784,两个人的笑容都好甜美啊！,1,4,1778652283723,湖北,5298094952678281,6569466125,CCS滋滋,f,https://m.weibo.cn/u/6569466125?launchid=10000360-page_H5,"https://tvax4.sinaimg.cn/crop.0.0.540.540.180/007aAOf3ly8i3ex45l0daj30f00f0dg8.jpg?KID=imgbed,tva&Expires=1778663083&ssig=SRAr1Ot%2Fsi",search_comments_2026-05-13.csv,search_comment,两个人的笑容都好甜美啊,True,False
5298092154028205,1778675865,2026-05-13 12:37:45+08:00,5298091349772565,好美，感觉笑之后更美了,0,5,1778652290079,湖北,5298092154028205,5705836856,3天饿9顿啊,f,https://m.weibo.cn/u/5705836856?launchid=10000360-page_H5,"https://tvax4.sinaimg.cn/crop.0.0.512.512.180/006e96OIly8hwrffyz3spj30e80e874s.jpg?KID=imgbed,tva&Expires=1778663090&ssig=EJUQVXXO6f",search_comments_2026-05-13.csv,search_comment,好美感觉笑之后更美了,True,False
5298092049958518,1778675841,2026-05-13 12:37:21+08:00,5298091349772565,现在是越来越厉害了呀,0,4,1778652290081,山西,5298092049958518,7930404540,七月的咣,f,https://m.weibo.cn/u/7930404540?launchid=10000360-page_H5,"https://tvax4.sinaimg.cn/crop.0.0.1000.1000.180/008EHauEly8ibqytsmfgaj30rs0rsjss.jpg?KID=imgbed,tva&Expires=1778663090&ssig=Ozr5YTCue1",search_comments_2026-05-13.csv,search_comment,现在是越来越厉害了呀,True,False
5298094679261361,1778676467,2026-05-13 12:47:47+08:00,5298091349772565,长大的森碟和她一模一样啊,0,4,1778652290084,云南,5298094679261361,6136712663,郁小周_,f,https://m.weibo.cn/u/6136712663?launchid=10000360-page_H5,"https://tvax1.sinaimg.cn/crop.0.0.828.828.180/006Hj1ivly8hhha8qoc6cj30n00n00tv.jpg?KID=imgbed,tva&Expires=1778663090&ssig=9acpOdVJVs",search_comments_2026-05-13.csv,search_comment,长大的森碟和她一模一样啊,True,False
5298091743772942,1778675767,2026-05-13 12:36:07+08:00,5298091448077404,大家喜欢李小冉吗,2,2,1778652296478,安徽,5298091743772942,6339299742,来一碗车厘子-,m,https://m.weibo.cn/u/6339299742?launchid=10000360-page_H5,"https://tvax1.sinaimg.cn/crop.0.1.1078.1078.180/006V13s2ly8i99k1o7r0xj30ty0u00v6.jpg?KID=imgbed,tva&Expires=1778663096&ssig=ZcnrgnQcAP",search_comments_2026-05-13.csv,search_comment,大家喜欢李小冉吗,True,False
5298092742019837,1778676006,2026-05-13 12:40:06+08:00,5298091448077404,都特别青春活力,0,1,1778652296481,天津,5298092742019837,7279617703,-可乐要加冰鸭-,f,https://m.weibo.cn/u/7279617703?launchid=10000360-page_H5,"https://tvax4.sinaimg.cn/crop.0.0.1080.1080.180/007WEx6Lly8ibvz2vak6tj30u00u0aen.jpg?KID=imgbed,tva&Expires=1778663096&ssig=N3MwsOOPF0",search_comments_2026-05-13.csv,search_comment,都特别青春活力,True,False
5298092848972236,1778676031,2026-05-13 12:40:31+08:00,5298091448077404,都一样笑起来很明媚，都很爱笑,0,0,1778652296482,辽宁,5298092848972236,1672073060,芝麻逗点,f,https://m.weibo.cn/u/1672073060?launchid=10000360-page_H5,"https://tvax3.sinaimg.cn/crop.0.0.1080.1080.180/63a9cf64ly8icwl2u8cknj20u00u0q70.jpg?KID=imgbed,tva&Expires=1778663096&ssig=Z9egtt%2FfZp",search_comments_2026-05-13.csv,search_comment,都一样笑起来很明媚都很爱笑,True,False
5298101968964690,1778678206,2026-05-13 13:16:46+08:00,5298098716805004,笑起来的李小冉真挺有少女感的,1,0,1778652302828,福建,5298101968964690,7901305673,萌宠呆呆酱,f,https://m.weibo.cn/u/7901305673?launchid=10000360-page_H5,"https://tvax2.sinaimg.cn/crop.0.40.999.999.180/008CJ4y5ly8i0lkvjmht9j30rr0u0dik.jpg?KID=imgbed,tva&Expires=1778663102&ssig=N5%2F77I8w2r",search_comments_2026-05-13.csv,search_comment,笑起来的李小冉真挺有少女感的,True,False
5298102405694921,1778678310,2026-05-13 13:18:30+08:00,5298098716805004,李小冉的状态真好呀,1,0,1778652302833,河南,5298102405694921,7852253417,晴溪荷韵,f,https://m.weibo.cn/u/7852253417?launchid=10000360-page_H5,"https://tvax3.sinaimg.cn/crop.0.0.1080.1080.180/008zpfOFly8i7z9clotgej30u00u00w9.jpg?KID=imgbed,tva&Expires=1778663102&ssig=U6yig35zRf",search_comments_2026-05-13.csv,search_comment,李小冉的状态真好呀,True,False
5298102233992117,1778678269,2026-05-13 13:17:49+08:00,5298098716805004,真的好美呀,0,0,1778652302837,河南,5298102233992117,5982524273,巴黎的春天20110,f,https://m.weibo.cn/u/5982524273?launchid=10000360-page_H5,"https://tvax2.sinaimg.cn/crop.0.0.829.829.180/006wS3QZly8i5uquo6glvj30n10n1acr.jpg?KID=imgbed,tva&Expires=1778663102&ssig=EEPViyPpf6",search_comments_2026-05-13.csv,search_comment,真的好美呀,True,False
5298095593620942,1778676686,2026-05-13 12:51:26+08:00,5298095517597926,你喜欢李小冉吗,2,3,1778652309320,江西,5298095593620942,7254829762,予川茗缇,m,https://m.weibo.cn/u/7254829762?launchid=10000360-page_H5,"https://tvax2.sinaimg.cn/crop.0.0.1080.1080.180/007UYwDgly8id3p96groej30u00u0wg2.jpg?KID=imgbed,tva&Expires=1778663109&ssig=Ze1mp%2Fr%2BGX",search_comments_2026-05-13.csv,search_comment,你喜欢李小冉吗,True,False
5298097266889034,1778677085,2026-05-13 12:58:05+08:00,5298095517597926,满40减30的脸蛋,1,2,1778652309324,江西,5298097266889034,7695187743,学长我们是不是有点暧昧了,f,https://m.weibo.cn/u/7695187743?launchid=10000360-page_H5,"https://tvax3.sinaimg.cn/crop.0.0.359.359.180/008oMdRlly8icnfbhgrh6j309z09zaa3.jpg?KID=imgbed,tva&Expires=1778663109&ssig=Eky%2BefDCOg",search_comments_2026-05-13.csv,search_comment,满40减30的脸蛋,True,False
5298098048075424,1778677271,2026-05-13 13:01:11+08:00,5298095517597926,这个笑容简直太甜了,0,2,1778652309326,山东,5298098048075424,7740148591,京桐魚,m,https://m.weibo.cn/u/7740148591?launchid=10000360-page_H5,"https://tvax1.sinaimg.cn/crop.0.0.1080.1080.180/008rOSejly8id1q2srknkj30u00u0did.jpg?KID=imgbed,tva&Expires=1778663109&ssig=Sq9LiRHWaD",search_comments_2026-05-13.csv,search_comment,这个笑容简直太甜了,True,False
5298089452897855,1778675222,2026-05-13 12:27:02+08:00,5298057075761289,哥的亦菲真心好看,0,8,1778652382354,内蒙古,5298089452897855,7825338643,旻昊1891217,m,https://m.weibo.cn/u/7825338643?launchid=10000360-page_H5,"https://tvax2.sinaimg.cn/crop.0.0.1080.1080.180/008xAk3ply8hkwl2tx7z6j30u00u0wgh.jpg?KID=imgbed,tva&Expires=1778663182&ssig=UGYpG2lVwl",search_comments_2026-05-13.csv,search_comment,哥的亦菲真心好看,True,False
5298089357477069,1778675199,2026-05-13 12:26:39+08:00,5298057075761289,美国人回家，还要在中国买通稿,0,21,1778652382356,湖南,5298089357477069,6415897208,facairich88,f,https://m.weibo.cn/u/6415897208?launchid=10000360-page_H5,"https://tvax4.sinaimg.cn/crop.0.0.257.257.180/0070crX2ly8i43984wxizj3075075t8t.jpg?KID=imgbed,tva&Expires=1778663182&ssig=i%2Bw24mOo8H",search_comments_2026-05-13.csv,search_comment,美国人回家还要在中国买通稿,True,False
5298099513725045,1778677621,2026-05-13 13:07:01+08:00,5298077411312568,就这个身材比例妙啊,1,2,1778652388743,广东,5298099513725045,6203504382,一念卿澄,f,https://m.weibo.cn/u/6203504382?launchid=10000360-page_H5,"https://tvax4.sinaimg.cn/crop.0.0.1045.1045.180/006LPgSily8i2t4yz4tddj30t10t10v2.jpg?KID=imgbed,tva&Expires=1778663188&ssig=yRTejidkVs",search_comments_2026-05-13.csv,search_comment,就这个身材比例妙啊,True,False
5298097966286363,1778677252,2026-05-13 13:00:52+08:00,5298077411312568,带帽子的就是刘亦菲,1,3,1778652388748,福建,5298097966286363,6892945659,光明使者2021abc,m,https://m.weibo.cn/u/6892945659?launchid=10000360-page_H5,"https://tvax2.sinaimg.cn/crop.0.0.1002.1002.180/007wu62Tly8gwvx3qg6qmj30ru0ruwff.jpg?KID=imgbed,tva&Expires=1778663188&ssig=4nHLuJvxjF",search_comments_2026-05-13.csv,search_comment,带帽子的就是刘亦菲,True,False
5298089231127316,1778675169,2026-05-13 12:26:09+08:00,5298077411312568,好白的大长腿，皮肤真的好白,1,4,1778652388749,湖北,5298089231127316,6244085708,你以为你是刘亦菲啊c,f,https://m.weibo.cn/u/6244085708?launchid=10000360-page_H5,"https://tvax3.sinaimg.cn/crop.0.0.1080.1080.180/006OzxVOly8ib1kxrd9koj30u00u042v.jpg?KID=imgbed,tva&Expires=1778663188&ssig=6P230G%2FSl3",search_comments_2026-05-13.csv,search_comment,好白的大长腿皮肤真的好白,True,False
5298103330539064,1778678531,2026-05-13 13:22:11+08:00,5298091599073285,迪士尼公主真的是全球最大、最经久不衰的IP之一了，刘亦菲亚洲唯一迪士尼公主代表，全球大爆的最有影响力的东方女性角色，花木兰真的是天仙的全球超级养老保险,1,4,1778652395173,山东,5298103330539064,5908135476,FurryPuff__,f,https://m.weibo.cn/u/5908135476?launchid=10000360-page_H5,"https://tvax3.sinaimg.cn/crop.0.0.1080.1080.180/006rPVVGly8i68287x05nj30u00u0adb.jpg?KID=imgbed,tva&Expires=1778663195&ssig=530tSHzeYz",search_comments_2026-05-13.csv,search_comment,迪士尼公主真的是全球最大最经久不衰的IP之一了刘亦菲亚洲唯一迪士尼公主代表全球大爆的最有影响力的东方女性角色花木兰真的是天仙的全球超级养老保险,True,False
5298103025669650,1778678458,2026-05-13 13:20:58+08:00,5298091599073285,大爱，真公主刘亦菲，太强悍了,1,4,1778652395177,广东,5298103025669650,5559235924,贝布卡,f,https://m.weibo.cn/u/5559235924?launchid=10000360-page_H5,"https://tvax2.sinaimg.cn/crop.0.0.1080.1080.180/0064dZdyly8ibj508rx9kj30u00u041a.jpg?KID=imgbed,tva&Expires=1778663195&ssig=cOyn7jT6zH",search_comments_2026-05-13.csv,search_comment,大爱真公主刘亦菲太强悍了,True,False
5298083778790158,1778673869,2026-05-13 12:04:29+08:00,5298082050738570,刘亦菲整个人的状态太美了,1,5,1778652401533,上海,5298083778790158,5822219205,爱笑的慧慧ZZ,f,https://m.weibo.cn/u/5822219205?launchid=10000360-page_H5,"https://tvax4.sinaimg.cn/crop.0.0.1080.1080.180/006m1rbnly8iafz4dhnwmj30u00u0jst.jpg?KID=imgbed,tva&Expires=1778663201&ssig=K2Nc7JQIKf",search_comments_2026-05-13.csv,search_comment,刘亦菲整个人的状态太美了,True,False
5298085987093454,1778674396,2026-05-13 12:13:16+08:00,5298082050738570,刘亦菲走到哪里都自带仙气,1,2,1778652401537,安徽,5298085987093454,7496500017,雾中藏诗-AAA,f,https://m.weibo.cn/u/7496500017?launchid=10000360-page_H5,"https://tvax1.sinaimg.cn/crop.0.0.1080.1080.180/008bky6Bly8iagru8tqhcj30u00u00vs.jpg?KID=imgbed,tva&Expires=1778663201&ssig=nrV5BBwHMc",search_comments_2026-05-13.csv,search_comment,刘亦菲走到哪里都自带仙气,True,False
5298087692076233,1778674802,2026-05-13 12:20:02+08:00,5298082050738570,这也太漂亮了,0,1,1778652401539,江苏,5298087692076233,2291339513,一品一晶,f,https://m.weibo.cn/u/2291339513?launchid=10000360-page_H5,"https://tvax3.sinaimg.cn/crop.0.0.1080.1080.180/889310f9ly8i29uy0ky2yj20u00u03zr.jpg?KID=imgbed,tva&Expires=1778663201&ssig=GWLdS6O%2Byi",search_comments_2026-05-13.csv,search_comment,这也太漂亮了,True,False
5298078563173560,1778672626,2026-05-13 11:43:46+08:00,5298078362109646,这都能被认出来也是没谁了,2,12,1778652407988,安徽,5298078563173560,5127451327,天宫于,f,https://m.weibo.cn/u/5127451327?launchid=10000360-page_H5,"https://tvax4.sinaimg.cn/crop.0.0.1080.1080.180/005B0gjRly8id3ngf950dj30u00u0gpp.jpg?KID=imgbed,tva&Expires=1778663208&ssig=9D88ewze2x",search_comments_2026-05-13.csv,search_comment,这都能被认出来也是没谁了,True,False
5298078504452300,1778672611,2026-05-13 11:43:31+08:00,5298078362109646,感觉状态很好,1,9,1778652407992,安徽,5298078504452300,5127451327,天宫于,f,https://m.weibo.cn/u/5127451327?launchid=10000360-page_H5,"https://tvax4.sinaimg.cn/crop.0.0.1080.1080.180/005B0gjRly8id3ngf950dj30u00u0gpp.jpg?KID=imgbed,tva&Expires=1778663208&ssig=9D88ewze2x",search_comments_2026-05-13.csv,search_comment,感觉状态很好,True,False
5298080123717311,1778672998,2026-05-13 11:49:58+08:00,5298078362109646,刘亦菲自在随性，眉眼温柔 原来童话里的公主，真的会来到人间,1,6,1778652407998,安徽,5298080123717311,7741408176,铺盖里的被窝,f,https://m.weibo.cn/u/7741408176?launchid=10000360-page_H5,"https://tvax4.sinaimg.cn/crop.0.0.790.790.180/008rU9Ucly8id1c5ei2tlj30ly0lyjry.jpg?KID=imgbed,tva&Expires=1778663208&ssig=eEfMfotUts",search_comments_2026-05-13.csv,search_comment,刘亦菲自在随性眉眼温柔 原来童话里的公主真的会来到人间,True,False
5298097484727044,1778677137,2026-05-13 12:58:57+08:00,5298096759901896,刘亦菲这松弛劲儿真豪爽！比打仗还勇猛，俺服气！,1,1,1778652414354,AI生成内容,5298097484727044,7895700062,勇武张飞,m,https://m.weibo.cn/u/7895700062?launchid=10000360-page_H5,"https://tvax4.sinaimg.cn/crop.0.0.1080.1080.180/008Clyh0ly8hlvonu8e5ej30u00u00ud.jpg?KID=imgbed,tva&Expires=1778663214&ssig=7mQFKu1avP",search_comments_2026-05-13.csv,search_comment,刘亦菲这松弛劲儿真豪爽比打仗还勇猛俺服气,True,False
5298097865623585,1778677228,2026-05-13 13:00:28+08:00,5298096759901896,@微博智搜 刘亦菲美嘛,1,1,1778652414359,安徽,5298097865623585,7649703521,拿瓶水吧,f,https://m.weibo.cn/u/7649703521?launchid=10000360-page_H5,"https://tvax3.sinaimg.cn/crop.0.0.1080.1080.180/008lHnkRly8icftvpc55hj30u00u0770.jpg?KID=imgbed,tva&Expires=1778663214&ssig=LAeKVgggvr",search_comments_2026-05-13.csv,search_comment, 刘亦菲美嘛,True,False
5298097477648795,1778677134,2026-05-13 12:58:54+08:00,5298096759901896,真正的公主不用刻意打扮装样子，骨子里自带温柔大气，走到哪都是自带气场,0,1,1778652414363,安徽,5298097477648795,7649703521,拿瓶水吧,f,https://m.weibo.cn/u/7649703521?launchid=10000360-page_H5,"https://tvax3.sinaimg.cn/crop.0.0.1080.1080.180/008lHnkRly8icftvpc55hj30u00u0770.jpg?KID=imgbed,tva&Expires=1778663214&ssig=LAeKVgggvr",search_comments_2026-05-13.csv,search_comment,真正的公主不用刻意打扮装样子骨子里自带温柔大气走到哪都是自带气场,True,False
5298036873888081,1778662685,2026-05-13 08:58:05+08:00,5298035778389316,这样又能赚到钱又开心,1,71,1778652467349,山东,5298036873888081,7799150698,焦焦脆松木q,f,https://m.weibo.cn/u/7799150698?launchid=10000360-page_H5,"https://tvax3.sinaimg.cn/crop.0.0.824.824.180/008vOrncly8hw7o2obublj30mw0mwgmf.jpg?KID=imgbed,tva&Expires=1778663267&ssig=HDzKmK61cJ",search_comments_2026-05-13.csv,search_comment,这样又能赚到钱又开心,True,False
5298036823557509,1778662674,2026-05-13 08:57:54+08:00,5298035778389316,第一个想出来的真的是天才,0,28,1778652467354,山东,5298036823557509,7863319002,睡觉别有心事,m,https://m.weibo.cn/u/7863319002?launchid=10000360-page_H5,"https://tvax3.sinaimg.cn/crop.0.0.690.690.180/008A9GtQly8i741v73878j30j60j63zb.jpg?KID=imgbed,tva&Expires=1778663267&ssig=v%2FW2VEsUup",search_comments_2026-05-13.csv,search_comment,第一个想出来的真的是天才,True,False
5298036882279271,1778662688,2026-05-13 08:58:08+08:00,5298035778389316,这想到这个方式也是个天才，太绝了。,0,28,1778652467357,河北,5298036882279271,7123926683,我的好得不到回报,m,https://m.weibo.cn/u/7123926683?launchid=10000360-page_H5,"https://tvax2.sinaimg.cn/crop.0.0.132.132.180/007M7gLhly4g2t32cvgx0j303o03o3ya.jpg?KID=imgbed,tva&Expires=1778663267&ssig=lcubm2o271",search_comments_2026-05-13.csv,search_comment,这想到这个方式也是个天才太绝了,True,False
5298082461254891,1778673555,2026-05-13 11:59:15+08:00,5298078871719511,你现在也很棒呀,1,0,1778652473778,山东,5298082461254891,7894599959,小悦莹呀,f,https://m.weibo.cn/u/7894599959?launchid=10000360-page_H5,"https://tvax2.sinaimg.cn/crop.0.0.986.986.180/008CgW5ply8i57p5476gvj30re0read3.jpg?KID=imgbed,tva&Expires=1778663273&ssig=bo9hrJU2eQ",search_comments_2026-05-13.csv,search_comment,你现在也很棒呀,True,False
5298083640641464,1778673836,2026-05-13 12:03:56+08:00,5298078871719511,你好厉害 羡慕呢,0,0,1778652473782,安徽,5298083640641464,3196738400,格子上的猫,f,https://m.weibo.cn/u/3196738400?launchid=10000360-page_H5,"https://tvax3.sinaimg.cn/crop.0.0.1080.1080.180/be8a5b60ly8i8ve43smrwj20u00u0q5g.jpg?KID=imgbed,tva&Expires=1778663273&ssig=Yw9jtGfdRC",search_comments_2026-05-13.csv,search_comment,你好厉害 羡慕呢,True,False
5298081637600458,1778673359,2026-05-13 11:55:59+08:00,5298078871719511,这个收入，羡慕了,0,0,1778652473786,山东,5298081637600458,6330609866,美美小太阳123,f,https://m.weibo.cn/u/6330609866?launchid=10000360-page_H5,"https://tvax4.sinaimg.cn/crop.0.0.1080.1080.180/006UqAOKly8hy7d7lyykzj30u00u1gnz.jpg?KID=imgbed,tva&Expires=1778663273&ssig=AqHryLdd1R",search_comments_2026-05-13.csv,search_comment,这个收入羡慕了,True,False
5298094142915802,1778676340,2026-05-13 12:45:40+08:00,5298083589259885,代写情书，不是可以交给AI吗,1,0,1778652480131,四川,5298094142915802,5561117095,翩翩苏内河,f,https://m.weibo.cn/u/5561117095?launchid=10000360-page_H5,"https://tva2.sinaimg.cn/crop.0.0.132.132.180/0064lSB1jw8erunhmmp74j303o03odfl.jpg?KID=imgbed,tva&Expires=1778663280&ssig=ZOHGK5j3SH",search_comments_2026-05-13.csv,search_comment,代写情书不是可以交给AI吗,True,False
5298084332177505,1778674001,2026-05-13 12:06:41+08:00,5298083589259885,努力搞钱的日子是最踏实的,0,0,1778652480133,山西,5298084332177505,7831694548,知足常饹,f,https://m.weibo.cn/u/7831694548?launchid=10000360-page_H5,"https://tvax4.sinaimg.cn/crop.1.0.1078.1078.180/008y0Zw0ly8i1l2wfz6phj30u00tydna.jpg?KID=imgbed,tva&Expires=1778663280&ssig=RyBCznlfG2",search_comments_2026-05-13.csv,search_comment,努力搞钱的日子是最踏实的,True,False
5298084360751597,1778674008,2026-05-13 12:06:48+08:00,5298083589259885,打工人谁不想多赚点,0,0,1778652480135,辽宁,5298084360751597,7930390243,娱BanBan,f,https://m.weibo.cn/u/7930390243?launchid=10000360-page_H5,"https://tvax4.sinaimg.cn/crop.0.0.1080.1080.180/008EH6M3ly8i4mgl7yi2kj30u00u0goo.jpg?KID=imgbed,tva&Expires=1778663280&ssig=TCrrqnZkCz",search_comments_2026-05-13.csv,search_comment,打工人谁不想多赚点,True,False
5298095787345335,1778676732,2026-05-13 12:52:12+08:00,5298094180403806,还是人家会,0,3,1778652486527,北京,5298095787345335,6870190351,郭沬若,f,https://m.weibo.cn/u/6870190351?launchid=10000360-page_H5,"https://tvax4.sinaimg.cn/crop.0.0.674.674.180/007uWClNly8gci1b8znmmj30iq0irdgn.jpg?KID=imgbed,tva&Expires=1778663286&ssig=DxY%2F%2BGMOhp",search_comments_2026-05-13.csv,search_comment,还是人家会,True,False
5298107155747089,1778679443,2026-05-13 13:37:23+08:00,5298105509478727,我的那个乖乖,2,0,1778652492880,山东,5298107155747089,5568566883,小兮呃,f,https://m.weibo.cn/u/5568566883?launchid=10000360-page_H5,"https://tva1.sinaimg.cn/crop.0.0.720.720.180/0064R8CTjw8eqxd5npipuj30k00k0aaj.jpg?KID=imgbed,tva&Expires=1778663292&ssig=kdWmWEd7AC",search_comments_2026-05-13.csv,search_comment,我的那个乖乖,True,False
5298112212239068,1778680648,2026-05-13 13:57:28+08:00,5298105509478727,那是为啥呢？纯风景照又不是自己拍的，有什么意思,1,0,1778652492882,北京,5298112212239068,6255076321,不活跃小小驹,f,https://m.weibo.cn/u/6255076321?launchid=10000360-page_H5,"https://tvax4.sinaimg.cn/crop.0.0.1002.1002.180/006PjF5Lly8gf28twpoudj30ru0ruq4z.jpg?KID=imgbed,tva&Expires=1778663292&ssig=%2Fdm%2B1ly4Ml",search_comments_2026-05-13.csv,search_comment,那是为啥呢纯风景照又不是自己拍的有什么意思,True,False
5298107447510617,1778679512,2026-05-13 13:38:32+08:00,5298105509478727,这个思路好适合会拍照的人,2,0,1778652492884,重庆,5298107447510617,5746340317,爱笑涵宝,f,https://m.weibo.cn/u/5746340317?launchid=10000360-page_H5,"https://tvax1.sinaimg.cn/crop.0.0.1080.1080.180/006gT3Clly8ic0quvxg19j30u00u0adh.jpg?KID=imgbed,tva&Expires=1778663292&ssig=goec77VSL6",search_comments_2026-05-13.csv,search_comment,这个思路好适合会拍照的人,True,False
5298103781426669,1778678638,2026-05-13 13:23:58+08:00,5298103081239602,那真的是很厉害的那种感觉,0,4,1778652499253,河南,5298103781426669,7795066638,武玉玉起飞,m,https://m.weibo.cn/u/7795066638?launchid=10000360-page_H5,"https://tvax2.sinaimg.cn/crop.0.0.1079.1079.180/008vxiVgly8i8sslomp5tj30tz0u0gns.jpg?KID=imgbed,tva&Expires=1778663299&ssig=oEMA5qTUeO",search_comments_2026-05-13.csv,search_comment,那真的是很厉害的那种感觉,True,False
5298103760717754,1778678633,2026-05-13 13:23:53+08:00,5298103081239602,蹲住直播间好运马上就来咯 ,0,2,1778652499258,湖北,5298103760717754,5859303606,明天就吃盖浇饭,f,https://m.weibo.cn/u/5859303606?launchid=10000360-page_H5,"https://tvax4.sinaimg.cn/crop.0.0.1080.1080.180/006ox2wSly8hrb5ao45wdj30u00u075r.jpg?KID=imgbed,tva&Expires=1778663299&ssig=mbrUFsvEx0",search_comments_2026-05-13.csv,search_comment,蹲住直播间好运马上就来咯 ,True,False
5298103737387707,1778678628,2026-05-13 13:23:48+08:00,5298103081239602,非常棒的活动,0,3,1778652499262,山东,5298103737387707,5209764359,雷霆哈啦少6,f,https://m.weibo.cn/u/5209764359?launchid=10000360-page_H5,"https://tvax4.sinaimg.cn/crop.0.0.1080.1080.180/005GzDHply8i90yvj8x4vj30u00u0jtb.jpg?KID=imgbed,tva&Expires=1778663299&ssig=IDF%2BkXpAYj",search_comments_2026-05-13.csv,search_comment,非常棒的活动,True,False
5298099507169155,1778677619,2026-05-13 13:06:59+08:00,5298098572362945,我的天呐，这么好的福利，赶紧冲,0,7,1778652522024,四川,5298099507169155,7351394235,恐龙来了快跑吖,f,https://m.weibo.cn/u/7351394235?launchid=10000360-page_H5,"https://tvax2.sinaimg.cn/crop.0.0.690.690.180/0081vHsLly8ho2a3mq6acj30j60j6ta3.jpg?KID=imgbed,tva&Expires=1778663322&ssig=eISFc8Urpq",search_comments_2026-05-13.csv,search_comment,我的天呐这么好的福利赶紧冲,True,False
5298099423021034,1778677599,2026-05-13 13:06:39+08:00,5298098572362945,哇，这个活动太划算了，我要参加。,0,8,1778652522027,江苏,5298099423021034,6651687486,包包怼怼,f,https://m.weibo.cn/u/6651687486?launchid=10000360-page_H5,"https://tvax1.sinaimg.cn/crop.0.0.1000.1000.180/007g9NM2ly8i3rifbtesej30rs0rsglq.jpg?KID=imgbed,tva&Expires=1778663322&ssig=ou9qYf8cNq",search_comments_2026-05-13.csv,search_comment,哇这个活动太划算了我要参加,True,False
5298099553832283,1778677630,2026-05-13 13:07:10+08:00,5298098572362945,简直太省钱了，以前的我简直是在花冤枉钱。,0,6,1778652522030,江苏,5298099553832283,7939581998,才不是甜甜圈,f,https://m.weibo.cn/u/7939581998?launchid=10000360-page_H5,"https://tvax2.sinaimg.cn/crop.0.0.1080.1080.180/008FjFYaly8hu3xwxa7xqj30u00u0q6b.jpg?KID=imgbed,tva&Expires=1778663322&ssig=4U4MvLEDXP",search_comments_2026-05-13.csv,search_comment,简直太省钱了以前的我简直是在花冤枉钱,True,False
5298110223877516,1778680174,2026-05-13 13:49:34+08:00,5298083697266505,评论区主要围绕张凌赫的聊天风格展开，45%的评论认为其简短回复和风景头像很&quot;摩羯座&quot;，凸显沉稳细腻；20%称赞他与金靖互动有趣、情商高；15%质疑星座标签过于片面；另有20%借机安利其B站纪录片《凌探未来》及待播剧。整体氛围轻松欢乐，聚焦性...查看最新戳-&gt;微博智搜,1,3,1778652535487,微博智搜AI生成,5298110223877516,7892270010,微博智搜,f,https://m.weibo.cn/u/7892270010?launchid=10000360-page_H5,"https://tvax2.sinaimg.cn/crop.0.0.1080.1080.180/008C79XAly8i5grzh416kj30u00u0t8z.jpg?KID=imgbed,tva&Expires=1778663335&ssig=xNXkKLaAkd",search_comments_2026-05-13.csv,search_comment,评论区主要围绕张凌赫的聊天风格展开45的评论认为其简短回复和风景头像很quot摩羯座quot凸显沉稳细腻20称赞他与金靖互动有趣情商高15质疑星座标签过于片面另有20借机安利其B站纪录片凌探未来及待播剧整体氛围轻松欢乐聚焦性查看最新戳gt微博智搜,True,False
5298109081195602,1778679902,2026-05-13 13:45:02+08:00,5298083697266505,张凌赫是很有事业心也很有趣的摩羯男,0,116,1778652535492,上海,5298109081195602,6257955603,予君以夜,f,https://m.weibo.cn/u/6257955603?launchid=10000360-page_H5,"https://tvax4.sinaimg.cn/crop.0.0.960.960.180/006PvK7Nly8iaplz34acij30qo0qo76z.jpg?KID=imgbed,tva&Expires=1778663335&ssig=ovT2AfCCEo",search_comments_2026-05-13.csv,search_comment,张凌赫是很有事业心也很有趣的摩羯男,True,False
5298109477553082,1778679996,2026-05-13 13:46:36+08:00,5298083697266505,从聊天就能窥见性格哈哈哈头像是风景照沉稳细腻自带温柔氛围感的摩羯男张凌赫诚邀大家周五十一点来b站看纪录片《凌探未来》 查看图片,3,86,1778652535495,福建,5298109477553082,7492609001,泅渡泠赫,f,https://m.weibo.cn/u/7492609001?launchid=10000360-page_H5,"https://tvax4.sinaimg.cn/crop.0.0.1024.1024.180/008b4dShly8id1qj6tp0ej30sg0sgadr.jpg?KID=imgbed,tva&Expires=1778663335&ssig=ElFAM6iUkc",search_comments_2026-05-13.csv,search_comment,从聊天就能窥见性格哈哈哈头像是风景照沉稳细腻自带温柔氛围感的摩羯男张凌赫诚邀大家周五十一点来b站看纪录片凌探未来 查看图片,True,False
5298104930667881,1778678912,2026-05-13 13:28:32+08:00,5298102487745340,张凌赫怎么可以没有一点缺点？,1,3,1778652541942,北京,5298104930667881,7923757950,大好一棵树,m,https://m.weibo.cn/u/7923757950?launchid=10000360-page_H5,"https://tvax2.sinaimg.cn/crop.0.0.600.600.180/008EfhpAly8i30tf9wzptj30go0goq7l.jpg?KID=imgbed,tva&Expires=1778663342&ssig=cJmUyWIF7C",search_comments_2026-05-13.csv,search_comment,张凌赫怎么可以没有一点缺点,True,False
5298107198996655,1778679452,2026-05-13 13:37:32+08:00,5298102487745340,张凌赫的确是太优秀了,1,0,1778652541947,广东,5298107198996655,2579096002,熙尘万物看侃吧,f,https://m.weibo.cn/u/2579096002?launchid=10000360-page_H5,"https://tvax2.sinaimg.cn/crop.0.0.1080.1080.180/99b9e1c2ly8ib8m3yf9xoj20u00u0abt.jpg?KID=imgbed,tva&Expires=1778663342&ssig=T%2Fo9iLIude",search_comments_2026-05-13.csv,search_comment,张凌赫的确是太优秀了,True,False
5298110324015159,1778680197,2026-05-13 13:49:57+08:00,5298107395080266,期待张凌赫这一秒过火,3,6,1778652548288,广东,5298110324015159,7575325228,茸尾诗,m,https://m.weibo.cn/u/7575325228?launchid=10000360-page_H5,"https://tvax1.sinaimg.cn/crop.0.0.1080.1080.180/008gFi8Yly8id0yyvwuqfj30u00u0gml.jpg?KID=imgbed,tva&Expires=1778663348&ssig=sD9miwv8OY",search_comments_2026-05-13.csv,search_comment,期待张凌赫这一秒过火,True,False
5298111155011916,1778680396,2026-05-13 13:53:16+08:00,5298107395080266,张凌赫确实挺符合摩羯座的,0,1,1778652548295,陕西,5298111155011916,7729362249,恶女训,m,https://m.weibo.cn/u/7729362249?launchid=10000360-page_H5,"https://tvax3.sinaimg.cn/crop.0.0.828.828.180/008r5Cd3ly8id1j9zei1rj30n00n0jsd.jpg?KID=imgbed,tva&Expires=1778663348&ssig=BM1d7Zgt3z",search_comments_2026-05-13.csv,search_comment,张凌赫确实挺符合摩羯座的,True,False
5298112423789093,1778680699,2026-05-13 13:58:19+08:00,5298107395080266,又争又抢才有名分啊,0,1,1778652548299,四川,5298112423789093,5648673787,昼梦晚期,m,https://m.weibo.cn/u/5648673787?launchid=10000360-page_H5,"https://tvax3.sinaimg.cn/crop.0.0.512.512.180/006ahg5Jly8icme55yd8yj30e80e8gn0.jpg?KID=imgbed,tva&Expires=1778663348&ssig=YRTTZMHqox",search_comments_2026-05-13.csv,search_comment,又争又抢才有名分啊,True,False
5298111581783664,1778680498,2026-05-13 13:54:58+08:00,5298103685219011,路过都笑了，互动太暖。,2,1,1778652554790,北京,5298111581783664,2111201323,动漫风火轮,f,https://m.weibo.cn/u/2111201323?launchid=10000360-page_H5,"https://tvax3.sinaimg.cn/crop.0.0.904.904.180/7dd6602bly8hyiu21p1evj20p40p4tao.jpg?KID=imgbed,tva&Expires=1778663354&ssig=LaxZXKWACL",search_comments_2026-05-13.csv,search_comment,路过都笑了互动太暖,True,False
5298107541622153,1778679535,2026-05-13 13:38:55+08:00,5298103685219011,全是心眼子,2,1,1778652554793,四川,5298107541622153,2722905027,语不留,m,https://m.weibo.cn/u/2722905027?launchid=10000360-page_H5,"https://tvax3.sinaimg.cn/crop.0.0.1080.1080.180/a24c3bc3ly8i5rgc0hkxaj20u00u0dhk.jpg?KID=imgbed,tva&Expires=1778663354&ssig=quxRdgy%2FoW",search_comments_2026-05-13.csv,search_comment,全是心眼子,True,False
5298105509480727,1778679050,2026-05-13 13:30:50+08:00,5298103685219011,哈哈，拿捏拿捏了,2,1,1778652554796,江西,5298105509480727,6573666710,绑娜娜,f,https://m.weibo.cn/u/6573666710?launchid=10000360-page_H5,"https://tvax4.sinaimg.cn/crop.0.0.1080.1080.180/007aSr0qly8id2xd8af88j30u00u0dih.jpg?KID=imgbed,tva&Expires=1778663354&ssig=v3cK82lRf%2B",search_comments_2026-05-13.csv,search_comment,哈哈拿捏拿捏了,True,False
5298106566706988,1778679302,2026-05-13 13:35:02+08:00,5298104851236142,宝藏男孩爱了,2,4,1778652561233,福建,5298106566706988,5022309654,夏雨993,f,https://m.weibo.cn/u/5022309654?launchid=10000360-page_H5,"https://tvax1.sinaimg.cn/crop.0.0.690.690.180/005tT6aqly8icj1z69y53j30j60j6dhn.jpg?KID=imgbed,tva&Expires=1778663361&ssig=1f%2BHiLXMsf",search_comments_2026-05-13.csv,search_comment,宝藏男孩爱了,True,False
5298109309519050,1778679956,2026-05-13 13:45:56+08:00,5298104851236142,摩羯霸气，理智如斯，独爱才值得珍惜。,1,3,1778652561236,四川,5298109309519050,2268867283,好好听哦O,m,https://m.weibo.cn/u/2268867283?launchid=10000360-page_H5,"https://tvax3.sinaimg.cn/crop.0.0.600.600.180/873c2ad3ly8h5e64x05dxj20go0gowfx.jpg?KID=imgbed,tva&Expires=1778663361&ssig=m0But20SMg",search_comments_2026-05-13.csv,search_comment,摩羯霸气理智如斯独爱才值得珍惜,True,False
5298108139572267,1778679677,2026-05-13 13:41:17+08:00,5298104851236142,说的对，这样才能不内耗，多好的,1,3,1778652561240,陕西,5298108139572267,2150026652,只对喜欢的人笑,f,https://m.weibo.cn/u/2150026652?launchid=10000360-page_H5,"https://tva3.sinaimg.cn/crop.12.0.726.726.180/8026cd9cjw8fblhg2bqojj20ku0k6gnc.jpg?KID=imgbed,tva&Expires=1778663361&ssig=%2BBbwQNb6c6",search_comments_2026-05-13.csv,search_comment,说的对这样才能不内耗多好的,True,False
5298115323627680,1778681390,2026-05-13 14:09:50+08:00,5298075708686876,以色列可以的！,0,0,1778652630540,广东,5298115323627680,1833672162,青铜狂魔,m,https://m.weibo.cn/u/1833672162?launchid=10000360-page_H5,"https://tvax2.sinaimg.cn/crop.0.0.996.996.180/6d4b9de2ly8fdsf7jl3y4j20ro0rogo4.jpg?KID=imgbed,tva&Expires=1778663430&ssig=KxZMdxisDY",search_comments_2026-05-13.csv,search_comment,以色列可以的,True,False
5298080903595225,1778673184,2026-05-13 11:53:04+08:00,5298078040722697,美国右翼首席喉舌塔克卡尔森去以色列都能被扣在机场，联合国副秘书长算什么。,1,46,1778652636919,广西,5298080903595225,7928147414,飞星云海,m,https://m.weibo.cn/u/7928147414?launchid=10000360-page_H5,"https://tvax4.sinaimg.cn/crop.0.0.1080.1080.180/008ExHjoly8hvohxcgvhvj30u00u0wfq.jpg?KID=imgbed,tva&Expires=1778663436&ssig=Zx3P0ND6Jl",search_comments_2026-05-13.csv,search_comment,美国右翼首席喉舌塔克卡尔森去以色列都能被扣在机场联合国副秘书长算什么,True,False
5298082835071323,1778673643,2026-05-13 12:00:43+08:00,5298078040722697,美国、以色列、日本是当今世界上的三大邪恶轴心国。,5,34,1778652636922,福建,5298082835071323,7884912330,禅悟社,f,https://m.weibo.cn/u/7884912330?launchid=10000360-page_H5,"https://tvax1.sinaimg.cn/default/images/default_avatar_female_180.gif?KID=imgbed,tva&Expires=1778663436&ssig=H81rqTg0GC",search_comments_2026-05-13.csv,search_comment,美国以色列日本是当今世界上的三大邪恶轴心国,True,False
5298083219118367,1778673736,2026-05-13 12:02:16+08:00,5298078040722697,现在的联合国是个屁啊,2,9,1778652636924,辽宁,5298083219118367,5495849385,饼干叔叔嚄,m,https://m.weibo.cn/u/5495849385?launchid=10000360-page_H5,"https://tvax3.sinaimg.cn/crop.0.0.1080.1080.180/005ZW1u1ly8hbrlmkny4cj30u00u0djf.jpg?KID=imgbed,tva&Expires=1778663436&ssig=tIa7gsTu2b",search_comments_2026-05-13.csv,search_comment,现在的联合国是个屁啊,True,False
5298113829930010,1778681034,2026-05-13 14:03:54+08:00,5298113180600099,套用公知们的公式：“这绝对不是个案”，“建议全国严查”，“报出来这一次，肯定已经很多次了，只是没被爆出啦” 怎么可能认错人,0,19,1778652643266,四川,5298113829930010,3225507772,禚kim,f,https://m.weibo.cn/u/3225507772?launchid=10000360-page_H5,"https://tva4.sinaimg.cn/crop.0.0.640.640.180/c04157bcjw8efnhxc3wrwj20hs0hst9a.jpg?KID=imgbed,tva&Expires=1778663443&ssig=wF3zMrrLzQ",search_comments_2026-05-13.csv,search_comment,套用公知们的公式这绝对不是个案建议全国严查报出来这一次肯定已经很多次了只是没被爆出啦 怎么可能认错人,True,False
5298113954712004,1778681064,2026-05-13 14:04:24+08:00,5298113180600099,没直接被打死算命大了,0,2,1778652643269,广东,5298113954712004,7971415935,春雨贵如半斤,f,https://m.weibo.cn/u/7971415935?launchid=10000360-page_H5,"https://tvax1.sinaimg.cn/crop.0.0.1080.1080.180/008HtfqLly8ibvavfu9qvj30u00u0770.jpg?KID=imgbed,tva&Expires=1778663443&ssig=YaSp8St38G",search_comments_2026-05-13.csv,search_comment,没直接被打死算命大了,True,False
5298113761772146,1778681017,2026-05-13 14:03:37+08:00,5298113180600099,怎么？给五常上眼药？,1,0,1778652643271,浙江,5298113761772146,6382124506,GreatSoyBean,m,https://m.weibo.cn/u/6382124506?launchid=10000360-page_H5,"https://tvax3.sinaimg.cn/crop.0.0.600.600.180/006XUK82ly8fmh9zcknaoj30go0goaal.jpg?KID=imgbed,tva&Expires=1778663443&ssig=ngDleeAlSy",search_comments_2026-05-13.csv,search_comment,怎么给五常上眼药,True,False
5298106669204038,1778679326,2026-05-13 13:35:26+08:00,5298102777152790,秘书长被扣，联合国有啥用？,0,0,1778652649617,北京,5298106669204038,3859686595,里个冷q,m,https://m.weibo.cn/u/3859686595?launchid=10000360-page_H5,"https://tvax2.sinaimg.cn/crop.0.0.500.500.180/e60e24c3ly8iav4i6gumzj20dw0dwq3u.jpg?KID=imgbed,tva&Expires=1778663449&ssig=TUtBgYZqyz",search_comments_2026-05-13.csv,search_comment,秘书长被扣联合国有啥用,True,False
5298115331491508,1778681392,2026-05-13 14:09:52+08:00,5298088954825757,敢说真话的明白人,0,0,1778652655940,广东,5298115331491508,2317798073,高浜XT,m,https://m.weibo.cn/u/2317798073?launchid=10000360-page_H5,"https://tvax4.sinaimg.cn/crop.0.0.1080.1080.180/8a26cab9ly8ga7l5wx23kj20u00u0aby.jpg?KID=imgbed,tva&Expires=1778663456&ssig=0rKNXujcwj",search_comments_2026-05-13.csv,search_comment,敢说真话的明白人,True,False
5298095371064184,1778676633,2026-05-13 12:50:33+08:00,5298088954825757,美国以内色列纳粹，地球之癌，无耻的活着。,0,0,1778652655944,重庆,5298095371064184,6088354101,法梦6088354101,m,https://m.weibo.cn/u/6088354101?launchid=10000360-page_H5,"https://tvax1.sinaimg.cn/default/images/default_avatar_male_180.gif?KID=imgbed,tva&Expires=1778663456&ssig=uEAf0AQPmw",search_comments_2026-05-13.csv,search_comment,美国以内色列纳粹地球之癌无耻的活着,True,False
5298099297715184,1778677569,2026-05-13 13:06:09+08:00,5298098541691630,最垃圾最扎心的是：政策鼓吹开始小区居民认真分类，结果风过去了，有一天发现，垃圾车来的时候全部混在一起拉走了。。,21,918,1778652726529,广东,5298099297715184,1792995502,陈昊然,m,https://m.weibo.cn/u/1792995502?launchid=10000360-page_H5,"https://tvax2.sinaimg.cn/crop.0.0.1080.1080.180/6adef0aely8icm2zoeg7nj20u00u0go1.jpg?KID=imgbed,tva&Expires=1778663526&ssig=9FJESkpiPe",search_comments_2026-05-13.csv,search_comment,最垃圾最扎心的是政策鼓吹开始小区居民认真分类结果风过去了有一天发现垃圾车来的时候全部混在一起拉走了,True,False
5298099127849848,1778677529,2026-05-13 13:05:29+08:00,5298098541691630,垃圾分类对大的得宜就是物业 他们节省了好多活儿 以前每层楼都有一个垃圾桶 业主只需要出门就可以扔垃圾 物业保洁每天也会清理干净 现在好了 所有人都必须要下楼才能扔垃圾,15,121,1778652726534,重庆,5298099127849848,1394463947,Ha张了了,f,https://m.weibo.cn/u/1394463947?launchid=10000360-page_H5,"https://tvax2.sinaimg.cn/crop.0.0.1242.1242.180/531dd4cbly8fqjhoulil8j20yi0yi0zb.jpg?KID=imgbed,tva&Expires=1778663526&ssig=51D%2Bt%2F1kkL",search_comments_2026-05-13.csv,search_comment,垃圾分类对大的得宜就是物业 他们节省了好多活儿 以前每层楼都有一个垃圾桶 业主只需要出门就可以扔垃圾 物业保洁每天也会清理干净 现在好了 所有人都必须要下楼才能扔垃圾,True,False
5298102376597129,1778678303,2026-05-13 13:18:23+08:00,5298098541691630,1100°是不是更消耗能源了？,9,8,1778652726538,上海,5298102376597129,2024185524,酒肆恩特布,m,https://m.weibo.cn/u/2024185524?launchid=10000360-page_H5,"https://tvax3.sinaimg.cn/crop.0.0.888.888.180/002cZh7Cly8gt4sq2ba4bj60oo0oomz702.jpg?KID=imgbed,tva&Expires=1778663526&ssig=ggN%2Fbfd6YZ",search_comments_2026-05-13.csv,search_comment,1100是不是更消耗能源了,True,False
5298103927180840,1778678673,2026-05-13 13:24:33+08:00,5298101801977159,因为现在我们可以垃圾利用了。,1,3,1778652733052,四川,5298103927180840,1878371081,时尚小夭,f,https://m.weibo.cn/u/1878371081?launchid=10000360-page_H5,"https://tvax2.sinaimg.cn/crop.0.0.1021.1021.180/6ff5ab09ly8hwobosss25j20sd0sddha.jpg?KID=imgbed,tva&Expires=1778663533&ssig=ZvOBcgQUxe",search_comments_2026-05-13.csv,search_comment,因为现在我们可以垃圾利用了,True,False
5298104652007556,1778678846,2026-05-13 13:27:26+08:00,5298101801977159,科技处理垃圾太厉害，环保又实用！,1,1,1778652733056,浙江,5298104652007556,2661128534,烽火扫地僧,m,https://m.weibo.cn/u/2661128534?launchid=10000360-page_H5,"https://tvax3.sinaimg.cn/crop.0.0.600.600.180/9e9d9956ly8i09l8dlimpj20go0go413.jpg?KID=imgbed,tva&Expires=1778663533&ssig=bbHXZ8hWF5",search_comments_2026-05-13.csv,search_comment,科技处理垃圾太厉害环保又实用,True,False
5298106799490307,1778679358,2026-05-13 13:35:58+08:00,5298101801977159,这科普太及时了，垃圾处理确实进步了。,1,1,1778652733060,湖北,5298106799490307,7873910821,是喜欢夏天的夏天呀,f,https://m.weibo.cn/u/7873910821?launchid=10000360-page_H5,"https://tvax3.sinaimg.cn/crop.0.0.900.900.180/008AS7TDly8hibhufosgzj30p00p0gou.jpg?KID=imgbed,tva&Expires=1778663533&ssig=grOVYIEgDM",search_comments_2026-05-13.csv,search_comment,这科普太及时了垃圾处理确实进步了,True,False
5298100706214420,1778677904,2026-05-13 13:11:44+08:00,5298100688389017,垃圾分类，从热闹到科技，中国在垃圾处理上大跨步啦！,1,0,1778652739477,云南,5298100706214420,3320372863,东禾w,m,https://m.weibo.cn/u/3320372863?launchid=10000360-page_H5,"https://tvax3.sinaimg.cn/crop.0.0.512.512.180/c5e8de7fly8hyhwi6scfxj20e80e83z9.jpg?KID=imgbed,tva&Expires=1778663539&ssig=PwoggBzkWU",search_comments_2026-05-13.csv,search_comment,垃圾分类从热闹到科技中国在垃圾处理上大跨步啦,True,False
5298111536955815,1778680486,2026-05-13 13:54:46+08:00,5298100688389017,垃圾分类早已名存实亡,0,1,1778652739484,福建,5298111536955815,5058412909,飘逸星痕的秘密,m,https://m.weibo.cn/u/5058412909?launchid=10000360-page_H5,"https://tvax4.sinaimg.cn/crop.0.83.978.978.180/005wkAgZly8i67livjf0wj30r60vsabo.jpg?KID=imgbed,tva&Expires=1778663539&ssig=rh%2BeCL5EWD",search_comments_2026-05-13.csv,search_comment,垃圾分类早已名存实亡,True,False
5298112295600237,1778680667,2026-05-13 13:57:47+08:00,5298100688389017,现在垃圾搞得乱七八糟。,0,0,1778652739494,安徽,5298112295600237,3196738400,格子上的猫,f,https://m.weibo.cn/u/3196738400?launchid=10000360-page_H5,"https://tvax3.sinaimg.cn/crop.0.0.1080.1080.180/be8a5b60ly8i8ve43smrwj20u00u0q5g.jpg?KID=imgbed,tva&Expires=1778663539&ssig=ELMT1huk82",search_comments_2026-05-13.csv,search_comment,现在垃圾搞得乱七八糟,True,False
5298102227698352,1778678268,2026-05-13 13:17:48+08:00,5298100872940055,垃圾分类确实是是好事，前几年还能看到推行，现在看不到了,0,1,1778652745928,辽宁,5298102227698352,2165951045,东北那嘎达的猫猫鱼,f,https://m.weibo.cn/u/2165951045?launchid=10000360-page_H5,"https://tvax3.sinaimg.cn/crop.0.0.1080.1080.180/8119ca45ly8id1mo12rewj20u00u075g.jpg?KID=imgbed,tva&Expires=1778663545&ssig=p30J9D5PN%2B",search_comments_2026-05-13.csv,search_comment,垃圾分类确实是是好事前几年还能看到推行现在看不到了,True,False
5298115426914816,1778681415,2026-05-13 14:10:15+08:00,5298100872940055,只是感觉呼声没之前高了,0,0,1778652745931,重庆,5298115426914816,7400304139,镜榊,m,https://m.weibo.cn/u/7400304139?launchid=10000360-page_H5,"https://tvax2.sinaimg.cn/crop.0.0.1080.1080.180/0084OVably8ictuwy00ofj30u00u0n0b.jpg?KID=imgbed,tva&Expires=1778663545&ssig=xMK6h2sMt5",search_comments_2026-05-13.csv,search_comment,只是感觉呼声没之前高了,True,False
5298110657989965,1778680278,2026-05-13 13:51:18+08:00,5298100872940055,垃圾分类我觉得很重要,0,0,1778652745934,天津,5298110657989965,5861471514,太喜欢学习了--,f,https://m.weibo.cn/u/5861471514?launchid=10000360-page_H5,"https://tvax3.sinaimg.cn/crop.0.0.648.648.180/006oG8v8ly1iaveh1s9svj30i00i0mxv.jpg?KID=imgbed,tva&Expires=1778663545&ssig=oDbrqoCuzF",search_comments_2026-05-13.csv,search_comment,垃圾分类我觉得很重要,True,False
5298100126354308,1778677767,2026-05-13 13:09:27+08:00,5298099323143570,矿泉水瓶子我得卖钱 不能当垃圾,2,1,1778652769056,山东,5298100126354308,5662083480,遇见章丘,m,https://m.weibo.cn/u/5662083480?launchid=10000360-page_H5,"https://tvax2.sinaimg.cn/crop.0.0.996.996.180/006bbwz6ly8g8axd4t9q1j30ro0roaax.jpg?KID=imgbed,tva&Expires=1778663569&ssig=R9LhG9RbaE",search_comments_2026-05-13.csv,search_comment,矿泉水瓶子我得卖钱 不能当垃圾,True,False
5298100459540572,1778677846,2026-05-13 13:10:46+08:00,5298099323143570,国内生活垃圾的确已经解决的很完善了！下一步就是建筑垃圾 ,0,1,1778652769058,西藏,5298100459540572,1965451815,LAYSCC鹿小葵,m,https://m.weibo.cn/u/1965451815?launchid=10000360-page_H5,"https://tvax4.sinaimg.cn/crop.0.0.1080.1080.180/75266a27ly8gshga9v1zoj20u00u0di1.jpg?KID=imgbed,tva&Expires=1778663569&ssig=rugxVWukdy",search_comments_2026-05-13.csv,search_comment,国内生活垃圾的确已经解决的很完善了下一步就是建筑垃圾 ,True,False
5298100048759257,1778677748,2026-05-13 13:09:08+08:00,5298099323143570,垃圾处理好了空气污染严重，天气都变得不正常了全靠人工科技下雨,1,0,1778652769059,广东,5298100048759257,8253599144,兜兜转转相遇沪上,m,https://m.weibo.cn/u/8253599144?launchid=10000360-page_H5,"https://tvax1.sinaimg.cn/crop.0.0.1080.1080.180/0090zgaQly8icl9a9zc3bj30u00u040s.jpg?KID=imgbed,tva&Expires=1778663569&ssig=CyRAPVpk4n",search_comments_2026-05-13.csv,search_comment,垃圾处理好了空气污染严重天气都变得不正常了全靠人工科技下雨,True,False
5298098154768754,1778677297,2026-05-13 13:01:37+08:00,5298097949511305,你还记得垃圾要如何分类吗？,2,7,1778652775446,辽宁,5298098154768754,5476998756,雾港柏铃,f,https://m.weibo.cn/u/5476998756?launchid=10000360-page_H5,"https://tvax4.sinaimg.cn/crop.0.0.1080.1080.180/005YEVzCly8ianydc6sctj30u00u0q60.jpg?KID=imgbed,tva&Expires=1778663575&ssig=k53fZp1aJ3",search_comments_2026-05-13.csv,search_comment,你还记得垃圾要如何分类吗,True,False
5298099109235509,1778677524,2026-05-13 13:05:24+08:00,5298097949511305,我们已经不用这样了，升级了,0,1,1778652775449,天津,5298099109235509,7856201544,沉默是今晚的过桥米线_9426,f,https://m.weibo.cn/u/7856201544?launchid=10000360-page_H5,"https://tvax4.sinaimg.cn/crop.0.0.1080.1080.180/008zFOU8ly8iaalp7nlk3j30u00u075n.jpg?KID=imgbed,tva&Expires=1778663575&ssig=Xvb6Agxgxn",search_comments_2026-05-13.csv,search_comment,我们已经不用这样了升级了,True,False
5298102223505546,1778678267,2026-05-13 13:17:47+08:00,5298097949511305,垃圾真的要分类好一些,0,0,1778652775452,湖南,5298102223505546,5635032423,也总狂热粉,f,https://m.weibo.cn/u/5635032423?launchid=10000360-page_H5,"https://tvax4.sinaimg.cn/crop.0.0.1024.1024.180/0069m1lJly8i5nv7w0omfj30sg0sgady.jpg?KID=imgbed,tva&Expires=1778663575&ssig=s7Pd%2BrpmDt",search_comments_2026-05-13.csv,search_comment,垃圾真的要分类好一些,True,False
5298102070414815,1778678230,2026-05-13 13:17:10+08:00,5298101910504189,你知道现在垃圾不够用了吗,2,6,1778652781850,安徽,5298102070414815,6336566650,可是他总把爱轻描淡写,m,https://m.weibo.cn/u/6336566650?launchid=10000360-page_H5,"https://tvax2.sinaimg.cn/crop.0.0.1080.1080.180/006UPArUly8id36ffo3xjj30u00u0758.jpg?KID=imgbed,tva&Expires=1778663581&ssig=psdT1KH5g0",search_comments_2026-05-13.csv,search_comment,你知道现在垃圾不够用了吗,True,False
5298101990197104,1778678211,2026-05-13 13:16:51+08:00,5298101910504189,你现在还会垃圾分类吗,2,6,1778652781853,安徽,5298101990197104,6336566650,可是他总把爱轻描淡写,m,https://m.weibo.cn/u/6336566650?launchid=10000360-page_H5,"https://tvax2.sinaimg.cn/crop.0.0.1080.1080.180/006UPArUly8id36ffo3xjj30u00u0758.jpg?KID=imgbed,tva&Expires=1778663581&ssig=psdT1KH5g0",search_comments_2026-05-13.csv,search_comment,你现在还会垃圾分类吗,True,False
5298105605685947,1778679073,2026-05-13 13:31:13+08:00,5298101910504189,以前谁会想到还有这一天,0,0,1778652781855,安徽,5298105605685947,7951364193,或許你的記憶裡有我的影子,f,https://m.weibo.cn/u/7951364193?launchid=10000360-page_H5,"https://tvax2.sinaimg.cn/crop.0.0.1080.1080.180/008G773zly8ib8yoonpibj30u00u0dhc.jpg?KID=imgbed,tva&Expires=1778663581&ssig=EUjQzoCCr6",search_comments_2026-05-13.csv,search_comment,以前谁会想到还有这一天,True,False
5298022579178567,1778659278,2026-05-13 08:01:18+08:00,5298014740021447,煎饼抖上的付费开通收益平台是收你们一半吗,31,2199,1778652798703,河北,5298022579178567,7903943192,Smile椰椰-,f,https://m.weibo.cn/u/7903943192?launchid=10000360-page_H5,"https://tvax1.sinaimg.cn/crop.0.1.1078.1078.180/008CU8GIly8icq4ncd3bjj30ty0u041j.jpg?KID=imgbed,tva&Expires=1778663598&ssig=AeHNnmXDMd",search_comments_2026-05-13.csv,search_comment,煎饼抖上的付费开通收益平台是收你们一半吗,True,False
5298014847764823,1778657435,2026-05-13 07:30:35+08:00,5298014740021447,老大怎么又发了一遍,0,85,1778652798705,四川,5298014847764823,7302061545,小段_想见到千玺版,f,https://m.weibo.cn/u/7302061545?launchid=10000360-page_H5,"https://tvax3.sinaimg.cn/crop.0.0.797.797.180/007YaHMdly8ic1fn7p67yj30m50m5t9z.jpg?KID=imgbed,tva&Expires=1778663598&ssig=i6iv8LK%2BSY",search_comments_2026-05-13.csv,search_comment,老大怎么又发了一遍,True,False
5298015174657343,1778657513,2026-05-13 07:31:53+08:00,5298014740021447,完全胡说来的！来澄清一下！老大的盒饭真的很好吃,84,3666,1778652798706,四川,5298015174657343,6623804864,28晞土豆大王_顺心如意版,m,https://m.weibo.cn/u/6623804864?launchid=10000360-page_H5,"https://tvax2.sinaimg.cn/crop.0.0.960.960.180/007egOekly8i5pxch4w2sj30qo0qowgm.jpg?KID=imgbed,tva&Expires=1778663598&ssig=NeORyvsxST",search_comments_2026-05-13.csv,search_comment,完全胡说来的来澄清一下老大的盒饭真的很好吃,True,False
5298074995393868,1778671775,2026-05-13 11:29:35+08:00,5298072151132220,这个其实真不挣钱,1,2,1778652805136,内蒙古,5298074995393868,7979241075,御一羽羽,f,https://m.weibo.cn/u/7979241075?launchid=10000360-page_H5,"https://tvax3.sinaimg.cn/crop.0.0.1080.1080.180/008I056Hly8ictsmpn9nfj30u00u0gnt.jpg?KID=imgbed,tva&Expires=1778663605&ssig=BqGo21170Y",search_comments_2026-05-13.csv,search_comment,这个其实真不挣钱,True,False
5298064546071122,1778669284,2026-05-13 10:48:04+08:00,5298064365716403,大家喜欢这部作品吗,2,5,1778652811507,广东,5298064546071122,6303512057,展信映云轩,f,https://m.weibo.cn/u/6303512057?launchid=10000360-page_H5,"https://tvax1.sinaimg.cn/crop.0.0.974.974.180/006SATrjly8iciy71ia2vj30r20r2t9o.jpg?KID=imgbed,tva&Expires=1778663611&ssig=7i6sev98KS",search_comments_2026-05-13.csv,search_comment,大家喜欢这部作品吗,True,False
5298065235247506,1778669447,2026-05-13 10:50:47+08:00,5298064365716403,这么优秀的视频就不要关注创作者了吧,0,1,1778652811509,河南,5298065235247506,5574781264,今夜霜色似情浓1,f,https://m.weibo.cn/u/5574781264?launchid=10000360-page_H5,"https://tvax4.sinaimg.cn/crop.0.0.1080.1080.180/0065hdgQly8iahed9cgotj30u00u0q66.jpg?KID=imgbed,tva&Expires=1778663611&ssig=lQzFP5MeE1",search_comments_2026-05-13.csv,search_comment,这么优秀的视频就不要关注创作者了吧,True,False
5298066114478204,1778669657,2026-05-13 10:54:17+08:00,5298064365716403,煎饼果仔太棒了,0,0,1778652811511,河北,5298066114478204,6181732871,芒果名探,m,https://m.weibo.cn/u/6181732871?launchid=10000360-page_H5,"https://tvax3.sinaimg.cn/crop.0.0.180.180.180/006KlV6Tly1fz1w42ayzij3050050mx9.jpg?KID=imgbed,tva&Expires=1778663611&ssig=3gaXKv4w46",search_comments_2026-05-13.csv,search_comment,煎饼果仔太棒了,True,False
5298082402796203,1778673540,2026-05-13 11:59:00+08:00,5298079154832927,好哒，知道啦,0,1,1778652817862,广东,5298082402796203,3181276783,双鱼May怡,f,https://m.weibo.cn/u/3181276783?launchid=10000360-page_H5,"https://tvax3.sinaimg.cn/crop.0.0.1080.1080.180/bd9e6e6fly8i3h3w6sp9gj20u00u0jtz.jpg?KID=imgbed,tva&Expires=1778663617&ssig=HNQtERAd%2F%2F",search_comments_2026-05-13.csv,search_comment,好哒知道啦,True,False
5298081780210278,1778673393,2026-05-13 11:56:33+08:00,5298079154832927,不要曲解人家的意思啊,0,1,1778652817865,云南,5298081780210278,7411617460,椰猫若,f,https://m.weibo.cn/u/7411617460?launchid=10000360-page_H5,"https://tvax1.sinaimg.cn/crop.0.0.1080.1080.180/0085Aoh6ly8i6fif70xevj30u00u0dib.jpg?KID=imgbed,tva&Expires=1778663617&ssig=QWZonfGOZz",search_comments_2026-05-13.csv,search_comment,不要曲解人家的意思啊,True,False
5298078873816509,1778672700,2026-05-13 11:45:00+08:00,5298078007429820,逃出大英博物馆入坑，enemy又再次感动的稀里糊涂,0,7,1778652824333,北京,5298078873816509,3482589012,王者君啊,m,https://m.weibo.cn/u/3482589012?launchid=10000360-page_H5,"https://tvax4.sinaimg.cn/crop.0.0.996.996.180/cf941754ly8h8v8tawmoaj20ro0romzu.jpg?KID=imgbed,tva&Expires=1778663624&ssig=Lj6CY6HxoV",search_comments_2026-05-13.csv,search_comment,逃出大英博物馆入坑enemy又再次感动的稀里糊涂,True,False
5298079144086794,1778672764,2026-05-13 11:46:04+08:00,5298078007429820,夏天妹妹一直在看他，全是欣赏,0,4,1778652824337,北京,5298079144086794,7752270116,魍友,m,https://m.weibo.cn/u/7752270116?launchid=10000360-page_H5,"https://tvax4.sinaimg.cn/crop.0.0.1080.1080.180/008sDJAMly8hhzxujtq9gj30u00u0jw5.jpg?KID=imgbed,tva&Expires=1778663624&ssig=cIrRSdj0MR",search_comments_2026-05-13.csv,search_comment,夏天妹妹一直在看他全是欣赏,True,False
5298083432760077,1778673786,2026-05-13 12:03:06+08:00,5298078007429820,也不要乱猜测啦,0,0,1778652824338,广东,5298083432760077,3181276783,双鱼May怡,f,https://m.weibo.cn/u/3181276783?launchid=10000360-page_H5,"https://tvax3.sinaimg.cn/crop.0.0.1080.1080.180/bd9e6e6fly8i3h3w6sp9gj20u00u0jtz.jpg?KID=imgbed,tva&Expires=1778663624&ssig=Snt7%2BKn117",search_comments_2026-05-13.csv,search_comment,也不要乱猜测啦,True,False
5298111201151150,1778680407,2026-05-13 13:53:27+08:00,5298052971107760,评论区普遍认为黄仁勋2.47亿元年薪只是“零花钱”，其真正财富源自持有的英伟达巨额股权（约占总缩水额90%以上）。网友对比国内高管薪资，调侃贫富差距，自嘲“打工人”，整体氛围理性幽默，未陷入仇富情绪。查看最新戳-&gt;微博智搜,0,1,1778652907407,微博智搜AI生成,5298111201151150,7892270010,微博智搜,f,https://m.weibo.cn/u/7892270010?launchid=10000360-page_H5,"https://tvax2.sinaimg.cn/crop.0.0.1080.1080.180/008C79XAly8i5grzh416kj30u00u0t8z.jpg?KID=imgbed,tva&Expires=1778663707&ssig=A0A%2B0FL2P6",search_comments_2026-05-13.csv,search_comment,评论区普遍认为黄仁勋247亿元年薪只是零花钱其真正财富源自持有的英伟达巨额股权约占总缩水额90以上网友对比国内高管薪资调侃贫富差距自嘲打工人整体氛围理性幽默未陷入仇富情绪查看最新戳gt微博智搜,True,False
5298062915536574,1778668895,2026-05-13 10:41:35+08:00,5298052971107760,不高，NBA球星都五千万一年了,20,128,1778652907410,广东,5298062915536574,7030495494,倾河梦,m,https://m.weibo.cn/u/7030495494?launchid=10000360-page_H5,"https://tvax1.sinaimg.cn/crop.0.0.996.996.180/007FNf2Cly8g7gv9f9sdgj30ro0rodi1.jpg?KID=imgbed,tva&Expires=1778663707&ssig=I1AdjT9Qfw",search_comments_2026-05-13.csv,search_comment,不高NBA球星都五千万一年了,True,False
5298088254375509,1778674936,2026-05-13 12:22:16+08:00,5298052971107760,他实际得到的岂止是这点儿年薪，这点儿钱对他来说都可以忽略不计了,1,82,1778652907413,辽宁,5298088254375509,5616958792,杰瑞宝儿的老公,m,https://m.weibo.cn/u/5616958792?launchid=10000360-page_H5,"https://tvax2.sinaimg.cn/crop.0.0.601.601.180/00688bzyly8iaa1irfbtwj30gp0gpwfa.jpg?KID=imgbed,tva&Expires=1778663707&ssig=ZvruGJLRCH",search_comments_2026-05-13.csv,search_comment,他实际得到的岂止是这点儿年薪这点儿钱对他来说都可以忽略不计了,True,False
5298108888254964,1778679856,2026-05-13 13:44:16+08:00,5298108563196402,所以他来到底是来干麻的呢？,4,2,1778652913874,江苏,5298108888254964,7953626085,沙美日和布,f,https://m.weibo.cn/u/7953626085?launchid=10000360-page_H5,"https://tvax4.sinaimg.cn/crop.0.0.800.800.180/008GgBtHly8ibdm0ft89vj30m80m8mxh.jpg?KID=imgbed,tva&Expires=1778663713&ssig=q3%2B226gJ5K",search_comments_2026-05-13.csv,search_comment,所以他来到底是来干麻的呢,True,False
5298109027714901,1778679889,2026-05-13 13:44:49+08:00,5298108563196402,我们一起支持国产无可替代的,1,0,1778652913876,黑龙江,5298109027714901,7505470136,荔枝航宇,m,https://m.weibo.cn/u/7505470136?launchid=10000360-page_H5,"https://tvax3.sinaimg.cn/crop.0.0.1080.1080.180/008bWbDWly8hn4yzhz9tlj30u00u011c.jpg?KID=imgbed,tva&Expires=1778663713&ssig=b7eQ%2BTG%2Bf%2B",search_comments_2026-05-13.csv,search_comment,我们一起支持国产无可替代的,True,False
5298109022470244,1778679887,2026-05-13 13:44:47+08:00,5298108563196402,年薪缩水也日入80万，急的是卡脖子,2,1,1778652913877,河南,5298109022470244,7346208235,钞满满_wang,f,https://m.weibo.cn/u/7346208235?launchid=10000360-page_H5,"https://tvax4.sinaimg.cn/crop.0.0.884.884.180/00819WlBly8i4kpezo7hrj30ok0ok0u8.jpg?KID=imgbed,tva&Expires=1778663713&ssig=Hfrd9PD4Go",search_comments_2026-05-13.csv,search_comment,年薪缩水也日入80万急的是卡脖子,True,False
5298098530418747,1778677385,2026-05-13 13:03:05+08:00,5298091389619386,吃得苦中苦，方为人上人👍,1,0,1778652920263,广东,5298098530418747,8253599144,兜兜转转相遇沪上,m,https://m.weibo.cn/u/8253599144?launchid=10000360-page_H5,"https://tvax1.sinaimg.cn/crop.0.0.1080.1080.180/0090zgaQly8icl9a9zc3bj30u00u040s.jpg?KID=imgbed,tva&Expires=1778663720&ssig=0GL1nt2Xvk",search_comments_2026-05-13.csv,search_comment,吃得苦中苦方为人上人,True,False
5298091892936056,1778675804,2026-05-13 12:36:44+08:00,5298091378870167,年薪对比股权价值，英伟达与国内互联网大佬年薪差异鲜明，薪酬体系体现价值理念。,0,0,1778652926670,福建,5298091892936056,1843592207,小运气也开心,f,https://m.weibo.cn/u/1843592207?launchid=10000360-page_H5,"https://tvax2.sinaimg.cn/crop.0.0.1080.1080.180/6de2fc0fly8i9cj08x4oxj20u00u0dif.jpg?KID=imgbed,tva&Expires=1778663726&ssig=f0gCH9er3b",search_comments_2026-05-13.csv,search_comment,年薪对比股权价值英伟达与国内互联网大佬年薪差异鲜明薪酬体系体现价值理念,True,False
5298104970773669,1778678922,2026-05-13 13:28:42+08:00,5298091378870167,ai生图字体都是乱码了 真的有好好审核过自己的内容吗,0,2,1778652926674,上海,5298104970773669,2537976711,星际黑洞学术研究会会长努力版,f,https://m.weibo.cn/u/2537976711?launchid=10000360-page_H5,"https://tvax1.sinaimg.cn/crop.0.0.336.336.180/97467387ly8iap687p6v9j209c09caa3.jpg?KID=imgbed,tva&Expires=1778663726&ssig=yiTXI%2FiNB1",search_comments_2026-05-13.csv,search_comment,ai生图字体都是乱码了 真的有好好审核过自己的内容吗,True,False
5298091886644662,1778675802,2026-05-13 12:36:42+08:00,5298091378870167,科技大佬年薪背后，股权财富是关键。雷军低调，马化腾持股增值可观。,0,0,1778652926677,福建,5298091886644662,7901171597,玲w8868,f,https://m.weibo.cn/u/7901171597?launchid=10000360-page_H5,"https://tvax4.sinaimg.cn/crop.0.0.960.960.180/008CIvFzly8hmfkj2xdakj30qo0qoq6h.jpg?KID=imgbed,tva&Expires=1778663726&ssig=xAAIycrNQa",search_comments_2026-05-13.csv,search_comment,科技大佬年薪背后股权财富是关键雷军低调马化腾持股增值可观,True,False
5298098444438122,1778677366,2026-05-13 13:02:46+08:00,5298098180195747,下滑还这么多了,1,1,1778652933017,河南,5298098444438122,1827708045,秋天里的一点红,f,https://m.weibo.cn/u/1827708045?launchid=10000360-page_H5,"https://tva1.sinaimg.cn/crop.0.0.180.180.180/6cf09c8djw1e8qgp5bmzyj2050050aa8.jpg?KID=imgbed,tva&Expires=1778663733&ssig=Tu%2BBbEwT0z",search_comments_2026-05-13.csv,search_comment,下滑还这么多了,True,False
5298098353209629,1778677343,2026-05-13 13:02:23+08:00,5298098180195747,和我没关系,1,1,1778652933018,河北,5298098353209629,6943182611,独孤澄澜,m,https://m.weibo.cn/u/6943182611?launchid=10000360-page_H5,"https://tvax3.sinaimg.cn/crop.0.0.810.810.180/007zSSYjly8hxrlws0zngj30mi0miq4t.jpg?KID=imgbed,tva&Expires=1778663733&ssig=8loTmK9LZx",search_comments_2026-05-13.csv,search_comment,和我没关系,True,False
5298108113880955,1778679671,2026-05-13 13:41:11+08:00,5298108020035253,图片豆包生成，仅供娱乐,0,1,1778652939423,广东,5298108113880955,1792361004,上海刘岳阳,m,https://m.weibo.cn/u/1792361004?launchid=10000360-page_H5,"https://tvax3.sinaimg.cn/crop.0.0.500.500.180/6ad5422cly8hbv1t3c0shj20dw0dwq39.jpg?KID=imgbed,tva&Expires=1778663739&ssig=gIq6AK1qXp",search_comments_2026-05-13.csv,search_comment,图片豆包生成仅供娱乐,True,False
5298113569884656,1778680972,2026-05-13 14:02:52+08:00,5298108020035253,半个多月吃了个40点。去微博看的 岳丁河。已經好几个月都是30个点起步了！太稳了，只要跟上就行了！dsafgf,0,0,1778652939428,天津,5298113569884656,2520312083,hecrjx,m,https://m.weibo.cn/u/2520312083?launchid=10000360-page_H5,"https://tvax1.sinaimg.cn/crop.0.0.500.500.180/9638e913ly8id3ptzpnqvj20dw0dwwfp.jpg?KID=imgbed,tva&Expires=1778663739&ssig=RWhDVaDtTe",search_comments_2026-05-13.csv,search_comment,半个多月吃了个40点去微博看的 岳丁河已經好几个月都是30个点起步了太稳了只要跟上就行了dsafgf,True,False
5298113256097256,1778680897,2026-05-13 14:01:37+08:00,5298094201898291,兄弟姐妹们侯总分享的博敏电子涨停，有图有真相，战绩可查，侯总高兴现在关注我可以申请进群交流参考抄作业：志远同道会-9群,1,1,1778652945756,上海,5298113256097256,6081242334,侯卫东88,m,https://m.weibo.cn/u/6081242334?launchid=10000360-page_H5,"https://tvax4.sinaimg.cn/crop.0.0.1080.1080.180/006DygVMly8ib0m19k9pxj30u00u0gqz.jpg?KID=imgbed,tva&Expires=1778663745&ssig=47D9RKOnq9",search_comments_2026-05-13.csv,search_comment,兄弟姐妹们侯总分享的博敏电子涨停有图有真相战绩可查侯总高兴现在可以申请进群交流参考抄作业志远同道会9群,True,False
5298111285037161,1778680427,2026-05-13 13:53:47+08:00,5298093056329549,看完这几个字    回复完这条评论   他已经挣了70 80了,0,0,1778652952089,北京,5298111285037161,3767564892,show风是我,m,https://m.weibo.cn/u/3767564892?launchid=10000360-page_H5,"https://tvax2.sinaimg.cn/crop.75.13.222.222.180/e0907a5cly8g4698wmt5dj20b408cwes.jpg?KID=imgbed,tva&Expires=1778663752&ssig=yUAHcEj1n9",search_comments_2026-05-13.csv,search_comment,看完这几个字    回复完这条评论   他已经挣了70 80了,True,False
5298066905107148,1778669846,2026-05-13 10:57:26+08:00,5298061523553468,那必须上淘宝，试试这AI试穿功能,16,46,1778652965458,宁夏,5298066905107148,6001742515,懒胖子快乐时光,m,https://m.weibo.cn/u/6001742515?launchid=10000360-page_H5,"https://tvax4.sinaimg.cn/crop.0.0.822.822.180/006yaHoDly8h3izkgmpcgj30mu0muwg2.jpg?KID=imgbed,tva&Expires=1778663765&ssig=uQOLMyZGwz",search_comments_2026-05-13.csv,search_comment,那必须上淘宝试试这AI试穿功能,True,False
5298067018352980,1778669873,2026-05-13 10:57:53+08:00,5298061523553468,把彩虹穿在身上是种什么体验 一起去试试吧！,5,37,1778652965461,贵州,5298067018352980,7704864064,星星点点的小火车,m,https://m.weibo.cn/u/7704864064?launchid=10000360-page_H5,"https://tvax4.sinaimg.cn/crop.0.0.996.996.180/008pqP72ly8guqfu5xpz2j60ro0roac802.jpg?KID=imgbed,tva&Expires=1778663765&ssig=Afoeh9ZCX%2F",search_comments_2026-05-13.csv,search_comment,把彩虹穿在身上是种什么体验 一起去试试吧,True,False
5298066628283974,1778669780,2026-05-13 10:56:20+08:00,5298061523553468,这也太好看了吧 我也要去试试，,7,38,1778652965463,贵州,5298066628283974,8428678832,奶茶果然很甜呀,f,https://m.weibo.cn/u/8428678832?launchid=10000360-page_H5,"https://tvax3.sinaimg.cn/crop.0.0.500.500.180/009cpSoMly8i53v4sy59fj30dw0dwwfp.jpg?KID=imgbed,tva&Expires=1778663765&ssig=3TKBl6t9%2BW",search_comments_2026-05-13.csv,search_comment,这也太好看了吧 我也要去试试,True,False
5298062428734391,1778668779,2026-05-13 10:39:39+08:00,5298061525910879,徐梦洁用AI穿彩虹，甜到我心巴上了,20,4,1778652971921,山西,5298062428734391,7907457003,在一座城等你,f,https://m.weibo.cn/u/7907457003?launchid=10000360-page_H5,"https://tvax4.sinaimg.cn/crop.0.0.1080.1080.180/008D8SN5ly8hndsaoalhoj30u00u0wgy.jpg?KID=imgbed,tva&Expires=1778663771&ssig=u8vg7HOs83",search_comments_2026-05-13.csv,search_comment,徐梦洁用AI穿彩虹甜到我心巴上了,True,False
5298062308149370,1778668750,2026-05-13 10:39:10+08:00,5298061525910879,不得不说按照自己的身材搭出来的还挺好看,6,8,1778652971922,河南,5298062308149370,7549388444,我可真没用,f,https://m.weibo.cn/u/7549388444?launchid=10000360-page_H5,"https://tvax3.sinaimg.cn/crop.0.0.1080.1080.180/008eUsNKly8hn6tjwqab0j30u00u0n14.jpg?KID=imgbed,tva&Expires=1778663771&ssig=ubo%2BI7U4vC",search_comments_2026-05-13.csv,search_comment,不得不说按照自己的身材搭出来的还挺好看,True,False
5298062568458413,1778668812,2026-05-13 10:40:12+08:00,5298061525910879,五颜六色的，穿起来也很养眼呢,3,2,1778652971924,河南,5298062568458413,3856764098,美丽的一丝不苟,f,https://m.weibo.cn/u/3856764098?launchid=10000360-page_H5,"https://tvax2.sinaimg.cn/crop.0.0.512.512.180/e5e18cc2ly8fu9k07wh5oj20e80e8aak.jpg?KID=imgbed,tva&Expires=1778663771&ssig=sTCYJsgODY",search_comments_2026-05-13.csv,search_comment,五颜六色的穿起来也很养眼呢,True,False
5298063535246575,1778669043,2026-05-13 10:44:03+08:00,5298060009672507,这难道不就是分分钟钟就出片的节奏？,0,41,1778652978315,内蒙古,5298063535246575,7245545935,林烨8,f,https://m.weibo.cn/u/7245545935?launchid=10000360-page_H5,"https://tvax2.sinaimg.cn/crop.0.0.800.800.180/007Ulzu7ly8hyq9dn38k0j30m80m875q.jpg?KID=imgbed,tva&Expires=1778663778&ssig=L4Ul8izD90",search_comments_2026-05-13.csv,search_comment,这难道不就是分分钟钟就出片的节奏,True,False
5298063669461679,1778669074,2026-05-13 10:44:34+08:00,5298060009672507,从101到浪姐，徐梦洁的家人们请举手集合。,0,22,1778652978320,广东,5298063669461679,6390411333,伤心难过的日子呀,m,https://m.weibo.cn/u/6390411333?launchid=10000360-page_H5,"https://tvax3.sinaimg.cn/crop.0.0.996.996.180/006YtvUxly8grusiic9n4j30ro0ro75i.jpg?KID=imgbed,tva&Expires=1778663778&ssig=O6JoGHjS33",search_comments_2026-05-13.csv,search_comment,从101到浪姐徐梦洁的家人们请举手集合,True,False
5298063719796685,1778669087,2026-05-13 10:44:47+08:00,5298060009672507,小彩虹也太灵动了，彩虹穿搭元气满满超好看🌈,0,1015,1778652978322,河北,5298063719796685,5772088268,温柔优雅地转身,f,https://m.weibo.cn/u/5772088268?launchid=10000360-page_H5,"https://tvax1.sinaimg.cn/crop.0.0.1080.1080.180/006iD5PSly8hj915ckbd2j30u00u041f.jpg?KID=imgbed,tva&Expires=1778663778&ssig=N8VW6GanhD",search_comments_2026-05-13.csv,search_comment,小彩虹也太灵动了彩虹穿搭元气满满超好看,True,False
5298063591344430,1778669056,2026-05-13 10:44:16+08:00,5298061524075012,用淘宝AI就能够感受这件衣服适合你不？,0,44,1778652984718,内蒙古,5298063591344430,7245545935,林烨8,f,https://m.weibo.cn/u/7245545935?launchid=10000360-page_H5,"https://tvax2.sinaimg.cn/crop.0.0.800.800.180/007Ulzu7ly8hyq9dn38k0j30m80m875q.jpg?KID=imgbed,tva&Expires=1778663784&ssig=kbXiq8Apnk",search_comments_2026-05-13.csv,search_comment,用淘宝AI就能够感受这件衣服适合你不,True,False
5298063675492543,1778669076,2026-05-13 10:44:36+08:00,5298061524075012,被徐梦洁种草彩虹风 低调黑色也想试着加色彩,0,22,1778652984725,湖南,5298063675492543,3969939552,已读不回博士后萌系防御型,m,https://m.weibo.cn/u/3969939552?launchid=10000360-page_H5,"https://tvax1.sinaimg.cn/crop.0.0.1080.1080.180/eca07860ly8i48fcc7ankj20u00u00xf.jpg?KID=imgbed,tva&Expires=1778663784&ssig=eddIjoFRNl",search_comments_2026-05-13.csv,search_comment,被徐梦洁种草彩虹风 低调黑色也想试着加色彩,True,False
5298063732116886,1778669090,2026-05-13 10:44:50+08:00,5298061524075012,淘宝AI试穿太绝，把彩虹穿身上元气感拉满。,0,34,1778652984732,广东,5298063732116886,6390411333,伤心难过的日子呀,m,https://m.weibo.cn/u/6390411333?launchid=10000360-page_H5,"https://tvax3.sinaimg.cn/crop.0.0.996.996.180/006YtvUxly8grusiic9n4j30ro0ro75i.jpg?KID=imgbed,tva&Expires=1778663784&ssig=%2FS6f82QpYX",search_comments_2026-05-13.csv,search_comment,淘宝AI试穿太绝把彩虹穿身上元气感拉满,True,False
5298062551680585,1778668808,2026-05-13 10:40:08+08:00,5298061518573191,徐梦洁这波AI试穿真的太元气了，彩虹穿搭好亮眼,53,58,1778652991108,吉林,5298062551680585,2643238545,迷森宝贝,f,https://m.weibo.cn/u/2643238545?launchid=10000360-page_H5,"https://tvax2.sinaimg.cn/crop.0.0.1080.1080.180/9d8c9e91ly8hn5v26im2uj20u00u0tax.jpg?KID=imgbed,tva&Expires=1778663791&ssig=5i9sHhL2Wn",search_comments_2026-05-13.csv,search_comment,徐梦洁这波AI试穿真的太元气了彩虹穿搭好亮眼,True,False
5298062589429148,1778668817,2026-05-13 10:40:17+08:00,5298061518573191,没想到AI试穿效果居然这么自然,6,14,1778652991111,辽宁,5298062589429148,5325725529,保佑一定要发财哦,f,https://m.weibo.cn/u/5325725529?launchid=10000360-page_H5,"https://tvax3.sinaimg.cn/crop.0.0.1080.1080.180/005OqcuRly8id0dnnbylbj30u00u0787.jpg?KID=imgbed,tva&Expires=1778663791&ssig=Vr4kT8fIES",search_comments_2026-05-13.csv,search_comment,没想到AI试穿效果居然这么自然,True,False
5298062809631877,1778668870,2026-05-13 10:41:10+08:00,5298061518573191,徐梦洁的露肩造型也太甜了吧,2,2,1778652991114,青海,5298062809631877,7604011360,多喝水少生气可了,f,https://m.weibo.cn/u/7604011360?launchid=10000360-page_H5,"https://tvax1.sinaimg.cn/crop.0.0.1080.1080.180/008iBEIwly8iar75a7jauj30u00u0abp.jpg?KID=imgbed,tva&Expires=1778663791&ssig=y8qNVNMnCP",search_comments_2026-05-13.csv,search_comment,徐梦洁的露肩造型也太甜了吧,True,False
5298062262273926,1778668739,2026-05-13 10:38:59+08:00,5298061525913581,这波ai能够帮我们大忙更容易挑选了,33,28,1778652997706,河南,5298062262273926,7081791263,举世皆敌我无敌,m,https://m.weibo.cn/u/7081791263?launchid=10000360-page_H5,"https://tvax2.sinaimg.cn/crop.0.0.499.499.180/007JgtpJly8ho34hfy46jj30dv0dvjrl.jpg?KID=imgbed,tva&Expires=1778663797&ssig=HhqHE6xDLa",search_comments_2026-05-13.csv,search_comment,这波ai能够帮我们大忙更容易挑选了,True,False
5298062251525358,1778668737,2026-05-13 10:38:57+08:00,5298061525913581,AI可以让我找到更适合自己的风格,13,15,1778652997709,湖南,5298062251525358,6444513710,人生快不快乐看心情,f,https://m.weibo.cn/u/6444513710?launchid=10000360-page_H5,"https://tvax2.sinaimg.cn/crop.0.0.1000.1000.180/00728wpwly8hbw41jxersj30rs0rsmzs.jpg?KID=imgbed,tva&Expires=1778663797&ssig=6oR%2FaP2S5O",search_comments_2026-05-13.csv,search_comment,AI可以让我找到更适合自己的风格,True,False
5298062298713137,1778668748,2026-05-13 10:39:08+08:00,5298061525913581,AI现在真是越来越方便了,0,4,1778652997711,辽宁,5298062298713137,6120782019,Hellokitty小王子,f,https://m.weibo.cn/u/6120782019?launchid=10000360-page_H5,"https://tvax2.sinaimg.cn/crop.0.0.1080.1080.180/006Geb0Dly8i056m9q5zyj30u00u0n05.jpg?KID=imgbed,tva&Expires=1778663797&ssig=yR2718Ok%2Fg",search_comments_2026-05-13.csv,search_comment,AI现在真是越来越方便了,True,False
5298061490520955,1778668555,2026-05-13 10:35:55+08:00,5298061019709975,彩色穿搭看起来就很有活力,31,19,1778653004146,河南,5298061490520955,5709000683,78sss,m,https://m.weibo.cn/u/5709000683?launchid=10000360-page_H5,"https://tvax4.sinaimg.cn/crop.0.0.1080.1080.180/006emnSbly8hvcom45hhmj30u00u0t9b.jpg?KID=imgbed,tva&Expires=1778663804&ssig=FuxDCXF7Fy",search_comments_2026-05-13.csv,search_comment,彩色穿搭看起来就很有活力,True,False
5298061485804052,1778668554,2026-05-13 10:35:54+08:00,5298061019709975,哇我也要试试这个新功能,14,20,1778653004153,广东,5298061485804052,5677921682,哟你的那杯13,m,https://m.weibo.cn/u/5677921682?launchid=10000360-page_H5,"https://tvax2.sinaimg.cn/crop.0.0.1080.1080.180/006cfYNYly8ibmhardprmj30u00u0juh.jpg?KID=imgbed,tva&Expires=1778663804&ssig=3zp1tWIr2G",search_comments_2026-05-13.csv,search_comment,哇我也要试试这个新功能,True,False
5298061502582868,1778668558,2026-05-13 10:35:58+08:00,5298061019709975,还能够这样去换装呢 就会很方便啊,2,10,1778653004155,河南,5298061502582868,7196991125,汐乐诗,f,https://m.weibo.cn/u/7196991125?launchid=10000360-page_H5,"https://tvax4.sinaimg.cn/crop.0.0.1080.1080.180/007R3Qa1ly8i2zbf3e11ij30u00u0wix.jpg?KID=imgbed,tva&Expires=1778663804&ssig=XiInkGp32J",search_comments_2026-05-13.csv,search_comment,还能够这样去换装呢 就会很方便啊,True,False
5298071811658520,1778671016,2026-05-13 11:16:56+08:00,5298061523814437,没想到还有这样的ai穿搭啊，然后也是好看,27,25,1778653010530,上海,5298071811658520,6461773759,无糖热美式咖啡,f,https://m.weibo.cn/u/6461773759?launchid=10000360-page_H5,"https://tvax3.sinaimg.cn/crop.0.0.1080.1080.180/0073iWxply8ibcaqgnan2j30u00u0767.jpg?KID=imgbed,tva&Expires=1778663810&ssig=3gOJqaFil5",search_comments_2026-05-13.csv,search_comment,没想到还有这样的ai穿搭啊然后也是好看,True,False
5298071814800781,1778671017,2026-05-13 11:16:57+08:00,5298061523814437,感觉他的穿搭真的非常吸引人啊,20,19,1778653010532,河南,5298071814800781,7795608417,大鹅炖核桃a,f,https://m.weibo.cn/u/7795608417?launchid=10000360-page_H5,"https://tvax1.sinaimg.cn/crop.0.0.512.512.180/008vzzRDly8id0dte6etaj30e80e83z8.jpg?KID=imgbed,tva&Expires=1778663810&ssig=CuxnzEzVrn",search_comments_2026-05-13.csv,search_comment,感觉他的穿搭真的非常吸引人啊,True,False
5298071862249703,1778671028,2026-05-13 11:17:08+08:00,5298061523814437,徐梦洁的彩虹穿搭真的太有春日氛围感了,1,9,1778653010535,安徽,5298071862249703,7261135985,就这样一直宅喵,f,https://m.weibo.cn/u/7261135985?launchid=10000360-page_H5,"https://tvax2.sinaimg.cn/crop.0.0.1080.1080.180/007VoZaxly8ibo99ha3usj30u00u00uj.jpg?KID=imgbed,tva&Expires=1778663810&ssig=SXw2PPcoBA",search_comments_2026-05-13.csv,search_comment,徐梦洁的彩虹穿搭真的太有春日氛围感了,True,False
5297809389781068,1778608449,2026-05-12 17:54:09+08:00,5297808350644921,机不可失 时不再来,28,33,1778653027569,山东,5297809389781068,7913322273,思念散在雨季,f,https://m.weibo.cn/u/7913322273?launchid=10000360-page_H5,"https://tvax2.sinaimg.cn/crop.0.0.512.512.180/008DxuCdly8i2wmcl277oj30e80e8gm1.jpg?KID=imgbed,tva&Expires=1778663827&ssig=swPtWXPvQk",search_comments_2026-05-13.csv,search_comment,机不可失 时不再来,True,False
5297809410757368,1778608455,2026-05-12 17:54:15+08:00,5297808350644921,大家有什么想要买的千万不要错过了,10,14,1778653027572,河南,5297809410757368,7795608417,大鹅炖核桃a,f,https://m.weibo.cn/u/7795608417?launchid=10000360-page_H5,"https://tvax1.sinaimg.cn/crop.0.0.512.512.180/008vzzRDly8id0dte6etaj30e80e83z8.jpg?KID=imgbed,tva&Expires=1778663827&ssig=H5r2ZoNqMl",search_comments_2026-05-13.csv,search_comment,大家有什么想要买的千万不要错过了,True,False
5297809452699867,1778608465,2026-05-12 17:54:25+08:00,5297808350644921,这叫省钱攻略，大家一定要去囤货了,5,15,1778653027576,广东,5297809452699867,6892334028,曾经沧海难为水永远无法预料,f,https://m.weibo.cn/u/6892334028?launchid=10000360-page_H5,"https://tvax1.sinaimg.cn/crop.0.0.1080.1080.180/007wrwVSly8hq6q931ib4j30u00u00wc.jpg?KID=imgbed,tva&Expires=1778663827&ssig=T85BUIO%2F1M",search_comments_2026-05-13.csv,search_comment,这叫省钱攻略大家一定要去囤货了,True,False
5297854458631570,1778619195,2026-05-12 20:53:15+08:00,5297851133069189,年中大促的羊毛不薅白不薅,1,0,1778653033931,海南,5297854458631570,6816154027,若兰cx,f,https://m.weibo.cn/u/6816154027?launchid=10000360-page_H5,"https://tvax2.sinaimg.cn/crop.0.0.996.996.180/007rhT2bly8ggzrnt4errj30ro0rodin.jpg?KID=imgbed,tva&Expires=1778663834&ssig=%2BcWolFQ6v8",search_comments_2026-05-13.csv,search_comment,年中大促的羊毛不薅白不薅,True,False
5297854195174422,1778619132,2026-05-12 20:52:12+08:00,5297851133069189,省钱囤货的机会来了别错过,0,0,1778653033933,海南,5297854195174422,7371177249,自品人生555,m,https://m.weibo.cn/u/7371177249?launchid=10000360-page_H5,"https://tvax2.sinaimg.cn/crop.0.0.996.996.180/0082QHVDly8gatvbu97szj30ro0roae6.jpg?KID=imgbed,tva&Expires=1778663834&ssig=rdGYCRYOJI",search_comments_2026-05-13.csv,search_comment,省钱囤货的机会来了别错过,True,False
5297854145104208,1778619120,2026-05-12 20:52:00+08:00,5297851133069189,618这波羊毛我已经准备好,0,0,1778653033934,海南,5297854145104208,7848312062,墨有余2023,f,https://m.weibo.cn/u/7848312062?launchid=10000360-page_H5,"https://tvax3.sinaimg.cn/crop.0.0.1080.1080.180/008z8Iuqly8hf9c4cgi49j30u00u0ad2.jpg?KID=imgbed,tva&Expires=1778663834&ssig=4Eiw5siHNh",search_comments_2026-05-13.csv,search_comment,618这波羊毛我已经准备好,True,False
5297678131134621,1778577154,2026-05-12 09:12:34+08:00,5297450988081382,天猫确实不错,0,1,1778653040264,安徽,5297678131134621,7525028532,李佳琦预告清单,f,https://m.weibo.cn/u/7525028532?launchid=10000360-page_H5,"https://tvax3.sinaimg.cn/crop.0.0.750.750.180/008dgfFWly8gl2rwk28irj30ku0kumy1.jpg?KID=imgbed,tva&Expires=1778663840&ssig=4N4YYT1QNL",search_comments_2026-05-13.csv,search_comment,天猫确实不错,True,False
5176728105519860,1749740422,2025-06-12 15:00:22+08:00,5176727514385963,太好了我也要去看一看,10,3,1778653046651,北京,5176728105519860,6549496217,Mo199407,m,https://m.weibo.cn/u/6549496217?launchid=10000360-page_H5,"https://tvax1.sinaimg.cn/crop.0.0.512.512.180/0079f19Lly8hek44by719j30e80e8jry.jpg?KID=imgbed,tva&Expires=1778663846&ssig=u4TS7bH92a",search_comments_2026-05-13.csv,search_comment,太好了我也要去看一看,True,False
5176728055973875,1749740410,2025-06-12 15:00:10+08:00,5176727514385963,不要错过这么大的福利啊,4,0,1778653046654,广东,5176728055973875,5738800160,烤奶顺,f,https://m.weibo.cn/u/5738800160?launchid=10000360-page_H5,"https://tvax2.sinaimg.cn/crop.0.0.1080.1080.180/006gnq4Uly8i960wmqeyzj30u00u0777.jpg?KID=imgbed,tva&Expires=1778663846&ssig=jwanDXjynS",search_comments_2026-05-13.csv,search_comment,不要错过这么大的福利啊,True,False
5176728295313149,1749740467,2025-06-12 15:01:07+08:00,5176727514385963,天猫还是一如既往地会整活，爱了爱了,1,0,1778653046656,贵州,5176728295313149,5892122009,卡卡西今天吃鱼了吗,f,https://m.weibo.cn/u/5892122009?launchid=10000360-page_H5,"https://tvax1.sinaimg.cn/crop.0.0.1024.1024.180/006qKK5Xly8hfjl6jsfs3j30sg0sgq5b.jpg?KID=imgbed,tva&Expires=1778663846&ssig=aGLzyepBjb",search_comments_2026-05-13.csv,search_comment,天猫还是一如既往地会整活爱了爱了,True,False
5298022159746966,1778659178,2026-05-13 07:59:38+08:00,5298016630344595,JD🧧→网页链接 TB🧧→网页链接,0,4,1778653052980,安徽,5298022159746966,7335499944,1000道美食攻略,f,https://m.weibo.cn/u/7335499944?launchid=10000360-page_H5,"https://tvax1.sinaimg.cn/crop.178.0.1080.1080.180/0080r0Dely8ghg0pfw0kcj314n0u0n0o.jpg?KID=imgbed,tva&Expires=1778663853&ssig=a8canZXkzR",search_comments_2026-05-13.csv,search_comment,JD网页链接 TB网页链接,True,False
5176828096681101,1749764262,2025-06-12 21:37:42+08:00,5176726767275958,天猫618你真的很有性价比！,0,0,1778653065801,浙江,5176828096681101,7956820810,我只有睡觉的时候不犯困,m,https://m.weibo.cn/u/7956820810?launchid=10000360-page_H5,"https://tvax3.sinaimg.cn/crop.0.0.1080.1080.180/008Gu0zwly8i3q3aqswlvj30u00u075k.jpg?KID=imgbed,tva&Expires=1778663865&ssig=wX5gbBEDe2",search_comments_2026-05-13.csv,search_comment,天猫618你真的很有性价比,True,False
5176806601656337,1749759137,2025-06-12 20:12:17+08:00,5176726767275958,天猫618真的太省了,0,0,1778653065804,湖南,5176806601656337,7737733979,漫寻深海星梦,m,https://m.weibo.cn/u/7737733979?launchid=10000360-page_H5,"https://tvax2.sinaimg.cn/crop.0.0.1080.1080.180/008rEK4Xly8hxty0u6p50j30u00u076c.jpg?KID=imgbed,tva&Expires=1778663865&ssig=N9yihYx0te",search_comments_2026-05-13.csv,search_comment,天猫618真的太省了,True,False
5176749882343981,1749745613,2025-06-12 16:26:53+08:00,5176726767275958,让我撸个羊毛好吗？,0,0,1778653065806,广东,5176749882343981,7070222788,飞鸟恋飞,m,https://m.weibo.cn/u/7070222788?launchid=10000360-page_H5,"https://tvax4.sinaimg.cn/crop.0.0.720.720.180/007ItVVqly8hq24bew3drj30k00k040a.jpg?KID=imgbed,tva&Expires=1778663865&ssig=tSUT2Rd2Ph",search_comments_2026-05-13.csv,search_comment,让我撸个羊毛好吗,True,False
5298033633789940,1778661914,2026-05-13 08:45:14+08:00,5298029458359029,拍短剧轻松工作不累，来钱还快，时间有短，为什么不拍,29,900,1778653092252,广西,5298033633789940,1902084017,再戰明天joe,m,https://m.weibo.cn/u/1902084017?launchid=10000360-page_H5,"https://tvax4.sinaimg.cn/crop.0.0.751.751.180/715f7fb1ly8g2u0jtho3yj20kv0kvq3w.jpg?KID=imgbed,tva&Expires=1778663892&ssig=QfHmgpWGEN",search_comments_2026-05-13.csv,search_comment,拍短剧轻松工作不累来钱还快时间有短为什么不拍,True,False
5298030624375233,1778661196,2026-05-13 08:33:16+08:00,5298029458359029,真的是太令人震惊了,0,3,1778653092256,河北,5298030624375233,3769964252,人生在世与尽欢,m,https://m.weibo.cn/u/3769964252?launchid=10000360-page_H5,"https://tvax3.sinaimg.cn/crop.0.0.1080.1080.180/e0b516dcly8hnro532r9fj20u00u00ut.jpg?KID=imgbed,tva&Expires=1778663892&ssig=mc0E6LD3gW",search_comments_2026-05-13.csv,search_comment,真的是太令人震惊了,True,False
5298030607862453,1778661192,2026-05-13 08:33:12+08:00,5298029458359029,这个确实很不错呀,0,1,1778653092260,河北,5298030607862453,2805188313,爱猫咪的小黑鱼,f,https://m.weibo.cn/u/2805188313?launchid=10000360-page_H5,"https://tva2.sinaimg.cn/crop.0.0.640.640.180/a733c6d9jw8ef27za8n1zj20hs0hs3zh.jpg?KID=imgbed,tva&Expires=1778663892&ssig=EfeU7S8jZ2",search_comments_2026-05-13.csv,search_comment,这个确实很不错呀,True,False
5296274787535120,1778242572,2026-05-08 12:16:12+08:00,5296273468951045,那谁又能拒绝一个会做曲奇的漂亮宝贝！！,1,67,1778653098837,陕西,5296274787535120,1690760727,吾桐细语钟欣潼后援会,f,https://m.weibo.cn/u/1690760727?launchid=10000360-page_H5,"https://tvax1.sinaimg.cn/crop.0.0.1080.1080.180/64c6f617ly8gymhh8kky2j20u00u0abc.jpg?KID=imgbed,tva&Expires=1778663898&ssig=TuOiqYbkRu",search_comments_2026-05-13.csv,search_comment,那谁又能拒绝一个会做曲奇的漂亮宝贝,True,False
5296278663331917,1778243495,2026-05-08 12:31:35+08:00,5296273468951045,姐姐做的小曲奇看起来好好吃呀，言外之意就是俺想尝尝姐姐做的小曲奇,1,33,1778653098845,新疆,5296278663331917,2806362814,吾桐丨雀仔能量中心,f,https://m.weibo.cn/u/2806362814?launchid=10000360-page_H5,"https://tvax3.sinaimg.cn/crop.0.0.1000.1000.180/a745b2bely8hggzdjlgorj20rs0rsdhh.jpg?KID=imgbed,tva&Expires=1778663898&ssig=t0kz9LOr1N",search_comments_2026-05-13.csv,search_comment,姐姐做的小曲奇看起来好好吃呀言外之意就是俺想尝尝姐姐做的小曲奇,True,False
5296277984119458,1778243334,2026-05-08 12:28:54+08:00,5296273468951045,那个美丽漂亮的姐姐，我也想吃你做的小曲奇,1,27,1778653098847,新疆,5296277984119458,6084309529,社恐D天蝎,f,https://m.weibo.cn/u/6084309529?launchid=10000360-page_H5,"https://tvax4.sinaimg.cn/crop.0.0.1080.1080.180/006DL8QFly8icxbls4me7j30u00u03z6.jpg?KID=imgbed,tva&Expires=1778663898&ssig=i64g5iI223",search_comments_2026-05-13.csv,search_comment,那个美丽漂亮的姐姐我也想吃你做的小曲奇,True,False
5298058019734758,1778667728,2026-05-13 10:22:08+08:00,5298056834848173,现在短剧质量也越来越高了,0,2,1778653105202,湖北,5298058019734758,7419441597,零维光斑,m,https://m.weibo.cn/u/7419441597?launchid=10000360-page_H5,"https://tvax4.sinaimg.cn/crop.0.0.1080.1080.180/00867dGRly8icmg814d3rj30u00u0ta8.jpg?KID=imgbed,tva&Expires=1778663905&ssig=JPCSDAByCa",search_comments_2026-05-13.csv,search_comment,现在短剧质量也越来越高了,True,False
5298058977871954,1778667956,2026-05-13 10:25:56+08:00,5298056834848173,挺喜欢她的性格，演技也在线,0,1,1778653105204,广西,5298058977871954,5574042595,七巷拾香,f,https://m.weibo.cn/u/5574042595?launchid=10000360-page_H5,"https://tvax1.sinaimg.cn/crop.0.0.690.690.180/0065e76Ply8i8gm6ftabbj30j60j6jtc.jpg?KID=imgbed,tva&Expires=1778663905&ssig=Im8ArXm%2FU5",search_comments_2026-05-13.csv,search_comment,挺喜欢她的性格演技也在线,True,False
5298058772352149,1778667907,2026-05-13 10:25:07+08:00,5298056834848173,我去这张脸直接降维打击,0,1,1778653105206,四川,5298058772352149,7673822235,33抱礼貌,f,https://m.weibo.cn/u/7673822235?launchid=10000360-page_H5,"https://tvax2.sinaimg.cn/crop.0.0.1080.1080.180/008nkzInly8icsoeh5kloj30u00u0gml.jpg?KID=imgbed,tva&Expires=1778663905&ssig=dXEOMgVln7",search_comments_2026-05-13.csv,search_comment,我去这张脸直接降维打击,True,False
5298034189534430,1778662046,2026-05-13 08:47:26+08:00,5298031457209627,英皇都落魄了吗，阿娇都去演短剧了,29,308,1778653111633,湖北,5298034189534430,6861654425,E人摆烂日记,m,https://m.weibo.cn/u/6861654425?launchid=10000360-page_H5,"https://tvax3.sinaimg.cn/crop.0.0.512.512.180/007umNLzly8i26jmbht9pj30e80e80tn.jpg?KID=imgbed,tva&Expires=1778663911&ssig=QOSvBkdrhX",search_comments_2026-05-13.csv,search_comment,英皇都落魄了吗阿娇都去演短剧了,True,False
5298033982963737,1778661996,2026-05-13 08:46:36+08:00,5298031457209627,现在这么多明星去短剧咯,0,19,1778653111634,广东,5298033982963737,1007614311,体说_,m,https://m.weibo.cn/u/1007614311?launchid=10000360-page_H5,"https://tvax4.sinaimg.cn/crop.193.0.586.586.180/3c0ef967ly8hxcnjet4eij20r00gatab.jpg?KID=imgbed,tva&Expires=1778663911&ssig=zLqVKW5OsR",search_comments_2026-05-13.csv,search_comment,现在这么多明星去短剧咯,True,False
5298034051122810,1778662013,2026-05-13 08:46:53+08:00,5298031457209627,现在短剧质量真的越做越好了,0,21,1778653111635,湖北,5298034051122810,6589207832,cs落日旅馆,f,https://m.weibo.cn/u/6589207832?launchid=10000360-page_H5,"https://tvax2.sinaimg.cn/crop.0.0.1080.1080.180/007bVDXGly8i7gm4zkiydj30u00u0dih.jpg?KID=imgbed,tva&Expires=1778663911&ssig=cguQ0O399p",search_comments_2026-05-13.csv,search_comment,现在短剧质量真的越做越好了,True,False
5298029875695027,1778661018,2026-05-13 08:30:18+08:00,5297826012594945,英皇是真缺钱，现在1万一天的都让她拍了，现在英皇是往死里让艺人不停歇,1,6,1778653117986,江苏,5298029875695027,1862631154,Catherine--Wong,f,https://m.weibo.cn/u/1862631154?launchid=10000360-page_H5,"https://tva3.sinaimg.cn/crop.0.1.510.510.180/6f057ef2jw8em8cwuztd9j20e60e83yx.jpg?KID=imgbed,tva&Expires=1778663918&ssig=9J4LKtYZXL",search_comments_2026-05-13.csv,search_comment,英皇是真缺钱现在1万一天的都让她拍了现在英皇是往死里让艺人不停歇,True,False
5297828876520887,1778613096,2026-05-12 19:11:36+08:00,5297826012594945,她竟然去演短剧了,0,1,1778653117992,河南,5297828876520887,7855778555,小喵雪顶_,m,https://m.weibo.cn/u/7855778555?launchid=10000360-page_H5,"https://tvax4.sinaimg.cn/crop.0.0.1080.1080.180/008zE2RJly8i13jmi626yj30u00u0wgo.jpg?KID=imgbed,tva&Expires=1778663918&ssig=%2Bx6QnjeCgj",search_comments_2026-05-13.csv,search_comment,她竟然去演短剧了,True,False
5298041562857654,1778663803,2026-05-13 09:16:43+08:00,5298040585324143,她不缺钱 英皇缺钱啊,0,33,1778653124307,广东,5298041562857654,6034893119,小沅侃美加墨,f,https://m.weibo.cn/u/6034893119?launchid=10000360-page_H5,"https://tvax4.sinaimg.cn/crop.0.0.1024.1024.180/006ApNnNly8icw8s4mc1wj30sg0sggnt.jpg?KID=imgbed,tva&Expires=1778663924&ssig=RXhZEKkiiT",search_comments_2026-05-13.csv,search_comment,她不缺钱 英皇缺钱啊,True,False
5298045168389409,1778664664,2026-05-13 09:31:04+08:00,5298040585324143,这么说杨颖演短剧岂不妙哉，神颜值,0,2,1778653124309,陕西,5298045168389409,6987206276,心情好是跟自己和解,m,https://m.weibo.cn/u/6987206276?launchid=10000360-page_H5,"https://tvax1.sinaimg.cn/crop.0.0.1080.1080.180/007CRBxqly8i8dqfw5dt5j30u00u077o.jpg?KID=imgbed,tva&Expires=1778663924&ssig=ipOzY%2BgPMb",search_comments_2026-05-13.csv,search_comment,这么说杨颖演短剧岂不妙哉神颜值,True,False
5298040627794570,1778663581,2026-05-13 09:13:01+08:00,5298040585324143,阿娇的新尝试，《风声之双生谜局》，期待她的精彩演绎！,0,9,1778653124311,四川,5298040627794570,1273590234,环球旅游攻略咖,m,https://m.weibo.cn/u/1273590234?launchid=10000360-page_H5,"https://tva1.sinaimg.cn/crop.350.0.1147.1147.180/4be971dagw1eyt426787ij21h41827wh.jpg?KID=imgbed,tva&Expires=1778663924&ssig=GsR1gluNqW",search_comments_2026-05-13.csv,search_comment,阿娇的新尝试风声之双生谜局期待她的精彩演绎,True,False
5298100407373206,1778677834,2026-05-13 13:10:34+08:00,5298091264843536,很漂亮，但总觉得苦相,0,0,1778653147040,安徽,5298100407373206,9114425696,火红的太阳_紫气东来,m,https://m.weibo.cn/u/9114425696?launchid=10000360-page_H5,"https://tvax3.sinaimg.cn/crop.0.0.1080.1080.180/009WPcu4ly8i889mymiwvj30u00u0tbj.jpg?KID=imgbed,tva&Expires=1778663947&ssig=O19KUCEZG0",search_comments_2026-05-13.csv,search_comment,很漂亮但总觉得苦相,True,False
5298065684302274,1778669555,2026-05-13 10:52:35+08:00,5298048814024535,人间不值得，阿云嘎值得……支持观感自由表达 查看图片,3,519,1778653170399,辽宁,5298065684302274,5063610371,我爱晴儿也爱雨,f,https://m.weibo.cn/u/5063610371?launchid=10000360-page_H5,"https://tvax1.sinaimg.cn/crop.0.0.1080.1080.180/005wGon1ly8hmghklucioj30u00u0jt6.jpg?KID=imgbed,tva&Expires=1778663970&ssig=xefqCJZgqM",search_comments_2026-05-13.csv,search_comment,人间不值得阿云嘎值得支持观感自由表达 查看图片,True,False
5298063657929924,1778669072,2026-05-13 10:44:32+08:00,5298048814024535,片中的某句话某个情节让你特别共情，感触特别深，这都不可以吗？支持阿云嘎表达自由,23,1003,1778653170400,上海,5298063657929924,1996877513,shishilovegaga,f,https://m.weibo.cn/u/1996877513?launchid=10000360-page_H5,"https://tvax2.sinaimg.cn/crop.0.0.983.983.180/7705eec9ly8hquwr2a0qgj20rb0rbmz7.jpg?KID=imgbed,tva&Expires=1778663970&ssig=dpWKSv2XE9",search_comments_2026-05-13.csv,search_comment,片中的某句话某个情节让你特别共情感触特别深这都不可以吗支持阿云嘎表达自由,True,False
5298062261749896,1778668739,2026-05-13 10:38:59+08:00,5298048814024535,了解他的人就知道他是真的被打动了 查看图片,16,493,1778653170402,北京,5298062261749896,1563364657,大米小鱼干儿,f,https://m.weibo.cn/u/1563364657?launchid=10000360-page_H5,"https://tvax1.sinaimg.cn/crop.0.0.750.750.180/5d2f0d31ly8g2kumgfs31j20ku0kuq3x.jpg?KID=imgbed,tva&Expires=1778663970&ssig=qjw1XO%2BVc6",search_comments_2026-05-13.csv,search_comment,了解他的人就知道他是真的被打动了 查看图片,True,False
5298067884475428,1778670080,2026-05-13 11:01:20+08:00,5298060911706178,他错哪儿啦？错在真诚推荐？,1,162,1778653176776,上海,5298067884475428,1741178234,故事娘子,f,https://m.weibo.cn/u/1741178234?launchid=10000360-page_H5,"https://tva2.sinaimg.cn/crop.0.0.180.180.180/67c8457ajw1e8qgp5bmzyj2050050aa8.jpg?KID=imgbed,tva&Expires=1778663976&ssig=2QUqar6clu",search_comments_2026-05-13.csv,search_comment,他错哪儿啦错在真诚推荐,True,False
5298067448531058,1778669976,2026-05-13 10:59:36+08:00,5298060911706178,他没错哈，错在太实诚，不该自己电影不宣传，去宣传别人的电影,0,66,1778653176777,上海,5298067448531058,2103271030,lily_S,f,https://m.weibo.cn/u/2103271030?launchid=10000360-page_H5,"https://tvax1.sinaimg.cn/crop.0.0.1080.1080.180/7d5d5e76ly8hmv4hf4k2tj20u00u040e.jpg?KID=imgbed,tva&Expires=1778663976&ssig=zl7rowo%2B10",search_comments_2026-05-13.csv,search_comment,他没错哈错在太实诚不该自己电影不宣传去宣传别人的电影,True,False
5298065332504605,1778669471,2026-05-13 10:51:11+08:00,5298060911706178,知错能改还是好的,0,0,1778653176778,辽宁,5298065332504605,6148996352,梦境沉睡森林木屋,f,https://m.weibo.cn/u/6148996352?launchid=10000360-page_H5,"https://tvax2.sinaimg.cn/crop.0.0.1080.1080.180/006I8yQwly8ictun2awq4j30u00u0wgo.jpg?KID=imgbed,tva&Expires=1778663976&ssig=X8lmLLFX8h",search_comments_2026-05-13.csv,search_comment,知错能改还是好的,True,False
5298106061292310,1778679182,2026-05-13 13:33:02+08:00,5298097464543457,人就是会因为各自的人生经历不同而被电影不同的细节戳中，这不正是电影的成功之处吗？,1,4,1778653183141,上海,5298106061292310,2197369273,乐逸_爆切芒果版,f,https://m.weibo.cn/u/2197369273?launchid=10000360-page_H5,"https://tvax1.sinaimg.cn/crop.0.0.534.534.180/82f931b9ly8h1l5vnomtyj20eu0eu755.jpg?KID=imgbed,tva&Expires=1778663983&ssig=qnc%2BrcRfeh",search_comments_2026-05-13.csv,search_comment,人就是会因为各自的人生经历不同而被电影不同的细节戳中这不正是电影的成功之处吗,True,False
5298103131311247,1778678483,2026-05-13 13:21:23+08:00,5298097464543457,阿云嘎做错了什么谁来给他道歉#阿云嘎发视频道歉# #阿云嘎回应推荐给阿嬷的情书#,0,3,1778653183143,山东,5298103131311247,6792500489,时光匆匆如流水2022,f,https://m.weibo.cn/u/6792500489?launchid=10000360-page_H5,"https://tvax3.sinaimg.cn/crop.0.0.340.340.180/007pGDFvly8hng98okmatj309g09gweg.jpg?KID=imgbed,tva&Expires=1778663983&ssig=%2B%2BjVku4xSe",search_comments_2026-05-13.csv,search_comment,阿云嘎做错了什么谁来给他道歉 ,True,False
5298107019690443,1778679409,2026-05-13 13:36:49+08:00,5298097464543457,还有人信誓旦旦地说电影里没有祖孙的！你头晕别觉得世界在旋转！,0,4,1778653183145,上海,5298107019690443,7888860763,金碗饮清泉,f,https://m.weibo.cn/u/7888860763?launchid=10000360-page_H5,"https://tvax3.sinaimg.cn/crop.0.0.1080.1080.180/008BSR3Jly8ht3sx5k101j30u00u0n0v.jpg?KID=imgbed,tva&Expires=1778663983&ssig=CpeUBc20BB",search_comments_2026-05-13.csv,search_comment,还有人信誓旦旦地说电影里没有祖孙的你头晕别觉得世界在旋转,True,False
5298065695312687,1778669558,2026-05-13 10:52:38+08:00,5298063304299921,阿云嘎是还没看吗？,1,1,1778653189541,湖南,5298065695312687,7727802905,等雨不归人,f,https://m.weibo.cn/u/7727802905?launchid=10000360-page_H5,"https://tvax2.sinaimg.cn/crop.0.0.1080.1080.180/008qZ4ylly8ibpaof4tf2j30u00u041g.jpg?KID=imgbed,tva&Expires=1778663989&ssig=dhk5ff2b9S",search_comments_2026-05-13.csv,search_comment,阿云嘎是还没看吗,True,False
5298065691902489,1778669557,2026-05-13 10:52:37+08:00,5298063304299921, 查看图片,0,1,1778653189543,福建,5298065691902489,2140245977,与云说雨,f,https://m.weibo.cn/u/2140245977?launchid=10000360-page_H5,"https://tvax2.sinaimg.cn/crop.0.0.996.996.180/7f918fd9ly8gk0pd650h2j20ro0roacl.jpg?KID=imgbed,tva&Expires=1778663989&ssig=f91g86i3yi",search_comments_2026-05-13.csv,search_comment, 查看图片,True,False
5298065049124875,1778669403,2026-05-13 10:50:03+08:00,5298063304299921,触动点不同，感受肯定不一样，太真诚的推荐,0,1,1778653189546,四川,5298065049124875,1751359460,深海飞鱼2010,f,https://m.weibo.cn/u/1751359460?launchid=10000360-page_H5,"https://tvax1.sinaimg.cn/crop.0.0.996.996.180/001UwwBely8gvq4kw1z6wj60ro0roq5h02.jpg?KID=imgbed,tva&Expires=1778663989&ssig=Tvfs3pG11Y",search_comments_2026-05-13.csv,search_comment,触动点不同感受肯定不一样太真诚的推荐,True,False
5298066245551766,1778669689,2026-05-13 10:54:49+08:00,5298063056831691,这片子挺真诚的，看哭了好多人,0,3,1778653195890,福建,5298066245551766,7901305673,萌宠呆呆酱,f,https://m.weibo.cn/u/7901305673?launchid=10000360-page_H5,"https://tvax2.sinaimg.cn/crop.0.40.999.999.180/008CJ4y5ly8i0lkvjmht9j30rr0u0dik.jpg?KID=imgbed,tva&Expires=1778663995&ssig=PqjeyX9a4P",search_comments_2026-05-13.csv,search_comment,这片子挺真诚的看哭了好多人,True,False
5298064231500373,1778669209,2026-05-13 10:46:49+08:00,5298063056831691,这部电影怎么了？,0,0,1778653195893,安徽,5298064231500373,2923385072,合肥看点,m,https://m.weibo.cn/u/2923385072?launchid=10000360-page_H5,"https://tvax4.sinaimg.cn/crop.0.0.180.180.180/ae3f50f0ly8gdk1luwpd5j2050050746.jpg?KID=imgbed,tva&Expires=1778663995&ssig=UJGGUFmpGt",search_comments_2026-05-13.csv,search_comment,这部电影怎么了,True,False
5298066661311818,1778669788,2026-05-13 10:56:28+08:00,5298063056831691,这部电影很好看啊,0,1,1778653195894,浙江,5298066661311818,7995789277,工程师爱吃瓜,m,https://m.weibo.cn/u/7995789277?launchid=10000360-page_H5,"https://tvax2.sinaimg.cn/crop.0.0.1080.1080.180/008J7w3bly8i0vc4h0uh2j30u00u0aga.jpg?KID=imgbed,tva&Expires=1778663995&ssig=1n%2Fr1hYtlf",search_comments_2026-05-13.csv,search_comment,这部电影很好看啊,True,False
5298117336894772,1778681870,2026-05-13 14:17:50+08:00,5298116779836876,这个电影里没有讲祖孙情,0,0,1778653218815,广东,5298117336894772,7397560917,image-xz,f,https://m.weibo.cn/u/7397560917?launchid=10000360-page_H5,"https://tvax3.sinaimg.cn/crop.0.0.1080.1080.180/0084DpwFly8i2im1hcaawj30u00u00xr.jpg?KID=imgbed,tva&Expires=1778664018&ssig=BNGJq85kkB",search_comments_2026-05-13.csv,search_comment,这个电影里没有讲祖孙情,True,False
5298075555857772,1778671909,2026-05-13 11:31:49+08:00,5298075390184249,它们欺负老实人，我抵制电影！,2,1,1778653225198,上海,5298075555857772,1741178234,故事娘子,f,https://m.weibo.cn/u/1741178234?launchid=10000360-page_H5,"https://tva2.sinaimg.cn/crop.0.0.180.180.180/67c8457ajw1e8qgp5bmzyj2050050aa8.jpg?KID=imgbed,tva&Expires=1778664025&ssig=N%2FlGnYLMpK",search_comments_2026-05-13.csv,search_comment,它们欺负老实人我抵制电影,True,False
5298063241383761,1778668973,2026-05-13 10:42:53+08:00,5298059487741883,他不是知道错了 他是害怕了,47,9579,1778653251898,广东,5298063241383761,2384017755,房屋公园-他乡一客,m,https://m.weibo.cn/u/2384017755?launchid=10000360-page_H5,"https://tva2.sinaimg.cn/crop.0.0.180.180.180/8e19395bjw1e8qgp5bmzyj2050050aa8.jpg?KID=imgbed,tva&Expires=1778664051&ssig=6igMvKrVyB",search_comments_2026-05-13.csv,search_comment,他不是知道错了 他是害怕了,True,False
5298064118255223,1778669182,2026-05-13 10:46:22+08:00,5298059487741883,研究生就这？书读哪去了,90,2680,1778653251901,广东,5298064118255223,5178038429,粤事我知道,m,https://m.weibo.cn/u/5178038429?launchid=10000360-page_H5,"https://tvax3.sinaimg.cn/crop.129.296.740.740.180/005EqwkRly8h6t934z1ggj30rs11179h.jpg?KID=imgbed,tva&Expires=1778664051&ssig=z6uW0eFyAL",search_comments_2026-05-13.csv,search_comment,研究生就这书读哪去了,True,False
5298063568803039,1778669051,2026-05-13 10:44:11+08:00,5298059487741883,#南京审计大学偷拍男曾向爆料者求饶# 天呐 犯错前怎么不想想自己的沉没成本,8,1176,1778653251903,广东,5298063568803039,1615676241,小媳妇my王者,m,https://m.weibo.cn/u/1615676241?launchid=10000360-page_H5,"https://tvax2.sinaimg.cn/crop.0.0.412.412.180/604d4351ly8h6t9r8g386j20bg0bg0tg.jpg?KID=imgbed,tva&Expires=1778664051&ssig=hBtxq0tlMv",search_comments_2026-05-13.csv,search_comment, 天呐 犯错前怎么不想想自己的沉没成本,True,False
5298092506355352,1778675950,2026-05-13 12:39:10+08:00,5298090196340002,没必要一惊一乍的，没有毕业证学位证连报名资格都没有,2,59,1778653258310,江苏,5298092506355352,6197279732,独来独往的胖虎,m,https://m.weibo.cn/u/6197279732?launchid=10000360-page_H5,"https://tvax3.sinaimg.cn/crop.0.0.625.625.180/006Lp9yIly8hrwvsbuhv3j30hd0hdgmj.jpg?KID=imgbed,tva&Expires=1778664058&ssig=CXCd%2FaLGpQ",search_comments_2026-05-13.csv,search_comment,没必要一惊一乍的没有毕业证学位证连报名资格都没有,True,False
5298090948954183,1778675579,2026-05-13 12:32:59+08:00,5298090196340002,啊，这种后续发现，还有用吗？,0,0,1778653258314,北京,5298090948954183,7414574603,卡呀卡哪,m,https://m.weibo.cn/u/7414574603?launchid=10000360-page_H5,"https://tvax1.sinaimg.cn/default/images/default_avatar_male_180.gif?KID=imgbed,tva&Expires=1778664058&ssig=SyeUj7ZItk",search_comments_2026-05-13.csv,search_comment,啊这种后续发现还有用吗,True,False
5298093181375379,1778676111,2026-05-13 12:41:51+08:00,5298090196340002,没研究生学历学籍，过不了后续环节了,4,38,1778653258320,浙江,5298093181375379,2659816621,天下无歧,f,https://m.weibo.cn/u/2659816621?launchid=10000360-page_H5,"https://tva2.sinaimg.cn/crop.0.0.180.180.180/9e8994adjw1e8qgp5bmzyj2050050aa8.jpg?KID=imgbed,tva&Expires=1778664058&ssig=CTrOfonnF2",search_comments_2026-05-13.csv,search_comment,没研究生学历学籍过不了后续环节了,True,False
5298094696564307,1778676472,2026-05-13 12:47:52+08:00,5298094280545070,你们觉得这种事处罚轻了吗,2,3,1778653297544,广东,5298094696564307,7404299223,男娘-,m,https://m.weibo.cn/u/7404299223?launchid=10000360-page_H5,"https://tvax2.sinaimg.cn/crop.0.0.960.960.180/00855Gt1ly8id36e9mdiwj30qo0qoq3o.jpg?KID=imgbed,tva&Expires=1778664097&ssig=UK7I9NSL%2BH",search_comments_2026-05-13.csv,search_comment,你们觉得这种事处罚轻了吗,True,False
5298113078362286,1778680854,2026-05-13 14:00:54+08:00,5298094501796274,这种处理结果是他应得的,0,0,1778653303930,上海,5298113078362286,1681108421,打个哈欠算了,m,https://m.weibo.cn/u/1681108421?launchid=10000360-page_H5,"https://tvax3.sinaimg.cn/crop.0.0.512.512.180/6433adc5ly8hyr49yhc1jj20e80e8wf5.jpg?KID=imgbed,tva&Expires=1778664104&ssig=sVzhFyAfel",search_comments_2026-05-13.csv,search_comment,这种处理结果是他应得的,True,False
5298117284991396,1778681858,2026-05-13 14:17:38+08:00,5298116372465136,这不是应该的么？,0,0,1778653310296,辽宁,5298117284991396,2057752761,尼克发条橙,m,https://m.weibo.cn/u/2057752761?launchid=10000360-page_H5,"https://tvax3.sinaimg.cn/crop.0.0.1002.1002.180/7aa6d0b9ly8gdi8p53j27j20ru0rumz9.jpg?KID=imgbed,tva&Expires=1778664110&ssig=W8Z%2FY%2BSxrj",search_comments_2026-05-13.csv,search_comment,这不是应该的么,True,False
5298100270270796,1778677801,2026-05-13 13:10:01+08:00,5298099572443462,有个问题是他是研究生，他如果是用本科学历考的公务员是不是他就可能逃脱了,1,2,1778653316726,江苏,5298100270270796,7933432423,生活让人烦恼,f,https://m.weibo.cn/u/7933432423?launchid=10000360-page_H5,"https://tvax3.sinaimg.cn/crop.0.0.1080.1080.180/008ETSbtly8hrogxt92bjj30u00u0whn.jpg?KID=imgbed,tva&Expires=1778664116&ssig=CWNJlKl806",search_comments_2026-05-13.csv,search_comment,有个问题是他是研究生他如果是用本科学历考的公务员是不是他就可能逃脱了,True,False
5298101373897298,1778678064,2026-05-13 13:14:24+08:00,5298069285374691,评论区以期待开播为主流（65%），粉丝热议今晚央视八套和优酷同步上线，提醒追剧；头像设计萌化人心（25%），&quot;一猫一兔一鼠&quot;形象契合角色获赞可爱；另有部分讨论聚焦演员适配度（10%），如赞杨洋为&quot;天选展昭&quot;。整体氛围兴奋，凸显观众对《雨霖铃...查看最新戳-&gt;微博智搜,0,0,1778653326977,微博智搜AI生成,5298101373897298,7892270010,微博智搜,f,https://m.weibo.cn/u/7892270010?launchid=10000360-page_H5,"https://tvax2.sinaimg.cn/crop.0.0.1080.1080.180/008C79XAly8i5grzh416kj30u00u0t8z.jpg?KID=imgbed,tva&Expires=1778664126&ssig=%2FiErkyNjcR",search_comments_2026-05-13.csv,search_comment,评论区以期待开播为主流65粉丝热议今晚央视八套和优酷同步上线提醒追剧头像设计萌化人心25quot一猫一兔一鼠quot形象契合角色获赞可爱另有部分讨论聚焦演员适配度10如赞杨洋为quot天选展昭quot整体氛围兴奋凸显观众对雨霖铃查看最新戳gt微博智搜,True,False
5298092213799838,1778675880,2026-05-13 12:38:00+08:00,5298069285374691,欢迎来看我们破案三人组！期待#章若楠霍玲珑#,0,20,1778653326979,广东,5298092213799838,6260914418,真没意思噢,f,https://m.weibo.cn/u/6260914418?launchid=10000360-page_H5,"https://tvax3.sinaimg.cn/crop.0.0.1024.1024.180/006PI9QCly8id3odddhmlj30sg0sg0v9.jpg?KID=imgbed,tva&Expires=1778664126&ssig=8gJyMjQXuH",search_comments_2026-05-13.csv,search_comment,欢迎来看我们破案三人组期待,True,False
5298095711846499,1778676713,2026-05-13 12:51:53+08:00,5298069285374691,一起来看雨霖铃展昭,1,154,1778653326980,辽宁,5298095711846499,7848070022,绯色效应,f,https://m.weibo.cn/u/7848070022?launchid=10000360-page_H5,"https://tvax2.sinaimg.cn/crop.0.0.1024.1024.180/008z7Hwyly8id1wqt3hotj30sg0sgwg9.jpg?KID=imgbed,tva&Expires=1778664126&ssig=hekBV%2FsAqM",search_comments_2026-05-13.csv,search_comment,一起来看雨霖铃展昭,True,False
5298101126433093,1778678005,2026-05-13 13:13:25+08:00,5298100189269073,坐等雨霖铃开播看方逸伦的精彩演绎,0,9,1778653333314,广东,5298101126433093,5832874197,星星月亮等你,f,https://m.weibo.cn/u/5832874197?launchid=10000360-page_H5,"https://tvax2.sinaimg.cn/crop.0.0.1080.1080.180/006mK925ly8hny2p686ykj30u00u0gme.jpg?KID=imgbed,tva&Expires=1778664133&ssig=WLYwf8Zn3J",search_comments_2026-05-13.csv,search_comment,坐等雨霖铃开播看方逸伦的精彩演绎,True,False
5298101113589781,1778678002,2026-05-13 13:13:22+08:00,5298100189269073,这一波的画面感可已经触动了我的心弦,0,5,1778653333317,内蒙古,5298101113589781,3841472534,太阳的尾巴4,f,https://m.weibo.cn/u/3841472534?launchid=10000360-page_H5,"https://tva3.sinaimg.cn/crop.0.0.180.180.180/e4f83816jw8e9es965rhwj20500500so.jpg?KID=imgbed,tva&Expires=1778664133&ssig=RUyiYCAhgr",search_comments_2026-05-13.csv,search_comment,这一波的画面感可已经触动了我的心弦,True,False
5298101183318582,1778678019,2026-05-13 13:13:39+08:00,5298100189269073,方逸伦老鼠头像可爱,0,1,1778653333319,辽宁,5298101183318582,7965227963,南意君心,f,https://m.weibo.cn/u/7965227963?launchid=10000360-page_H5,"https://tvax2.sinaimg.cn/crop.0.0.1080.1080.180/008H3hELly8hw5j3cbzd7j30u00u076o.jpg?KID=imgbed,tva&Expires=1778664133&ssig=YrunDYqgIV",search_comments_2026-05-13.csv,search_comment,方逸伦老鼠头像可爱,True,False
5298100862190133,1778677941,2026-05-13 13:12:21+08:00,5298100310643018,好帅好帅好帅,0,33,1778653339673,山东,5298100862190133,7543400493,伤心的雾铃,f,https://m.weibo.cn/u/7543400493?launchid=10000360-page_H5,"https://tvax1.sinaimg.cn/crop.0.0.1080.1080.180/008evl3Tly8i9w6aw9fdkj30u00u00w0.jpg?KID=imgbed,tva&Expires=1778664139&ssig=V1uhmuhZka",search_comments_2026-05-13.csv,search_comment,好帅好帅好帅,True,False
5298101431830780,1778678078,2026-05-13 13:14:38+08:00,5298100310643018,真的是很令人期待呀,0,23,1778653339678,河北,5298101431830780,5394032824,大小姐悠悠,f,https://m.weibo.cn/u/5394032824?launchid=10000360-page_H5,"https://tvax3.sinaimg.cn/crop.0.0.500.500.180/005T2Olqly8htz53ld2goj30dw0dwmyd.jpg?KID=imgbed,tva&Expires=1778664139&ssig=UtvtNVSCXr",search_comments_2026-05-13.csv,search_comment,真的是很令人期待呀,True,False
5298114887159126,1778681286,2026-05-13 14:08:06+08:00,5298096667625403,今晚来看#杨洋展昭# #杨洋雨霖铃# 查看图片,0,0,1778653346013,广东,5298114887159126,1782031965,蒲公英一样自由,f,https://m.weibo.cn/u/1782031965?launchid=10000360-page_H5,"https://tvax3.sinaimg.cn/crop.0.0.1080.1080.180/6a37a65dly8id2yjkeiyoj20u00u0wis.jpg?KID=imgbed,tva&Expires=1778664146&ssig=3EpjvPqNoy",search_comments_2026-05-13.csv,search_comment,今晚来看  查看图片,True,False
5298096695415389,1778676949,2026-05-13 12:55:49+08:00,5298077837823409,从目前这个预告来看，已经非常的吸引人，很好看,0,0,1778653352377,山西,5298096695415389,7623568881,奶茶总动员---,f,https://m.weibo.cn/u/7623568881?launchid=10000360-page_H5,"https://tvax2.sinaimg.cn/crop.0.0.1080.1080.180/008jVIwply8i3etnubtn0j30u00u0t9k.jpg?KID=imgbed,tva&Expires=1778664152&ssig=5vKGwCWDJO",search_comments_2026-05-13.csv,search_comment,从目前这个预告来看已经非常的吸引人很好看,True,False
5298096687811802,1778676947,2026-05-13 12:55:47+08:00,5298077837823409,这个阵容太让人狂喜了,0,0,1778653352379,河南,5298096687811802,7828730898,美女与鬼畜,m,https://m.weibo.cn/u/7828730898?launchid=10000360-page_H5,"https://tvax1.sinaimg.cn/crop.0.0.1080.1080.180/008xOyxcly8hccelkgedzj30u00u0jsg.jpg?KID=imgbed,tva&Expires=1778664152&ssig=YSqz4fjl1M",search_comments_2026-05-13.csv,search_comment,这个阵容太让人狂喜了,True,False
5298096281487215,1778676850,2026-05-13 12:54:10+08:00,5298077837823409,这个阵容必须要追剧,0,0,1778653352380,河南,5298096281487215,7946701704,Goodbye的跟屁虫,m,https://m.weibo.cn/u/7946701704?launchid=10000360-page_H5,"https://tvax4.sinaimg.cn/crop.0.0.1080.1080.180/008FNy88ly8htf2a5e7x7j30u00u0tbm.jpg?KID=imgbed,tva&Expires=1778664152&ssig=%2FqWAf3DGgz",search_comments_2026-05-13.csv,search_comment,这个阵容必须要追剧,True,False
5298114762376562,1778681256,2026-05-13 14:07:36+08:00,5298107120355807,今晚看杨洋的南侠御猫展昭，对#杨洋展昭# #杨洋雨霖铃#,0,4,1778653391935,广东,5298114762376562,1782031965,蒲公英一样自由,f,https://m.weibo.cn/u/1782031965?launchid=10000360-page_H5,"https://tvax3.sinaimg.cn/crop.0.0.1080.1080.180/6a37a65dly8id2yjkeiyoj20u00u0wis.jpg?KID=imgbed,tva&Expires=1778664192&ssig=W%2Foj132%2B%2F5",search_comments_2026-05-13.csv,search_comment,今晚看杨洋的南侠御猫展昭对 ,True,False
5298107973633026,1778679638,2026-05-13 13:40:38+08:00,5298107120355807,展喵喵来也#杨洋展昭#,0,2,1778653391938,广东,5298107973633026,5255604127,Moneymoney0909,m,https://m.weibo.cn/u/5255604127?launchid=10000360-page_H5,"https://tvax3.sinaimg.cn/crop.0.0.1080.1080.180/005JFYIvly8ibdeczn9kwj30u00u0aof.jpg?KID=imgbed,tva&Expires=1778664192&ssig=8nerg6%2Fbas",search_comments_2026-05-13.csv,search_comment,展喵喵来也,True,False
5298067743444871,1778670046,2026-05-13 11:00:46+08:00,5297938138137608,巩皇就是巩皇。让我们去歌颂大胆、自由、狂热的充满勇气的故事。,6,238,1778653415723,北京,5298067743444871,1216886517,阿顺,m,https://m.weibo.cn/u/1216886517?launchid=10000360-page_H5,"https://tvax2.sinaimg.cn/crop.0.0.512.512.180/488836f5ly8gdjn1hlwo6j20e80e8mxm.jpg?KID=imgbed,tva&Expires=1778664215&ssig=cMTxhGpK4R",search_comments_2026-05-13.csv,search_comment,巩皇就是巩皇让我们去歌颂大胆自由狂热的充满勇气的故事,True,False
5297938305646716,1778639185,2026-05-13 02:26:25+08:00,5297938138137608,太权威了巩俐,16,1379,1778653415726,重庆,5297938305646716,5707090385,-2004_-,f,https://m.weibo.cn/u/5707090385?launchid=10000360-page_H5,"https://tvax3.sinaimg.cn/crop.0.0.1080.1080.180/006eemUVly8iasz1v0xb3j30u00u0q5a.jpg?KID=imgbed,tva&Expires=1778664215&ssig=eaz%2F%2FPLBp0",search_comments_2026-05-13.csv,search_comment,太权威了巩俐,True,False
5298016393102144,1778657803,2026-05-13 07:36:43+08:00,5297938138137608,在2026年戛纳电影节开幕式上，巩俐与简·方达同台致辞，体现东西方电影文化交融。巩俐强调电影超越语言文化、连接人类情感的力量，并荣幸代表中国电影；简·方达则阐述电影的反抗精神与发声作用，聚焦边缘故事以激发共情。最后，巩俐用中文庄重宣布第79...查看最新戳-&gt;微博智搜,0,35,1778653415729,微博智搜AI生成,5298016393102144,7892270010,微博智搜,f,https://m.weibo.cn/u/7892270010?launchid=10000360-page_H5,"https://tvax2.sinaimg.cn/crop.0.0.1080.1080.180/008C79XAly8i5grzh416kj30u00u0t8z.jpg?KID=imgbed,tva&Expires=1778664215&ssig=B25EeyNdVe",search_comments_2026-05-13.csv,search_comment,在2026年戛纳电影节开幕式上巩俐与简方达同台致辞体现东西方电影文化交融巩俐强调电影超越语言文化连接人类情感的力量并荣幸代表中国电影简方达则阐述电影的反抗精神与发声作用聚焦边缘故事以激发共情最后巩俐用中文庄重宣布第79查看最新戳gt微博智搜,True,False
5298018978892300,1778658420,2026-05-13 07:47:00+08:00,5298017289634049,还有哪个演员可以在这样的场合用中文宣布开幕，只有巩俐做到了，还是挺厉害的。,0,22,1778653422128,湖北,5298018978892300,6861654425,E人摆烂日记,m,https://m.weibo.cn/u/6861654425?launchid=10000360-page_H5,"https://tvax3.sinaimg.cn/crop.0.0.512.512.180/007umNLzly8i26jmbht9pj30e80e80tn.jpg?KID=imgbed,tva&Expires=1778664222&ssig=XMg3ClV%2Bt2",search_comments_2026-05-13.csv,search_comment,还有哪个演员可以在这样的场合用中文宣布开幕只有巩俐做到了还是挺厉害的,True,False
5298020854008050,1778658867,2026-05-13 07:54:27+08:00,5298017289634049,霸气十足的巩俐，戛纳开幕式中文致辞真的是第一次呢,0,11,1778653422131,四川,5298020854008050,1950828835,美丽carefree,f,https://m.weibo.cn/u/1950828835?launchid=10000360-page_H5,"https://tvax2.sinaimg.cn/crop.0.0.1080.1080.180/74474923ly8hq5343fkx9j20u00u0mz6.jpg?KID=imgbed,tva&Expires=1778664222&ssig=AHwKTD5XJs",search_comments_2026-05-13.csv,search_comment,霸气十足的巩俐戛纳开幕式中文致辞真的是第一次呢,True,False
5298023343067150,1778659460,2026-05-13 08:04:20+08:00,5298017289634049,这排面，孔俐真的把戛纳变主场了,0,7,1778653422138,四川,5298023343067150,2200546715,Loo-鹿鹿,f,https://m.weibo.cn/u/2200546715?launchid=10000360-page_H5,"https://tvax4.sinaimg.cn/crop.0.0.1080.1080.180/8329ad9bly8g0ivhbz48hj20u00u0wgg.jpg?KID=imgbed,tva&Expires=1778664222&ssig=zGxTRHhC1K",search_comments_2026-05-13.csv,search_comment,这排面孔俐真的把戛纳变主场了,True,False
5297931021451802,1778637449,2026-05-13 01:57:29+08:00,5297929810084604,请问你会采访巩俐吗？可以帮我们问问七年不拍戏的巩俐女士还有进组打算吗？,3,20,1778653428485,四川,5297931021451802,5160628691,抱梨蛙,f,https://m.weibo.cn/u/5160628691?launchid=10000360-page_H5,"https://tvax1.sinaimg.cn/crop.0.0.960.960.180/005DftgDly8hf5vjuqgi8j30qo0qodhx.jpg?KID=imgbed,tva&Expires=1778664228&ssig=6CoW3PLh8w",search_comments_2026-05-13.csv,search_comment,请问你会采访巩俐吗可以帮我们问问七年不拍戏的巩俐女士还有进组打算吗,True,False
5297933834518712,1778638119,2026-05-13 02:08:39+08:00,5297929810084604,巩俐，才是真正的电影人，才有这个段位。给巩俐泼脏水的，今年知道是巩俐的主场，没敢露面。巩俐的霸王别姬，这一次还修复了，在戛纳展映，那谁，今年根本不敢露面。,1,17,1778653428487,重庆,5297933834518712,7592964742,隨雲泊居,m,https://m.weibo.cn/u/7592964742?launchid=10000360-page_H5,"https://tvax3.sinaimg.cn/crop.0.0.1080.1080.180/008hRiZgly8h80j2utlyrj30u00u0taa.jpg?KID=imgbed,tva&Expires=1778664228&ssig=pJDaWdn3B8",search_comments_2026-05-13.csv,search_comment,巩俐才是真正的电影人才有这个段位给巩俐泼脏水的今年知道是巩俐的主场没敢露面巩俐的霸王别姬这一次还修复了在戛纳展映那谁今年根本不敢露面,True,False
5297932949783001,1778637909,2026-05-13 02:05:09+08:00,5297929810084604,巩俐厉害，讲中文的中国电影人！本届戛纳真正中文的中国电影人不在评审团，而在评审团外！,0,10,1778653428488,英国,5297932949783001,6857356939,里库布里克,m,https://m.weibo.cn/u/6857356939?launchid=10000360-page_H5,"https://tvax4.sinaimg.cn/crop.0.0.720.720.180/007u4LNhly8hxswsnio8dj30k00k0gmp.jpg?KID=imgbed,tva&Expires=1778664228&ssig=qWZ6WyPqgX",search_comments_2026-05-13.csv,search_comment,巩俐厉害讲中文的中国电影人本届戛纳真正中文的中国电影人不在评审团而在评审团外,True,False
5297935413149939,1778638496,2026-05-13 02:14:56+08:00,5297931666063516,也就是巩俐低调，换了任何一名影星已全平台连夜买爆热搜，梨和梨粉只道是寻常罢了,8,41,1778653434896,江苏,5297935413149939,6326146255,伯恩茅斯日记,f,https://m.weibo.cn/u/6326146255?launchid=10000360-page_H5,"https://tvax4.sinaimg.cn/crop.0.0.741.741.180/006U7RD1ly8i7lcg5uo7rj30kl0klmxp.jpg?KID=imgbed,tva&Expires=1778664234&ssig=hafeXhCsP7",search_comments_2026-05-13.csv,search_comment,也就是巩俐低调换了任何一名影星已全平台连夜买爆热搜梨和梨粉只道是寻常罢了,True,False
5297934467859363,1778638271,2026-05-13 02:11:11+08:00,5297931666063516,巩俐用中文宣布戛纳电影节开幕！巩俐粉丝集体站起来好吗？,0,10,1778653434898,四川,5297934467859363,5160628691,抱梨蛙,f,https://m.weibo.cn/u/5160628691?launchid=10000360-page_H5,"https://tvax1.sinaimg.cn/crop.0.0.960.960.180/005DftgDly8hf5vjuqgi8j30qo0qodhx.jpg?KID=imgbed,tva&Expires=1778664234&ssig=wN2QY7B47E",search_comments_2026-05-13.csv,search_comment,巩俐用中文宣布戛纳电影节开幕巩俐粉丝集体站起来好吗,True,False
5298062676722148,1778668838,2026-05-13 10:40:38+08:00,5298061427345749,当地时间5月12日晚，第79届戛纳电影节正式开幕。,7,6,1778653441413,,5298062676722148,6105713761,红星新闻,f,https://m.weibo.cn/u/6105713761?launchid=10000360-page_H5,"https://tvax1.sinaimg.cn/crop.0.0.512.512.180/006FcX4dly8h8vgewp7wsj30e80e8mxd.jpg?KID=imgbed,tva&Expires=1778664241&ssig=7zT0qxn%2B4a",search_comments_2026-05-13.csv,search_comment,当地时间5月12日晚第79届戛纳电影节正式开幕,True,False
5298091714678035,1778675761,2026-05-13 12:36:01+08:00,5298061427345749,巩俐在第79届戛纳电影节开幕式上与简·芳达共同致辞，成为首位在开幕式上致辞的华人电影人。她全程用中文宣布开幕，发言后全场起立鼓掌超一分钟。致辞中她强调电影超越文化，连接人类情感。这是巩俐第21次亮相戛纳，其戛纳历程始于1988年《红高粱》，...查看最新戳-&gt;微博智搜,0,1,1778653441418,微博智搜AI生成,5298091714678035,7892270010,微博智搜,f,https://m.weibo.cn/u/7892270010?launchid=10000360-page_H5,"https://tvax2.sinaimg.cn/crop.0.0.1080.1080.180/008C79XAly8i5grzh416kj30u00u0t8z.jpg?KID=imgbed,tva&Expires=1778664241&ssig=Bw%2FPZOh6kP",search_comments_2026-05-13.csv,search_comment,巩俐在第79届戛纳电影节开幕式上与简芳达共同致辞成为首位在开幕式上致辞的华人电影人她全程用中文宣布开幕发言后全场起立鼓掌超一分钟致辞中她强调电影超越文化连接人类情感这是巩俐第21次亮相戛纳其戛纳历程始于1988年红高粱查看最新戳gt微博智搜,True,False
5298068590692124,1778670248,2026-05-13 11:04:08+08:00,5298061427345749,依然还是中国心,9,15,1778653441422,广东,5298068590692124,7714698351,汉佑中华,m,https://m.weibo.cn/u/7714698351?launchid=10000360-page_H5,"https://tvax4.sinaimg.cn/crop.0.0.1080.1080.180/008q65szly8hc11ohcqqfj30u00u0q5w.jpg?KID=imgbed,tva&Expires=1778664241&ssig=Az72FjqMpF",search_comments_2026-05-13.csv,search_comment,依然还是中国心,True,False
5298117515675757,1778681913,2026-05-13 14:18:33+08:00,5298116224090724,巩皇就是巩皇,1,0,1778653480932,日本,5298117515675757,6140181708,斯莱特林小可爱,m,https://m.weibo.cn/u/6140181708?launchid=10000360-page_H5,"https://tvax3.sinaimg.cn/crop.0.0.996.996.180/006HxzKQly8gcb03cv0z2j30ro0ro0us.jpg?KID=imgbed,tva&Expires=1778664281&ssig=%2FqMKiucl69",search_comments_2026-05-13.csv,search_comment,巩皇就是巩皇,True,False
5298073010178030,1778671302,2026-05-13 11:21:42+08:00,5298068175193326,谁还没收到成毅的刷牙提醒啊！温柔到我直接把刷牙流程放慢三倍，就为了多听几秒他的声音，这哪里是提醒，明明是每日限定治愈福利啊,1,5,1778653494519,广东,5298073010178030,2097411000,keke103,f,https://m.weibo.cn/u/2097411000?launchid=10000360-page_H5,"https://tvax1.sinaimg.cn/crop.0.0.500.500.180/7d03f3b8ly8i0myidi4zcj20dw0dwmyd.jpg?KID=imgbed,tva&Expires=1778664294&ssig=oOiODxx8Bk",search_comments_2026-05-13.csv,search_comment,谁还没收到成毅的刷牙提醒啊温柔到我直接把刷牙流程放慢三倍就为了多听几秒他的声音这哪里是提醒明明是每日限定治愈福利啊,True,False
5298074580945517,1778671676,2026-05-13 11:27:56+08:00,5298068175193326,成毅真的好会营造氛围感呀，想象他指导刷牙的画面都觉得超有趣~,0,5,1778653494526,湖南,5298074580945517,1821683812,x西西,f,https://m.weibo.cn/u/1821683812?launchid=10000360-page_H5,"https://tva2.sinaimg.cn/crop.0.0.180.180.180/6c94b064jw1e8qgp5bmzyj2050050aa8.jpg?KID=imgbed,tva&Expires=1778664294&ssig=%2FfX9EKJrHI",search_comments_2026-05-13.csv,search_comment,成毅真的好会营造氛围感呀想象他指导刷牙的画面都觉得超有趣,True,False
5298076186050871,1778672058,2026-05-13 11:34:18+08:00,5298068175193326,光是想象被温柔提醒刷牙，就忍不住想认真对待每一刻～,0,4,1778653494529,上海,5298076186050871,1105980861,小布的神奇世界,f,https://m.weibo.cn/u/1105980861?launchid=10000360-page_H5,"https://tvax1.sinaimg.cn/crop.0.0.1080.1080.180/41ebedbdly8h0z80z6odvj20u00u0wjr.jpg?KID=imgbed,tva&Expires=1778664294&ssig=gjLUl5673e",search_comments_2026-05-13.csv,search_comment,光是想象被温柔提醒刷牙就忍不住想认真对待每一刻,True,False
5298068636572150,1778670259,2026-05-13 11:04:19+08:00,5298068381765374,和全球代言人@成毅 一起用@usmile笑容加 刷牙#成毅usmile笑容加全球品牌代言人#cy#YI起快乐刷好牙#,0,2,1778653501136,浙江,5298068636572150,1686002552,晴天红豆小盆友,f,https://m.weibo.cn/u/1686002552?launchid=10000360-page_H5,"https://tvax1.sinaimg.cn/crop.0.0.1080.1080.180/647e5b78ly8iacj4olr0rj20u00u0goc.jpg?KID=imgbed,tva&Expires=1778664301&ssig=dxH80M1hKR",search_comments_2026-05-13.csv,search_comment,和全球代言人 一起用 刷牙cy,True,False
5298108279817704,1778679711,2026-05-13 13:41:51+08:00,5298068381765374,收下代言人动图#成毅usmile笑容加全球品牌代言人#,0,0,1778653501145,新加坡,5298108279817704,7784231475,美好小子m,f,https://m.weibo.cn/u/7784231475?launchid=10000360-page_H5,"https://tvax3.sinaimg.cn/crop.0.0.1080.1080.180/008uNQczly8icei50z3jfj30u00u041h.jpg?KID=imgbed,tva&Expires=1778664301&ssig=HpZ9lfxRyY",search_comments_2026-05-13.csv,search_comment,收下代言人动图,True,False
5298069824602538,1778670541,2026-05-13 11:09:01+08:00,5298068633420686,成毅这声音也太苏了吧！早安＋刷牙指引双倍温柔暴击，usmile牙刷还没用，先被语音哄去下单了～,0,0,1778653507681,北京,5298069824602538,6579479517,甜虐集散地,f,https://m.weibo.cn/u/6579479517?launchid=10000360-page_H5,"https://tvax4.sinaimg.cn/crop.0.0.664.664.180/007bgPbnly8gdkvr0y5rej30ig0igt9n.jpg?KID=imgbed,tva&Expires=1778664307&ssig=azoOnx52wy",search_comments_2026-05-13.csv,search_comment,成毅这声音也太苏了吧早安刷牙指引双倍温柔暴击usmile牙刷还没用先被语音哄去下单了,True,False
5298104686612011,1778678854,2026-05-13 13:27:34+08:00,5298068633420686,收到收到，保护牙齿健康，快来学成毅刷牙,0,0,1778653507688,浙江,5298104686612011,1416736012,Maybf,f,https://m.weibo.cn/u/1416736012?launchid=10000360-page_H5,"https://tvax2.sinaimg.cn/crop.0.0.512.512.180/5471ad0cly8g3xmw6keq3j20e80e8jsj.jpg?KID=imgbed,tva&Expires=1778664307&ssig=J0qeUfEcg9",search_comments_2026-05-13.csv,search_comment,收到收到保护牙齿健康快来学成毅刷牙,True,False
5298112655525366,1778680754,2026-05-13 13:59:14+08:00,5298068633420686,#成毅usmile笑容加全球品牌代言人# cy #成毅0517生日快乐 毅淇同行# ,0,0,1778653507694,河北,5298112655525366,7949409514,事事顺我毅,f,https://m.weibo.cn/u/7949409514?launchid=10000360-page_H5,"https://tvax3.sinaimg.cn/crop.0.0.1066.1066.180/008FYUyuly8htpj4qcm20j30tm0tm0uq.jpg?KID=imgbed,tva&Expires=1778664307&ssig=k5RXzzyKGu",search_comments_2026-05-13.csv,search_comment, cy  ,True,False
5298089076458634,1778675132,2026-05-13 12:25:32+08:00,5298071863036290,这款usmile牙刷和成毅的语音，绝配！刷牙也能这么快乐！💫,0,1,1778653514127,天津,5298089076458634,6579089148,伴你身边逗你笑,f,https://m.weibo.cn/u/6579089148?launchid=10000360-page_H5,"https://tvax2.sinaimg.cn/crop.0.0.750.750.180/007bfbD6ly8gdipmuz8orj30ku0kuabc.jpg?KID=imgbed,tva&Expires=1778664314&ssig=HxhZeYDMPz",search_comments_2026-05-13.csv,search_comment,这款usmile牙刷和成毅的语音绝配刷牙也能这么快乐,True,False
5298088950630544,1778675102,2026-05-13 12:25:02+08:00,5298071863036290,被惦记的安心感,0,1,1778653514135,北京,5298088950630544,6025793495,姬埃弗,f,https://m.weibo.cn/u/6025793495?launchid=10000360-page_H5,"https://tvax3.sinaimg.cn/crop.0.0.996.996.180/006zNC9Fly8fuimtjh7c0j30ro0roadd.jpg?KID=imgbed,tva&Expires=1778664314&ssig=2qdMQ5x3bn",search_comments_2026-05-13.csv,search_comment,被惦记的安心感,True,False
5298072928387167,1778671281,2026-05-13 11:21:21+08:00,5298071863036290,成毅这声音也太治愈了吧！刷牙时听见记得轻柔打圈哦～瞬间嘴角上扬，usmile这是把牙刷做成了心动单品吧💕,0,2,1778653514147,北京,5298072928387167,2460299780,捕乐捉影,m,https://m.weibo.cn/u/2460299780?launchid=10000360-page_H5,"https://tvax3.sinaimg.cn/crop.0.0.996.996.180/92a53204ly8g9zi2qp4zsj20ro0rotbj.jpg?KID=imgbed,tva&Expires=1778664314&ssig=c%2B0Aida44T",search_comments_2026-05-13.csv,search_comment,成毅这声音也太治愈了吧刷牙时听见记得轻柔打圈哦瞬间嘴角上扬usmile这是把牙刷做成了心动单品吧,True,False
5298069694582688,1778670511,2026-05-13 11:08:31+08:00,5298069111572399,每天听成毅的语音陪伴刷牙，感觉生活都变得温柔起来，usmile牙刷真的不错！💖✨,0,0,1778653520675,天津,5298069694582688,6579479424,综艺大咖集,f,https://m.weibo.cn/u/6579479424?launchid=10000360-page_H5,"https://tvax1.sinaimg.cn/crop.0.0.1080.1080.180/007bgP9Sly8h3zyibw17gj30u00u0gnv.jpg?KID=imgbed,tva&Expires=1778664320&ssig=7PolkXUoSU",search_comments_2026-05-13.csv,search_comment,每天听成毅的语音陪伴刷牙感觉生活都变得温柔起来usmile牙刷真的不错,True,False
5298105004328545,1778678930,2026-05-13 13:28:50+08:00,5298069111572399,#成毅usmile笑容加全球品牌代言人# cy #YI起快乐刷好牙#千面角色，一种初心｜成毅坚守演员本心，usmile坚守护齿本心，双向契合。,0,0,1778653520679,四川,5298105004328545,7490096819,片片蝶衣轻点点猩红小,f,https://m.weibo.cn/u/7490096819?launchid=10000360-page_H5,"https://tvax4.sinaimg.cn/crop.0.0.1080.1080.180/008aTGldly8hm9bab7h6fj30u00u0n2g.jpg?KID=imgbed,tva&Expires=1778664320&ssig=P0e1TJ%2Fxw6",search_comments_2026-05-13.csv,search_comment, cy 千面角色一种初心成毅坚守演员本心usmile坚守护齿本心双向契合,True,False
5298069655519684,1778670501,2026-05-13 11:08:21+08:00,5298069111572399,手里有活的从容气质——连提醒刷牙都像在说我在乎你的日常。usmile这波联名赢在懂人心❤️,0,0,1778653520684,北京,5298069655519684,6524418730,追星小学妹的日常,f,https://m.weibo.cn/u/6524418730?launchid=10000360-page_H5,"https://tvax2.sinaimg.cn/crop.0.21.434.434.180/0077xNmaly8gkd4foxc7kj30c80lq0ty.jpg?KID=imgbed,tva&Expires=1778664320&ssig=ilbyaIJrVW",search_comments_2026-05-13.csv,search_comment,手里有活的从容气质连提醒刷牙都像在说我在乎你的日常usmile这波联名赢在懂人心,True,False
5298118740410861,1778682204,2026-05-13 14:23:24+08:00,5298118578146409,回眸一笑百媚生，满怀热爱为成毅而来。@成毅,0,0,1778653544063,四川,5298118740410861,7884950754,卢云宝宝我的淇,f,https://m.weibo.cn/u/7884950754?launchid=10000360-page_H5,"https://tvax4.sinaimg.cn/crop.0.0.1080.1080.180/008BCrT4ly8ialou0txudj30u00u0tax.jpg?KID=imgbed,tva&Expires=1778664344&ssig=kSAewMdf50",search_comments_2026-05-13.csv,search_comment,回眸一笑百媚生满怀热爱为成毅而来,True,False
5298118922078946,1778682248,2026-05-13 14:24:08+08:00,5298118578146409,成毅在威亚上反复调整角度的执着，是对完美最动人的诠释。@成毅,0,0,1778653544076,江苏,5298118922078946,7805903339,艾雪儿2233,m,https://m.weibo.cn/u/7805903339?launchid=10000360-page_H5,"https://tvax2.sinaimg.cn/crop.0.0.1080.1080.180/008wgM2Lly8h8u0vuv2mmj30u00u0ae5.jpg?KID=imgbed,tva&Expires=1778664344&ssig=%2BMUnR7aNi8",search_comments_2026-05-13.csv,search_comment,成毅在威亚上反复调整角度的执着是对完美最动人的诠释,True,False
5298118863357717,1778682234,2026-05-13 14:23:54+08:00,5298118578146409,成毅在表演中展现的克制与隐忍，让情感的最终爆发更具摧枯拉朽的震撼力量。 @成毅#成毅usmile笑容加全球品牌代言人# cy #YI起快乐刷好牙#,0,0,1778653544088,江苏,5298118863357717,1132734265,迷梦精灵95,f,https://m.weibo.cn/u/1132734265?launchid=10000360-page_H5,"https://tvax1.sinaimg.cn/crop.0.0.144.144.180/43842739ly8hzybdi81y4j2040040746.jpg?KID=imgbed,tva&Expires=1778664344&ssig=DxzA7wf%2Bdd",search_comments_2026-05-13.csv,search_comment,成毅在表演中展现的克制与隐忍让情感的最终爆发更具摧枯拉朽的震撼力量  cy ,True,False
5298118675399762,1778682189,2026-05-13 14:23:09+08:00,5298116757815806,每天恨不得刷他几十遍,0,0,1778653550631,湖南,5298118675399762,7860396011,骑着塑料袋兜风,f,https://m.weibo.cn/u/7860396011?launchid=10000360-page_H5,"https://tvax3.sinaimg.cn/crop.0.0.1080.1080.180/008zXq4Ply8i6mku49rwbj30u00u0dj0.jpg?KID=imgbed,tva&Expires=1778664350&ssig=2aeGF8giQt",search_comments_2026-05-13.csv,search_comment,每天恨不得刷他几十遍,True,False
5298117607949962,1778681935,2026-05-13 14:18:55+08:00,5298116757815806,每天都刷一刷,0,0,1778653550649,江苏,5298117607949962,5885501933,毅往情深one,f,https://m.weibo.cn/u/5885501933?launchid=10000360-page_H5,"https://tvax1.sinaimg.cn/crop.0.0.1024.1024.180/006qiXUxly8i3mrf1qb2xj30sg0sgdhs.jpg?KID=imgbed,tva&Expires=1778664350&ssig=P9vLnCdGDP",search_comments_2026-05-13.csv,search_comment,每天都刷一刷,True,False
5298099073320856,1778677516,2026-05-13 13:05:16+08:00,5298089112111148,小勾揣走了,0,0,1778653713842,四川,5298099073320856,5941482279,谁让你对奶牛猫指手画脚的,f,https://m.weibo.cn/u/5941482279?launchid=10000360-page_H5,"https://tvax1.sinaimg.cn/crop.0.0.884.884.180/006u5QXlly8hzgc4mrv4cj30ok0okq5g.jpg?KID=imgbed,tva&Expires=1778664513&ssig=S3C7iro%2Bls",search_comments_2026-05-13.csv,search_comment,小勾揣走了,True,False
5298086712707179,1778674569,2026-05-13 12:16:09+08:00,5298085041275425,@微博智搜 分析这篇文章,1,3,1778653720280,天津,5298086712707179,1119204215,美梦成真0507,f,https://m.weibo.cn/u/1119204215?launchid=10000360-page_H5,"https://tvax1.sinaimg.cn/crop.0.0.640.640.640.180/002XJY2Tly8ib8wixc3mnj606c06cglo02.jpg?KID=imgbed,tva&Expires=1778664520&ssig=GA%2FthhXK4z",search_comments_2026-05-13.csv,search_comment, 分析这篇文章,True,False
5298091482678219,1778675706,2026-05-13 12:35:06+08:00,5298085041275425,这只小狗的屁股好会扭啊,0,4,1778653720284,江西,5298091482678219,1256969880,奇迹锦鲤老男孩,m,https://m.weibo.cn/u/1256969880?launchid=10000360-page_H5,"https://tvax2.sinaimg.cn/crop.0.0.1080.1080.180/4aebd698ly8id1upobtf2j20u00u0dhr.jpg?KID=imgbed,tva&Expires=1778664520&ssig=JLsVVXMKQp",search_comments_2026-05-13.csv,search_comment,这只小狗的屁股好会扭啊,True,False
5298090655618599,1778675509,2026-05-13 12:31:49+08:00,5298085041275425,这是天生的舞者,0,4,1778653720287,湖南,5298090655618599,3964006429,我的英雄池深不可测,f,https://m.weibo.cn/u/3964006429?launchid=10000360-page_H5,"https://tvax3.sinaimg.cn/crop.0.0.1080.1080.180/ec45f01dly8i6rtgtqnnej20u00u0q8h.jpg?KID=imgbed,tva&Expires=1778664520&ssig=W4%2FkVQ0Vob",search_comments_2026-05-13.csv,search_comment,这是天生的舞者,True,False
5298116500915502,1778681671,2026-05-13 14:14:31+08:00,5298112852658306,哇，好期待它长大的样子,0,0,1778653733271,福建,5298116500915502,2342846727,是煦煦哟,f,https://m.weibo.cn/u/2342846727?launchid=10000360-page_H5,"https://tvax4.sinaimg.cn/crop.0.0.1054.1054.180/8ba50107ly8i002wu4ruhj20ta0tadgu.jpg?KID=imgbed,tva&Expires=1778664533&ssig=wPDJDKRqIT",search_comments_2026-05-13.csv,search_comment,哇好期待它长大的样子,True,False
5298116494362126,1778681669,2026-05-13 14:14:29+08:00,5298112852658306,好可爱的小奶狗,0,0,1778653733277,福建,5298116494362126,1579057413,我们爱讲俏皮话,f,https://m.weibo.cn/u/1579057413?launchid=10000360-page_H5,"https://tvax4.sinaimg.cn/crop.0.0.600.600.180/5e1e8105ly8hd6emj3qb7j20go0go0u8.jpg?KID=imgbed,tva&Expires=1778664533&ssig=hL1DUyM50z",search_comments_2026-05-13.csv,search_comment,好可爱的小奶狗,True,False
5298117773887005,1778681974,2026-05-13 14:19:34+08:00,5298112852658306,还是太可爱了,0,0,1778653733284,福建,5298117773887005,5644994690,Seokeull01,m,https://m.weibo.cn/u/5644994690?launchid=10000360-page_H5,"https://tvax2.sinaimg.cn/crop.0.0.1080.1080.180/006a1OZsly8id2vyrax48j30u00u042e.jpg?KID=imgbed,tva&Expires=1778664533&ssig=jcf8oLtz0T",search_comments_2026-05-13.csv,search_comment,还是太可爱了,True,False
5298079282759322,1778672797,2026-05-13 11:46:37+08:00,5298076285932572,好可爱小狗哦,0,1,1778653756781,广西,5298079282759322,6412353378,A小李子呢,m,https://m.weibo.cn/u/6412353378?launchid=10000360-page_H5,"https://tvax4.sinaimg.cn/crop.0.0.1080.1080.180/006ZXA2uly8iav1f32loxj30u00u077f.jpg?KID=imgbed,tva&Expires=1778664556&ssig=8vD%2BBhaLMB",search_comments_2026-05-13.csv,search_comment,好可爱小狗哦,True,False
5298103565681439,1778678587,2026-05-13 13:23:07+08:00,5298076285932572,这我还是觉得买完了之后检查一下,1,0,1778653756785,广东,5298103565681439,8012912997,C-熟年冰美式,f,https://m.weibo.cn/u/8012912997?launchid=10000360-page_H5,"https://tvax2.sinaimg.cn/crop.0.0.1012.1012.180/008KhmIdly8i3dbjulg1mj30s40s4taa.jpg?KID=imgbed,tva&Expires=1778664556&ssig=NJClMqxZRj",search_comments_2026-05-13.csv,search_comment,这我还是觉得买完了之后检查一下,True,False
5298101630010922,1778678125,2026-05-13 13:15:25+08:00,5298076285932572,真心善待小动物,1,0,1778653756790,江苏,5298101630010922,1747245761,携热爱赴旅途Vv,f,https://m.weibo.cn/u/1747245761?launchid=10000360-page_H5,"https://tvax3.sinaimg.cn/crop.0.0.1080.1080.180/6824dac1ly8ib4jswmii9j20u00u0juu.jpg?KID=imgbed,tva&Expires=1778664556&ssig=JUwAB0%2BsMR",search_comments_2026-05-13.csv,search_comment,真心善待小动物,True,False
5298100052953034,1778677749,2026-05-13 13:09:09+08:00,5298099935251253,你若盛开蝴蝶自来，你若精彩天自安排，心中有爱，青春常在！,0,2,1778653763195,河北,5298100052953034,7373649334,酒酿樱花园,m,https://m.weibo.cn/u/7373649334?launchid=10000360-page_H5,"https://tvax1.sinaimg.cn/crop.0.0.1080.1080.180/0083151Yly8ibk5o78ni4j30u00u0763.jpg?KID=imgbed,tva&Expires=1778664563&ssig=6WF1lCQlM%2B",search_comments_2026-05-13.csv,search_comment,你若盛开蝴蝶自来你若精彩天自安排心中有爱青春常在,True,False
5298100040108821,1778677746,2026-05-13 13:09:06+08:00,5298099935251253,人性之美，莫过于诚，人性之贵，莫过于信，诚为一切善法之源，信乃人生立世之本。,0,2,1778653763200,河北,5298100040108821,7373649334,酒酿樱花园,m,https://m.weibo.cn/u/7373649334?launchid=10000360-page_H5,"https://tvax1.sinaimg.cn/crop.0.0.1080.1080.180/0083151Yly8ibk5o78ni4j30u00u0763.jpg?KID=imgbed,tva&Expires=1778664563&ssig=6WF1lCQlM%2B",search_comments_2026-05-13.csv,search_comment,人性之美莫过于诚人性之贵莫过于信诚为一切善法之源信乃人生立世之本,True,False
5298100031455551,1778677743,2026-05-13 13:09:03+08:00,5298099935251253,成功不属于那些跑得快的人，而是属于那些一直在跑的人，只要认定内心想要的，并持之以恒为之付出，每个人都能成为人生的赢家。,0,2,1778653763206,河北,5298100031455551,7373649334,酒酿樱花园,m,https://m.weibo.cn/u/7373649334?launchid=10000360-page_H5,"https://tvax1.sinaimg.cn/crop.0.0.1080.1080.180/0083151Yly8ibk5o78ni4j30u00u0763.jpg?KID=imgbed,tva&Expires=1778664563&ssig=6WF1lCQlM%2B",search_comments_2026-05-13.csv,search_comment,成功不属于那些跑得快的人而是属于那些一直在跑的人只要认定内心想要的并持之以恒为之付出每个人都能成为人生的赢家,True,False
5298117394041935,1778681884,2026-05-13 14:18:04+08:00,5298112517115088,小小的时候都很可爱,0,0,1778653769600,上海,5298117394041935,2696997433,扒了叭叭叭,f,https://m.weibo.cn/u/2696997433?launchid=10000360-page_H5,"https://tvax2.sinaimg.cn/crop.0.0.1080.1080.180/a0c0ea39ly8i9fs05nf18j20u00u078b.jpg?KID=imgbed,tva&Expires=1778664569&ssig=EXfw5DofUO",search_comments_2026-05-13.csv,search_comment,小小的时候都很可爱,True,False
5298115173418540,1778681354,2026-05-13 14:09:14+08:00,5298112517115088,小小的，好可爱～,0,0,1778653769612,江苏,5298115173418540,1552789484,張小綿,f,https://m.weibo.cn/u/1552789484?launchid=10000360-page_H5,"https://tvax3.sinaimg.cn/crop.0.0.1080.1080.180/5c8dafecly8i997shrta4j20u00u0abb.jpg?KID=imgbed,tva&Expires=1778664569&ssig=lDOLl8syY3",search_comments_2026-05-13.csv,search_comment,小小的好可爱,True,False
5298114119600342,1778681103,2026-05-13 14:05:03+08:00,5298112517115088,好萌呀可可爱爱,0,0,1778653769622,广东,5298114119600342,3035536437,彭kici,f,https://m.weibo.cn/u/3035536437?launchid=10000360-page_H5,"https://tvax1.sinaimg.cn/crop.0.0.720.720.180/b4ee9c35ly8i9hkx24464j20k00k0dh0.jpg?KID=imgbed,tva&Expires=1778664569&ssig=oyk67g%2FhKP",search_comments_2026-05-13.csv,search_comment,好萌呀可可爱爱,True,False
5298094866432221,1778676512,2026-05-13 12:48:32+08:00,5298086880478245,白鹿在哪，白鹿粉丝在哪，期待白鹿莫离,4,99,1778653803785,安徽,5298094866432221,2104941095,讨厌PorkDumplings,f,https://m.weibo.cn/u/2104941095?launchid=10000360-page_H5,"https://tvax1.sinaimg.cn/crop.0.0.1080.1080.180/7d76da27ly8ia19wwgftej20u00u0tar.jpg?KID=imgbed,tva&Expires=1778664603&ssig=XMWUyko%2FBf",search_comments_2026-05-13.csv,search_comment,白鹿在哪白鹿粉丝在哪期待白鹿莫离,True,False
5298096176891895,1778676825,2026-05-13 12:53:45+08:00,5298086880478245,于正捧红了她，于正还可以捧红下一个呗,0,6,1778653803803,浙江,5298096176891895,2890932337,花信无畏,m,https://m.weibo.cn/u/2890932337?launchid=10000360-page_H5,"https://tvax1.sinaimg.cn/crop.0.0.996.996.180/ac502071ly8gxje5hjodyj20ro0rodkk.jpg?KID=imgbed,tva&Expires=1778664603&ssig=%2F4wClgt3gN",search_comments_2026-05-13.csv,search_comment,于正捧红了她于正还可以捧红下一个呗,True,False
5298114548466337,1778681205,2026-05-13 14:06:45+08:00,5298085404346204,白鹿自2017年签约欢娱影视后，与于正合作了《凤囚凰》《周生如故》等多部作品。合约到期不续在娱乐圈常意味着艺人可能自立门户或调整发展方向，近期业内确有类似解约趋势，但具体安排需以官方信息为准。查看最新戳-&gt;微博智搜,0,0,1778653810466,微博智搜AI生成,5298114548466337,7892270010,微博智搜,f,https://m.weibo.cn/u/7892270010?launchid=10000360-page_H5,"https://tvax2.sinaimg.cn/crop.0.0.1080.1080.180/008C79XAly8i5grzh416kj30u00u0t8z.jpg?KID=imgbed,tva&Expires=1778664610&ssig=gdRAPpSDoG",search_comments_2026-05-13.csv,search_comment,白鹿自2017年签约欢娱影视后与于正合作了凤囚凰周生如故等多部作品合约到期不续在娱乐圈常意味着艺人可能自立门户或调整发展方向近期业内确有类似解约趋势但具体安排需以官方信息为准查看最新戳gt微博智搜,True,False
5298088241793080,1778674933,2026-05-13 12:22:13+08:00,5298085404346204,不信谣不传谣，多期待《莫离》,0,147,1778653810474,广东,5298088241793080,7497917503,郁初千奈,f,https://m.weibo.cn/u/7497917503?launchid=10000360-page_H5,"https://tvax1.sinaimg.cn/crop.0.1.1078.1078.180/008bquRhly8i4g4xpfljoj30ty0u0wfy.jpg?KID=imgbed,tva&Expires=1778664610&ssig=7hsg4cxaLI",search_comments_2026-05-13.csv,search_comment,不信谣不传谣多期待莫离,True,False
5298086597627414,1778674541,2026-05-13 12:15:41+08:00,5298085404346204,一切自会有定夺，先来预约我们莫离,0,86,1778653810480,福建,5298086597627414,7821589441,笑逐妍开_,f,https://m.weibo.cn/u/7821589441?launchid=10000360-page_H5,"https://tvax3.sinaimg.cn/crop.0.1.1078.1078.180/008xkAIply8i6j06a7w5mj30ty0u0q6h.jpg?KID=imgbed,tva&Expires=1778664610&ssig=ZKE4iB5r26",search_comments_2026-05-13.csv,search_comment,一切自会有定夺先来预约我们莫离,True,False
5298115248914899,1778681372,2026-05-13 14:09:32+08:00,5298098016619117,互相成就的老两口,0,6,1778653816929,辽宁,5298115248914899,7546097824,莓生如绿豆冰,f,https://m.weibo.cn/u/7546097824?launchid=10000360-page_H5,"https://tvax4.sinaimg.cn/crop.0.0.1080.1080.180/008eGELely8i8rwboe6s7j30u00u075f.jpg?KID=imgbed,tva&Expires=1778664617&ssig=u9FRlPJhh9",search_comments_2026-05-13.csv,search_comment,互相成就的老两口,True,False
5298116917201774,1778681770,2026-05-13 14:16:10+08:00,5298098016619117,想把现在这种局面模糊成想解约被前老板害啊,0,5,1778653816940,浙江,5298116917201774,6179680486,drunkcellooooo,f,https://m.weibo.cn/u/6179680486?launchid=10000360-page_H5,"https://tvax1.sinaimg.cn/crop.0.0.996.996.180/006KdjbUly8grbpbafw71j30ro0rogmd.jpg?KID=imgbed,tva&Expires=1778664617&ssig=M%2B92MiFfuh",search_comments_2026-05-13.csv,search_comment,想把现在这种局面模糊成想解约被前老板害啊,True,False
5298119120259386,1778682295,2026-05-13 14:24:55+08:00,5298098016619117,封杀一年的不是你 带新人的不是你 被风口浪尖的不是你 你这么喜欢于正这样的领导 以后遇见的每一个领导 都要像于正这样喔,0,0,1778653816947,吉林,5298119120259386,6100424785,水户洋平咩,f,https://m.weibo.cn/u/6100424785?launchid=10000360-page_H5,"https://tvax3.sinaimg.cn/crop.0.0.1080.1080.180/006EQLa9ly8icecuzfjn1j30u00u0acg.jpg?KID=imgbed,tva&Expires=1778664617&ssig=iklkQtQvnn",search_comments_2026-05-13.csv,search_comment,封杀一年的不是你 带新人的不是你 被风口浪尖的不是你 你这么喜欢于正这样的领导 以后遇见的每一个领导 都要像于正这样喔,True,False
5298093714313043,1778676238,2026-05-13 12:43:58+08:00,5298086835655338,"她就跟成玉一样, 离不开的",4,33,1778653823425,中国台湾,5298093714313043,1766900800,DeNg_ToMo99,f,https://m.weibo.cn/u/1766900800?launchid=10000360-page_H5,"https://tvax2.sinaimg.cn/crop.0.0.600.600.180/6950c440ly8huk16d3g4bj20go0gowfl.jpg?KID=imgbed,tva&Expires=1778664623&ssig=%2Bzduw8o1%2Bu",search_comments_2026-05-13.csv,search_comment,她就跟成玉一样 离不开的,True,False
5298087398212591,1778674732,2026-05-13 12:18:52+08:00,5298086835655338,和8一个套路，一直放瓜炒作，一直没解约，还隔几天就放瓜炒一炒,0,44,1778653823436,重庆,5298087398212591,7721318435,小熊唯你和饼干,f,https://m.weibo.cn/u/7721318435?launchid=10000360-page_H5,"https://tvax3.sinaimg.cn/crop.0.0.1080.1080.180/008qxRE7ly8h85wa1n7jwj30u00u0act.jpg?KID=imgbed,tva&Expires=1778664623&ssig=l5LQNGvzHE",search_comments_2026-05-13.csv,search_comment,和8一个套路一直放瓜炒作一直没解约还隔几天就放瓜炒一炒,True,False
5298097366239782,1778677109,2026-05-13 12:58:29+08:00,5298086835655338,能离的开吗而且于正对她真的够好。。词条说炸就炸,1,30,1778653823444,江西,5298097366239782,7408664097,什么时候睡醒吃饭,f,https://m.weibo.cn/u/7408664097?launchid=10000360-page_H5,"https://tvax3.sinaimg.cn/crop.0.0.1080.1080.180/0085nZYdly8id20kelrtxj30u00u00w8.jpg?KID=imgbed,tva&Expires=1778664623&ssig=DNc22RFipo",search_comments_2026-05-13.csv,search_comment,能离的开吗而且于正对她真的够好词条说炸就炸,True,False
5298114196145332,1778681121,2026-05-13 14:05:21+08:00,5298112591560967,不关心  只关心白鹿莫离马上在🐧播出 还有白鹿粉丝永远支持她  她在哪 鹿毛在哪,1,190,1778653829852,辽宁,5298114196145332,7801212259,水色珍心,f,https://m.weibo.cn/u/7801212259?launchid=10000360-page_H5,"https://tvax1.sinaimg.cn/crop.0.1.1078.1078.180/008vX5Gbly8icydhuvd4uj30ty0u0whw.jpg?KID=imgbed,tva&Expires=1778664629&ssig=vzgWtlmCAg",search_comments_2026-05-13.csv,search_comment,不关心  只关心白鹿莫离马上在播出 还有白鹿粉丝永远支持她  她在哪 鹿毛在哪,True,False
5298116385310818,1778681643,2026-05-13 14:14:03+08:00,5298112591560967,评论区整体以质疑媒体动机和支持艺人为主。45%网友指出工作室实为2021年成立，质疑旧闻新炒意图；35%粉丝表达对白鹿决定的坚定支持，强调关注新剧；12%嘲讽媒体未核实基本信息。普遍共识是期待艺人新作，认为热搜利用信息差制造无效话题。查看最新戳-&gt;微博智搜,0,1,1778653829855,微博智搜AI生成,5298116385310818,7892270010,微博智搜,f,https://m.weibo.cn/u/7892270010?launchid=10000360-page_H5,"https://tvax2.sinaimg.cn/crop.0.0.1080.1080.180/008C79XAly8i5grzh416kj30u00u0t8z.jpg?KID=imgbed,tva&Expires=1778664629&ssig=PYKKlYcRB6",search_comments_2026-05-13.csv,search_comment,评论区整体以质疑媒体动机和支持艺人为主45网友指出工作室实为2021年成立质疑旧闻新炒意图35粉丝表达对白鹿决定的坚定支持强调关注新剧12嘲讽媒体未核实基本信息普遍共识是期待艺人新作认为热搜利用信息差制造无效话题查看最新戳gt微博智搜,True,False
5298114614264492,1778681220,2026-05-13 14:07:00+08:00,5298112591560967,21年就有了的，现在拉出来说没意义，不如期待白鹿待播剧《莫离》,0,176,1778653829858,广西,5298114614264492,5780622636,-7293hsuebdj_,f,https://m.weibo.cn/u/5780622636?launchid=10000360-page_H5,"https://tvax3.sinaimg.cn/crop.0.0.1080.1080.180/006jcU0Yly8hnkmdl7b75j30u00u00v7.jpg?KID=imgbed,tva&Expires=1778664629&ssig=x%2FYnFEP%2Fk%2B",search_comments_2026-05-13.csv,search_comment,21年就有了的现在拉出来说没意义不如期待白鹿待播剧莫离,True,False
5298098293444143,1778677330,2026-05-13 13:02:10+08:00,5297837550079485,来源dy草莓莫吉托,0,2,1778653898009,四川,5298098293444143,5125859452,一只泡泡机,m,https://m.weibo.cn/u/5125859452?launchid=10000360-page_H5,"https://tvax1.sinaimg.cn/crop.0.0.600.600.180/005ATAcsly8i8mvnyynbfj30go0go77q.jpg?KID=imgbed,tva&Expires=1778664698&ssig=zP93uyoqXa",search_comments_2026-05-13.csv,search_comment,来源dy草莓莫吉托,True,False
5297839330561889,1778615588,2026-05-12 19:53:08+08:00,5297837550079485,开榴莲也太治愈了,0,20,1778653898017,广东,5297839330561889,2028726395,盈莹好,f,https://m.weibo.cn/u/2028726395?launchid=10000360-page_H5,"https://tvax1.sinaimg.cn/crop.0.0.1080.1080.180/78ebe87bly8ic2gj0slepj20u00u0adt.jpg?KID=imgbed,tva&Expires=1778664698&ssig=BxEu0r0JtR",search_comments_2026-05-13.csv,search_comment,开榴莲也太治愈了,True,False
5297839332655405,1778615588,2026-05-12 19:53:08+08:00,5297837550079485,这榴莲看的我都流口水了,0,15,1778653898024,广东,5297839332655405,7898130296,兮啥,f,https://m.weibo.cn/u/7898130296?launchid=10000360-page_H5,"https://tvax4.sinaimg.cn/crop.0.0.938.938.180/008CvKukly8i8qc36yokgj30q20q3wha.jpg?KID=imgbed,tva&Expires=1778664698&ssig=OfbrQzenoJ",search_comments_2026-05-13.csv,search_comment,这榴莲看的我都流口水了,True,False
5298094118011936,1778676334,2026-05-13 12:45:34+08:00,5298092941250802,我的天，后面举起满满一整份榴莲的肉那一刻，我嫉妒啦,3,5,1778653904507,上海,5298094118011936,3479390105,绝世无双YY,f,https://m.weibo.cn/u/3479390105?launchid=10000360-page_H5,"https://tvax1.sinaimg.cn/crop.0.0.512.512.180/cf634799ly8gh5njdq90pj20e80e874t.jpg?KID=imgbed,tva&Expires=1778664704&ssig=v7EpfvzmJD",search_comments_2026-05-13.csv,search_comment,我的天后面举起满满一整份榴莲的肉那一刻我嫉妒啦,True,False
5298100052690543,1778677749,2026-05-13 13:09:09+08:00,5298092941250802,开榴莲为什么听起来这么舒服,1,0,1778653904518,江西,5298100052690543,7006637483,井盖岂是豫中物,f,https://m.weibo.cn/u/7006637483?launchid=10000360-page_H5,"https://tvax4.sinaimg.cn/crop.0.0.1080.1080.180/007Eb8tZly8icvt9svf5ij30u00u0jty.jpg?KID=imgbed,tva&Expires=1778664704&ssig=1miS%2BVWfd5",search_comments_2026-05-13.csv,search_comment,开榴莲为什么听起来这么舒服,True,False
5298102122840970,1778678243,2026-05-13 13:17:23+08:00,5298092941250802,开榴莲开出音响，这手气也太绝了,0,0,1778653904545,福建,5298102122840970,7901305673,萌宠呆呆酱,f,https://m.weibo.cn/u/7901305673?launchid=10000360-page_H5,"https://tvax2.sinaimg.cn/crop.0.40.999.999.180/008CJ4y5ly8i0lkvjmht9j30rr0u0dik.jpg?KID=imgbed,tva&Expires=1778664704&ssig=zMPExhxFTw",search_comments_2026-05-13.csv,search_comment,开榴莲开出音响这手气也太绝了,True,False
5298085242604284,1778674218,2026-05-13 12:10:18+08:00,5298079604672079,天猫520告白季活动正在进行（5月13-20日），可领950元家电数码消费券。购买3C数码产品可叠加以旧换新和国家补贴，优惠低至5折，部分新品享24期免息。活动涵盖大疆Pocket3、富士X-T50、Switch2游戏机、华为Mate80等...查看最新戳-&gt;微博智搜,0,0,1778653911066,微博智搜AI生成,5298085242604284,7892270010,微博智搜,f,https://m.weibo.cn/u/7892270010?launchid=10000360-page_H5,"https://tvax2.sinaimg.cn/crop.0.0.1080.1080.180/008C79XAly8i5grzh416kj30u00u0t8z.jpg?KID=imgbed,tva&Expires=1778664711&ssig=DkweGnpsUu",search_comments_2026-05-13.csv,search_comment,天猫520告白季活动正在进行5月1320日可领950元家电数码消费券购买3C数码产品可叠加以旧换新和国家补贴优惠低至5折部分新品享24期免息活动涵盖大疆Pocket3富士XT50Switch2游戏机华为Mate80等查看最新戳gt微博智搜,True,False
5298086924518017,1778674618,2026-05-13 12:16:58+08:00,5298079604672079,520送对象的数码礼物有着落了，叠完优惠性价比直接拉满。,0,0,1778653911087,重庆,5298086924518017,7897194846,最喜欢漂亮又可爱的白雪,f,https://m.weibo.cn/u/7897194846?launchid=10000360-page_H5,"https://tvax3.sinaimg.cn/crop.0.0.1080.1080.180/008CrP8qly8ibi8e3g6oxj30u00u0dhx.jpg?KID=imgbed,tva&Expires=1778664711&ssig=v%2BqSNEA6Ro",search_comments_2026-05-13.csv,search_comment,520送对象的数码礼物有着落了叠完优惠性价比直接拉满,True,False
5298080165399345,1778673008,2026-05-13 11:50:08+08:00,5298079327848299,好玩的榴莲DJ体验，创意又接地气！👏,1,2,1778653917480,贵州,5298080165399345,1654774993,Hash_夕,m,https://m.weibo.cn/u/1654774993?launchid=10000360-page_H5,"https://tvax2.sinaimg.cn/crop.0.0.960.960.180/62a1dcd1ly8htgcdtnkrlj20qo0qodki.jpg?KID=imgbed,tva&Expires=1778664717&ssig=np1eakaTZx",search_comments_2026-05-13.csv,search_comment,好玩的榴莲DJ体验创意又接地气,True,False
5298080075222123,1778672986,2026-05-13 11:49:46+08:00,5298079327848299,开榴莲还能搭配DJ舞曲,1,2,1778653917492,河南,5298080075222123,2479902341,季莫零汐,m,https://m.weibo.cn/u/2479902341?launchid=10000360-page_H5,"https://tvax4.sinaimg.cn/crop.0.0.958.958.180/93d04e85ly8hz6j76chcgj20qm0qmadu.jpg?KID=imgbed,tva&Expires=1778664717&ssig=FlM2ImW5xb",search_comments_2026-05-13.csv,search_comment,开榴莲还能搭配DJ舞曲,True,False
5298080064735884,1778672984,2026-05-13 11:49:44+08:00,5298079327848299,榴莲壳敲起来，秒变夜市DJ！,1,2,1778653917504,陕西,5298080064735884,2727239243,抹茶-sk,m,https://m.weibo.cn/u/2727239243?launchid=10000360-page_H5,"https://tvax2.sinaimg.cn/crop.0.0.962.962.180/a28e5e4bly8hs3qnlg425j20qq0qqwfd.jpg?KID=imgbed,tva&Expires=1778664717&ssig=vKxzmKpvVG",search_comments_2026-05-13.csv,search_comment,榴莲壳敲起来秒变夜市DJ,True,False
5298116779574047,1778681737,2026-05-13 14:15:37+08:00,5298115441068792,好突然好搞笑哈哈哈,1,2,1778653924101,天津,5298116779574047,6686764306,浮川秋槐,f,https://m.weibo.cn/u/6686764306?launchid=10000360-page_H5,"https://tvax4.sinaimg.cn/crop.0.0.1080.1080.180/007iwYRcly8ibx8akesr1j30u00u0768.jpg?KID=imgbed,tva&Expires=1778664724&ssig=ADE6t6fNzH",search_comments_2026-05-13.csv,search_comment,好突然好搞笑哈哈哈,True,False
5298117189570520,1778681835,2026-05-13 14:17:15+08:00,5298115441068792,太有意思了,0,2,1778653924110,辽宁,5298117189570520,7368534212,眞愛至純,f,https://m.weibo.cn/u/7368534212?launchid=10000360-page_H5,"https://tvax4.sinaimg.cn/crop.0.0.1080.1080.180/0082FCm0ly8icyaae1ms2j30u00u0q5m.jpg?KID=imgbed,tva&Expires=1778664724&ssig=IhjnRohBkY",search_comments_2026-05-13.csv,search_comment,太有意思了,True,False
5298120837824805,1778682704,2026-05-13 14:31:44+08:00,5298117064264872,你们喜欢这个声音吗？,2,1,1778653930628,辽宁,5298120837824805,7368534212,眞愛至純,f,https://m.weibo.cn/u/7368534212?launchid=10000360-page_H5,"https://tvax4.sinaimg.cn/crop.0.0.1080.1080.180/0082FCm0ly8icyaae1ms2j30u00u0q5m.jpg?KID=imgbed,tva&Expires=1778664730&ssig=gUALFoYqPj",search_comments_2026-05-13.csv,search_comment,你们喜欢这个声音吗,True,False
5298117417109014,1778681889,2026-05-13 14:18:09+08:00,5298117064264872,榴莲博主真爱,1,4,1778653930636,湖南,5298117417109014,7875891874,负十七度魔法,f,https://m.weibo.cn/u/7875891874?launchid=10000360-page_H5,"https://tvax4.sinaimg.cn/crop.0.0.960.960.180/008B0rg6ly8hkgn8wnkvqj30qo0qotbj.jpg?KID=imgbed,tva&Expires=1778664730&ssig=Ru4CiPWf0U",search_comments_2026-05-13.csv,search_comment,榴莲博主真爱,True,False
5298117261919983,1778681852,2026-05-13 14:17:32+08:00,5298117064264872,谢邀，已经听困了,1,4,1778653930641,天津,5298117261919983,6686764306,浮川秋槐,f,https://m.weibo.cn/u/6686764306?launchid=10000360-page_H5,"https://tvax4.sinaimg.cn/crop.0.0.1080.1080.180/007iwYRcly8ibx8akesr1j30u00u0768.jpg?KID=imgbed,tva&Expires=1778664730&ssig=JRlZGzBHrF",search_comments_2026-05-13.csv,search_comment,谢邀已经听困了,True,False
5298110641476122,1778680274,2026-05-13 13:51:14+08:00,5298106560156184,看着就好吃,0,1,1778653937013,江苏,5298110641476122,7142869203,灰灰今晚不吃饭,m,https://m.weibo.cn/u/7142869203?launchid=10000360-page_H5,"https://tvax2.sinaimg.cn/crop.0.0.512.512.180/007NoKzNly8ge7bcwmp1kj30e80e8dgb.jpg?KID=imgbed,tva&Expires=1778664737&ssig=JtvRx%2Fgpip",search_comments_2026-05-13.csv,search_comment,看着就好吃,True,False
5298111138496689,1778680391,2026-05-13 13:53:11+08:00,5298106560156184,哇偶，好饱满啊,0,0,1778653937026,广东,5298111138496689,1830640902,Schatea,f,https://m.weibo.cn/u/1830640902?launchid=10000360-page_H5,"https://tvax2.sinaimg.cn/crop.0.0.751.751.180/6d1d5d06ly8go6romrtxzj20kv0kvwgc.jpg?KID=imgbed,tva&Expires=1778664737&ssig=sbJ4hO2tNu",search_comments_2026-05-13.csv,search_comment,哇偶好饱满啊,True,False
5298060219648092,1778668252,2026-05-13 10:30:52+08:00,5298055088964617,香水很少女嘛瓶子也好看，可用可收藏,4,0,1778654004751,河南,5298060219648092,2052053381,白别离苏,f,https://m.weibo.cn/u/2052053381?launchid=10000360-page_H5,"https://tva1.sinaimg.cn/crop.0.0.180.180.180/7a4fd985jw1e8qgp5bmzyj2050050aa8.jpg?KID=imgbed,tva&Expires=1778664804&ssig=Y2ONM9Bang",search_comments_2026-05-13.csv,search_comment,香水很少女嘛瓶子也好看可用可收藏,True,False
5298057094893799,1778667507,2026-05-13 10:18:27+08:00,5298055088964617,让我想到了华尔兹,7,0,1778654004755,北京,5298057094893799,7730691194,Mocooet_,f,https://m.weibo.cn/u/7730691194?launchid=10000360-page_H5,"https://tvax4.sinaimg.cn/crop.0.0.640.640.180/008rbbVEly8h2obmwlfj9j30hs0hs74r.jpg?KID=imgbed,tva&Expires=1778664804&ssig=i%2Ft5YJB%2BZ9",search_comments_2026-05-13.csv,search_comment,让我想到了华尔兹,True,False
5298061209503036,1778668488,2026-05-13 10:34:48+08:00,5298055088964617,好浪漫啊，拍的真好看,3,0,1778654004758,山东,5298061209503036,7331867615,辣条夫人199602,f,https://m.weibo.cn/u/7331867615?launchid=10000360-page_H5,"https://tvax1.sinaimg.cn/crop.0.0.1080.1080.180/0080bLHhly8iav1to91kyj30u00u0abr.jpg?KID=imgbed,tva&Expires=1778664804&ssig=gNt9HADmXm",search_comments_2026-05-13.csv,search_comment,好浪漫啊拍的真好看,True,False
5298111415061105,1778680458,2026-05-13 13:54:18+08:00,5298056301642556,夏天和果香真的超级适配！！！,1,0,1778654011187,日本,5298111415061105,5407855611,公鸡终结者大排档,f,https://m.weibo.cn/u/5407855611?launchid=10000360-page_H5,"https://tvax3.sinaimg.cn/crop.0.0.1024.1024.180/005TYOhBly8ib3ctpy7o0j30sg0sgjsz.jpg?KID=imgbed,tva&Expires=1778664811&ssig=Uace6lJzh5",search_comments_2026-05-13.csv,search_comment,夏天和果香真的超级适配,True,False
5298109882044073,1778680093,2026-05-13 13:48:13+08:00,5298056301642556,好漂亮的包装哇,1,0,1778654011192,上海,5298109882044073,6483528760,Episkeyzz,m,https://m.weibo.cn/u/6483528760?launchid=10000360-page_H5,"https://tvax3.sinaimg.cn/crop.0.0.829.829.180/0074Me0wly8heocegb3x4j30n10n1dgu.jpg?KID=imgbed,tva&Expires=1778664811&ssig=MlPd1R6saI",search_comments_2026-05-13.csv,search_comment,好漂亮的包装哇,True,False
5298067834410213,1778670068,2026-05-13 11:01:08+08:00,5298056301642556,包装也好漂亮,1,0,1778654011195,河北,5298067834410213,6618448638,水母细胞Jellyfish,f,https://m.weibo.cn/u/6618448638?launchid=10000360-page_H5,"https://tvax3.sinaimg.cn/crop.0.0.1080.1080.180/007dUkPAly8i2rcatmgigj30u00u0ta7.jpg?KID=imgbed,tva&Expires=1778664811&ssig=K9bji6xFSG",search_comments_2026-05-13.csv,search_comment,包装也好漂亮,True,False
5298117820024150,1778681985,2026-05-13 14:19:45+08:00,5298056376353301,评论区围绕520节日和明星代言，呈现浪漫氛围、种草意愿、明星效应和产品颜值四大亮点。38%用户赞美浪漫感，32%表达购买冲动，18%因丁禹兮代言关注产品，12%认可包装设计。整体基调积极，转化路径清晰。查看最新戳-&gt;微博智搜,0,0,1778654017643,微博智搜AI生成,5298117820024150,7892270010,微博智搜,f,https://m.weibo.cn/u/7892270010?launchid=10000360-page_H5,"https://tvax2.sinaimg.cn/crop.0.0.1080.1080.180/008C79XAly8i5grzh416kj30u00u0t8z.jpg?KID=imgbed,tva&Expires=1778664817&ssig=35qmR5OuCg",search_comments_2026-05-13.csv,search_comment,评论区围绕520节日和明星代言呈现浪漫氛围种草意愿明星效应和产品颜值四大亮点38用户赞美浪漫感32表达购买冲动18因丁禹兮代言关注产品12认可包装设计整体基调积极转化路径清晰查看最新戳gt微博智搜,True,False
5298117977310485,1778682023,2026-05-13 14:20:23+08:00,5298056376353301,哇塞，这款真的很不错啊,1,0,1778654017653,福建,5298117977310485,7334885622,小杨哥哥哦,m,https://m.weibo.cn/u/7334885622?launchid=10000360-page_H5,"https://tvax2.sinaimg.cn/crop.0.0.996.996.180/0080oqOOly8garwb1kdmbj30ro0ro0sz.jpg?KID=imgbed,tva&Expires=1778664817&ssig=ofLZ%2BosSIB",search_comments_2026-05-13.csv,search_comment,哇塞这款真的很不错啊,True,False
5298118165794391,1778682068,2026-05-13 14:21:08+08:00,5298056376353301,同款香水必须安排起来,1,0,1778654017662,福建,5298118165794391,5902411926,小楊ggo,m,https://m.weibo.cn/u/5902411926?launchid=10000360-page_H5,"https://tvax3.sinaimg.cn/crop.0.0.996.996.180/006rrUYmly8gegrujwsprj30ro0roq7m.jpg?KID=imgbed,tva&Expires=1778664817&ssig=nPy7d%2Fc1Ch",search_comments_2026-05-13.csv,search_comment,同款香水必须安排起来,True,False
5298059619075877,1778668109,2026-05-13 10:28:29+08:00,5298058183050129,超级好闻！我刚用完,1,0,1778654024118,河南,5298059619075877,5213767660,钱为啥不要啊,f,https://m.weibo.cn/u/5213767660?launchid=10000360-page_H5,"https://tvax3.sinaimg.cn/crop.0.0.1002.1002.180/005GQr8Mly8gcemj438t3j30ru0rutah.jpg?KID=imgbed,tva&Expires=1778664824&ssig=ODPwV7FHsI",search_comments_2026-05-13.csv,search_comment,超级好闻我刚用完,True,False
5298059874404403,1778668170,2026-05-13 10:29:30+08:00,5298058183050129,这个很好闻！！甜香,1,0,1778654024131,广东,5298059874404403,6296308612,开心小仙贝,f,https://m.weibo.cn/u/6296308612?launchid=10000360-page_H5,"https://tvax4.sinaimg.cn/crop.0.0.845.845.180/006S6FuIly8hitx35er6zj30nh0nh3yw.jpg?KID=imgbed,tva&Expires=1778664824&ssig=eDlRWNQ%2FaH",search_comments_2026-05-13.csv,search_comment,这个很好闻甜香,True,False
5298059668098263,1778668121,2026-05-13 10:28:41+08:00,5298058183050129,发给凯让他买,1,0,1778654024141,山东,5298059668098263,5818856131,和小赵天下第一好,f,https://m.weibo.cn/u/5818856131?launchid=10000360-page_H5,"https://tvax4.sinaimg.cn/crop.0.0.1024.1024.180/006lNkifly8i1ghbl12wnj30sg0sgjth.jpg?KID=imgbed,tva&Expires=1778664824&ssig=lf5KkqI9JF",search_comments_2026-05-13.csv,search_comment,发给凯让他买,True,False
5297402572964693,1778511457,2026-05-11 14:57:37+08:00,5297400195582616,拍得太好了吧我天哪，是范思哲的摄影师吗？,13,13,1778654030635,北京,5297402572964693,7921094323,可以拉一点点,f,https://m.weibo.cn/u/7921094323?launchid=10000360-page_H5,"https://tvax4.sinaimg.cn/crop.0.0.1080.1080.180/008E46tRly8i47tdnsy4yj30u00u041e.jpg?KID=imgbed,tva&Expires=1778664830&ssig=4k%2Fckj%2FISo",search_comments_2026-05-13.csv,search_comment,拍得太好了吧我天哪是范思哲的摄影师吗,True,False
5297415462322652,1778514530,2026-05-11 15:48:50+08:00,5297400195582616,有一种美叫浪费飞鸟,1,5,1778654030641,北京,5297415462322652,8005069999,鱼腥草Beauty,m,https://m.weibo.cn/u/8005069999?launchid=10000360-page_H5,"https://tvax3.sinaimg.cn/crop.0.0.1080.1080.180/008JKsofly8i4v6pg2wg4j30u00u077h.jpg?KID=imgbed,tva&Expires=1778664830&ssig=r%2FRzZryCSy",search_comments_2026-05-13.csv,search_comment,有一种美叫浪费飞鸟,True,False
5298062906101237,1778668893,2026-05-13 10:41:33+08:00,5298057044034016,丁禹兮太帅了吧！！晶钻真的好好闻，很喜欢😍,1,0,1778654037043,福建,5298062906101237,1998518135,小新还是小小新,f,https://m.weibo.cn/u/1998518135?launchid=10000360-page_H5,"https://tvax4.sinaimg.cn/crop.0.0.1024.1024.180/771ef777ly8i41lviki4pj20sg0sg76e.jpg?KID=imgbed,tva&Expires=1778664837&ssig=S0LsFRUOWb",search_comments_2026-05-13.csv,search_comment,丁禹兮太帅了吧晶钻真的好好闻很喜欢,True,False
5298075631618543,1778671927,2026-05-13 11:32:07+08:00,5298057044034016,为这个小丁打call,0,0,1778654037056,福建,5298075631618543,5539445369,是Po呀,f,https://m.weibo.cn/u/5539445369?launchid=10000360-page_H5,"https://tvax4.sinaimg.cn/crop.0.0.1024.1024.180/0062SWN3ly8ic96smubnyj30sg0sg418.jpg?KID=imgbed,tva&Expires=1778664837&ssig=6cZC9IbBkA",search_comments_2026-05-13.csv,search_comment,为这个小丁打call,True,False
5298062809628802,1778668869,2026-05-13 10:41:09+08:00,5298057044034016,范思哲香水很不错,0,0,1778654037066,江苏,5298062809628802,2307730863,仙女棒就棒在她是我,f,https://m.weibo.cn/u/2307730863?launchid=10000360-page_H5,"https://tvax4.sinaimg.cn/crop.0.0.1080.1080.180/898d2dafly8i87d3roi0pj20u00u0tb5.jpg?KID=imgbed,tva&Expires=1778664837&ssig=lMKGIUp4cC",search_comments_2026-05-13.csv,search_comment,范思哲香水很不错,True,False
5298058884810620,1778667934,2026-05-13 10:25:34+08:00,5298056468890014,粉粉的颜值好高老婆更是美,0,1,1778654043510,甘肃,5298058884810620,7439061128,酷洛米大王_111,f,https://m.weibo.cn/u/7439061128?launchid=10000360-page_H5,"https://tvax4.sinaimg.cn/crop.0.1.1078.1078.180/0087rxCUly8icw0ks5o13j30ty0u0whk.jpg?KID=imgbed,tva&Expires=1778664843&ssig=G9En1t%2BmOp",search_comments_2026-05-13.csv,search_comment,粉粉的颜值好高老婆更是美,True,False
5298112143032419,1778680631,2026-05-13 13:57:11+08:00,5298056468890014,必须支持这个香菜,0,0,1778654043518,江西,5298112143032419,5983723249,不要来,f,https://m.weibo.cn/u/5983723249?launchid=10000360-page_H5,"https://tvax1.sinaimg.cn/crop.0.0.1080.1080.180/006wX5Ljly8homz3btmkij30u00u0q47.jpg?KID=imgbed,tva&Expires=1778664843&ssig=QgOblp34V6",search_comments_2026-05-13.csv,search_comment,必须支持这个香菜,True,False
5298082868363510,1778673651,2026-05-13 12:00:51+08:00,5298055201948168,好帅啊丁禹兮桃花运香狠狠心动了,0,0,1778654049982,浙江,5298082868363510,5890283498,死胖子别吃啦你,f,https://m.weibo.cn/u/5890283498?launchid=10000360-page_H5,"https://tvax4.sinaimg.cn/crop.0.0.512.512.180/006qD1Oyly8go7w0r3avrj30e80e83yw.jpg?KID=imgbed,tva&Expires=1778664850&ssig=tgnIhnvoKt",search_comments_2026-05-13.csv,search_comment,好帅啊丁禹兮桃花运香狠狠心动了,True,False
5298058168631460,1778667762,2026-05-13 10:22:42+08:00,5298055201948168,这个瓶身好漂亮！晶莹剔透的！,0,0,1778654049994,湖北,5298058168631460,5264390959,_廿罗_,f,https://m.weibo.cn/u/5264390959?launchid=10000360-page_H5,"https://tvax2.sinaimg.cn/crop.0.0.1080.1080.180/005KgQzBly8i75pojp04nj30u00u0q3r.jpg?KID=imgbed,tva&Expires=1778664850&ssig=exfVIGfXYK",search_comments_2026-05-13.csv,search_comment,这个瓶身好漂亮晶莹剔透的,True,False
5298082095039911,1778673468,2026-05-13 11:57:48+08:00,5298081923073884,想让走的一个不走 不想让走一个个离开……,0,33,1778654077426,广东,5298082095039911,7826071911,草霉驴奶特别癫,f,https://m.weibo.cn/u/7826071911?launchid=10000360-page_H5,"https://tvax3.sinaimg.cn/crop.0.0.512.512.180/008xDoOjly8hiq7cv48qyj30e80e8aad.jpg?KID=imgbed,tva&Expires=1778664877&ssig=F9UMwhr3SW",search_comments_2026-05-13.csv,search_comment,想让走的一个不走 不想让走一个个离开,True,False
5298082336213756,1778673525,2026-05-13 11:58:45+08:00,5298081923073884,姐，海东现在也不给报比赛了，也不知道是啥情况,3,8,1778654077431,山西,5298082336213756,6025588740,在细雨中呼喊zhai,f,https://m.weibo.cn/u/6025588740?launchid=10000360-page_H5,"https://tvax3.sinaimg.cn/crop.0.0.1080.1080.180/006zMKTaly8ib5n1dopmzj30u00u0myx.jpg?KID=imgbed,tva&Expires=1778664877&ssig=Jvy%2FMl4y1F",search_comments_2026-05-13.csv,search_comment,姐海东现在也不给报比赛了也不知道是啥情况,True,False
5298092056510902,1778675842,2026-05-13 12:37:22+08:00,5298081923073884,然后你会发现 有一天他们变成了面目可憎的主教练……,4,0,1778654077435,北京,5298092056510902,2039964175,茱小妖,f,https://m.weibo.cn/u/2039964175?launchid=10000360-page_H5,"https://tvax1.sinaimg.cn/crop.0.0.1067.1067.180/7997620fly8hc7i4w0wnxj20tn0tnad5.jpg?KID=imgbed,tva&Expires=1778664877&ssig=pqbZK1PskA",search_comments_2026-05-13.csv,search_comment,然后你会发现 有一天他们变成了面目可憎的主教练,True,False
5298087254821014,1778674698,2026-05-13 12:18:18+08:00,5298087150227714,希望以后可以过得更好,2,21,1778654083836,广东,5298087254821014,5539215167,沉冥相遥,f,https://m.weibo.cn/u/5539215167?launchid=10000360-page_H5,"https://tvax2.sinaimg.cn/crop.0.0.1080.1080.180/0062RYU7ly8id220by51pj30u00u0759.jpg?KID=imgbed,tva&Expires=1778664883&ssig=0%2Foxdh%2BoC%2F",search_comments_2026-05-13.csv,search_comment,希望以后可以过得更好,True,False
5298091626073624,1778675740,2026-05-13 12:35:40+08:00,5298087150227714,发生什么了这是,2,1,1778654083854,湖北,5298091626073624,7780383361,装纯情咬哥哥,f,https://m.weibo.cn/u/7780383361?launchid=10000360-page_H5,"https://tvax2.sinaimg.cn/crop.0.0.1080.1080.180/008uxH8dly8id1x32clxjj30u00u0q65.jpg?KID=imgbed,tva&Expires=1778664883&ssig=JwADFmwTr%2B",search_comments_2026-05-13.csv,search_comment,发生什么了这是,True,False
5298088346651185,1778674958,2026-05-13 12:22:38+08:00,5298087720389045,有点太突然了，发生什么了？,2,2,1778654090489,广西,5298088346651185,7976681192,脑子不清醒就睡觉,f,https://m.weibo.cn/u/7976681192?launchid=10000360-page_H5,"https://tvax3.sinaimg.cn/crop.0.0.1080.1080.180/008HPlagly8id0t11na0zj30u00u00wb.jpg?KID=imgbed,tva&Expires=1778664890&ssig=tjmUPumMsL",search_comments_2026-05-13.csv,search_comment,有点太突然了发生什么了,True,False
5298088845508966,1778675076,2026-05-13 12:24:36+08:00,5298087720389045,太突然了吧,0,3,1778654090497,浙江,5298088845508966,7965286858,银尾痣,m,https://m.weibo.cn/u/7965286858?launchid=10000360-page_H5,"https://tvax1.sinaimg.cn/crop.0.0.1079.1079.180/008H3wYGly8hzeimomgp8j30tz0tzq57.jpg?KID=imgbed,tva&Expires=1778664890&ssig=OiGl6f%2Fp2a",search_comments_2026-05-13.csv,search_comment,太突然了吧,True,False
5298088484016602,1778674991,2026-05-13 12:23:11+08:00,5298087720389045,真的好可惜啊 希望她有更好的发展,0,4,1778654090506,山东,5298088484016602,7854768278,路过蜻蜓_27,f,https://m.weibo.cn/u/7854768278?launchid=10000360-page_H5,"https://tvax3.sinaimg.cn/crop.0.0.960.960.180/008zzO2Wly8id1urhvv6hj30qo0qotaj.jpg?KID=imgbed,tva&Expires=1778664890&ssig=SLmJ17QjS%2B",search_comments_2026-05-13.csv,search_comment,真的好可惜啊 希望她有更好的发展,True,False
5298088478508156,1778674990,2026-05-13 12:23:10+08:00,5298084557098690,养好身体，继续做自己想做的！,1,3,1778654097135,河北,5298088478508156,5312163974,赏优集,m,https://m.weibo.cn/u/5312163974?launchid=10000360-page_H5,"https://tvax2.sinaimg.cn/crop.0.0.1080.1080.180/005Nviw6ly8i8rxi7ufznj30u00u042a.jpg?KID=imgbed,tva&Expires=1778664897&ssig=i0pYmzViJ2",search_comments_2026-05-13.csv,search_comment,养好身体继续做自己想做的,True,False
5298114030471170,1778681082,2026-05-13 14:04:42+08:00,5298084557098690,未来一样绽放光芒吧,0,0,1778654097146,辽宁,5298114030471170,5749706970,非量产有点儿野,f,https://m.weibo.cn/u/5749706970?launchid=10000360-page_H5,"https://tvax3.sinaimg.cn/crop.0.0.1080.1080.180/006h7brcly8iao7ymkno8j30u00u042x.jpg?KID=imgbed,tva&Expires=1778664897&ssig=Ov3XvGHduT",search_comments_2026-05-13.csv,search_comment,未来一样绽放光芒吧,True,False
5298113101434450,1778680860,2026-05-13 14:01:00+08:00,5298084557098690,伤病真的是逃不出的魔咒,0,0,1778654097156,江苏,5298113101434450,1228479347,维扬卧龙,m,https://m.weibo.cn/u/1228479347?launchid=10000360-page_H5,"https://tva1.sinaimg.cn/crop.0.0.180.180.180/49391b73jw1e8qgp5bmzyj2050050aa8.jpg?KID=imgbed,tva&Expires=1778664897&ssig=FxdbvZ9C2a",search_comments_2026-05-13.csv,search_comment,伤病真的是逃不出的魔咒,True,False
5298087440420190,1778674742,2026-05-13 12:19:02+08:00,5298086157222877,祝福所有对莎莎真心相待的人,1,38,1778654103668,北京,5298087440420190,1790288545,考拉m,m,https://m.weibo.cn/u/1790288545?launchid=10000360-page_H5,"https://tvax3.sinaimg.cn/crop.0.0.690.690.180/6ab5a2a1ly8i7ehl01w81j20j60j6409.jpg?KID=imgbed,tva&Expires=1778664903&ssig=XojdXI916S",search_comments_2026-05-13.csv,search_comment,祝福所有对莎莎真心相待的人,True,False
5298094577289491,1778676444,2026-05-13 12:47:24+08:00,5298086157222877,从来都没有出去比赛的机会,1,5,1778654103677,安徽,5298094577289491,2365306080,ruibao2015,f,https://m.weibo.cn/u/2365306080?launchid=10000360-page_H5,"https://tva1.sinaimg.cn/crop.0.0.1242.1242.180/8cfbb4e0jw8f2x3hmvi56j20yi0yi40x.jpg?KID=imgbed,tva&Expires=1778664903&ssig=btbdMg1Xg3",search_comments_2026-05-13.csv,search_comment,从来都没有出去比赛的机会,True,False
5298099964611504,1778677728,2026-05-13 13:08:48+08:00,5298086157222877,#孙铭阳说有召必回# “召必回”是一面镜子，照人性、照格局、照境界。这个世界虽然顽固着以结果论英雄，然总有那么一条缝隙，光，会透过来，得以窥见真正的伟大。,0,16,1778654103683,四川,5298099964611504,7778475997,甲子阳木,m,https://m.weibo.cn/u/7778475997?launchid=10000360-page_H5,"https://tvax2.sinaimg.cn/crop.0.0.800.800.180/008upGWhly8hldh29winbj30m80m80su.jpg?KID=imgbed,tva&Expires=1778664903&ssig=31DO1vnO%2B1",search_comments_2026-05-13.csv,search_comment, 召必回是一面镜子照人性照格局照境界这个世界虽然顽固着以结果论英雄然总有那么一条缝隙光会透过来得以窥见真正的伟大,True,False
5298074734822796,1778671713,2026-05-13 11:28:33+08:00,5298071955312775,“愿国乒一路长红、再创辉煌，我们各自奔赴，顶峰相见。”,0,18,1778654110171,,5298074734822796,6418480627,星视频,m,https://m.weibo.cn/u/6418480627?launchid=10000360-page_H5,"https://tvax1.sinaimg.cn/crop.0.0.600.600.180/0070ni15ly8hcmk65avs5j30go0godgt.jpg?KID=imgbed,tva&Expires=1778664910&ssig=0BtoojzFM6",search_comments_2026-05-13.csv,search_comment,愿国乒一路长红再创辉煌我们各自奔赴顶峰相见,True,False
5298074693668615,1778671703,2026-05-13 11:28:23+08:00,5298071955312775,“虽因伤病暂别，但我对乒乓、对国乒的热爱从未改变。只要国家召唤、队伍需要，我随时都在，有召必回！”,0,16,1778654110175,,5298074693668615,6418480627,星视频,m,https://m.weibo.cn/u/6418480627?launchid=10000360-page_H5,"https://tvax1.sinaimg.cn/crop.0.0.600.600.180/0070ni15ly8hcmk65avs5j30go0godgt.jpg?KID=imgbed,tva&Expires=1778664910&ssig=0BtoojzFM6",search_comments_2026-05-13.csv,search_comment,虽因伤病暂别但我对乒乓对国乒的热爱从未改变只要国家召唤队伍需要我随时都在有召必回,True,False
5298077474751273,1778672366,2026-05-13 11:39:26+08:00,5298071955312775,祝愿未来更好，顶峰相见！！！,0,11,1778654110179,湖南,5298077474751273,2479180680,丹丹哼哼哼,f,https://m.weibo.cn/u/2479180680?launchid=10000360-page_H5,"https://tva2.sinaimg.cn/crop.0.0.180.180.180/93c54b88jw1e8qgp5bmzyj2050050aa8.jpg?KID=imgbed,tva&Expires=1778664910&ssig=lVV1O7Intp",search_comments_2026-05-13.csv,search_comment,祝愿未来更好顶峰相见,True,False
5298083277573116,1778673750,2026-05-13 12:02:30+08:00,5298083028272392,祝阳阳莎莎友谊久久，退出国家队不是结束，而是新的开始，也希望阳阳越来越好,0,4,1778654116625,四川,5298083277573116,3911901482,体育说是圈,f,https://m.weibo.cn/u/3911901482?launchid=10000360-page_H5,"https://tvax1.sinaimg.cn/crop.0.0.1080.1080.180/e92ae12aly8hcb36xim6lj20u00u0dnm.jpg?KID=imgbed,tva&Expires=1778664916&ssig=Y6CjrvBQhR",search_comments_2026-05-13.csv,search_comment,祝阳阳莎莎友谊久久退出国家队不是结束而是新的开始也希望阳阳越来越好,True,False
5298083097480475,1778673707,2026-05-13 12:01:47+08:00,5298083028272392,看哭了，更想你了～不论以后你在哪我都在，祝一切顺利、身体健康,0,1,1778654116638,四川,5298083097480475,3911901482,体育说是圈,f,https://m.weibo.cn/u/3911901482?launchid=10000360-page_H5,"https://tvax1.sinaimg.cn/crop.0.0.1080.1080.180/e92ae12aly8hcb36xim6lj20u00u0dnm.jpg?KID=imgbed,tva&Expires=1778664916&ssig=Y6CjrvBQhR",search_comments_2026-05-13.csv,search_comment,看哭了更想你了不论以后你在哪我都在祝一切顺利身体健康,True,False
5298084440441669,1778674026,2026-05-13 12:07:06+08:00,5298083028272392,女孩尽情享受青春吧！ 莎粉祝三位优秀的小姑娘所愿皆所得！ 平安喜乐！好运常伴！,0,1,1778654116648,四川,5298084440441669,6659267559,Ihahahou976,f,https://m.weibo.cn/u/6659267559?launchid=10000360-page_H5,"https://tvax1.sinaimg.cn/crop.0.0.200.200.180/007gFBHhly8gk61kybn8bj305k05k3yg.jpg?KID=imgbed,tva&Expires=1778664916&ssig=k6RTAhjQOn",search_comments_2026-05-13.csv,search_comment,女孩尽情享受青春吧 莎粉祝三位优秀的小姑娘所愿皆所得 平安喜乐好运常伴,True,False
5298090510648299,1778675474,2026-05-13 12:31:14+08:00,5298038379906623,评论区对小米17Max发布呈现两极分化：25%用户期待大屏回归和配置升级，认可直屏与续航；20%质疑摄像头设计丑陋、取消背屏功能；18%吐槽机海战术和命名混乱；15%调侃营销过热并担忧定价偏高；12%偏好小屏，担心手感笨重。整体聚焦设计争议...查看最新戳-&gt;微博智搜,0,1,1778654147384,微博智搜AI生成,5298090510648299,7892270010,微博智搜,f,https://m.weibo.cn/u/7892270010?launchid=10000360-page_H5,"https://tvax2.sinaimg.cn/crop.0.0.1080.1080.180/008C79XAly8i5grzh416kj30u00u0t8z.jpg?KID=imgbed,tva&Expires=1778664947&ssig=9h1aCjn0TV",search_comments_2026-05-13.csv,search_comment,评论区对小米17Max发布呈现两极分化25用户期待大屏回归和配置升级认可直屏与续航20质疑摄像头设计丑陋取消背屏功能18吐槽机海战术和命名混乱15调侃营销过热并担忧定价偏高12偏好小屏担心手感笨重整体聚焦设计争议查看最新戳gt微博智搜,True,False
5298055670671046,1778667168,2026-05-13 10:12:48+08:00,5298038379906623,17销量扑街，换个马甲加点营销继续忽悠,35,144,1778654147390,四川,5298055670671046,7553716515,不会剪头的Tony_,m,https://m.weibo.cn/u/7553716515?launchid=10000360-page_H5,"https://tvax4.sinaimg.cn/crop.0.0.512.512.180/008fcCJlly8h5yztu9xz0j30e80e8t8y.jpg?KID=imgbed,tva&Expires=1778664947&ssig=28j1Q3E9gi",search_comments_2026-05-13.csv,search_comment,17销量扑街换个马甲加点营销继续忽悠,True,False
5298063711146351,1778669085,2026-05-13 10:44:45+08:00,5298038379906623,小米17Max 2000优惠券，快领：网页链接,3,17,1778654147395,安徽,5298063711146351,1796118884,大嘴情圣,f,https://m.weibo.cn/u/1796118884?launchid=10000360-page_H5,"https://tva4.sinaimg.cn/crop.3.0.196.196.180/6b0e9964jw8f1hsib2yhej205k05k744.jpg?KID=imgbed,tva&Expires=1778664947&ssig=a1H3N6AtmN",search_comments_2026-05-13.csv,search_comment,小米17Max 2000优惠券快领网页链接,True,False
5298042739623325,1778664085,2026-05-13 09:21:25+08:00,5298042353748059,卢总当年马达叮叮叮和嗡嗡嗡可是您提的，现在小米数字系列的马达越来越将就，这是对的吗？内部评估马达不重要所以可以忽略？,51,237,1778654153897,辽宁,5298042739623325,5635836556,露西的冷笑话时间,m,https://m.weibo.cn/u/5635836556?launchid=10000360-page_H5,"https://tvax1.sinaimg.cn/crop.0.0.960.960.180/0069poxCly8h2ol9ate8jj30qo0qo0uz.jpg?KID=imgbed,tva&Expires=1778664953&ssig=M10Rh9LMBR",search_comments_2026-05-13.csv,search_comment,卢总当年马达叮叮叮和嗡嗡嗡可是您提的现在小米数字系列的马达越来越将就这是对的吗内部评估马达不重要所以可以忽略,True,False
5298042521780340,1778664032,2026-05-13 09:20:32+08:00,5298042353748059,这镜头deco，是你，小米15 Pro max,0,66,1778654153907,浙江,5298042521780340,5514921946,不愿意透露姓名的咸鱼G,m,https://m.weibo.cn/u/5514921946?launchid=10000360-page_H5,"https://tvax4.sinaimg.cn/crop.0.0.996.996.180/0061e37Yly8gb7kqc4rffj30ro0rowet.jpg?KID=imgbed,tva&Expires=1778664953&ssig=1kATcYzA6X",search_comments_2026-05-13.csv,search_comment,这镜头deco是你小米15 Pro max,True,False
5298042531480191,1778664035,2026-05-13 09:20:35+08:00,5298042353748059,卢总，说好的K90至尊版呢？,0,3,1778654153916,广东,5298042531480191,7852648150,王迪Youngphons,m,https://m.weibo.cn/u/7852648150?launchid=10000360-page_H5,"https://tvax2.sinaimg.cn/crop.0.0.1080.1080.180/008zqUvkly8icoh7atnvzj30u00u0q5x.jpg?KID=imgbed,tva&Expires=1778664953&ssig=94Ka5A3Wso",search_comments_2026-05-13.csv,search_comment,卢总说好的K90至尊版呢,True,False
5298069381846063,1778670437,2026-05-13 11:07:17+08:00,5298040856644374,我给你最直接、最真相、最不绕弯、最扎心、最干脆、最不墨迹、最戳痛点、最不留情面、最一针见血、最开门见山、最单刀直入、最不铺垫、最不客套、最不煽情、最不废话、最不拐弯、最不磨叽、最不端着、最不啰嗦、最不拖沓、最不委婉、最不掩饰、最露骨、最实在的结论：K90PM的外观更高级、更好看。,1,3,1778654160432,浙江,5298069381846063,5667421159,王日历_LaurinKlement,m,https://m.weibo.cn/u/5667421159?launchid=10000360-page_H5,"https://tvax1.sinaimg.cn/crop.0.0.1080.1080.180/006bxV8Hly8ibfsro3gf3j30u00u040s.jpg?KID=imgbed,tva&Expires=1778664960&ssig=bddlkcaNya",search_comments_2026-05-13.csv,search_comment,我给你最直接最真相最不绕弯最扎心最干脆最不墨迹最戳痛点最不留情面最一针见血最开门见山最单刀直入最不铺垫最不客套最不煽情最不废话最不拐弯最不磨叽最不端着最不啰嗦最不拖沓最不委婉最不掩饰最露骨最实在的结论K90PM的外观更高级更好看,True,False
5298041730892326,1778663843,2026-05-13 09:17:23+08:00,5298040856644374,这个影像配置能不能和 k90pm 外放配置组合一下，想要,0,0,1778654160434,山东,5298041730892326,7698674868,大硕不会开船,m,https://m.weibo.cn/u/7698674868?launchid=10000360-page_H5,"https://tvax3.sinaimg.cn/crop.0.0.1080.1080.180/008p0R1ily8hxkjc1i0saj30u00u0wgg.jpg?KID=imgbed,tva&Expires=1778664960&ssig=YuIK%2BBB1rm",search_comments_2026-05-13.csv,search_comment,这个影像配置能不能和 k90pm 外放配置组合一下想要,True,False
5298042185975074,1778663953,2026-05-13 09:19:13+08:00,5298040856644374,一眼小米14,0,0,1778654160437,云南,5298042185975074,7502602621,地理老师聊数码,m,https://m.weibo.cn/u/7502602621?launchid=10000360-page_H5,"https://tvax4.sinaimg.cn/crop.0.0.1080.1080.180/008bK9FHly8i8xoe34rryj30u00u00w3.jpg?KID=imgbed,tva&Expires=1778664960&ssig=aYdZ8u%2Bjls",search_comments_2026-05-13.csv,search_comment,一眼小米14,True,False
5298047722458968,1778665273,2026-05-13 09:41:13+08:00,5298047510905316,小米14/15复出了？,7,26,1778654166935,广东,5298047722458968,7508474689,彳亍Ultimate,m,https://m.weibo.cn/u/7508474689?launchid=10000360-page_H5,"https://tvax4.sinaimg.cn/crop.0.0.1080.1080.180/008c8Ngtly8ibhuhybbcmj30u00u0age.jpg?KID=imgbed,tva&Expires=1778664966&ssig=vq8uGmsMQ3",search_comments_2026-05-13.csv,search_comment,小米1415复出了,True,False
5298047703581162,1778665268,2026-05-13 09:41:08+08:00,5298047510905316,小米15plus,0,0,1778654166944,浙江,5298047703581162,3295894651,章北海的张,m,https://m.weibo.cn/u/3295894651?launchid=10000360-page_H5,"https://tvax1.sinaimg.cn/crop.0.0.995.995.180/c4735c7bly8ibuzqyodcjj20rn0rnabj.jpg?KID=imgbed,tva&Expires=1778664966&ssig=zZylf5XjL9",search_comments_2026-05-13.csv,search_comment,小米15plus,True,False
5298075713407611,1778671946,2026-05-13 11:32:26+08:00,5298047510905316,6.9寸直屏确实大气，好奇电池能干到多少，6000mAh起步？如果能到8000mAh那就真离谱了,1,1,1778654166955,广东,5298075713407611,2396246227,科技情报阿飞,m,https://m.weibo.cn/u/2396246227?launchid=10000360-page_H5,"https://tvax4.sinaimg.cn/crop.0.0.1080.1080.180/8ed3d0d3ly8ico30eivxtj20u00u0wir.jpg?KID=imgbed,tva&Expires=1778664966&ssig=HVuNMUnYLH",search_comments_2026-05-13.csv,search_comment,69寸直屏确实大气好奇电池能干到多少6000mAh起步如果能到8000mAh那就真离谱了,True,False
5298119925563738,1778682486,2026-05-13 14:28:06+08:00,5298090791406231,白色永远滴神,0,0,1778654173567,山东,5298119925563738,9078202427,Enzo__lv,m,https://m.weibo.cn/u/9078202427?launchid=10000360-page_H5,"https://tvax2.sinaimg.cn/crop.0.0.1080.1080.180/009Und9Nly8icx0lohvsaj30u00u0mzk.jpg?KID=imgbed,tva&Expires=1778664973&ssig=9FHaHKFHDt",search_comments_2026-05-13.csv,search_comment,白色永远滴神,True,False
5298093541297968,1778676197,2026-05-13 12:43:17+08:00,5298090791406231,手电筒在哪,7,0,1778654173572,广东,5298093541297968,6730575580,爱啵啵的派大,m,https://m.weibo.cn/u/6730575580?launchid=10000360-page_H5,"https://tvax4.sinaimg.cn/crop.0.0.1080.1080.180/007luOaEly8htv61aht6cj30u00u0gpd.jpg?KID=imgbed,tva&Expires=1778664973&ssig=zLg4yCIpjs",search_comments_2026-05-13.csv,search_comment,手电筒在哪,True,False
5298088220557492,1778674927,2026-05-13 12:22:07+08:00,5298088043348706,你的🆔第一个字,1,2,1778654180088,广东,5298088220557492,7372366431,静候_南国飘雪,f,https://m.weibo.cn/u/7372366431?launchid=10000360-page_H5,"https://tvax3.sinaimg.cn/crop.0.0.1080.1080.180/0082VHhZly8icx3kxm784j30u00u0q66.jpg?KID=imgbed,tva&Expires=1778664980&ssig=p%2FTd2Kekfp",search_comments_2026-05-13.csv,search_comment,你的第一个字,True,False
5298089646623941,1778675268,2026-05-13 12:27:48+08:00,5298088043348706,黑色那个质感很强,0,0,1778654180110,四川,5298089646623941,7905365994,报告平阳郡主,m,https://m.weibo.cn/u/7905365994?launchid=10000360-page_H5,"https://tvax3.sinaimg.cn/crop.0.0.1079.1079.180/008D06P8ly8i6up5l1a0fj30tz0u0wh9.jpg?KID=imgbed,tva&Expires=1778664980&ssig=c7suyzuAp8",search_comments_2026-05-13.csv,search_comment,黑色那个质感很强,True,False
5297985233879406,1778650374,2026-05-13 05:32:54+08:00,5297866911518950,大骗子找到新风口,27,749,1778654234591,北京,5297985233879406,2184280130,TEAM-LAB,m,https://m.weibo.cn/u/2184280130?launchid=10000360-page_H5,"https://tvax1.sinaimg.cn/crop.0.0.512.512.180/82317842ly8g9m0nj0d1qj20e80e8js0.jpg?KID=imgbed,tva&Expires=1778665034&ssig=YM4cl8JU7z",search_comments_2026-05-13.csv,search_comment,大骗子找到新风口,True,False
5298038908127021,1778663171,2026-05-13 09:06:11+08:00,5297866911518950,法拉第未来创始人贾跃亭宣布公司战略升级，将转型为物理AI生态系统公司，专注具身智能机器人业务，包括人形与仿生机器人、汽车机器人两大引擎。第一阶段将以人形和仿生机器人为主。视频信息显示其已被任命为FF全球CEO。背景是FF造车12年仅交付不足...查看最新戳-&gt;微博智搜,3,0,1778654234603,微博智搜AI生成,5298038908127021,7892270010,微博智搜,f,https://m.weibo.cn/u/7892270010?launchid=10000360-page_H5,"https://tvax2.sinaimg.cn/crop.0.0.1080.1080.180/008C79XAly8i5grzh416kj30u00u0t8z.jpg?KID=imgbed,tva&Expires=1778665034&ssig=Ao8XZJKqOi",search_comments_2026-05-13.csv,search_comment,法拉第未来创始人贾跃亭宣布公司战略升级将转型为物理AI生态系统公司专注具身智能机器人业务包括人形与仿生机器人汽车机器人两大引擎第一阶段将以人形和仿生机器人为主视频信息显示其已被任命为FF全球CEO背景是FF造车12年仅交付不足查看最新戳gt微博智搜,True,False
5298027737648268,1778660508,2026-05-13 08:21:48+08:00,5297866911518950,贾总又要到饭了，贾总现在应该是专业洗💰业务吧,6,332,1778654234611,广东,5298027737648268,5446865852,青天喵喵,m,https://m.weibo.cn/u/5446865852?launchid=10000360-page_H5,"https://tvax1.sinaimg.cn/crop.0.0.664.664.180/005WCuD2ly8g8ma6fudj7j30ig0igq4e.jpg?KID=imgbed,tva&Expires=1778665034&ssig=xCt5mhEgdJ",search_comments_2026-05-13.csv,search_comment,贾总又要到饭了贾总现在应该是专业洗业务吧,True,False
5298060985106498,1778668434,2026-05-13 10:33:54+08:00,5298052378399296,他到底是干嘛的，这么多年花了多少钱，成果是什么,9,10,1778654241241,福建,5298060985106498,5978854087,吃个嘴子-,m,https://m.weibo.cn/u/5978854087?launchid=10000360-page_H5,"https://tvax2.sinaimg.cn/crop.0.0.1002.1002.180/006wCF4rly8gnry4wodkmj30ru0rudhu.jpg?KID=imgbed,tva&Expires=1778665041&ssig=ncW7Me5xyD",search_comments_2026-05-13.csv,search_comment,他到底是干嘛的这么多年花了多少钱成果是什么,True,False
5298055832143110,1778667206,2026-05-13 10:13:26+08:00,5298052378399296,假会计虽然人在美国，公司在美国，但融到的钱并不是华尔街的，且累计融资几百亿了（最大一笔融资是恒大20亿美元），而每次融资的只够续命，这个事有点意思吧？正常情况，十几年交付不到20台车，早都倒闭800回了，他是为了干事吗，还是必须要有个资本运作的壳。,0,3,1778654241250,陕西,5298055832143110,1746743117,正人力天,m,https://m.weibo.cn/u/1746743117?launchid=10000360-page_H5,"https://tva1.sinaimg.cn/crop.127.367.1903.1903.180/681d2f4djw1e779t18ybrj21kw2dc7q0.jpg?KID=imgbed,tva&Expires=1778665041&ssig=MrGlIg%2FxdR",search_comments_2026-05-13.csv,search_comment,假会计虽然人在美国公司在美国但融到的钱并不是华尔街的且累计融资几百亿了最大一笔融资是恒大20亿美元而每次融资的只够续命这个事有点意思吧正常情况十几年交付不到20台车早都倒闭800回了他是为了干事吗还是必须要有个资本运作的壳,True,False
5298053760158822,1778666712,2026-05-13 10:05:12+08:00,5298052378399296,因为风口让人窒息,0,1,1778654241262,湖北,5298053760158822,3219176414,彪哥炖豆角,m,https://m.weibo.cn/u/3219176414?launchid=10000360-page_H5,"https://tvax3.sinaimg.cn/crop.0.0.960.960.180/bfe0bbdely8i1indr9h7lj20qo0qogmw.jpg?KID=imgbed,tva&Expires=1778665041&ssig=plIVaIxVqq",search_comments_2026-05-13.csv,search_comment,因为风口让人窒息,True,False
5298041227577246,1778663724,2026-05-13 09:15:24+08:00,5298040920867022,先回国把业务和产线谈好吧,4,25,1778654247714,重庆,5298041227577246,5217028633,如若可以三生有幸丶,m,https://m.weibo.cn/u/5217028633?launchid=10000360-page_H5,"https://tvax4.sinaimg.cn/crop.93.93.234.234.180/005H47t7ly8feol4muy9uj30bp0bqgll.jpg?KID=imgbed,tva&Expires=1778665047&ssig=J6Ol5FgvI9",search_comments_2026-05-13.csv,search_comment,先回国把业务和产线谈好吧,True,False
5298042832161579,1778664107,2026-05-13 09:21:47+08:00,5298040920867022,还得是窒息公,0,1,1778654247718,上海,5298042832161579,1795122842,著名不知名市民小吴,m,https://m.weibo.cn/u/1795122842?launchid=10000360-page_H5,"https://tvax3.sinaimg.cn/crop.0.0.1080.1080.180/6aff669aly8ib7mxij1npj20u00u0gnt.jpg?KID=imgbed,tva&Expires=1778665047&ssig=2XreaHxt6A",search_comments_2026-05-13.csv,search_comment,还得是窒息公,True,False
5298042232112057,1778663964,2026-05-13 09:19:24+08:00,5298040920867022,他到底是怎么骗到这么多投资人的,3,13,1778654247723,山西,5298042232112057,1933340695,倪萍是我梦中情人,m,https://m.weibo.cn/u/1933340695?launchid=10000360-page_H5,"https://tvax3.sinaimg.cn/crop.0.0.512.512.180/733c7017ly8h2itxw3kvzj20e80e8dgg.jpg?KID=imgbed,tva&Expires=1778665047&ssig=DYLRC3EyeT",search_comments_2026-05-13.csv,search_comment,他到底是怎么骗到这么多投资人的,True,False
5298019576842707,1778658562,2026-05-13 07:49:22+08:00,5298017068646994,说实话，能折腾这么些年也是让人佩服。,3,29,1778654254174,广东,5298019576842707,1929687534,贪睡的Body,m,https://m.weibo.cn/u/1929687534?launchid=10000360-page_H5,"https://tvax3.sinaimg.cn/crop.0.0.479.479.180/7304b1eely8h8uw7pmdi5j20db0dbwel.jpg?KID=imgbed,tva&Expires=1778665054&ssig=hgDvxc0vRU",search_comments_2026-05-13.csv,search_comment,说实话能折腾这么些年也是让人佩服,True,False
5298029800458616,1778661000,2026-05-13 08:30:00+08:00,5298017068646994,大概率是洗钱的，某些阶层的白手套,3,47,1778654254180,四川,5298029800458616,3157614052,心在那片遥远的天,m,https://m.weibo.cn/u/3157614052?launchid=10000360-page_H5,"https://tva3.sinaimg.cn/crop.0.0.180.180.180/bc355de4jw1e8qgp5bmzyj2050050aa8.jpg?KID=imgbed,tva&Expires=1778665054&ssig=PFDMX2UTeS",search_comments_2026-05-13.csv,search_comment,大概率是洗钱的某些阶层的白手套,True,False
5298027904369436,1778660547,2026-05-13 08:22:27+08:00,5298017068646994, 又可以骗一波啦！在美国没几个公司造车的同时还在造机器人,1,6,1778654254184,广东,5298027904369436,5164699384,jijijijijjijiji,m,https://m.weibo.cn/u/5164699384?launchid=10000360-page_H5,"https://tvax2.sinaimg.cn/crop.0.0.200.200.180/005DwyeYly8gyop2zfx7nj305k05kq2x.jpg?KID=imgbed,tva&Expires=1778665054&ssig=0F%2FhNlWlhQ",search_comments_2026-05-13.csv,search_comment, 又可以骗一波啦在美国没几个公司造车的同时还在造机器人,True,False
5298035527517580,1778662365,2026-05-13 08:52:45+08:00,5298035434195321,兄弟们，又要到钱了,3,161,1778654260635,安徽,5298035527517580,7412392785,惹事台4749,m,https://m.weibo.cn/u/7412392785?launchid=10000360-page_H5,"https://tvax3.sinaimg.cn/crop.0.0.1080.1080.180/0085DDYlly8h02iewshj3j30u00u00us.jpg?KID=imgbed,tva&Expires=1778665060&ssig=Fcfu92MaKt",search_comments_2026-05-13.csv,search_comment,兄弟们又要到钱了,True,False
5298035716522639,1778662410,2026-05-13 08:53:30+08:00,5298035434195321,下个礼拜回国造机器人,0,6,1778654260643,江苏,5298035716522639,6325416304,桫椤老叔叔,m,https://m.weibo.cn/u/6325416304?launchid=10000360-page_H5,"https://tvax2.sinaimg.cn/crop.0.0.512.512.180/006U4NJCly8i79o61wb3uj30e80e80td.jpg?KID=imgbed,tva&Expires=1778665060&ssig=9ggNux1ZXg",search_comments_2026-05-13.csv,search_comment,下个礼拜回国造机器人,True,False
5298035803293251,1778662431,2026-05-13 08:53:51+08:00,5298035434195321,美国佬人傻钱多，看贾老板这次能骗多少？买几个宇树机器人回去换个壳，骗一下美国佬,1,58,1778654260654,广东,5298035803293251,1994692417,乱七八糟的陈超,m,https://m.weibo.cn/u/1994692417?launchid=10000360-page_H5,"https://tva2.sinaimg.cn/crop.0.0.300.300.180/76e49741jw8eo4l44e6pbj208c08cq4o.jpg?KID=imgbed,tva&Expires=1778665060&ssig=kOq3xTNY%2Br",search_comments_2026-05-13.csv,search_comment,美国佬人傻钱多看贾老板这次能骗多少买几个宇树机器人回去换个壳骗一下美国佬,True,False
5297901450564973,1778630399,2026-05-12 23:59:59+08:00,5297882044563882,他是美国籍吗？为啥能在那待这么久不被遣返,2,4,1778654267138,浙江,5297901450564973,1835656233,胖墩儿和肉肉,m,https://m.weibo.cn/u/1835656233?launchid=10000360-page_H5,"https://tvax1.sinaimg.cn/crop.0.0.1080.1080.180/6d69e429ly8hd49eew44ij20u00u07bs.jpg?KID=imgbed,tva&Expires=1778665067&ssig=jtMN4W6XPC",search_comments_2026-05-13.csv,search_comment,他是美国籍吗为啥能在那待这么久不被遣返,True,False
5297884141456558,1778626272,2026-05-12 22:51:12+08:00,5297882044563882,蹭热点，他蹭过元宇宙，蹭过比特币，就蹭蹭不进去,0,13,1778654267150,上海,5297884141456558,7832826446,招商办李主任,m,https://m.weibo.cn/u/7832826446?launchid=10000360-page_H5,"https://tvax2.sinaimg.cn/crop.0.0.962.962.180/008y5JYqly8hd1eqemn6lj30qq0qqtbd.jpg?KID=imgbed,tva&Expires=1778665067&ssig=Pb6g2uESkA",search_comments_2026-05-13.csv,search_comment,蹭热点他蹭过元宇宙蹭过比特币就蹭蹭不进去,True,False
5297890655994245,1778627824,2026-05-12 23:17:04+08:00,5297882044563882,快和那位俞总结婚吧,0,7,1778654267161,上海,5297890655994245,5677255392,Beso_Grande,m,https://m.weibo.cn/u/5677255392?launchid=10000360-page_H5,"https://tvax1.sinaimg.cn/crop.0.0.512.512.180/006cdbtmly8frk6c875cqj30e80e8glu.jpg?KID=imgbed,tva&Expires=1778665067&ssig=BILH9tQt0r",search_comments_2026-05-13.csv,search_comment,快和那位俞总结婚吧,True,False
5298099527355543,1778677624,2026-05-13 13:07:04+08:00,5298051680045663,热度这么高,0,0,1778654273695,山东,5298099527355543,3915907869,徐风知贾意,m,https://m.weibo.cn/u/3915907869?launchid=10000360-page_H5,"https://tvax4.sinaimg.cn/crop.0.0.1080.1080.180/e968031dly8icb9b8bj8bj20u00u0dhn.jpg?KID=imgbed,tva&Expires=1778665073&ssig=PdUgmxeaU9",search_comments_2026-05-13.csv,search_comment,热度这么高,True,False
5298049703216340,1778665745,2026-05-13 09:49:05+08:00,5298049385760072,帽子哥太透彻了,0,4,1778654280122,河北,5298049703216340,7489925939,红了一年又一年,f,https://m.weibo.cn/u/7489925939?launchid=10000360-page_H5,"https://tvax3.sinaimg.cn/crop.0.0.640.640.180/008aSXT5ly8h1llaf8em0j30hs0hsmxa.jpg?KID=imgbed,tva&Expires=1778665080&ssig=pw37pfSAh4",search_comments_2026-05-13.csv,search_comment,帽子哥太透彻了,True,False
5298050458195308,1778665925,2026-05-13 09:52:05+08:00,5298049385760072,A股市场的一个现象：一旦某个热门概念被炒起来，就会有大量公司蹭热点、讲故事，哪怕业务毫无关联，股价也能被炒高，最后留下一地鸡毛。,1,7,1778654280134,浙江,5298050458195308,6621472977,孜孜不倦的Yuz,m,https://m.weibo.cn/u/6621472977?launchid=10000360-page_H5,"https://tvax2.sinaimg.cn/crop.0.0.1080.1080.180/007e71Bfly8i4o1ysl6o8j30u00u0q3z.jpg?KID=imgbed,tva&Expires=1778665080&ssig=UwkA%2FBo2Qi",search_comments_2026-05-13.csv,search_comment,A股市场的一个现象一旦某个热门概念被炒起来就会有大量公司蹭热点讲故事哪怕业务毫无关联股价也能被炒高最后留下一地鸡毛,True,False
5298050396588033,1778665910,2026-05-13 09:51:50+08:00,5298049385760072,怎么看最近的追觅啊,3,1,1778654280140,浙江,5298050396588033,1648434827,一个静阿,f,https://m.weibo.cn/u/1648434827?launchid=10000360-page_H5,"https://tvax3.sinaimg.cn/crop.0.0.1080.1080.180/62411e8bly8ha4o3ij3x8j20u00u043b.jpg?KID=imgbed,tva&Expires=1778665080&ssig=eEnOxSljXi",search_comments_2026-05-13.csv,search_comment,怎么看最近的追觅啊,True,False
5297779177953008,1778601247,2026-05-12 15:54:07+08:00,5297777789634886,社会性变差真的 最后永远只和好朋友有联系了,2,174,1778654307398,浙江,5297779177953008,7685437129,档瑟,f,https://m.weibo.cn/u/7685437129?launchid=10000360-page_H5,"https://tvax2.sinaimg.cn/crop.0.0.960.960.180/008o7jhnly8i15q7txjd6j30qo0qoabl.jpg?KID=imgbed,tva&Expires=1778665107&ssig=i%2FvdJkT5SD",search_comments_2026-05-13.csv,search_comment,社会性变差真的 最后永远只和好朋友有联系了,True,False
5298065716022273,1778669563,2026-05-13 10:52:43+08:00,5298045883254466,哪里能谈到,1,9,1778654313869,中国澳门,5298065716022273,1933501323,李昱熹cc,f,https://m.weibo.cn/u/1933501323?launchid=10000360-page_H5,"https://tva2.sinaimg.cn/crop.0.65.457.457.180/733ee38bjw8ealgfb893ej20cp0gcq3z.jpg?KID=imgbed,tva&Expires=1778665113&ssig=%2FsOr6BXGag",search_comments_2026-05-13.csv,search_comment,哪里能谈到,True,False
5298050090402917,1778665837,2026-05-13 09:50:37+08:00,5298045883254466,恋爱脑快复苏了我要去看碎尸案缓缓,0,18,1778654313882,广东,5298050090402917,5387405849,卤蛋有颗心,f,https://m.weibo.cn/u/5387405849?launchid=10000360-page_H5,"https://tvax4.sinaimg.cn/crop.0.0.1080.1080.180/005SB0mJly8ibusrl6pn5j30u00u00tr.jpg?KID=imgbed,tva&Expires=1778665113&ssig=uRto8T%2FK%2Fk",search_comments_2026-05-13.csv,search_comment,恋爱脑快复苏了我要去看碎尸案缓缓,True,False
5298115024257335,1778681318,2026-05-13 14:08:38+08:00,5298045883254466,我老公基本每条都做过，结婚十一年。,1,1,1778654313893,四川,5298115024257335,7612248698,猫猫的额娘,f,https://m.weibo.cn/u/7612248698?launchid=10000360-page_H5,"https://tvax2.sinaimg.cn/crop.0.0.1080.1080.180/008jadCOly8hjepowh9tgj30u00u00xo.jpg?KID=imgbed,tva&Expires=1778665113&ssig=%2BktFwpCWKf",search_comments_2026-05-13.csv,search_comment,我老公基本每条都做过结婚十一年,True,False
5298072075899785,1778671079,2026-05-13 11:17:59+08:00,5298071791731804,原来如此，喜欢一个人真的会失去自我掌控，赞👍。,6,5,1778654320360,湖南,5298072075899785,2655200212,Chinese董老,m,https://m.weibo.cn/u/2655200212?launchid=10000360-page_H5,"https://tva3.sinaimg.cn/crop.0.0.640.640.180/9e4323d4jw8eomd2u8zk6j20hs0htabm.jpg?KID=imgbed,tva&Expires=1778665120&ssig=MFORpn0007",search_comments_2026-05-13.csv,search_comment,原来如此喜欢一个人真的会失去自我掌控赞,True,False
5298072386535899,1778671153,2026-05-13 11:19:13+08:00,5298071791731804,没错，一旦心动，就情绪失控了,1,1,1778654320365,福建,5298072386535899,5829221928,爱吃碳水的芋头,f,https://m.weibo.cn/u/5829221928?launchid=10000360-page_H5,"https://tvax3.sinaimg.cn/crop.0.0.960.960.180/006muOUwly8i5edlnl0bmj30qo0qodjm.jpg?KID=imgbed,tva&Expires=1778665120&ssig=xw%2BDgFReQ%2B",search_comments_2026-05-13.csv,search_comment,没错一旦心动就情绪失控了,True,False
5298072166859506,1778671100,2026-05-13 11:18:20+08:00,5298071936175823,对喜欢的人都是很主动的,0,11,1778654326766,湖北,5298072166859506,5600658793,秃秃好好吃饭,m,https://m.weibo.cn/u/5600658793?launchid=10000360-page_H5,"https://tvax4.sinaimg.cn/crop.0.0.700.700.180/00671Nclly8icuzh5akzkj30jg0jg3zm.jpg?KID=imgbed,tva&Expires=1778665126&ssig=8Xw1gt9uod",search_comments_2026-05-13.csv,search_comment,对喜欢的人都是很主动的,True,False
5298072469114211,1778671173,2026-05-13 11:19:33+08:00,5298071936175823,对喜欢的人会没有原则,0,9,1778654326768,湖北,5298072469114211,7801327565,小栗愿,f,https://m.weibo.cn/u/7801327565?launchid=10000360-page_H5,"https://tvax3.sinaimg.cn/crop.0.0.1080.1080.180/008vXzFXly8icu9j97m6kj30u00u0q56.jpg?KID=imgbed,tva&Expires=1778665126&ssig=%2FyhmwD1qv9",search_comments_2026-05-13.csv,search_comment,对喜欢的人会没有原则,True,False
5298072909251380,1778671278,2026-05-13 11:21:18+08:00,5298071936175823,对于喜欢的人会更加温柔,0,6,1778654326771,湖北,5298072909251380,7493224404,时屿桜,f,https://m.weibo.cn/u/7493224404?launchid=10000360-page_H5,"https://tvax1.sinaimg.cn/crop.0.0.1080.1079.180/008b6NY8gy1ibd37xryldj30u00tzabk.jpg?KID=imgbed,tva&Expires=1778665126&ssig=DybwvoTtGl",search_comments_2026-05-13.csv,search_comment,对于喜欢的人会更加温柔,True,False
5298103689415248,1778678616,2026-05-13 13:23:36+08:00,5298087623133711,学会取悦自己，做自己就好！,0,1,1778654333303,湖北,5298103689415248,1561540907,小三子世界_sme,f,https://m.weibo.cn/u/1561540907?launchid=10000360-page_H5,"https://tvax1.sinaimg.cn/crop.0.0.1080.1080.180/5d13392bly8iacv7qzzizj20u00u0q7z.jpg?KID=imgbed,tva&Expires=1778665133&ssig=lqdGCz1PEH",search_comments_2026-05-13.csv,search_comment,学会取悦自己做自己就好,True,False
5298098559518711,1778677393,2026-05-13 13:03:13+08:00,5298087623133711,太喜欢别人了，就容易失去自我,0,1,1778654333315,辽宁,5298098559518711,2268876582,未棉叶,f,https://m.weibo.cn/u/2268876582?launchid=10000360-page_H5,"https://tvax3.sinaimg.cn/crop.0.0.1080.1080.180/873c4f26ly8ibs4uk0wxgj20u00u0dln.jpg?KID=imgbed,tva&Expires=1778665133&ssig=ynvyrKDkUF",search_comments_2026-05-13.csv,search_comment,太喜欢别人了就容易失去自我,True,False
5298097234120370,1778677077,2026-05-13 12:57:57+08:00,5298087623133711,喜欢是自己的事情，无需证明！,0,1,1778654333323,山东,5298097234120370,2155121557,躺平大赛种子选手,f,https://m.weibo.cn/u/2155121557?launchid=10000360-page_H5,"https://tvax2.sinaimg.cn/crop.0.0.1080.1080.180/80748b95ly8ib8w006koej20u00u041a.jpg?KID=imgbed,tva&Expires=1778665133&ssig=8nPjv5b810",search_comments_2026-05-13.csv,search_comment,喜欢是自己的事情无需证明,True,False
5298080484166278,1778673084,2026-05-13 11:51:24+08:00,5298080224383455,你觉得是这样的吗？,2,6,1778654339852,北京,5298080484166278,2654147670,观众说车,m,https://m.weibo.cn/u/2654147670?launchid=10000360-page_H5,"https://tvax1.sinaimg.cn/crop.0.0.457.457.180/9e331456ly8hn8eju0rh1j20cp0cpmxa.jpg?KID=imgbed,tva&Expires=1778665139&ssig=lrJDIig0ms",search_comments_2026-05-13.csv,search_comment,你觉得是这样的吗,True,False
5298082604386422,1778673589,2026-05-13 11:59:49+08:00,5298080224383455,说得太对了…,0,3,1778654339861,北京,5298082604386422,7807222974,首选男主,m,https://m.weibo.cn/u/7807222974?launchid=10000360-page_H5,"https://tvax4.sinaimg.cn/crop.0.0.1080.1080.180/008wmjlcly8icwjtey7jqj30u00u03zv.jpg?KID=imgbed,tva&Expires=1778665139&ssig=LpVetlGGOu",search_comments_2026-05-13.csv,search_comment,说得太对了,True,False
5298081995163514,1778673444,2026-05-13 11:57:24+08:00,5298080224383455,爱是常觉亏欠 不爱是常觉亏本,0,5,1778654339872,北京,5298081995163514,7985245586,江苏一枝花Ning,f,https://m.weibo.cn/u/7985245586?launchid=10000360-page_H5,"https://tvax3.sinaimg.cn/crop.0.0.852.852.180/008Iph9Ely8i7kf6wzj65j30no0nowg5.jpg?KID=imgbed,tva&Expires=1778665139&ssig=A8%2BKNwCAeO",search_comments_2026-05-13.csv,search_comment,爱是常觉亏欠 不爱是常觉亏本,True,False
5298112809666764,1778680791,2026-05-13 13:59:51+08:00,5298112505579912,给他花钱 给他花时间 给他陪伴 这就是爱,1,0,1778654346386,江西,5298112809666764,7717412181,sky_灯下的我仰望星空,f,https://m.weibo.cn/u/7717412181?launchid=10000360-page_H5,"https://tvax4.sinaimg.cn/crop.0.0.1058.1058.180/008qhts1ly8i901rerd9zj30te0teq4n.jpg?KID=imgbed,tva&Expires=1778665146&ssig=1b1ykHM%2B6L",search_comments_2026-05-13.csv,search_comment,给他花钱 给他花时间 给他陪伴 这就是爱,True,False
5298075495042086,1778671894,2026-05-13 11:31:34+08:00,5298074593264363,是花爸会对饭大做的事也是饭大会对花花做的事,0,1,1778654352835,广东,5298075495042086,2231906424,终南无雨,f,https://m.weibo.cn/u/2231906424?launchid=10000360-page_H5,"https://tvax1.sinaimg.cn/crop.0.0.996.996.180/85083078ly8fevrf2xsftj20ro0ro43t.jpg?KID=imgbed,tva&Expires=1778665152&ssig=jcznk6uz3C",search_comments_2026-05-13.csv,search_comment,是花爸会对饭大做的事也是饭大会对花花做的事,True,False
