note_id,content,create_time,create_date_time,liked_count,comments_count,shared_count,last_modify_ts,note_url,ip_location,user_id,nickname,gender,profile_url,avatar,source_keyword,source_file,data_type,ad_filter_reason,cleaned_content,is_meaningful,is_duplicate,all_comments,Topic
5299894231238943,#柳州医院现状#这次柳州5.2级地震伤亡较重，和凌晨发生、震源仅8公里、当地老旧自建房抗震弱都有关系。目前医院秩序平稳，送医的4人暂无生命危险，救援和善后工作正在全力推进，愿伤亡不再扩大 玫瑰泠的微博视频 ,1779105515,2026-05-18 11:58:35+08:00,67,10,0,1779077141594,https://m.weibo.cn/detail/5299894231238943,青海,7813950653,玫瑰泠,f,https://m.weibo.cn/u/7813950653?launchid=10000360-page_H5,"https://tvax1.sinaimg.cn/crop.0.0.1080.1080.180/008wOxw9ly8id7goh50xnj30u00u077o.jpg?KID=imgbed,tva&Expires=1779087924&ssig=8Bi2T0737c",柳州医院现状,search_contents_2026-05-18.csv,search_post,,这次柳州52级地震伤亡较重和凌晨发生震源仅8公里当地老旧自建房抗震弱都有关系目前医院秩序平稳送医的4人暂无生命危险救援和善后工作正在全力推进愿伤亡不再扩大 玫瑰泠的微博视频 ,True,False,医院肯定忙疯了吧 || 震源8公里凌晨的地震每一秒都是煎熬 || 一定要平安健康呀,1
5299892142735883,#柳州医院现状#柳州突发5.2级地震，好在当地医院整体秩序还算平稳，没受太大冲击。医院也意识到要做好余震防护，这点特别关键。现在具体伤员情况、接诊数据还没细化公布，能理解灾后需要慢慢梳理。希望后续余震别再来，医护坚守在岗，大家都平平安安，灾情影响尽量降到最低。 ,1779105017,2026-05-18 11:50:17+08:00,13,0,0,1779077141599,https://m.weibo.cn/detail/5299892142735883,内蒙古,2458493405,追着知识兔兔跑,f,https://m.weibo.cn/u/2458493405?launchid=10000360-page_H5,"https://tvax4.sinaimg.cn/crop.0.0.1080.1079.180/9289a1ddly1i6y1t1h6p5j20u00tztce.jpg?KID=imgbed,tva&Expires=1779087924&ssig=JU2fvdS5bB",柳州医院现状,search_contents_2026-05-18.csv,search_post,,柳州突发52级地震好在当地医院整体秩序还算平稳没受太大冲击医院也意识到要做好余震防护这点特别关键现在具体伤员情况接诊数据还没细化公布能理解灾后需要慢慢梳理希望后续余震别再来医护坚守在岗大家都平平安安灾情影响尽量降到最低 ,True,False,,1
5299891106481464,#柳州医院现状##柳州医院现状# 5月18日凌晨柳州突发5.2级地震，震源较浅冲击力较强。当地各大主力医院秩序井然运转平稳，第一时间全力投入伤员救治工作，妥善收治受灾群众。此次灾害多为老旧自建房受损严重，合规正规医院建筑受损较轻。天灾无情，大家务必注意自身安全，平安顺遂❤️ ,1779104770,2026-05-18 11:46:10+08:00,18,0,0,1779077141603,https://m.weibo.cn/detail/5299891106481464,天津,6714325798,奶糖追剧号,f,https://m.weibo.cn/u/6714325798?launchid=10000360-page_H5,"https://tvax1.sinaimg.cn/crop.0.0.1080.1080.180/007koCRoly8i97v476286j30u00u0wir.jpg?KID=imgbed,tva&Expires=1779087924&ssig=oB6LENUF%2Bf",柳州医院现状,search_contents_2026-05-18.csv,search_post,, 5月18日凌晨柳州突发52级地震震源较浅冲击力较强当地各大主力医院秩序井然运转平稳第一时间全力投入伤员救治工作妥善收治受灾群众此次灾害多为老旧自建房受损严重合规正规医院建筑受损较轻天灾无情大家务必注意自身安全平安顺遂 ,True,False,,1
5299885072713125,【#专家回应柳州地震原因#】#柳州医院现状#5月18日0时21分，广西柳州市柳南区发生5.2级地震，震源深度八千米。记者从柳州市相关部门了解到，地震已致2人死亡，1人失联。另据当地媒体报道，广西壮族自治区地震局高级工程师谭劲先介绍，柳州洛满镇、太阳村镇等地城镇自建房有8栋房屋倒塌，另外还有一些农村的房子也有倒塌，初步统计大概有14栋房屋倒塌，已救出3名被困群众。柳州为何会发生5.2级地震？5.2级地震为何导致自建房倒塌和人员伤亡？山东省防震减灾科学传播师孟元库向极目新闻记者分析，广西位于华南地块内部，远离全球主要地震带，但区域内存在中小型断裂带，具备中等地震构造背景。该地震带是由于印度板块和亚欧板块相互碰撞的远程应力作用产生的。由于广西处于华南板块，一般相对稳定，产生地震多是中小型地震，造成“广西不怎么地震”的印象。实际上，柳州发生5.2级地震之前，也多次发生3级地震。孟元库介绍，5.2级地震属于中强震（破坏性地震），市民可能有明显震感，比如此次地震有很多市民表示体感强烈。该强度的地震通常会造成一定程度的破坏，但一般不会导致大规模房屋倒塌或重大人员伤亡。这次地震之所以造成房屋倒塌、人员遇难，一方面是由于此次地震的震源深度浅，仅有8公里，地震能量衰减相对较弱，造成地震烈度大。另一方面，是由于本次地震震中可能处于人员密集处，且发生地点房屋抗震能力差。部分老旧或未按抗震标准建造的房屋可能出现墙体开裂、屋顶瓦片掉落、门窗变形等损坏；现代抗震建筑通常仅受轻微影响。孟元库分析，未来或不会发生5级以上地震，当地地处的板块不具备发生8级以上巨大地震的构造条件。广西壮族自治区地震局官网记录了近年来广西有记录的5级地震：2019年10月12日22时55分，广西玉林市北流市（北纬22.18度，东经110.51度）发生5.2级地震，震源深度10公里，未造成人员伤亡报告；2019年11月25日，广西百色市靖西市附近，发生5.2级地震，震源深度10.0千米。#柳州地震致一对夫妻遇难#（极目新闻）极目新闻的微博视频,1779103331,2026-05-18 11:22:11+08:00,91,8,15,1779077141607,https://m.weibo.cn/detail/5299885072713125,,2028810631,新浪新闻,m,https://m.weibo.cn/u/2028810631?luicode=20000061&lfid=5299885072713125&launchid=10000360-page_H5,"https://tvax4.sinaimg.cn/crop.0.0.799.799.180/002diGk7ly8h8vg36oqidj60m70m7mxs02.jpg?KID=imgbed,tva&Expires=1779087925&ssig=xY8TKFzLOK",柳州医院现状,search_contents_2026-05-18.csv,search_post,,5月18日0时21分广西柳州市柳南区发生52级地震震源深度八千米记者从柳州市相关部门了解到地震已致2人死亡1人失联另据当地媒体报道广西壮族自治区地震局高级工程师谭劲先介绍柳州洛满镇太阳村镇等地城镇自建房有8栋房屋倒塌另外还有一些农村的房子也有倒塌初步统计大概有14栋房屋倒塌已救出3名被困群众柳州为何会发生52级地震52级地震为何导致自建房倒塌和人员伤亡山东省防震减灾科学传播师孟元库向极目新闻记者分析广西位于华南地块内部远离全球主要地震带但区域内存在中小型断裂带具备中等地震构造背景该地震带是由于印度板块和亚欧板块相互碰撞的远程应力作用产生的由于广西处于华南板块一般相对稳定产生地震多是中小型地震造成广西不怎么地震的印象实际上柳州发生52级地震之前也多次发生3级地震孟元库介绍52级地震属于中强震破坏性地震市民可能有明显震感比如此次地震有很多市民表示体感强烈该强度的地震通常会造成一定程度的破坏但一般不会导致大规模房屋倒塌或重大人员伤亡这次地震之所以造成房屋倒塌人员遇难一方面是由于此次地震的震源深度浅仅有8公里地震能量衰减相对较弱造成地震烈度大另一方面是由于本次地震震中可能处于人员密集处且发生地点房屋抗震能力差部分老旧或未按抗震标准建造的房屋可能出现墙体开裂屋顶瓦片掉落门窗变形等损坏现代抗震建筑通常仅受轻微影响孟元库分析未来或不会发生5级以上地震当地地处的板块不具备发生8级以上巨大地震的构造条件广西壮族自治区地震局官网记录了近年来广西有记录的5级地震2019年10月12日22时55分广西玉林市北流市北纬2218度东经11051度发生52级地震震源深度10公里未造成人员伤亡报告2019年11月25日广西百色市靖西市附近发生52级地震震源深度100千米极目新闻极目新闻的微博视频,True,False,The poor constructionand the use of some cheap materials are the main reason for the Death and destruction from an earhquake of magnitude 5 || 52级的地震房子就塌了,1
5299885323585964,【#柳州地震最后一名被困人员获救#】记者从柳州市抗震救灾指挥部获悉，截至5月18日11时10分，救援队伍在柳南区太阳村镇太阳村社区受灾现场搜救出最后1名被困人员，经医务人员确定，生命体征平稳，已送医院救治。 #广西柳州地震已致2人死亡##柳州地震致一对夫妻遇难#（央视新闻） #柳州医院现状#,1779103391,2026-05-18 11:23:11+08:00,12,2,6,1779077141610,https://m.weibo.cn/detail/5299885323585964,,1751714412,大皖新闻,m,https://m.weibo.cn/u/1751714412?luicode=20000061&lfid=5299885323585964&launchid=10000360-page_H5,"https://tvax4.sinaimg.cn/crop.0.0.600.600.180/001Uy0Wgly8ia2ykszcvbj60go0got9n02.jpg?KID=imgbed,tva&Expires=1779087928&ssig=KYSHntDAuF",柳州医院现状,search_contents_2026-05-18.csv,search_post,,记者从柳州市抗震救灾指挥部获悉截至5月18日11时10分救援队伍在柳南区太阳村镇太阳村社区受灾现场搜救出最后1名被困人员经医务人员确定生命体征平稳已送医院救治 央视新闻 ,True,False,,1
5299876977442898,#柳州地震柴犬叫醒主人救全家#【#柳州地震前40秒狗狗吠叫预警救全家#】5月18日00时21分，在广西柳州市柳南区发生5.2级地震。在此前后共发生5次2.2至3.2级地震。目前地震已致2人死亡，1人失联。#柳州医院现状#在地震发生前，一只柴犬在手机预警前40秒狂吠叫醒主人，一家人抓紧黄金时间，短短20秒迅速撤离至安全地带。截至5月18日04时，房屋倒塌13栋，送医4人（均无生命危险），转移群众7000余人。震区通信、供电、供水、供气、交通道路等处于正常运行状态。 #广西柳州地震已致2人死亡# #柳州地震致一对夫妻遇难#（大河报）大河报的微博视频,1779101400,2026-05-18 10:50:00+08:00,26,3,5,1779077141612,https://m.weibo.cn/detail/5299876977442898,,1751714412,大皖新闻,m,https://m.weibo.cn/u/1751714412?luicode=20000061&lfid=5299876977442898&launchid=10000360-page_H5,"https://tvax4.sinaimg.cn/crop.0.0.600.600.180/001Uy0Wgly8ia2ykszcvbj60go0got9n02.jpg?KID=imgbed,tva&Expires=1779087931&ssig=sJN%2B5CSu6t",柳州医院现状,search_contents_2026-05-18.csv,search_post,,5月18日00时21分在广西柳州市柳南区发生52级地震在此前后共发生5次22至32级地震目前地震已致2人死亡1人失联在地震发生前一只柴犬在手机预警前40秒狂吠叫醒主人一家人抓紧黄金时间短短20秒迅速撤离至安全地带截至5月18日04时房屋倒塌13栋送医4人均无生命危险转移群众7000余人震区通信供电供水供气交通道路等处于正常运行状态  大河报大河报的微博视频,True,False,汪汪队立大功,1
5299895627943092,【#柳州医院现状#】5月18日0时21分，广西柳州市柳南区发生5.2级地震。记者联系到位于柳南区的柳州市工人医院总院，就目前医院就诊、值守秩序是否平稳进行了了解。医院工作人员回应称，地震“没有太大的影响”。当被问及是否对余震采取了特殊保障措施时，医院工作人员表示“应该是需要的”。关于具体接诊人数、地震伤员受伤类型等信息，工作人员表示需等后续明确答复。#广西柳州地震已致2人死亡##柳州地震致一对夫妻遇难#（大河报）大河报的微博视频,1779105848,2026-05-18 12:04:08+08:00,0,0,0,1779077141614,https://m.weibo.cn/detail/5299895627943092,,2118120483,青岛日报,m,https://m.weibo.cn/u/2118120483?luicode=20000061&lfid=5299895627943092&launchid=10000360-page_H5,"https://tvax1.sinaimg.cn/crop.0.0.160.160.180/7e3ff423ly8h8vgqkjzgvj204g04gjr8.jpg?KID=imgbed,tva&Expires=1779087935&ssig=Bbrxh4uIyc",柳州医院现状,search_contents_2026-05-18.csv,search_post,,5月18日0时21分广西柳州市柳南区发生52级地震记者联系到位于柳南区的柳州市工人医院总院就目前医院就诊值守秩序是否平稳进行了了解医院工作人员回应称地震没有太大的影响当被问及是否对余震采取了特殊保障措施时医院工作人员表示应该是需要的关于具体接诊人数地震伤员受伤类型等信息工作人员表示需等后续明确答复大河报大河报的微博视频,True,False,,1
5299886249478388,#曝蒋毅婚后私信女网友#小时候老爱看蒋毅和赵樱子的剧因为爱情有多美，不过在剧里好像就是陈笑飞cg林多美呀，现在都祛魅了好吧，前面蒋毅有妻女还和赵樱子亲密互动，现在又爆出sx网友，一波接一波 ,1779103612,2026-05-18 11:26:52+08:00,117,14,0,1779077229507,https://m.weibo.cn/detail/5299886249478388,广东,7911323078,千树春笺,m,https://m.weibo.cn/u/7911323078?launchid=10000360-page_H5,"https://tvax4.sinaimg.cn/crop.0.0.1080.1080.180/008Dp6x8ly8ic1qk5en59j30u00u0jv1.jpg?KID=imgbed,tva&Expires=1779088025&ssig=b3mGoWaZNw",曝蒋毅婚后私信女网友,search_contents_2026-05-18.csv,search_post,,小时候老爱看蒋毅和赵樱子的剧因为爱情有多美不过在剧里好像就是陈笑飞cg林多美呀现在都祛魅了好吧前面蒋毅有妻女还和赵樱子亲密互动现在又爆出sx网友一波接一波 ,True,False,感觉火不起来是有原因的呀 || 这人真的品行不端 || 这到底真的假的啊,0
5299891207407127,#曝蒋毅婚后私信女网友#不知道是私信了多少人，这也太离谱了，现任妻子真的很惨，才刚给他生了宝宝呢，笑飞也是把剧里的情节用到现实了！ ,1779104794,2026-05-18 11:46:34+08:00,46,18,0,1779077229511,https://m.weibo.cn/detail/5299891207407127,四川,3964811778,纯示,f,https://m.weibo.cn/u/3964811778?launchid=10000360-page_H5,"https://tvax3.sinaimg.cn/crop.0.0.1080.1080.180/ec523a02ly8id7ij1lbm6j20u00u0wgk.jpg?KID=imgbed,tva&Expires=1779088025&ssig=OK1DD0hBGJ",曝蒋毅婚后私信女网友,search_contents_2026-05-18.csv,search_post,,不知道是了多少人这也太离谱了现任妻子真的很惨才刚给他生了宝宝呢笑飞也是把剧里的情节用到现实了 ,True,False,你们看过他演的剧吗 || 怎么能这样呢都结婚了 || 我天这是真的还是假的,0
5299885351900519,#曝蒋毅婚后私信女网友#真的假的啊我去最近怎么他出来的这么多看看后续怎么样如果是真的也挺无语的了 ,1779103398,2026-05-18 11:23:18+08:00,90,16,0,1779077229515,https://m.weibo.cn/detail/5299885351900519,山东,7484789926,江晚月畔,f,https://m.weibo.cn/u/7484789926?launchid=10000360-page_H5,"https://tvax2.sinaimg.cn/crop.0.0.1080.1080.180/008axpMaly8id8q9aa4fhj30u00u0go5.jpg?KID=imgbed,tva&Expires=1779088025&ssig=%2FSap6RKFI4",曝蒋毅婚后私信女网友,search_contents_2026-05-18.csv,search_post,,真的假的啊我去最近怎么他出来的这么多看看后续怎么样如果是真的也挺无语的了 ,True,False,你们觉得是真的吗 || 真的假的等后续 || 不信谣不传谣,0
5299893293549358,#曝蒋毅婚后私信女网友#有女生爆料说蒋毅曾私信过她我的妈呀……这蒋毅很难评啊 一波接一波的 他妻子真的很无辜吧 ,1779105291,2026-05-18 11:54:51+08:00,37,9,0,1779077229519,https://m.weibo.cn/detail/5299893293549358,河北,7479241593,阿赵的lover,f,https://m.weibo.cn/u/7479241593?launchid=10000360-page_H5,"https://tvax1.sinaimg.cn/crop.0.0.1080.1080.180/008aa8oVly8icmtqn4rtnj30u00u0goe.jpg?KID=imgbed,tva&Expires=1779088025&ssig=uoguciABcM",曝蒋毅婚后私信女网友,search_contents_2026-05-18.csv,search_post,,有女生爆料说蒋毅曾过她我的妈呀这蒋毅很难评啊 一波接一波的 他妻子真的很无辜吧 ,True,False,你们相信蒋毅吗 || 我天妻子好无辜啊 || 真的吗天呐这真的很难评,0
5299883163521040,#曝蒋毅婚后私信女网友#这是剧情照进现实了吗？曾经的赵韩樱子那一滴泪是多少人的白月光啊，现在的赵樱子说没法复刻当年的剧情了，剧里剧外应该不一样的吧#微博二创视频创作季# 561妙奇星语的微博视频 ,1779102876,2026-05-18 11:14:36+08:00,77,17,1,1779077229521,https://m.weibo.cn/detail/5299883163521040,北京,3962257622,561妙奇星语,f,https://m.weibo.cn/u/3962257622?launchid=10000360-page_H5,"https://tvax3.sinaimg.cn/crop.0.0.1080.1080.180/ec2b40d6ly8i8bry9k3rnj20u00u040p.jpg?KID=imgbed,tva&Expires=1779088025&ssig=HveXRDyAIW",曝蒋毅婚后私信女网友,search_contents_2026-05-18.csv,search_post,,这是剧情照进现实了吗曾经的赵韩樱子那一滴泪是多少人的白月光啊现在的赵樱子说没法复刻当年的剧情了剧里剧外应该不一样的吧 561妙奇星语的微博视频 ,True,False,上热搜了如愿了 || 当年真的白月光 || 这过分了吧,0
5299896313185710,#曝蒋毅婚后私信女网友#我的妈呀 曝蒋毅婚后私信女网友 ,1779106011,2026-05-18 12:06:51+08:00,0,0,0,1779077229524,https://m.weibo.cn/detail/5299896313185710,上海,7957184189,希猫物语,f,https://m.weibo.cn/u/7957184189?launchid=10000360-page_H5,"https://tvax1.sinaimg.cn/crop.0.0.1080.1080.180/008Gvx6tly8id67887736j30u00u0my6.jpg?KID=imgbed,tva&Expires=1779088025&ssig=UCGs%2FJnlFo",曝蒋毅婚后私信女网友,search_contents_2026-05-18.csv,search_post,,我的妈呀 曝蒋毅婚后女网友 ,True,False,,0
5299896047636626,#曝蒋毅婚后私信女网友#网友曝蒋毅去年在已婚的情况下曾私信过自己甚至长得有点像，果然男人喜欢的都是一个类型的蒋毅老婆说目前还没有离婚，两人育有一女，后续的婚姻具体状况会跟关心的亲朋好友说明的如果这爆料是真的，蒋毅你陈笑飞啊 ,1779105948,2026-05-18 12:05:48+08:00,0,0,0,1779077229525,https://m.weibo.cn/detail/5299896047636626,安徽,7885618374,Poppy不happy,f,https://m.weibo.cn/u/7885618374?launchid=10000360-page_H5,"https://tvax2.sinaimg.cn/crop.0.25.1028.1028.180/008BFfz8ly8id4ymo4ljhj30sk0tzwh3.jpg?KID=imgbed,tva&Expires=1779088025&ssig=nCAnLZh6Zr",曝蒋毅婚后私信女网友,search_contents_2026-05-18.csv,search_post,,网友曝蒋毅去年在已婚的情况下曾过自己甚至长得有点像果然男人喜欢的都是一个类型的蒋毅老婆说目前还没有离婚两人育有一女后续的婚姻具体状况会跟关心的亲朋好友说明的如果这爆料是真的蒋毅你陈笑飞啊 ,True,False,,0
5299895570532811,#曝蒋毅婚后私信女网友#我对他的印象还停留在陈笑飞…… ,1779105834,2026-05-18 12:03:54+08:00,0,0,0,1779077229526,https://m.weibo.cn/detail/5299895570532811,黑龙江,6486696106,祝你永远闪耀2711,f,https://m.weibo.cn/u/6486696106?launchid=10000360-page_H5,"https://tvax4.sinaimg.cn/crop.0.0.1080.1080.180/0074ZvYKly8id1pa56gayj30u00u0wg5.jpg?KID=imgbed,tva&Expires=1779088025&ssig=35mBdU08VN",曝蒋毅婚后私信女网友,search_contents_2026-05-18.csv,search_post,,我对他的印象还停留在陈笑飞 ,True,False,,0
5299846263341679,谁懂姜乘澜这个丸子头教程 饱满好看焊在头上一天也不掉！ 写一封信的微博视频 ,1779094078,2026-05-18 08:47:58+08:00,5177,134,644,1779077317529,https://m.weibo.cn/detail/5299846263341679,广东,1763597487,写一封信,m,https://m.weibo.cn/u/1763597487?launchid=10000360-page_H5,"https://tvax1.sinaimg.cn/crop.0.0.512.512.180/691e5cafly8h31p76k62vj20e80e874n.jpg?KID=imgbed,tva&Expires=1779088113&ssig=R8SPQdqMAy",谁懂姜乘澜这个丸子头教程,search_contents_2026-05-18.csv,search_post,,谁懂姜乘澜这个丸子头教程 饱满好看焊在头上一天也不掉 写一封信的微博视频 ,True,False,头发没这么长的怎么整 || 丸子头教程赶紧学起来 || 好看非常喜欢,0
5299211666982617,根据发质选择妆容！放大个人独有魅力小小的感悟随口唠唠 聊天局~#专业视频创作季##微博视频号迎新计划# 姜乘澜的微博视频 ,1778942779,2026-05-16 14:46:19+08:00,5969,347,199,1779077317534,https://m.weibo.cn/detail/5299211666982617,上海,6174824046,姜乘澜,f,https://m.weibo.cn/u/6174824046?launchid=10000360-page_H5,"https://tvax3.sinaimg.cn/crop.0.0.1080.1080.180/006JSVOely8id8wga7hv0j30u00u0jw8.jpg?KID=imgbed,tva&Expires=1779088113&ssig=3d3rMLphWB",谁懂姜乘澜这个丸子头教程,search_contents_2026-05-18.csv,search_post,,根据发质选择妆容放大个人独有魅力小小的感悟随口唠唠 聊天局 姜乘澜的微博视频 ,True,False,歪个话题姐姐这个嘴好好看涂的什么 || 我喜欢那种清冷温柔的感觉但是我觉得我本人又是那种比较活泼搞笑类型的有点互相矛盾了 || 想问单眼皮怎么画眼妆呢,0
5299888587277097,#谁懂姜乘澜这个丸子头教程#丸子头的4⃣️种扎法😻扁头看这一篇就够啦！扁头细软塌有福啦#发型教程##一分钟精选视频扶持计划# 枫眠雪86的微博视频 ,1779104169,2026-05-18 11:36:09+08:00,72,6,0,1779077317538,https://m.weibo.cn/detail/5299888587277097,山东,5096284073,枫眠雪86,f,https://m.weibo.cn/u/5096284073?launchid=10000360-page_H5,"https://tvax1.sinaimg.cn/crop.0.0.1080.1080.180/005yTuidly8i5kki4bf43j30u00u00uw.jpg?KID=imgbed,tva&Expires=1779088113&ssig=PW8HHM4Mr1",谁懂姜乘澜这个丸子头教程,search_contents_2026-05-18.csv,search_post,,丸子头的4种扎法扁头看这一篇就够啦扁头细软塌有福啦 枫眠雪86的微博视频 ,True,False,我是看会了后续还得再练练 || 好细致的教学 || 看了你的教程我扁头终于有救了那个后脑勺弧度太绝了,0
5299815027836546,#谁懂姜乘澜这个丸子头教程#谁还没刷到姜乘澜的丸子头！简单好上手，蓬松显颅顶高，慵懒又显脸小，手残党也能轻松拿捏，氛围感直接拉满。 ,1779086631,2026-05-18 06:43:51+08:00,68,2,1,1779077317541,https://m.weibo.cn/detail/5299815027836546,天津,6890922766,银子堆成山,f,https://m.weibo.cn/u/6890922766?launchid=10000360-page_H5,"https://tvax4.sinaimg.cn/crop.0.0.1080.1080.180/007wlBNAly8icyckfkgz2j30u00u0dj1.jpg?KID=imgbed,tva&Expires=1779088113&ssig=nRpErBc8cV",谁懂姜乘澜这个丸子头教程,search_contents_2026-05-18.csv,search_post,,谁还没刷到姜乘澜的丸子头简单好上手蓬松显颅顶高慵懒又显脸小手残党也能轻松拿捏氛围感直接拉满 ,True,False,姜乘澜的丸子头真的太迷人了轻松get瞬间提升气质让人一见倾心,0
5299297432376292,#姜乘澜给化妆新手的8条建议#谁懂姜乘澜这个丸子头教程，简直了看了两遍就会了。 吟溪孰与译_的微博视频 ,1778963227,2026-05-16 20:27:07+08:00,4561,61,440,1779077317545,https://m.weibo.cn/detail/5299297432376292,浙江,7222147404,吟溪孰与译_,m,https://m.weibo.cn/u/7222147404?launchid=10000360-page_H5,"https://tvax3.sinaimg.cn/crop.0.0.480.480.180/007SLossly8i4rqxjhmptj30dc0dcgm7.jpg?KID=imgbed,tva&Expires=1779088113&ssig=IGNij1zLDJ",谁懂姜乘澜这个丸子头教程,search_contents_2026-05-18.csv,search_post,,谁懂姜乘澜这个丸子头教程简直了看了两遍就会了 吟溪孰与译_的微博视频 ,True,False,你们觉得这个教程好用吗 || 总结一下视频内容 || 一看就会一学就废确实好看,0
5299822601175995,姜乘澜的丸子头确实好看可我没有那样的发量和长度呀细软炸毛星人还是更适合这个又快又方便又自然的丸子头～#谁懂姜乘澜这个丸子头教程# 非常讲感觉的微博视频 ,1779088437,2026-05-18 07:13:57+08:00,38,0,0,1779077317547,https://m.weibo.cn/detail/5299822601175995,安徽,7739364568,非常讲感觉,f,https://m.weibo.cn/u/7739364568?launchid=10000360-page_H5,"https://tvax2.sinaimg.cn/crop.0.0.652.652.180/008rLAgMly8ibq4rts2foj30i40i4q43.jpg?KID=imgbed,tva&Expires=1779088113&ssig=euWsx0tp%2Br",谁懂姜乘澜这个丸子头教程,search_contents_2026-05-18.csv,search_post,,姜乘澜的丸子头确实好看可我没有那样的发量和长度呀细软炸毛星人还是更适合这个又快又方便又自然的丸子头 非常讲感觉的微博视频 ,True,False,,0
5299896048944784,#谁懂姜乘澜这个丸子头教程#诶！这个我怎么记得我上高中的时候学过呢 ,1779105948,2026-05-18 12:05:48+08:00,0,0,0,1779077317550,https://m.weibo.cn/detail/5299896048944784,辽宁,7932847472,阿源0723,f,https://m.weibo.cn/u/7932847472?launchid=10000360-page_H5,"https://tvax1.sinaimg.cn/crop.0.0.1080.1080.180/008ERq0Mly8hx4hghi8ryj30u00u0jvv.jpg?KID=imgbed,tva&Expires=1779088113&ssig=jux9r9HNg3",谁懂姜乘澜这个丸子头教程,search_contents_2026-05-18.csv,search_post,,诶这个我怎么记得我上高中的时候学过呢 ,True,False,,0
5299859984749032,周一啦我儿的入园打卡演我后面保安的的钢叉毫无违和地放他头上#谁懂姜乘澜这个丸子头教程#眼睛会了，等下让手试试  谁懂姜乘澜这个丸子头教程 ,1779097350,2026-05-18 09:42:30+08:00,19,7,0,1779077317551,https://m.weibo.cn/detail/5299859984749032,福建,2621854160,风吹走了大胖,f,https://m.weibo.cn/u/2621854160?launchid=10000360-page_H5,"https://tvax1.sinaimg.cn/crop.0.81.1080.1080.180/9c4651d0ly8i6nrr9c8wuj20u00yjwkk.jpg?KID=imgbed,tva&Expires=1779088113&ssig=Qv5zna8Tjx",谁懂姜乘澜这个丸子头教程,search_contents_2026-05-18.csv,search_post,,周一啦我儿的入园打卡演我后面保安的的钢叉毫无违和地放他头上眼睛会了等下让手试试  谁懂姜乘澜这个丸子头教程 ,True,False,这头烫的也不精神啊 || 恒哥也演我 || 生无可恋JPG,0
5299238767952205,主动性强到不活在他人眼里 ,1778949240,2026-05-16 16:34:00+08:00,1421,33,278,1779077405148,https://m.weibo.cn/detail/5299238767952205,浙江,5974461535,人间吐司,f,https://m.weibo.cn/u/5974461535?launchid=10000360-page_H5,"https://tvax1.sinaimg.cn/crop.0.0.960.960.180/006wkemPly8hsg0mftsa2j30qo0qogpi.jpg?KID=imgbed,tva&Expires=1779088191&ssig=RpOOnR1wgr",主动性强到不活在他人眼里,search_contents_2026-05-18.csv,search_post,,主动性强到不活在他人眼里 ,True,False,被人喜欢讨厌甚至无视 都很正常吧 || 人家是成功以后说的 || 马斯克知道自己说过这句话吗,0
5299892180487920,#主动性强到不活在他人眼里#我经常和我来访讲的一句话，你连被讨厌的勇气都没有，凭什么要人高看你一眼？在我的咨询室里，见过太多各方面都很优秀的女性，一进感情就变成了卑微的“乙方”对方一个冷淡的眼神，她就能内耗得整夜失眠，反复反思自己是不是做错了什么这种敏感，本质上是把自我的“定义权”拱手相让真正高主体性的人，活得像个绝对的“甲方”他们内心有一套坚不可摧的内部评价体系，你的看法是你的课题，与我无关这种硬核的屏蔽力，非但不是冷漠，反而会形成一种致命的魅力在两性博弈中，那些老子随时输得起、也随时走得掉的人，永远最掌握主动权委曲求全换不来尊重，唯有你自我的完整，才是关系的解药这一生不过是场体验，别人只是NPC，别让他们当了你剧本的主角你在两性关系里，最常在哪个节点上忍不住去迎合对方，弄丢了自己的主体性？,1779105026,2026-05-18 11:50:26+08:00,145,22,10,1779077405150,https://m.weibo.cn/detail/5299892180487920,浙江,2703597591,晓生,m,https://m.weibo.cn/u/2703597591?luicode=20000061&lfid=5299892180487920&launchid=10000360-page_H5,"https://tvax1.sinaimg.cn/crop.0.0.1080.1080.180/a125a017ly8id8jfiwwrej20u00u0gmn.jpg?KID=imgbed,tva&Expires=1779088192&ssig=2CKlVZeKn7",主动性强到不活在他人眼里,search_contents_2026-05-18.csv,search_post,,我经常和我来访讲的一句话你连被讨厌的勇气都没有凭什么要人高看你一眼在我的咨询室里见过太多各方面都很优秀的女性一进感情就变成了卑微的乙方对方一个冷淡的眼神她就能内耗得整夜失眠反复反思自己是不是做错了什么这种敏感本质上是把自我的定义权拱手相让真正高主体性的人活得像个绝对的甲方他们内心有一套坚不可摧的内部评价体系你的看法是你的课题与我无关这种硬核的屏蔽力非但不是冷漠反而会形成一种致命的魅力在两性博弈中那些老子随时输得起也随时走得掉的人永远最掌握主动权委曲求全换不来尊重唯有你自我的完整才是关系的解药这一生不过是场体验别人只是NPC别让他们当了你剧本的主角你在两性关系里最常在哪个节点上忍不住去迎合对方弄丢了自己的主体性,True,False,如果你正在经历婚姻危机或者想要分手复合直接我为你提供专业分析 || 勇敢追求被讨厌的勇气提升自己的魅力 || 主动勇敢定义自我活出魅力,0
5299882584706839,别看了，说的就是你。你活得那么累，是不是因为把“主动”用错了地方？主动讨好、主动解释、主动满足所有人的期待…这不是主动，这是高级的“被动”。你的方向盘，始终握在别人手里。真正的强大，是主动性强到不活在他人眼里。这意味着：你的“要”与“不要”，基于自己的价值坐标，而非他人的脸色。你主动选择关系，主动规划时间，主动捍卫边界。你把对外界评价的“过度关注”，转化为对自我构建的“全力投入”。这是一种心智的断奶。这不是孤僻，而是清醒。真正的主动，是创造，而非反应。 你不再疲于回应别人的考题，而是开始主动书写自己的人生试卷。你的能量不再耗散在猜测“他怎么看我”，而是聚焦于“我想成为什么”。于是，神奇的事发生了：当你不再活在他人眼里，反而真正走进了他人心里。因为坚定的自我，最有吸引力。从今天起，做个“主动开关”在自己手上的人。把“他想要什么”的纠结，换成“我选择什么”的果断。你的第一步，可以从哪件小事开始？评论区，留下你的“主动者宣言”。#主动性强到不活在他人眼里#,1779102738,2026-05-18 11:12:18+08:00,26,9,2,1779077405153,https://m.weibo.cn/detail/5299882584706839,广东,7085556473,心智复利,m,https://m.weibo.cn/u/7085556473?luicode=20000061&lfid=5299882584706839&launchid=10000360-page_H5,"https://tvax3.sinaimg.cn/crop.0.0.499.499.180/007JwgUVly8hnk4gntcmmj30dv0dvt8s.jpg?KID=imgbed,tva&Expires=1779088195&ssig=KAhSTJzjtu",主动性强到不活在他人眼里,search_contents_2026-05-18.csv,search_post,,别看了说的就是你你活得那么累是不是因为把主动用错了地方主动讨好主动解释主动满足所有人的期待这不是主动这是高级的被动你的方向盘始终握在别人手里真正的强大是主动性强到不活在他人眼里这意味着你的要与不要基于自己的价值坐标而非他人的脸色你主动选择关系主动规划时间主动捍卫边界你把对外界评价的过度关注转化为对自我构建的全力投入这是一种心智的断奶这不是孤僻而是清醒真正的主动是创造而非反应 你不再疲于回应别人的考题而是开始主动书写自己的人生试卷你的能量不再耗散在猜测他怎么看我而是聚焦于我想成为什么于是神奇的事发生了当你不再活在他人眼里反而真正走进了他人心里因为坚定的自我最有吸引力从今天起做个主动开关在自己手上的人把他想要什么的纠结换成我选择什么的果断你的第一步可以从哪件小事开始评论区留下你的主动者宣言,True,False,把主动翻译成神经科学就是前额叶皮层对杏仁核的再训练每一次拒绝讨好都在削弱社交威胁的应激回路重塑自我主导的决策网络 || 生活不必过度迎合要活出自我价值,0
5299896824633599,#主动性强到不活在他人眼里#真正强大的人，主动性早已刻进骨子里，不纠结他人评价，不被世俗眼光裹挟，只管朝着自己的方向奔赴，清醒独立，自在随心。 ,1779106133,2026-05-18 12:08:53+08:00,1,0,0,1779077405154,https://m.weibo.cn/detail/5299896824633599,天津,6890922766,银子堆成山,f,https://m.weibo.cn/u/6890922766?launchid=10000360-page_H5,"https://tvax4.sinaimg.cn/crop.0.0.1080.1080.180/007wlBNAly8icyckfkgz2j30u00u0dj1.jpg?KID=imgbed,tva&Expires=1779088191&ssig=qCMdadlyv7",主动性强到不活在他人眼里,search_contents_2026-05-18.csv,search_post,,真正强大的人主动性早已刻进骨子里不纠结他人评价不被世俗眼光裹挟只管朝着自己的方向奔赴清醒独立自在随心 ,True,False,,0
5299896681761194,主动性强到不活在他人眼里自己才是自己人生的主角，没必要在意那些绊脚石 旻川辞的微博视频 ,1779106099,2026-05-18 12:08:19+08:00,4,0,0,1779077405155,https://m.weibo.cn/detail/5299896681761194,加拿大,7839606200,旻川辞,f,https://m.weibo.cn/u/7839606200?launchid=10000360-page_H5,"https://tvax3.sinaimg.cn/crop.0.0.1080.1080.180/008yybHily8ia435x5gc4j30u00u00uh.jpg?KID=imgbed,tva&Expires=1779088191&ssig=DrBPCexGUr",主动性强到不活在他人眼里,search_contents_2026-05-18.csv,search_post,,主动性强到不活在他人眼里自己才是自己人生的主角没必要在意那些绊脚石 旻川辞的微博视频 ,True,False,这个电影特别好看女主超级勇敢有才华,0
5299896375837117,完全有可能......#主动性强到不活在他人眼里##搞笑# 股指期货998的微博视频 ,1779106026,2026-05-18 12:07:06+08:00,0,0,0,1779077405155,https://m.weibo.cn/detail/5299896375837117,湖南,5104289648,股指期货998,m,https://m.weibo.cn/u/5104289648?launchid=10000360-page_H5,"https://tvax2.sinaimg.cn/crop.0.0.1242.1242.180/005zr4Uoly8fqcc2i3kcyj30yi0yijt4.jpg?KID=imgbed,tva&Expires=1779088191&ssig=jW0L2gYe%2Fw",主动性强到不活在他人眼里,search_contents_2026-05-18.csv,search_post,,完全有可能 股指期货998的微博视频 ,True,False,,0
5299896124965707,#主动性强到不活在他人眼里#关于&quot;主动性强到不活在他人眼里&quot;的讨论，近期在社交平台引发广泛共鸣，核心指向一种建立内部评价体系、屏蔽外界噪音的主体性生活态度，其本质是对自我定义权的掌控，而非冷漠或孤僻。 ,1779105966,2026-05-18 12:06:06+08:00,0,0,0,1779077405156,https://m.weibo.cn/detail/5299896124965707,浙江,7268100403,连载批的眼泪擦不干,m,https://m.weibo.cn/u/7268100403?launchid=10000360-page_H5,"https://tvax2.sinaimg.cn/crop.0.0.1080.1080.180/007VScVRly8icvmztu85zj30u00u040o.jpg?KID=imgbed,tva&Expires=1779088191&ssig=pW7VfMiVp2",主动性强到不活在他人眼里,search_contents_2026-05-18.csv,search_post,,关于quot主动性强到不活在他人眼里quot的讨论近期在社交平台引发广泛共鸣核心指向一种建立内部评价体系屏蔽外界噪音的主体性生活态度其本质是对自我定义权的掌控而非冷漠或孤僻 ,True,False,,0
5299896061789733,不给你钱，不带你成长，不给你人脉资源，不带你看世界的人，这样的人都不该浪费你一分一秒的情绪。#主动性强到不活在他人眼里# ,1779105951,2026-05-18 12:05:51+08:00,1,0,0,1779077405157,https://m.weibo.cn/detail/5299896061789733,河北,6993012420,李美及,f,https://m.weibo.cn/u/6993012420?launchid=10000360-page_H5,"https://tvax2.sinaimg.cn/crop.0.0.864.864.180/007DfXYUly8i1khmd6dw6j30o00o0756.jpg?KID=imgbed,tva&Expires=1779088191&ssig=UZJI0sjqca",主动性强到不活在他人眼里,search_contents_2026-05-18.csv,search_post,,不给你钱不带你成长不给你人脉资源不带你看世界的人这样的人都不该浪费你一分一秒的情绪 ,True,False,,0
5299606884716266,上了很久的班之后才明白的道理 ,1779037006,2026-05-17 16:56:46+08:00,6216,236,1552,1779077513489,https://m.weibo.cn/detail/5299606884716266,陕西,6636035720,社会性迷惑,m,https://m.weibo.cn/u/6636035720?launchid=10000360-page_H5,"https://tvax3.sinaimg.cn/crop.0.0.1080.1080.180/007f682cly8gwp78a1546j30u00u0mym.jpg?KID=imgbed,tva&Expires=1779088299&ssig=Q601LggQoB",上了很久的班之后才明白的道理,search_contents_2026-05-18.csv,search_post,,上了很久的班之后才明白的道理 ,True,False,你能解决的事情你急什么你不能解决的事情你又急什么 || 干得越多错得越多 || 做得快被催得更快做得慢没人催,0
5299888497887478,#上了很久的班之后才明白的道理#不会因为你善良而接受你，喜欢你。反而你冷漠，会更容易接受你、不要太老实了 小月同学呀SY的微博视频 ,1779104148,2026-05-18 11:35:48+08:00,93,10,1,1779077513500,https://m.weibo.cn/detail/5299888497887478,黑龙江,5058055865,小月同学呀SY,f,https://m.weibo.cn/u/5058055865?launchid=10000360-page_H5,"https://tvax2.sinaimg.cn/crop.0.0.1080.1080.180/005wj5odly8id8x8mmlobj30u00u0759.jpg?KID=imgbed,tva&Expires=1779088299&ssig=p%2Bf3UPhSqX",上了很久的班之后才明白的道理,search_contents_2026-05-18.csv,search_post,,不会因为你善良而接受你喜欢你反而你冷漠会更容易接受你不要太老实了 小月同学呀SY的微博视频 ,True,False,善良有度先爱自己再爱他人 || 那肯定是有实力才行 || 对主要还是看你的能力,0
5299890101160148,#上了很久的班之后才明白的道理#那必须是工作留痕，因为这个吃过太多亏了。口头说的那都能不算数的，发个消息留个证据比啥都强。之前还对职场老油条嗤之以鼻，现在我逐渐学习 ,1779104530,2026-05-18 11:42:10+08:00,92,7,4,1779077513507,https://m.weibo.cn/detail/5299890101160148,北京,1051749147,点芯小宅,f,https://m.weibo.cn/u/1051749147?launchid=10000360-page_H5,"https://tvax3.sinaimg.cn/crop.0.0.1080.1080.180/3eb06b1bly8icepc217zlj20u00u0784.jpg?KID=imgbed,tva&Expires=1779088299&ssig=7EPj3PO%2F6s",上了很久的班之后才明白的道理,search_contents_2026-05-18.csv,search_post,,那必须是工作留痕因为这个吃过太多亏了口头说的那都能不算数的发个消息留个证据比啥都强之前还对职场老油条嗤之以鼻现在我逐渐学习 ,True,False,自己也快变成老油条了 || 发个消息留个证据比啥都强,0
5299890840407456,#上了很久的班之后才明白的道理#工作后才明白的这些道理：不要在工作中找自己的价值感 ，你要知道你的存在就是价值 。 下班后把生活放在第一位   工作和生活是两个部分 做好分割，不要因为工作影响生活。 ,1779104706,2026-05-18 11:45:06+08:00,107,15,26,1779077513518,https://m.weibo.cn/detail/5299890840407456,湖北,1839300134,IT互联网那点事,m,https://m.weibo.cn/u/1839300134?launchid=10000360-page_H5,"https://tva4.sinaimg.cn/crop.0.20.158.158.180/6da17e26gw1eej7q25xqbj204f052t8p.jpg?KID=imgbed,tva&Expires=1779088299&ssig=JMe6WuO57p",上了很久的班之后才明白的道理,search_contents_2026-05-18.csv,search_post,,工作后才明白的这些道理不要在工作中找自己的价值感 你要知道你的存在就是价值  下班后把生活放在第一位   工作和生活是两个部分 做好分割不要因为工作影响生活 ,True,False,不要责任心太强学会摆烂与放手 || 树立边界感切勿交浅言深,0
5299888793324721,#上了很久的班之后才明白的道理#终于找到了职场小技巧：上班后你才明白的道理 ，职场那些事儿 白御宸_的微博视频 ,1779104218,2026-05-18 11:36:58+08:00,45,7,0,1779077513525,https://m.weibo.cn/detail/5299888793324721,河北,7754366956,白御宸_,m,https://m.weibo.cn/u/7754366956?launchid=10000360-page_H5,"https://tvax2.sinaimg.cn/crop.0.0.1080.1080.180/008sMx4Mly8icbxnm8njyj30u00u0t93.jpg?KID=imgbed,tva&Expires=1779088299&ssig=Mq7yY2sXT4",上了很久的班之后才明白的道理,search_contents_2026-05-18.csv,search_post,,终于找到了职场小技巧上班后你才明白的道理 职场那些事儿 白御宸_的微博视频 ,True,False,越勤快 要干的活越多 || 还是别跟同事处的过于亲密吧就是既好冷又温柔就比较好了 || 真的 这说的真的都对,0
5299886048152112,#上了很久的班之后才明白的道理#上了很久的班才慢慢懂，工作只是谋生的手段，不是生活的全部；不必过度内耗讨好所有人，健康开心比升职加薪更重要，少纠结内耗，多爱自己才是终身课题。 ,1779103564,2026-05-18 11:26:04+08:00,23,1,1,1779077513531,https://m.weibo.cn/detail/5299886048152112,天津,6890922766,银子堆成山,f,https://m.weibo.cn/u/6890922766?launchid=10000360-page_H5,"https://tvax4.sinaimg.cn/crop.0.0.1080.1080.180/007wlBNAly8icyckfkgz2j30u00u0dj1.jpg?KID=imgbed,tva&Expires=1779088299&ssig=AU2AGqXxfi",上了很久的班之后才明白的道理,search_contents_2026-05-18.csv,search_post,,上了很久的班才慢慢懂工作只是谋生的手段不是生活的全部不必过度内耗讨好所有人健康开心比升职加薪更重要少纠结内耗多爱自己才是终身课题 ,True,False,,0
5299888515449290,#上了很久的班之后才明白的道理# 真的狠狠学到了 ,1779104152,2026-05-18 11:35:52+08:00,152,36,410,1779077513536,https://m.weibo.cn/detail/5299888515449290,陕西,5620590288,冲浪趣味指南,f,https://m.weibo.cn/u/5620590288?launchid=10000360-page_H5,"https://tvax3.sinaimg.cn/crop.0.0.1080.1080.180/0068nqi4ly8gn1chwq7q5j30u00u0tdf.jpg?KID=imgbed,tva&Expires=1779088299&ssig=HP6p%2Ft%2BCm2",上了很久的班之后才明白的道理,search_contents_2026-05-18.csv,search_post,, 真的狠狠学到了 ,True,False,学到了学到了 || 说得太对了吧 || 上班人都懂吧,0
5299890478387053,#上了很久的班之后才明白的道理#班味越重的人越容易陷入一个误区非要从工作里找到人生意义真的没必要工作就是工作是你拿时间、精力和情绪换钱的地方老板给你发工资买的就是你这八小时绝大多数岗位就是颗螺丝钉换个公司换个行业照样干把工作当人生价值等于把心情钥匙交给别人今天老板夸你一句你觉得自己是天才明天方案被毙就觉得自己啥也不是这种大起大落亏的是自己工作配不上你那么多的深情下班后的时间周末的爱好和家人的相处这些才是真正属于你的人生下班带孩子去宜家溜达他盯着火车不肯走但是家里已经有爷爷买的高铁了我无视他的小眼神忍住了消费的冲动上了很久的班之后才明白的道理,1779104620,2026-05-18 11:43:40+08:00,11,1,0,1779077513542,https://m.weibo.cn/detail/5299890478387053,河南,5327548852,大锤和小加,f,https://m.weibo.cn/u/5327548852?luicode=20000061&lfid=5299890478387053&launchid=10000360-page_H5,"https://tvax3.sinaimg.cn/crop.0.0.1080.1080.180/005OxQPily8hrliv1tj30j30u00u0gne.jpg?KID=imgbed,tva&Expires=1779088300&ssig=YVLk7JpzGQ",上了很久的班之后才明白的道理,search_contents_2026-05-18.csv,search_post,,班味越重的人越容易陷入一个误区非要从工作里找到人生意义真的没必要工作就是工作是你拿时间精力和情绪换钱的地方老板给你发工资买的就是你这八小时绝大多数岗位就是颗螺丝钉换个公司换个行业照样干把工作当人生价值等于把心情钥匙交给别人今天老板夸你一句你觉得自己是天才明天方案被毙就觉得自己啥也不是这种大起大落亏的是自己工作配不上你那么多的深情下班后的时间周末的爱好和家人的相处这些才是真正属于你的人生下班带孩子去宜家溜达他盯着火车不肯走但是家里已经有爷爷买的高铁了我无视他的小眼神忍住了消费的冲动上了很久的班之后才明白的道理,True,False,你想要的他都有他要的你也给得起 语音评论4quot,0
5299846735201006,【#柳州地震亲历者说大脑被晃懵了# #柳州住29楼市民不敢回家睡觉#】中国地震台网正式测定：5月18日00时21分，广西柳州市柳南区发生5.2级地震，震源深度8千米。中国地震局对广西柳州5.2级地震启动三级应急服务响应。截至3时40分，初步统计当地已有4人送医，3人失联。当地部门正在全力开展救援工作。亲历者赵先生表示，当时感觉特别严重，晃过了以后感觉大脑还是懵的，自己住在29楼，太高了，大震也逃不掉，最后找了个偏一点的地方，在车上睡了一晚。 荔枝新闻的微博视频,1779094191,2026-05-18 08:49:51+08:00,90,13,23,1779077588280,https://m.weibo.cn/detail/5299846735201006,,1796087453,荔枝新闻,m,https://m.weibo.cn/u/1796087453?luicode=20000061&lfid=5299846735201006&launchid=10000360-page_H5,"https://tvax2.sinaimg.cn/crop.0.0.1080.1080.180/6b0e1e9dly8i8a3x2pbnjj20u00u0n02.jpg?KID=imgbed,tva&Expires=1779088368&ssig=joZZ5hWbND",柳州住29楼市民不敢回家睡觉,search_contents_2026-05-18.csv,search_post,, 中国地震台网正式测定5月18日00时21分广西柳州市柳南区发生52级地震震源深度8千米中国地震局对广西柳州52级地震启动三级应急服务响应截至3时40分初步统计当地已有4人送医3人失联当地部门正在全力开展救援工作亲历者赵先生表示当时感觉特别严重晃过了以后感觉大脑还是懵的自己住在29楼太高了大震也逃不掉最后找了个偏一点的地方在车上睡了一晚 荔枝新闻的微博视频,True,False,亲历者赵先生表示当时感觉特别严重晃过了以后感觉大脑还是懵的自己住在29楼太高了大震也逃不掉最后找了个偏一点的地方在车上睡了一晚 || 中国地震局对广西柳州52级地震启动三级应急服务响应截至3时40分初步统计当地已有4人送医3人失联当地部门正在全力开展救援工作 || 中国地震台网正式测定5月18日00时21分广西柳州市柳南区发生52级地震震源深度8千米,1
5299892339606186,#柳州住29楼市民不敢回家睡觉# 住在29楼的赵先生之所以不敢回家睡觉，是因为5.2级地震带来的剧烈晃动让他“大脑还是懵的”，最终选择了在车里过夜。,1779105064,2026-05-18 11:51:04+08:00,3,3,0,1779077588285,https://m.weibo.cn/detail/5299892339606186,北京,6043029513,TTWYR,f,https://m.weibo.cn/u/6043029513?launchid=10000360-page_H5,"https://tvax4.sinaimg.cn/crop.0.0.1080.1080.180/006AXW1Xly8ibrrwgbeqhj30u00u00u7.jpg?KID=imgbed,tva&Expires=1779088368&ssig=zqefSEoptF",柳州住29楼市民不敢回家睡觉,search_contents_2026-05-18.csv,search_post,, 住在29楼的赵先生之所以不敢回家睡觉是因为52级地震带来的剧烈晃动让他大脑还是懵的最终选择了在车里过夜,True,False,生活就像一面镜子你笑它也笑你哭它也哭选择用积极的心态面对世界也会回馈你温暖与惊喜,1
5299895208509909,每一处风景都是生命的驿站，用乐观的心看待万物，心则如山花般烂漫。 知足且坚定，温柔且上进。站在自己热爱的世界里，闪闪发亮。 要善良，要勇敢，要像星星一样努力发光！,1779105747,2026-05-18 12:02:27+08:00,29,4,0,1779077588289,https://m.weibo.cn/detail/5299895208509909,广东,6174171278,-酸奶多,f,https://m.weibo.cn/u/6174171278?launchid=10000360-page_H5,"https://tvax1.sinaimg.cn/crop.0.0.1080.1080.180/006JQbZIgy1icf6icner0j30u00u0di6.jpg?KID=imgbed,tva&Expires=1779088368&ssig=fc8LTh5Lhc",柳州住29楼市民不敢回家睡觉,search_contents_2026-05-18.csv,search_post,,每一处风景都是生命的驿站用乐观的心看待万物心则如山花般烂漫 知足且坚定温柔且上进站在自己热爱的世界里闪闪发亮 要善良要勇敢要像星星一样努力发光,True,False,保持一颗善良的心就是人生幸福的源泉就是一席永恒的筵席就是被人尊重的资本 || 做人要宽容心容千缺受得起百污这是你的修养做人要善良心存仁爱行得起百善这是你的品格 || 善乃万德之源孝是百善之首 善即修身律己即心想他人 以情恕人以理律己以善助人 心有善德乃大必有忍事乃成 念念行善终不悔终有一日花开时,0
5299894390882730,#柳州地震亲历者说大脑被晃懵了# #柳州住29楼市民不敢回家睡觉# 向善是一种文明，也是一种光明。善良之举，需要人人拥有，善良之歌，需要人人唱和。传播正能量是一份积极的心态，使自己的内心充满自信、豁达、愉悦、进取；使别人感到暖和、温馨、亲切、友善。心存感恩之心，身行积德之善； 从善者吾近之，从恶者吾远之； 百年养善不足，一日毁之有余,1779105552,2026-05-18 11:59:12+08:00,0,0,0,1779077588293,https://m.weibo.cn/detail/5299894390882730,山西,7879479288,啾亲系可爱猫_,f,https://m.weibo.cn/u/7879479288?luicode=20000061&lfid=5299894390882730&launchid=10000360-page_H5,"https://tvax2.sinaimg.cn/crop.0.0.1080.1080.180/008BfuvCly8i7brf000p4j30u00u0diz.jpg?KID=imgbed,tva&Expires=1779088371&ssig=Z2p4%2BJtnZ9",柳州住29楼市民不敢回家睡觉,search_contents_2026-05-18.csv,search_post,,  向善是一种文明也是一种光明善良之举需要人人拥有善良之歌需要人人唱和传播正能量是一份积极的心态使自己的内心充满自信豁达愉悦进取使别人感到暖和温馨亲切友善心存感恩之心身行积德之善 从善者吾近之从恶者吾远之 百年养善不足一日毁之有余,True,False,,0
5299896575856191,#柳州住29楼市民不敢回家睡觉#  广西柳州29楼住户赵先生在地震后选择在车内过了一夜，他用&quot;大脑被晃懵&quot;形容震感，这是5月18日柳州5.2级浅源地震中高层居民的典型避险缩影。,1779106074,2026-05-18 12:07:54+08:00,22,10,0,1779077588299,https://m.weibo.cn/detail/5299896575856191,河南,7710783950,西岭雪未铭,f,https://m.weibo.cn/u/7710783950?launchid=10000360-page_H5,"https://tvax1.sinaimg.cn/crop.0.0.1080.1080.180/008pPF94ly8icy1pxa9v0j30u00u0403.jpg?KID=imgbed,tva&Expires=1779088368&ssig=ZkpieWiwWQ",柳州住29楼市民不敢回家睡觉,search_contents_2026-05-18.csv,search_post,,  广西柳州29楼住户赵先生在地震后选择在车内过了一夜他用quot大脑被晃懵quot形容震感这是5月18日柳州52级浅源地震中高层居民的典型避险缩影,True,False,能为别人开花的心是善良的心能为别人缤纷的赞美是真诚的情能为别人的生活绚丽而付出的人是不寻常的人这人类必定有高贵的精神有高尚的品格有天使般的心灵这类人是人心的旗帜人世的脊梁人群的魂魄,1
5299893993996294,#柳州住29楼市民不敢回家睡觉# 5月18日凌晨，广西柳州发生5.2级地震后，家住29楼的市民赵先生因震感强烈“大脑被晃懵”，不敢回家睡觉，最终选择在车内避险过夜。,1779105457,2026-05-18 11:57:37+08:00,5,5,0,1779077588306,https://m.weibo.cn/detail/5299893993996294,浙江,5577021669,老公成年天天腰酸背痛,f,https://m.weibo.cn/u/5577021669?launchid=10000360-page_H5,"https://tvax4.sinaimg.cn/crop.0.0.1080.1080.180/0065qC6ply8icpcl4soooj30u00u0wfz.jpg?KID=imgbed,tva&Expires=1779088368&ssig=Y91O%2B5ODfK",柳州住29楼市民不敢回家睡觉,search_contents_2026-05-18.csv,search_post,, 5月18日凌晨广西柳州发生52级地震后家住29楼的市民赵先生因震感强烈大脑被晃懵不敢回家睡觉最终选择在车内避险过夜,True,False,生活的天空不可能永远清澈透明有风雨也是常事但只要向阳而生保持内心的天空始终晴朗便可不惧怕路途上的风雨每天都给自己一个微笑这是对自己的肯定也是对未来的一份期许 || 信任是一缕春风 它会让枯藤绽出新绿 信任是一条纽带它连结了无数心灵 信任又像绽放的花朵 它需要友爱作空气 忠诚作阳光 关切作雨露 || 有人在奔跑有人在睡觉有人在感恩有人在报怨有目标的睡不着没目标的人睡不醒努力才是人生的应有态度睁开眼就是新的开始,1
5299894995650076,网友家中柳州柳北区震感，这个还真强烈。#柳州住29楼市民不敢回家睡觉# 捡废品阿大的微博视频 ,1779105697,2026-05-18 12:01:37+08:00,14,4,6,1779077588312,https://m.weibo.cn/detail/5299894995650076,江苏,5625416533,捡废品阿大,m,https://m.weibo.cn/u/5625416533?launchid=10000360-page_H5,"https://tvax1.sinaimg.cn/crop.0.0.640.640.180/0068HFOJly8i3ql122ldwj30hs0hs759.jpg?KID=imgbed,tva&Expires=1779088368&ssig=pw5%2BAerdn%2F",柳州住29楼市民不敢回家睡觉,search_contents_2026-05-18.csv,search_post,,网友家中柳州柳北区震感这个还真强烈 捡废品阿大的微博视频 ,True,False,这么大声音,0
5299823494300107,#德比斯回应2天2冠#可惜你不看机车不懂张雪机车第五冠的含金量套用仙侠小说的话就是德比斯和820RR‑RS已经人车合一了张雪机车捷克站第二回合德比斯和雅马哈全场贴身缠斗在最后一圈压哨反超雅马哈夺冠雅马哈车手恩科破大防#微博二创视频创作季##张雪机车落后雅马哈46分# 下午去发呆吗的微博视频 ,1779088650,2026-05-18 07:17:30+08:00,624,55,25,1779077676333,https://m.weibo.cn/detail/5299823494300107,湖北,5157286090,下午去发呆吗,m,https://m.weibo.cn/u/5157286090?launchid=10000360-page_H5,"https://tvax1.sinaimg.cn/crop.0.0.736.736.180/005D1rHIly8gm1dndh4z6j30kg0kgdhi.jpg?KID=imgbed,tva&Expires=1779088452&ssig=tGvFqFJV4u",张雪机车落后雅马哈46分,search_contents_2026-05-18.csv,search_post,,可惜你不看机车不懂张雪机车第五冠的含金量套用仙侠小说的话就是德比斯和820RRRS已经人车合一了张雪机车捷克站第二回合德比斯和雅马哈全场贴身缠斗在最后一圈压哨反超雅马哈夺冠雅马哈车手恩科破大防 下午去发呆吗的微博视频 ,True,False,张雪机车太牛了 || 第五冠最后这个超越清晰的展现了德比斯高超的驾驶技术 || 这个法国车手不愧是名老将素质技术都挺过硬的,3
5299811557573339,#张雪机车落后雅马哈46分##张雪机车夺得5冠#WSBK捷克站赛后有感🇨🇳🔥 作为资深机车车迷，更是一名中国人，看完本届WSBK捷克站，真的忍不住热血上头！ 张雪机车强势包揽双回合冠军，制造商积分直冲榜单第三，这一刻真的狠狠为国产骄傲！目前和榜首雅马哈还有46分差距，但赛季才走过一半，剩余7站悬念拉满，逆风翻盘一切皆有可能✨！ 懂行的车迷都清楚，这支国产新军一路走来有多难。成立仅仅两年，直面征战赛场数十年的老牌豪门，还要惨遭BOP规则针对，赛车被强制增重、削减动力，处处被刻意针对。 可就算困难重重，依旧狂斩五个分站冠军，在豪强林立的WSBK赛场硬生生杀出属于中国的一席之地！之前早期稳定性不足丢掉的分数，如今正在一点点奋力追回。德比斯状态火力全开，车手积分榜也在稳步缩小差距。 谁说国产机车登不上世界顶级舞台？张雪机车正在用实打实的成绩打破偏见！期待后续赛程一路高歌猛进，完成华丽逆袭，让全世界都见证中国智造的锋芒🇨🇳！ 有没有同为机车迷的小伙伴，一起来为张雪机车加油助威！#微博二创视频创作季##一分钟精选视频扶持计划# 貔貅视点的微博视频,1779085804,2026-05-18 06:30:04+08:00,450,39,22,1779077676341,https://m.weibo.cn/detail/5299811557573339,上海,1401669165,貔貅视点,m,https://m.weibo.cn/u/1401669165?luicode=20000061&lfid=5299811557573339&launchid=10000360-page_H5,"https://tvax3.sinaimg.cn/crop.0.0.1009.1009.180/538bc62dly8huv6yh7lzsj20s10s1tce.jpg?KID=imgbed,tva&Expires=1779088453&ssig=1pY7MOrDAm",张雪机车落后雅马哈46分,search_contents_2026-05-18.csv,search_post,,WSBK捷克站赛后有感 作为资深机车车迷更是一名中国人看完本届WSBK捷克站真的忍不住热血上头 张雪机车强势包揽双回合冠军制造商积分直冲榜单第三这一刻真的狠狠为国产骄傲目前和榜首雅马哈还有46分差距但赛季才走过一半剩余7站悬念拉满逆风翻盘一切皆有可能 懂行的车迷都清楚这支国产新军一路走来有多难成立仅仅两年直面征战赛场数十年的老牌豪门还要惨遭BOP规则针对赛车被强制增重削减动力处处被刻意针对 可就算困难重重依旧狂斩五个分站冠军在豪强林立的WSBK赛场硬生生杀出属于中国的一席之地之前早期稳定性不足丢掉的分数如今正在一点点奋力追回德比斯状态火力全开车手积分榜也在稳步缩小差距 谁说国产机车登不上世界顶级舞台张雪机车正在用实打实的成绩打破偏见期待后续赛程一路高歌猛进完成华丽逆袭让全世界都见证中国智造的锋芒 有没有同为机车迷的小伙伴一起来为张雪机车加油助威 貔貅视点的微博视频,True,False,雅马哈车手破防了 || 加油注意安全 || 为他加油助威啊,3
5299869302128908,🔻两个车手 vs雅马哈全部还是太吃力了。🔻不急，慢慢来。#张雪机车落后雅马哈46分##海外新鲜事##热点现场# ,1779099571,2026-05-18 10:19:31+08:00,417,51,6,1779077676345,https://m.weibo.cn/detail/5299869302128908,四川,1671109627,包容万物恒河水,f,https://m.weibo.cn/u/1671109627?launchid=10000360-page_H5,"https://tvax4.sinaimg.cn/crop.0.0.512.512.180/639b1bfbly8h0ikpj331kj20e80e8t8w.jpg?KID=imgbed,tva&Expires=1779088452&ssig=G1ahjzVudv",张雪机车落后雅马哈46分,search_contents_2026-05-18.csv,search_post,,两个车手 vs雅马哈全部还是太吃力了不急慢慢来 ,True,False,川崎和本田直接成为路边两条 || 总冠军很难的这tag我都觉得是搞事个人冠军可以冲击一下 || 制造商积分这玩意儿挺流氓的放F1那边就会变成奔驰迈凯伦ALPINE威廉姆斯打法拉利哈斯凯迪拉克打红牛小红牛打奥迪打本田,3
5299728199713769,#张雪机车落后雅马哈46分#德比斯为张雪机车拿下第五冠后，第二名的雅马哈车手彻底破防了 #热点现场##热点解读# 黑曼巴Mentality_的微博视频 ,1779065930,2026-05-18 00:58:50+08:00,452,70,13,1779077676351,https://m.weibo.cn/detail/5299728199713769,山东,2151865631,黑曼巴Mentality_,m,https://m.weibo.cn/u/2151865631?launchid=10000360-page_H5,"https://tvax3.sinaimg.cn/crop.0.0.1080.1080.180/8042dd1fly8hxroswarr9j20u00u0n05.jpg?KID=imgbed,tva&Expires=1779088452&ssig=fhtKlicY7v",张雪机车落后雅马哈46分,search_contents_2026-05-18.csv,search_post,,德比斯为张雪机车拿下第五冠后第二名的雅马哈车手彻底破防了  黑曼巴Mentality_的微博视频 ,True,False,这标题写反了吧到底有没有读过书啊 || 到底是夺冠了还是落后了,3
5299815726711765,#张雪机车落后雅马哈46分#张雪机车又赢了！捷克站再夺一冠，赛季第五冠到手！积分榜上排第三，离第一的雅马哈只差46分。才打完5站，后面还有7站呢，急啥？一个刚冒头的中国小厂，追着日本老牌大厂打——这画面以前谁敢想？雅马哈现在估计后背发凉：这哥们儿不讲武德啊。而且张雪自己说了，车还在不断改、越来越快。别人是跑着跑着掉链子，他是越跑越精神。年度冠军？别觉得不可能。反正现在该慌的不是咱们，是雅马哈。 张雪机车落后雅马哈46分 活出美好人生啊的微博视频,1779086798,2026-05-18 06:46:38+08:00,204,37,3,1779077676356,https://m.weibo.cn/detail/5299815726711765,河南,3794178981,活出美好人生啊,f,https://m.weibo.cn/u/3794178981?luicode=20000061&lfid=5299815726711765&launchid=10000360-page_H5,"https://tvax4.sinaimg.cn/crop.0.0.640.640.180/e22693a5ly8i1etzzg5jpj20hs0hsab5.jpg?KID=imgbed,tva&Expires=1779088456&ssig=URkP1%2Fcple",张雪机车落后雅马哈46分,search_contents_2026-05-18.csv,search_post,,张雪机车又赢了捷克站再夺一冠赛季第五冠到手积分榜上排第三离第一的雅马哈只差46分才打完5站后面还有7站呢急啥一个刚冒头的中国小厂追着日本老牌大厂打这画面以前谁敢想雅马哈现在估计后背发凉这哥们儿不讲武德啊而且张雪自己说了车还在不断改越来越快别人是跑着跑着掉链子他是越跑越精神年度冠军别觉得不可能反正现在该慌的不是咱们是雅马哈 张雪机车落后雅马哈46分 活出美好人生啊的微博视频,True,False,张雪机车这次夺冠真的太争气了 || 越跑越精神 || 张雪真的太牛了,3
5299851258498629,#张雪机车落后雅马哈46分#科普下，一个制造商可以多个车队多个车手打积分，但每轮只取最好一个人的这WSBK赛事，一家摩托车制造商可以有几只车队都用它。排第一的雅马哈，有5支车队！其中一家叫“工厂车队”算正牌，雅马哈全力支持。其它叫独立车队，是买了雅马哈摩托车来自己打比赛，制造商给的支持少。一个车队2车手，但也许只有1个车手，雅马哈一共7个车手挣积分。前15都有积分，独立车队也有不小机会挣积分。但是，制造商车队积分不是靠人多势众。每轮只有一个人能贡献积分，就是成绩最好那个。排第二的杜卡提，足足有7支车队，10个车手挣积分，是人最多的。张雪机车排第三，就一个车队，两个车手。拿了五个冠军的德比斯147分，第二个车手卡里卡苏洛负责测试，个人是20分。有一轮德比斯退赛，卡里卡苏洛就贡献了2分。所以张雪机车制造商积分是149，不是两车手分加起来。车手个人积分榜方面，雅马哈车队的阿雷纳斯（Albert Arenas)排第一166分，德比斯147分差19分。虽然德比斯5个冠军最多，但是冠军25分，亚军20分，季军16分拉不开差距。德比斯还两次退赛没分，一次14没什么分。阿雷纳斯稳定上领奖台分涨得很稳。所以比赛争前三意义很大，中国群众就盯着冠军，不专业，几乎全是瞎起哄。,1779095269,2026-05-18 09:07:49+08:00,139,38,4,1779077676360,https://m.weibo.cn/detail/5299851258498629,广东,5493934570,风云学会陈经,m,https://m.weibo.cn/u/5493934570?luicode=20000061&lfid=5299851258498629&launchid=10000360-page_H5,"https://tva3.sinaimg.cn/crop.247.25.1706.1706.180/005ZNZlUjw8f84tbpk534j31kw2dcu0x.jpg?KID=imgbed,tva&Expires=1779088460&ssig=SFiWxg7KwB",张雪机车落后雅马哈46分,search_contents_2026-05-18.csv,search_post,,科普下一个制造商可以多个车队多个车手打积分但每轮只取最好一个人的这WSBK赛事一家摩托车制造商可以有几只车队都用它排第一的雅马哈有5支车队其中一家叫工厂车队算正牌雅马哈全力支持其它叫独立车队是买了雅马哈摩托车来自己打比赛制造商给的支持少一个车队2车手但也许只有1个车手雅马哈一共7个车手挣积分前15都有积分独立车队也有不小机会挣积分但是制造商车队积分不是靠人多势众每轮只有一个人能贡献积分就是成绩最好那个排第二的杜卡提足足有7支车队10个车手挣积分是人最多的张雪机车排第三就一个车队两个车手拿了五个冠军的德比斯147分第二个车手卡里卡苏洛负责测试个人是20分有一轮德比斯退赛卡里卡苏洛就贡献了2分所以张雪机车制造商积分是149不是两车手分加起来车手个人积分榜方面雅马哈车队的阿雷纳斯Albert Arenas排第一166分德比斯147分差19分虽然德比斯5个冠军最多但是冠军25分亚军20分季军16分拉不开差距德比斯还两次退赛没分一次14没什么分阿雷纳斯稳定上领奖台分涨得很稳所以比赛争前三意义很大中国群众就盯着冠军不专业几乎全是瞎起哄,True,False,张雪机车参赛机车820RRRS设计师小野寺洋树原雅哈马设计师车手瓦伦丁德比斯原雅马哈二号车手技术调校团队Evan bros原雅马哈合作车队张雪机车实际是拉了一堆雅哈马人打雅马哈 || 最后一句话意义不明 || 9999的你说的群众都是吃瓜的看的就是冠军你得100次亚军都没有一次冠军更有说服力,3
5299861391935554,#张雪机车落后雅马哈46分#媒体有病呀直接说张雪机车排名第三不好么 ,1779097685,2026-05-18 09:48:05+08:00,971,90,11,1779077676364,https://m.weibo.cn/detail/5299861391935554,北京,1842706721,里神楽,f,https://m.weibo.cn/u/1842706721?launchid=10000360-page_H5,"https://tvax3.sinaimg.cn/crop.346.15.444.444.180/6dd57921ly8g92g8otr4jj20m80go0yi.jpg?KID=imgbed,tva&Expires=1779088452&ssig=xOkc6eSYjL",张雪机车落后雅马哈46分,search_contents_2026-05-18.csv,search_post,,媒体有病呀直接说张雪机车排名第三不好么 ,True,False,这样有热度还能顺便黑一波 || 不然怎么引话题 || 明明是国人的骄傲但是却总拉踩自己人什么成分不言而喻,3
5299734596026910,#张雪机车落后雅马哈46分#2026年WSBK捷克站后，制造商积分榜上张雪机车149分排第三，落后榜首雅马哈46分。张雪机车有亮点，如独创三缸发动机，绕开专利壁垒，升功率高，直道末速快；整车极致轻量化，操控灵活；自研电控系统响应快。不过，它与雅马哈还存在一些差距，雅马哈散热系统成熟。赛事体系方面，雅马哈数据积累和团队经验丰富，调校精度、空气动力学、战术执行都更优。未来张雪机车需加快研发迭代，沉淀经验，持续追赶。 晋王Peter的微博视频,1779067455,2026-05-18 01:24:15+08:00,111,12,2,1779077676367,https://m.weibo.cn/detail/5299734596026910,山西,5662929902,晋王Peter,m,https://m.weibo.cn/u/5662929902?luicode=20000061&lfid=5299734596026910&launchid=10000360-page_H5,"https://tvax4.sinaimg.cn/crop.0.0.1080.1080.180/006bf4L4ly8i60g1yxi0fj30u00u0gmv.jpg?KID=imgbed,tva&Expires=1779088463&ssig=fDv4K8I%2FaP",张雪机车落后雅马哈46分,search_contents_2026-05-18.csv,search_post,,2026年WSBK捷克站后制造商积分榜上张雪机车149分排第三落后榜首雅马哈46分张雪机车有亮点如独创三缸发动机绕开专利壁垒升功率高直道末速快整车极致轻量化操控灵活自研电控系统响应快不过它与雅马哈还存在一些差距雅马哈散热系统成熟赛事体系方面雅马哈数据积累和团队经验丰富调校精度空气动力学战术执行都更优未来张雪机车需加快研发迭代沉淀经验持续追赶 晋王Peter的微博视频,True,False,哇塞张雪机车三缸引擎独步江湖轻盈身姿赛过燕子未来可期加油冲呀 || 哇塞张雪峰的机车永远冲上第一的独步江湖沉淀体验的感觉太棒了,3
5299832501569667,#本轮大范围降雨到哪了#【#南方大雨连成一片#】今天，华北一带的降水将有所收敛，雨带明显南落。黄淮、江淮一直到西南地区东部等地将被成片的大到暴雨覆盖，广西、广东、河南、湖北局地还将有大暴雨。明天，雨区将会进一步收敛，但在安徽、湖南、广西、贵州等地部分地区仍将有暴雨。后天，雨区将主要集中在长江中下游一带，湖南长沙、江西南昌今后一周雨水几乎天天在线。受降雨和冷空气的共同影响，至少在22日（本周五）之前，华北、黄淮等地的气温都将维持在偏低的状态，石家庄最高气温仅25℃。关注天气变化，出行注意安全！ 央视新闻的微博视频,1779090797,2026-05-18 07:53:17+08:00,684,314,174,1779077775029,https://m.weibo.cn/detail/5299832501569667,,2656274875,央视新闻,m,https://m.weibo.cn/u/2656274875?luicode=20000061&lfid=5299832501569667&launchid=10000360-page_H5,"https://tvax4.sinaimg.cn/crop.0.0.690.690.180/002TLsr9ly8iakuy3heb6j60j60j6wex02.jpg?KID=imgbed,tva&Expires=1779088558&ssig=g8iyqsTrJ0",本轮大范围降雨到哪了,search_contents_2026-05-18.csv,search_post,白名单账号,今天华北一带的降水将有所收敛雨带明显南落黄淮江淮一直到西南地区东部等地将被成片的大到暴雨覆盖广西广东河南湖北局地还将有大暴雨明天雨区将会进一步收敛但在安徽湖南广西贵州等地部分地区仍将有暴雨后天雨区将主要集中在长江中下游一带湖南长沙江西南昌今后一周雨水几乎天天在线受降雨和冷空气的共同影响至少在22日本周五之前华北黄淮等地的气温都将维持在偏低的状态石家庄最高气温仅25关注天气变化出行注意安全 央视新闻的微博视频,True,False,西安今天终于晴天了 || 注意天气变化 || 关注天气变化出行注意安全,1
5299881692630338,#本轮大范围降雨到哪了#到深圳了叭11点的机12:30惹 ,1779102525,2026-05-18 11:08:45+08:00,74,18,5,1779077775044,https://m.weibo.cn/detail/5299881692630338,上海,3291111245,陈玮玮VV,f,https://m.weibo.cn/u/3291111245?launchid=10000360-page_H5,"https://tvax3.sinaimg.cn/crop.0.0.1080.1080.180/c42a5f4dly8hzaqac7g87j20u00u0mz4.jpg?KID=imgbed,tva&Expires=1779088558&ssig=DwKsnPFare",本轮大范围降雨到哪了,search_contents_2026-05-18.csv,search_post,,到深圳了叭11点的机1230惹 ,True,False,我V又去深圳这个月好多次了吧 || 什么时候到晴空万里 || 估计你1230都没得飞,2
5299707233436157,#北京细水长流下成暴雨# #本轮大范围降雨到哪了# 在过去24小时，一条绵长的雨带自广西、贵州一直延伸到京津等华北北部，带来了大范围降雨。如此深入北方的雨带在初夏时节较为少见。这与当前的环流形势密不可分——由于阻塞高压的稳定，其西侧强劲的偏南风将会把热带水汽大举推向北方，并和北侧冷空气交汇形成显著降雨。虽然此时夏季风尚未正式建立，水汽量也远不如夏季风期间；但华北大部依然普遍出现了大雨，而北京南郊气象站等地更是达到了暴雨标准。不过，由于这次北方以稳定的锋面降雨为主，呈现“细水长流”之势，因而看似降雨强度不是很大，但累计雨量依然达到了大到暴雨。但与此同时，广西多地受到暖湿气流与地形配合激发的强对流天气，出现了暖区极端暴雨（以广西西南部最为显著），并引发了局地洪涝灾害。随着冷锋东移南下，明天雨带也将进一步向东向南转移，京津等华北北部降雨将在日出前结束；而中原、江淮、江汉平原与湖北西部、湖南西部、贵州等山区降雨最大，其中后三地山区注意防范局地极端强降水与地质灾害；而两广仍需要注意暖区强对流的影响。不过，这次大范围降雨和发展的厄尔尼诺事件关联有限；而未来一段时间仍可能有大范围降雨，还需注意多次降雨叠加区的影响疾雨漫波，初夏浩荡#气象科普团#,1779060930,2026-05-17 23:35:30+08:00,48,11,5,1779077775058,https://m.weibo.cn/detail/5299707233436157,上海,3296569781,风云梦远,m,https://m.weibo.cn/u/3296569781?luicode=20000061&lfid=5299707233436157&launchid=10000360-page_H5,"https://tvax1.sinaimg.cn/crop.0.0.369.369.180/c47da9b5ly8i5eub3m4sgj20a90a9aa8.jpg?KID=imgbed,tva&Expires=1779088561&ssig=br9IL6WqTq",本轮大范围降雨到哪了,search_contents_2026-05-18.csv,search_post,,  在过去24小时一条绵长的雨带自广西贵州一直延伸到京津等华北北部带来了大范围降雨如此深入北方的雨带在初夏时节较为少见这与当前的环流形势密不可分由于阻塞高压的稳定其西侧强劲的偏南风将会把热带水汽大举推向北方并和北侧冷空气交汇形成显著降雨虽然此时夏季风尚未正式建立水汽量也远不如夏季风期间但华北大部依然普遍出现了大雨而北京南郊气象站等地更是达到了暴雨标准不过由于这次北方以稳定的锋面降雨为主呈现细水长流之势因而看似降雨强度不是很大但累计雨量依然达到了大到暴雨但与此同时广西多地受到暖湿气流与地形配合激发的强对流天气出现了暖区极端暴雨以广西西南部最为显著并引发了局地洪涝灾害随着冷锋东移南下明天雨带也将进一步向东向南转移京津等华北北部降雨将在日出前结束而中原江淮江汉平原与湖北西部湖南西部贵州等山区降雨最大其中后三地山区注意防范局地极端强降水与地质灾害而两广仍需要注意暖区强对流的影响不过这次大范围降雨和发展的厄尔尼诺事件关联有限而未来一段时间仍可能有大范围降雨还需注意多次降雨叠加区的影响疾雨漫波初夏浩荡,True,False,我们今天晚上估计也要下到大暴雨 || 柳絮总算可以消停了 || 这个阻塞高压也造成韩国近期的高温天气,1
5299876788176152,#本轮大范围降雨到哪了#青岛连续三天有雨，又是要发霉的一周，连上下班都没法蹬自行车了。一连着下雨就感觉还是北方比南方气候好点更宜居点，梅雨季一下就是一个月，我这种不是土生土长的南方人肯定受不了。 ,1779101356,2026-05-18 10:49:16+08:00,90,13,1,1779077775076,https://m.weibo.cn/detail/5299876788176152,山东,7327831653,呆哥View,m,https://m.weibo.cn/u/7327831653?launchid=10000360-page_H5,"https://tvax2.sinaimg.cn/crop.0.0.690.690.180/007ZUPL7ly8hitjlx5e4kj30j60j6dh0.jpg?KID=imgbed,tva&Expires=1779088558&ssig=F%2F%2BoAC5g9t",本轮大范围降雨到哪了,search_contents_2026-05-18.csv,search_post,,青岛连续三天有雨又是要发霉的一周连上下班都没法蹬自行车了一连着下雨就感觉还是北方比南方气候好点更宜居点梅雨季一下就是一个月我这种不是土生土长的南方人肯定受不了 ,True,False,已经在坐等下雨了 || 真的是太棒了 || 真的太绝了,1
5299893327365951,#本轮大范围降雨到哪了#快了快了，马上将要迎来一周的降雨又到了穿拖鞋出门的时候了，真的很不喜欢下雨天 ,1779105299,2026-05-18 11:54:59+08:00,26,14,3,1779077775089,https://m.weibo.cn/detail/5299893327365951,浙江,6660126299,芋圆团团Ya,f,https://m.weibo.cn/u/6660126299?launchid=10000360-page_H5,"https://tvax1.sinaimg.cn/crop.0.0.1080.1080.180/007gJd5Vly8icyfjtk5i9j30u00u0goy.jpg?KID=imgbed,tva&Expires=1779088558&ssig=bR92FbHiBP",本轮大范围降雨到哪了,search_contents_2026-05-18.csv,search_post,,快了快了马上将要迎来一周的降雨又到了穿拖鞋出门的时候了真的很不喜欢下雨天 ,True,False,我们这今天也下雨了 || 下雨就想待屋里 || 真的讨厌下雨很烦躁,1
5299898576797945,#本轮大范围降雨到哪了#天气预报：今天有雨，请带伞。天空：不，不听你的，我要出太阳。行吧，看在阳光的份上，原谅你的不靠谱了。 ,1779106550,2026-05-18 12:15:50+08:00,0,0,0,1779077775105,https://m.weibo.cn/detail/5299898576797945,北京,1830153003,陌上清浅-,f,https://m.weibo.cn/u/1830153003?launchid=10000360-page_H5,"https://tvax2.sinaimg.cn/crop.0.0.800.800.180/6d15eb2bly8ho0amw9easj20m80m8gmu.jpg?KID=imgbed,tva&Expires=1779088558&ssig=fOSAS5eYFA",本轮大范围降雨到哪了,search_contents_2026-05-18.csv,search_post,,天气预报今天有雨请带伞天空不不听你的我要出太阳行吧看在阳光的份上原谅你的不靠谱了 ,True,False,预报有雨结果出太阳了,1
5299898241254774,【38个站点出现特大暴雨！#湖北荆州市启动防汛三级应急响应#，中心城区全面落实“五停”措施】#湖北荆州38个站点出现特大暴雨# 湖北荆州遭遇极端强降雨天气，5月18日早上七点，当地已启动防汛三级应急响应，中心城区停工、停产、停业、停运、停课。从5月16日8时至18日6时，荆州市西部暴雨到大暴雨、局地特大暴雨，东部中到大雨。荆州区、公安县、松滋市、沙市区共24个乡镇街道38个站点出现特大暴雨，荆州区国家站、公安区域站1小时、3小时、6小时、12小时、24小时降水量均突破历史极值。预计近期当地仍有大雨到暴雨天气。#本轮大范围降雨到哪了#@看度新闻 看度新闻的微博视频,1779106471,2026-05-18 12:14:31+08:00,0,0,0,1779077775117,https://m.weibo.cn/detail/5299898241254774,,7573129671,看度时评,f,https://m.weibo.cn/u/7573129671?luicode=20000061&lfid=5299898241254774&launchid=10000360-page_H5,"https://tvax3.sinaimg.cn/crop.0.0.1024.1024.180/008gw4YLly8h8vi2acvlvj30sg0sgt9w.jpg?KID=imgbed,tva&Expires=1779088565&ssig=Su90p46e5%2B",本轮大范围降雨到哪了,search_contents_2026-05-18.csv,search_post,,38个站点出现特大暴雨中心城区全面落实五停措施 湖北荆州遭遇极端强降雨天气5月18日早上七点当地已启动防汛三级应急响应中心城区停工停产停业停运停课从5月16日8时至18日6时荆州市西部暴雨到大暴雨局地特大暴雨东部中到大雨荆州区公安县松滋市沙市区共24个乡镇街道38个站点出现特大暴雨荆州区国家站公安区域站1小时3小时6小时12小时24小时降水量均突破历史极值预计近期当地仍有大雨到暴雨天气 看度新闻的微博视频,True,False,,1
5299898167854061,#本轮大范围降雨到哪了#别下了别下了 ,1779106453,2026-05-18 12:14:13+08:00,1,0,0,1779077775131,https://m.weibo.cn/detail/5299898167854061,浙江,7288110170,包在我身上好佳,f,https://m.weibo.cn/u/7288110170?launchid=10000360-page_H5,"https://tvax1.sinaimg.cn/crop.0.0.512.512.180/007Xeao2ly8hkpz71oi8uj30e80e8aa7.jpg?KID=imgbed,tva&Expires=1779088558&ssig=BTQcO9gbzu",本轮大范围降雨到哪了,search_contents_2026-05-18.csv,search_post,,别下了别下了 ,True,False,,0
5299690239428179,#萨尔布吕肯欧冠冠军##樊振东欧冠冠军# 🏓欧冠决赛落幕，萨尔布吕肯以3-2击败蒙彼利埃，完成欧冠四连冠的伟业，樊振东也收获了本赛季的第二座冠军（德国杯冠军）🏆🏆恭喜萨尔布吕肯！恭喜樊振东！每一个人都不可或缺，正是因为有樊振东整个赛季的贡献，才能让萨尔布吕肯有机会拿下赛季第二冠。欧冠决赛全队的表现印证了团队的力量，让我们一起期待接下来的德甲半决赛，为萨尔布吕肯为樊振东继续加油 优酷体育的微博视频,1779056879,2026-05-17 22:27:59+08:00,44798,1795,2831,1779077884095,https://m.weibo.cn/detail/5299690239428179,,1679353042,优酷体育,f,https://m.weibo.cn/u/1679353042?luicode=20000061&lfid=5299690239428179&launchid=10000360-page_H5,"https://tvax4.sinaimg.cn/crop.0.0.600.600.180/6418e4d2ly8hmg5jpzkigj20go0gogll.jpg?KID=imgbed,tva&Expires=1779088653&ssig=yePlGsv%2Byt",樊振东欧冠冠军,search_contents_2026-05-18.csv,search_post,, 欧冠决赛落幕萨尔布吕肯以32击败蒙彼利埃完成欧冠四连冠的伟业樊振东也收获了本赛季的第二座冠军德国杯冠军恭喜萨尔布吕肯恭喜樊振东每一个人都不可或缺正是因为有樊振东整个赛季的贡献才能让萨尔布吕肯有机会拿下赛季第二冠欧冠决赛全队的表现印证了团队的力量让我们一起期待接下来的德甲半决赛为萨尔布吕肯为樊振东继续加油 优酷体育的微博视频,True,False,正是因为有樊振东整个赛季的贡献才能让萨尔布吕肯有机会拿下赛季第二冠辛苦啦 || 谢谢优酷继续一路同行吧 || 正是因为有樊振东整个赛季的贡献才能让萨尔布吕肯有机会拿下赛季第二冠大家可能不知道萨尔布吕肯今年拿下德国杯樊振东半决赛和决赛都是一单两分团体赛就是互相信任俱乐部0人会怪樊振东,3
5299689990922577,#2025-2026欧冠联赛##乒乓球欧冠联赛#【决赛 萨尔布吕肯3-2 尼姆蒙彼利埃】第一盘，樊振东 0-3 A·勒布伦（6-11，8-11，9-11）；第二盘，莫雷高德 3-0 F·勒布伦（15-13，15-13，12-10）；第三盘，约奇克 3-0 阿沙尔（12-10，11-4，11-7）；第四盘，樊振东 0-3 F·勒布伦 （6-11，11-13，8-11）；第五盘，莫雷高德 3-1 A·勒布伦 （11-5，11-7，5-11，11-6）。恭喜萨尔布吕肯俱乐部2025-2026赛季欧冠联赛夺冠！祝贺樊振东，解锁新冠军！,1779056820,2026-05-17 22:27:00+08:00,11385,1485,1713,1779077884107,https://m.weibo.cn/detail/5299689990922577,天津,3329910664,樊振东球迷会-天际樊星,m,https://m.weibo.cn/u/3329910664?luicode=20000061&lfid=5299689990922577&launchid=10000360-page_H5,"https://tvax2.sinaimg.cn/crop.0.0.1080.1080.180/c67a6788ly8hxufixdsvoj20u00u0acw.jpg?KID=imgbed,tva&Expires=1779088656&ssig=sF9PqkZQL4",樊振东欧冠冠军,search_contents_2026-05-18.csv,search_post,,决赛 萨尔布吕肯32 尼姆蒙彼利埃第一盘樊振东 03 A勒布伦611811911第二盘莫雷高德 30 F勒布伦151315131210第三盘约奇克 30 阿沙尔1210114117第四盘樊振东 03 F勒布伦 6111113811第五盘莫雷高德 31 A勒布伦 115117511116恭喜萨尔布吕肯俱乐部20252026赛季欧冠联赛夺冠祝贺樊振东解锁新冠军,True,False,樊振东本赛季已为队伍贡献八次一单两分 樊振东辛苦了 || 樊振东今天辛苦啦队友今天很给力我们月底德甲见 || 我宝也过上有靠谱队友的日子了,3
5299833700090748,#樊振东欧冠冠军# 致敬不屈的团魂欧乒联选用东哥举杯团队照忽略一场折戟，永恒铭刻英雄。因为，有些光芒，不会因一次跌倒而黯淡。 #吴敬平谈樊振东欧冠失利# ,1779091083,2026-05-18 07:58:03+08:00,480,18,18,1779077884114,https://m.weibo.cn/detail/5299833700090748,河南,1060387602,平原跑马,m,https://m.weibo.cn/u/1060387602?launchid=10000360-page_H5,"https://tvax3.sinaimg.cn/crop.0.0.300.300.180/3f343b12ly8hwdnk8ffm5j208c08c3yo.jpg?KID=imgbed,tva&Expires=1779088652&ssig=tAoelLcbXQ",樊振东欧冠冠军,search_contents_2026-05-18.csv,search_post,, 致敬不屈的团魂欧乒联选用东哥举杯团队照忽略一场折戟永恒铭刻英雄因为有些光芒不会因一次跌倒而黯淡  ,True,False,如果没有前八场的一单两分怎么可能走到决赛 || 莫名的感动又有点伤感外面的人对他那么好但为什么我们自己的人却没完没了地对他泼脏水 || 我们永远是朋友和家人,3
5299838464819850,#樊振东欧冠冠军# 看比赛时心一直悬着。小胖拼了命地缠斗，看得人心酸。今天这手感凝滞的劲儿，跟他初到德甲第一场一模一样，根本不在状态，失误满天飞，尤其正手，跟以往判若两人。快两年没在国家队集训、没打国际比赛，接触不到外协高手，一个人窝在外国俱乐部练球，高强度对抗的缺失，状态下滑根本是意料之中。据说红双喜不再给他供胶皮了，只能用蝴蝶z03，真假不知，但重要大赛突然换掉用了20年的胶皮，确实诡异。其实小胖输赢，球迷对他印象不变。希望他赢，只是盼他境遇好点，生存空间大点，别那么难、那么苦。不怕他输球，怕他自责内疚。要是因为他丢了冠军，他不知道得多难过。幸好小莫和达科赢了，让萨尔布吕肯四连冠，让小胖不必背那么重的愧疚。谢谢他们。仔细想想，替他难过。还有什么比眼睁睁看着自己的天赋和职业生涯被糟蹋、状态一点点下滑、再也打不出想要的好球更残忍的事？一个27岁、当打之年的超级金满贯，两年间被反复捶打，各种手段折磨——就想碾碎他最骄傲最看重的东西，打断他的脊梁，让他再也升不起反抗之心彻底臣服。这是钝刀子割肉，是杀人诛心。本以为4月8号到10号那三天黑热搜围剿已经结束，本以为伦敦世乒赛就是终点——反正不让小胖回国家队了，桥归桥路归路，各走各的。谁知道还有后续。水军又开始岁月史书，借今天的失败，想把他的巴黎奥运男单金牌、八一之战、釜山世乒赛，还有他的天赋和勤奋，统统矮化、抹去。对他的围剿仍在继续。随着欧冠和德甲火爆、WTT观众和流量下滑，这种围剿只会越来越多、越来越频。小胖现在既危险又安全。他的价值太大，总有人想打压他让他别那么扎眼；可还是因为价值太大，让人起贪念，总想控制住他、拿他变现摘桃子。有人的地方就有江湖，价值太大，在哪都扎眼。欧冠输这两场，跟初到德国输那两场一样，未必是坏事。小胖身上有很多玄学，老天爷安排小莫总能在关键时刻助他一臂之力，托举他拿金牌！没准真是西方的神对东方紫微星的善意。既然红双喜胶皮没了供应，那就试着用蝴蝶。没国际比赛打，还能打德甲。这条路走不通，就走别的，总归不是绝路。小胖现在像被命运推着走，命运在替他断舍离：国家队、省队、一些人、一些缘分，现在又是胶皮，还有他一单两分必须扛的责任。哪怕他再舍不得，也被命运的大手无情斩断。不知道他要被推向何方。球迷能做的，就是一直陪着他。还是要祝贺小胖拿到第一个欧冠冠军。祝福他能够保持状态，打出自己想要的球。他才29岁，只比新一代领军大一岁，我相信他可以。,1779092218,2026-05-18 08:16:58+08:00,2882,61,95,1779077884121,https://m.weibo.cn/detail/5299838464819850,北京,1571999832,释不归,m,https://m.weibo.cn/u/1571999832?luicode=20000061&lfid=5299838464819850&launchid=10000360-page_H5,"https://tvax3.sinaimg.cn/crop.0.0.1080.1080.180/001InWY0ly8hummueynfyj60u00u0wgr02.jpg?KID=imgbed,tva&Expires=1779088660&ssig=Hop5YaSIK8",樊振东欧冠冠军,search_contents_2026-05-18.csv,search_post,, 看比赛时心一直悬着小胖拼了命地缠斗看得人心酸今天这手感凝滞的劲儿跟他初到德甲第一场一模一样根本不在状态失误满天飞尤其正手跟以往判若两人快两年没在国家队集训没打国际比赛接触不到外协高手一个人窝在外国俱乐部练球高强度对抗的缺失状态下滑根本是意料之中据说红双喜不再给他供胶皮了只能用蝴蝶z03真假不知但重要大赛突然换掉用了20年的胶皮确实诡异其实小胖输赢球迷对他印象不变希望他赢只是盼他境遇好点生存空间大点别那么难那么苦不怕他输球怕他自责内疚要是因为他丢了冠军他不知道得多难过幸好小莫和达科赢了让萨尔布吕肯四连冠让小胖不必背那么重的愧疚谢谢他们仔细想想替他难过还有什么比眼睁睁看着自己的天赋和职业生涯被糟蹋状态一点点下滑再也打不出想要的好球更残忍的事一个27岁当打之年的超级金满贯两年间被反复捶打各种手段折磨就想碾碎他最骄傲最看重的东西打断他的脊梁让他再也升不起反抗之心彻底臣服这是钝刀子割肉是杀人诛心本以为4月8号到10号那三天黑热搜围剿已经结束本以为伦敦世乒赛就是终点反正不让小胖回国家队了桥归桥路归路各走各的谁知道还有后续水军又开始岁月史书借今天的失败想把他的巴黎奥运男单金牌八一之战釜山世乒赛还有他的天赋和勤奋统统矮化抹去对他的围剿仍在继续随着欧冠和德甲火爆WTT观众和流量下滑这种围剿只会越来越多越来越频小胖现在既危险又安全他的价值太大总有人想打压他让他别那么扎眼可还是因为价值太大让人起贪念总想控制住他拿他变现摘桃子有人的地方就有江湖价值太大在哪都扎眼欧冠输这两场跟初到德国输那两场一样未必是坏事小胖身上有很多玄学老天爷安排小莫总能在关键时刻助他一臂之力托举他拿金牌没准真是西方的神对东方紫微星的善意既然红双喜胶皮没了供应那就试着用蝴蝶没国际比赛打还能打德甲这条路走不通就走别的总归不是绝路小胖现在像被命运推着走命运在替他断舍离国家队省队一些人一些缘分现在又是胶皮还有他一单两分必须扛的责任哪怕他再舍不得也被命运的大手无情斩断不知道他要被推向何方球迷能做的就是一直陪着他还是要祝贺小胖拿到第一个欧冠冠军祝福他能够保持状态打出自己想要的球他才29岁只比新一代领军大一岁我相信他可以,True,False,去国外打球不是他自己选的吗 || 说得太好了现在再差也比某些势力想达成的结果好至少有球打能舒心的打球不被打压排挤大家希望他赢完全是希望舆论好点但也意识到不管结果怎样对他的舆论围剿从不会停止毕竟有根本利益之争这次欧冠的热度比世乒赛高太多一个话题就近一亿的阅读世乒赛相关利益团队估计羡慕死了 || 经历过1227的球迷已经拥有更强大的心脏坦然面对输赢与他一路同行幸好有靠谱的队友不像以前因为队友拉垮必须一单二分输了不行赢了也不行现在终于可以感受一下躺赢的滋味也挺好命里带金冠军版图加一恭喜樊振东,3
5299898963723147,#樊振东回应获欧冠冠军#东：希望下次打得更好~萨尔布吕肯一秒婉拒：NO NO!!!哈哈都是可爱的人，下赛季就是对手啦~令人heart软软的氛围，友谊长存！ 体育名场面的微博视频 ,1779106643,2026-05-18 12:17:23+08:00,0,0,0,1779077884132,https://m.weibo.cn/detail/5299898963723147,广东,5538387716,体育名场面,f,https://m.weibo.cn/u/5538387716?launchid=10000360-page_H5,"https://tvax1.sinaimg.cn/crop.0.0.600.600.180/0062OvE8ly8ibcb3m9wqoj30go0gotar.jpg?KID=imgbed,tva&Expires=1779088652&ssig=gRJw3beQHW",樊振东欧冠冠军,search_contents_2026-05-18.csv,search_post,,东希望下次打得更好萨尔布吕肯一秒婉拒NO NO哈哈都是可爱的人下赛季就是对手啦令人heart软软的氛围友谊长存 体育名场面的微博视频 ,True,False,,3
5299898731727808,人是会变的，矬鑫居然去雍和宫拜拜，及开光。#樊振东欧冠冠军# 恭喜恭喜，天地广阔！ ,1779106588,2026-05-18 12:16:28+08:00,0,0,0,1779077884137,https://m.weibo.cn/detail/5299898731727808,山西,2047507913,暖暖渠tennis-NovakDjokovic,f,https://m.weibo.cn/u/2047507913?launchid=10000360-page_H5,"https://tvax3.sinaimg.cn/crop.0.0.1080.1080.180/7a0a7dc9ly8i181x6vw7qj20u00u0jsk.jpg?KID=imgbed,tva&Expires=1779088652&ssig=nQbpsKer4v",樊振东欧冠冠军,search_contents_2026-05-18.csv,search_post,,人是会变的矬鑫居然去雍和宫拜拜及开光 恭喜恭喜天地广阔 ,True,False,是的他去拜了还把乒乓球供奉上了 语音评论4quot,0
5299726465108567,#樊振东# 🏓#樊振东欧冠冠军# 【20260517】【推文】 cr. 中国驻法兰克福总领馆标题：黄昳扬总领事受邀观看欧洲乒联冠军联赛并颁奖正文：5月17日，应萨尔州政府、萨尔布吕肯乒乓球俱乐部（1. FC Saarbrücken TT）邀请，黄昳扬总领事赴萨尔布吕肯观看欧洲乒联冠军联赛决赛。德国萨尔布吕肯俱乐部对阵法国尼姆-蒙彼利埃联盟队（Alliance Nimes-Montpellier），中国球员樊振东作为主力队员参赛。萨尔州内政、建设和体育部长约斯特（Reinhold Jost）、欧洲乒联主席莫拉（Pedro Moura）、德国乒乓球甲级联赛（TTBL）总经理施蒂勒（Nico Stehle）以及欧洲体育、经贸等各界人士共同观赛。萨尔布吕肯队最终以3:2战胜对手夺得冠军，现场气氛热烈，观众掌声不断。黄总领事在同德方交流时表示，体育领域交流是中德两国交往的重要组成部分，也是促进两国民心相通的重要方式。本场赛事通过多家媒体平台同步转播，是中德双方落实默茨总理访华期间有关体育赛事转播合作文件的重要举措，标志着两国在人文交流领域合作不断深化。萨尔州对华交往走在德国各州前列，同湖南、天津等地的友好省州关系历久弥新。中国乒乓球运动员樊振东加盟萨尔布吕肯俱乐部，凭借出色表现和良好声誉获得德各界高度认可和喜爱，成为两国“民间友好使者“。未来，总领馆将与萨尔州共同举办一系列经贸、文化、体育活动，推动双方关系再上新台阶。德方高度评价樊振东在欧冠赛场上的出色表现，表示其作为国际知名运动员，不仅提升了萨尔布吕肯俱乐部和萨尔州在中国的知名度，也进一步激发了当地民众特别是青少年对乒乓球运动的热情。德方期待以体育交流为平台，进一步深化德中地方合作和人文交流。赛后，黄总领事同莫拉主席共同为冠亚军球队颁奖，向获奖运动员表示祝贺，并同现场嘉宾、运动员互动交流。,1779065516,2026-05-18 00:51:56+08:00,4414,377,869,1779077884143,https://m.weibo.cn/detail/5299726465108567,湖北,6348877826,FanDomiNation丨樊振东星光簿,m,https://m.weibo.cn/u/6348877826?luicode=20000061&lfid=5299726465108567&launchid=10000360-page_H5,"https://tvax2.sinaimg.cn/crop.0.0.1023.1023.180/006VFf9gly8hxvokkx8wcj30sg0sftem.jpg?KID=imgbed,tva&Expires=1779088663&ssig=JgO0ZoQzJw",樊振东欧冠冠军,search_contents_2026-05-18.csv,search_post,,  20260517推文 cr 中国驻法兰克福总领馆标题黄昳扬总领事受邀观看欧洲乒联冠军联赛并颁奖正文5月17日应萨尔州政府萨尔布吕肯乒乓球俱乐部1 FC Saarbrücken TT邀请黄昳扬总领事赴萨尔布吕肯观看欧洲乒联冠军联赛决赛德国萨尔布吕肯俱乐部对阵法国尼姆蒙彼利埃联盟队Alliance NimesMontpellier中国球员樊振东作为主力队员参赛萨尔州内政建设和体育部长约斯特Reinhold Jost欧洲乒联主席莫拉Pedro Moura德国乒乓球甲级联赛TTBL总经理施蒂勒Nico Stehle以及欧洲体育经贸等各界人士共同观赛萨尔布吕肯队最终以32战胜对手夺得冠军现场气氛热烈观众掌声不断黄总领事在同德方交流时表示体育领域交流是中德两国交往的重要组成部分也是促进两国民心相通的重要方式本场赛事通过多家媒体平台同步转播是中德双方落实默茨总理访华期间有关体育赛事转播合作文件的重要举措标志着两国在人文交流领域合作不断深化萨尔州对华交往走在德国各州前列同湖南天津等地的友好省州关系历久弥新中国乒乓球运动员樊振东加盟萨尔布吕肯俱乐部凭借出色表现和良好声誉获得德各界高度认可和喜爱成为两国民间友好使者未来总领馆将与萨尔州共同举办一系列经贸文化体育活动推动双方关系再上新台阶德方高度评价樊振东在欧冠赛场上的出色表现表示其作为国际知名运动员不仅提升了萨尔布吕肯俱乐部和萨尔州在中国的知名度也进一步激发了当地民众特别是青少年对乒乓球运动的热情德方期待以体育交流为平台进一步深化德中地方合作和人文交流赛后黄总领事同莫拉主席共同为冠亚军球队颁奖向获奖运动员表示祝贺并同现场嘉宾运动员互动交流,True,False,嗯热度有了冠军有了领事馆的夸赞有了 || 德方高度评价樊振东在欧冠赛场上的出色表现表示其作为国际知名运动员不仅提升了萨尔布吕肯俱乐部和萨尔州在中国的知名度也进一步激发了当地民众特别是青少年对乒乓球运动的热情 || 这可是真没办法了可是被中德两国同时高度肯定噢,0
5299237882429618,我收藏了很久的一段话，希望也可以给你一些启发～ ,1778949029,2026-05-16 16:30:29+08:00,4773,32,978,1779077985875,https://m.weibo.cn/detail/5299237882429618,浙江,6383046759,小九magic_,f,https://m.weibo.cn/u/6383046759?launchid=10000360-page_H5,"https://tvax1.sinaimg.cn/crop.0.0.1080.1080.180/006XYC35ly8hazgf7tjzfj30u00u00u9.jpg?KID=imgbed,tva&Expires=1779088751&ssig=t4N1fwPbCh",任何关系里都要遵守有客之道,search_contents_2026-05-18.csv,search_post,,我收藏了很久的一段话希望也可以给你一些启发 ,True,False,我也有这段话并且将她设为屏保 || 能力上给得起就不会计较心态上给得起就不会委屈 || 心甘情愿是所有关系的正道,0
5299624346388365,职场上，时刻记得自己是客人很多人在职场里吃亏，是因为太“不见外”。把同事当家人，什么情绪都往外倒；把领导当长辈，什么要求都敢提；把公司当自己家，想怎么干就怎么干。结果往往是被现实教训一顿。其实，职场中任何关系都要遵守一条朴素的原则——有客之道。你是客人，就别反客为主。别人的时间、资源、耐心，都是别人的，人家愿意给，你要感恩；人家不给，你也别生气。你是客人，就要有分寸。不随便打搅，不越界提要求，不理所当然地索取。该客气的时候客气，该感谢的时候感谢。你是客人，更要保持体面。不在背后议论，不把自己当中心，不把别人的帮助当成义务。记住：职场不是家，同事不是亲人。保持适当的距离和礼貌，反而能让关系走得更远。有客之道，不是生分，是成熟。#任何关系里都要遵守有客之道#,1779041169,2026-05-17 18:06:09+08:00,411,7,93,1779077985882,https://m.weibo.cn/detail/5299624346388365,北京,1650285095,白杨笔迹,m,https://m.weibo.cn/u/1650285095?luicode=20000061&lfid=5299624346388365&launchid=10000360-page_H5,"https://tvax4.sinaimg.cn/crop.0.0.750.750.180/625d5a27ly8g94rptg516j20ku0kudha.jpg?KID=imgbed,tva&Expires=1779088752&ssig=wUIsJCFZp2",任何关系里都要遵守有客之道,search_contents_2026-05-18.csv,search_post,,职场上时刻记得自己是客人很多人在职场里吃亏是因为太不见外把同事当家人什么情绪都往外倒把领导当长辈什么要求都敢提把公司当自己家想怎么干就怎么干结果往往是被现实教训一顿其实职场中任何关系都要遵守一条朴素的原则有客之道你是客人就别反客为主别人的时间资源耐心都是别人的人家愿意给你要感恩人家不给你也别生气你是客人就要有分寸不随便打搅不越界提要求不理所当然地索取该客气的时候客气该感谢的时候感谢你是客人更要保持体面不在背后议论不把自己当中心不把别人的帮助当成义务记住职场不是家同事不是亲人保持适当的距离和礼貌反而能让关系走得更远有客之道不是生分是成熟,True,False,是啊吃过亏了 || 很有见地职场上保持有客之道确实很重要它不仅体现了个人素养还能有效避免不必要的误会和冲突在职场这个大家庭里每个人都有自己的角色和边界尊重他人就是尊重自己这种成熟的态度有助于构建和谐的工作环境 || 领导不是总说要把单位当成家吗难道他在说瞎话,0
5299628790513880,#任何关系里都要遵守有客之道#任何关系里都要恪守待客之道，懂分寸知进退，热情有尺度，相处留余地，真心相待亦守住边界，方能长久安稳。 ,1779042228,2026-05-17 18:23:48+08:00,68,3,0,1779077985889,https://m.weibo.cn/detail/5299628790513880,天津,6890922766,银子堆成山,f,https://m.weibo.cn/u/6890922766?launchid=10000360-page_H5,"https://tvax4.sinaimg.cn/crop.0.0.1080.1080.180/007wlBNAly8icyckfkgz2j30u00u0dj1.jpg?KID=imgbed,tva&Expires=1779088751&ssig=Ya4I5Mg0k4",任何关系里都要遵守有客之道,search_contents_2026-05-18.csv,search_post,,任何关系里都要恪守待客之道懂分寸知进退热情有尺度相处留余地真心相待亦守住边界方能长久安稳 ,True,False,生活如酒懂得节制方得其味,0
5299671690119528,#任何关系里都要遵守有客之道#亲子关系更要遵守有客之道，你觉得对孩子好的事，孩子可能不那么认为，甚至觉得你在害他，因为在他那个年纪，不管是大脑发育，还是生活阅历，都理解不到大人的层面，所以如果你说朝东，孩子偏要朝西，最好的办法就是大人停止纠正，让孩子亲自体验一番，如果孩子是错的，那他一定会有感触，如果孩子是对的，那就更好了，若亲子关系中，一直处于对立状态，到最后一定两败俱伤。,1779052457,2026-05-17 21:14:17+08:00,124,5,22,1779077985892,https://m.weibo.cn/detail/5299671690119528,山西,5632150618,财主仁,m,https://m.weibo.cn/u/5632150618?luicode=20000061&lfid=5299671690119528&launchid=10000360-page_H5,"https://tvax1.sinaimg.cn/crop.0.0.1024.1024.180/00699VF0ly8hv6fqj0qirj30sg0sgabk.jpg?KID=imgbed,tva&Expires=1779088755&ssig=C0Wpa9PAPO",任何关系里都要遵守有客之道,search_contents_2026-05-18.csv,search_post,,亲子关系更要遵守有客之道你觉得对孩子好的事孩子可能不那么认为甚至觉得你在害他因为在他那个年纪不管是大脑发育还是生活阅历都理解不到大人的层面所以如果你说朝东孩子偏要朝西最好的办法就是大人停止纠正让孩子亲自体验一番如果孩子是错的那他一定会有感触如果孩子是对的那就更好了若亲子关系中一直处于对立状态到最后一定两败俱伤,True,False,好吧不对立,0
5299642515593516,分享一个顶级的处世思维:任何关系里都要遵守有客之道 京山·圣境村 苗乐伟-的微博视频 ,1779045501,2026-05-17 19:18:21+08:00,39,1,1,1779077985900,https://m.weibo.cn/detail/5299642515593516,湖北,3867129892,苗乐伟-,m,https://m.weibo.cn/u/3867129892?launchid=10000360-page_H5,"https://tvax4.sinaimg.cn/crop.0.0.1080.1080.180/e67fb824ly8i09pqm5nnvj20u00u0q70.jpg?KID=imgbed,tva&Expires=1779088751&ssig=5MokC5KJWq",任何关系里都要遵守有客之道,search_contents_2026-05-18.csv,search_post,,分享一个顶级的处世思维任何关系里都要遵守有客之道 京山圣境村 苗乐伟的微博视频 ,True,False,分享一个顶级的处世思维任何关系里都要遵守有客之道,0
5299826309727703,任何关系里都要遵守有客之道人与人的关系，大多需要一点留白。靠得太急，容易失去呼吸感；过度介入，节奏也会慢慢失衡。关系像长期运行里的动态平衡。靠近时有温度，退开时有边界。不是所有情绪都需要抵达，不是所有问题都需要进入。有些距离看似少了一步，却恰好留下舒适的空间。像风吹过树梢，枝叶彼此靠近，却依然保留各自摇晃的方向。人与人之间最舒服的状态，大概就是相互照亮，又彼此自由。#任何关系里都要遵守有客之道##财经 ﻿# 悦尔鹿鸣的微博视频,1779089321,2026-05-18 07:28:41+08:00,71,10,7,1779077985905,https://m.weibo.cn/detail/5299826309727703,福建,3204199962,悦尔鹿鸣,f,https://m.weibo.cn/u/3204199962?luicode=20000061&lfid=5299826309727703&launchid=10000360-page_H5,"https://tvax4.sinaimg.cn/crop.0.0.1080.1080.180/befc361aly8i1c4nclyojj20u00u0ade.jpg?KID=imgbed,tva&Expires=1779088759&ssig=%2Bwq4SmxP3%2F",任何关系里都要遵守有客之道,search_contents_2026-05-18.csv,search_post,,任何关系里都要遵守有客之道人与人的关系大多需要一点留白靠得太急容易失去呼吸感过度介入节奏也会慢慢失衡关系像长期运行里的动态平衡靠近时有温度退开时有边界不是所有情绪都需要抵达不是所有问题都需要进入有些距离看似少了一步却恰好留下舒适的空间像风吹过树梢枝叶彼此靠近却依然保留各自摇晃的方向人与人之间最舒服的状态大概就是相互照亮又彼此自由 悦尔鹿鸣的微博视频,True,False,本宫倒觉得贴得太近反倒失了身份留白那是弱者才需要的遮羞布 || 人和人之间要有边界,0
5299819771856803,#任何关系里都要遵守有客之道#拿家庭关系举例，如果你给父母买礼物，她们满心欢喜、欣然接受，则为之正道，反之如果父母心疼钱而心生怨气，就应该停止； 再说到夫妻关系，如果大家都喜欢睡懒觉，但是偏偏你更有责任心，就早起做了早餐，如果你此时心怀感恩，心情愉悦，心甘情愿去做这些，那就是正道，反之你如果心生怨恨和委屈，埋怨他懒惰没责任心，那就应该停止； 最后说到亲子关系，如果你为了孩子能够考上理想的大学，选择辞职，全身心投入到教育和陪伴孩子身上，如果孩子能体会这份心意，是感恩是喜悦，并且很上进，则为之正道，反之如果孩子是焦虑的、反抗的话、抑郁的，那就应该立即停止。“道”就是你什么都不用去做，就能得到你的滋养，从而收益。 简单来说，就是不要做费力不讨好的事情。有时候我们总是一边抱怨，一边生气，边付出，一边伤心，老牺牲自己付出时间、金钱、精力，结果不仅惹得对方不开心，还让自己满心委屈，这样的事就应该立即停止。,1779087762,2026-05-18 07:02:42+08:00,105,3,17,1779077985909,https://m.weibo.cn/detail/5299819771856803,福建,5772514698,金蝶缀梦,f,https://m.weibo.cn/u/5772514698?luicode=20000061&lfid=5299819771856803&launchid=10000360-page_H5,"https://tvax1.sinaimg.cn/crop.0.0.1080.1080.180/006iESLMly8ic8mmwjgb3j30u00u0n0e.jpg?KID=imgbed,tva&Expires=1779088762&ssig=SC91J9rnlW",任何关系里都要遵守有客之道,search_contents_2026-05-18.csv,search_post,,拿家庭关系举例如果你给父母买礼物她们满心欢喜欣然接受则为之正道反之如果父母心疼钱而心生怨气就应该停止 再说到夫妻关系如果大家都喜欢睡懒觉但是偏偏你更有责任心就早起做了早餐如果你此时心怀感恩心情愉悦心甘情愿去做这些那就是正道反之你如果心生怨恨和委屈埋怨他懒惰没责任心那就应该停止 最后说到亲子关系如果你为了孩子能够考上理想的大学选择辞职全身心投入到教育和陪伴孩子身上如果孩子能体会这份心意是感恩是喜悦并且很上进则为之正道反之如果孩子是焦虑的反抗的话抑郁的那就应该立即停止道就是你什么都不用去做就能得到你的滋养从而收益 简单来说就是不要做费力不讨好的事情有时候我们总是一边抱怨一边生气边付出一边伤心老牺牲自己付出时间金钱精力结果不仅惹得对方不开心还让自己满心委屈这样的事就应该立即停止,True,False,,0
5299720696104092,任何关系里都要遵守有客之道，分寸感拿捏到位，尊重彼此边界不越界，相处才能长久舒心，大家认同这份处世原则吗#专业视频创作季# 笑料百宝箱的微博视频 ,1779064141,2026-05-18 00:29:01+08:00,63,12,1,1779077985912,https://m.weibo.cn/detail/5299720696104092,陕西,2485425080,笑料百宝箱,m,https://m.weibo.cn/u/2485425080?launchid=10000360-page_H5,"https://tvax1.sinaimg.cn/crop.0.0.1080.1080.180/942493b8ly8i007iqiyp7j20u00u1myr.jpg?KID=imgbed,tva&Expires=1779088751&ssig=pe9uGTh1mn",任何关系里都要遵守有客之道,search_contents_2026-05-18.csv,search_post,,任何关系里都要遵守有客之道分寸感拿捏到位尊重彼此边界不越界相处才能长久舒心大家认同这份处世原则吗 笑料百宝箱的微博视频 ,True,False,生活中确实应该如此 || 有客之道我觉得真诚和尊重是关键你觉得呢 || 说的有一定道理,0
5299849295823555,#短剧演员从三年百部到无戏可拍# 随着AI技术快速发展，短剧行业迎来深度洗牌。曾三年参演百余部短剧的演员，如今面临无戏可拍的职业困境。5月17日，演员吴维斌在科技论坛的圆桌沙龙中分享，自己亲历短剧行业从蓝海爆发、红海内卷，到如今被AI短剧冲击的全过程。目前横店、西安、郑州等拍摄基地真人短剧开机量大幅锐减，平台纷纷入局AI短剧，挤压了真人演员的生存空间。行业虽现回暖迹象，部分平台叫停AI短剧扶持、加码真人短剧项目，但红利暂未惠及身处制作末端的演员。他表示，真实的情绪转变、临场创作灵感与人情温度，是AI表演无法复刻的核心优势。他认为AI只是工具，期盼行业与政策完善，守护真人表演的艺术价值。 中网传播的微博视频,1779094801,2026-05-18 09:00:01+08:00,2415,428,173,1779078047732,https://m.weibo.cn/detail/5299849295823555,,7422806367,中网传播,f,https://m.weibo.cn/u/7422806367?luicode=20000061&lfid=5299849295823555&launchid=10000360-page_H5,"https://tvax1.sinaimg.cn/crop.0.0.1000.1000.180/0086ll1lly8hw9cc28gcpj30rs0rs3yx.jpg?KID=imgbed,tva&Expires=1779088841&ssig=n1JkBO9Sz%2B",短剧演员从三年百部到无戏可拍,search_contents_2026-05-18.csv,search_post,, 随着AI技术快速发展短剧行业迎来深度洗牌曾三年参演百余部短剧的演员如今面临无戏可拍的职业困境5月17日演员吴维斌在科技论坛的圆桌沙龙中分享自己亲历短剧行业从蓝海爆发红海内卷到如今被AI短剧冲击的全过程目前横店西安郑州等拍摄基地真人短剧开机量大幅锐减平台纷纷入局AI短剧挤压了真人演员的生存空间行业虽现回暖迹象部分平台叫停AI短剧扶持加码真人短剧项目但红利暂未惠及身处制作末端的演员他表示真实的情绪转变临场创作灵感与人情温度是AI表演无法复刻的核心优势他认为AI只是工具期盼行业与政策完善守护真人表演的艺术价值 中网传播的微博视频,True,False,只有我不爱看AI短剧吗一股塑料味角色表情都很惊悚 || 真人表演的人情味永远是AI模仿不来的 || 我除了追的几个演员其他看的都是剧情什么真人ai动画甚至配图小说我都感觉没差那些说 ai 没人情味的我都笑了本来已经吃垃圾食品了你还会在乎是人炒的还是机器炒的,0
5299869977674719,短剧演员从三年百部到无戏可拍AI短剧对真人短剧的冲击力太大了现在很多中腰部短剧演员已经完全没戏拍，有些以前演男主女主的还能演演女二男二，头部的档期排到了六七月，这样下去以后真人短剧是不是就是头部换乘恋爱了？？ ,1779099732,2026-05-18 10:22:12+08:00,109,22,3,1779078047742,https://m.weibo.cn/detail/5299869977674719,浙江,5162532096,刻度雨,m,https://m.weibo.cn/u/5162532096?launchid=10000360-page_H5,"https://tvax2.sinaimg.cn/crop.0.0.1080.1080.180/005DnsqIly8id0r0q7yppj30u00u0n2k.jpg?KID=imgbed,tva&Expires=1779088840&ssig=B%2BhNHYlJOy",短剧演员从三年百部到无戏可拍,search_contents_2026-05-18.csv,search_post,,短剧演员从三年百部到无戏可拍AI短剧对真人短剧的冲击力太大了现在很多中腰部短剧演员已经完全没戏拍有些以前演男主女主的还能演演女二男二头部的档期排到了六七月这样下去以后真人短剧是不是就是头部换乘恋爱了 ,True,False,长剧和短剧的女演员都升咖好慢 反而对男演员好像没啥影响 || 现在ai真的太智能了生成的短剧质量也很高 || 主要剧情没有新颖吧和AI也没多大关系,0
5299878714148349,#短剧演员从三年百部到无戏可拍#反复刷这类热搜毫无意义。短剧演员早已吃尽红利赚足收益，如今遇空档就卖惨属实没法共情。比起台前演员，摄影、灯光、制片等幕后从业者才是最先失业被迫转行，远比演员处境艰难。 ,1779101815,2026-05-18 10:56:55+08:00,86,8,1,1779078047751,https://m.weibo.cn/detail/5299878714148349,浙江,6629056234,重生之我在短国开磕糖机,m,https://m.weibo.cn/u/6629056234?launchid=10000360-page_H5,"https://tvax1.sinaimg.cn/crop.0.0.1080.1080.180/007eCQlQly8i50ypa1aowj30u00u0q5i.jpg?KID=imgbed,tva&Expires=1779088840&ssig=oByqLJ6IR6",短剧演员从三年百部到无戏可拍,search_contents_2026-05-18.csv,search_post,,反复刷这类热搜毫无意义短剧演员早已吃尽红利赚足收益如今遇空档就卖惨属实没法共情比起台前演员摄影灯光制片等幕后从业者才是最先失业被迫转行远比演员处境艰难 ,True,False,的确如此 幕后工作者才是最惨的,0
5299871445425969,#短剧演员从三年百部到无戏可拍#Ai只是一部分原因吧，更多的是只用流量不启用新人，看来看去就那几个人越来越无聊，一点新鲜感都没有还不如去看Ai ,1779100082,2026-05-18 10:28:02+08:00,180,14,5,1779078047758,https://m.weibo.cn/detail/5299871445425969,浙江,6571655083,慧的匈奴,m,https://m.weibo.cn/u/6571655083?launchid=10000360-page_H5,"https://tvax3.sinaimg.cn/crop.0.0.1080.1080.180/007aJZGPly8id5a5oi8lzj30u00u077r.jpg?KID=imgbed,tva&Expires=1779088840&ssig=KGrfIGAIiZ",短剧演员从三年百部到无戏可拍,search_contents_2026-05-18.csv,search_post,,Ai只是一部分原因吧更多的是只用流量不启用新人看来看去就那几个人越来越无聊一点新鲜感都没有还不如去看Ai ,True,False,你看短剧吗 || AI冲击下新人机会少老戏骨演技好还是得靠实力说话 语音评论6quot || Ai确实是比真人更加省成本,0
5299865275342473,#短剧演员从三年百部到无戏可拍#虽然但是还是喜欢看人演的虽然有的时候很搞笑ai便捷式便捷但是有的时候没有人情味🥲  初涩果的微博视频  ,1779098611,2026-05-18 10:03:31+08:00,117,19,10,1779078047763,https://m.weibo.cn/detail/5299865275342473,山西,7734730806,初涩果,f,https://m.weibo.cn/u/7734730806?launchid=10000360-page_H5,"https://tvax2.sinaimg.cn/crop.0.0.1080.1080.180/008rs8OGly8ic0q1aevivj30u00u0412.jpg?KID=imgbed,tva&Expires=1779088840&ssig=rEmmESBBra",短剧演员从三年百部到无戏可拍,search_contents_2026-05-18.csv,search_post,,虽然但是还是喜欢看人演的虽然有的时候很搞笑ai便捷式便捷但是有的时候没有人情味  初涩果的微博视频  ,True,False,大家喜欢看哪种短剧 || ai使用一定要权衡利弊啊,0
5299899558005157,#短剧演员从三年百部到无戏可拍#“霸总专业户”张小磊两年拍近200部短剧，月入两三万，2026年春节后戏约清零，最终返乡投入40万元种辣椒。 ,1779106785,2026-05-18 12:19:45+08:00,0,0,0,1779078047769,https://m.weibo.cn/detail/5299899558005157,河北,7401113263,觉子一直不睡觉·,f,https://m.weibo.cn/u/7401113263?launchid=10000360-page_H5,"https://tvax1.sinaimg.cn/crop.0.0.960.960.180/0084SjEzly8i19560piw2j30qo0qowj6.jpg?KID=imgbed,tva&Expires=1779088840&ssig=qyVTDn5l45",短剧演员从三年百部到无戏可拍,search_contents_2026-05-18.csv,search_post,,霸总专业户张小磊两年拍近200部短剧月入两三万2026年春节后戏约清零最终返乡投入40万元种辣椒 ,True,False,,0
5299895046769839,图灵塔罗  乙木明明是别人之间的利益博弈非要把你卷进去能避免就避免保持中庸因为即使你站队对方也不会给你应得的好处你们只需要独善其身或者主动抽离，远离是非隔岸观火，嗑瓜子，吃西瓜🍉#短剧演员从三年百部到无戏可拍# ,1779105709,2026-05-18 12:01:49+08:00,14,4,1,1779078047778,https://m.weibo.cn/detail/5299895046769839,上海,5349976738,图灵塔罗v,f,https://m.weibo.cn/u/5349976738?launchid=10000360-page_H5,"https://tva1.sinaimg.cn/crop.0.0.1242.1242.180/005Q3Xlojw8f6pmxz6w4sj30yi0yi40f.jpg?KID=imgbed,tva&Expires=1779088840&ssig=F8aMQIdvH4",短剧演员从三年百部到无戏可拍,search_contents_2026-05-18.csv,search_post,,图灵塔罗  乙木明明是别人之间的利益博弈非要把你卷进去能避免就避免保持中庸因为即使你站队对方也不会给你应得的好处你们只需要独善其身或者主动抽离远离是非隔岸观火嗑瓜子吃西瓜 ,True,False,,0
5299898541147818,#曝黄奕新恋情##短剧演员从三年百部到无戏可拍#近日，演员@黄奕 被曝疑似新恋情，八卦媒体多次拍到其与一名神秘男子聚餐后同返上海公寓互动自然亲密，截至爆料当日，黄奕及工作室暂未对恋情作出回应。近年她专注事业与育儿，转型投资人并经营母婴品牌，曾公开表示“后悔为感情放弃演员身份”，其女儿已长大家庭稳定，为重启感情提供基础! 中网传播的微博视频,1779106542,2026-05-18 12:15:42+08:00,0,0,0,1779078047784,https://m.weibo.cn/detail/5299898541147818,,7422806367,中网传播,f,https://m.weibo.cn/u/7422806367?luicode=20000061&lfid=5299898541147818&launchid=10000360-page_H5,"https://tvax1.sinaimg.cn/crop.0.0.1000.1000.180/0086ll1lly8hw9cc28gcpj30rs0rs3yx.jpg?KID=imgbed,tva&Expires=1779088844&ssig=IN1Ud35UbD",短剧演员从三年百部到无戏可拍,search_contents_2026-05-18.csv,search_post,,近日演员 被曝疑似新恋情八卦媒体多次拍到其与一名神秘男子聚餐后同返上海公寓互动自然亲密截至爆料当日黄奕及工作室暂未对恋情作出回应近年她专注事业与育儿转型投资人并经营母婴品牌曾公开表示后悔为感情放弃演员身份其女儿已长大家庭稳定为重启感情提供基础 中网传播的微博视频,True,False,,0
5299845222109006,#许玮甯邱泽公园溜娃##偶遇许玮甯邱泽公园溜娃# 偶遇许玮甯邱泽公园溜娃，邱泽身上绑着腰凳将儿子举高高，一家三口好幸福。 ,1779093830,2026-05-18 08:43:50+08:00,332,13,5,1779078130973,https://m.weibo.cn/detail/5299845222109006,浙江,5705021476,芒果捞小萌主,m,https://m.weibo.cn/u/5705021476?launchid=10000360-page_H5,"https://tvax4.sinaimg.cn/crop.0.0.1080.1080.180/006e5GHqly8h8ugf15lhuj30u00u03zh.jpg?KID=imgbed,tva&Expires=1779088923&ssig=Z1WSLBPjA5",许玮甯邱泽公园溜娃,search_contents_2026-05-18.csv,search_post,, 偶遇许玮甯邱泽公园溜娃邱泽身上绑着腰凳将儿子举高高一家三口好幸福 ,True,False,这画面太温馨了吧 感觉他们的小家庭超有爱的 语音评论5quot || 他俩结婚了 || 我一直记得是张钧甯和邱泽,0
5299892893253883,#许玮甯邱泽公园溜娃#孩子全程在爸爸手里抱着让妈妈解放双手， 之前许玮甯刚生完也说过是邱泽全程照顾宝宝吃饭洗澡陪玩让她安心坐月子好丈夫好爸爸 ,1779105195,2026-05-18 11:53:15+08:00,165,20,22,1779078130980,https://m.weibo.cn/detail/5299892893253883,云南,1830887007,·小天狼星,m,https://m.weibo.cn/u/1830887007?launchid=10000360-page_H5,"https://tvax3.sinaimg.cn/crop.0.0.1080.1080.180/6d211e5fly8ibpbcjy4hrj20u00u0whl.jpg?KID=imgbed,tva&Expires=1779088923&ssig=CGNr0Y4%2FXY",许玮甯邱泽公园溜娃,search_contents_2026-05-18.csv,search_post,,孩子全程在爸爸手里抱着让妈妈解放双手 之前许玮甯刚生完也说过是邱泽全程照顾宝宝吃饭洗澡陪玩让她安心坐月子好丈夫好爸爸 ,True,False,两个颜霸的娃得多好看啊 || 一家三口好恩爱啊 || 真的是特别幸福的一家啊,0
5299897645665006,#许玮甯邱泽公园溜娃#姨母心化了！！！🥹邱泽绑着腰凳把儿子举高高，许玮甯在旁边叉腰笑着看，这画面我能看一百遍。没有保姆、没有助理，就一家三口在普通周末遛弯。小Ian从4个月就会“职业笑容”，10个月就会走路，还会主动营业合照…这就是被爱养大的孩子吧，我的CP，真的过得很幸福❤️ ,1779106329,2026-05-18 12:12:09+08:00,60,7,0,1779078130990,https://m.weibo.cn/detail/5299897645665006,河北,5609271095,知情小玛丽,f,https://m.weibo.cn/u/5609271095?launchid=10000360-page_H5,"https://tvax2.sinaimg.cn/crop.0.0.996.996.180/0067BVErly8gj9tzingksj30ro0rogo0.jpg?KID=imgbed,tva&Expires=1779088923&ssig=FErihtQ%2Bz0",许玮甯邱泽公园溜娃,search_contents_2026-05-18.csv,search_post,,姨母心化了邱泽绑着腰凳把儿子举高高许玮甯在旁边叉腰笑着看这画面我能看一百遍没有保姆没有助理就一家三口在普通周末遛弯小Ian从4个月就会职业笑容10个月就会走路还会主动营业合照这就是被爱养大的孩子吧我的CP真的过得很幸福 ,True,False,这一家人真的好幸福啊 || 好幸福的一家人啊 羡慕 || 都有娃了幸福的一家三口,0
5299886960673208,#许玮甯邱泽公园溜娃#网友偶遇邱泽许玮甯携爱子现身公园休闲遛娃，画面温馨治愈。邱泽腰间系着腰凳，贴心陪孩子玩耍，还温柔将儿子高高举起，尽显暖心奶爸模样，许玮甯相伴身旁笑意温婉。褪去明星光环尽显烟火日常，不少网友感慨二人婚后生活低调甜蜜，一家三口其乐融融，满是平淡安稳的幸福感。 ,1779103780,2026-05-18 11:29:40+08:00,134,21,1,1779078130997,https://m.weibo.cn/detail/5299886960673208,江苏,5235089692,Oopsboomboom,f,https://m.weibo.cn/u/5235089692?launchid=10000360-page_H5,"https://tvax1.sinaimg.cn/crop.0.0.887.887.180/005IhTYwly8i8aamgg7flj30on0ont9k.jpg?KID=imgbed,tva&Expires=1779088923&ssig=F32yRYjxS2",许玮甯邱泽公园溜娃,search_contents_2026-05-18.csv,search_post,,网友偶遇邱泽许玮甯携爱子现身公园休闲遛娃画面温馨治愈邱泽腰间系着腰凳贴心陪孩子玩耍还温柔将儿子高高举起尽显暖心奶爸模样许玮甯相伴身旁笑意温婉褪去明星光环尽显烟火日常不少网友感慨二人婚后生活低调甜蜜一家三口其乐融融满是平淡安稳的幸福感 ,True,False,你喜欢他们夫妻俩吗 || 许玮宁天选老公邱泽天选老婆 语音评论5quot || 暖心奶爸力MAX  邱泽举高高的画面太戳了妥妥的超人爸爸,0
5299889470701660,许玮甯邱泽，真的是偶像剧照进了现实，他们的娃颜值该有多高！#许玮甯邱泽公园溜娃# 蜡笔小丸子ily的微博视频 ,1779104379,2026-05-18 11:39:39+08:00,45,3,0,1779078131003,https://m.weibo.cn/detail/5299889470701660,河北,7891224918,蜡笔小丸子ily,m,https://m.weibo.cn/u/7891224918?launchid=10000360-page_H5,"https://tvax4.sinaimg.cn/crop.0.0.1070.1070.180/008C2M5gly8i1rlva1pl0j30tq0tq0vd.jpg?KID=imgbed,tva&Expires=1779088923&ssig=OjNbCuObwS",许玮甯邱泽公园溜娃,search_contents_2026-05-18.csv,search_post,,许玮甯邱泽真的是偶像剧照进了现实他们的娃颜值该有多高 蜡笔小丸子ily的微博视频 ,True,False,啊他俩才结婚吗我怎么记得已经结了呢 || 一物降一物 || 看着脸好像见过名字我咋一点不熟悉呢,0
5299900057125316,#许玮宁邱泽公园溜娃#好幸福的一家三口，能看出来男的没有隐形，身上绑了腰带，带娃这块很用心了，另外这个角度和构图拍出的照片可想而知不会多好看，但是他们身材颜值很可以了，只看了白的发光的孩子妈，身材比较壮的孩子爸，萌萌的一小只娃，总之，很幸福的一家讲真的，对他俩不是很熟悉，但模糊中他俩颜值都很不错，这小娃娃长大了肯定超好看许玮宁邱泽公园溜娃,1779106904,2026-05-18 12:21:44+08:00,0,0,0,1779078131010,https://m.weibo.cn/detail/5299900057125316,上海,5788952642,刘哈哈爱追剧,f,https://m.weibo.cn/u/5788952642?luicode=20000061&lfid=5299900057125316&launchid=10000360-page_H5,"https://tvax1.sinaimg.cn/crop.0.0.1080.1080.180/006jLR1Uly8hxbj9yjyihj30u00u040x.jpg?KID=imgbed,tva&Expires=1779088924&ssig=9whTnAJMtX",许玮甯邱泽公园溜娃,search_contents_2026-05-18.csv,search_post,,好幸福的一家三口能看出来男的没有隐形身上绑了腰带带娃这块很用心了另外这个角度和构图拍出的照片可想而知不会多好看但是他们身材颜值很可以了只看了白的发光的孩子妈身材比较壮的孩子爸萌萌的一小只娃总之很幸福的一家讲真的对他俩不是很熟悉但模糊中他俩颜值都很不错这小娃娃长大了肯定超好看许玮宁邱泽公园溜娃,True,False,,0
5299899478574269,邱泽和尊龙五官长相神似，生日也很接近，眉眼深情，风度翩翩！#许玮甯邱泽公园溜娃# ,1779106766,2026-05-18 12:19:26+08:00,0,1,0,1779078131023,https://m.weibo.cn/detail/5299899478574269,安徽,1579556204,德露福儿,f,https://m.weibo.cn/u/1579556204?launchid=10000360-page_H5,"https://tvax2.sinaimg.cn/crop.0.0.500.500.180/5e261d6cly8i6jylowymmj20dw0dw75j.jpg?KID=imgbed,tva&Expires=1779088923&ssig=q7VEe7SLfT",许玮甯邱泽公园溜娃,search_contents_2026-05-18.csv,search_post,,邱泽和尊龙五官长相神似生日也很接近眉眼深情风度翩翩 ,True,False,这基因太强大了吧小Ian继承了爸妈的所有优点以后也是要进娱乐圈的节奏吗,0
5299849290319706,#藏海传开播一周年# 感谢小宝藏们一直以来的支持与喜爱正值一周年，特邀小宝藏们一起来@优酷 领取周年限量典藏流沙票根和解锁独家未公开剧照啦～一起共庆周年！ ,1779094800,2026-05-18 09:00:00+08:00,45799,5976,12552,1779078216891,https://m.weibo.cn/detail/5299849290319706,北京,6400913994,藏海传官微,m,https://m.weibo.cn/u/6400913994?launchid=10000360-page_H5,"https://tvax4.sinaimg.cn/crop.0.0.1080.1080.180/006ZbA8ily8hlbjkya2s5j30u00u00wh.jpg?KID=imgbed,tva&Expires=1779089006&ssig=h4WCgpZTe1",藏海传未公开剧照,search_contents_2026-05-18.csv,search_post,, 感谢小宝藏们一直以来的支持与喜爱正值一周年特邀小宝藏们一起来 领取周年限量典藏流沙票根和解锁独家未公开剧照啦一起共庆周年 ,True,False,一起领取周年限量典藏流沙票根和解锁独家未公开剧照啦一起共庆周年 || 藏海大人一周年快乐,0
5299872099735112,#藏海传未公开剧照#藏海传你有这种好东西怎么不早点放出来开播一周年快乐🎊#春日心动放映季# ,1779100238,2026-05-18 10:30:38+08:00,3737,133,130,1779078216895,https://m.weibo.cn/detail/5299872099735112,山西,5994688849,十级杠精王铁锤,m,https://m.weibo.cn/u/5994688849?launchid=10000360-page_H5,"https://tvax1.sinaimg.cn/crop.0.0.994.994.180/006xH6pPly8h8v10brzc5j30rm0rmq4n.jpg?KID=imgbed,tva&Expires=1779089006&ssig=dX1o5S%2BY75",藏海传未公开剧照,search_contents_2026-05-18.csv,search_post,,藏海传你有这种好东西怎么不早点放出来开播一周年快乐 ,True,False,好家伙还藏了私货 || 好家伙还有我没看过的 || 这就是导演说的敦煌风吗还有吗还有吗,0
5299881087340747,#藏海传未公开剧照#我们藏海大人还是这么权威，这么好的演技，值得任何奖项。✌️✌️ ,1779102381,2026-05-18 11:06:21+08:00,817,15,42,1779078216897,https://m.weibo.cn/detail/5299881087340747,山东,6374293675,泡芙日记啊,f,https://m.weibo.cn/u/6374293675?launchid=10000360-page_H5,"https://tvax4.sinaimg.cn/crop.0.0.1080.1080.180/006XnSYjly8i97u8e65juj30u00u0go9.jpg?KID=imgbed,tva&Expires=1779089006&ssig=lvGdpBEM7N",藏海传未公开剧照,search_contents_2026-05-18.csv,search_post,,我们藏海大人还是这么权威这么好的演技值得任何奖项 ,True,False,,0
5299867312204273,时至今日，抖上网友还在怀念当初追《藏海传》时的氛围 #藏海传未公开剧照# ,1779099097,2026-05-18 10:11:37+08:00,1326,39,9,1779078216899,https://m.weibo.cn/detail/5299867312204273,广东,7581621829,从良春春,f,https://m.weibo.cn/u/7581621829?launchid=10000360-page_H5,"https://tvax4.sinaimg.cn/crop.0.0.664.664.180/008h5Ib3ly8h6gzifsuvaj30ig0ig74y.jpg?KID=imgbed,tva&Expires=1779089006&ssig=q8aY%2BApRz5",藏海传未公开剧照,search_contents_2026-05-18.csv,search_post,,时至今日抖上网友还在怀念当初追藏海传时的氛围  ,True,False,确实是错过一秒钟都不行每一秒都恨不得重新回看生怕错过每一个细节即使这么谨慎依旧有很多点没有发现只怪这个藏海传太精彩肖战演技过于优秀 || 哈哈欢乐时光 || 绝对的全球爆剧影视剧史上浓墨重彩的一笔,0
5299872569492143,【#藏海传去年今日开播#】5月18日，@藏海传官微 发文庆祝开播一周年。“长念，长感。时时回望，幕幕在心。幸与诸君相逢，青山不改，前路共赴。”并分享了《藏海传》新剧照。#藏海传抖抖还有存货# 据了解，《藏海传》于2025年5月18日19:30在央视八套（CCTV-8）黄金强档和优酷平台同步首播，当日上午，《藏海传》以900万预约量创优酷史上新纪录。#藏海传未公开剧照#,1779100350,2026-05-18 10:32:30+08:00,465,5,9,1779078216904,https://m.weibo.cn/detail/5299872569492143,,3203137375,四川观察,f,https://m.weibo.cn/u/3203137375?luicode=20000061&lfid=5299872569492143&launchid=10000360-page_H5,"https://tvax3.sinaimg.cn/crop.0.0.600.600.180/beebff5fly8i6aou48o1nj20go0got9j.jpg?KID=imgbed,tva&Expires=1779089007&ssig=9MJD0A47jW",藏海传未公开剧照,search_contents_2026-05-18.csv,search_post,,5月18日 发文庆祝开播一周年长念长感时时回望幕幕在心幸与诸君相逢青山不改前路共赴并分享了藏海传新剧照 据了解藏海传于2025年5月18日1930在央视八套CCTV8黄金强档和优酷平台同步首播当日上午藏海传以900万预约量创优酷史上新纪录,True,False,开播一周年一起来重温 藏海凭借细腻演技和超棒的同期声台词深入人心让观众共情成功诠释东方君子风骨惊艳世界藏海传让世界读懂中华文化内核凭文化底蕴出圈全球 || 藏海传确实好看确实牛 || 肖战藏海传开播一周年快乐,0
5299900380090508,一年了还有未公开剧照！！这个剧方到底还藏了多少新图，好好看的藏海🥰🥰#藏海传未公开剧照# ,1779106981,2026-05-18 12:23:01+08:00,0,0,0,1779078216906,https://m.weibo.cn/detail/5299900380090508,广东,7582079407,落念甜禁,f,https://m.weibo.cn/u/7582079407?launchid=10000360-page_H5,"https://tvax1.sinaimg.cn/crop.0.0.1079.1079.180/008h7Ddlly8i8m9g9x5tjj30tz0u0429.jpg?KID=imgbed,tva&Expires=1779089006&ssig=%2BRPCiwICSR",藏海传未公开剧照,search_contents_2026-05-18.csv,search_post,,一年了还有未公开剧照这个剧方到底还藏了多少新图好好看的藏海 ,True,False,,0
5299899492466938,肖战#藏海传未公开剧照#无肖战不臧海 ！肖战以精湛动人的演技为角色赋能为剧添彩，这是演员的至高境界，也是演员荣耀所在！ ,1779106768,2026-05-18 12:19:28+08:00,0,2,0,1779078216909,https://m.weibo.cn/detail/5299899492466938,安徽,3990282276,褶S鱼J糊,m,https://m.weibo.cn/u/3990282276?launchid=10000360-page_H5,"https://tvax3.sinaimg.cn/crop.0.0.1080.1080.180/edd6e024ly8h7004ehxoej20u00u0gpl.jpg?KID=imgbed,tva&Expires=1779089006&ssig=RiuCov665M",藏海传未公开剧照,search_contents_2026-05-18.csv,search_post,,肖战无肖战不臧海 肖战以精湛动人的演技为角色赋能为剧添彩这是演员的至高境界也是演员荣耀所在 ,True,False,你是最亮的那一轮明月永远爱你 || 不管未来你是处于低谷还是高峰都要坚强乐观的去面对就算路途偶尔有荆棘也要保持自己最初的赤诚活出自己最美好的样子这些经历会让自己变得越来越优秀成为一个更好的人,0
5299865648629097,#藏海传未公开剧照# #藏海传开播一周年# 一年前我们初识藏海@肖战 ，看他在权谋与复仇之间，步步为营，落子无悔。故事里的算计与人心、隐忍与翻盘，至今依旧看得过瘾这个夏天，本👖带着【未公开新鲜物料】赶来，邀请小宝藏们重刷《藏海传》，我们再看这场属于藏海大人的逆风翻盘！#上优酷看藏海传# #人间宝酷看不完根本看不完# 👉电视剧藏海传的优酷视频,1779098700,2026-05-18 10:05:00+08:00,4287,687,1028,1779078216912,https://m.weibo.cn/detail/5299865648629097,,1642904381,优酷,m,https://m.weibo.cn/u/1642904381?luicode=20000061&lfid=5299865648629097&launchid=10000360-page_H5,"https://tvax3.sinaimg.cn/crop.0.0.600.600.180/001NbstLly8hmapj3r9h9j60go0goaac02.jpg?KID=imgbed,tva&Expires=1779089010&ssig=nMM%2BJxn73K",藏海传未公开剧照,search_contents_2026-05-18.csv,search_post,,  一年前我们初识藏海 看他在权谋与复仇之间步步为营落子无悔故事里的算计与人心隐忍与翻盘至今依旧看得过瘾这个夏天本带着未公开新鲜物料赶来邀请小宝藏们重刷藏海传我们再看这场属于藏海大人的逆风翻盘  电视剧藏海传的优酷视频,True,False,藏海传一周年快乐,0
5298847733254253,当“全能艺人”遇上“全能旗舰”。王力宏的十八般武艺，腾势N9闪充版的十八般科技。5月18日，看这对组合如何刷新豪华标杆。#王力宏官宣新身份##腾势N9闪充版##王力宏腾势汽车品牌全球代言人#       极目新闻的微博视频  ,1778856010,2026-05-15 14:40:10+08:00,322,21,21,1779078288893,https://m.weibo.cn/detail/5298847733254253,,1720962692,极目新闻,m,https://m.weibo.cn/u/1720962692?launchid=10000360-page_H5,"https://tvax4.sinaimg.cn/crop.111.343.857.857.180/001SsZ0Mly8h8vhiw5c7tj60u016w0us02.jpg?KID=imgbed,tva&Expires=1779089081&ssig=VSEABcbJFQ",王力宏亮相腾势N9闪充版发布会,search_contents_2026-05-18.csv,search_post,,当全能艺人遇上全能旗舰王力宏的十八般武艺腾势N9闪充版的十八般科技5月18日看这对组合如何刷新豪华标杆       极目新闻的微博视频  ,True,False,王力宏那个负面事件已经过去了是不 || 绝配的一次代言代言人也是很节俭演出服来拍物料,0
5298815046255040,果然被你们猜中了！还记得2月份王力宏低调现身比亚迪总部的事儿吗？当时他可不是走马观花，那是实打实坐进车里，把腾势的底盘、智能、舒适度都摸了个遍。全网当时都在赌，“这俩肯定要搞大事！”结果三个月过去，实锤落地！王力宏真的成了腾势的全球代言人。这哪是简单的商务合作啊，分明是始于认可、终于双向奔赴的“顶流联姻”。从之前的探访预热，到如今正式牵手，大家心里的问号总算拉直了。这场全网围观的“连续剧”还没完，重头戏还在后头。5月18日，王力宏将以官方身份首秀腾势N9闪充版发布会，这波期待值真的拉满了！#大v聊车##王力宏腾势汽车品牌全球代言人##腾势N9闪充版#,1778848217,2026-05-15 12:30:17+08:00,102,47,24,1779078288897,https://m.weibo.cn/detail/5298815046255040,山东,6473206390,车轮上的小梦,m,https://m.weibo.cn/u/6473206390?luicode=20000061&lfid=5298815046255040&launchid=10000360-page_H5,"https://tvax3.sinaimg.cn/crop.0.0.1080.1080.180/00744UGGly8i3zq5uj2i5j30u00u075d.jpg?KID=imgbed,tva&Expires=1779089082&ssig=bzNVVNQNKf",王力宏亮相腾势N9闪充版发布会,search_contents_2026-05-18.csv,search_post,,果然被你们猜中了还记得2月份王力宏低调现身比亚迪总部的事儿吗当时他可不是走马观花那是实打实坐进车里把腾势的底盘智能舒适度都摸了个遍全网当时都在赌这俩肯定要搞大事结果三个月过去实锤落地王力宏真的成了腾势的全球代言人这哪是简单的商务合作啊分明是始于认可终于双向奔赴的顶流联姻从之前的探访预热到如今正式牵手大家心里的问号总算拉直了这场全网围观的连续剧还没完重头戏还在后头5月18日王力宏将以官方身份首秀腾势N9闪充版发布会这波期待值真的拉满了,True,False,,0
5299864746332350,#王力宏亮相腾势N9闪充版发布会# 腾势是会选人的，和二哥强强联合！！ ,1779098485,2026-05-18 10:01:25+08:00,207,52,10,1779078288900,https://m.weibo.cn/detail/5299864746332350,北京,2605733722,王也-LIKEMUSIC,m,https://m.weibo.cn/u/2605733722?launchid=10000360-page_H5,"https://tvax3.sinaimg.cn/crop.0.0.1080.1080.180/9b50575aly8hnsqam2oq7j20u00u0jsq.jpg?KID=imgbed,tva&Expires=1779089081&ssig=ITSSy6h1yI",王力宏亮相腾势N9闪充版发布会,search_contents_2026-05-18.csv,search_post,, 腾势是会选人的和二哥强强联合 ,True,False,完美驾驭二哥还是厉害 || 这车有品味,0
5299848507034738,#王力宏亮相腾势N9闪充版发布会#今晚7点，腾势N9闪充版发布环节今晚8点半，王力宏登台演唱已经定好闹钟提醒了，既能看汽车发布，又能看王力宏演唱会 ,1779094613,2026-05-18 08:56:53+08:00,136,23,5,1779078288902,https://m.weibo.cn/detail/5299848507034738,广东,2409254303,i科技君,m,https://m.weibo.cn/u/2409254303?launchid=10000360-page_H5,"https://tvax1.sinaimg.cn/crop.0.0.512.512.180/8f9a4d9fly8geymvxhinij20e80e8weo.jpg?KID=imgbed,tva&Expires=1779089081&ssig=UeQeUpAggr",王力宏亮相腾势N9闪充版发布会,search_contents_2026-05-18.csv,search_post,,今晚7点腾势N9闪充版发布环节今晚8点半王力宏登台演唱已经定好闹钟提醒了既能看汽车发布又能看王力宏演唱会 ,True,False,Baby你就是我的唯一 || 期待这场跨界盛宴技术与音乐的完美融合,0
5299877181393189,早~今天最开心的事莫过于可以去线下看到王力宏了至于会唱哪首歌开场，我猜应该还是「改变世界」，闪充的效率本身就是改变世界。#王力宏亮相腾势N9闪充版发布会# ,1779101450,2026-05-18 10:50:50+08:00,76,16,7,1779078288905,https://m.weibo.cn/detail/5299877181393189,广东,1706596590,Hai科技,m,https://m.weibo.cn/u/1706596590?launchid=10000360-page_H5,"https://tvax2.sinaimg.cn/crop.0.0.1080.1080.180/65b898eely8hmbh7tyotkj20u00u0gmv.jpg?KID=imgbed,tva&Expires=1779089081&ssig=aQkPC%2BII2N",王力宏亮相腾势N9闪充版发布会,search_contents_2026-05-18.csv,search_post,,早今天最开心的事莫过于可以去线下看到王力宏了至于会唱哪首歌开场我猜应该还是改变世界闪充的效率本身就是改变世界 ,True,False,真的吗太好了 || 代言人合适,0
5299832852059108,#王力宏亮相腾势N9闪充版发布会#哇塞今晚有王力宏来现场啊！ ,1779090881,2026-05-18 07:54:41+08:00,18,7,1,1779078288907,https://m.weibo.cn/detail/5299832852059108,广东,2657550845,叫我春哥就可以,m,https://m.weibo.cn/u/2657550845?launchid=10000360-page_H5,"https://tvax3.sinaimg.cn/crop.0.0.512.512.180/9e6701fdly8huuxviml1aj20e80e8my5.jpg?KID=imgbed,tva&Expires=1779089081&ssig=Zk9bwKOhGP",王力宏亮相腾势N9闪充版发布会,search_contents_2026-05-18.csv,search_post,,哇塞今晚有王力宏来现场啊 ,True,False,会唱几首呢 || 期待大帅哥,0
5298822555369741,好家伙，原来腾势和王力宏在2月就已经有过一次“见面”了，今年2月王力宏到访比亚迪，腾势总经理陪同、深度体验D9，从参观交流到今日官宣代言，一步步水到渠成。#王力宏官宣新身份##王力宏腾势汽车品牌全球代言人#而且本来王力宏艺术气质拉满，又对前沿科技很关注，也属于双向选择梦幻联动了。据说王力宏还会亮相18号的腾势N9闪充版上市发布会，演唱经典曲目，可以说这次发布会是演唱会级别的，各位有耳福咯~~ 王力宏的微博视频,1778850006,2026-05-15 13:00:06+08:00,312,102,64,1779078288911,https://m.weibo.cn/detail/5298822555369741,上海,5823180089,囧鸽,m,https://m.weibo.cn/u/5823180089?luicode=20000061&lfid=5298822555369741&launchid=10000360-page_H5,"https://tvax3.sinaimg.cn/crop.0.0.1080.1080.180/006m5t9vly8gus5qbf4afj60u00u0gn202.jpg?KID=imgbed,tva&Expires=1779089085&ssig=nMZJPboQ5I",王力宏亮相腾势N9闪充版发布会,search_contents_2026-05-18.csv,search_post,,好家伙原来腾势和王力宏在2月就已经有过一次见面了今年2月王力宏到访比亚迪腾势总经理陪同深度体验D9从参观交流到今日官宣代言一步步水到渠成而且本来王力宏艺术气质拉满又对前沿科技很关注也属于双向选择梦幻联动了据说王力宏还会亮相18号的腾势N9闪充版上市发布会演唱经典曲目可以说这次发布会是演唱会级别的各位有耳福咯 王力宏的微博视频,True,False,,0
5297847251504955,腾势N9  18号的发布会在南沙，王力宏大概率会登台演唱 ,1778617477,2026-05-12 20:24:37+08:00,54,18,1,1779078288914,https://m.weibo.cn/detail/5297847251504955,广东,1877581273,龚贰梦,m,https://m.weibo.cn/u/1877581273?launchid=10000360-page_H5,"https://tvax2.sinaimg.cn/crop.0.0.1080.1080.180/6fe99dd9ly8htn3cfhbpxj20u00u0dhs.jpg?KID=imgbed,tva&Expires=1779089081&ssig=0amaj1xlN8",王力宏亮相腾势N9闪充版发布会,search_contents_2026-05-18.csv,search_post,,腾势N9  18号的发布会在南沙王力宏大概率会登台演唱 ,True,False,,0
5299878030738334,只不过是拍完mv聚餐罢了，不如来看奔跑吧白鹿红衣战国袍造型实在是太美了呀！#曝周翊然回白鹿小区# #白鹿先在综艺穿了战国袍# iWarrenS的微博视频  ,1779101652,2026-05-18 10:54:12+08:00,294,23,6,1779078347700,https://m.weibo.cn/detail/5299878030738334,河南,5259434254,iWarrenS,m,https://m.weibo.cn/u/5259434254?launchid=10000360-page_H5,"https://tvax1.sinaimg.cn/crop.0.0.1080.1080.180/005JW36Kly8h3cekebulhj30u00u0jub.jpg?KID=imgbed,tva&Expires=1779089143&ssig=G39MWAng9Z",白鹿先在综艺穿了战国袍,search_contents_2026-05-18.csv,search_post,,只不过是拍完mv聚餐罢了不如来看奔跑吧白鹿红衣战国袍造型实在是太美了呀  iWarrenS的微博视频  ,True,False,白鹿古装咋那么美  好期待六月份的莫离呀 || 白鹿好美天选古人来着期待莫离哟 || 重管好自己的来预约白鹿莫离,0
5299890365139612,追到事业批是这样，从来单身不烫嘴的白鹿。大大方方澄清大大方方营业的白鹿，今天穿着战国袍录制跑男，大方和鹿茸饭撒，好美萌啊#白鹿周翊然方辟谣恋情# #白鹿先在综艺穿了战国袍# ,1779104593,2026-05-18 11:43:13+08:00,1156,77,30,1779078347707,https://m.weibo.cn/detail/5299890365139612,广东,6939103648,机智的内娱生活,f,https://m.weibo.cn/u/6939103648?launchid=10000360-page_H5,"https://tvax2.sinaimg.cn/crop.0.0.700.700.180/007zBLQAly8hwbbkkc9qrj30jg0jgq4r.jpg?KID=imgbed,tva&Expires=1779089143&ssig=Q4O7fjZ9og",白鹿先在综艺穿了战国袍,search_contents_2026-05-18.csv,search_post,,追到事业批是这样从来单身不烫嘴的白鹿大大方方澄清大大方方营业的白鹿今天穿着战国袍录制跑男大方和鹿茸饭撒好美萌啊  ,True,False,事业批没毛病 || 期待女神莫离,0
5299892488505196,白鹿战国袍好像又出圈了！红薯好多人要去邯郸拍同款了！奔跑吧的意义就在这里，走到一个城市宣传一个地方的人文历史，白鹿国民度高热度大，她所穿所用都会引发群仿效应，这样就能间接带动当地旅游业，跑男也自然变得更有意义。#白鹿先在综艺穿了战国袍# ,1779105099,2026-05-18 11:51:39+08:00,362,18,4,1779078347712,https://m.weibo.cn/detail/5299892488505196,山东,5417283742,娱扒爹,m,https://m.weibo.cn/u/5417283742?launchid=10000360-page_H5,"https://tvax2.sinaimg.cn/crop.0.0.500.500.180/005UCmYely8hnvbmns2wsj30dw0dwglq.jpg?KID=imgbed,tva&Expires=1779089143&ssig=NaM%2FBzvXOS",白鹿先在综艺穿了战国袍,search_contents_2026-05-18.csv,search_post,,白鹿战国袍好像又出圈了红薯好多人要去邯郸拍同款了奔跑吧的意义就在这里走到一个城市宣传一个地方的人文历史白鹿国民度高热度大她所穿所用都会引发群仿效应这样就能间接带动当地旅游业跑男也自然变得更有意义 ,True,False,白姐这是在cos战国策吗文化人就是不一样 语音评论5quot || 这衣服还真不是几天能赶出来的有些人是淘宝买不到白鹿穿了真好看 || 超级美啊白鹿状态好好战国袍造型超级漂亮,0
5299880545223751,白鹿的战国袍首秀没想到是在综艺，综艺上做的造型比在拍剧里的有质感多了！ #白鹿先在综艺穿了战国袍# 羞涩的小耳朵的微博视频  ,1779102252,2026-05-18 11:04:12+08:00,57,2,2,1779078347717,https://m.weibo.cn/detail/5299880545223751,浙江,6390008591,羞涩的小耳朵,m,https://m.weibo.cn/u/6390008591?launchid=10000360-page_H5,"https://tvax2.sinaimg.cn/crop.0.0.996.996.180/006YrP8Hly8fnpoesj9spj30ro0road6.jpg?KID=imgbed,tva&Expires=1779089143&ssig=9XrdloBTZD",白鹿先在综艺穿了战国袍,search_contents_2026-05-18.csv,search_post,,白鹿的战国袍首秀没想到是在综艺综艺上做的造型比在拍剧里的有质感多了  羞涩的小耳朵的微博视频  ,True,False,雍容华贵天选古人太期待白鹿莫离了 || 一些大投资的剧为什么还没有综艺用心啊还是说钱都被造型师贪了,0
5299899797342964,白鹿战国女皇，眉藏锋刃，气镇山河。翻手覆乾坤！一妆便入千年境，恍见商周盛世家。白鹿周身气场太强了！播完莫离，请演个女皇，谢谢想看！#奔跑吧战国袍造型##白鹿先在综艺穿了战国袍# ,1779106842,2026-05-18 12:20:42+08:00,89,10,4,1779078347723,https://m.weibo.cn/detail/5299899797342964,山东,5417283742,娱扒爹,m,https://m.weibo.cn/u/5417283742?launchid=10000360-page_H5,"https://tvax2.sinaimg.cn/crop.0.0.500.500.180/005UCmYely8hnvbmns2wsj30dw0dwglq.jpg?KID=imgbed,tva&Expires=1779089143&ssig=NaM%2FBzvXOS",白鹿先在综艺穿了战国袍,search_contents_2026-05-18.csv,search_post,,白鹿战国女皇眉藏锋刃气镇山河翻手覆乾坤一妆便入千年境恍见商周盛世家白鹿周身气场太强了播完莫离请演个女皇谢谢想看 ,True,False,不笑就清冷疏离一笑如冰雪消融 || 哇白鹿的战国女皇造型真的太惊艳了如果她真的演女皇你们觉得会是什么样的呢快来讨论一下吧 || 我去 好图收了,0
5299900929543759,#白鹿先在综艺穿了战国袍#宝宝好美 ,1779107112,2026-05-18 12:25:12+08:00,2,0,0,1779078347728,https://m.weibo.cn/detail/5299900929543759,广西,7830324017,辞忧my-luna,f,https://m.weibo.cn/u/7830324017?launchid=10000360-page_H5,"https://tvax3.sinaimg.cn/crop.0.0.1080.1080.180/008xVeYFly8id6ejy3ctgj30u00u0jvw.jpg?KID=imgbed,tva&Expires=1779089143&ssig=VitDEH0x%2BQ",白鹿先在综艺穿了战国袍,search_contents_2026-05-18.csv,search_post,,宝宝好美 ,True,False,,-1
5299900813676110,白鹿和跑男团身穿战国袍在邯郸丛台公园录制节目！#白鹿先在综艺穿了战国袍##奔跑吧战国袍造型# 每阅壁纸的微博视频 ,1779107084,2026-05-18 12:24:44+08:00,1,0,0,1779078347732,https://m.weibo.cn/detail/5299900813676110,河北,3217742437,每阅壁纸,f,https://m.weibo.cn/u/3217742437?launchid=10000360-page_H5,"https://tvax3.sinaimg.cn/crop.0.0.1080.1080.180/bfcada65ly8gdii0n6ku1j20u00u078j.jpg?KID=imgbed,tva&Expires=1779089143&ssig=IY%2B6zu1VA8",白鹿先在综艺穿了战国袍,search_contents_2026-05-18.csv,search_post,,白鹿和跑男团身穿战国袍在邯郸丛台公园录制节目 每阅壁纸的微博视频 ,True,False,今天是不是翘班去追星啊,0
5299899941782206,#白鹿先在综艺穿了战国袍#好美好美好美，美晕我 ,1779106876,2026-05-18 12:21:16+08:00,2,1,0,1779078347735,https://m.weibo.cn/detail/5299899941782206,江苏,7212521097,萧宁遥,f,https://m.weibo.cn/u/7212521097?launchid=10000360-page_H5,"https://tvax3.sinaimg.cn/crop.0.0.1080.1080.180/007S70drly8i45dv7lbjhj30u00u00w9.jpg?KID=imgbed,tva&Expires=1779089143&ssig=17hTG52X0h",白鹿先在综艺穿了战国袍,search_contents_2026-05-18.csv,search_post,,好美好美好美美晕我 ,True,False,战国袍都这么好看的嘛姐姐我可以 语音评论4quot,0
5299840437454640,#何超仪公开何超蕸真正死因#何超蕸是老爷子“最可靠的女儿”，是姐姐们的“最贴心的妹妹”，把一辈子奉献给了责任，给了亲情，给了大爱！#微博二创视频创作季# 小曼碎念v的微博视频 ,1779092689,2026-05-18 08:24:49+08:00,99,30,3,1779078430506,https://m.weibo.cn/detail/5299840437454640,浙江,6807991334,小曼碎念v,f,https://m.weibo.cn/u/6807991334?launchid=10000360-page_H5,"https://tvax3.sinaimg.cn/crop.0.0.512.512.180/007qJDxQly8ibp6dempj4j30e80e874y.jpg?KID=imgbed,tva&Expires=1779089213&ssig=eRNAjEHh7J",何超仪公开何超蕸真正死因,search_contents_2026-05-18.csv,search_post,,何超蕸是老爷子最可靠的女儿是姐姐们的最贴心的妹妹把一辈子奉献给了责任给了亲情给了大爱 小曼碎念v的微博视频 ,True,False,这是有大爱的女儿 || 怎么突然聊起来了不是去世好几年了 || 希望在另一个世界也可以开心,0
5299832812208540,#何超仪公开何超蕸真正死因#豪门光环下，难抵生命无常。5月17日，何超蕸追思会上，何超仪含泪道出残酷真相：姐姐全身都是癌，唯独没有乳癌，直接推翻此前流传的乳癌传闻。她透露，姐姐离世极其突然，最后阶段已无法言语，来不及留下遗言，全家至今难以接受。2025年11月还公开露面、状态平和，内里却早已被癌细胞全面吞噬，无声无息走向终点。何超仪说：“她性格悠闲善良，把家里大小事都打点妥当，下辈子还要做她的妹妹”。何超蕸是豪门里少见的低调实干派、家族稳定器、公益有心人，一生不争不抢、踏实负责，活得清醒又体面。再优越的医疗资源，在全身性癌症面前也无力回天。低调一生，悄然落幕，令人唏嘘。🙏何超仪公开何超蕸真正死因 #微博智搜内容共创计划##一分钟精选视频扶持计划##热搜多元内容创作计划# 小何的河的微博视频,1779090871,2026-05-18 07:54:31+08:00,90,32,0,1779078430514,https://m.weibo.cn/detail/5299832812208540,山东,5719800126,小何的河,f,https://m.weibo.cn/u/5719800126?luicode=20000061&lfid=5299832812208540&launchid=10000360-page_H5,"https://tva1.sinaimg.cn/crop.0.0.1080.1080.180/006f5HiKjw8ewsd9lg70uj30u00u0wia.jpg?KID=imgbed,tva&Expires=1779089213&ssig=1SVuE9vlwO",何超仪公开何超蕸真正死因,search_contents_2026-05-18.csv,search_post,,豪门光环下难抵生命无常5月17日何超蕸追思会上何超仪含泪道出残酷真相姐姐全身都是癌唯独没有乳癌直接推翻此前流传的乳癌传闻她透露姐姐离世极其突然最后阶段已无法言语来不及留下遗言全家至今难以接受2025年11月还公开露面状态平和内里却早已被癌细胞全面吞噬无声无息走向终点何超仪说她性格悠闲善良把家里大小事都打点妥当下辈子还要做她的妹妹何超蕸是豪门里少见的低调实干派家族稳定器公益有心人一生不争不抢踏实负责活得清醒又体面再优越的医疗资源在全身性癌症面前也无力回天低调一生悄然落幕令人唏嘘何超仪公开何超蕸真正死因  小何的河的微博视频,True,False,再多钱也没有身体健康重要,0
5299836962213477,"#何超仪公开何超蕸真正死因#何超仪揭露何超蕸是因全身多器官癌变扩散而猝然离世。豪门十一个女儿，何超蕸活得最轻,也走得最稳。一个人这辈子真正的体面，不在生前那张名片,在临终那张床前站着的人。她未嫁，无子，六十年安静地活,临终时姐妹弟妹整整齐齐。这世上最贵的不是赢，是干净。#一分钟视频创作季##一分钟精品视频扶持计划# 孙大诚的微博视频",1779091861,2026-05-18 08:11:01+08:00,330,52,8,1779078430520,https://m.weibo.cn/detail/5299836962213477,山东,1237630473,孙大诚,m,https://m.weibo.cn/u/1237630473?luicode=20000061&lfid=5299836962213477&launchid=10000360-page_H5,"https://tvax4.sinaimg.cn/crop.43.0.929.929.180/49c4be09ly8ffhwwpdgqkj20r10r1ju8.jpg?KID=imgbed,tva&Expires=1779089217&ssig=RwkfzVBhnC",何超仪公开何超蕸真正死因,search_contents_2026-05-18.csv,search_post,,何超仪揭露何超蕸是因全身多器官癌变扩散而猝然离世豪门十一个女儿何超蕸活得最轻也走得最稳一个人这辈子真正的体面不在生前那张名片在临终那张床前站着的人她未嫁无子六十年安静地活临终时姐妹弟妹整整齐齐这世上最贵的不是赢是干净 孙大诚的微博视频,True,False,低调且从容 || 豪门十一个女儿何超蕸活得最轻也走得最稳 || 这世上最贵的不是赢是干净,0
5299831163587103,#何超仪公开何超蕸真正死因##曝何超蕸全身都是癌##热点观点# 【低调的“定海神针”与隐形的贡献者】何超蕸在生活中是二房的“黏合剂”：心思细腻，能记得所有家人的饮食喜好并亲自打点；对犯错受罚的妹妹无限包容、带其出游。而在外界眼里，她在信德集团任职30多年，被赌王赞为 “最能帮忙的女儿”；同时她积极投身社会服务，曾任东华三院主席，并获颁铜紫荆星章和太平绅士，绝非仅靠家族光环的富家千金。这也解释了为何她的追思会规模浩大，政商名人云集。比“死因是什么”更令人动容的，或许是这位千金生前的坚强。何超仪泣诉，姐姐后期瘦得脱相，常因剧痛整夜无眠。但为了不给家族添负累，她不仅拒绝透露病情，甚至连吃止痛药都要避开家人，全程独自默默承受。直到生命的最后时刻，癌细胞已令她无法开口说话，最终连一句遗言都没能留下。 萤火虫在线的微博视频,1779090478,2026-05-18 07:47:58+08:00,175,25,8,1779078430524,https://m.weibo.cn/detail/5299831163587103,河南,6026921854,萤火虫在线,m,https://m.weibo.cn/u/6026921854?luicode=20000061&lfid=5299831163587103&launchid=10000360-page_H5,"https://tva4.sinaimg.cn/crop.9.21.311.311.180/006zSlH0jw8f7wy7b388rj30ag0azwep.jpg?KID=imgbed,tva&Expires=1779089220&ssig=V7eg1Rk%2BGL",何超仪公开何超蕸真正死因,search_contents_2026-05-18.csv,search_post,, 低调的定海神针与隐形的贡献者何超蕸在生活中是二房的黏合剂心思细腻能记得所有家人的饮食喜好并亲自打点对犯错受罚的妹妹无限包容带其出游而在外界眼里她在信德集团任职30多年被赌王赞为 最能帮忙的女儿同时她积极投身社会服务曾任东华三院主席并获颁铜紫荆星章和太平绅士绝非仅靠家族光环的富家千金这也解释了为何她的追思会规模浩大政商名人云集比死因是什么更令人动容的或许是这位千金生前的坚强何超仪泣诉姐姐后期瘦得脱相常因剧痛整夜无眠但为了不给家族添负累她不仅拒绝透露病情甚至连吃止痛药都要避开家人全程独自默默承受直到生命的最后时刻癌细胞已令她无法开口说话最终连一句遗言都没能留下 萤火虫在线的微博视频,True,False,斯人已逝愿逝者安息家人能早日走出悲痛 || 积极地投身社会服务行业看来她非常的善良 || 连句告别都没留,0
5299828993298531,#何超仪公开何超蕸真正死因#曾经当过演员的何超仪在丈夫的陪同下参加姐姐何超蕸的追思会。她透露：“我姐姐全身都是癌，就是没有乳癌（此前媒体传她因乳癌病逝）。”他们姐妹长的可真像啊，不得不感叹家族基因的强大。#微博二创视频创作季##专业视频创作季# ,1779089961,2026-05-18 07:39:21+08:00,118,26,4,1779078430531,https://m.weibo.cn/detail/5299828993298531,安徽,6904270845,拿铁五分糖-贝贝,f,https://m.weibo.cn/u/6904270845?launchid=10000360-page_H5,"https://tvax3.sinaimg.cn/crop.0.0.1080.1080.180/007xfCfbly8ibqgdsc14pj30u00u0q4r.jpg?KID=imgbed,tva&Expires=1779089213&ssig=pkmL%2FH4HJ8",何超仪公开何超蕸真正死因,search_contents_2026-05-18.csv,search_post,,曾经当过演员的何超仪在丈夫的陪同下参加姐姐何超蕸的追思会她透露我姐姐全身都是癌就是没有乳癌此前媒体传她因乳癌病逝他们姐妹长的可真像啊不得不感叹家族基因的强大 ,True,False,姊妹俩感情是真好 || 愿超蕸姐一路走好家人节哀,0
5299901147908321,#何超仪公开何超蕸真正死因#何超仪在姐姐何超蕸的追思会上亲口澄清，其真正死因是全身多器官癌细胞扩散，而非此前外界盛传的乳腺癌，病情恶化迅猛至临终无法言语，未能留下遗言。 ,1779107164,2026-05-18 12:26:04+08:00,1,0,0,1779078430537,https://m.weibo.cn/detail/5299901147908321,四川,6578025649,_蝶潁,f,https://m.weibo.cn/u/6578025649?launchid=10000360-page_H5,"https://tvax4.sinaimg.cn/crop.0.0.1080.1080.180/007baIXTly8ic6aoyvecfj30u00u0q7w.jpg?KID=imgbed,tva&Expires=1779089213&ssig=pczlCLxFMr",何超仪公开何超蕸真正死因,search_contents_2026-05-18.csv,search_post,,何超仪在姐姐何超蕸的追思会上亲口澄清其真正死因是全身多器官癌细胞扩散而非此前外界盛传的乳腺癌病情恶化迅猛至临终无法言语未能留下遗言 ,True,False,,-1
5299894109606400,#何超仪公开何超蕸真正死因#2026年5月17日，何超蕸追思会上，妹妹何超仪亲口说出真实死因，推翻了之前“乳腺癌去世”的说法。何超蕸是全身多处器官都长了癌、癌细胞扩散全身，但乳房没有癌。从病情恶化到去世非常快，最后已经不能说话，没留下遗言。2025年11月还公开露面，状态看着挺好；不到半年就突然走了。她一直忍着痛、自己吃止痛药，家人很晚才知道病情这么重。 之前媒体一直说她是乳腺癌复发多年、最后去世，这是错的。何超蕸：赌王二房女儿，58岁，2026年4月12日在香港养和医院病逝。为人低调，长期帮家族打理生意，很少露面何超仪公开何超蕸真正死因 拾光里的暖10的微博视频,1779105486,2026-05-18 11:58:06+08:00,12,0,0,1779078430542,https://m.weibo.cn/detail/5299894109606400,河南,5126200711,拾光里的暖10,f,https://m.weibo.cn/u/5126200711?luicode=20000061&lfid=5299894109606400&launchid=10000360-page_H5,"https://tvax1.sinaimg.cn/crop.0.0.1080.1080.180/005AV0YDly8i8x7qifi5zj30u00u077b.jpg?KID=imgbed,tva&Expires=1779089223&ssig=PeldRO0jbj",何超仪公开何超蕸真正死因,search_contents_2026-05-18.csv,search_post,,2026年5月17日何超蕸追思会上妹妹何超仪亲口说出真实死因推翻了之前乳腺癌去世的说法何超蕸是全身多处器官都长了癌癌细胞扩散全身但乳房没有癌从病情恶化到去世非常快最后已经不能说话没留下遗言2025年11月还公开露面状态看着挺好不到半年就突然走了她一直忍着痛自己吃止痛药家人很晚才知道病情这么重 之前媒体一直说她是乳腺癌复发多年最后去世这是错的何超蕸赌王二房女儿58岁2026年4月12日在香港养和医院病逝为人低调长期帮家族打理生意很少露面何超仪公开何超蕸真正死因 拾光里的暖10的微博视频,True,False,,-1
5299865208230145,何超仪公开何超蕸真正死因，妹妹何超仪说，她不是乳腺癌，但全身多处有癌症。 何超蕸安详辞世，众人深情送别，一直是最低调的千金，豪门清流的责任与温柔永存，真正的豪门清流，亦曾被赌王称为最能帮忙的女儿#何超仪公开何超蕸真正死因# ,1779098595,2026-05-18 10:03:15+08:00,101,16,1,1779078430547,https://m.weibo.cn/detail/5299865208230145,山东,5696595934,JULY17_箬初菡,f,https://m.weibo.cn/u/5696595934?launchid=10000360-page_H5,"https://tvax1.sinaimg.cn/crop.0.0.1080.1080.180/006dwkPAly8i4j18w183cj30u00u0dhy.jpg?KID=imgbed,tva&Expires=1779089213&ssig=99zHBsUj8I",何超仪公开何超蕸真正死因,search_contents_2026-05-18.csv,search_post,,何超仪公开何超蕸真正死因妹妹何超仪说她不是乳腺癌但全身多处有癌症 何超蕸安详辞世众人深情送别一直是最低调的千金豪门清流的责任与温柔永存真正的豪门清流亦曾被赌王称为最能帮忙的女儿 ,True,False,癌症太可怕了有钱人不能预防也不能治疗何况是普通人啊 || 唉 看得让人心疼 || 何超仪公开的信息让人唏嘘又心疼,-1
5299869059127478,#李英爱问张凌赫很有名吗#李爱英前脚刚问张凌赫很有名对吗？后脚俩人就坐一起同框看秀了，有点豪门姐弟那感觉 ,1779099513,2026-05-18 10:18:33+08:00,439,34,17,1779078516987,https://m.weibo.cn/detail/5299869059127478,安徽,3880865291,档姬,m,https://m.weibo.cn/u/3880865291?launchid=10000360-page_H5,"https://tvax1.sinaimg.cn/crop.0.0.1024.1024.180/e7514e0bly8id78ttv3pcj20sg0sgdgo.jpg?KID=imgbed,tva&Expires=1779089306&ssig=k58P7cAihz",李英爱问张凌赫很有名吗,search_contents_2026-05-18.csv,search_post,,李爱英前脚刚问张凌赫很有名对吗后脚俩人就坐一起同框看秀了有点豪门姐弟那感觉 ,True,False,张凌赫很有名对吗 || 张凌赫李爱英你问完之后我立刻就来同框了 语音评论5quot || 赶快递本子 一定很好看,0
5299867091993975,李英爱纽约街头被偶遇，好奇发问“张凌赫很有名吗”，结果当晚Gucci大秀，两人就邻座看秀，李英爱还夸他帅，梦幻同框，缘分太奇妙。#李英爱问张凌赫很有名吗#新浪娱乐 第N条曲线的微博视频 ,1779099044,2026-05-18 10:10:44+08:00,172,2,0,1779078516993,https://m.weibo.cn/detail/5299867091993975,福建,8007120883,第N条曲线,m,https://m.weibo.cn/u/8007120883?launchid=10000360-page_H5,"https://tvax4.sinaimg.cn/crop.0.0.800.800.180/008JT3V1ly8i30okaabp0j30m80m80uc.jpg?KID=imgbed,tva&Expires=1779089306&ssig=Dq0aSRVvBE",李英爱问张凌赫很有名吗,search_contents_2026-05-18.csv,search_post,,李英爱纽约街头被偶遇好奇发问张凌赫很有名吗结果当晚Gucci大秀两人就邻座看秀李英爱还夸他帅梦幻同框缘分太奇妙新浪娱乐 第N条曲线的微博视频 ,True,False,张凌赫越来越帅气了未来可期呀,0
5299880291731754,#李英爱问张凌赫很有名吗#李英爱在纽约街头打听张凌赫是不是很有名结果当晚两人就在Gucci大秀邻座握手了！这是什么神奇的缘分啊～想当年《大长今》在TVB播出那时候在我们那里也算是万人空巷了最高收视破40点晚上九点半乖乖守着电视看着长今从御膳房小宫女到医女一边做菜一边治病时间过得太快了突然有点分不清自己看的第一部韩剧到底是《大长今》还是《流星花园》……#微博智搜内容共创计划##参与智搜内容共创赢激励# @微博智搜 李英爱问张凌赫很有名吗,1779102191,2026-05-18 11:03:11+08:00,34,11,0,1779078517002,https://m.weibo.cn/detail/5299880291731754,广东,7099516384,柚子C的小世界,f,https://m.weibo.cn/u/7099516384?luicode=20000061&lfid=5299880291731754&launchid=10000360-page_H5,"https://tvax3.sinaimg.cn/crop.0.0.1080.1080.180/007KsQwMly8i5dmnjywn5j30u00u0n01.jpg?KID=imgbed,tva&Expires=1779089307&ssig=DyFB%2FzRC%2B3",李英爱问张凌赫很有名吗,search_contents_2026-05-18.csv,search_post,,李英爱在纽约街头打听张凌赫是不是很有名结果当晚两人就在Gucci大秀邻座握手了这是什么神奇的缘分啊想当年大长今在TVB播出那时候在我们那里也算是万人空巷了最高收视破40点晚上九点半乖乖守着电视看着长今从御膳房小宫女到医女一边做菜一边治病时间过得太快了突然有点分不清自己看的第一部韩剧到底是大长今还是流星花园  李英爱问张凌赫很有名吗,True,False,李英爱与张凌赫在Gucci大秀邻座握手互动缘分奇妙李英爱主演的大长今曾是收视爆款最高破40点是一代人的经典回忆这次跨国同框让不少网友感叹次元壁破了也见证了中韩明星在国际时尚舞台的交流继续提问戳gt微博智搜 || 真的好奇妙的缘份 || 大长今当年真的很火吧,0
5299668776650125,#李英爱 张凌赫很有名吗# 日前，李英爱纽约看秀前在街头被网友偶遇，她们聊到@张凌赫z，李英爱问他是不是很有名？网友表示：“他现在非常有名，在中国有很多粉丝。” 然后李英爱、张凌赫晚上就坐一起看秀了，神奇的缘分！（视频cr.Olivia） ,1779051762,2026-05-17 21:02:42+08:00,1706,72,18,1779078517008,https://m.weibo.cn/detail/5299668776650125,,1642591402,新浪娱乐,m,https://m.weibo.cn/u/1642591402?launchid=10000360-page_H5,"https://tvax2.sinaimg.cn/crop.0.0.440.440.180/001Na93Ily8ibrhmc4c40j60c80c8q3i02.jpg?KID=imgbed,tva&Expires=1779089306&ssig=LXAXrMMVz4",李英爱问张凌赫很有名吗,search_contents_2026-05-18.csv,search_post,, 日前李英爱纽约看秀前在街头被网友偶遇她们聊到 然后李英爱张凌赫晚上就坐一起看秀了神奇的缘分视频crOlivia ,True,False,恭喜全球大爆生恭喜张凌赫国内唯一受邀全球首穿超季大秀出发首个被认领的嘉宾 || 张凌赫火火火 查看图片 || 张凌赫就是火啊 查看图片,0
5299862243115482,#李英爱问张凌赫很有名吗#李英爱张凌赫握手打招呼了，两人在秀场还同框合照了。28岁的张凌赫一身皮质look亮相，帅气拉满，55岁的李英爱身穿同色系礼服，脸都紧成什么样了，状态真好啊。两人年龄相差近三十岁，看起来如豪门姐弟，既视感拉满～ 蕾色锈迹的微博视频 ,1779097888,2026-05-18 09:51:28+08:00,756,53,23,1779078517014,https://m.weibo.cn/detail/5299862243115482,湖北,7834519624,蕾色锈迹,f,https://m.weibo.cn/u/7834519624?launchid=10000360-page_H5,"https://tvax4.sinaimg.cn/crop.0.0.1080.1080.180/008ycQrKly8id7v4ikq0mj30u00u0n0j.jpg?KID=imgbed,tva&Expires=1779089306&ssig=YDGl9mEHBV",李英爱问张凌赫很有名吗,search_contents_2026-05-18.csv,search_post,,李英爱张凌赫握手打招呼了两人在秀场还同框合照了28岁的张凌赫一身皮质look亮相帅气拉满55岁的李英爱身穿同色系礼服脸都紧成什么样了状态真好啊两人年龄相差近三十岁看起来如豪门姐弟既视感拉满 蕾色锈迹的微博视频 ,True,False,你认识李英爱吗 || 你喜欢张凌赫吗 || 你觉得李英爱张凌赫同框怎么样,0
5299868776017645,#李英爱问张凌赫很有名吗#谁能想到童年女神李英爱，在秀场外直接对着粉丝问出了灵魂拷问：“张凌赫很有名对吗？”粉丝当场安利的样子，像极了给长辈疯狂安利自家墙头的我本人！更绝的是，两人后续不仅握手打招呼，还同框合照了！28岁张凌赫一身皮质look帅到发光，和冻龄女神同框完全没输！ ,1779099446,2026-05-18 10:17:26+08:00,188,31,0,1779078517019,https://m.weibo.cn/detail/5299868776017645,重庆,7914853883,一点汐汐_,m,https://m.weibo.cn/u/7914853883?launchid=10000360-page_H5,"https://tvax4.sinaimg.cn/crop.0.0.1080.1080.180/008DDV3Bly8id8ukwlw82j30u00u0423.jpg?KID=imgbed,tva&Expires=1779089306&ssig=4x1kVV4H8u",李英爱问张凌赫很有名吗,search_contents_2026-05-18.csv,search_post,,谁能想到童年女神李英爱在秀场外直接对着粉丝问出了灵魂拷问张凌赫很有名对吗粉丝当场安利的样子像极了给长辈疯狂安利自家墙头的我本人更绝的是两人后续不仅握手打招呼还同框合照了28岁张凌赫一身皮质look帅到发光和冻龄女神同框完全没输 ,True,False,大家觉得他们状态怎么样啊 || 这波是世纪同框了吧姐姐还是那么美弟弟也超级帅气的说 语音评论6quot || 姐姐好美啊,0
5299884874795133,年轻的不认识李英爱人老的不认识张凌赫哈哈哈哈哈哈我们这些一直在网上冲浪的中年少女都认识他们这其实就是网络时代有趣的“代际认知差”我们熟悉的韩流初代女神，可能是别人完全陌生的前辈；而年轻一代追捧的当红小生，也可能让你一脸问号❓我以前很喜欢大长今，真是经典回忆杀。那会儿追剧的热潮，还有“呜啦啦呜啦啦”的主题曲，是一代人的共同记忆。李英爱饰演的坚韧又温柔的长今，是很多人的初代独立女性偶像。音频最后拉你回到熟悉的旋律。说起来你可能不信，这位让李英爱好奇的当红小生，其实是位“半路出家”的理工科学霸。他从2020年出道，到2022年凭借《苍兰诀》里的“长珩仙君”一角迅速走红。2026的《逐玉》（饰演谢征）聚焦女性成长的古装剧。#李英爱问张凌赫很有名吗##微博声浪计划##听见微博##音频赋能计划##每天摸鱼打卡##张凌赫G社生图##张凌赫#  李英爱问张凌赫很有名吗 Verylucky大小姐的微博音频,1779103284,2026-05-18 11:21:24+08:00,53,24,0,1779078517024,https://m.weibo.cn/detail/5299884874795133,广东,6513186042,Verylucky大小姐,f,https://m.weibo.cn/u/6513186042?luicode=20000061&lfid=5299884874795133&launchid=10000360-page_H5,"https://tvax4.sinaimg.cn/crop.0.0.1080.1080.180/0076MFdMly8ic462vovpvj30u00u010b.jpg?KID=imgbed,tva&Expires=1779089310&ssig=8k4dYX%2BRlN",李英爱问张凌赫很有名吗,search_contents_2026-05-18.csv,search_post,,年轻的不认识李英爱人老的不认识张凌赫哈哈哈哈哈哈我们这些一直在网上冲浪的中年少女都认识他们这其实就是网络时代有趣的代际认知差我们熟悉的韩流初代女神可能是别人完全陌生的前辈而年轻一代追捧的当红小生也可能让你一脸问号我以前很喜欢大长今真是经典回忆杀那会儿追剧的热潮还有呜啦啦呜啦啦的主题曲是一代人的共同记忆李英爱饰演的坚韧又温柔的长今是很多人的初代独立女性偶像音频最后拉你回到熟悉的旋律说起来你可能不信这位让李英爱好奇的当红小生其实是位半路出家的理工科学霸他从2020年出道到2022年凭借苍兰诀里的长珩仙君一角迅速走红2026的逐玉饰演谢征聚焦女性成长的古装剧  李英爱问张凌赫很有名吗 Verylucky大小姐的微博音频,True,False,音频重点 0922  当时觉得大长今非常聪明 || 赞同网上冲浪选手中年少女这两个都认识哈哈 || 音频重点 0702  音乐太熟悉啦,0
5299900774614795,【#樊振东说对每场比赛保持敬畏之心#】（编辑:柳柳）#吴敬平谈樊振东欧冠失利#北京时间5月17日晚，乒乓球欧冠决赛打响，樊振东效力的德国萨尔布吕肯俱乐部以3-2险胜法国蒙彼利埃队。不过在决赛首盘较量中，樊振东不敌大勒布伦，以0-3落败。樊振东曾在采访中说，没有人能够一直保持胜利，失败只是早晚的问题，可能是这一场，也可能是下一场。他始终以敬畏之心对待每一场比赛，倘若自身发挥、状态不佳，就很有可能输掉比赛，即便发挥出色，也未必能够稳操胜券，而这正是竞技体育独有的魅力。#曝周翊然回白鹿小区##84岁阿嬷遭私生式打扰##李英爱问张凌赫很有名吗##归鸾阵容官宣##肖战藏海传强势入围金鹰奖##马嘉祺问私生不用上学啊# （山海视频） 山海视频的微博视频,1779107075,2026-05-18 12:24:35+08:00,0,0,0,1779078517033,https://m.weibo.cn/detail/5299900774614795,,2535760180,安徽视讯,m,https://m.weibo.cn/u/2535760180?luicode=20000061&lfid=5299900774614795&launchid=10000360-page_H5,"https://tvax1.sinaimg.cn/crop.0.0.600.600.180/9724a134ly8hlonzb4ad4j20go0gomxm.jpg?KID=imgbed,tva&Expires=1779089313&ssig=tyLf6xkPNw",李英爱问张凌赫很有名吗,search_contents_2026-05-18.csv,search_post,,编辑柳柳北京时间5月17日晚乒乓球欧冠决赛打响樊振东效力的德国萨尔布吕肯俱乐部以32险胜法国蒙彼利埃队不过在决赛首盘较量中樊振东不敌大勒布伦以03落败樊振东曾在采访中说没有人能够一直保持胜利失败只是早晚的问题可能是这一场也可能是下一场他始终以敬畏之心对待每一场比赛倘若自身发挥状态不佳就很有可能输掉比赛即便发挥出色也未必能够稳操胜券而这正是竞技体育独有的魅力 山海视频 山海视频的微博视频,True,False,,3
5299888946418039,【#哈登抢七躺赢#】#圣诞大战的含金量还在上升#不准又如何👀骑士淘汰活塞成功闯进东决，哈登抢七手感全无但甘当绿叶，全场10中2仅得9分。🧊据统计，哈登职业生涯抢七大战中投篮命中率为34.1%，三分命中率20.3%。看NBA季后赛上咪咕！灵犀智能体化身专属球搭子，AI 黑科技加持观赛更沉浸！更专业！更懂你！#骑士vs活塞# 咪咕体育的微博视频 ,1779104255,2026-05-18 11:37:35+08:00,246,66,9,1779078611063,https://m.weibo.cn/detail/5299888946418039,,6364463717,咪咕篮球,f,https://m.weibo.cn/u/6364463717?luicode=20000061&lfid=5299888946418039&launchid=10000360-page_H5,"https://tvax2.sinaimg.cn/crop.0.0.179.179.180/006WIDKBly8h8vhbzsq26j304z04z3yd.jpg?KID=imgbed,tva&Expires=1779089394&ssig=aybV2dFIll",哈登抢七躺赢,search_contents_2026-05-18.csv,search_post,,不准又如何骑士淘汰活塞成功闯进东决哈登抢七手感全无但甘当绿叶全场10中2仅得9分据统计哈登职业生涯抢七大战中投篮命中率为341三分命中率203看NBA季后赛上咪咕灵犀智能体化身专属球搭子AI 黑科技加持观赛更沉浸更专业更懂你 咪咕体育的微博视频 ,True,False,看NBA上咪咕 网页链接 || 关键时刻掉链子大胡子特色 || 拉灯你又哈了,4
5299876743350774,客场31分大胜！骑士4-3淘汰活塞晋级东部决赛米切尔26分7板8助，哈登9分6助，莫布利21分12板，阿伦23分，梅里尔23分#骑士vs活塞# #骑士4比3淘汰活塞# #哈登抢七躺赢# ,1779101345,2026-05-18 10:49:05+08:00,98,60,3,1779078611077,https://m.weibo.cn/detail/5299876743350774,广东,2431485513,隆多的战术板,m,https://m.weibo.cn/u/2431485513?launchid=10000360-page_H5,"https://tvax2.sinaimg.cn/crop.0.0.996.996.180/90ed8649ly8h3rs7cyss5j20ro0rojtl.jpg?KID=imgbed,tva&Expires=1779089393&ssig=TCwmzYJI%2Br",哈登抢七躺赢,search_contents_2026-05-18.csv,search_post,,客场31分大胜骑士43淘汰活塞晋级东部决赛米切尔26分7板8助哈登9分6助莫布利21分12板阿伦23分梅里尔23分   ,True,False,骑士是不是时隔八年再次进东部决赛 || 没用 决赛打不赢马刺的 || 米切尔我先去摸分区决赛地板了大帝你接着熬吧,4
5299876858692646,4-3！！次轮抢七大战！骑士客场125-94大胜活塞！悬念不大的一场大胜！骑士几乎领先了一整场，三节打花，一度领先35分！骑士大比分4-3晋级，时隔8年重返东部决赛！骑士米切尔26分7篮板8助攻，生涯首次打入分区决赛，阿伦23分7篮板，梅里尔23分，哈登9分5篮板6助攻，坎宁安13分5助攻！#骑士vs活塞##骑士4比3淘汰活塞##哈登抢七躺赢#,1779101373,2026-05-18 10:49:33+08:00,43,25,8,1779078611084,https://m.weibo.cn/detail/5299876858692646,福建,2302617634,篮球大历史,m,https://m.weibo.cn/u/2302617634?luicode=20000061&lfid=5299876858692646&launchid=10000360-page_H5,"https://tvax1.sinaimg.cn/crop.0.0.1080.1080.180/893f2822ly8gdilf6ch77j20u00u075c.jpg?KID=imgbed,tva&Expires=1779089397&ssig=S%2BSOuhqV7a",哈登抢七躺赢,search_contents_2026-05-18.csv,search_post,,43次轮抢七大战骑士客场12594大胜活塞悬念不大的一场大胜骑士几乎领先了一整场三节打花一度领先35分骑士大比分43晋级时隔8年重返东部决赛骑士米切尔26分7篮板8助攻生涯首次打入分区决赛阿伦23分7篮板梅里尔23分哈登9分5篮板6助攻坎宁安13分5助攻,True,False,尼克斯42骑士 || 又拉了错哥 || 非要到第七场才爆发哈登要打东决了,4
5299892130153878,哈登近6次抢七：10中2、9中3、8中2、11中3、17中5、15中4今日NBA季后赛抢七大战，骑士125-94大胜活塞。根据数据统计，骑士自2018年以来重返东部决赛。此役，哈登全场10投2中，三分6中0得到9分5篮板6助攻，正负值+31。根据数据统计，哈登近6次抢七的投篮表现：对阵底特律活塞队：10投2中对阵多伦多猛龙队：9投3中对阵丹佛掘金队：8投2中对阵波士顿凯尔特人队：11投3中对阵密尔沃基雄鹿队：17投5中对阵俄克拉荷马雷霆队：15投4中#哈登抢七躺赢##骑士4比3淘汰活塞#,1779105014,2026-05-18 11:50:14+08:00,17,10,1,1779078611090,https://m.weibo.cn/detail/5299892130153878,浙江,2054300185,虎扑的步行街,m,https://m.weibo.cn/u/2054300185?luicode=20000061&lfid=5299892130153878&launchid=10000360-page_H5,"https://tvax3.sinaimg.cn/crop.0.0.600.600.180/7a722219ly8i0vjkxxznfj20go0goaas.jpg?KID=imgbed,tva&Expires=1779089401&ssig=0CLsfjVhHO",哈登抢七躺赢,search_contents_2026-05-18.csv,search_post,,哈登近6次抢七10中29中38中211中317中515中4今日NBA季后赛抢七大战骑士12594大胜活塞根据数据统计骑士自2018年以来重返东部决赛此役哈登全场10投2中三分6中0得到9分5篮板6助攻正负值31根据数据统计哈登近6次抢七的投篮表现对阵底特律活塞队10投2中对阵多伦多猛龙队9投3中对阵丹佛掘金队8投2中对阵波士顿凯尔特人队11投3中对阵密尔沃基雄鹿队17投5中对阵俄克拉荷马雷霆队15投4中,True,False,正负值咋算的为啥这都能31 || 如果骑士拿总冠军哈登在骑士球迷心目中地位会比詹高吗 || 你问他对了错了他告诉你赢了,4
5299887845672146,#哈登这次跳槽跳对了##哈登抢七躺赢# 登哥，这骑士不白来啊！骑士与活塞的G7，哈登@JamesHarden 关键战表现再次拉跨，10投2中，仅得9分5篮板6助攻。好在今天队友给力，米切尔展示球王本色，双塔爆发，今天哈登“躺赢”！克利夫兰骑士 ,1779103992,2026-05-18 11:33:12+08:00,15,12,2,1779078611096,https://m.weibo.cn/detail/5299887845672146,北京,1736329970,新浪NBA,m,https://m.weibo.cn/u/1736329970?launchid=10000360-page_H5,"https://tvax2.sinaimg.cn/crop.0.0.1024.1024.180/001TvsK6ly8h8v3x5mv5jj60sg0sgjsl02.jpg?KID=imgbed,tva&Expires=1779089393&ssig=3aoHniXwZa",哈登抢七躺赢,search_contents_2026-05-18.csv,search_post,, 登哥这骑士不白来啊骑士与活塞的G7哈登 关键战表现再次拉跨10投2中仅得9分5篮板6助攻好在今天队友给力米切尔展示球王本色双塔爆发今天哈登躺赢克利夫兰骑士 ,True,False,只看数据吗全场最高31的正负值一点不提啊虽然数据不好看但是比赛影响力还是很足的 || 希望能再拉8场夺冠,4
5299902076421599,NBA季后赛，骑士125-94大胜活塞，成功晋级东决，将对阵尼克斯。据统计，哈登职业生涯面对尼克斯的战绩十分出色，取得29胜6负，胜率高达82.9%。而在本赛季的2次交手中，一次代表快船（输了），一次代表骑士（赢了），场均拿到21.5分6.5助攻+投进4记三分。而在哈登职业生涯当中，曾面对尼克斯轰下过53分16篮板17助攻的豪华三双，生涯单场最高61分也是面对尼克斯拿到的。#哈登抢七躺赢#,1779107385,2026-05-18 12:29:45+08:00,0,0,0,1779078611101,https://m.weibo.cn/detail/5299902076421599,山东,5659508852,追球王重阳,m,https://m.weibo.cn/u/5659508852?luicode=20000061&lfid=5299902076421599&launchid=10000360-page_H5,"https://tvax3.sinaimg.cn/crop.0.0.800.800.180/006b0IMQly8ibi5j36ylsj30m80m8763.jpg?KID=imgbed,tva&Expires=1779089404&ssig=ixNnQuld9Q",哈登抢七躺赢,search_contents_2026-05-18.csv,search_post,,NBA季后赛骑士12594大胜活塞成功晋级东决将对阵尼克斯据统计哈登职业生涯面对尼克斯的战绩十分出色取得29胜6负胜率高达829而在本赛季的2次交手中一次代表快船输了一次代表骑士赢了场均拿到215分65助攻投进4记三分而在哈登职业生涯当中曾面对尼克斯轰下过53分16篮板17助攻的豪华三双生涯单场最高61分也是面对尼克斯拿到的,True,False,,4
5299888655171745,米切尔&amp;阿伦&amp;梅里尔今天对阵活塞G7集锦！米切尔26分6篮板8助攻，阿伦23分7篮板，梅里尔23分！今天骑士的火力真的猛！#骑士vs活塞##骑士4比3淘汰活塞##哈登抢七躺赢# 篮球大历史的微博视频 ,1779104184,2026-05-18 11:36:24+08:00,32,3,8,1779078611107,https://m.weibo.cn/detail/5299888655171745,福建,2302617634,篮球大历史,m,https://m.weibo.cn/u/2302617634?launchid=10000360-page_H5,"https://tvax1.sinaimg.cn/crop.0.0.1080.1080.180/893f2822ly8gdilf6ch77j20u00u075c.jpg?KID=imgbed,tva&Expires=1779089393&ssig=3jqmyOheZH",哈登抢七躺赢,search_contents_2026-05-18.csv,search_post,,米切尔amp阿伦amp梅里尔今天对阵活塞G7集锦米切尔26分6篮板8助攻阿伦23分7篮板梅里尔23分今天骑士的火力真的猛 篮球大历史的微博视频 ,True,False,其实现在不能靠登子了其他点不爆发就交代了下一轮41尼克斯胜 || 活塞防不住艾伦,4
5299876558274726,#哈登抢七躺赢##哈登抢七10中2# 今天靠队友输出了！骑士战胜活塞成功闯进东决，哈登手感全无但甘当绿叶，全场10中2仅得9分。据统计，哈登职业生涯抢七大战中投篮命中率为34.1%，三分命中率20.3%。#骑士vs活塞#      咪咕体育的微博视频  ,1779101301,2026-05-18 10:48:21+08:00,14,3,0,1779078611115,https://m.weibo.cn/detail/5299876558274726,,6320391439,咪咕体育,m,https://m.weibo.cn/u/6320391439?launchid=10000360-page_H5,"https://tvax3.sinaimg.cn/crop.0.0.600.600.180/006TJIxply8i2beurilo1j30go0go75j.jpg?KID=imgbed,tva&Expires=1779089393&ssig=XJXc67t5K1",哈登抢七躺赢,search_contents_2026-05-18.csv,search_post,, 今天靠队友输出了骑士战胜活塞成功闯进东决哈登手感全无但甘当绿叶全场10中2仅得9分据统计哈登职业生涯抢七大战中投篮命中率为341三分命中率203      咪咕体育的微博视频  ,True,False,哈登全场吸引包夹 正负值全场第一 篮球界樊振东 || 你看看正负值呢 || 要点脸不这个标签,4
5299865472467358,张凌赫归鸾杀青特辑发布，萧厉预告镜头是天神来的🤤🤤 ,1779098658,2026-05-18 10:04:18+08:00,874,134,13,1779078689740,https://m.weibo.cn/detail/5299865472467358,浙江,7207886101,晚安啦我的小猪,f,https://m.weibo.cn/u/7207886101?launchid=10000360-page_H5,"https://tvax2.sinaimg.cn/crop.0.0.500.500.180/007RNyrrly8hx1zod59a7j30dw0dwgm1.jpg?KID=imgbed,tva&Expires=1779089479&ssig=KvsSoCd8uj",归鸾杀青特辑,search_contents_2026-05-18.csv,search_post,,张凌赫归鸾杀青特辑发布萧厉预告镜头是天神来的 ,True,False,这颜值这演技萧厉直接封神 语音评论4quot || 萧厉好期待哟 || 期待张凌赫萧厉期待归鸾,0
5299878003739529,#林允归鸾杀青特辑# 不懂林允有多美的所有人请点开归鸾杀青特辑好吗，每个镜头都美的我倒吸一口凉气🫢人生镜头全在路上了每一帧都是从没见过的林允。。。特别有古韵好惊喜啊！！！！！！燥候大梁菡阳翁主温瑜🤲🏻🤲🏻🤲🏻 ,1779101646,2026-05-18 10:54:06+08:00,302,106,105,1779078689748,https://m.weibo.cn/detail/5299878003739529,广东,2236468750,西升月,f,https://m.weibo.cn/u/2236468750?launchid=10000360-page_H5,"https://tvax4.sinaimg.cn/crop.0.0.512.512.180/854dce0ely8hqqb6w5r6jj20e80e8jrz.jpg?KID=imgbed,tva&Expires=1779089479&ssig=DWWAACSVVU",归鸾杀青特辑,search_contents_2026-05-18.csv,search_post,, 不懂林允有多美的所有人请点开归鸾杀青特辑好吗每个镜头都美的我倒吸一口凉气人生镜头全在路上了每一帧都是从没见过的林允特别有古韵好惊喜啊燥候大梁菡阳翁主温瑜 ,True,False,林允这古装美得我心巴 语音评论3quot || 林允就是天选古人我就很期待新剧了 || 林允这次状态好顶啊,0
5299878260379723,#林允归鸾杀青特辑##归鸾#《归鸾》杀青大吉！尽快抬上来让我尝尝咸淡ok？林允也是勇闯复仇女主赛道了，魏晋风造型好适合她，特辑里眼神戏又美又破碎，实在没有不期待的义务。恭喜我们林允结束了一段有意义的旅程，期待《归鸾》早日播出，和我们温瑜早日相见！ ,1779101707,2026-05-18 10:55:07+08:00,171,77,119,1779078689756,https://m.weibo.cn/detail/5299878260379723,上海,1638832591,维多梨鸭Victoria,f,https://m.weibo.cn/u/1638832591?launchid=10000360-page_H5,"https://tvax2.sinaimg.cn/crop.0.0.512.512.180/61ae99cfly8hg4r450quij20e80e8mxn.jpg?KID=imgbed,tva&Expires=1779089479&ssig=DVQjtUXOkz",归鸾杀青特辑,search_contents_2026-05-18.csv,search_post,,归鸾杀青大吉尽快抬上来让我尝尝咸淡ok林允也是勇闯复仇女主赛道了魏晋风造型好适合她特辑里眼神戏又美又破碎实在没有不期待的义务恭喜我们林允结束了一段有意义的旅程期待归鸾早日播出和我们温瑜早日相见 ,True,False,林允这魏晋风造型简直是从小说里走出来的吧演技在线美貌暴击我已经准备好小板凳坐等归鸾啦 语音评论9quot || 林允挑战复仇女主让人很惊喜 || 林允的古装造型真的是太有气质了,0
5299867127908185,张凌赫 归鸾杀青特辑来啦！质感真不错，萧厉打戏忒带感！#李英爱问张凌赫很有名吗##归鸾阵容官宣#归鸾官微的微博视频 ,1779099053,2026-05-18 10:10:53+08:00,775,114,9,1779078689764,https://m.weibo.cn/detail/5299867127908185,四川,7783826285,一颗红芋圆,f,https://m.weibo.cn/u/7783826285?launchid=10000360-page_H5,"https://tvax4.sinaimg.cn/crop.0.0.511.511.180/008uM8Nfly8hoc4pp38atj30e70e7gmd.jpg?KID=imgbed,tva&Expires=1779089479&ssig=LllUhwRQdi",归鸾杀青特辑,search_contents_2026-05-18.csv,search_post,,张凌赫 归鸾杀青特辑来啦质感真不错萧厉打戏忒带感归鸾官微的微博视频 ,True,False,期待张凌赫萧厉早日相见都来预约起来 || 期待张凌赫萧厉 || 乱世如沸少年如刃护所爱如命守本心如磐为天下执乾坤萧厉杀青快乐期待正式见面那天与 并肩共赴下一程山海,0
5299868916257610,#归鸾杀青特辑#.#张凌赫林允归鸾首发剧照#张凌赫归鸾杀青特辑单人cut！好带感，这个萧历大事很妙，早日见面 ,1779099479,2026-05-18 10:17:59+08:00,816,94,9,1779078689772,https://m.weibo.cn/detail/5299868916257610,浙江,1886903325,果姐娱乐,f,https://m.weibo.cn/u/1886903325?launchid=10000360-page_H5,"https://tvax2.sinaimg.cn/crop.0.0.1080.1080.180/0023HfKBly8i55nxm3etxj60u00u0jso02.jpg?KID=imgbed,tva&Expires=1779089479&ssig=D79NJI3M4d",归鸾杀青特辑,search_contents_2026-05-18.csv,search_post,,张凌赫归鸾杀青特辑单人cut好带感这个萧历大事很妙早日见面 ,True,False,乱世烽烟起少年仗剑行护所爱守初心为苍生定乾坤贺 萧厉杀青大吉期待与萧厉正式相见与你一起奔赴前程 || 燥候张凌赫萧厉 || 期待张凌赫萧厉 质感很好,0
5299685817323631,林允🧜♀️#胖头鱼的泡泡圈#🫧📝剧集宣传⌛️5月18日10:00（杀青特辑）10:10（杀青图）10:15（剧照）🔗@归鸾官微 +平台矩阵以上信息以实际发布为准！一起期待温瑜翁主@林允Jelly 💓 ,1779055825,2026-05-17 22:10:25+08:00,132,83,42,1779078689780,https://m.weibo.cn/detail/5299685817323631,江西,7938529917,胖头鱼的泡泡圈,f,https://m.weibo.cn/u/7938529917?launchid=10000360-page_H5,"https://tvax1.sinaimg.cn/crop.0.0.1080.1080.180/008Ffgh7ly8ia25h211upj30u00u0q4t.jpg?KID=imgbed,tva&Expires=1779089479&ssig=zALH4hhmp%2F",归鸾杀青特辑,search_contents_2026-05-18.csv,search_post,,林允剧集宣传5月18日1000杀青特辑1010杀青图1015剧照 平台矩阵以上信息以实际发布为准一起期待温瑜翁主  ,True,False,如果可以请让团队审核一下不要暗黄滤镜不要大磨皮还原允子美貌 || 信女愿三餐二素一荤祈祷物料灵,0
5299898501039000,之前同期生花喜欢互钻裙底，现在已经变成钻导演裙底了，知道归鸾卖相又很好开始着急的不行，怎么就不能大大方方的急，还能让人高看一眼呢，非要假装正义之士背地里偷鸡摸狗🤣@初的见Firsttime 杀青特辑释出的侧拍花絮和光影质感都不错，继续加油，争取🐧大会放出一般正片预告让我们品鉴一下 ,1779106533,2026-05-18 12:15:33+08:00,87,7,2,1779078689787,https://m.weibo.cn/detail/5299898501039000,辽宁,6484815453,甜兔驿站,f,https://m.weibo.cn/u/6484815453?launchid=10000360-page_H5,"https://tvax4.sinaimg.cn/crop.0.0.1080.1080.180/0074RCJDly8ibi5o7119aj30u00u0wh5.jpg?KID=imgbed,tva&Expires=1779089479&ssig=BC3%2FlADJ1h",归鸾杀青特辑,search_contents_2026-05-18.csv,search_post,,之前同期生花喜欢互钻裙底现在已经变成钻导演裙底了知道归鸾卖相又很好开始着急的不行怎么就不能大大方方的急还能让人高看一眼呢非要假装正义之士背地里偷鸡摸狗 杀青特辑释出的侧拍花絮和光影质感都不错继续加油争取大会放出一般正片预告让我们品鉴一下 ,True,False,这波是导演的裙底有矿吧张凌赫新剧归鸾质感绝了期待正片 语音评论7quot || cp粉一边狂埋哥哥的剧一边狂赞姐姐的剧一群花腐唯领磕 装都不装了 || 和埋秒火一样的话术装都不装,0
5299868556069693,归鸾杀青特辑🍠🫘速来评论上👍#张凌赫萧厉# ,1779099393,2026-05-18 10:16:33+08:00,57,11,13,1779078689795,https://m.weibo.cn/detail/5299868556069693,浙江,7870099666,张凌赫核桃小喇叭,m,https://m.weibo.cn/u/7870099666?launchid=10000360-page_H5,"https://tvax3.sinaimg.cn/crop.0.0.1080.1080.180/008AC8roly8ibrq9bblrhj30u00u00vt.jpg?KID=imgbed,tva&Expires=1779089479&ssig=RROKwzMyjw",归鸾杀青特辑,search_contents_2026-05-18.csv,search_post,,归鸾杀青特辑速来评论上 ,True,False,,0
5299682769372341,【#中美元首北京会晤微观察#丨历史性的一页，要用历史的长镜头去端详】美国总统特朗普时隔9年再度访华。这次会晤，适逢两国进入各自发展关键阶段，也让#中美关系站上历史的新起点#。历史性的一页，要用历史的长镜头去端详。特朗普总统在北京反复讲到一个词：尊重。“两国人民怀有深厚的相互尊重”“我十分尊重习近平主席和中国人民”。距离挨打的屈辱史结束，不足百年。今日中国，因何成为世界舞台上举足轻重、备受尊重的大国？一个坚持顺大势、担大义、行大道，不断以自身新开拓为世界作出新贡献的大国，自然具有强大的磁吸力。 微观察·中美元首北京会晤丨历史性的一页，要用历史的长镜头去端详,1779055098,2026-05-17 21:58:18+08:00,7830,1205,1151,1779078776019,https://m.weibo.cn/detail/5299682769372341,,2803301701,人民日报,m,https://m.weibo.cn/u/2803301701?luicode=20000061&lfid=5299682769372341&launchid=10000360-page_H5,"https://tvax4.sinaimg.cn/crop.0.0.1018.1018.180/0033ImPzly8h8vgemh8kxj60sa0sadgw02.jpg?KID=imgbed,tva&Expires=1779089545&ssig=cytmBqFa9B",中美关系站上历史的新起点,search_contents_2026-05-18.csv,search_post,白名单账号,丨历史性的一页要用历史的长镜头去端详美国总统特朗普时隔9年再度访华这次会晤适逢两国进入各自发展关键阶段也让历史性的一页要用历史的长镜头去端详特朗普总统在北京反复讲到一个词尊重两国人民怀有深厚的相互尊重我十分尊重习近平主席和中国人民距离挨打的屈辱史结束不足百年今日中国因何成为世界舞台上举足轻重备受尊重的大国一个坚持顺大势担大义行大道不断以自身新开拓为世界作出新贡献的大国自然具有强大的磁吸力 微观察中美元首北京会晤丨历史性的一页要用历史的长镜头去端详,True,False,,0
5299894236484812,【#中美元首北京会晤微观察#丨历史性的一页，要用历史的长镜头去端详】美国总统特朗普时隔9年再度访华。这次会晤，适逢两国进入各自发展关键阶段，也让#中美关系站上历史的新起点#。（人民日报）#鲁团分享#  微观察·中美元首北京会晤丨历史性的一页，要用历史的长镜头去端详 ,1779105516,2026-05-18 11:58:36+08:00,2,1,0,1779078776034,https://m.weibo.cn/detail/5299894236484812,,2630570525,青春山东,f,https://m.weibo.cn/u/2630570525?launchid=10000360-page_H5,"https://tvax1.sinaimg.cn/crop.0.0.1080.1080.180/002S1ByRly8h94g36x2s6j60u00u0dhe02.jpg?KID=imgbed,tva&Expires=1779089545&ssig=DjwbiBmMh8",中美关系站上历史的新起点,search_contents_2026-05-18.csv,search_post,,丨历史性的一页要用历史的长镜头去端详美国总统特朗普时隔9年再度访华这次会晤适逢两国进入各自发展关键阶段也让人民日报  微观察中美元首北京会晤丨历史性的一页要用历史的长镜头去端详 ,True,False,,0
5299501975998831,张凌赫GUCCI大秀G社生图状态，无论是G社还是路人和媒体下的镜头，凌帝都帅的太超过了，就这样闪耀纽约 ,1779011994,2026-05-17 09:59:54+08:00,1620,87,16,1779078908366,https://m.weibo.cn/detail/5299501975998831,湖南,6084463177,学不会玩滑板,m,https://m.weibo.cn/u/6084463177?launchid=10000360-page_H5,"https://tvax2.sinaimg.cn/crop.0.0.360.360.180/006DLMORly8hajs9cl4pgj30a00a0q31.jpg?KID=imgbed,tva&Expires=1779089704&ssig=Zx%2BXuLMgyh",张凌赫G社生图,search_contents_2026-05-18.csv,search_post,,张凌赫GUCCI大秀G社生图状态无论是G社还是路人和媒体下的镜头凌帝都帅的太超过了就这样闪耀纽约 ,True,False,凌帝轻点帅 || 超季全球首穿Gucci大秀国内唯一受邀生图王者张凌赫为国争光的美貌,0
5299549721856505,张凌赫g社生图 已经很帅了呀 ,1779023377,2026-05-17 13:09:37+08:00,751,79,4,1779078908376,https://m.weibo.cn/detail/5299549721856505,广东,8451251981,如此多娇娇i,f,https://m.weibo.cn/u/8451251981?launchid=10000360-page_H5,"https://tvax1.sinaimg.cn/crop.0.0.994.994.180/009dWAHPly8ibv59wcbeqj30rm0rm40x.jpg?KID=imgbed,tva&Expires=1779089704&ssig=7cbWav8xIW",张凌赫G社生图,search_contents_2026-05-18.csv,search_post,,张凌赫g社生图 已经很帅了呀 ,True,False,撕拉片是假象 || 想说些什么算了不讲不讲 || 完全不敢笑,0
5299531667210690,张艺兴、张凌赫、田栩宁海外红毯G社生图状态，来看看状态如何？ ,1779019072,2026-05-17 11:57:52+08:00,155,31,1,1779078908384,https://m.weibo.cn/detail/5299531667210690,宁夏,6274465503,嗑瓜子每日专用,m,https://m.weibo.cn/u/6274465503?launchid=10000360-page_H5,"https://tvax1.sinaimg.cn/crop.0.0.1080.1080.180/006QD16vly8gdi6vi9a00j30u00u0tb1.jpg?KID=imgbed,tva&Expires=1779089704&ssig=wctZMK6Fyz",张凌赫G社生图,search_contents_2026-05-18.csv,search_post,,张艺兴张凌赫田栩宁海外红毯G社生图状态来看看状态如何 ,True,False,艺兴这状态绝了凌赫哥哥的GUCCI代言人气质满分田栩宁小哥哥也太帅了吧第一次走戛纳就这么稳 语音评论10quot || 属于田栩宁的戛纳高光时刻已然开启首秀拿下Peet Dullaert高定定制解锁Valentino超季新品全球首穿热度席卷全球直登美趋第二坐拥品牌清场顶级待遇官方定点拍摄搭配长镜头特写G社全程跟拍稳稳立足国际时尚舞台 || 宙草免检国内唯一受邀超季全球首穿三登Gucci早春大秀身着Gucci FallWinter 2026系列皮衣超季奢牌宠儿Gucci男神的凌帝闪耀纽约,0
5299497844344352,#张凌赫G社生图#张凌赫看秀的官摄和G社生图来啦！好直观好权威的帅！ ,1779011009,2026-05-17 09:43:29+08:00,313,45,14,1779078908390,https://m.weibo.cn/detail/5299497844344352,,1843633441,搜狐娱乐,m,https://m.weibo.cn/u/1843633441?launchid=10000360-page_H5,"https://tvax3.sinaimg.cn/crop.3.2.96.96.180/0020LHhfly8h8p8t2d8guj602s02s0sj02.jpg?KID=imgbed,tva&Expires=1779089704&ssig=afIfGo9VEY",张凌赫G社生图,search_contents_2026-05-18.csv,search_post,,张凌赫看秀的官摄和G社生图来啦好直观好权威的帅 ,True,False,国内唯一受邀超季全球首穿身着Gucci FallWinter 2026系列皮衣超季奢牌宠儿Gucci男神的张凌赫生图就是如此权威啊 || 全球首穿Gucci Primavera 2026秋冬超季系列唯一受邀国内艺人张凌赫冷白皮唇红齿白怼脸镜头下状态超级好 || 全球首穿Gucci Primavera 2026秋冬超季系列唯一受邀国内艺人 张凌赫闪耀纽约秀场 生图的神,0
5299518497360288,#Gucci大秀#张凌赫G社生图 ,1779015933,2026-05-17 11:05:33+08:00,888,51,10,1779078908399,https://m.weibo.cn/detail/5299518497360288,江苏,3320013520,yxh而已,f,https://m.weibo.cn/u/3320013520?launchid=10000360-page_H5,"https://tvax1.sinaimg.cn/crop.0.0.512.512.180/c5e362d0ly8gwv7s7dtdfj20e80e8dgn.jpg?KID=imgbed,tva&Expires=1779089704&ssig=jiowy817Mj",张凌赫G社生图,search_contents_2026-05-18.csv,search_post,,张凌赫G社生图 ,True,False,,0
5299900394767332,时尚宠儿，说的就是张凌赫这种吧Gucci张凌赫#张凌赫G社生图# mioki_的微博视频 ,1779106984,2026-05-18 12:23:04+08:00,13,0,0,1779078908408,https://m.weibo.cn/detail/5299900394767332,广东,6006580910,mioki_,f,https://m.weibo.cn/u/6006580910?launchid=10000360-page_H5,"https://tvax4.sinaimg.cn/crop.0.0.1080.1080.180/006yv05gly8id1hjvweu6j30u00u0mzp.jpg?KID=imgbed,tva&Expires=1779089704&ssig=o5dkR1ajBJ",张凌赫G社生图,search_contents_2026-05-18.csv,search_post,,时尚宠儿说的就是张凌赫这种吧Gucci张凌赫 mioki_的微博视频 ,True,False,,0
5299902017441611,#张凌赫G社生图#张凌赫你帅 ,1779107371,2026-05-18 12:29:31+08:00,0,1,0,1779078908418,https://m.weibo.cn/detail/5299902017441611,江西,7646318551,张凌赫我真的睡不醒,f,https://m.weibo.cn/u/7646318551?launchid=10000360-page_H5,"https://tvax1.sinaimg.cn/crop.0.0.991.991.180/008ltaKzly8ic5anptm0jj30rj0rjta9.jpg?KID=imgbed,tva&Expires=1779089704&ssig=msMhr0F5ES",张凌赫G社生图,search_contents_2026-05-18.csv,search_post,,张凌赫你帅 ,True,False,张凌赫这状态狠狠心动了国际张上线,0
5299901950331003,#张凌赫G社生图# 这俩有可比性吗 张凌赫g社生图 ,1779107355,2026-05-18 12:29:15+08:00,0,0,0,1779078908429,https://m.weibo.cn/detail/5299901950331003,河北,5584930210,人们总爱梦想成真的桥段,f,https://m.weibo.cn/u/5584930210?launchid=10000360-page_H5,"https://tvax1.sinaimg.cn/crop.0.0.1080.1080.180/0065XNtwly8hnofftjrm4j30u00u10vs.jpg?KID=imgbed,tva&Expires=1779089704&ssig=5FEAhkTJ6p",张凌赫G社生图,search_contents_2026-05-18.csv,search_post,, 这俩有可比性吗 张凌赫g社生图 ,True,False,,0
5299833512658387,#曝黄奕新恋情##黄奕和男子同回公寓# 18日，八卦媒体曝黄奕聚餐后和男子同回公寓，时隔数日两人又同框现身与好友聚餐，结束后再次同回公寓，疑似新恋情曝光。 ,1779091038,2026-05-18 07:57:18+08:00,1371,215,78,1779078995214,https://m.weibo.cn/detail/5299833512658387,,1642591402,新浪娱乐,m,https://m.weibo.cn/u/1642591402?launchid=10000360-page_H5,"https://tvax2.sinaimg.cn/crop.0.0.440.440.180/001Na93Ily8ibrhmc4c40j60c80c8q3i02.jpg?KID=imgbed,tva&Expires=1779089784&ssig=zsu110MXi2",曝黄奕新恋情,search_contents_2026-05-18.csv,search_post,, 18日八卦媒体曝黄奕聚餐后和男子同回公寓时隔数日两人又同框现身与好友聚餐结束后再次同回公寓疑似新恋情曝光 ,True,False,别的不说黄奕是真的漂亮而且有辨识度 || 黄奕好像没找过啥靠谱的对象祝好吧 || 我的关注点是黄奕私下也穿西装吗感觉好多年没见她穿过其他风格的衣服了,0
5299863186309568,#曝黄奕新恋情#近日，黄奕身穿一身白色西服出门与好友聚餐。聚餐结束后，她便与一男伴同回公寓。数日后，二人再度同行前往酒吧参加好友聚会，深夜再一同返回公寓，疑似恋情曝光。 搜狐娱乐的微博视频 ,1779098112,2026-05-18 09:55:12+08:00,6,2,1,1779078995219,https://m.weibo.cn/detail/5299863186309568,,1843633441,搜狐娱乐,m,https://m.weibo.cn/u/1843633441?launchid=10000360-page_H5,"https://tvax3.sinaimg.cn/crop.3.2.96.96.180/0020LHhfly8h8p8t2d8guj602s02s0sj02.jpg?KID=imgbed,tva&Expires=1779089784&ssig=MhuF%2BHX7ej",曝黄奕新恋情,search_contents_2026-05-18.csv,search_post,,近日黄奕身穿一身白色西服出门与好友聚餐聚餐结束后她便与一男伴同回公寓数日后二人再度同行前往酒吧参加好友聚会深夜再一同返回公寓疑似恋情曝光 搜狐娱乐的微博视频 ,True,False,,0
5299851412637825,#曝黄奕新恋情#5月18日，有八卦媒体拍到演员黄奕与一位陌生男子频繁相聚，二人先后多次一同外出聚餐，相处氛围十分融洽。 聚餐结束后，两人没有分开，而是一同乘车返回同一处公寓，全程互动自然亲密，疑似新恋情正式曝光。单身有新恋情也正常的，但是也有可能就是朋友啊 月奴会记得的微博视频 ,1779095306,2026-05-18 09:08:26+08:00,238,22,41,1779078995225,https://m.weibo.cn/detail/5299851412637825,辽宁,6600502732,月奴会记得,f,https://m.weibo.cn/u/6600502732?launchid=10000360-page_H5,"https://tvax1.sinaimg.cn/crop.0.0.1080.1080.180/007cH2huly8i9gczbjqp9j30u00u0wg9.jpg?KID=imgbed,tva&Expires=1779089784&ssig=zlI%2B%2F5MVZ5",曝黄奕新恋情,search_contents_2026-05-18.csv,search_post,,5月18日有八卦媒体拍到演员黄奕与一位陌生男子频繁相聚二人先后多次一同外出聚餐相处氛围十分融洽 聚餐结束后两人没有分开而是一同乘车返回同一处公寓全程互动自然亲密疑似新恋情正式曝光单身有新恋情也正常的但是也有可能就是朋友啊 月奴会记得的微博视频 ,True,False,cr晓娱大MO王 || 只有我觉得这哥们有点摇曳身姿有点母零的感觉吗 || 只要不是三爱咋咋地呗少打扰私生活,0
5299838603758347,#曝黄奕新恋情#有没有可能人家只是同事或者普通朋友啊真的搞不懂为什么现在只要艺人和异性说话大家就只会往恋情上猜 一点空间都不给留吗 ,1779092252,2026-05-18 08:17:32+08:00,404,31,7,1779078995231,https://m.weibo.cn/detail/5299838603758347,河北,7939393098,眠冬缘,f,https://m.weibo.cn/u/7939393098?launchid=10000360-page_H5,"https://tvax1.sinaimg.cn/crop.0.0.1080.1080.180/008FiSPoly8icufnj5t7dj30u00u0q51.jpg?KID=imgbed,tva&Expires=1779089784&ssig=RT4MHiPJcq",曝黄奕新恋情,search_contents_2026-05-18.csv,search_post,,有没有可能人家只是同事或者普通朋友啊真的搞不懂为什么现在只要艺人和异性说话大家就只会往恋情上猜 一点空间都不给留吗 ,True,False,黄奕敢爱敢恨真性情现在谈个恋爱挺好的呀 || 还是多关注作品吧其它与我们无关 || 这种新闻总是让人忍不住关注希望当事人能处理好隐私问题吧,0
5299849781051934,#曝黄奕新恋情#黄奕之前的感情路并不顺利，不少网友看到消息后送上祝福 失效痣的微博视频 ,1779094917,2026-05-18 09:01:57+08:00,292,55,8,1779078995237,https://m.weibo.cn/detail/5299849781051934,福建,7280648417,失效痣,f,https://m.weibo.cn/u/7280648417?launchid=10000360-page_H5,"https://tvax3.sinaimg.cn/crop.0.0.929.929.180/007WIRfbly8icyi52oq6zj30pt0pttaf.jpg?KID=imgbed,tva&Expires=1779089784&ssig=1NL6y%2BQXXy",曝黄奕新恋情,search_contents_2026-05-18.csv,search_post,,黄奕之前的感情路并不顺利不少网友看到消息后送上祝福 失效痣的微博视频 ,True,False,真心祝福每个人都能找到属于自己的那份幸福 || 祝福新恋情祝幸福 || 她真的适合自己搞事业吧,0
5299853047367326,#曝黄奕新恋情#她第一个老公姜凯，认识41天闪婚又离婚。然后又和黄毅清结婚了又遇人不淑，因为抚养权打了6年官司，导致她复出很难。现在又有新恋情，只能说祝她成功吧... ,1779095696,2026-05-18 09:14:56+08:00,124,24,2,1779078995243,https://m.weibo.cn/detail/5299853047367326,北京,7548890245,望烬,m,https://m.weibo.cn/u/7548890245?launchid=10000360-page_H5,"https://tvax1.sinaimg.cn/crop.0.0.518.518.180/008eSnchly1hd4vkikuamj30ee0eegm7.jpg?KID=imgbed,tva&Expires=1779089784&ssig=NpKjkTnEn3",曝黄奕新恋情,search_contents_2026-05-18.csv,search_post,,她第一个老公姜凯认识41天闪婚又离婚然后又和黄毅清结婚了又遇人不淑因为抚养权打了6年官司导致她复出很难现在又有新恋情只能说祝她成功吧 ,True,False,她幸福就好了 || 去年的她直播说她女儿那事我就讨厌她 || 这体质真的只适合自己干事业,0
5299902088222300,【#黄奕关联公司涉1亿案款成老赖#】#黄奕关联公司成老赖# 5月18日，“#曝黄奕新恋情#”相关话题引发关注。企查查APP显示，黄奕名下共关联19家公司，其中11家存续，涉足影视投资、医疗美容等领域，黄奕在上述公司任执行董事兼总经理、财务负责人等职务。值得注意的是，去年6月，黄奕持股20%并任董事的上海电影集团影视文化投资发展有限公司因违反财产报告制度被列失信被执行人（老赖），涉案金额1.02亿元，疑似申请人为浙江新奇世界影视文化投资有限公司，执行法院为安吉县人民法院。（封面新闻）封面新闻的微博视频,1779107388,2026-05-18 12:29:48+08:00,0,0,0,1779078995249,https://m.weibo.cn/detail/5299902088222300,,1802564537,新派观察,m,https://m.weibo.cn/u/1802564537?luicode=20000061&lfid=5299902088222300&launchid=10000360-page_H5,"https://tvax4.sinaimg.cn/crop.0.0.1080.1080.180/6b70f3b9ly8hwdrpau6wrj20u00u0dh3.jpg?KID=imgbed,tva&Expires=1779089785&ssig=TOQVP4pwpg",曝黄奕新恋情,search_contents_2026-05-18.csv,search_post,, 5月18日相关话题引发关注企查查APP显示黄奕名下共关联19家公司其中11家存续涉足影视投资医疗美容等领域黄奕在上述公司任执行董事兼总经理财务负责人等职务值得注意的是去年6月黄奕持股20并任董事的上海电影集团影视文化投资发展有限公司因违反财产报告制度被列失信被执行人老赖涉案金额102亿元疑似申请人为浙江新奇世界影视文化投资有限公司执行法院为安吉县人民法院封面新闻封面新闻的微博视频,True,False,,0
5299901522776135,#曝黄奕新恋情#黄奕新恋情瓜：中年女星谈恋爱，怎么就不能大大方方了？这是一起典型的狗仔曝光式娱乐新闻。八卦媒体拍到演员黄奕两次和同一位男性同框聚餐，聚餐结束后两人都一起返回同一公寓，用狗仔的话来说，就是“疑似新恋情曝光”，直接冲上了热搜。这个话题的阅读量已经超过2700万，讨论量有5000多条，被新浪娱乐置顶，还被9家媒体一起发布，妥妥的文娱热点。不是一次偶然，是“时隔数日两次同框+两次同回公寓”，狗仔认为这就排除了普通朋友的可能，坐实了“恋情”的猜测。黄奕和男子穿着同色系的白色衣服，一起进出餐厅、上车，全程没有刻意避嫌，也没有狗仔里常见的“躲躲藏藏”。目前没有公开男方的具体信息，只知道是一位男性，这也是这类爆料的常规操作，先放锤，不揭底，吊足胃口。黄奕因为前两段失败的婚姻，尤其是当年的“争女大战”，一直是网友眼里“情路坎坷”的代表。所以只要她一有感情动向，网友的关注度就会特别高，既有人盼着她找到幸福，也有人等着看她是不是又“遇人不淑”。 说真的，看完这个瓜我第一反应不是“哇黄奕谈恋爱了”，而是“黄奕终于又被拍到感情线了，还是两次！”你想想啊，黄奕这些年的感情路有多难走？当年多火的女演员，一手好牌打得稀烂，大半辈子都耗在跟前夫的拉扯里，连女儿的抚养权都争得头破血流。现在她都快50岁了，好不容易从泥潭里爬出来，把事业、生活都重新理顺了，跟个普通女性一样，找个聊得来的人吃吃饭、回个家，结果被狗仔一拍，直接上热搜，被全国网友评头论足。而且说句实在的，两次同回公寓就能锤死恋情了吗？万一是关系特别好的朋友、合伙人，一起吃个饭顺路送回家，或者大家一起去她家打牌呢？狗仔的镜头永远只拍他们想让你看的部分，不拍前因后果，不拍同行的其他人，只挑最有“瓜味”的片段放出来，说白了就是为了流量。更有意思的是网友的反应，一边倒的都是“姐姐终于要幸福了”“支持黄奕搞事业搞爱情”，没人再像以前那样说她“眼光差”“遇人不淑”了。这其实也能看出来，大家对中年女星谈恋爱的态度，终于变了。以前女星离婚再谈恋爱，就是“不守妇道”“私生活混乱”，现在大家都明白，不管多大年纪，不管结过几次婚，女人想谈恋爱、想找个伴，都是再正常不过的事，又不是犯法。再说了，黄奕自己都没出来回应，网友倒是先替她操碎了心，一会儿猜男方身份，一会儿担心她又被骗。但其实她都经历过那么多事了，什么人没见过？真要谈恋爱，她比谁都拎得清，哪里轮得到我们隔着屏幕瞎操心。说真的，看着这个热搜，我其实挺感慨的。黄奕这大半辈子，好像都活在别人的议论里。年轻时靠《上错花轿嫁对郎》火遍全国，后来因为感情的事，从巅峰跌到谷底，被泼脏水、被网暴，连女儿都要跟着受委屈。这些年她好不容易翻红，靠综艺、靠直播，一点一点把自己的生活拼起来，现在好不容易被拍到一点感情的苗头，又被拉到放大镜底下看。但换个角度想，她现在的状态，其实已经比以前好太多了。以前她谈恋爱，全世界都在骂她“眼瞎”，现在她只是跟一个男性同回公寓，大家的反应都是“姐姐要幸福”。这不是说网友变了，而是黄奕自己变了，她不再是那个被感情裹挟的小女生了，她现在是能自己扛住所有事、能自己赚钱养女儿的独立女性，她的爱情，再也不是“救命稻草”，只是生活里锦上添花的一部分。而且我真的觉得，中年女性谈恋爱，根本没必要搞得这么偷偷摸摸，也没必要被别人的眼光绑架。不管是明星还是普通人，离婚了、单身了，遇到合适的人，想在一起就在一起，不想公开就不公开，这都是自己的事。别人的祝福是情分，别人的议论根本没必要往心里去。最后还是想跟黄奕说一句，不管这次是不是真的谈恋爱，都希望你能过得开心。不用管别人怎么说，不用怕再被骂，你已经很勇敢了，接下来的日子，就为自己活吧，不管是搞事业还是谈恋爱，只要你开心，就是最好的结局。 曝黄奕新恋情,1779107253,2026-05-18 12:27:33+08:00,1,0,0,1779078995259,https://m.weibo.cn/detail/5299901522776135,河北,6641280497,金豆咖啡,f,https://m.weibo.cn/u/6641280497?luicode=20000061&lfid=5299901522776135&launchid=10000360-page_H5,"https://tvax3.sinaimg.cn/crop.0.0.1080.1080.180/007fs8rnly8i8hkmo8j0tj30u00u0q6x.jpg?KID=imgbed,tva&Expires=1779089788&ssig=mx64DRtNe3",曝黄奕新恋情,search_contents_2026-05-18.csv,search_post,,黄奕新恋情瓜中年女星谈恋爱怎么就不能大大方方了这是一起典型的狗仔曝光式娱乐新闻八卦媒体拍到演员黄奕两次和同一位男性同框聚餐聚餐结束后两人都一起返回同一公寓用狗仔的话来说就是疑似新恋情曝光直接冲上了热搜这个话题的阅读量已经超过2700万讨论量有5000多条被新浪娱乐置顶还被9家媒体一起发布妥妥的文娱热点不是一次偶然是时隔数日两次同框两次同回公寓狗仔认为这就排除了普通朋友的可能坐实了恋情的猜测黄奕和男子穿着同色系的白色衣服一起进出餐厅上车全程没有刻意避嫌也没有狗仔里常见的躲躲藏藏目前没有公开男方的具体信息只知道是一位男性这也是这类爆料的常规操作先放锤不揭底吊足胃口黄奕因为前两段失败的婚姻尤其是当年的争女大战一直是网友眼里情路坎坷的代表所以只要她一有感情动向网友的关注度就会特别高既有人盼着她找到幸福也有人等着看她是不是又遇人不淑 说真的看完这个瓜我第一反应不是哇黄奕谈恋爱了而是黄奕终于又被拍到感情线了还是两次你想想啊黄奕这些年的感情路有多难走当年多火的女演员一手好牌打得稀烂大半辈子都耗在跟前夫的拉扯里连女儿的抚养权都争得头破血流现在她都快50岁了好不容易从泥潭里爬出来把事业生活都重新理顺了跟个普通女性一样找个聊得来的人吃吃饭回个家结果被狗仔一拍直接上热搜被全国网友评头论足而且说句实在的两次同回公寓就能锤死恋情了吗万一是关系特别好的朋友合伙人一起吃个饭顺路送回家或者大家一起去她家打牌呢狗仔的镜头永远只拍他们想让你看的部分不拍前因后果不拍同行的其他人只挑最有瓜味的片段放出来说白了就是为了流量更有意思的是网友的反应一边倒的都是姐姐终于要幸福了支持黄奕搞事业搞爱情没人再像以前那样说她眼光差遇人不淑了这其实也能看出来大家对中年女星谈恋爱的态度终于变了以前女星离婚再谈恋爱就是不守妇道私生活混乱现在大家都明白不管多大年纪不管结过几次婚女人想谈恋爱想找个伴都是再正常不过的事又不是犯法再说了黄奕自己都没出来回应网友倒是先替她操碎了心一会儿猜男方身份一会儿担心她又被骗但其实她都经历过那么多事了什么人没见过真要谈恋爱她比谁都拎得清哪里轮得到我们隔着屏幕瞎操心说真的看着这个热搜我其实挺感慨的黄奕这大半辈子好像都活在别人的议论里年轻时靠上错花轿嫁对郎火遍全国后来因为感情的事从巅峰跌到谷底被泼脏水被网暴连女儿都要跟着受委屈这些年她好不容易翻红靠综艺靠直播一点一点把自己的生活拼起来现在好不容易被拍到一点感情的苗头又被拉到放大镜底下看但换个角度想她现在的状态其实已经比以前好太多了以前她谈恋爱全世界都在骂她眼瞎现在她只是跟一个男性同回公寓大家的反应都是姐姐要幸福这不是说网友变了而是黄奕自己变了她不再是那个被感情裹挟的小女生了她现在是能自己扛住所有事能自己赚钱养女儿的独立女性她的爱情再也不是救命稻草只是生活里锦上添花的一部分而且我真的觉得中年女性谈恋爱根本没必要搞得这么偷偷摸摸也没必要被别人的眼光绑架不管是明星还是普通人离婚了单身了遇到合适的人想在一起就在一起不想公开就不公开这都是自己的事别人的祝福是情分别人的议论根本没必要往心里去最后还是想跟黄奕说一句不管这次是不是真的谈恋爱都希望你能过得开心不用管别人怎么说不用怕再被骂你已经很勇敢了接下来的日子就为自己活吧不管是搞事业还是谈恋爱只要你开心就是最好的结局 曝黄奕新恋情,True,False,,0
5299876524983500,【#美军2架战机撞毁画面曝光#，机组4人弹射逃生】#美2架战机撞毁空军基地已封锁# 据美媒报道，当地时间5月17日中午，美国爱达荷州芒廷霍姆空军基地举行飞行表演时，美国海军2架战机在空中相撞并坠毁，4名机组人员弹射逃生。有消息称，空中相撞的是2架E/A-18G型“咆哮者”舰载电子战飞机，事故原因正在调查中。据了解，当天是“枪手天空航展”第二天。据主办方介绍，这一航展包含飞行表演和跳伞项目，旨在庆祝航空历史并展示现代军力。美国空军“雷鸟”飞行表演队担任航展的压轴主演。发生这起事故后，芒廷霍姆空军基地已实施封锁。据气象部门报告，当地事发时能见度良好，阵风风速约为每小时47公里。（CCTV国际时讯）#美国2战机飞行表演时撞毁# 河北长城网的微博视频,1779101293,2026-05-18 10:48:13+08:00,0,0,0,1779079092323,https://m.weibo.cn/detail/5299876524983500,,1936119834,河北长城网,m,https://m.weibo.cn/u/1936119834?luicode=20000061&lfid=5299876524983500&launchid=10000360-page_H5,"https://tvax1.sinaimg.cn/crop.0.0.600.600.180/7366d81aly8hn7z7djlo5j20go0gowfe.jpg?KID=imgbed,tva&Expires=1779089872&ssig=gpEBPcE%2F93",美国2战机飞行表演时撞毁,search_contents_2026-05-18.csv,search_post,,机组4人弹射逃生 据美媒报道当地时间5月17日中午美国爱达荷州芒廷霍姆空军基地举行飞行表演时美国海军2架战机在空中相撞并坠毁4名机组人员弹射逃生有消息称空中相撞的是2架EA18G型咆哮者舰载电子战飞机事故原因正在调查中据了解当天是枪手天空航展第二天据主办方介绍这一航展包含飞行表演和跳伞项目旨在庆祝航空历史并展示现代军力美国空军雷鸟飞行表演队担任航展的压轴主演发生这起事故后芒廷霍姆空军基地已实施封锁据气象部门报告当地事发时能见度良好阵风风速约为每小时47公里CCTV国际时讯 河北长城网的微博视频,True,False,,2
5299842017661634,#美国2战机飞行表演时撞毁#用咆哮虫去飞行表演本身就够唐了，结果还摔了…这不是一亿美元一架的问题，这是现在有钱都补不上产能的问题… ,1779093066,2026-05-18 08:31:06+08:00,931,41,9,1779079092347,https://m.weibo.cn/detail/5299842017661634,福建,6545577536,王虎的舰桥,m,https://m.weibo.cn/u/6545577536?launchid=10000360-page_H5,"https://tvax4.sinaimg.cn/crop.0.0.242.242.180/0078YzJely8h6qqjjtnsbj306q06q0sr.jpg?KID=imgbed,tva&Expires=1779089871&ssig=RL2L9GieOP",美国2战机飞行表演时撞毁,search_contents_2026-05-18.csv,search_post,,用咆哮虫去飞行表演本身就够唐了结果还摔了这不是一亿美元一架的问题这是现在有钱都补不上产能的问题 ,True,False,等再实验几次美利坚海军就把EA36G合成出来了 || 我大美利坚有的是金山银山根本花不完,2
5299830941286615,兄弟们，美国空军又出事了！两架美国EA-18咆哮者电子战机在爱达荷州Mountain Home空军基地举行的枪手天空飞行表演中发生碰撞后双双坠毁美国空军这事故率，现在已经不能说比肩印度，绝对是要超越印度的节奏，再这么摔下去，过几年真没飞机可用了#美国2战机飞行表演时撞毁##烽火问鼎计划##热点现场# 军武吐槽的微博视频,1779090424,2026-05-18 07:47:04+08:00,169,63,22,1779079092352,https://m.weibo.cn/detail/5299830941286615,江西,7467004060,军武吐槽,m,https://m.weibo.cn/u/7467004060?luicode=20000061&lfid=5299830941286615&launchid=10000360-page_H5,"https://tvax2.sinaimg.cn/crop.0.0.1080.1080.180/0089kMRmly8glu78ylzexj30u00u0dgu.jpg?KID=imgbed,tva&Expires=1779089879&ssig=5ahgCsmnIm",美国2战机飞行表演时撞毁,search_contents_2026-05-18.csv,search_post,,兄弟们美国空军又出事了两架美国EA18咆哮者电子战机在爱达荷州Mountain Home空军基地举行的枪手天空飞行表演中发生碰撞后双双坠毁美国空军这事故率现在已经不能说比肩印度绝对是要超越印度的节奏再这么摔下去过几年真没飞机可用了 军武吐槽的微博视频,True,False,这在表演什么节目 || 这有点过分暧昧了 || 这跳伞技术看着挺厉害的,2
5299850531050234,#美国2战机飞行表演时撞毁#这波“咆哮者”直接咆哮到地面了…本来是飞行表演，结果表演了个空中解体+精准跳伞，美国海军这波是给大家展示“极限逃生”项目吗？4顶降落伞，2架战机，零伤亡（飞行员），但装备直接打了对折。只能说，弹射座椅的质量，这次是被彻底验证了 ,1779095096,2026-05-18 09:04:56+08:00,78,11,0,1779079092359,https://m.weibo.cn/detail/5299850531050234,浙江,5367521344,不是祈砚_,f,https://m.weibo.cn/u/5367521344?launchid=10000360-page_H5,"https://tvax1.sinaimg.cn/crop.0.0.1080.1080.180/005RfzuUly8id8ilhnk3aj30u00u0mzu.jpg?KID=imgbed,tva&Expires=1779089871&ssig=NXqd8Yd9jR",美国2战机飞行表演时撞毁,search_contents_2026-05-18.csv,search_post,,这波咆哮者直接咆哮到地面了本来是飞行表演结果表演了个空中解体精准跳伞美国海军这波是给大家展示极限逃生项目吗4顶降落伞2架战机零伤亡飞行员但装备直接打了对折只能说弹射座椅的质量这次是被彻底验证了 ,True,False,对擦肩而过的陌生人报以真诚的微笑吧这个简单的举动或许能成为他人阴霾日子里的一束光有时候最动人的温暖就藏在这样不经意的瞬间里 || 天哪 还好零伤亡,2
5299901013427285,🔻美军撞机新角度视频，更近视角。🔻太抽象了，ai都跑不出这个。下方飞机的左垂直尾翼似乎插入了上方飞机的机身。🔻via combatlearjet.com#美国2战机飞行表演时撞毁##海外新鲜事##热点现场# 包容万物恒河水的微博视频 ,1779107132,2026-05-18 12:25:32+08:00,189,57,27,1779079092364,https://m.weibo.cn/detail/5299901013427285,四川,1671109627,包容万物恒河水,f,https://m.weibo.cn/u/1671109627?launchid=10000360-page_H5,"https://tvax4.sinaimg.cn/crop.0.0.512.512.180/639b1bfbly8h0ikpj331kj20e80e8t8w.jpg?KID=imgbed,tva&Expires=1779089871&ssig=ojqw82MQZH",美国2战机飞行表演时撞毁,search_contents_2026-05-18.csv,search_post,,美军撞机新角度视频更近视角太抽象了ai都跑不出这个下方飞机的左垂直尾翼似乎插入了上方飞机的机身via combatlearjetcom 包容万物恒河水的微博视频 ,True,False,我就说是繁殖季到了吧 || 都说AI替代人类这才哪到哪AI还是得练啊 || 各位见过空中合体的蜻蜓吗,2
5299872391499092,#美国2战机飞行表演时撞毁#看了飞行表演现场画面，对相撞后两架飞机的状态有点疑惑，为什么相撞之后会像磁铁一样吸在一起？ ,1779100308,2026-05-18 10:31:48+08:00,44,18,3,1779079092368,https://m.weibo.cn/detail/5299872391499092,北京,1771906402,高小卷-,f,https://m.weibo.cn/u/1771906402?launchid=10000360-page_H5,"https://tvax2.sinaimg.cn/crop.0.0.1080.1080.180/699d2562ly8hfwv650vvej20u00u0dh6.jpg?KID=imgbed,tva&Expires=1779089871&ssig=ubDlUTd%2BQX",美国2战机飞行表演时撞毁,search_contents_2026-05-18.csv,search_post,,看了飞行表演现场画面对相撞后两架飞机的状态有点疑惑为什么相撞之后会像磁铁一样吸在一起 ,True,False,逃命真快弹射真好建议在电车上推广,2
5299902952246831,#美国2战机飞行表演时撞毁#美国需要的稀土又加了两笔 美国2战机飞行表演时撞毁 ,1779107594,2026-05-18 12:33:14+08:00,1,0,0,1779079092372,https://m.weibo.cn/detail/5299902952246831,江苏,7673771479,hello小米稀粥,f,https://m.weibo.cn/u/7673771479?launchid=10000360-page_H5,"https://tvax4.sinaimg.cn/crop.0.0.1080.1080.180/008nkmvJly8hhm520zvl2j30u00u0wgv.jpg?KID=imgbed,tva&Expires=1779089871&ssig=CzWJDZRDcE",美国2战机飞行表演时撞毁,search_contents_2026-05-18.csv,search_post,,美国需要的稀土又加了两笔 美国2战机飞行表演时撞毁 ,True,False,,2
5299896216715585,#毛巾老板直播被骂晒结婚证自证清白#真的笑不行了，下午还是原配版，晚上就变成无三原配版，置顶还是只有嫡子 ,1779105988,2026-05-18 12:06:28+08:00,129,57,7,1779079172473,https://m.weibo.cn/detail/5299896216715585,浙江,8001846441,不再犹豫_EV,m,https://m.weibo.cn/u/8001846441?launchid=10000360-page_H5,"https://tvax2.sinaimg.cn/crop.0.0.1080.1080.180/008JwVNnly8i8ii4dsp1xj30u00u0jtv.jpg?KID=imgbed,tva&Expires=1779089968&ssig=OdUU9YjSVl",毛巾老板直播被骂晒结婚证自证清白,search_contents_2026-05-18.csv,search_post,,真的笑不行了下午还是原配版晚上就变成无三原配版置顶还是只有嫡子 ,True,False,,0
5299899442398213,#毛巾老板直播被骂晒结婚证自证清白#最近洁丽雅的豪门家事刷屏，结果网友搞错人说毛巾老板，为了避谣，老板还直接改了账号名，标注自己是原配无三，还直播亮结婚证，太搞笑了 ,1779106757,2026-05-18 12:19:17+08:00,87,42,1,1779079172476,https://m.weibo.cn/detail/5299899442398213,浙江,7331622139,小怡说车,f,https://m.weibo.cn/u/7331622139?launchid=10000360-page_H5,"https://tvax4.sinaimg.cn/crop.0.0.1080.1080.180/0080aJPZly8h7k815nfi4j30u00u00ud.jpg?KID=imgbed,tva&Expires=1779089968&ssig=CfPwzRCLzT",毛巾老板直播被骂晒结婚证自证清白,search_contents_2026-05-18.csv,search_post,,最近洁丽雅的豪门家事刷屏结果网友搞错人说毛巾老板为了避谣老板还直接改了账号名标注自己是原配无三还直播亮结婚证太搞笑了 ,True,False,热心的网友没有分清楚人,0
5299888230498597,#毛巾老板直播被骂晒结婚证自证清白#  吃上了毛巾馒头！洁丽雅大瓜被曝后，号称“满门原配无三”的毛巾老板火了。 ,1779104083,2026-05-18 11:34:43+08:00,50,7,14,1779079172480,https://m.weibo.cn/detail/5299888230498597,,2906828094,电商之家,m,https://m.weibo.cn/u/2906828094?launchid=10000360-page_H5,"https://tvax3.sinaimg.cn/crop.0.0.500.500.180/ad42ad3ely8gy8sew8vdzj20dw0dwaad.jpg?KID=imgbed,tva&Expires=1779089968&ssig=TVqkNBPAFm",毛巾老板直播被骂晒结婚证自证清白,search_contents_2026-05-18.csv,search_post,,  吃上了毛巾馒头洁丽雅大瓜被曝后号称满门原配无三的毛巾老板火了 ,True,False,有没有你拿结婚证证明 || 这也是火的点 || 对婚姻不忠诚的人对顾客会忠诚吗,0
5299881063223267,#毛巾老板直播被骂晒结婚证自证清白#？什么东西啊？这晒结婚证？怎么感觉怪怪的？现在这个世道真神奇……之前很多人骂他？我都没刷到过他 ,1779102375,2026-05-18 11:06:15+08:00,36,0,0,1779079172486,https://m.weibo.cn/detail/5299881063223267,浙江,7537926210,莱奥饲养员,f,https://m.weibo.cn/u/7537926210?launchid=10000360-page_H5,"https://tvax3.sinaimg.cn/crop.0.0.1080.1080.180/008e8mX0ly8icurfzp71tj30u00u0dik.jpg?KID=imgbed,tva&Expires=1779089968&ssig=cau67dLxZm",毛巾老板直播被骂晒结婚证自证清白,search_contents_2026-05-18.csv,search_post,,什么东西啊这晒结婚证怎么感觉怪怪的现在这个世道真神奇之前很多人骂他我都没刷到过他 ,True,False,,0
5299882773448719,#毛巾老板直播被骂晒结婚证自证清白#怎么感觉直播间的花活越来越多了，卖货的话还是首要保证商品质量放第一位吧。 blue__hee的微博视频 ,1779102783,2026-05-18 11:13:03+08:00,122,21,3,1779079172492,https://m.weibo.cn/detail/5299882773448719,江苏,7446699413,blue__hee,f,https://m.weibo.cn/u/7446699413?launchid=10000360-page_H5,"https://tvax1.sinaimg.cn/crop.0.0.1079.1079.180/0087XAH3ly8i82teae5muj30tz0u0djz.jpg?KID=imgbed,tva&Expires=1779089968&ssig=mVV5tJp3xM",毛巾老板直播被骂晒结婚证自证清白,search_contents_2026-05-18.csv,search_post,,怎么感觉直播间的花活越来越多了卖货的话还是首要保证商品质量放第一位吧 blue__hee的微博视频 ,True,False,你怎么看待这件事 || 商品质量好才是硬道理 || 先要保证质量吧,0
5299904222072760,#毛巾老板直播被骂晒结婚证自证清白#混乱中的赢家 ,1779107897,2026-05-18 12:38:17+08:00,0,0,0,1779079172498,https://m.weibo.cn/detail/5299904222072760,山西,7771269523,乐思比熊,m,https://m.weibo.cn/u/7771269523?launchid=10000360-page_H5,"https://tvax4.sinaimg.cn/crop.0.0.1023.1023.180/008tVscPly8ibrotmtcfej30sf0sf75g.jpg?KID=imgbed,tva&Expires=1779089968&ssig=7BJTvmCSoJ",毛巾老板直播被骂晒结婚证自证清白,search_contents_2026-05-18.csv,search_post,,混乱中的赢家 ,True,False,,3
5299904217876743,#毛巾老板直播被骂晒结婚证自证清白#我只是买毛巾而己，别净扯有的没的，谁家毛巾质量好买谁家的 ,1779107896,2026-05-18 12:38:16+08:00,0,0,0,1779079172501,https://m.weibo.cn/detail/5299904217876743,浙江,2405014007,重生后邓为爱我如命,f,https://m.weibo.cn/u/2405014007?launchid=10000360-page_H5,"https://tvax3.sinaimg.cn/crop.0.0.1080.1080.180/8f5999f7ly8icratwtwbjj20u00u0mzs.jpg?KID=imgbed,tva&Expires=1779089968&ssig=8EYdUzQMOF",毛巾老板直播被骂晒结婚证自证清白,search_contents_2026-05-18.csv,search_post,,我只是买毛巾而己别净扯有的没的谁家毛巾质量好买谁家的 ,True,False,,0
5299904121406409,#毛巾老板直播被骂晒结婚证自证清白#这些人也是闲的慌，啥都不知道上去就骂人 ,1779107873,2026-05-18 12:37:53+08:00,0,0,0,1779079172505,https://m.weibo.cn/detail/5299904121406409,江苏,6696168716,微风轻轻ww,f,https://m.weibo.cn/u/6696168716?launchid=10000360-page_H5,"https://tvax1.sinaimg.cn/crop.0.0.1080.1080.180/007jarnely8i9ik4wwpdfj30u00u0whh.jpg?KID=imgbed,tva&Expires=1779089968&ssig=GJarcLbmhm",毛巾老板直播被骂晒结婚证自证清白,search_contents_2026-05-18.csv,search_post,,这些人也是闲的慌啥都不知道上去就骂人 ,True,False,,0
5299876489594939,#张艺兴君佩全球首位品牌代言人# piu亮bb的星星眼 😿 ,1779101285,2026-05-18 10:48:05+08:00,72,1,3,1779079276918,https://m.weibo.cn/detail/5299876489594939,江苏,2248470182,Kam_Baekey,m,https://m.weibo.cn/u/2248470182?launchid=10000360-page_H5,"https://tvax4.sinaimg.cn/crop.0.0.1080.1080.180/8604eea6ly8hkoxyu65y6j20u00u03zx.jpg?KID=imgbed,tva&Expires=1779090069&ssig=LU2UxIgts1",张艺兴君佩全球首位品牌代言人,search_contents_2026-05-18.csv,search_post,, piu亮bb的星星眼  ,True,False,,0
5299290416354735,张艺兴“4天解锁3身份”，还解锁了顶奢君佩，常年一直做音乐教室等公益项目，微光环塔公益联盟倡导人张艺兴太优秀了 ,1778961554,2026-05-16 19:59:14+08:00,1198,60,19,1779079276925,https://m.weibo.cn/detail/5299290416354735,安徽,3257851324,内娱小青草,m,https://m.weibo.cn/u/3257851324?launchid=10000360-page_H5,"https://tvax1.sinaimg.cn/crop.0.0.1080.1080.180/c22eddbcly8ibrqn43rrcj20u00u077d.jpg?KID=imgbed,tva&Expires=1779090069&ssig=%2Bg5CgvB2j3",张艺兴君佩全球首位品牌代言人,search_contents_2026-05-18.csv,search_post,,张艺兴4天解锁3身份还解锁了顶奢君佩常年一直做音乐教室等公益项目微光环塔公益联盟倡导人张艺兴太优秀了 ,True,False,张艺兴好牛 || 我们张艺兴就是这么人帅心善还优秀 || 张艺兴太权威了 张艺兴好牛,0
5299349258770234,"张艺兴#张艺兴戛纳##张艺兴君佩全球首位品牌代言人# 20260516 工作室ins更新戛纳可爱VLOGBoss Lay Zhang Cannes Mini Vlog Series 📷Beyond red carpets and applause, there lies a quiet rhythm all his own.@张艺兴 张艺兴外网皇家翻译的微博视频 ",1778975583,2026-05-16 23:53:03+08:00,240,13,23,1779079276934,https://m.weibo.cn/detail/5299349258770234,北京,5721207942,张艺兴外网皇家翻译,f,https://m.weibo.cn/u/5721207942?launchid=10000360-page_H5,"https://tvax3.sinaimg.cn/crop.0.0.1080.1080.180/006fbBxsly8gypogmcxk7j30u00u0gn0.jpg?KID=imgbed,tva&Expires=1779090069&ssig=q6%2FMC0P96G",张艺兴君佩全球首位品牌代言人,search_contents_2026-05-18.csv,search_post,,张艺兴 20260516 工作室ins更新戛纳可爱VLOGBoss Lay Zhang Cannes Mini Vlog Series Beyond red carpets and applause there lies a quiet rhythm all his own 张艺兴外网皇家翻译的微博视频 ,True,False,怎么有这么可爱的人儿 || 帅气可爱的张艺兴,0
5299327448647180,#张艺兴君佩全球首位品牌代言人# 以匠心为初心，传承东方美学，让经得起时光的黄金之美，闪耀世界。@张艺兴 张艺兴 ,1778970383,2026-05-16 22:26:23+08:00,69,0,3,1779079276941,https://m.weibo.cn/detail/5299327448647180,上海,1772765234,阿苗苗苗苗x,f,https://m.weibo.cn/u/1772765234?launchid=10000360-page_H5,"https://tvax1.sinaimg.cn/crop.0.0.1080.1080.180/69aa4032ly8gpko6512o7j20u00u0jtc.jpg?KID=imgbed,tva&Expires=1779090069&ssig=ZGpPKE1Pm1",张艺兴君佩全球首位品牌代言人,search_contents_2026-05-18.csv,search_post,, 以匠心为初心传承东方美学让经得起时光的黄金之美闪耀世界 张艺兴 ,True,False,,0
5299898280050772,张艺兴 × Madame Figaro China May 2026正式封面揭晓！来自君佩的加持助力，全球首位品牌代言人张艺兴出镜《费加罗》五月刊三封面，这也是他与杂志的第二次封面合作，暗调光影氛围下矜贵有型，举手投足间奢华帅气、格调尽显，同时以一抹绿意点缀，视觉效果拉满~ 📷摄影: Win Tam    #张艺兴费加罗五月刊封面##张艺兴费加罗封面 Golden Hour# #张艺兴君佩全球首位品牌代言人#,1779106479,2026-05-18 12:14:39+08:00,11,6,2,1779079276955,https://m.weibo.cn/detail/5299898280050772,江西,5495661770,Stars_HauteCouture,m,https://m.weibo.cn/u/5495661770?luicode=20000061&lfid=5299898280050772&launchid=10000360-page_H5,"https://tvax1.sinaimg.cn/crop.0.0.960.960.180/005ZVeFYly8h8mhiofqzqj30qo0qo40y.jpg?KID=imgbed,tva&Expires=1779090073&ssig=VcqbZG8Cip",张艺兴君佩全球首位品牌代言人,search_contents_2026-05-18.csv,search_post,,张艺兴  Madame Figaro China May 2026正式封面揭晓来自君佩的加持助力全球首位品牌代言人张艺兴出镜费加罗五月刊三封面这也是他与杂志的第二次封面合作暗调光影氛围下矜贵有型举手投足间奢华帅气格调尽显同时以一抹绿意点缀视觉效果拉满 摄影 Win Tam     ,True,False,本月权威人物刊物环球人物星光计划非遗推荐官及封面戛纳电影节红毯君佩全球首位品牌代言人主流女刊费加罗封面重磅四连主流国际商务时尚多领域全面开花步步稳踏高阶征程尽显强大的商业价值与行业影响力 || 这期封面质感绝了张艺兴的每一次亮相都让人眼前一亮 感觉他又解锁了新风格期待更多惊喜 语音评论12quot,0
5299715004433453,#张艺兴君佩全球首位品牌代言人#漂亮的人儿 每天都要看 越看越喜欢zyx @张艺兴 lay @JEMPER君佩 ,1779062784,2026-05-18 00:06:24+08:00,20,15,9,1779079276971,https://m.weibo.cn/detail/5299715004433453,四川,3866126054,Angel-梦不落,f,https://m.weibo.cn/u/3866126054?launchid=10000360-page_H5,"https://tvax4.sinaimg.cn/crop.0.0.1080.1080.180/e67066e6gy1iaf5lgf8oxj20u00u0die.jpg?KID=imgbed,tva&Expires=1779090069&ssig=mNC9CdM0mg",张艺兴君佩全球首位品牌代言人,search_contents_2026-05-18.csv,search_post,,漂亮的人儿 每天都要看 越看越喜欢zyx  lay  ,True,False,无远弗届的奇迹是有你才无敌张艺兴 || 让你们骄傲地说出喜欢的人是张艺兴 || 你像神明一样慷慨的将光撒向我 从此人间被点亮,0
5299839212195108,【#山西吕梁一驾校招生宣称文盲包过#：人在考场坐，电脑自动答题通过科目一】#科一考试光标会自己动5分钟93道题#山西吕梁市临县一帆驾校宣称的“快速学车，文盲包过”，近年来吸引了不少外省学员“慕名而来”。“不识字也能通过科目一”在一帆驾校的操作下几乎成为必然。今年3月下旬，@新京报 记者赴临县调查后，揭开了一帆驾校“驾考包过”的秘密。以科目一理论考试为例，考试前一天，一帆驾校人员会组织学员进行“考前培训”，实则是传授作弊的方法——考试中，电脑与鼠标“断连”，学员只需要间隔十秒点一点鼠标，眼睛盯着电脑屏幕佯装答题就行，后台会有人操控电脑帮学员答题。3月25日，多名在一帆驾校参加完科目一考试的学员表示，考试确如“考前培训”所讲，用于答题的电脑与鼠标没有连接，电脑屏幕上光标会自己移动答题并交卷。一名学员说，“光标”5分钟答了93道题，错了一题，让他考了92分顺利通过科目一。一帆驾校一名招生人员表示，科目一、科目四都是“后台帮答题”；科目二考试时有教练员站在考场边给手势指挥，依照指挥就能通过；科目三考试时副驾驶位置坐着教练员，“过不过都由教练掌握，让你过你就过。”临县一帆驾校驾考“包过”不是个例。@新京报 记者调查发现，吕梁中阳县一所驾校招生人员也宣称“考试包过”。3月25日，记者与自称是该驾校工作人员的许某媛取得联系，她为证实身份还发来一段工位上有电脑和打印机的短视频，她说在驾校上班，当天正组织考试中。许某媛介绍，1万元包过四科。科目一、科目四考试，只要能认识基本的字就可以。考前要进行培训，但不是培训答题知识，而是培训怎么操作，考试时无需学员答题就能通过。科目二、科目三考试，练练车熟悉一下就行。全文：驾校“文盲包过”的秘密：人在考场坐，电脑自动答题通过科目一 新京报的微博视频,1779092397,2026-05-18 08:19:57+08:00,180,49,41,1779079356843,https://m.weibo.cn/detail/5299839212195108,,1644114654,新京报,m,https://m.weibo.cn/u/1644114654?luicode=20000061&lfid=5299839212195108&launchid=10000360-page_H5,"https://tvax3.sinaimg.cn/crop.0.0.512.512.180/001Ngxkily8h8vm7jc1igj60e80e8q3a02.jpg?KID=imgbed,tva&Expires=1779090143&ssig=6BUag7KVKw",山西吕梁一驾校招生宣称文盲包过,search_contents_2026-05-18.csv,search_post,,人在考场坐电脑自动答题通过科目一山西吕梁市临县一帆驾校宣称的快速学车文盲包过近年来吸引了不少外省学员慕名而来不识字也能通过科目一在一帆驾校的操作下几乎成为必然今年3月下旬 记者赴临县调查后揭开了一帆驾校驾考包过的秘密以科目一理论考试为例考试前一天一帆驾校人员会组织学员进行考前培训实则是传授作弊的方法考试中电脑与鼠标断连学员只需要间隔十秒点一点鼠标眼睛盯着电脑屏幕佯装答题就行后台会有人操控电脑帮学员答题3月25日多名在一帆驾校参加完科目一考试的学员表示考试确如考前培训所讲用于答题的电脑与鼠标没有连接电脑屏幕上光标会自己移动答题并交卷一名学员说光标5分钟答了93道题错了一题让他考了92分顺利通过科目一一帆驾校一名招生人员表示科目一科目四都是后台帮答题科目二考试时有教练员站在考场边给手势指挥依照指挥就能通过科目三考试时副驾驶位置坐着教练员过不过都由教练掌握让你过你就过临县一帆驾校驾考包过不是个例 记者调查发现吕梁中阳县一所驾校招生人员也宣称考试包过3月25日记者与自称是该驾校工作人员的许某媛取得联系她为证实身份还发来一段工位上有电脑和打印机的短视频她说在驾校上班当天正组织考试中许某媛介绍1万元包过四科科目一科目四考试只要能认识基本的字就可以考前要进行培训但不是培训答题知识而是培训怎么操作考试时无需学员答题就能通过科目二科目三考试练练车熟悉一下就行全文驾校文盲包过的秘密人在考场坐电脑自动答题通过科目一 新京报的微博视频,True,False,属于是培养马路杀手 || 今年3月下旬新京报记者赴临县调查后揭开了一帆驾校驾考包过的秘密以科目一理论考试为例考试前一天一帆驾校人员会组织学员进行考前培训实则是传授作弊的方法山西吕梁一驾校招生宣称文盲包过 || 来自内蒙古的学员冯强化名说负责培训的两名女子还特别提醒学员考试中无论碰到什么问题有什么疑惑什么话也不要说事后有人回访问咋考的就说是经学校培训后努力考的科一考试光标会自己动5分钟93道题,0
5299895810130218,离谱！驾校文盲包过？？科目一电脑自动答题，光标自己动，5分钟93题稳过…科二手势、科三副驾安全员变教练，花钱买驾照？#山西吕梁一驾校招生宣称文盲包过# ,1779105891,2026-05-18 12:04:51+08:00,85,36,10,1779079356849,https://m.weibo.cn/detail/5299895810130218,安徽,5376089014,玩车豆豆,f,https://m.weibo.cn/u/5376089014?launchid=10000360-page_H5,"https://tvax3.sinaimg.cn/crop.0.0.512.512.180/005RPwl8ly8h5y0d3yt3cj30e80e8aag.jpg?KID=imgbed,tva&Expires=1779090142&ssig=hvV5lBPe83",山西吕梁一驾校招生宣称文盲包过,search_contents_2026-05-18.csv,search_post,,离谱驾校文盲包过科目一电脑自动答题光标自己动5分钟93题稳过科二手势科三副驾安全员变教练花钱买驾照 ,True,False,山西之前有个驾校的辅警来着上了央视普法栏目了蚁贪一次贪几十贪了几十万 || 这就很离谱,0
5299893769863678,#山西吕梁一驾校招生宣称文盲包过#法律风险与安全警示刑责与监管漏洞：公安部《机动车驾驶证申领和使用规定》明确，组织考试舞弊构成犯罪的需追究刑事责任，涉事考场应停用。但实操中，后台操控、考官放水等环节暴露出考场监管形同虚设。公共安全隐忧：作弊获取驾照的学员缺乏基本驾驶技能与交规知识，被网友称为“道路定时炸弹”。注：驾考舞弊不仅扰乱考试公平，更直接威胁道路交通安全！！！ 山西吕梁一驾校招生宣称文盲包过,1779105405,2026-05-18 11:56:45+08:00,144,29,0,1779079356855,https://m.weibo.cn/detail/5299893769863678,山西,5596472842,玉人er,m,https://m.weibo.cn/u/5596472842?luicode=20000061&lfid=5299893769863678&launchid=10000360-page_H5,"https://tvax1.sinaimg.cn/crop.0.0.1080.1080.180/0066Kef0ly8ibv1vewd1wj30u00u0dhv.jpg?KID=imgbed,tva&Expires=1779090146&ssig=1zxmhlFYhQ",山西吕梁一驾校招生宣称文盲包过,search_contents_2026-05-18.csv,search_post,,法律风险与安全警示刑责与监管漏洞公安部机动车驾驶证申领和使用规定明确组织考试舞弊构成犯罪的需追究刑事责任涉事考场应停用但实操中后台操控考官放水等环节暴露出考场监管形同虚设公共安全隐忧作弊获取驾照的学员缺乏基本驾驶技能与交规知识被网友称为道路定时炸弹注驾考舞弊不仅扰乱考试公平更直接威胁道路交通安全 山西吕梁一驾校招生宣称文盲包过,True,False,那些作弊拿到驾照的遇到这种开车的太吓人了 || 就连考试都包过了不知道这样的驾校培养出来的学生上路可否让人放心,0
5299895896378247,#山西吕梁一驾校招生宣称文盲包过# 我的理解：教识字知识驾校操作：后台帮答有些捷径且招摇，害人害己。 ,1779105912,2026-05-18 12:05:12+08:00,10,4,1,1779079356860,https://m.weibo.cn/detail/5299895896378247,天津,5644191932,酷艾舟,f,https://m.weibo.cn/u/5644191932?launchid=10000360-page_H5,"https://tvax3.sinaimg.cn/crop.0.0.1080.1080.180/0069Ys9Kly8hdosail0j8j30u00u0tax.jpg?KID=imgbed,tva&Expires=1779090142&ssig=SgYXuj4pFq",山西吕梁一驾校招生宣称文盲包过,search_contents_2026-05-18.csv,search_post,, 我的理解教识字知识驾校操作后台帮答有些捷径且招摇害人害己 ,True,False,驾校的迷之操作,0
5299895598584737,#山西吕梁一驾校招生宣称文盲包过#就是驾校走歪路子：替考、传答案、考场作弊、买通人员放水，属于严重违法违规现有文盲包过，以后说不定还会色盲包过呢 山西吕梁一驾校招生宣称文盲包过 ,1779105841,2026-05-18 12:04:01+08:00,4,0,0,1779079356867,https://m.weibo.cn/detail/5299895598584737,四川,5080935467,栀落南汀,f,https://m.weibo.cn/u/5080935467?launchid=10000360-page_H5,"https://tvax1.sinaimg.cn/crop.0.0.1080.1080.180/005xR5q3ly8i8u4c681l7j30u00u0n0i.jpg?KID=imgbed,tva&Expires=1779090142&ssig=aLZEyXbLfq",山西吕梁一驾校招生宣称文盲包过,search_contents_2026-05-18.csv,search_post,,就是驾校走歪路子替考传答案考场作弊买通人员放水属于严重违法违规现有文盲包过以后说不定还会色盲包过呢 山西吕梁一驾校招生宣称文盲包过 ,True,False,,0
5299893740506958,#山西吕梁一驾校招生宣称文盲包过#科目一/四：考试电脑与鼠标实际断开连接，学员每10秒点击一次假鼠标佯装答题，后台由专人操控光标自动答题。有学员实测系统5分钟完成93道题（错1题），得分92分通过。天哪！还可以这样操作？？ ,1779105398,2026-05-18 11:56:38+08:00,25,0,0,1779079356872,https://m.weibo.cn/detail/5299893740506958,上海,1181714974,碧海云天LY,f,https://m.weibo.cn/u/1181714974?launchid=10000360-page_H5,"https://tvax2.sinaimg.cn/crop.0.0.1080.1080.180/466f8a1ely8icgm11a0pej20u00u040o.jpg?KID=imgbed,tva&Expires=1779090142&ssig=0kTdgwrS03",山西吕梁一驾校招生宣称文盲包过,search_contents_2026-05-18.csv,search_post,,科目一四考试电脑与鼠标实际断开连接学员每10秒点击一次假鼠标佯装答题后台由专人操控光标自动答题有学员实测系统5分钟完成93道题错1题得分92分通过天哪还可以这样操作 ,True,False,,0
5299904790660645,#山西吕梁一驾校招生宣称文盲包过#批量生产马路杀手，想想都可怕。 ,1779108032,2026-05-18 12:40:32+08:00,0,0,0,1779079356878,https://m.weibo.cn/detail/5299904790660645,山西,1221707263,刘继兴,m,https://m.weibo.cn/u/1221707263?launchid=10000360-page_H5,"https://tvax2.sinaimg.cn/crop.0.0.996.996.180/48d1c5ffly8g12eib3b3pj20ro0romye.jpg?KID=imgbed,tva&Expires=1779090142&ssig=afJ7g%2Bfgg%2F",山西吕梁一驾校招生宣称文盲包过,search_contents_2026-05-18.csv,search_post,,批量生产马路杀手想想都可怕 ,True,False,,0
5299600803498063,歌手袭榜改成大魔王了 #网传歌手袭榜改成大魔王了# ,1779035556,2026-05-17 16:32:36+08:00,1093,172,65,1779079470439,https://m.weibo.cn/detail/5299600803498063,四川,7423999102,_人间猕猴桃_,f,https://m.weibo.cn/u/7423999102?launchid=10000360-page_H5,"https://tvax4.sinaimg.cn/crop.0.0.1002.1002.180/0086qlj0ly8gj2tame2gjj30ru0rujvb.jpg?KID=imgbed,tva&Expires=1779090253&ssig=W35h%2FMyvNi",网传歌手袭榜改成大魔王了,search_contents_2026-05-18.csv,search_post,,歌手袭榜改成大魔王了  ,True,False,谭晶 不是来过吗 || 谁 我不认识啊 高雨田么,0
5299847528975047,#网传歌手袭榜改成大魔王了#“袭榜”环节可能更名为“大魔王”，但规则基本不变，仍由特邀歌手挑战在线阵容，成功则淘汰末位歌手。2026歌手首发歌手现已集结：齐豫、@庾澄慶 、@魏如萱waa 、@胡彦斌 、@张碧晨 、斯纳吉@STANAJ_ALBERT 、@尤长靖 、@Eric周興哲 、窦靖童@Leah童Dou 你们期待谁呢？ ,1779094380,2026-05-18 08:53:00+08:00,506,86,17,1779079470449,https://m.weibo.cn/detail/5299847528975047,安徽,5851144230,吐泡泡1oO,f,https://m.weibo.cn/u/5851144230?launchid=10000360-page_H5,"https://tvax4.sinaimg.cn/crop.0.0.1080.1080.180/006nYNU2ly8id6mdsohe2j30u00u0dhx.jpg?KID=imgbed,tva&Expires=1779090253&ssig=yScDC518%2Fd",网传歌手袭榜改成大魔王了,search_contents_2026-05-18.csv,search_post,,袭榜环节可能更名为大魔王但规则基本不变仍由特邀歌手挑战在线阵容成功则淘汰末位歌手2026歌手首发歌手现已集结齐豫    斯纳吉   窦靖童 你们期待谁呢 ,True,False,确实比去年阵容好 || 有些就是水货歌王,0
5299848188528523,#网传歌手袭榜改成大魔王了#歌手2026 这次从袭榜更换成大魔王对决，算是节目做出的一次大胆创新调整。摒弃了以往拖沓冗长的比拼流程，主打短平快的高能对决场面，每一场比拼都充满未知惊喜，整体观看节奏松紧适中，比起以往平淡的比拼形式，更容易勾起大家持续关注的兴致。网传歌手袭榜改成大魔王了 #一分钟精选视频扶持计划# 王者君啊的微博视频,1779094537,2026-05-18 08:55:37+08:00,146,54,4,1779079470459,https://m.weibo.cn/detail/5299848188528523,北京,3482589012,王者君啊,m,https://m.weibo.cn/u/3482589012?luicode=20000061&lfid=5299848188528523&launchid=10000360-page_H5,"https://tvax4.sinaimg.cn/crop.0.0.996.996.180/cf941754ly8h8v8tawmoaj20ro0romzu.jpg?KID=imgbed,tva&Expires=1779090253&ssig=DPylm8NVTx",网传歌手袭榜改成大魔王了,search_contents_2026-05-18.csv,search_post,,歌手2026 这次从袭榜更换成大魔王对决算是节目做出的一次大胆创新调整摒弃了以往拖沓冗长的比拼流程主打短平快的高能对决场面每一场比拼都充满未知惊喜整体观看节奏松紧适中比起以往平淡的比拼形式更容易勾起大家持续关注的兴致网传歌手袭榜改成大魔王了  王者君啊的微博视频,True,False,赛制改得更有冲击力竞争氛围一下子就上来了 || 还是怀念以前的形式只登场一场实在不够看 || 改成大魔王模式氛围感直接拉满一对一对决看着太过瘾了,0
5299859826936955,歌手2026把以往的『歌手袭榜环节』改了个名字，改成『大魔王挑战』，并不是某个大魔王要来啦！不过一提到大魔王，大家瞬间会想到是谭晶！她真的太全能了，专业功底没得说，上音综也超级圈粉，完全打破了大家对歌唱家的刻板印象。“听谭晶唱歌，耳朵像做了SPA”，大魔王的嗓音就是最顶级的听觉享受，每一次开口都是对耳朵的极致宠爱！一起来听听看！#微博声浪计划##听见微博##音频赋能计划##网传歌手袭榜改成大魔王了# 网传歌手袭榜改成大魔王了 咸鱼本不咸的微博音频,1779097312,2026-05-18 09:41:52+08:00,142,13,0,1779079470468,https://m.weibo.cn/detail/5299859826936955,福建,1762467461,咸鱼本不咸,f,https://m.weibo.cn/u/1762467461?luicode=20000061&lfid=5299859826936955&launchid=10000360-page_H5,"https://tvax2.sinaimg.cn/crop.0.0.1080.1080.180/690d1e85ly8ibr32zie8wj20u00u0aby.jpg?KID=imgbed,tva&Expires=1779090257&ssig=wrg8jsaNz6",网传歌手袭榜改成大魔王了,search_contents_2026-05-18.csv,search_post,,歌手2026把以往的歌手袭榜环节改了个名字改成大魔王挑战并不是某个大魔王要来啦不过一提到大魔王大家瞬间会想到是谭晶她真的太全能了专业功底没得说上音综也超级圈粉完全打破了大家对歌唱家的刻板印象听谭晶唱歌耳朵像做了SPA大魔王的嗓音就是最顶级的听觉享受每一次开口都是对耳朵的极致宠爱一起来听听看 网传歌手袭榜改成大魔王了 咸鱼本不咸的微博音频,True,False,期待值拉满了 || 早就听说这一季会有新赛制很期待了 || 音频重点 0536  提到大魔王第一反应就是谭晶她的嗓音真的是听觉SPA,0
5299845709169336,网传袭榜赛制直接升级成大魔王挑战，对抗感拉满！首发阵容更是神仙打架，齐豫、庾澄庆前辈压阵，胡彦斌、张碧晨实力坐镇，还有窦靖童、周兴哲等新生代，这配置+刺激新赛制，5月22日直播太期待了！#网传歌手袭榜改成大魔王了##微博二创视频创作季##一分钟精选视频扶持计划##歌手2026有3个新生代# 甜宝宝C的微博视频,1779093946,2026-05-18 08:45:46+08:00,60,11,0,1779079470477,https://m.weibo.cn/detail/5299845709169336,广东,2170527693,甜宝宝C,f,https://m.weibo.cn/u/2170527693?luicode=20000061&lfid=5299845709169336&launchid=10000360-page_H5,"https://tvax1.sinaimg.cn/crop.0.0.1080.1080.180/815f9fcdly8i1pf88sst6j20u00u0q4j.jpg?KID=imgbed,tva&Expires=1779090260&ssig=n1QZVWl9mp",网传歌手袭榜改成大魔王了,search_contents_2026-05-18.csv,search_post,,网传袭榜赛制直接升级成大魔王挑战对抗感拉满首发阵容更是神仙打架齐豫庾澄庆前辈压阵胡彦斌张碧晨实力坐镇还有窦靖童周兴哲等新生代这配置刺激新赛制5月22日直播太期待了 甜宝宝C的微博视频,True,False,神仙打架这阵容我给满分522等你们炸场 语音评论5quot || 现在就开始期待了 || 太期待了都是大咖,0
5299862057782856,#微博声浪计划##听见微博# 《简爱》第69集 简爱回到双目失明、身心憔悴的罗切斯特身边，悉心整理房间、准备晚餐，两人彻夜畅谈，氛围温馨愉快。简不愿提及过往苦难以免他伤心，只简短回应他的疑问，随后因旅途劳累先行休息。罗切斯特整夜牵挂，次日一早便急切询问简的情况，满心期盼她的陪伴。 次日上午，两人到田野散步，简向罗切斯特讲述离别后的经历：曾流浪挨饿，后被沼泽居收留，成为乡村教师，意外继承遗产，还与表哥圣约翰及其妹妹同住五个月。罗切斯特不断追问圣约翰的情况，得知他年轻英俊、学识渊博，还主动教简印度斯坦语并求婚，简也承认喜欢他后，顿时心生强烈嫉妒，情绪激动，反复让简离开自己。但简态度坚定，不愿再离开罗切斯特，执意留在他身边。#网传歌手袭榜改成大魔王了#改名很讨巧，直接拉高期待感。从“袭榜”到“大魔王”，少了攻击性、多了压迫感，人设更鲜明、话题度拉满。但改名只是噱头，最终还是要看舞台实力、作品质感和现场张力。名字再霸气，没硬实力撑着也难服众；真有本事，叫什么都能出圈。期待大魔王用实力说话，别让好名字成了空架子。 一枚萌新吃货的微博音频,1779097844,2026-05-18 09:50:44+08:00,109,11,0,1779079470485,https://m.weibo.cn/detail/5299862057782856,内蒙古,9123770880,一枚萌新吃货,f,https://m.weibo.cn/u/9123770880?luicode=20000061&lfid=5299862057782856&launchid=10000360-page_H5,"https://tvax4.sinaimg.cn/crop.0.0.1080.1080.180/009XspAQly8i962xt0uk4j30u00u041h.jpg?KID=imgbed,tva&Expires=1779090263&ssig=ux0qqck9fK",网传歌手袭榜改成大魔王了,search_contents_2026-05-18.csv,search_post,, 简爱第69集 简爱回到双目失明身心憔悴的罗切斯特身边悉心整理房间准备晚餐两人彻夜畅谈氛围温馨愉快简不愿提及过往苦难以免他伤心只简短回应他的疑问随后因旅途劳累先行休息罗切斯特整夜牵挂次日一早便急切询问简的情况满心期盼她的陪伴 次日上午两人到田野散步简向罗切斯特讲述离别后的经历曾流浪挨饿后被沼泽居收留成为乡村教师意外继承遗产还与表哥圣约翰及其妹妹同住五个月罗切斯特不断追问圣约翰的情况得知他年轻英俊学识渊博还主动教简印度斯坦语并求婚简也承认喜欢他后顿时心生强烈嫉妒情绪激动反复让简离开自己但简态度坚定不愿再离开罗切斯特执意留在他身边改名很讨巧直接拉高期待感从袭榜到大魔王少了攻击性多了压迫感人设更鲜明话题度拉满但改名只是噱头最终还是要看舞台实力作品质感和现场张力名字再霸气没硬实力撑着也难服众真有本事叫什么都能出圈期待大魔王用实力说话别让好名字成了空架子 一枚萌新吃货的微博音频,True,False,这集太甜了罗切斯特那急切追问圣约翰的样子简直像个吃醋的小男孩 || 这本小说我看过两遍 || 言外之意真心从不需要开场白,0
5299899282231574,#网传歌手袭榜改成大魔王了#🙄说不定唱半天，都不如突围赛唱一首直接晋级决赛 ,1779106719,2026-05-18 12:18:39+08:00,1,0,0,1779079470492,https://m.weibo.cn/detail/5299899282231574,广东,5543804339,好名都被创了,f,https://m.weibo.cn/u/5543804339?launchid=10000360-page_H5,"https://tva1.sinaimg.cn/crop.0.0.664.664.180/0063beL1jw8ez5e6tjdidj30ig0ig74y.jpg?KID=imgbed,tva&Expires=1779090253&ssig=5%2Folm5Mfp9",网传歌手袭榜改成大魔王了,search_contents_2026-05-18.csv,search_post,,说不定唱半天都不如突围赛唱一首直接晋级决赛 ,True,False,,3
5299898220282819,【#歌手9位音乐合伙人神仙打架#】5月18日，#歌手2026官宣音乐合伙人#，@者来女 @赵一橙儿 @泽林啊哈哈哈哈哈 @李莎旻子Leo @张佑汐Nicholas_7C @Cindy袁咏琳 @董岩磊 @Light庄宇光 @郑方一_AaronZ ，9位合伙人集结完毕，蓄势待发。#网传歌手袭榜改成大魔王了# （三农频道） 三农频道的微博视频 ,1779106466,2026-05-18 12:14:26+08:00,0,0,0,1779079470499,https://m.weibo.cn/detail/5299898220282819,,1288429914,今视频长天新闻,m,https://m.weibo.cn/u/1288429914?luicode=20000061&lfid=5299898220282819&launchid=10000360-page_H5,"https://tvax3.sinaimg.cn/crop.0.0.600.600.180/001pc7tEly8icgsvaqvtyj60go0gomxm02.jpg?KID=imgbed,tva&Expires=1779090267&ssig=9ED3dtvcKX",网传歌手袭榜改成大魔王了,search_contents_2026-05-18.csv,search_post,,5月18日         9位合伙人集结完毕蓄势待发 三农频道 三农频道的微博视频 ,True,False,,0
5299890014127960,#孙莉黄磊女儿多妹这么大了#黄磊孙莉家三个孩子颜值都很高，多多像妈妈，多妹像爸爸，现在最小的弟弟都已经8岁了，一家五口太养眼了 ,1779104509,2026-05-18 11:41:49+08:00,344,76,4,1779079549246,https://m.weibo.cn/detail/5299890014127960,浙江,2017508361,甜芷龍的锁骨,f,https://m.weibo.cn/u/2017508361?launchid=10000360-page_H5,"https://tvax3.sinaimg.cn/crop.0.0.798.798.180/7840bc09ly8ibtf94lavlj20m60m6757.jpg?KID=imgbed,tva&Expires=1779090345&ssig=yjGd4DBVR5",孙莉黄磊女儿多妹这么大了,search_contents_2026-05-18.csv,search_post,,黄磊孙莉家三个孩子颜值都很高多多像妈妈多妹像爸爸现在最小的弟弟都已经8岁了一家五口太养眼了 ,True,False,你觉得黄磊家的孩子颜值高吗 || 一家子颜值都很高 || 一家人都好看,0
5299897901516683,#孙莉黄磊女儿多妹这么大了#遗传是门学问都说多多美，只有我觉得妹妹黄少艾的气质更独特更有辨识度吗感觉路子非常宽，能走很多风格 ,1779106390,2026-05-18 12:13:10+08:00,207,20,14,1779079549250,https://m.weibo.cn/detail/5299897901516683,黑龙江,7944730307,神奈川的小獭酱,f,https://m.weibo.cn/u/7944730307?launchid=10000360-page_H5,"https://tvax4.sinaimg.cn/crop.0.0.1080.1080.180/008FFhhply8id65xv831ij30u00u0gny.jpg?KID=imgbed,tva&Expires=1779090345&ssig=4dzn4Dy5xn",孙莉黄磊女儿多妹这么大了,search_contents_2026-05-18.csv,search_post,,遗传是门学问都说多多美只有我觉得妹妹黄少艾的气质更独特更有辨识度吗感觉路子非常宽能走很多风格 ,True,False,黄多多 是我心中最美星二代 || 长的很像她妈妈呢 || 黄磊女儿挺可爱的,0
5299898446513459,#孙莉黄磊女儿多妹这么大了#孙莉黄磊也太会生了，多多像孙莉，多妹像黄磊，还有点像林允儿呢，小儿子也是长挺大了，这一家颜值太绝了 ,1779106520,2026-05-18 12:15:20+08:00,217,21,0,1779079549254,https://m.weibo.cn/detail/5299898446513459,重庆,6988720974,每天都要吃肉肉yuki,f,https://m.weibo.cn/u/6988720974?launchid=10000360-page_H5,"https://tvax1.sinaimg.cn/crop.0.0.1080.1080.180/007CXXA2ly8ibcq3iir65j30u00u0whw.jpg?KID=imgbed,tva&Expires=1779090345&ssig=%2Fhft1AiI27",孙莉黄磊女儿多妹这么大了,search_contents_2026-05-18.csv,search_post,,孙莉黄磊也太会生了多多像孙莉多妹像黄磊还有点像林允儿呢小儿子也是长挺大了这一家颜值太绝了 ,True,False,这家庭基因太强大了 语音评论3quot || 孙莉黄磊的育儿之道值得借鉴,0
5299891924371139,#孙莉黄磊女儿多妹这么大了#时间过得真快啊女儿也长这么大了记忆还停留在以前  真的遗传了好基因 老美了啊 ,1779104965,2026-05-18 11:49:25+08:00,64,5,0,1779079549255,https://m.weibo.cn/detail/5299891924371139,山东,7484789926,江晚月畔,f,https://m.weibo.cn/u/7484789926?launchid=10000360-page_H5,"https://tvax2.sinaimg.cn/crop.0.0.1080.1080.180/008axpMaly8id8q9aa4fhj30u00u0go5.jpg?KID=imgbed,tva&Expires=1779090345&ssig=RTeD2%2BOTRN",孙莉黄磊女儿多妹这么大了,search_contents_2026-05-18.csv,search_post,,时间过得真快啊女儿也长这么大了记忆还停留在以前  真的遗传了好基因 老美了啊 ,True,False,你们喜欢他们女儿吗 || 女儿好漂亮啊,0
5299891430491277,#孙莉黄磊女儿多妹这么大了# 多妹暴风长大颜值好惊艳！完美继承全家高颜值基因，眉眼神态简直和黄磊一模一样，妥妥女版小黄磊✨ 绮Kimberly的微博视频 ,1779104847,2026-05-18 11:47:27+08:00,129,20,6,1779079549259,https://m.weibo.cn/detail/5299891430491277,浙江,7922073759,绮Kimberly,f,https://m.weibo.cn/u/7922073759?launchid=10000360-page_H5,"https://tvax3.sinaimg.cn/crop.0.0.1080.1080.180/008E8dhdly8iasxr6krewj30u00u0ac1.jpg?KID=imgbed,tva&Expires=1779090345&ssig=2lNbstYCm3",孙莉黄磊女儿多妹这么大了,search_contents_2026-05-18.csv,search_post,, 多妹暴风长大颜值好惊艳完美继承全家高颜值基因眉眼神态简直和黄磊一模一样妥妥女版小黄磊 绮Kimberly的微博视频 ,True,False,多妹都演 何炅女朋友了 || 他们俩有几个孩子来着 || 颜值完全继承优点,0
5299903351752920,#孙莉黄磊女儿多妹这么大了#黄磊孙莉家的二女儿多妹，12岁就已经160-165cm了！眉眼、嘴角、笑起来的弧度，甚至环球影城低头吃烤肠的侧影，都被路人误认成黄磊本人😂脸颊两侧对称的双泪痣，成了家族标志性美人印记。姐姐多多是文艺片女主脸，多妹更像是青春甜酷剧女主角，这一家都太漂亮了！ ,1779107689,2026-05-18 12:34:49+08:00,60,6,0,1779079549261,https://m.weibo.cn/detail/5299903351752920,河北,6911003394,嗑瓜子娱乐冲浪,f,https://m.weibo.cn/u/6911003394?launchid=10000360-page_H5,"https://tvax3.sinaimg.cn/crop.0.0.180.180.180/007xHRGGly8gkok4bqg80j3050050746.jpg?KID=imgbed,tva&Expires=1779090345&ssig=7pKTHo2DiA",孙莉黄磊女儿多妹这么大了,search_contents_2026-05-18.csv,search_post,,黄磊孙莉家的二女儿多妹12岁就已经160165cm了眉眼嘴角笑起来的弧度甚至环球影城低头吃烤肠的侧影都被路人误认成黄磊本人脸颊两侧对称的双泪痣成了家族标志性美人印记姐姐多多是文艺片女主脸多妹更像是青春甜酷剧女主角这一家都太漂亮了 ,True,False,这基因是开了挂吧一家都是行走的衣架子 语音评论4quot || 颜值超高的一家人 || 感觉孩子们长得都好像孙莉基因强大啊,0
5299905384155681,#孙莉黄磊女儿多妹这么大了#多多真的好漂亮😍 ,1779108174,2026-05-18 12:42:54+08:00,0,1,0,1779079549264,https://m.weibo.cn/detail/5299905384155681,山西,7771269523,乐思比熊,m,https://m.weibo.cn/u/7771269523?launchid=10000360-page_H5,"https://tvax4.sinaimg.cn/crop.0.0.1023.1023.180/008tVscPly8ibrotmtcfej30sf0sf75g.jpg?KID=imgbed,tva&Expires=1779090345&ssig=0otP1Fv042",孙莉黄磊女儿多妹这么大了,search_contents_2026-05-18.csv,search_post,,多多真的好漂亮 ,True,False,多多和多妹都这么优秀黄老师家基因太强大了,0
5299903993482729,#孙莉黄磊女儿多妹这么大了# 拜托大家看看我的首页吧！救命啊！救命啊！！ ,1779107842,2026-05-18 12:37:22+08:00,0,0,0,1779079549266,https://m.weibo.cn/detail/5299903993482729,福建,5484485770,yiyimamau,f,https://m.weibo.cn/u/5484485770?launchid=10000360-page_H5,"https://tvax3.sinaimg.cn/crop.0.0.500.500.180/005ZalhUly8id9i2nnuwej30dw0dwjsh.jpg?KID=imgbed,tva&Expires=1779090345&ssig=ajmtz1b%2BdX",孙莉黄磊女儿多妹这么大了,search_contents_2026-05-18.csv,search_post,, 拜托大家看看我的首页吧救命啊救命啊 ,True,False,,0
5299509607269814,泪目，原来淑柔这个眼神望向的是南枝#我在微博聊电影##微博二创视频创作季# 香港电影怀旧的微博视频 ,1779013813,2026-05-17 10:30:13+08:00,505,24,21,1779079628827,https://m.weibo.cn/detail/5299509607269814,安徽,2952546581,香港电影怀旧,m,https://m.weibo.cn/u/2952546581?launchid=10000360-page_H5,"https://tvax1.sinaimg.cn/crop.6.0.705.705.180/affc4915ly8gsue9x3m59j20js0jl0uj.jpg?KID=imgbed,tva&Expires=1779090415&ssig=VMuEQx6aAv",原来淑柔这个眼神望向的是南枝,search_contents_2026-05-18.csv,search_post,,泪目原来淑柔这个眼神望向的是南枝 香港电影怀旧的微博视频 ,True,False,从南枝去寄讣告又撤回开始我就一直在哭 || 看是南枝想的是木生吧别人能回来也想木生能够回来 || 那个时候没有地址回去找淑柔,0
5299501818708350,#给阿嬷的情书南枝淑柔未公开片段# 电影《给阿嬷的情书》未公开片段释出，南枝带着泽华回到故乡准备向淑柔告知关于木生的真相，却隔着溪水听见淑柔小儿子要结婚的消息，无奈只能转头离开，选择将秘密继续保守下去。相隔咫尺却只能相忘半生，那未说出口的话，终究成了溪水边怅然沉默的遗憾。 #原来淑柔这个眼神望向的是南枝# 新浪电影的微博视频,1779011955,2026-05-17 09:59:15+08:00,16516,566,3541,1779079628834,https://m.weibo.cn/detail/5299501818708350,,1623886424,新浪电影,m,https://m.weibo.cn/u/1623886424?luicode=20000061&lfid=5299501818708350&launchid=10000360-page_H5,"https://tvax4.sinaimg.cn/crop.0.0.399.399.180/001LTF2wly8i5k0lyoudlj60b30b3dg002.jpg?KID=imgbed,tva&Expires=1779090415&ssig=6tEDF2e25m",原来淑柔这个眼神望向的是南枝,search_contents_2026-05-18.csv,search_post,, 电影给阿嬷的情书未公开片段释出南枝带着泽华回到故乡准备向淑柔告知关于木生的真相却隔着溪水听见淑柔小儿子要结婚的消息无奈只能转头离开选择将秘密继续保守下去相隔咫尺却只能相忘半生那未说出口的话终究成了溪水边怅然沉默的遗憾  新浪电影的微博视频,True,False,这一段放在片尾字幕后其实挺好的因为大家都没走可以在原片适当位置插入河边洗衣谈婚事桥段不出现南枝镜头一直演到邻家大姐说又有华侨回来了淑柔远观看到南枝母子远景观众应无法辩认并理解为淑柔看到别家侨眷回来有些伤感而全场戏直到彩蛋再祭出让观众事后才知道远远看到的原来全文 || 后劲好大像看了一部通篇白描的小说 到最后只有看客的情绪无处安放 || 中年的南枝见到过淑柔而淑柔却不识得她老了后远赴泰国的淑柔终于见到了南枝可南枝却已经不认得眼前人了,0
5299897922487607,#原来淑柔这个眼神望向的是南枝#南枝带着泽华归乡，本欲向淑柔坦白木生的真相，可刚至溪水对岸，便听见淑柔小儿子即将成婚的消息。万般无奈下，她只能默然转身，将藏了半生的秘密继续深埋心底。原来淑柔这个眼神望向的是南枝 咫尺相望却只能相忘半生，那些未曾说出口的话，终究化作溪水边无声的怅然，成了一生意难平的遗憾。 《阿嬷的情书》结尾对南枝阿尔茨海默症的叙事处理，实在太过精妙动人。 影片以克制含蓄的方式收束，没有刻意制造浓烈的情绪爆发，反而让这份跨越半生的女性情义，在岁月沉淀与记忆模糊中，留存了最绵长、最温柔的余韵，这份留白，才是独属于时光的浪漫与重量。 迷惑小记的微博视频,1779106395,2026-05-18 12:13:15+08:00,26,9,11,1779079628840,https://m.weibo.cn/detail/5299897922487607,江西,7519229584,迷惑小记,f,https://m.weibo.cn/u/7519229584?luicode=20000061&lfid=5299897922487607&launchid=10000360-page_H5,"https://tvax3.sinaimg.cn/crop.0.0.996.996.180/008cRV6wly8gli5fw4bp5j30ro0rogni.jpg?KID=imgbed,tva&Expires=1779090418&ssig=IJXnGXIkj0",原来淑柔这个眼神望向的是南枝,search_contents_2026-05-18.csv,search_post,,南枝带着泽华归乡本欲向淑柔坦白木生的真相可刚至溪水对岸便听见淑柔小儿子即将成婚的消息万般无奈下她只能默然转身将藏了半生的秘密继续深埋心底原来淑柔这个眼神望向的是南枝 咫尺相望却只能相忘半生那些未曾说出口的话终究化作溪水边无声的怅然成了一生意难平的遗憾 阿嬷的情书结尾对南枝阿尔茨海默症的叙事处理实在太过精妙动人 影片以克制含蓄的方式收束没有刻意制造浓烈的情绪爆发反而让这份跨越半生的女性情义在岁月沉淀与记忆模糊中留存了最绵长最温柔的余韵这份留白才是独属于时光的浪漫与重量 迷惑小记的微博视频,True,False,南枝估计是想着只要泽华能顺利成婚这半生的委屈和那个秘密就让我一个人带走吧 || 隔江对望真的是处理的太好了吧 || 有些真相一旦说出口就毁了啊 沉默是南枝抉择过后的,0
5299892546699521,#原来淑柔这个眼神望向的是南枝#《给阿嬷的情书》删减镜头！原来年轻淑柔见过南枝，原来淑柔这个眼神望向的是南枝，可惜两人未能相认#微博二创视频创作季# 小圆带个饼的微博视频 ,1779105113,2026-05-18 11:51:53+08:00,13,6,0,1779079628849,https://m.weibo.cn/detail/5299892546699521,广东,3178841952,小圆带个饼,f,https://m.weibo.cn/u/3178841952?launchid=10000360-page_H5,"https://tvax2.sinaimg.cn/crop.0.0.1024.1024.180/bd794760ly8i72gx6s6epj20sg0sgtat.jpg?KID=imgbed,tva&Expires=1779090415&ssig=6Xqe44SC08",原来淑柔这个眼神望向的是南枝,search_contents_2026-05-18.csv,search_post,,给阿嬷的情书删减镜头原来年轻淑柔见过南枝原来淑柔这个眼神望向的是南枝可惜两人未能相认 小圆带个饼的微博视频 ,True,False,你最喜欢给阿嬷的情书哪个镜头 || 给阿嬷的情书你看了吗 || 这个淑柔是不是就是素人主演,0
5299892974781421,#原来淑柔这个眼神望向的是南枝# 昨天就是因为这个眼神一直刷关于这个电影的各种信息南枝带着木生的灵牌和养子泽华回到潮汕故乡走到木生与淑柔第一次相遇的石板桥边这时小溪对岸一群妇女正在洗衣闲聊淑柔提到家中即将操办小儿子的婚宴杀鹅宴客南枝听到淑柔的名字瞬间驻足淑柔也抬眼望向对岸陌生的南枝与男孩两人隔着溪水短暂对视南枝不忍心破坏 淑柔筹备喜事的喜悦就没有上前相认转身离开淑柔晚年才知那次回望是离真相最近的瞬间南枝带着秘密终老这部电影现在太火了全素人演员会说潮汕话 自带生活感女主是大二女学生男主是普通打工人潮汕商会会长零片酬客串全程素颜 不演戏 只走心设备极简 就地取材省钱全片只用一台单反 一根录音杆用手机当监视器看画面没有专业摄影器材没有大牌宣发团队赞助商只有本地奶茶店 火锅店导演抵押房产自掏腰包包场求排片靠观众自来水口碑 一路逆袭成票房黑马特别好的一部电影抽空一定要去电影院看 原来淑柔这个眼神望向的是南枝 luckysummer2的微博视频,1779105215,2026-05-18 11:53:35+08:00,22,11,0,1779079628855,https://m.weibo.cn/detail/5299892974781421,浙江,2464683175,luckysummer2,f,https://m.weibo.cn/u/2464683175?luicode=20000061&lfid=5299892974781421&launchid=10000360-page_H5,"https://tvax3.sinaimg.cn/crop.0.0.1080.1080.180/92e814a7ly8i8trvieuyyj20u00u0n00.jpg?KID=imgbed,tva&Expires=1779090422&ssig=IJgcRg3FLc",原来淑柔这个眼神望向的是南枝,search_contents_2026-05-18.csv,search_post,, 昨天就是因为这个眼神一直刷关于这个电影的各种信息南枝带着木生的灵牌和养子泽华回到潮汕故乡走到木生与淑柔第一次相遇的石板桥边这时小溪对岸一群妇女正在洗衣闲聊淑柔提到家中即将操办小儿子的婚宴杀鹅宴客南枝听到淑柔的名字瞬间驻足淑柔也抬眼望向对岸陌生的南枝与男孩两人隔着溪水短暂对视南枝不忍心破坏 淑柔筹备喜事的喜悦就没有上前相认转身离开淑柔晚年才知那次回望是离真相最近的瞬间南枝带着秘密终老这部电影现在太火了全素人演员会说潮汕话 自带生活感女主是大二女学生男主是普通打工人潮汕商会会长零片酬客串全程素颜 不演戏 只走心设备极简 就地取材省钱全片只用一台单反 一根录音杆用手机当监视器看画面没有专业摄影器材没有大牌宣发团队赞助商只有本地奶茶店 火锅店导演抵押房产自掏腰包包场求排片靠观众自来水口碑 一路逆袭成票房黑马特别好的一部电影抽空一定要去电影院看 原来淑柔这个眼神望向的是南枝 luckysummer2的微博视频,True,False,这剧情这制作不火都难佩服导演的勇气和才华 语音评论6quot || 看过了泪流满面 || 加油向20亿票房目标进军,0
5299890036935498,#原来淑柔这个眼神望向的是南枝#满眼皆是偏爱与温柔，目光所至全是心意，藏不住的深情太好嗑了谁懂这份双向奔赴啊✨一眼沦陷，目光笃定满心牵挂，细腻氛围感直接拉满细节里全是爱意温柔视线直直看向心上人，万般情愫都藏在眼神里每天摸鱼打卡 ,1779104515,2026-05-18 11:41:55+08:00,12,1,0,1779079628864,https://m.weibo.cn/detail/5299890036935498,江苏,5235258649,超级幸运的一只鱼,f,https://m.weibo.cn/u/5235258649?launchid=10000360-page_H5,"https://tvax4.sinaimg.cn/crop.0.0.896.896.180/005IiBVDly8hxcb1adp8ij30ow0ow3zs.jpg?KID=imgbed,tva&Expires=1779090415&ssig=WxBGKam6VL",原来淑柔这个眼神望向的是南枝,search_contents_2026-05-18.csv,search_post,,满眼皆是偏爱与温柔目光所至全是心意藏不住的深情太好嗑了谁懂这份双向奔赴啊一眼沦陷目光笃定满心牵挂细腻氛围感直接拉满细节里全是爱意温柔视线直直看向心上人万般情愫都藏在眼神里每天摸鱼打卡 ,True,False,这眼神我酸了淑柔和南枝的糖我还能磕一百年 语音评论6quot,0
5299877837014938,#给阿嬷的情书拍得女主直掉眼泪#电影还没看过，从画面看，是诗和远方，又很复古的文艺片。再加上用了方言，应该是不错的。 ,1779101606,2026-05-18 10:53:26+08:00,2,3,1,1779079628867,https://m.weibo.cn/detail/5299877837014938,上海,1108242961,风的节奏吹,m,https://m.weibo.cn/u/1108242961?launchid=10000360-page_H5,"https://tvax4.sinaimg.cn/crop.0.0.523.523.180/420e7211ly8hiyhfmhvqxj20ej0ejaao.jpg?KID=imgbed,tva&Expires=1779090415&ssig=D%2By0nFLD3H",原来淑柔这个眼神望向的是南枝,search_contents_2026-05-18.csv,search_post,,电影还没看过从画面看是诗和远方又很复古的文艺片再加上用了方言应该是不错的 ,True,False,方言复古这组合我给满分 语音评论4quot,0
5299882391767147,原来淑柔这个眼神望向的是南枝电影《给阿嬷的情书》 把南枝带着泽华回唐山的删剪视频发出来了，难以想象，这短短的几十秒，南枝心里经历了何等的天人交战…… ,1779102692,2026-05-18 11:11:32+08:00,142,30,23,1779079628873,https://m.weibo.cn/detail/5299882391767147,福建,5766704689,宝藏女孩李秀兰,f,https://m.weibo.cn/u/5766704689?launchid=10000360-page_H5,"https://tvax1.sinaimg.cn/crop.0.0.1080.1080.180/006igvjXly8i776yg1wcyj30u00u0ju3.jpg?KID=imgbed,tva&Expires=1779090415&ssig=ZGyKAposSg",原来淑柔这个眼神望向的是南枝,search_contents_2026-05-18.csv,search_post,,原来淑柔这个眼神望向的是南枝电影给阿嬷的情书 把南枝带着泽华回唐山的删剪视频发出来了难以想象这短短的几十秒南枝心里经历了何等的天人交战 ,True,False,,0
5299661940198941,#岳雨婷自曝正骨长高3.5厘米# 岳雨婷自曝正骨长高3.5厘米，她平时身高168，体重就在94斤95斤左右徘徊，昨天去做了正骨，直接涨到171.5厘米，一下子长高3.5cm 牙缝俚的韭菜的微博视频  ,1779050132,2026-05-17 20:35:32+08:00,1087,91,25,1779079687781,https://m.weibo.cn/detail/5299661940198941,江西,1784666574,牙缝俚的韭菜,f,https://m.weibo.cn/u/1784666574?launchid=10000360-page_H5,"https://tvax1.sinaimg.cn/crop.0.0.700.700.180/6a5fd9cely8i0wz3rxwloj20jg0jgq43.jpg?KID=imgbed,tva&Expires=1779090484&ssig=GM8KfTZLUH",岳雨婷自曝正骨长高3.5厘米,search_contents_2026-05-18.csv,search_post,, 岳雨婷自曝正骨长高35厘米她平时身高168体重就在94斤95斤左右徘徊昨天去做了正骨直接涨到1715厘米一下子长高35cm 牙缝俚的韭菜的微博视频  ,True,False,岳雨婷正骨长高35厘米你怎么看 || 吃饭给人好脏的感觉 || 这个身高还会缩回去的,0
5299899396786426,#岳雨婷自曝正骨长高3.5厘米#之前就听她说去红毯前会正骨，没想到还能长高😳但其实这事儿听着玄乎，道理特别简单。正骨让你“长高”3.5cm，其实并不是骨头真的变长了，而是把你平时低头驼背弄丢的身高，又给拽回来了。就像把一件皱巴巴的衣服熨平整，看着当然利索多了。很可惜，成年人一旦过了发育期，骨骼线闭合后，身高就定型了，正骨师傅手法再神，也绝不可能让骨头二次生长。而且，这种“变高”维持不了多久。如果你不改变坏习惯，不练肌肉，过几天体态一垮，身高立马“打回原形”。最可怕的是，瞎去路边店乱掰，风险极大，万一按坏了神经，真的得不偿失，还是要找专业的师傅...所以，别把正骨当增高神药，身体挺直了，气质变好了，这时候的身高才真正算你自己的。#微博二创视频创作季# 岳雨婷自曝正骨长高3.5厘米 可是你却冷冰冰的微博视频,1779106746,2026-05-18 12:19:06+08:00,164,34,2,1779079687788,https://m.weibo.cn/detail/5299899396786426,内蒙古,7169662622,可是你却冷冰冰,f,https://m.weibo.cn/u/7169662622?luicode=20000061&lfid=5299899396786426&launchid=10000360-page_H5,"https://tvax3.sinaimg.cn/crop.0.0.1080.1080.180/007PdaLIly8id8h7a64awj30u00u0gn2.jpg?KID=imgbed,tva&Expires=1779090484&ssig=XMOv%2B%2FXuYJ",岳雨婷自曝正骨长高3.5厘米,search_contents_2026-05-18.csv,search_post,,之前就听她说去红毯前会正骨没想到还能长高但其实这事儿听着玄乎道理特别简单正骨让你长高35cm其实并不是骨头真的变长了而是把你平时低头驼背弄丢的身高又给拽回来了就像把一件皱巴巴的衣服熨平整看着当然利索多了很可惜成年人一旦过了发育期骨骼线闭合后身高就定型了正骨师傅手法再神也绝不可能让骨头二次生长而且这种变高维持不了多久如果你不改变坏习惯不练肌肉过几天体态一垮身高立马打回原形最可怕的是瞎去路边店乱掰风险极大万一按坏了神经真的得不偿失还是要找专业的师傅所以别把正骨当增高神药身体挺直了气质变好了这时候的身高才真正算你自己的 岳雨婷自曝正骨长高35厘米 可是你却冷冰冰的微博视频,True,False,你相信正骨会长高吗 || 这种伪科学的什么都能发了 || 还有这种效果呢,0
5299884699683022,#岳雨婷自曝正骨长高3.5厘米#正骨能长高吗？我知道能改善体态，长高这么多是假的吧 ,1779103242,2026-05-18 11:20:42+08:00,165,23,1,1779079687794,https://m.weibo.cn/detail/5299884699683022,河南,6624722807,哭包鼠TuT,f,https://m.weibo.cn/u/6624722807?launchid=10000360-page_H5,"https://tvax4.sinaimg.cn/crop.0.0.1080.1080.180/007ekF1Rly8id6b42m476j30u00u076b.jpg?KID=imgbed,tva&Expires=1779090484&ssig=JOK%2FOxLZPX",岳雨婷自曝正骨长高3.5厘米,search_contents_2026-05-18.csv,search_post,,正骨能长高吗我知道能改善体态长高这么多是假的吧 ,True,False,你有去正骨过吗 || 正骨居然真的可以长高 || 我感觉过了发育期就长不高,0
5299886400737117,啊？印象中她本来就挺高的吧正骨真的能长高吗？姐姐也挺漂亮的呀有点期待万花短剧捏#岳雨婷自曝正骨长高3.5厘米# ,1779103648,2026-05-18 11:27:28+08:00,78,9,2,1779079687800,https://m.weibo.cn/detail/5299886400737117,四川,7727242734,绵绵不猪,f,https://m.weibo.cn/u/7727242734?launchid=10000360-page_H5,"https://tvax3.sinaimg.cn/crop.0.0.1080.1080.180/008qWIPkly8id2g2ozfycj30u00u0783.jpg?KID=imgbed,tva&Expires=1779090484&ssig=zRXJREbmkQ",岳雨婷自曝正骨长高3.5厘米,search_contents_2026-05-18.csv,search_post,,啊印象中她本来就挺高的吧正骨真的能长高吗姐姐也挺漂亮的呀有点期待万花短剧捏 ,True,False,你觉得正骨能长高吗 || 你喜欢岳雨婷吗 || 长的挺好看的,0
5299885911836324,#岳雨婷自曝正骨长高3.5厘米#真的假的啊？是不是把体态调整一下整个人也会显得挺拔一些啊，但是能长高这么多吗要是真能我也想去做但这姐姐好像本来也挺高的吧，还挺好看的，好像是演短剧出来的 要喝奶茶啊啊的微博视频 ,1779103531,2026-05-18 11:25:31+08:00,175,47,5,1779079687804,https://m.weibo.cn/detail/5299885911836324,浙江,2907202327,要喝奶茶啊啊,f,https://m.weibo.cn/u/2907202327?launchid=10000360-page_H5,"https://tvax2.sinaimg.cn/crop.0.0.720.720.180/ad486317ly8ibte0rphilj20k00k0mxq.jpg?KID=imgbed,tva&Expires=1779090484&ssig=PRElC4rFAf",岳雨婷自曝正骨长高3.5厘米,search_contents_2026-05-18.csv,search_post,,真的假的啊是不是把体态调整一下整个人也会显得挺拔一些啊但是能长高这么多吗要是真能我也想去做但这姐姐好像本来也挺高的吧还挺好看的好像是演短剧出来的 要喝奶茶啊啊的微博视频 ,True,False,大家觉得正骨能长高么 || 姐姐真的很出色 || 我去真的假的啊,0
5299906295106533,#岳雨婷自曝正骨长高3.5厘米#这个方法真的能长高吗，而且居然能长这么多 ,1779108391,2026-05-18 12:46:31+08:00,0,0,0,1779079687827,https://m.weibo.cn/detail/5299906295106533,广东,7204435332,芭蕾兔姬,f,https://m.weibo.cn/u/7204435332?launchid=10000360-page_H5,"https://tvax1.sinaimg.cn/crop.0.0.1080.1080.180/007Rz4JSly8icre68wo5bj30u00u041b.jpg?KID=imgbed,tva&Expires=1779090484&ssig=G5tsWzN5Kp",岳雨婷自曝正骨长高3.5厘米,search_contents_2026-05-18.csv,search_post,,这个方法真的能长高吗而且居然能长这么多 ,True,False,正骨增高术解锁新技能但记得健康第一哦 语音评论5quot,0
5299905966902629,#岳雨婷自曝正骨长高3.5厘米#下次能不能把嘴巴的东西咽下去再说话谢谢 ,1779108313,2026-05-18 12:45:13+08:00,1,0,0,1779079687834,https://m.weibo.cn/detail/5299905966902629,湖北,5506084022,胡萝卜在干嘛呀,f,https://m.weibo.cn/u/5506084022?launchid=10000360-page_H5,"https://tvax2.sinaimg.cn/crop.0.0.1080.1080.180/0060CXYOly8ibtuga5p4pj30u00u0q5r.jpg?KID=imgbed,tva&Expires=1779090484&ssig=lmdZJKVJvN",岳雨婷自曝正骨长高3.5厘米,search_contents_2026-05-18.csv,search_post,,下次能不能把嘴巴的东西咽下去再说话谢谢 ,True,False,,0
5299905926005357,#岳雨婷自曝正骨长高3.5厘米#应该体态矫正了吧3.5cm还真让人挺羡慕的本来就高现在更高了 ,1779108302,2026-05-18 12:45:02+08:00,0,1,0,1779079687839,https://m.weibo.cn/detail/5299905926005357,浙江,2492170923,写在沙上的爱情,f,https://m.weibo.cn/u/2492170923?launchid=10000360-page_H5,"https://tvax1.sinaimg.cn/crop.0.0.1080.1080.180/948b82ably8gtaczhpf9fj20u00u03zl.jpg?KID=imgbed,tva&Expires=1779090484&ssig=nIrW%2BuZYl6",岳雨婷自曝正骨长高3.5厘米,search_contents_2026-05-18.csv,search_post,,应该体态矫正了吧35cm还真让人挺羡慕的本来就高现在更高了 ,True,False,体态好真的会给气质加分你关注这些也是在追求更好的自己吧很棒哦 语音评论7quot,0
5299849877523135,#小米汽车回应YU7GT试驾开放时间##小米汽车回应YU7GT命名#【#小米YU7GT发布会定档#】@小米汽车 官宣：小米YU7 GT，5月21日19:00 正式上市。YU7 GT，纯血GT，即将发布。还有人车家全生态新品，同场发布：小米17 Max，重新定义「大屏标准版旗舰」，小米首款耳夹式耳机、小米手环10Pro，小米科技家电，联袂登场，邀你见证。,1779094940,2026-05-18 09:02:20+08:00,2060,141,16,1779079769387,https://m.weibo.cn/detail/5299849877523135,,1642634100,新浪科技,m,https://m.weibo.cn/u/1642634100?luicode=20000061&lfid=5299849877523135&launchid=10000360-page_H5,"https://tvax2.sinaimg.cn/crop.0.0.436.436.180/001Nakaoly8h8vh6pbz8ij60c60c4q3602.jpg?KID=imgbed,tva&Expires=1779090553&ssig=fAMNe5K%2F%2Bf",小米YU7GT发布会定档,search_contents_2026-05-18.csv,search_post,, 官宣小米YU7 GT5月21日1900 正式上市YU7 GT纯血GT即将发布还有人车家全生态新品同场发布小米17 Max重新定义大屏标准版旗舰小米首款耳夹式耳机小米手环10Pro小米科技家电联袂登场邀你见证,True,False,这次致敬谁 || 估计市面上要出现很多GT车了还顺带着注册了商标哈哈 || 友商又要开始致敬小米的新车了有望致敬,2
5299851963139542,来了！小米YU7 GT 5月21号发布！钱都准备好了吗#小米YU7GT发布会定档# ,1779095437,2026-05-18 09:10:37+08:00,270,106,5,1779079769389,https://m.weibo.cn/detail/5299851963139542,山东,2827386331,科技新一,m,https://m.weibo.cn/u/2827386331?launchid=10000360-page_H5,"https://tvax4.sinaimg.cn/crop.0.0.1080.1080.180/a8867ddbly8i6683mrfp2j20u00u03zr.jpg?KID=imgbed,tva&Expires=1779090552&ssig=D3bnkI0u1%2F",小米YU7GT发布会定档,search_contents_2026-05-18.csv,search_post,,来了小米YU7 GT 5月21号发布钱都准备好了吗 ,True,False,大家猜一下会卖多少钱 || 哥 我想买yu7gf还差点 能不能借我45万 || 我不信你又买,2
5299857807902054,#小米YU7GT发布会定档# 小米发布会定档5月21日19点小米YU7 GT、小米17 Max、小米首款耳夹式耳机、小米手环10 Pro等等，大家最关注哪个？ ,1779096831,2026-05-18 09:33:51+08:00,86,41,2,1779079769391,https://m.weibo.cn/detail/5299857807902054,湖北,2022252207,小白测评,m,https://m.weibo.cn/u/2022252207?launchid=10000360-page_H5,"https://tvax3.sinaimg.cn/crop.0.0.1080.1080.180/78891eafly8h74njl44lqj20u00u0my5.jpg?KID=imgbed,tva&Expires=1779090552&ssig=3se0tiAIYH",小米YU7GT发布会定档,search_contents_2026-05-18.csv,search_post,, 小米发布会定档5月21日19点小米YU7 GT小米17 Max小米首款耳夹式耳机小米手环10 Pro等等大家最关注哪个 ,True,False,怪不得最近耳夹式耳机黑稿这么多我寻思华为都发布几年了吧也没见过黑稿这段时间这么多这么多现在找到原因了,2
5299874153365638,为什么是车厘子红打头阵，因为是“纯血GT”，周四见#小米汽车回应YU7GT试驾开放时间##小米汽车回应YU7GT命名##小米YU7GT发布会定档# ,1779100727,2026-05-18 10:38:47+08:00,40,15,0,1779079769392,https://m.weibo.cn/detail/5299874153365638,广东,1463946293,吴佩,m,https://m.weibo.cn/u/1463946293?launchid=10000360-page_H5,"https://tvax1.sinaimg.cn/crop.0.0.996.996.180/57420c35ly8fiy2if569jj20ro0rogoy.jpg?KID=imgbed,tva&Expires=1779090552&ssig=Sxbewx4Pne",小米YU7GT发布会定档,search_contents_2026-05-18.csv,search_post,,为什么是车厘子红打头阵因为是纯血GT周四见 ,True,False,佩哥让小伙伴多说一些和普通YU7的区别我大学好友最近在关注这个车 || 还有新颜色吗 || 意思以前买yu7的都是残血韭菜,2
5299887910684599,#小米YU7GT发布会定档# 5月21日，周四，小米全场景发布会，还有新的手环，耳机，手机查漏补缺和大家电YU7 GT的性能和动态定位类似卡宴 Turbo GT，后者有一台4.0T V8 双涡轮增压发动机，零百3.3 秒，极速 300km/h，YU7 GT直接1003马力+705km续航+同样300km/h极速两家都是标配碳陶刹车，小米是前6后4 阿基波罗卡钳+295胎宽，卡宴Turbo GT是315胎宽恐怖的是小米把双电机千匹优化出了705的CLTC，这个数据算是三电巅峰，再加上欧研所底盘有点想买但是我的YU7 Max咋办,1779104008,2026-05-18 11:33:28+08:00,73,22,0,1779079769394,https://m.weibo.cn/detail/5299887910684599,广东,7966410947,海森堡的布偶咕咕咕,m,https://m.weibo.cn/u/7966410947?luicode=20000061&lfid=5299887910684599&launchid=10000360-page_H5,"https://tvax2.sinaimg.cn/crop.0.0.1001.1001.180/008H8fp9ly8i3ey4x13eqj30rt0rtjso.jpg?KID=imgbed,tva&Expires=1779090556&ssig=%2FfV82AY6Q5",小米YU7GT发布会定档,search_contents_2026-05-18.csv,search_post,, 5月21日周四小米全场景发布会还有新的手环耳机手机查漏补缺和大家电YU7 GT的性能和动态定位类似卡宴 Turbo GT后者有一台40T V8 双涡轮增压发动机零百33 秒极速 300kmhYU7 GT直接1003马力705km续航同样300kmh极速两家都是标配碳陶刹车小米是前6后4 阿基波罗卡钳295胎宽卡宴Turbo GT是315胎宽恐怖的是小米把双电机千匹优化出了705的CLTC这个数据算是三电巅峰再加上欧研所底盘有点想买但是我的YU7 Max咋办,True,False,并没有三电机 || 这车是不是有主动防倾杆应该没有主动悬架吧 || su7u的空力非常影响续航yu7空力就少很多,2
5299906656862851,#小米YU7GT发布会定档# YU7 GT定在5月21日发布，性能更强，也有了新颜色，除了车还有小米17 Max，小米首款耳夹式耳机、小米手环10Pro。耳夹式耳机挺好的，华为已经迭代了两代，属于很成功的产品，非常好用，平时戴着一天都没什么问题，我和同事都在用。 ,1779108477,2026-05-18 12:47:57+08:00,5,0,0,1779079769395,https://m.weibo.cn/detail/5299906656862851,北京,1249419685,王冬,m,https://m.weibo.cn/u/1249419685?launchid=10000360-page_H5,"https://tvax1.sinaimg.cn/crop.0.0.1080.1080.180/4a78a1a5ly8gmvp3ya8lxj20u00u0n0s.jpg?KID=imgbed,tva&Expires=1779090552&ssig=Ryc8WGb%2B%2Fh",小米YU7GT发布会定档,search_contents_2026-05-18.csv,search_post,, YU7 GT定在5月21日发布性能更强也有了新颜色除了车还有小米17 Max小米首款耳夹式耳机小米手环10Pro耳夹式耳机挺好的华为已经迭代了两代属于很成功的产品非常好用平时戴着一天都没什么问题我和同事都在用 ,True,False,大家期待值非常高,2
5299903329993136,#小米YU7GT发布会定档#千万别重复su7 ultra的定价策略了，把价格提上去 ,1779107683,2026-05-18 12:34:43+08:00,0,0,0,1779079769397,https://m.weibo.cn/detail/5299903329993136,江苏,7822329381,霍展白hzb,m,https://m.weibo.cn/u/7822329381?launchid=10000360-page_H5,"https://tvax2.sinaimg.cn/crop.0.0.768.768.180/008xnHcVly8hydkr1hib9j30lc0lcjsi.jpg?KID=imgbed,tva&Expires=1779090552&ssig=Oq3v%2FKsw3v",小米YU7GT发布会定档,search_contents_2026-05-18.csv,search_post,,千万别重复su7 ultra的定价策略了把价格提上去 ,True,False,,2
5299876365861454,骑士抢七战胜活塞，晋级东决！登哥还是拉了，但是有米切尔+双塔保驾护航  他们与尼克斯，谁能冲出东部？#骑士4比3淘汰活塞##骑士晋级东部决赛##全网热点共创计划#NBA的微博视频 ,1779101255,2026-05-18 10:47:35+08:00,168,75,11,1779079851050,https://m.weibo.cn/detail/5299876365861454,江苏,5408596403,这把湖了,f,https://m.weibo.cn/u/5408596403?launchid=10000360-page_H5,"https://tvax2.sinaimg.cn/crop.0.0.1080.1080.180/005U1UZRly8htbxqri7f2j30u00u0dhk.jpg?KID=imgbed,tva&Expires=1779090644&ssig=TuZBuMQQp8",骑士4比3淘汰活塞,search_contents_2026-05-18.csv,search_post,,骑士抢七战胜活塞晋级东决登哥还是拉了但是有米切尔双塔保驾护航  他们与尼克斯谁能冲出东部NBA的微博视频 ,True,False,登哥保底多少场次了米切尔除了这场两轮也就3场没拉这场本就该是全队为登哥而战为自己而战的比赛 || 本拉登06 躺进东决 || 你知道的米切尔和哈登是我兄弟,4
5299883608902339,骑士今天对阵活塞G7的全场集锦！错过比赛的可以看看！米切尔26分7篮板8助攻，哈登9分5篮板6助攻，坎宁安13分5助攻！骑士三节打花比赛，一度领先35分！东决见了！#骑士vs活塞##骑士4比3淘汰活塞##哈登抢七躺赢# 篮球大历史的微博视频  ,1779102982,2026-05-18 11:16:22+08:00,92,6,26,1779079851061,https://m.weibo.cn/detail/5299883608902339,福建,2302617634,篮球大历史,m,https://m.weibo.cn/u/2302617634?launchid=10000360-page_H5,"https://tvax1.sinaimg.cn/crop.0.0.1080.1080.180/893f2822ly8gdilf6ch77j20u00u075c.jpg?KID=imgbed,tva&Expires=1779090644&ssig=vdqsM7Q2Kl",骑士4比3淘汰活塞,search_contents_2026-05-18.csv,search_post,,骑士今天对阵活塞G7的全场集锦错过比赛的可以看看米切尔26分7篮板8助攻哈登9分5篮板6助攻坎宁安13分5助攻骑士三节打花比赛一度领先35分东决见了 篮球大历史的微博视频  ,True,False,CC有点儿让人失望啊 || 看这集锦开头还以为杜伦给阿伦打爆了呢 || 活塞好好补强下赛季再来,4
5299877487575251,抢7！活塞托比亚斯·哈里斯、杰伦·杜伦、奥萨尔·汤普森合计：得分17分投篮20中5三分4中1骑士替补萨姆·梅里尔表现：得分23分投篮10中7三分8中5 #骑士晋级东部决赛##骑士4比3淘汰活塞##骑士时隔8年再进东决# ,1779101522,2026-05-18 10:52:02+08:00,116,20,0,1779079851072,https://m.weibo.cn/detail/5299877487575251,山西,2267233611,Love快船,m,https://m.weibo.cn/u/2267233611?launchid=10000360-page_H5,"https://tvax4.sinaimg.cn/crop.0.0.794.794.180/87233d4bly8ic7eote31zj20m20m2402.jpg?KID=imgbed,tva&Expires=1779090644&ssig=hzK%2Fo9T5iL",骑士4比3淘汰活塞,search_contents_2026-05-18.csv,search_post,,抢7活塞托比亚斯哈里斯杰伦杜伦奥萨尔汤普森合计得分17分投篮20中5三分4中1骑士替补萨姆梅里尔表现得分23分投篮10中7三分8中5  ,True,False,我先来 活塞就缺一个机器人 || 哈大哥回归正常水平而已 || 活塞那几个主力这抢七真够呛手感冰凉得跟冰箱似的骑士这边萨姆梅里尔替补杀出这效率杠杠的三分箭如雨下直接把活塞射懵了骑士这波时隔8年再进东决真是不容易啊,4
5299878161025013,#骑士时隔8年再进东决#【骑士自2018年后重返东部决赛】老骑士球迷还在吗？今日骑士客场抢七大胜，一举掀翻东部头名活塞，昂首挺进分区决赛！值得一提的是，2018年也曾有一位名字里带着“詹姆斯”的球员，带领@克利夫兰骑士 闯入东部决赛！#骑士4比3淘汰活塞#NBA NBA的微博视频 ,1779101683,2026-05-18 10:54:43+08:00,80,16,11,1779079851082,https://m.weibo.cn/detail/5299878161025013,北京,1883881851,NBA,m,https://m.weibo.cn/u/1883881851?launchid=10000360-page_H5,"https://tvax1.sinaimg.cn/crop.0.0.600.600.180/0023uzJ9ly8i8g64eyy99j60go0goaaj02.jpg?KID=imgbed,tva&Expires=1779090644&ssig=YDKTsLTyIo",骑士4比3淘汰活塞,search_contents_2026-05-18.csv,search_post,,骑士自2018年后重返东部决赛老骑士球迷还在吗今日骑士客场抢七大胜一举掀翻东部头名活塞昂首挺进分区决赛值得一提的是2018年也曾有一位名字里带着詹姆斯的球员带领 闯入东部决赛NBA NBA的微博视频 ,True,False,詹姆斯哈登想不到吧我老詹只拿9分骑士就能进东决 || 老詹又来了,4
5299879782128395,#骑士晋级东部决赛##骑士4比3淘汰活塞# 骑士踏平活塞，拿到东决门票！米切尔不再拉胯，全场砍下26分7篮板6助攻，把活塞内线突得稀碎；阿伦化身内线擎天柱，砍下23分，莫布利送出21分外加12篮板！活塞的青春风暴够猛，但骑士是那支更好的球队！时隔8年重返东决，骑士的对手将是布伦森率领的尼克斯！NBA,1779102070,2026-05-18 11:01:10+08:00,97,40,18,1779079851084,https://m.weibo.cn/detail/5299879782128395,北京,1883881851,NBA,m,https://m.weibo.cn/u/1883881851?luicode=20000061&lfid=5299879782128395&launchid=10000360-page_H5,"https://tvax1.sinaimg.cn/crop.0.0.600.600.180/0023uzJ9ly8i8g64eyy99j60go0goaaj02.jpg?KID=imgbed,tva&Expires=1779090644&ssig=YDKTsLTyIo",骑士4比3淘汰活塞,search_contents_2026-05-18.csv,search_post,, 骑士踏平活塞拿到东决门票米切尔不再拉胯全场砍下26分7篮板6助攻把活塞内线突得稀碎阿伦化身内线擎天柱砍下23分莫布利送出21分外加12篮板活塞的青春风暴够猛但骑士是那支更好的球队时隔8年重返东决骑士的对手将是布伦森率领的尼克斯NBA,True,False,哈登在这场抢七大战比赛隐身了吗,4
5299906835122778,篮球  骑士官方社媒晒米切尔与未婚妻拥抱照，配文：爱与骑士篮球05月18日讯 今日NBA季后赛抢七大战，骑士125-94大胜活塞。根据数据统计，骑士自2018年以来重返东部决赛。赛后，骑士官方更新社媒晒米切尔与未婚妻拥抱照，配文：爱与骑士篮球。#nba##骑士4比3淘汰活塞# ,1779108520,2026-05-18 12:48:40+08:00,11,0,0,1779079851087,https://m.weibo.cn/detail/5299906835122778,湖南,5024929398,老友友财,m,https://m.weibo.cn/u/5024929398?launchid=10000360-page_H5,"https://tvax1.sinaimg.cn/crop.0.0.1080.1080.180/005u45Gmly8hssjxqle3qj30u00u03zz.jpg?KID=imgbed,tva&Expires=1779090644&ssig=BzczPO8I7m",骑士4比3淘汰活塞,search_contents_2026-05-18.csv,search_post,,篮球  骑士官方社媒晒米切尔与未婚妻拥抱照配文爱与骑士篮球05月18日讯 今日NBA季后赛抢七大战骑士12594大胜活塞根据数据统计骑士自2018年以来重返东部决赛赛后骑士官方更新社媒晒米切尔与未婚妻拥抱照配文爱与骑士篮球 ,True,False,,4
5299889668100640,雷霆与马刺，西部第一与第二的碰撞，注定是一场改写联盟格局的青春风暴；SGA与文班亚马，这对常规赛MVP榜的宿敌，终于在西决迎来强强对话；骑士时隔8年重返东决，米切尔与哈登的双后卫组合，是他们最锋利的武器；而由布伦森&amp;唐斯领衔的尼克斯军团，早就等不及迎接对手的的挑战！#骑士4比3淘汰活塞#NBA,1779104427,2026-05-18 11:40:27+08:00,17,2,2,1779079851094,https://m.weibo.cn/detail/5299889668100640,北京,1883881851,NBA,m,https://m.weibo.cn/u/1883881851?luicode=20000061&lfid=5299889668100640&launchid=10000360-page_H5,"https://tvax1.sinaimg.cn/crop.0.0.600.600.180/0023uzJ9ly8i8g64eyy99j60go0goaaj02.jpg?KID=imgbed,tva&Expires=1779090647&ssig=Mqz%2FZ97P%2Fd",骑士4比3淘汰活塞,search_contents_2026-05-18.csv,search_post,,雷霆与马刺西部第一与第二的碰撞注定是一场改写联盟格局的青春风暴SGA与文班亚马这对常规赛MVP榜的宿敌终于在西决迎来强强对话骑士时隔8年重返东决米切尔与哈登的双后卫组合是他们最锋利的武器而由布伦森amp唐斯领衔的尼克斯军团早就等不及迎接对手的的挑战NBA,True,False,我认为马刺41淘汰雷霆或是42骑士很有可能会成为今年的冠军,4
5299888917055719,"拿下活塞！晋级东决✌️祝大家有个美好的一周！Good Night, Cleveland❤️克利夫兰骑士丨#倾骑所有#丨#LetEmKnow#｜#NBA季后赛#｜#骑士vs活塞#｜#活塞骑士抢七#｜#骑士晋级东部决赛#｜#骑士4比3淘汰活塞#｜#骑士双塔大爆发# ｜#骑士时隔8年再进东决# ",1779104248,2026-05-18 11:37:28+08:00,47,5,4,1779079851102,https://m.weibo.cn/detail/5299888917055719,,3800480136,克利夫兰骑士,m,https://m.weibo.cn/u/3800480136?launchid=10000360-page_H5,"https://tvax3.sinaimg.cn/crop.0.0.1080.1080.180/0049cquIly8ic6qwkpugzj60u00u075302.jpg?KID=imgbed,tva&Expires=1779090644&ssig=KS1zlYDuA9",骑士4比3淘汰活塞,search_contents_2026-05-18.csv,search_post,,拿下活塞晋级东决祝大家有个美好的一周Good Night Cleveland克利夫兰骑士丨丨  ,True,False,小破骑加油 || ,4
5299875564751473,#刘雯林允儿韩素希g社怼脸生图#三大女神刘雯、林允儿、韩素希戛纳红毯颜值盛宴，G社原相机近距离抓拍，状态满分颜值超能打，氛围感直接拉满！#娱乐圈真心局# ,1779101064,2026-05-18 10:44:24+08:00,1058,44,33,1779079920534,https://m.weibo.cn/detail/5299875564751473,广东,2653906910,娱乐榜姐,f,https://m.weibo.cn/u/2653906910?launchid=10000360-page_H5,"https://tvax4.sinaimg.cn/crop.0.0.996.996.180/9e2f67dely8h8v42t2e7nj20ro0roq3x.jpg?KID=imgbed,tva&Expires=1779090716&ssig=2lOzJv0HDy",刘雯林允儿韩素希G社怼脸生图,search_contents_2026-05-18.csv,search_post,,三大女神刘雯林允儿韩素希戛纳红毯颜值盛宴G社原相机近距离抓拍状态满分颜值超能打氛围感直接拉满 ,True,False,韩素希这状态简直是把戛纳红毯走成自家后院了 || 刘雯颜值太能打了太美了 || 韩素希生图太能打颜值气场全在线,0
5299879015616641,林允儿神颜的含金量，出道快20年了依旧顶级，G社怼脸生图绝对赢家！#刘雯林允儿韩素希G社怼脸生图# ,1779101887,2026-05-18 10:58:07+08:00,419,14,22,1779079920540,https://m.weibo.cn/detail/5299879015616641,广东,6073223476,痞影人弗莱克,m,https://m.weibo.cn/u/6073223476?launchid=10000360-page_H5,"https://tvax3.sinaimg.cn/crop.0.0.512.512.180/006D0CRmly8hx9xy9awytj30e80e8q3i.jpg?KID=imgbed,tva&Expires=1779090716&ssig=9gffDLPCy%2B",刘雯林允儿韩素希G社怼脸生图,search_contents_2026-05-18.csv,search_post,,林允儿神颜的含金量出道快20年了依旧顶级G社怼脸生图绝对赢家 ,True,False,允儿这状态绝了岁月静好女神依旧 语音评论5quot || 好美呀允允,0
5299895777099814,林允儿、韩素希戛纳红毯g社生图#刘雯林允儿韩素希G社怼脸生图# ,1779105882,2026-05-18 12:04:42+08:00,23,6,4,1779079920545,https://m.weibo.cn/detail/5299895777099814,辽宁,7840362442,泡菜搬运工,f,https://m.weibo.cn/u/7840362442?launchid=10000360-page_H5,"https://tvax4.sinaimg.cn/crop.0.0.1080.1080.180/008yBmqKly8he63y0vr3tj30u00u0gmm.jpg?KID=imgbed,tva&Expires=1779090716&ssig=vdtGIK79QR",刘雯林允儿韩素希G社怼脸生图,search_contents_2026-05-18.csv,search_post,,林允儿韩素希戛纳红毯g社生图 ,True,False,图里的姐姐也太美了吧这状态绝了  这波是视觉盛宴啊 语音评论10quot || 鹅姐别太美了状态顶级美貌顶级 || 林允儿真的神颜,0
5299878947456197,#刘雯林允儿韩素希G社怼脸生图#2026戛纳电影节红毯，刘雯、林允儿、韩素希G社高清怼脸生图引爆全网热议。三人无修镜头下状态能打，风格鲜明：刘雯利落高马尾配羽毛刺绣礼服，东方骨相大气沉稳；林允儿纯白纱裙温柔灵动，冻龄皮相细腻紧致；韩素希冷调修身裙加持，五官立体冷艳高级。生图质感堪比精修，被赞东方颜值天花板，完美诠释不同类型的东方之美。刘雯林允儿韩素希g社怼脸生图,1779101871,2026-05-18 10:57:51+08:00,61,42,1,1779079920550,https://m.weibo.cn/detail/5299878947456197,北京,7052962065,奶芙小甜虾,f,https://m.weibo.cn/u/7052962065?luicode=20000061&lfid=5299878947456197&launchid=10000360-page_H5,"https://tvax4.sinaimg.cn/crop.0.0.1080.1080.180/007HjvCFly8id8x1erv7ij30u00u0myo.jpg?KID=imgbed,tva&Expires=1779090717&ssig=RFpLmHMzdL",刘雯林允儿韩素希G社怼脸生图,search_contents_2026-05-18.csv,search_post,,2026戛纳电影节红毯刘雯林允儿韩素希G社高清怼脸生图引爆全网热议三人无修镜头下状态能打风格鲜明刘雯利落高马尾配羽毛刺绣礼服东方骨相大气沉稳林允儿纯白纱裙温柔灵动冻龄皮相细腻紧致韩素希冷调修身裙加持五官立体冷艳高级生图质感堪比精修被赞东方颜值天花板完美诠释不同类型的东方之美刘雯林允儿韩素希g社怼脸生图,True,False,林允儿代表作总结一下吧 || 事件总结一下吧 || 这也太美了吧,0
5299884217599122,#刘雯林允儿韩素希G社怼脸生图#刘雯林允儿韩素希，超模、偶像、演员，三个人在戛纳展现了三种不一样的东方美学。 才可扶司机的微博视频  ,1779103127,2026-05-18 11:18:47+08:00,80,10,1,1779079920553,https://m.weibo.cn/detail/5299884217599122,湖南,7994622081,才可扶司机,f,https://m.weibo.cn/u/7994622081?launchid=10000360-page_H5,"https://tvax4.sinaimg.cn/crop.0.0.500.500.180/008J2Cprly8i1k1728iw8j30dw0dwmyd.jpg?KID=imgbed,tva&Expires=1779090716&ssig=JbGyItBAUN",刘雯林允儿韩素希G社怼脸生图,search_contents_2026-05-18.csv,search_post,,刘雯林允儿韩素希超模偶像演员三个人在戛纳展现了三种不一样的东方美学 才可扶司机的微博视频  ,True,False,都是大美女呀 || 美的各有千秋 || 挺不错各有各的光彩,0
5299907654060919,#刘雯林允儿韩素希G社怼脸生图#我突然get到允儿颜值了 ,1779108715,2026-05-18 12:51:55+08:00,0,0,0,1779079920557,https://m.weibo.cn/detail/5299907654060919,广东,7709896090,Goooodanimals,f,https://m.weibo.cn/u/7709896090?launchid=10000360-page_H5,"https://tvax2.sinaimg.cn/crop.0.0.667.667.180/008pLWaKly8hxxmp7sphkj30ij0ij0tn.jpg?KID=imgbed,tva&Expires=1779090716&ssig=b02klRZjgs",刘雯林允儿韩素希G社怼脸生图,search_contents_2026-05-18.csv,search_post,,我突然get到允儿颜值了 ,True,False,,0
5299907540814517,#刘雯林允儿韩素希G社怼脸生图#各有特色 反正没丑的 ,1779108688,2026-05-18 12:51:28+08:00,0,0,0,1779079920561,https://m.weibo.cn/detail/5299907540814517,河南,8455866078,宥与宥,f,https://m.weibo.cn/u/8455866078?launchid=10000360-page_H5,"https://tvax4.sinaimg.cn/crop.0.0.1080.1080.180/009efX2Kly8iciy7956s6j30u00u0mys.jpg?KID=imgbed,tva&Expires=1779090716&ssig=FInoGNep7v",刘雯林允儿韩素希G社怼脸生图,search_contents_2026-05-18.csv,search_post,,各有特色 反正没丑的 ,True,False,,0
5299902070392255,#刘雯林允儿韩素希G社怼脸生图#林允儿稳定发挥 ,1779107384,2026-05-18 12:29:44+08:00,0,1,0,1779079920565,https://m.weibo.cn/detail/5299902070392255,海南,7806891543,希望林允儿有各种各样的大饼,m,https://m.weibo.cn/u/7806891543?launchid=10000360-page_H5,"https://tvax1.sinaimg.cn/crop.0.0.418.418.180/008wkV7xly8hgluy4czqyj30bm0bmgm6.jpg?KID=imgbed,tva&Expires=1779090716&ssig=dAgUKloZkh",刘雯林允儿韩素希G社怼脸生图,search_contents_2026-05-18.csv,search_post,,林允儿稳定发挥 ,True,False,怼脸生图都这么能打林允儿真是颜值扛把子啊,0
5299847063143412,【#花3万送娃进成长基地7天后被打骨折#】#孩子成长基地写求助纸条被打骨折# 5月18日（报道），湖北黄石。“孩子被送进去7天，我们再见他时，已经躺在医院急诊室里，右眼看不见，后脑勺、耳朵、手上全是伤。”近日，江西九江的张先生花3.28万元把孩子送到成长基地，入学7天后因写求救纸条被打至骨折。5月12日，张浩接受长达七小时的开颅手术；5月13日上午10时许，张浩才从重症监护室转出。经过开颅手术后，张浩的右眼仍然无法看清。张先生透露，孩子的治疗费用预计在30万到50万元之间，目前医院本着“先救治后交钱”的原则在治疗，但基地方面至今未主动提出承担费用。警方已正式立案调查，涉事教官张某已被警方控制。阳新县教育局工作人员在接受@海报新闻 记者采访时回应，涉事基地前身为某双语学校，现已注销。当地市场监督管理局给湖北宏志达青少年心理咨询有限公司颁发了执照，因此教育局没有监管职能。 海报新闻的微博视频,1779094269,2026-05-18 08:51:09+08:00,690,80,28,1779080020602,https://m.weibo.cn/detail/5299847063143412,,2620088113,海报新闻,f,https://m.weibo.cn/u/2620088113?luicode=20000061&lfid=5299847063143412&launchid=10000360-page_H5,"https://tvax1.sinaimg.cn/crop.0.0.600.600.180/9c2b5f31ly8htu89zbvmkj20go0gogm6.jpg?KID=imgbed,tva&Expires=1779090797&ssig=nX638NUTBd",花3万送娃进成长基地7天后被打骨折,search_contents_2026-05-18.csv,search_post,, 5月18日报道湖北黄石孩子被送进去7天我们再见他时已经躺在医院急诊室里右眼看不见后脑勺耳朵手上全是伤近日江西九江的张先生花328万元把孩子送到成长基地入学7天后因写求救纸条被打至骨折5月12日张浩接受长达七小时的开颅手术5月13日上午10时许张浩才从重症监护室转出经过开颅手术后张浩的右眼仍然无法看清张先生透露孩子的治疗费用预计在30万到50万元之间目前医院本着先救治后交钱的原则在治疗但基地方面至今未主动提出承担费用警方已正式立案调查涉事教官张某已被警方控制阳新县教育局工作人员在接受 记者采访时回应涉事基地前身为某双语学校现已注销当地市场监督管理局给湖北宏志达青少年心理咨询有限公司颁发了执照因此教育局没有监管职能 海报新闻的微博视频,True,False,都曝光多少了为什么还是有家长把孩子送去这种地方 || 为什么要出钱请人打,0
5299855027077819,#花3万送娃进成长基地7天后被打骨折#这种吃人的“基地”为什么屡禁不止？年年都有孩子被打死打残被逼疯……这些当家子的，这得有多恨孩子才会把孩子送进魔窟啊？ ,1779096168,2026-05-18 09:22:48+08:00,41,9,0,1779080020613,https://m.weibo.cn/detail/5299855027077819,陕西,6327652750,红绡碎碎叨,f,https://m.weibo.cn/u/6327652750?launchid=10000360-page_H5,"https://tvax2.sinaimg.cn/crop.0.0.1080.1080.180/006Uebxkly8ha2a40os04j30u00u0q64.jpg?KID=imgbed,tva&Expires=1779090796&ssig=hv9kKB7zin",花3万送娃进成长基地7天后被打骨折,search_contents_2026-05-18.csv,search_post,,这种吃人的基地为什么屡禁不止年年都有孩子被打死打残被逼疯这些当家子的这得有多恨孩子才会把孩子送进魔窟啊 ,True,False,因为有些叛逆期的娃娃家长也没法了我听说有的孩子家长花几十万送孩子进一些机构就为了断一些还有戒手机瘾太多了为了手机为了游戏可以不上学不出门不找工作这种只是摆烂的还有很多有比这严重的各种问题唉 || 这种基本上是放弃孩子了找个帮手把孩子嘎巴了 || 有时候家长可能也是恨铁不成钢无能为力了吧,0
5299898800932458,#花3万送娃进成长基地7天后被打骨折#看完真的气到发抖！江西的张先生花了3万多，把孩子送到湖北的“成长基地”矫正，结果才7天，孩子因为写求救纸条，就被教官打到后脑勺骨折、右眼失明，直接做了7小时开颅手术。基地至今没承担一分钱治疗费，当地教育局回应：这是注册公司，没有监管职能。这种打着“矫正”旗号的暴力机构，到底谁来管？,1779106604,2026-05-18 12:16:44+08:00,14,5,1,1779080020620,https://m.weibo.cn/detail/5299898800932458,江西,6572756723,半程KeMeng,m,https://m.weibo.cn/u/6572756723?luicode=20000061&lfid=5299898800932458&launchid=10000360-page_H5,"https://tvax4.sinaimg.cn/crop.0.0.664.664.180/007aOChdly8glboo674bcj30ig0igt94.jpg?KID=imgbed,tva&Expires=1779090800&ssig=9Dy4tzsk%2Bb",花3万送娃进成长基地7天后被打骨折,search_contents_2026-05-18.csv,search_post,,看完真的气到发抖江西的张先生花了3万多把孩子送到湖北的成长基地矫正结果才7天孩子因为写求救纸条就被教官打到后脑勺骨折右眼失明直接做了7小时开颅手术基地至今没承担一分钱治疗费当地教育局回应这是注册公司没有监管职能这种打着矫正旗号的暴力机构到底谁来管,True,False,家长也有点认知问题那种地方是低素质人员聚集地还往里送 || 自己不舍得打花钱请别人打,0
5299903802905632,#花3万送娃进成长基地7天后被打骨折#家长花钱送孩子进特训基地，本想矫正坏习惯，不料入校仅七天，孩子就遭殴打致重伤 这类机构资质不合规，嘴上承诺文明管教，实则暴力体罚，严重伤害未成年人身心暴力从来不是教育手段，相关部门应追责相关人员，守护孩子健康成长 ,1779107797,2026-05-18 12:36:37+08:00,2,2,0,1779080020626,https://m.weibo.cn/detail/5299903802905632,江苏,2080403725,糊糊萌记,f,https://m.weibo.cn/u/2080403725?launchid=10000360-page_H5,"https://tvax3.sinaimg.cn/crop.0.0.996.996.180/7c00710dly8hx6d310etfj20ro0ro407.jpg?KID=imgbed,tva&Expires=1779090796&ssig=viLM76IkKb",花3万送娃进成长基地7天后被打骨折,search_contents_2026-05-18.csv,search_post,,家长花钱送孩子进特训基地本想矫正坏习惯不料入校仅七天孩子就遭殴打致重伤 这类机构资质不合规嘴上承诺文明管教实则暴力体罚严重伤害未成年人身心暴力从来不是教育手段相关部门应追责相关人员守护孩子健康成长 ,True,False,这种机构以前好像也有 || 说白就是家长不想管或者管不了花钱买安心说到底是家长的不负责任害了孩子,0
5299900608941251,#花3万送娃进成长基地7天后被打骨折#江西九江张先生花3.28万元，将13岁儿子送入湖北黄石宏志达成长基地。孩子入学7天，因写求救纸条遭教官张某毒打，致额窦骨折、颅内积血，开颅术后右眼失明。涉事教官已被刑拘，基地停业整顿，后续治疗费预估30至50万元。 ,1779107035,2026-05-18 12:23:55+08:00,15,0,0,1779080020633,https://m.weibo.cn/detail/5299900608941251,湖北,6249102738,绒白冬序,f,https://m.weibo.cn/u/6249102738?launchid=10000360-page_H5,"https://tvax2.sinaimg.cn/crop.0.0.1080.1080.180/006OUB5Ely8id682npcwpj30u00u0gol.jpg?KID=imgbed,tva&Expires=1779090796&ssig=blwJwFIXvK",花3万送娃进成长基地7天后被打骨折,search_contents_2026-05-18.csv,search_post,,江西九江张先生花328万元将13岁儿子送入湖北黄石宏志达成长基地孩子入学7天因写求救纸条遭教官张某毒打致额窦骨折颅内积血开颅术后右眼失明涉事教官已被刑拘基地停业整顿后续治疗费预估30至50万元 ,True,False,,0
5299907539767093,#花3万送娃进成长基地7天后被打骨折#这种XX基地 年年出事，年年有家长猪油蒙了心一样的往里面送孩子 ,1779108688,2026-05-18 12:51:28+08:00,0,0,0,1779080020643,https://m.weibo.cn/detail/5299907539767093,四川,1758423181,软软糯糯白白圆圆,f,https://m.weibo.cn/u/1758423181?launchid=10000360-page_H5,"https://tvax1.sinaimg.cn/crop.0.0.1080.1080.180/68cf688dly8ic37bcg8ruj20u00u0q3q.jpg?KID=imgbed,tva&Expires=1779090796&ssig=Uw%2FNC18i8Q",花3万送娃进成长基地7天后被打骨折,search_contents_2026-05-18.csv,search_post,,这种XX基地 年年出事年年有家长猪油蒙了心一样的往里面送孩子 ,True,False,,0
5299906714535245,#花3万送娃进成长基地7天后被打骨折#别让3万的爱，变成孩子7天的伤花3万送孩子进“成长基地”，7天后再见，已是开颅手术后的重伤 。承诺的“科学管教”，变成暴力殴打；期盼的“蜕变成长”，换来骨折失明 。 身为父母，我们总想给孩子最好的矫正与保护。但请一定记住：真正的教育，从无暴力捷径；真正的成长，不该在恐惧中发生。警惕那些打着“特训”、“戒网瘾”、“成长矫正”旗号的无证机构。孩子的安全，比任何“改变”都重要。爱，请用对地方；选机构，请擦亮双眼。母婴育儿#母婴# 忧伤的油麦菜的微博视频,1779108491,2026-05-18 12:48:11+08:00,0,0,0,1779080020650,https://m.weibo.cn/detail/5299906714535245,河南,5782614578,忧伤的油麦菜,f,https://m.weibo.cn/u/5782614578?luicode=20000061&lfid=5299906714535245&launchid=10000360-page_H5,"https://tva4.sinaimg.cn/crop.0.0.996.996.180/006jlgd4jw8fcfe3hy6j5j30ro0rpadq.jpg?KID=imgbed,tva&Expires=1779090803&ssig=aW9fX6YRsd",花3万送娃进成长基地7天后被打骨折,search_contents_2026-05-18.csv,search_post,,别让3万的爱变成孩子7天的伤花3万送孩子进成长基地7天后再见已是开颅手术后的重伤 承诺的科学管教变成暴力殴打期盼的蜕变成长换来骨折失明  身为父母我们总想给孩子最好的矫正与保护但请一定记住真正的教育从无暴力捷径真正的成长不该在恐惧中发生警惕那些打着特训戒网瘾成长矫正旗号的无证机构孩子的安全比任何改变都重要爱请用对地方选机构请擦亮双眼母婴育儿 忧伤的油麦菜的微博视频,True,False,,0
5299875808020842,【#柳州地震救援现场警犬全力搜救#】#柳州地震前40秒狗狗吠叫预警救全家#5月18日0时21分，广西柳州市柳南区发生5.2级地震，震源深度8千米。目前，地震已致2人死亡。遇难者分别为：蓝某(男，63岁)，蓝某鸾(女，53岁，系第一名遇难者蓝某的配偶)。剩余1名失联人员搜救工作持续进行中。地震发生后，救援人员迅速抵达太阳村镇现场，并启用警犬展开搜救。截至5月18日11时10分，救援队伍在柳南区太阳村镇太阳村社区受灾现场搜救出最后1名被困人员，经医务人员确定，生命体征平稳，已送医院救治。   #广西柳州地震已致2人死亡# 大河报的微博视频,1779101122,2026-05-18 10:45:22+08:00,19,7,6,1779080148621,https://m.weibo.cn/detail/5299875808020842,,1734530730,大河报,m,https://m.weibo.cn/u/1734530730?luicode=20000061&lfid=5299875808020842&launchid=10000360-page_H5,"https://tvax2.sinaimg.cn/crop.0.0.1080.1080.180/001TnUG6ly8i8ye1dayfwj60u00u0wfc02.jpg?KID=imgbed,tva&Expires=1779090921&ssig=m7TYNc18Ng",柳州地震前40秒狗狗吠叫预警救全家,search_contents_2026-05-18.csv,search_post,,5月18日0时21分广西柳州市柳南区发生52级地震震源深度8千米目前地震已致2人死亡遇难者分别为蓝某男63岁蓝某鸾女53岁系第一名遇难者蓝某的配偶剩余1名失联人员搜救工作持续进行中地震发生后救援人员迅速抵达太阳村镇现场并启用警犬展开搜救截至5月18日11时10分救援队伍在柳南区太阳村镇太阳村社区受灾现场搜救出最后1名被困人员经医务人员确定生命体征平稳已送医院救治    大河报的微博视频,True,False,浅表地震危害大 || Stay safe,1
5299867924826258,#柳州地震前40秒狗狗吠叫预警救全家#凌晨的柳州，危险悄然逼近。5.2级地震来临前40秒，一只柴犬突然狂吠不止，用最急切的方式唤醒熟睡的一家人￼￼￼。人类听不到的次声波，是它敏锐捕捉到的危机信号。20秒极速撤离，全家平安。毛孩子不会说话，却用生命本能，成为全家最靠谱的“生命预警器”，忠诚从未缺席。 今晚不睡觉明天不早起的微博视频,1779099243,2026-05-18 10:14:03+08:00,60,8,3,1779080148628,https://m.weibo.cn/detail/5299867924826258,广西,2271733044,今晚不睡觉明天不早起,m,https://m.weibo.cn/u/2271733044?luicode=20000061&lfid=5299867924826258&launchid=10000360-page_H5,"https://tvax1.sinaimg.cn/crop.0.0.1080.1080.180/8767e534ly8iccc3gbsy0j20u00u0wg3.jpg?KID=imgbed,tva&Expires=1779090925&ssig=WdbqM8qJL%2F",柳州地震前40秒狗狗吠叫预警救全家,search_contents_2026-05-18.csv,search_post,,凌晨的柳州危险悄然逼近52级地震来临前40秒一只柴犬突然狂吠不止用最急切的方式唤醒熟睡的一家人人类听不到的次声波是它敏锐捕捉到的危机信号20秒极速撤离全家平安毛孩子不会说话却用生命本能成为全家最靠谱的生命预警器忠诚从未缺席 今晚不睡觉明天不早起的微博视频,True,False,动物的机警性体现出来了 || 毛孩子真的是守护神 || 反应好快的狗狗保护了主人一家,1
5299871987007600,#柳州地震前40秒狗狗吠叫预警救全家#相较于动物们对于地震的预警，现在手机、电视打开地震预警设置，更能广泛的提示到大家 #柳州地震致一对夫妻遇难#截至当日8时14分，已确认2人死亡（63岁蓝某及其53岁配偶蓝某鸾），仍有1人失联，救援工作持续进行。 #广西柳州地震已致2人死亡# 轻奢TIME的微博视频,1779100210,2026-05-18 10:30:10+08:00,80,5,2,1779080148634,https://m.weibo.cn/detail/5299871987007600,山西,2646152395,轻奢TIME,m,https://m.weibo.cn/u/2646152395?luicode=20000061&lfid=5299871987007600&launchid=10000360-page_H5,"https://tvax4.sinaimg.cn/crop.0.0.1080.1080.180/9db914cbly8i760gzc1pdj20u00u0acm.jpg?KID=imgbed,tva&Expires=1779090928&ssig=%2BhHH6otNzL",柳州地震前40秒狗狗吠叫预警救全家,search_contents_2026-05-18.csv,search_post,,相较于动物们对于地震的预警现在手机电视打开地震预警设置更能广泛的提示到大家 截至当日8时14分已确认2人死亡63岁蓝某及其53岁配偶蓝某鸾仍有1人失联救援工作持续进行  轻奢TIME的微博视频,True,False,记得预警设置地震级别,1
5299867196591025,#柳州地震前40秒狗狗吠叫预警救全家#地震预警还是得靠科技，能提前数十秒提醒避险，争取逃生时间。 狗狗听觉、感知力远超人类，能提前察觉到地底细微异动，震前反常乱叫发出信号。 动物本能虽准却不稳定，不能全靠它。日常务必开好手机地震预警，人灵搭配，双重守护更安心。#跨界破圈热点共创# 柳州地震前40秒狗狗吠叫预警救全家,1779099069,2026-05-18 10:11:09+08:00,199,61,28,1779080148637,https://m.weibo.cn/detail/5299867196591025,浙江,6435251132,小布丁爱美食y,f,https://m.weibo.cn/u/6435251132?luicode=20000061&lfid=5299867196591025&launchid=10000360-page_H5,"https://tvax3.sinaimg.cn/crop.0.0.1023.1023.180/0071vEN6ly8hhzsd0fkfpj30sg0sfjth.jpg?KID=imgbed,tva&Expires=1779090931&ssig=FzbY5uoY44",柳州地震前40秒狗狗吠叫预警救全家,search_contents_2026-05-18.csv,search_post,,地震预警还是得靠科技能提前数十秒提醒避险争取逃生时间 狗狗听觉感知力远超人类能提前察觉到地底细微异动震前反常乱叫发出信号 动物本能虽准却不稳定不能全靠它日常务必开好手机地震预警人灵搭配双重守护更安心 柳州地震前40秒狗狗吠叫预警救全家,True,False,注意一下了 || 注意安全愿平安 || 一定要注意安全啊,1
5299896460510986,#柳州地震前40秒狗狗吠叫预警救全家#看到这个，感觉既暖心又揪心。柴犬提前40秒狂吠预警，帮全家20秒极速逃生，好忠诚，好有灵性啊！同时也提醒我们，动物预警可作参考，更要重视科学防灾、开启手机预警、掌握避险知识，守护自身安全。 ,1779106046,2026-05-18 12:07:26+08:00,58,25,0,1779080148640,https://m.weibo.cn/detail/5299896460510986,江苏,6489875133,悠悠D梦,f,https://m.weibo.cn/u/6489875133?launchid=10000360-page_H5,"https://tvax3.sinaimg.cn/crop.0.0.1080.1080.180/0075cQZnly8ictmthzop0j30u00u0jty.jpg?KID=imgbed,tva&Expires=1779090917&ssig=Ytb3kSSbPm",柳州地震前40秒狗狗吠叫预警救全家,search_contents_2026-05-18.csv,search_post,,看到这个感觉既暖心又揪心柴犬提前40秒狂吠预警帮全家20秒极速逃生好忠诚好有灵性啊同时也提醒我们动物预警可作参考更要重视科学防灾开启手机预警掌握避险知识守护自身安全 ,True,False,好聪明的狗狗 || 动物的感知确实比人要强很多倍,1
5299878689508549,#柳州地震前40秒狗狗吠叫预警救全家#地震来临前，鸭子会出现拒食、焦躁乱跑、不肯进窝等异常，这是因为它们的听觉系统对低频振动敏感，能捕捉到人类察觉不到的震前地声。不止鸭子，很多动物都有类似“超能力”：狗会狂吠刨地，蛇会提前结束冬眠爬出洞穴，鱼会在水面疯狂跳跃。这些异常源于动物敏锐的感官，能感知地壳微震、电磁场变化、地下气体逸出等地震前兆，但这类反应易受环境干扰，只能作为地震预警的参考信号。#全网热点共创计划##一分钟精选视频扶持计划# 柳州地震前40秒狗狗吠叫预警救全家 天岗268的微博视频,1779101809,2026-05-18 10:56:49+08:00,33,8,0,1779080148644,https://m.weibo.cn/detail/5299878689508549,吉林,6715107430,天岗268,m,https://m.weibo.cn/u/6715107430?luicode=20000061&lfid=5299878689508549&launchid=10000360-page_H5,"https://tvax3.sinaimg.cn/crop.0.0.664.664.180/007krUcmly8fvh99qb0ypj30ig0ig0u2.jpg?KID=imgbed,tva&Expires=1779090935&ssig=%2B6TwckmutJ",柳州地震前40秒狗狗吠叫预警救全家,search_contents_2026-05-18.csv,search_post,,地震来临前鸭子会出现拒食焦躁乱跑不肯进窝等异常这是因为它们的听觉系统对低频振动敏感能捕捉到人类察觉不到的震前地声不止鸭子很多动物都有类似超能力狗会狂吠刨地蛇会提前结束冬眠爬出洞穴鱼会在水面疯狂跳跃这些异常源于动物敏锐的感官能感知地壳微震电磁场变化地下气体逸出等地震前兆但这类反应易受环境干扰只能作为地震预警的参考信号 柳州地震前40秒狗狗吠叫预警救全家 天岗268的微博视频,True,False,要注意安全哦 || 愿大家平平安安的 || 勇敢的小狗救了一家人,1
5299872555078622,柳州地震来临前四十秒，家中狗狗反常狂吠不停，反复拉扯叫醒熟睡家人。家人察觉异样迅速撤离，刚到屋外地面便剧烈晃动。狗狗凭本能提前感知险情，用叫声发出预警，凭着灵性护住一家人平安躲过地震。 天灾来临毫无预兆，这只狗狗却凭着天生敏锐，捕捉到地震来临的前兆，拼尽全力唤醒主人，短短数十秒护住全家性命。平日里它只是看家陪伴的宠物，危难时刻却化身守护者，忠诚又暖心。 动物拥有人类不及的感知力，它们不会言语，却用最直白的举动护佑身边人。默默陪伴，危难挺身而出，这份纯粹的忠诚格外动人。 人与动物相伴本是缘分，狗狗真心以待家人，危难之际不离不弃。善待每一只小动物，它们给予陪伴与治愈，危急关头还能带来生机。这场意外让人看见生灵的灵性，也懂得珍惜身边无声守护的小生命，心怀善意善待万物。#柳州地震前40秒狗狗吠叫预警救全家#柳州地震前40秒狗狗吠叫预警救全家 Saoirse是自由的微博视频,1779100347,2026-05-18 10:32:27+08:00,32,34,0,1779080148647,https://m.weibo.cn/detail/5299872555078622,河北,5535324705,Saoirse是自由,f,https://m.weibo.cn/u/5535324705?luicode=20000061&lfid=5299872555078622&launchid=10000360-page_H5,"https://tvax1.sinaimg.cn/crop.0.0.1080.1080.180/0062BEOJly8i8rzmtt5dtj30u00u0acm.jpg?KID=imgbed,tva&Expires=1779090938&ssig=KleBUCmsF8",柳州地震前40秒狗狗吠叫预警救全家,search_contents_2026-05-18.csv,search_post,,柳州地震来临前四十秒家中狗狗反常狂吠不停反复拉扯叫醒熟睡家人家人察觉异样迅速撤离刚到屋外地面便剧烈晃动狗狗凭本能提前感知险情用叫声发出预警凭着灵性护住一家人平安躲过地震 天灾来临毫无预兆这只狗狗却凭着天生敏锐捕捉到地震来临的前兆拼尽全力唤醒主人短短数十秒护住全家性命平日里它只是看家陪伴的宠物危难时刻却化身守护者忠诚又暖心 动物拥有人类不及的感知力它们不会言语却用最直白的举动护佑身边人默默陪伴危难挺身而出这份纯粹的忠诚格外动人 人与动物相伴本是缘分狗狗真心以待家人危难之际不离不弃善待每一只小动物它们给予陪伴与治愈危急关头还能带来生机这场意外让人看见生灵的灵性也懂得珍惜身边无声守护的小生命心怀善意善待万物柳州地震前40秒狗狗吠叫预警救全家 Saoirse是自由的微博视频,True,False,一定要注意这些动静 || 很多动物对地震都有反应 || 哎希望大家都平安,1
5299864403709007,#歌手2026官宣音乐合伙人# #歌手2026音乐合伙人集结# 以星光为伴，与热爱同行！欢迎本季音乐合伙人@者来女 @赵一橙儿 @泽林啊哈哈哈哈哈 @李莎旻子Leo @张佑汐Nicholas_7C @Cindy袁咏琳 @董岩磊 @Light庄宇光 @郑方一_AaronZ 加入#歌手2026#，他们将与歌手们并肩作战，共同奔赴这场极致的音乐盛宴！5月22日起每周五晚19:30，锁定@湖南卫视 @芒果TV 看歌手直播 湖南卫视的微博视频,1779098403,2026-05-18 10:00:03+08:00,1167,120,48,1779080218741,https://m.weibo.cn/detail/5299864403709007,,1638629382,湖南卫视,m,https://m.weibo.cn/u/1638629382?luicode=20000061&lfid=5299864403709007&launchid=10000360-page_H5,"https://tvax2.sinaimg.cn/crop.0.0.1080.1080.180/001MTwmaly8h8vlu6go9hj60u00u0mxm02.jpg?KID=imgbed,tva&Expires=1779091005&ssig=KgQBRTWrWK",歌手2026官宣音乐合伙人,search_contents_2026-05-18.csv,search_post,,  以星光为伴与热爱同行欢迎本季音乐合伙人         加入他们将与歌手们并肩作战共同奔赴这场极致的音乐盛宴5月22日起每周五晚1930锁定  看歌手直播 湖南卫视的微博视频,True,False,我者出息了 || 我者完全升咖 海报都首页 || 期待者来女,0
5299867808957057,#歌手2026音乐合伙人集结##歌手2026##歌手直播#@魏如萱waa 准备好了吗？5月22日起，湖南卫视&amp;芒果TV每周五19:30现场直播 ,1779099215,2026-05-18 10:13:35+08:00,1142,195,89,1779080218746,https://m.weibo.cn/detail/5299867808957057,湖南,5516876068,泽林啊哈哈哈哈哈,m,https://m.weibo.cn/u/5516876068?launchid=10000360-page_H5,"https://tvax4.sinaimg.cn/crop.0.0.512.512.180/0061mfu4ly8gxriq21r4kj30e80e83zh.jpg?KID=imgbed,tva&Expires=1779091004&ssig=OUv%2FesNKtK",歌手2026官宣音乐合伙人,search_contents_2026-05-18.csv,search_post,, 准备好了吗5月22日起湖南卫视amp芒果TV每周五1930现场直播 ,True,False,欢迎歌手 的音乐合伙人 加入 他的个人宣言是 我和我的歌手 不把任何人放在眼里放在心上 5月22日起每周五晚1930锁定  看 || 泽林一定要待到总决赛啊照顾好我们娃娃不要让她的话掉在地上好吗好的必要时候接住她的情绪谢谢你了 || 魏如萱每次唱完都要搀扶崩溃大哭的吴泽林回休息室,0
5299894932997842,【#者来女回应歌手给齐豫当合伙人#】5月18日，歌手2026官宣音乐合伙人@者来女 ，她发博回应：天地呀四季呀蕾蒂娅～！！！家人们我要和女神齐豫姐姐见面了！谁懂啊！接下来的日子我将全力以赴守护灵魂歌者齐豫老师！敬请期待！！！（湖南卫视） ,1779105682,2026-05-18 12:01:22+08:00,435,0,1,1779080218751,https://m.weibo.cn/detail/5299894932997842,,3203137375,四川观察,f,https://m.weibo.cn/u/3203137375?launchid=10000360-page_H5,"https://tvax3.sinaimg.cn/crop.0.0.600.600.180/beebff5fly8i6aou48o1nj20go0got9j.jpg?KID=imgbed,tva&Expires=1779091004&ssig=GuD%2FA6Ce0O",歌手2026官宣音乐合伙人,search_contents_2026-05-18.csv,search_post,,5月18日歌手2026官宣音乐合伙人 她发博回应天地呀四季呀蕾蒂娅家人们我要和女神齐豫姐姐见面了谁懂啊接下来的日子我将全力以赴守护灵魂歌者齐豫老师敬请期待湖南卫视 ,True,False,,0
5299900238791395,听说今年赛制大改——&quot;袭榜&quot;直接改成&quot;大魔王&quot;？🤔 神秘音乐合伙人阵容未完全揭晓，但网友已经炸锅：有人猜是国际大咖，有人押宝实力唱将，还有人期待跨界惊喜。不管是谁，能站上歌手舞台的，都是来真的#歌手2026##音乐合伙人# ,1779106946,2026-05-18 12:22:26+08:00,141,16,0,1779080218758,https://m.weibo.cn/detail/5299900238791395,北京,2102138332,缥缈Hyper,m,https://m.weibo.cn/u/2102138332?launchid=10000360-page_H5,"https://tvax3.sinaimg.cn/crop.0.0.1080.1080.180/7d4c15dcly8i8clq7rslfj20u00u0wjh.jpg?KID=imgbed,tva&Expires=1779091004&ssig=Ii%2B3sx59rW",歌手2026官宣音乐合伙人,search_contents_2026-05-18.csv,search_post,,听说今年赛制大改quot袭榜quot直接改成quot大魔王quot 神秘音乐合伙人阵容未完全揭晓但网友已经炸锅有人猜是国际大咖有人押宝实力唱将还有人期待跨界惊喜不管是谁能站上歌手舞台的都是来真的 ,True,False,真的好期待啊 || 真的很期待呀,0
5299889229269799,#者来女显化成功##接者来女事业运# 接者来女这个事业运！求活儿来活儿！在浪姐的舞台上被淘汰了，当时就问芒果台还有别的节目能参加吗，大大方方的为自己争取，这不就派活儿了！我者就这样在芒果最火的两个综艺间无缝衔接了#歌手2026官宣音乐合伙人# ,1779104322,2026-05-18 11:38:42+08:00,54,21,28,1779080218766,https://m.weibo.cn/detail/5299889229269799,辽宁,1705901331,沈不疼,f,https://m.weibo.cn/u/1705901331?launchid=10000360-page_H5,"https://tvax2.sinaimg.cn/crop.0.0.1080.1080.180/001RrMRBly8i0n8ub0c76j60u00u00us02.jpg?KID=imgbed,tva&Expires=1779091004&ssig=JEBUW7pHEH",歌手2026官宣音乐合伙人,search_contents_2026-05-18.csv,search_post,, 接者来女这个事业运求活儿来活儿在浪姐的舞台上被淘汰了当时就问芒果台还有别的节目能参加吗大大方方的为自己争取这不就派活儿了我者就这样在芒果最火的两个综艺间无缝衔接了 ,True,False,者来女敢争取 好资源稳稳到手 || 淘汰后主动争取机会果然迎来好结果 || 无缝衔接芒果两大综艺实力终被看见,0
5299891494454287,#歌手2026官宣音乐合伙人#者来女歌手再就业  音乐合伙人 娱糕冷的作品的微博视频 ,1779104862,2026-05-18 11:47:42+08:00,16,2,1,1779080218776,https://m.weibo.cn/detail/5299891494454287,广东,5124163474,娱糕冷的作品,f,https://m.weibo.cn/u/5124163474?launchid=10000360-page_H5,"https://tvax3.sinaimg.cn/crop.0.0.1080.1080.180/005AMsZYly8iacbzrjxv8j30u00u0q52.jpg?KID=imgbed,tva&Expires=1779091004&ssig=Eleb0yhbuC",歌手2026官宣音乐合伙人,search_contents_2026-05-18.csv,search_post,,者来女歌手再就业  音乐合伙人 娱糕冷的作品的微博视频 ,True,False,我又来了支持支持 || 继续更喜欢看,0
5299864498865124,正式打卡上岗🙋♂️解锁《歌手2026》音乐合伙人身份！纯纯新手小白初次上岗！求求各位老铁踊跃献计，孩子急需取经🤣如何陪伴歌手才够到位🤠5月22日起每周五19:30湖南卫视&amp;芒果TV现场直播不见不散@尤长靖 老伙计 一同静待每一场惊艳开唱 #歌手2026音乐合伙人集结##歌手2026##歌手直播#,1779098426,2026-05-18 10:00:26+08:00,3855,344,206,1779080218788,https://m.weibo.cn/detail/5299864498865124,山东,3162919750,董岩磊,m,https://m.weibo.cn/u/3162919750?luicode=20000061&lfid=5299864498865124&launchid=10000360-page_H5,"https://tvax4.sinaimg.cn/crop.0.0.512.512.180/bc865346ly8gdjyiojh05j20e80e8t8x.jpg?KID=imgbed,tva&Expires=1779091008&ssig=BB%2FAtr9Z3l",歌手2026官宣音乐合伙人,search_contents_2026-05-18.csv,search_post,,正式打卡上岗解锁歌手2026音乐合伙人身份纯纯新手小白初次上岗求求各位老铁踊跃献计孩子急需取经如何陪伴歌手才够到位5月22日起每周五1930湖南卫视amp芒果TV现场直播不见不散 老伙计 一同静待每一场惊艳开唱 ,True,False,别做饭给尤长靖吃 谨言慎行 || 你去看看人家的文案和工作内容取取经 || 你就别带吃的了 他嗓子要紧 照顾好他,0
5299906836956636,#歌手2026官宣音乐合伙人#这次阵容可以 好期待 ,1779108520,2026-05-18 12:48:40+08:00,0,1,0,1779080218796,https://m.weibo.cn/detail/5299906836956636,福建,6664779491,今日宜吃饭_my,f,https://m.weibo.cn/u/6664779491?launchid=10000360-page_H5,"https://tvax4.sinaimg.cn/crop.0.0.900.900.180/007h2JBpgy1icr91vpep0j30p00p0gmj.jpg?KID=imgbed,tva&Expires=1779091004&ssig=9QXrircoG%2B",歌手2026官宣音乐合伙人,search_contents_2026-05-18.csv,search_post,,这次阵容可以 好期待 ,True,False,这阵容周五晚上锁定芒果台,0
5299860439564990,秦昊说伊能静虽然有过婚姻但没有婚礼，于是就给伊能静办了三场婚礼～昊哥虽然是直男，但是该做的真的都做了！#秦昊谈为伊能静办三场婚礼##微博二创视频创作季##一分钟精选视频扶持计划# 小C带你瘦的微博视频 ,1779097458,2026-05-18 09:44:18+08:00,178,28,3,1779080292153,https://m.weibo.cn/detail/5299860439564990,辽宁,6764170629,小C带你瘦,f,https://m.weibo.cn/u/6764170629?launchid=10000360-page_H5,"https://tvax4.sinaimg.cn/crop.0.0.1080.1080.180/007nLLMhly8i3dssj81ugj30u00u0q8y.jpg?KID=imgbed,tva&Expires=1779091084&ssig=NAWGhKICjV",秦昊谈为伊能静办三场婚礼,search_contents_2026-05-18.csv,search_post,,秦昊说伊能静虽然有过婚姻但没有婚礼于是就给伊能静办了三场婚礼昊哥虽然是直男但是该做的真的都做了 小C带你瘦的微博视频 ,True,False,秦昊这波操作真是既暖又幽默给满分 语音评论5quot || 三场婚礼这份诚意太足了 || 直男也能浪漫用心最重要,0
5299867771471743,#秦昊谈为伊能静办三场婚礼#无需多言就懂彼此的点，这默契太可了！不顾流言蜚语办了三次婚礼，秦昊的偏爱从不在嘴上嚷嚷——是细节里的护着，是眼神里的笃定，藏都藏不住啊那些说不合适的声音，在他们的相处里根本站不住脚，这才是爱情最该有的样子吧！#微博二创视频创作季# 溜个瓜瓜的微博视频,1779099206,2026-05-18 10:13:26+08:00,253,27,9,1779080292162,https://m.weibo.cn/detail/5299867771471743,福建,6005319548,溜个瓜瓜,m,https://m.weibo.cn/u/6005319548?luicode=20000061&lfid=5299867771471743&launchid=10000360-page_H5,"https://tvax1.sinaimg.cn/crop.0.0.1080.1080.180/006ypHWIly8i3gy1jmu2oj30u00u0tbt.jpg?KID=imgbed,tva&Expires=1779091085&ssig=q3wZPvAqJw",秦昊谈为伊能静办三场婚礼,search_contents_2026-05-18.csv,search_post,,无需多言就懂彼此的点这默契太可了不顾流言蜚语办了三次婚礼秦昊的偏爱从不在嘴上嚷嚷是细节里的护着是眼神里的笃定藏都藏不住啊那些说不合适的声音在他们的相处里根本站不住脚这才是爱情最该有的样子吧 溜个瓜瓜的微博视频,True,False,他们的爱情令人羡慕 || 三次婚礼偏爱藏不住,0
5299882178118187,#秦昊谈为伊能静办三场婚礼#看了妻子的浪漫旅行 不得不说秦昊做事是真靠谱，嘴上看着大大咧咧，心里门儿清。知道爱人心里缺啥就主动补齐，三场婚礼安排得明明白白，力所能及范围内把偏爱给足，平淡日子里的浪漫最动人。秦昊谈为伊能静办三场婚礼 #一分钟精选视频扶持计划# 热剧抢先看的微博视频 ,1779102640,2026-05-18 11:10:40+08:00,130,50,3,1779080292171,https://m.weibo.cn/detail/5299882178118187,北京,5100547430,热剧抢先看,f,https://m.weibo.cn/u/5100547430?launchid=10000360-page_H5,"https://tvax3.sinaimg.cn/crop.0.0.995.995.180/005zbno2ly8h8v8uhh24tj30rn0rnmza.jpg?KID=imgbed,tva&Expires=1779091084&ssig=GwU8jRwKD4",秦昊谈为伊能静办三场婚礼,search_contents_2026-05-18.csv,search_post,,看了妻子的浪漫旅行 不得不说秦昊做事是真靠谱嘴上看着大大咧咧心里门儿清知道爱人心里缺啥就主动补齐三场婚礼安排得明明白白力所能及范围内把偏爱给足平淡日子里的浪漫最动人秦昊谈为伊能静办三场婚礼  热剧抢先看的微博视频 ,True,False,可伊能静在家的付出真的不是所有女人能做到的 || 之前对他俩都不太喜欢但是后来越看越喜欢真实不做作很优秀 || 伊能静跟秦昊在沈阳的婚礼在沈阳的香格里拉大酒店这场婚礼没有圈内人都是双方的亲戚朋友那种然后又在布吉岛办了一场是专门请的圈内好友,0
5299876255760652,#秦昊谈为伊能静办三场婚礼# 居然一共办了三场婚礼吗？秦昊也太爱了吧对比前夫姐真的找到真爱了 ,1779101228,2026-05-18 10:47:08+08:00,80,17,0,1779080292179,https://m.weibo.cn/detail/5299876255760652,山西,7778048380,芒果紺,f,https://m.weibo.cn/u/7778048380?launchid=10000360-page_H5,"https://tvax1.sinaimg.cn/crop.0.0.1080.1080.180/008unTHely8id5f1t24r8j30u00u0763.jpg?KID=imgbed,tva&Expires=1779091084&ssig=xS90EPgotT",秦昊谈为伊能静办三场婚礼,search_contents_2026-05-18.csv,search_post,, 居然一共办了三场婚礼吗秦昊也太爱了吧对比前夫姐真的找到真爱了 ,True,False,大家觉得这对幸福吗 || 我也有点惊讶三场婚礼 || 这才是真爱 太幸福了,0
5299885263815786,#秦昊谈为伊能静办三场婚礼#人生中能有几场婚礼呢 秦昊太爱伊能静了吧 他们真的很幸福，对此你们怎么看 你们喜欢这对夫妇吗 荔萌离泣的微博视频 ,1779103377,2026-05-18 11:22:57+08:00,117,18,0,1779080292185,https://m.weibo.cn/detail/5299885263815786,江西,7462090326,荔萌离泣,f,https://m.weibo.cn/u/7462090326?launchid=10000360-page_H5,"https://tvax2.sinaimg.cn/crop.0.0.1080.1080.180/00890azAly8id2wdlnk65j30u00u0gp2.jpg?KID=imgbed,tva&Expires=1779091084&ssig=5eq8o0L3Pc",秦昊谈为伊能静办三场婚礼,search_contents_2026-05-18.csv,search_post,,人生中能有几场婚礼呢 秦昊太爱伊能静了吧 他们真的很幸福对此你们怎么看 你们喜欢这对夫妇吗 荔萌离泣的微博视频 ,True,False,他们真幸福 || 姐弟恋也能很甜,0
5299907292561517,#秦昊谈为伊能静办三场婚礼# 看着直男，其实内心很细致也很浪漫，没有真正的直男，真的爱一个人是愿意让对方开心的 ,1779108628,2026-05-18 12:50:28+08:00,0,1,0,1779080292194,https://m.weibo.cn/detail/5299907292561517,广东,5267712679,迷妹妮酱,f,https://m.weibo.cn/u/5267712679?launchid=10000360-page_H5,"https://tvax2.sinaimg.cn/crop.0.0.1080.1080.180/005KuMHJly8hdfed4vmtvj30u00u0acq.jpg?KID=imgbed,tva&Expires=1779091084&ssig=aCCFOutSeb",秦昊谈为伊能静办三场婚礼,search_contents_2026-05-18.csv,search_post,, 看着直男其实内心很细致也很浪漫没有真正的直男真的爱一个人是愿意让对方开心的 ,True,False,秦昊这波操作直男变暖男伊能静幸福满满呀,0
5299900414690746,#秦昊谈为伊能静办三场婚礼#不说什么直男不直男，有心的人不用教，无心的人教不会！羡慕这样的爱情 广州 ,1779106989,2026-05-18 12:23:09+08:00,1,0,0,1779080292199,https://m.weibo.cn/detail/5299900414690746,广东,5532351291,默默關註伱,f,https://m.weibo.cn/u/5532351291?launchid=10000360-page_H5,"https://tvax4.sinaimg.cn/crop.0.0.1080.1080.180/0062pbirly8gndsabwbo0j30u00u0gnl.jpg?KID=imgbed,tva&Expires=1779091084&ssig=dXaZ%2F029zD",秦昊谈为伊能静办三场婚礼,search_contents_2026-05-18.csv,search_post,,不说什么直男不直男有心的人不用教无心的人教不会羡慕这样的爱情 广州 ,True,False,,0
5299897616041014,#秦昊谈为伊能静办三场婚礼#这真的就是爱情吧。 ,1779106322,2026-05-18 12:12:02+08:00,0,0,0,1779080292209,https://m.weibo.cn/detail/5299897616041014,广西,7321201552,没想到还能起那么长的昵称呢,f,https://m.weibo.cn/u/7321201552?launchid=10000360-page_H5,"https://tvax4.sinaimg.cn/crop.0.0.1024.1024.180/007Zt0Y0ly8i65y5092pej30sg0sgmyy.jpg?KID=imgbed,tva&Expires=1779091084&ssig=QAEHbJSsMP",秦昊谈为伊能静办三场婚礼,search_contents_2026-05-18.csv,search_post,,这真的就是爱情吧 ,True,False,,0
5299724632458621,祝贺萨尔布吕肯欧冠四连冠！今天小胖的比赛确实打得不好，一是首次欧冠决赛，中央体育频道三十年来首次转播，心理压力大。二是正手主动进攻失误太多，打到后面有点不自信了，我感觉和他正手换海绵有关系。在这么重要的比赛中他敢于去换正手海绵，说明他在尝试想把自己调到最好的状态，去适应欧洲场馆的节奏。这需要勇气。三是勒布伦兄弟完全是在猛拼小胖，全是发力进攻，绝不手软。在这种情况下导致了小胖两场比赛都失利。其实在团体比赛中，重要的赢得了最后比赛的胜利，在这过程中每一位队员都在努力付出。况且这仅是一场欧冠决赛，不是世界大赛、奥运会，对手在心态完全放松的情况下猛拼，什么事情都可能发生。及时总结，把坏事变好事。塞翁失马，焉知祸福。人生没有答案，只有选择。,1779065079,2026-05-18 00:44:39+08:00,38916,1336,1137,1779080478505,https://m.weibo.cn/detail/5299724632458621,安徽,6034554198,吴敬平教练,m,https://m.weibo.cn/u/6034554198?luicode=20000061&lfid=5299724632458621&launchid=10000360-page_H5,"https://tvax4.sinaimg.cn/crop.0.0.853.853.180/006Aondkly8hsdrx275ikj30np0np0vh.jpg?KID=imgbed,tva&Expires=1779091255&ssig=Orna6blnay",吴敬平谈樊振东欧冠失利,search_contents_2026-05-18.csv,search_post,,祝贺萨尔布吕肯欧冠四连冠今天小胖的比赛确实打得不好一是首次欧冠决赛中央体育频道三十年来首次转播心理压力大二是正手主动进攻失误太多打到后面有点不自信了我感觉和他正手换海绵有关系在这么重要的比赛中他敢于去换正手海绵说明他在尝试想把自己调到最好的状态去适应欧洲场馆的节奏这需要勇气三是勒布伦兄弟完全是在猛拼小胖全是发力进攻绝不手软在这种情况下导致了小胖两场比赛都失利其实在团体比赛中重要的赢得了最后比赛的胜利在这过程中每一位队员都在努力付出况且这仅是一场欧冠决赛不是世界大赛奥运会对手在心态完全放松的情况下猛拼什么事情都可能发生及时总结把坏事变好事塞翁失马焉知祸福人生没有答案只有选择,True,False,敢赢不怕输不打就不会输我们不找理由不找借口好好总结既然樊振东在被逼退的前提下选择继续打球就有输球的心理准备球迷也不会因为一场输球而失落还是那句欢迎各位继续关注樊振东的所有比赛 || 即便今天没有赢也是一路赢过来的东哥很棒大家也很棒奖杯的意义是东哥和团队一起赋予的祝贺萨尔祝贺东哥我们继续加油继续前进我们是冠军 || 谢谢吴爸爸为东哥发声,3
5299849922611672,#吴敬平谈樊振东欧冠失利#吴指导分析得太透彻了，真是一针见血：这次失利和樊振东更换正手海绵有很大关系 重大决赛场上敢主动调整器材，足以看出他一心想调整到最佳竞技状态侯英超直播也在说，东哥换上蝴蝶球拍，胶皮打法和狂飙风格截然不同 敢于跳出长久以来的舒适圈主动求变、寻求技术突破一时状态起伏在所难免，勇于尝试本身就是勇气慢慢磨合找到手感，调整好状态，未来依旧所向披靡。#微博二创视频创作季#,1779094951,2026-05-18 09:02:31+08:00,355,49,8,1779080478506,https://m.weibo.cn/detail/5299849922611672,安徽,2520402873,晶刚专属,m,https://m.weibo.cn/u/2520402873?luicode=20000061&lfid=5299849922611672&launchid=10000360-page_H5,"https://tvax2.sinaimg.cn/crop.0.0.1080.1080.180/963a4bb9ly8hhzbz346zzj20u00u0wg7.jpg?KID=imgbed,tva&Expires=1779091258&ssig=GYjioyrELZ",吴敬平谈樊振东欧冠失利,search_contents_2026-05-18.csv,search_post,,吴指导分析得太透彻了真是一针见血这次失利和樊振东更换正手海绵有很大关系 重大决赛场上敢主动调整器材足以看出他一心想调整到最佳竞技状态侯英超直播也在说东哥换上蝴蝶球拍胶皮打法和狂飙风格截然不同 敢于跳出长久以来的舒适圈主动求变寻求技术突破一时状态起伏在所难免勇于尝试本身就是勇气慢慢磨合找到手感调整好状态未来依旧所向披靡,True,False,调整好心态一切都会变好的再接再厉 || 指导员不愧是指导员指导的就是到位 || 吴指导说得在理换海绵这细节确实关键,3
5299821399245923,#樊振东欧冠冠军# 允许自己偶尔“躺赢”偶尔做个被带飞的乘客理好心绪，拍拍尘土，爷再回来！ #吴敬平谈樊振东欧冠失利# ,1779088150,2026-05-18 07:09:10+08:00,869,39,13,1779080478508,https://m.weibo.cn/detail/5299821399245923,河南,1060387602,平原跑马,m,https://m.weibo.cn/u/1060387602?launchid=10000360-page_H5,"https://tvax3.sinaimg.cn/crop.0.0.300.300.180/3f343b12ly8hwdnk8ffm5j208c08c3yo.jpg?KID=imgbed,tva&Expires=1779091254&ssig=6Tm7ZSsZIQ",吴敬平谈樊振东欧冠失利,search_contents_2026-05-18.csv,search_post,, 允许自己偶尔躺赢偶尔做个被带飞的乘客理好心绪拍拍尘土爷再回来  ,True,False,正手用了蝴蝶没用狂飙是吗 || 他用8次一单两分萨尔挺进决赛 樊振东是福星再一次认证近朱者赤我们就要拿冠军没有谁不喜欢冠军我们是冠军 恭喜萨尔欧冠四连冠恭喜樊振东继德国杯冠后再添一冠 五月底德甲再来  继续为他们加油,3
5299833487494104,樊振东采访说的是自己发挥正常，决赛采访说发挥不好#樊振东说在欧冠学到了很多#央视转播就让樊振东压力大了？樊振东爱国跟自己较劲儿？这有点牵强附会了一些，其实我觉得这些都不重要，比赛就有输赢，输了就输了，最后队友给力，冠军还是他的，运气也是实力的一部分啊#吴敬平谈樊振东欧冠失利# 体育说是圈的微博视频  ,1779091032,2026-05-18 07:57:12+08:00,278,49,5,1779080478509,https://m.weibo.cn/detail/5299833487494104,四川,3911901482,体育说是圈,f,https://m.weibo.cn/u/3911901482?launchid=10000360-page_H5,"https://tvax1.sinaimg.cn/crop.0.0.1080.1080.180/e92ae12aly8hcb36xim6lj20u00u0dnm.jpg?KID=imgbed,tva&Expires=1779091254&ssig=%2BcEAni7wja",吴敬平谈樊振东欧冠失利,search_contents_2026-05-18.csv,search_post,,樊振东采访说的是自己发挥正常决赛采访说发挥不好央视转播就让樊振东压力大了樊振东爱国跟自己较劲儿这有点牵强附会了一些其实我觉得这些都不重要比赛就有输赢输了就输了最后队友给力冠军还是他的运气也是实力的一部分啊 体育说是圈的微博视频  ,True,False,央视转播打各种比赛也不是第一次和之前国际赛事比算什么压力要么对手打的太好要么自己没有放开本来竞技比赛就一切皆有可能 || 感觉像变了一个人给我看沉默了 || 我觉得不需要出来给他找各种理由反而有点牵强附会了输了就输了那又怎样呢,3
5299844310894282,【#吴敬平说有了输赢都行的超级体验#】5月18日，@吴敬平教练 晒出收看@樊振东 欧冠决赛照片，并配文：闪电⚡️观球：终于有了赢了行，输了也行的超级体验。 #吴敬平谈樊振东欧冠失利# ,1779093613,2026-05-18 08:40:13+08:00,236,46,6,1779080478512,https://m.weibo.cn/detail/5299844310894282,,1845864154,看看新闻Knews,m,https://m.weibo.cn/u/1845864154?launchid=10000360-page_H5,"https://tvax2.sinaimg.cn/crop.0.0.410.410.180/6e05a6daly1h8vg7kmg7ej20be0bemxf.jpg?KID=imgbed,tva&Expires=1779091254&ssig=1MABi19k4O",吴敬平谈樊振东欧冠失利,search_contents_2026-05-18.csv,search_post,,5月18日 晒出收看 欧冠决赛照片并配文闪电观球终于有了赢了行输了也行的超级体验  ,True,False,敢赢不怕输永远期待樊振东每一个赛场永远支持樊振东 || 又不是代表咱国家输赢都ok开心打球 || 希望他的代言人看到国家队的人输了也能有这样的发言,3
5299852281122299,#吴敬平谈樊振东欧冠失利#一个人在异国他乡，拼尽全力不留遗憾，樊振东很棒！期待下次的精彩表现 ,1779095513,2026-05-18 09:11:53+08:00,150,61,0,1779080478513,https://m.weibo.cn/detail/5299852281122299,甘肃,7890111664,哈鲁米kiyoi,f,https://m.weibo.cn/u/7890111664?launchid=10000360-page_H5,"https://tvax4.sinaimg.cn/crop.0.0.1024.1024.180/008BY6tyly8iaxcq2y317j30sg0sgjth.jpg?KID=imgbed,tva&Expires=1779091254&ssig=FOZdz1ZD%2Fh",吴敬平谈樊振东欧冠失利,search_contents_2026-05-18.csv,search_post,,一个人在异国他乡拼尽全力不留遗憾樊振东很棒期待下次的精彩表现 ,True,False,你觉得樊振东表现怎么样 || 樊振东敢赢不怕输总结经验就是了天生冠军命 || 努力了就不算遗憾,3
5299856369256425,#樊振东欧冠冠军# 圆满之人，拥有输球的自由。东哥不“在路上”，他只是秉持对自我的高要求，借一切赛果观照与成长。#吴敬平谈樊振东欧冠失利# ,1779096488,2026-05-18 09:28:08+08:00,406,14,7,1779080478514,https://m.weibo.cn/detail/5299856369256425,河南,1060387602,平原跑马,m,https://m.weibo.cn/u/1060387602?launchid=10000360-page_H5,"https://tvax3.sinaimg.cn/crop.0.0.300.300.180/3f343b12ly8hwdnk8ffm5j208c08c3yo.jpg?KID=imgbed,tva&Expires=1779091254&ssig=6Tm7ZSsZIQ",吴敬平谈樊振东欧冠失利,search_contents_2026-05-18.csv,search_post,, 圆满之人拥有输球的自由东哥不在路上他只是秉持对自我的高要求借一切赛果观照与成长 ,True,False,图片评论 查看图片 || 敢赢不怕输不打就不会输既然樊振东在被逼退的前提下选择继续打球就有输球的心理准备球迷也不会因为一场输球而失落还是那句樊振东在队友状态不佳的时候8场一单两分率队进决赛今天状态不佳的时候有队友一起夺得冠军这就是团队的意义啊恭喜萨尔布吕肯,3
5299839281659928,【#吴敬平说樊振东有了超级体验# 】#吴敬平回应樊振东欧冠冠军# 欧冠决赛落幕，萨尔布吕肯以3-2击败蒙彼利埃，完成欧冠四连冠的伟业，樊振东也收获了本赛季的第二座冠军（德国杯冠军）#吴敬平谈樊振东欧冠失利# 5月18日，@吴敬平教练 晒出屏幕前观赛照片，发文：终于有了赢了行，输了也行的超级体验。  ,1779092413,2026-05-18 08:20:13+08:00,184,8,3,1779080478515,https://m.weibo.cn/detail/5299839281659928,,6418480627,星视频,m,https://m.weibo.cn/u/6418480627?luicode=20000061&lfid=5299839281659928&launchid=10000360-page_H5,"https://tvax1.sinaimg.cn/crop.0.0.600.600.180/0070ni15ly8hcmk65avs5j30go0godgt.jpg?KID=imgbed,tva&Expires=1779091261&ssig=6l%2FPGkeUwG",吴敬平谈樊振东欧冠失利,search_contents_2026-05-18.csv,search_post,,  欧冠决赛落幕萨尔布吕肯以32击败蒙彼利埃完成欧冠四连冠的伟业樊振东也收获了本赛季的第二座冠军德国杯冠军 5月18日 晒出屏幕前观赛照片发文终于有了赢了行输了也行的超级体验  ,True,False,太对了赢了行输了也行不受任何人限制 || 尽全力挽尊丢大发了,3
5299856211183452,【#广西柳州地震已致2人死亡#】#广西柳州地震2死1失联# 5月18日0时21分，广西柳州市柳南区发生5.2级地震，震源深度8千米。记者从柳州市相关部门了解到，地震已致2人死亡，1人失联。地震发生后，柳州市抗震救灾指挥部第一时间启动应急响应，迅速统筹应急、消防、公安等部门开展人员搜救和群众转移工作，对辖区房屋建筑安全、供水供电系统、交通干道、桥梁、矿山及地质灾害隐患点开展拉网式全面排查。接下来将密切监测余震活动及灾情动态，加快受损设施应急抢修，及时做好群众转移安置和安抚工作，全面保障群众生活，坚决保护群众生命财产安全。（记者：农冠斌、杨驰） 新华社的微博视频,1779096450,2026-05-18 09:27:30+08:00,7431,1386,940,1779080555136,https://m.weibo.cn/detail/5299856211183452,,1699432410,新华社,m,https://m.weibo.cn/u/1699432410?luicode=20000061&lfid=5299856211183452&launchid=10000360-page_H5,"https://tvax2.sinaimg.cn/crop.58.61.875.875.180/001R0E0aly8h8vg6xx3srj60rs0rsdko02.jpg?KID=imgbed,tva&Expires=1779091335&ssig=K%2FwJvvCaa6",广西柳州地震已致2人死亡,search_contents_2026-05-18.csv,search_post,, 5月18日0时21分广西柳州市柳南区发生52级地震震源深度8千米记者从柳州市相关部门了解到地震已致2人死亡1人失联地震发生后柳州市抗震救灾指挥部第一时间启动应急响应迅速统筹应急消防公安等部门开展人员搜救和群众转移工作对辖区房屋建筑安全供水供电系统交通干道桥梁矿山及地质灾害隐患点开展拉网式全面排查接下来将密切监测余震活动及灾情动态加快受损设施应急抢修及时做好群众转移安置和安抚工作全面保障群众生活坚决保护群众生命财产安全记者农冠斌杨驰 新华社的微博视频,True,False,希望救援工作进展顺利愿逝者安息 || 震级虽然不算很大但震源深度浅也会造成足够大的破坏力,1
5299875245457417,【柳州：居民家中#监控拍下柳州地震瞬间画面# 】5月18日0时21分，广西柳州市柳南区发生5.2级地震，震源深度8千米。这是广西柳州市柳南区太阳村镇居民家中监控拍摄到的地震视频。#广西柳州地震已致2人死亡# 新华社的微博视频 ,1779100987,2026-05-18 10:43:07+08:00,5730,548,655,1779080555141,https://m.weibo.cn/detail/5299875245457417,,1699432410,新华社,m,https://m.weibo.cn/u/1699432410?launchid=10000360-page_H5,"https://tvax2.sinaimg.cn/crop.58.61.875.875.180/001R0E0aly8h8vg6xx3srj60rs0rsdko02.jpg?KID=imgbed,tva&Expires=1779091334&ssig=rIzSmmvDh6",广西柳州地震已致2人死亡,search_contents_2026-05-18.csv,search_post,,柳州居民家中 5月18日0时21分广西柳州市柳南区发生52级地震震源深度8千米这是广西柳州市柳南区太阳村镇居民家中监控拍摄到的地震视频 新华社的微博视频 ,True,False,妈呀愿大家平安 || 太让人痛心了希望救援人员平安也希望受影响的人都好好的 || 摇摆的好厉害愿平安,1
5299868214241175,【#亲历者回应柳州地震时整栋楼都在晃#有人拿帐篷在广场睡】#柳州地震有人连夜开车回南宁桂林# 5月18日，广西柳州发生5.2级地震，地震亲历者讲述目前情况：“有人拿帐篷在广场睡，市民连夜疏散，有人开车回南宁桂林等，加油站车比较多，停工停产这方面并未有太大影响”。#柳州地震多地有明显震感# 第一现场的微博视频  ,1779099312,2026-05-18 10:15:12+08:00,260,56,42,1779080555147,https://m.weibo.cn/detail/5299868214241175,,1789681642,第一现场,m,https://m.weibo.cn/u/1789681642?launchid=10000360-page_H5,"https://tvax3.sinaimg.cn/crop.0.0.1080.1080.180/6aac5fealy8i1pd5xbxk3j20u00u0q3a.jpg?KID=imgbed,tva&Expires=1779091334&ssig=nRkiTODRF4",广西柳州地震已致2人死亡,search_contents_2026-05-18.csv,search_post,,有人拿帐篷在广场睡 5月18日广西柳州发生52级地震地震亲历者讲述目前情况有人拿帐篷在广场睡市民连夜疏散有人开车回南宁桂林等加油站车比较多停工停产这方面并未有太大影响 第一现场的微博视频  ,True,False,柳州此次地震有何特点 || 不经常地震的地方房屋建筑时没有考虑这方面,1
5299864318512603,#广西柳州地震已致2人死亡# 5.2级，凌晨突发，目前已有人员伤亡和失联……这应该是今年国内比较严重的一次地震了。天灾来得猝不及防，但救援没有停过——应急、消防、公安各部门连夜出动。希望每一个失联的人都能平安找到。#柳州再次发生3.3级地震#天灾无情人有情，愿柳州的朋友们都能平平安安。#微博跨域计划#,1779098383,2026-05-18 09:59:43+08:00,215,38,36,1779080555155,https://m.weibo.cn/detail/5299864318512603,河南,6001317383,战营,m,https://m.weibo.cn/u/6001317383?luicode=20000061&lfid=5299864318512603&launchid=10000360-page_H5,"https://tvax3.sinaimg.cn/crop.0.0.1080.1080.180/006y8UNFly8i3iobp0j1lj30u00u0tcl.jpg?KID=imgbed,tva&Expires=1779091338&ssig=YsjsvVKr3L",广西柳州地震已致2人死亡,search_contents_2026-05-18.csv,search_post,, 52级凌晨突发目前已有人员伤亡和失联这应该是今年国内比较严重的一次地震了天灾来得猝不及防但救援没有停过应急消防公安各部门连夜出动希望每一个失联的人都能平安找到天灾无情人有情愿柳州的朋友们都能平平安安,True,False,连夜救援太拼了希望一切安好 || 感谢各位救援人员拼命抢险救灾,1
5299867521908964,#广西柳州地震已致2人死亡#监控视角下，地震真的很突然而且00点21分地震，这个点大部分人都已经休息了，还在这么多年，大家已经对地震非常敏感和有预防了 ,1779099146,2026-05-18 10:12:26+08:00,93,12,6,1779080555162,https://m.weibo.cn/detail/5299867521908964,江苏,1858678862,吴楠小姐姐,f,https://m.weibo.cn/u/1858678862?launchid=10000360-page_H5,"https://tvax2.sinaimg.cn/crop.0.0.1080.1080.180/6ec9304egy1i96y05ijicj20u00u0q6d.jpg?KID=imgbed,tva&Expires=1779091334&ssig=RuKEvClhVG",广西柳州地震已致2人死亡,search_contents_2026-05-18.csv,search_post,,监控视角下地震真的很突然而且00点21分地震这个点大部分人都已经休息了还在这么多年大家已经对地震非常敏感和有预防了 ,True,False,平安最重要,1
5299881333753018,💠天呐！怎么突然会有5.2级的地震！看视频上震感超级明显，能感受到非常明显的震动，好可怕！本来准备这周去柳州旅游呢，这下也不敢去了，柳州的朋友要注意安全，提前防备啊！#广西柳州地震已致2人死亡##柳州地震致一对夫妻遇难# 迷人HAS高小美的微博视频 ,1779102440,2026-05-18 11:07:20+08:00,66,15,12,1779080555169,https://m.weibo.cn/detail/5299881333753018,河南,7306455313,迷人HAS高小美,f,https://m.weibo.cn/u/7306455313?launchid=10000360-page_H5,"https://tvax2.sinaimg.cn/crop.0.0.1023.1023.180/007Yt8Nrly8h9kjsynvejj30sg0sfgof.jpg?KID=imgbed,tva&Expires=1779091334&ssig=HKaKj5w5fM",广西柳州地震已致2人死亡,search_contents_2026-05-18.csv,search_post,,天呐怎么突然会有52级的地震看视频上震感超级明显能感受到非常明显的震动好可怕本来准备这周去柳州旅游呢这下也不敢去了柳州的朋友要注意安全提前防备啊 迷人HAS高小美的微博视频 ,True,False,怎么提前预防 || 没遇上就还好,1
5299863344385188,#广西柳州地震已致2人死亡#5月18日00:21，柳州柳南区5.2级地震，已致2人遇难、1人失联，13栋房屋倒塌，7000余人紧急转移。今早07:41，同一区域再发3.3级余震，震感强烈。愿救援顺利，失联者平安，🙏#柳州再次发生3.3级地震# ,1779098151,2026-05-18 09:55:51+08:00,119,2,0,1779080555176,https://m.weibo.cn/detail/5299863344385188,河北,5347708116,体界小宇宙,f,https://m.weibo.cn/u/5347708116?launchid=10000360-page_H5,"https://tvax1.sinaimg.cn/crop.0.0.1080.1080.180/005PUraIly8iccfmobzykj30u00u0djd.jpg?KID=imgbed,tva&Expires=1779091334&ssig=WWH5VK1Sge",广西柳州地震已致2人死亡,search_contents_2026-05-18.csv,search_post,,5月18日0021柳州柳南区52级地震已致2人遇难1人失联13栋房屋倒塌7000余人紧急转移今早0741同一区域再发33级余震震感强烈愿救援顺利失联者平安 ,True,False,愿平安无事,1
5299592153532638,【#毛巾少爷更新动态与二叔共同出镜#】#毛巾少爷更新动态未回应近期争议#5月17日，洁丽雅深陷舆论风波后，毛巾少爷社交平台更新一条视频，其与二叔石晶共同出镜，两人对话依旧相爱相杀，未回应近期争议。而其评论区不少网友仍在喊话毛巾少爷，账号去二叔化。近日洁丽雅40周年庆典在社交平台引发舆论风波。网友们扒出股权结构图、家庭成员关系传闻等，让这场品牌庆典变成全网围观的豪门故事会。据悉，毛巾少爷近30日带货超500万元，名下直投1家公司，实控人系其二叔。 #洁丽雅 毛巾少爷# 潇湘晨报的微博视频,1779033494,2026-05-17 15:58:14+08:00,3563,239,46,1779080624403,https://m.weibo.cn/detail/5299592153532638,,1655444627,潇湘晨报,m,https://m.weibo.cn/u/1655444627?luicode=20000061&lfid=5299592153532638&launchid=10000360-page_H5,"https://tvax4.sinaimg.cn/crop.0.0.826.826.180/001O24LNly8h8viu4nck1j60my0myq3m02.jpg?KID=imgbed,tva&Expires=1779091411&ssig=jDNHjg9Ky2",毛巾少爷更新动态与二叔共同出镜,search_contents_2026-05-18.csv,search_post,,5月17日洁丽雅深陷舆论风波后毛巾少爷社交平台更新一条视频其与二叔石晶共同出镜两人对话依旧相爱相杀未回应近期争议而其评论区不少网友仍在喊话毛巾少爷账号去二叔化近日洁丽雅40周年庆典在社交平台引发舆论风波网友们扒出股权结构图家庭成员关系传闻等让这场品牌庆典变成全网围观的豪门故事会据悉毛巾少爷近30日带货超500万元名下直投1家公司实控人系其二叔  潇湘晨报的微博视频,True,False,而其评论区不少网友仍在喊话毛巾少爷账号去二叔化 || 近日洁丽雅40周年庆典在社交平台引发舆论风波网友们扒出股权结构图家庭成员关系传闻等让这场品牌庆典变成全网围观的豪门故事会 || 5月17日洁丽雅深陷舆论风波后毛巾少爷社交平台更新一条视频其与二叔石晶共同出镜两人对话依旧相爱相杀未回应近期争议,0
5299838887399230,#毛巾少爷更新动态与二叔共同出镜#哈哈，二叔说毛巾少爷刚生出来长得像老鼠少爷说二叔小时候有眉毛现在没了毛巾少爷和二叔的相爱相杀豪门里面还相处得这么好真是少见啊#微博二创视频创作季# 天涯散养日志的微博视频 ,1779092320,2026-05-18 08:18:40+08:00,267,90,6,1779080624417,https://m.weibo.cn/detail/5299838887399230,广东,6858078050,天涯散养日志,f,https://m.weibo.cn/u/6858078050?launchid=10000360-page_H5,"https://tvax2.sinaimg.cn/crop.0.0.434.434.180/007u7No6ly8i2zo7ldpmcj30c20c23z7.jpg?KID=imgbed,tva&Expires=1779091410&ssig=Vxw6mbEXoX",毛巾少爷更新动态与二叔共同出镜,search_contents_2026-05-18.csv,search_post,,哈哈二叔说毛巾少爷刚生出来长得像老鼠少爷说二叔小时候有眉毛现在没了毛巾少爷和二叔的相爱相杀豪门里面还相处得这么好真是少见啊 天涯散养日志的微博视频 ,True,False,这个毛巾二叔长得还挺帅的 || 这种关系好的挺多的吧赌王家庭特朗普家庭 || 真的太搞笑了,0
5299863274393228,#毛巾少爷更新动态与二叔共同出镜#相爱相杀一说拉练吓的一激灵#一分钟精选视频扶持计划##微博二创视频创作季# Loo-鹿鹿的微博视频 ,1779098134,2026-05-18 09:55:34+08:00,373,38,7,1779080624424,https://m.weibo.cn/detail/5299863274393228,四川,2200546715,Loo-鹿鹿,f,https://m.weibo.cn/u/2200546715?launchid=10000360-page_H5,"https://tvax4.sinaimg.cn/crop.0.0.1080.1080.180/8329ad9bly8g0ivhbz48hj20u00u0wgg.jpg?KID=imgbed,tva&Expires=1779091410&ssig=KFVG8lSZBp",毛巾少爷更新动态与二叔共同出镜,search_contents_2026-05-18.csv,search_post,,相爱相杀一说拉练吓的一激灵 Loo鹿鹿的微博视频 ,True,False,这个节目叫什么名字啊 || 什么节目呀 || 合着二叔就是行走的闹钟,0
5299842830304014,毛巾少爷跟二叔真的是相爱相杀啊，前脚刚说想让二叔流放20年，转头又共同出镜了，莫名磕上了咋回事#毛巾少爷更新动态与二叔共同出镜##微博二创视频创作季##一分钟精选视频扶持计划# 是喜欢夏天的夏天呀的微博视频 ,1779093260,2026-05-18 08:34:20+08:00,148,30,0,1779080624432,https://m.weibo.cn/detail/5299842830304014,湖北,7873910821,是喜欢夏天的夏天呀,f,https://m.weibo.cn/u/7873910821?launchid=10000360-page_H5,"https://tvax3.sinaimg.cn/crop.0.0.900.900.180/008AS7TDly8hibhufosgzj30p00p0gou.jpg?KID=imgbed,tva&Expires=1779091410&ssig=61uNkNDMFr",毛巾少爷更新动态与二叔共同出镜,search_contents_2026-05-18.csv,search_post,,毛巾少爷跟二叔真的是相爱相杀啊前脚刚说想让二叔流放20年转头又共同出镜了莫名磕上了咋回事 是喜欢夏天的夏天呀的微博视频 ,True,False,大家都在吃他家的瓜 || 真的是相爱相杀呀 || 确实莫名磕上了,0
5299843955427216,#毛巾少爷更新动态与二叔共同出镜# 毛巾少爷和二叔同框了，但争议半句话没回应。40周年庆的家族合照都扒成筛子了，网友喊着“去二叔化”，他倒好，继续演相爱相杀的戏码。豪门剧本是流量密码，可真到现实里的权力格局，连一句澄清都没有 玫瑰泠的微博视频 ,1779093528,2026-05-18 08:38:48+08:00,124,21,4,1779080624436,https://m.weibo.cn/detail/5299843955427216,青海,7813950653,玫瑰泠,f,https://m.weibo.cn/u/7813950653?launchid=10000360-page_H5,"https://tvax1.sinaimg.cn/crop.0.0.1080.1080.180/008wOxw9ly8id7goh50xnj30u00u077o.jpg?KID=imgbed,tva&Expires=1779091410&ssig=3%2FhSZHEhBc",毛巾少爷更新动态与二叔共同出镜,search_contents_2026-05-18.csv,search_post,, 毛巾少爷和二叔同框了但争议半句话没回应40周年庆的家族合照都扒成筛子了网友喊着去二叔化他倒好继续演相爱相杀的戏码豪门剧本是流量密码可真到现实里的权力格局连一句澄清都没有 玫瑰泠的微博视频 ,True,False,少爷跟二叔你们更喜欢谁 || 评论区喊去二叔化你看不见 || 两个我都不怎么喜欢,0
5299910333174455,#毛巾少爷更新动态与二叔共同出镜# 爷和爹娶姐妹俩…要是原配还情有可原，结果不是 ,1779109354,2026-05-18 13:02:34+08:00,0,0,0,1779080624442,https://m.weibo.cn/detail/5299910333174455,黑龙江,1230442654,心竹尘香,f,https://m.weibo.cn/u/1230442654?launchid=10000360-page_H5,"https://tvax3.sinaimg.cn/crop.0.0.1080.1080.180/4957109ely8hh10st61luj20u00u0tb6.jpg?KID=imgbed,tva&Expires=1779091410&ssig=ezOto8tGiE",毛巾少爷更新动态与二叔共同出镜,search_contents_2026-05-18.csv,search_post,, 爷和爹娶姐妹俩要是原配还情有可原结果不是 ,True,False,,0
5299909071998015,#毛巾少爷更新动态与二叔共同出镜#没用的东西，自己创业打工都行，非得与垃圾为伍。 ,1779109053,2026-05-18 12:57:33+08:00,0,0,0,1779080624446,https://m.weibo.cn/detail/5299909071998015,广东,1190910793,老酒_玘,f,https://m.weibo.cn/u/1190910793?launchid=10000360-page_H5,"https://tvax1.sinaimg.cn/crop.0.0.750.750.180/46fbdb49ly8gdioawyv7zj20ku0kuac0.jpg?KID=imgbed,tva&Expires=1779091410&ssig=h1IGPymjhy",毛巾少爷更新动态与二叔共同出镜,search_contents_2026-05-18.csv,search_post,,没用的东西自己创业打工都行非得与垃圾为伍 ,True,False,,0
5299908850487389,其评论区不少网友仍在喊话毛巾少爷账号去二叔化#毛巾少爷更新动态与二叔共同出镜#流量为王方式无所谓 ,1779109000,2026-05-18 12:56:40+08:00,0,0,0,1779080624451,https://m.weibo.cn/detail/5299908850487389,江苏,2870760062,大大大杜挤眼,f,https://m.weibo.cn/u/2870760062?launchid=10000360-page_H5,"https://tvax2.sinaimg.cn/crop.0.0.996.996.180/ab1c527ely8fn0a12ohhzj20ro0rotar.jpg?KID=imgbed,tva&Expires=1779091410&ssig=OawiTT0aEf",毛巾少爷更新动态与二叔共同出镜,search_contents_2026-05-18.csv,search_post,,其评论区不少网友仍在喊话毛巾少爷账号去二叔化流量为王方式无所谓 ,True,False,,0
5299888980231344,黄金白银上涨后转跌，今日国内最高金价1003，最低987，白银17，现货黄金失守4500美元，金饰价格跌到1383元，大家觉得黄金这轮大跌能买吗？#黄金##黄金白银上涨# ,1779104263,2026-05-18 11:37:43+08:00,101,14,0,1779080725957,https://m.weibo.cn/detail/5299888980231344,广东,7553752404,在圈里收瓜,f,https://m.weibo.cn/u/7553752404?launchid=10000360-page_H5,"https://tvax4.sinaimg.cn/crop.0.0.1045.1045.180/008fcM4cly8hc7mi1eg1pj30t10t1acm.jpg?KID=imgbed,tva&Expires=1779091512&ssig=DlgvLULVFp",黄金白银上涨,search_contents_2026-05-18.csv,search_post,,黄金白银上涨后转跌今日国内最高金价1003最低987白银17现货黄金失守4500美元金饰价格跌到1383元大家觉得黄金这轮大跌能买吗 ,True,False,大家觉得黄金这轮大跌能买吗 || 今日金价 || 跌的挺狠啊,2
5299895229486781,#黄金白银上涨# 买家张俊：支书，黄金白银上涨了！谯华：昨天刚说金价崩了，今天又说涨了？买家张俊：是啊，你手上的金表也跟着涨了吧！谯华：涨个毛，金价刚刚又冲高回落了。买家张俊：我去！这真是猴市啊，上蹿下跳的！#金饰价格跌到1383元##黄金##AI创造营##微博AI创作季# 买家张俊的微博视频,1779105753,2026-05-18 12:02:33+08:00,41,16,7,1779080725962,https://m.weibo.cn/detail/5299895229486781,湖北,2661992301,买家张俊,m,https://m.weibo.cn/u/2661992301?luicode=20000061&lfid=5299895229486781&launchid=10000360-page_H5,"https://tvax2.sinaimg.cn/crop.0.0.1002.1002.180/9eaac76dly8gdik4zl7dsj20ru0rutch.jpg?KID=imgbed,tva&Expires=1779091515&ssig=iaKtJpNCeN",黄金白银上涨,search_contents_2026-05-18.csv,search_post,, 买家张俊支书黄金白银上涨了谯华昨天刚说金价崩了今天又说涨了买家张俊是啊你手上的金表也跟着涨了吧谯华涨个毛金价刚刚又冲高回落了买家张俊我去这真是猴市啊上蹿下跳的 买家张俊的微博视频,True,False,金价波动是机遇把握当下创收益 || 当头棒喝金价的起起伏伏不如一根烟搭的云梯搭上去是井壁篝火也是假的注浙江俚语涨得可以摸摸头之韵变体 || 面对金市的波动我们需要有应对之策,2
5299884303322579,#黄金白银上涨#黄金白银真的起起伏伏的，都来看一看 兔兔草莓酱JC-T的微博视频 ,1779103148,2026-05-18 11:19:08+08:00,69,11,0,1779080725967,https://m.weibo.cn/detail/5299884303322579,山东,5566686912,兔兔草莓酱JC-T,f,https://m.weibo.cn/u/5566686912?launchid=10000360-page_H5,"https://tvax2.sinaimg.cn/crop.0.0.1024.1024.180/0064JfyMly8i8dsoaile0j30sg0sgwfo.jpg?KID=imgbed,tva&Expires=1779091512&ssig=wwXLd6IdN7",黄金白银上涨,search_contents_2026-05-18.csv,search_post,,黄金白银真的起起伏伏的都来看一看 兔兔草莓酱JCT的微博视频 ,True,False,,2
5293689300582890,黄金白银等外围都涨了，生物科技也涨了。 ,1777626144,2026-05-01 09:02:24+08:00,206,16,0,1779080725972,https://m.weibo.cn/detail/5293689300582890,浙江,3612749480,山人I,m,https://m.weibo.cn/u/3612749480?launchid=10000360-page_H5,"https://tvax4.sinaimg.cn/crop.0.0.534.534.180/d7562ea8ly8i5slgnw4psj20eu0eujs1.jpg?KID=imgbed,tva&Expires=1779091512&ssig=uXETRjUZJt",黄金白银上涨,search_contents_2026-05-18.csv,search_post,,黄金白银等外围都涨了生物科技也涨了 ,True,False,好的是今天还要涨 || 你赢了欠三个主升浪,2
5299884314068640,#黄金白银上涨#美元小幅抬升压制金价 白银逆势走强金银以外面目前状态看，略有抛压，形态略微开始偏南下了，运气好的话会在这个区间震荡一下。gcmain看看对5月4日左右区块的测试结果吧。白银simain看看左侧72关口订单块对价格反应，运气好会得到支撑并震荡，运气不好会继续寻底。#黄金# ,1779103150,2026-05-18 11:19:10+08:00,50,14,0,1779080725980,https://m.weibo.cn/detail/5299884314068640,北京,7521455728,鱼鱼味汤圆,f,https://m.weibo.cn/u/7521455728?launchid=10000360-page_H5,"https://tvax2.sinaimg.cn/crop.0.0.1080.1080.180/008d1ge4ly8id63l0qi4ej30u00u0jvy.jpg?KID=imgbed,tva&Expires=1779091512&ssig=IgTtvXYkEH",黄金白银上涨,search_contents_2026-05-18.csv,search_post,,美元小幅抬升压制金价 白银逆势走强金银以外面目前状态看略有抛压形态略微开始偏南下了运气好的话会在这个区间震荡一下gcmain看看对5月4日左右区块的测试结果吧白银simain看看左侧72关口订单块对价格反应运气好会得到支撑并震荡运气不好会继续寻底 ,True,False,你要不要购入 || 怎么又开始了,2
5299896101900113,#黄金白银上涨##金价# 都说跌了跌了，最后不还是涨了，黄金白银上涨后转跌，今日国内最高金价1003，最低987，白银17，现货黄金失守4500美元，金饰价格跌到1383元，到底该不该入手？多樂的微博视频 ,1779105961,2026-05-18 12:06:01+08:00,50,32,11,1779080725987,https://m.weibo.cn/detail/5299896101900113,安徽,5939204645,多樂,f,https://m.weibo.cn/u/5939204645?launchid=10000360-page_H5,"https://tvax2.sinaimg.cn/crop.0.0.1080.1080.180/006tWirjly8gq0mxkkkbxj30u00u0wgt.jpg?KID=imgbed,tva&Expires=1779091512&ssig=GRn3Op%2FdUR",黄金白银上涨,search_contents_2026-05-18.csv,search_post,, 都说跌了跌了最后不还是涨了黄金白银上涨后转跌今日国内最高金价1003最低987白银17现货黄金失守4500美元金饰价格跌到1383元到底该不该入手多樂的微博视频 ,True,False,这真是起伏不定呀,2
5281224642790802,今晚尽管石油又过百了，但黄金白银非常强劲 ,1774654338,2026-03-27 23:32:18+08:00,348,45,27,1779080725993,https://m.weibo.cn/detail/5281224642790802,中国香港,2635695961,老曾阿牛,m,https://m.weibo.cn/u/2635695961?launchid=10000360-page_H5,"https://tva3.sinaimg.cn/crop.64.17.441.441.180/9d198759jw1el142mob3yj20j60eedle.jpg?KID=imgbed,tva&Expires=1779091512&ssig=qP2wHGyWoZ",黄金白银上涨,search_contents_2026-05-18.csv,search_post,,今晚尽管石油又过百了但黄金白银非常强劲 ,True,False,我们普通散户都被震得头晕目眩难受死可以想象私募大佬们的承受忍耐力比普通人强N倍 || 担心油价过高持有黄金的国家受不了 || 油涨金涨这是为什么啊,2
5299883273622773,#白鹿周翊然方辟谣恋情##白鹿周翊然均为单身状态# 18日，有八卦媒体#曝周翊然回白鹿小区#，引发恋情猜测。刚刚，@白鹿资讯站 回应，称“网传内容存在误导，当天仅为正常朋友聚餐”，表示白鹿目前单身。随后@周翊然Studio 也回应，表示纯属好友日常聚餐，艺人处于单身状态。 ,1779102902,2026-05-18 11:15:02+08:00,615,49,14,1779080789317,https://m.weibo.cn/detail/5299883273622773,,1642591402,新浪娱乐,m,https://m.weibo.cn/u/1642591402?launchid=10000360-page_H5,"https://tvax2.sinaimg.cn/crop.0.0.440.440.180/001Na93Ily8ibrhmc4c40j60c80c8q3i02.jpg?KID=imgbed,tva&Expires=1779091582&ssig=IGNeUzPIay",白鹿周翊然方辟谣恋情,search_contents_2026-05-18.csv,search_post,, 18日有八卦媒体引发恋情猜测刚刚 回应称网传内容存在误导当天仅为正常朋友聚餐表示白鹿目前单身随后 也回应表示纯属好友日常聚餐艺人处于单身状态 ,True,False,工作结束正常聚餐期待白鹿莫离 || 预约翘楚期待周翊然谢燕来 || 正常朋友聚餐 白鹿没惹,0
5299896968283994,莫离翘楚对打，莫离女主和翘楚男主在播前拍mv路透被拍、一方把头像换成两人出外景时拍的照片、私下聚餐被狗仔拍再出来辟谣恋情，混内娱这么久从来没见过这种骚操作，有一种我完蛋了你也别想好的感觉，还有一种打不过你膈应不死你的感觉 #曝周翊然回白鹿小区# ,1779106167,2026-05-18 12:09:27+08:00,2366,139,8,1779080789333,https://m.weibo.cn/detail/5299896968283994,广东,8451251981,如此多娇娇i,f,https://m.weibo.cn/u/8451251981?launchid=10000360-page_H5,"https://tvax1.sinaimg.cn/crop.0.0.994.994.180/009dWAHPly8ibv59wcbeqj30rm0rm40x.jpg?KID=imgbed,tva&Expires=1779091582&ssig=8WjJV3naEl",白鹿周翊然方辟谣恋情,search_contents_2026-05-18.csv,search_post,,莫离翘楚对打莫离女主和翘楚男主在播前拍mv路透被拍一方把头像换成两人出外景时拍的照片私下聚餐被狗仔拍再出来辟谣恋情混内娱这么久从来没见过这种骚操作有一种我完蛋了你也别想好的感觉还有一种打不过你膈应不死你的感觉  ,True,False,好搭的两位想磕这么爱拍直接一起合作10部好吗 || 所以到底是不是真的啊 || 也不影响其实 就像雁回时 其实也没靠cp,0
5299887710146219,白鹿资讯站迅速辟谣，并再次强调白鹿单身，这就意味着不止这个造谣是假的，那些磕CP造谣白鹿和其他人的，也是假的。因为白鹿单身！单身！没想到一个黑热搜，反倒让白鹿粉丝更开心了！大家一起期待莫离！#曝周翊然回白鹿小区# ,1779103960,2026-05-18 11:32:40+08:00,481,11,3,1779080789340,https://m.weibo.cn/detail/5299887710146219,山东,5417283742,娱扒爹,m,https://m.weibo.cn/u/5417283742?launchid=10000360-page_H5,"https://tvax2.sinaimg.cn/crop.0.0.500.500.180/005UCmYely8hnvbmns2wsj30dw0dwglq.jpg?KID=imgbed,tva&Expires=1779091582&ssig=9RcPBvcfIz",白鹿周翊然方辟谣恋情,search_contents_2026-05-18.csv,search_post,,白鹿资讯站迅速辟谣并再次强调白鹿单身这就意味着不止这个造谣是假的那些磕CP造谣白鹿和其他人的也是假的因为白鹿单身单身没想到一个黑热搜反倒让白鹿粉丝更开心了大家一起期待莫离 ,True,False,吃瓜吃到自家这波是彻底火了不过辟谣速度满分白鹿小姐姐还是那个独立美丽的女子期待莫离希望剧情不要太虐啊 语音评论12quot || 让我们把白鹿单身四个字打在公屏上 || 白鹿单身不烫嘴,0
5299895741189088,#白鹿周翊然方辟谣恋情#原来是两人一起合作了MV，而且周翊然回的小区除了白鹿也有其他明星在住，看了路透感觉俩人挺有cp感的，什么时候合作一下？ ,1779105875,2026-05-18 12:04:35+08:00,272,44,9,1779080789344,https://m.weibo.cn/detail/5299895741189088,吉林,1966797013,晦涩悸_,f,https://m.weibo.cn/u/1966797013?launchid=10000360-page_H5,"https://tvax3.sinaimg.cn/crop.0.0.1080.1080.180/753af0d5ly8ibrql0qphfj20u00u0grr.jpg?KID=imgbed,tva&Expires=1779091582&ssig=bwlcKXdzh%2B",白鹿周翊然方辟谣恋情,search_contents_2026-05-18.csv,search_post,,原来是两人一起合作了MV而且周翊然回的小区除了白鹿也有其他明星在住看了路透感觉俩人挺有cp感的什么时候合作一下 ,True,False,是拍什么MV呀 || 白鹿好美呀,0
5299910972804805,用打游戏的心态体验人生，这都不是事儿~ 杨天真和严伯钧 探讨了如何把人生当成一场游戏来看待。杨天真说，生命的长度在宏观历史面前微不足道，所以我们唯一能掌控的，就是当下的意识。把每一刻当作打游戏的过程，把每一次得与失、快乐与痛苦都当作体验去收集，这样的人生才有意义。她强调，当你把体验设为目标时，生命中的每一个时刻都值得认真去“玩”，无论结果如何都是过程的一部分。不要害怕和受伤，每一次体验让你不断成长、积累智慧与力量。#视频播客开麦计划##微博视频播客开麦计划##白鹿周翊然方辟谣恋情#这位惨兮兮的女明星真的被造谣很多次，也已经【辟谣】很多次了单身！白鹿周翊然方辟谣恋情啦！！“目前为单身状态”是好友之间的正常聚餐！读书 我是庆王爷的微博视频,1779109506,2026-05-18 13:05:06+08:00,0,0,0,1779080789349,https://m.weibo.cn/detail/5299910972804805,河南,7738605316,我是庆王爷,m,https://m.weibo.cn/u/7738605316?luicode=20000061&lfid=5299910972804805&launchid=10000360-page_H5,"https://tvax3.sinaimg.cn/crop.0.0.844.844.180/008rIoKMly8htixfspg8cj30ng0ngq3v.jpg?KID=imgbed,tva&Expires=1779091582&ssig=uIk7WuKlMU",白鹿周翊然方辟谣恋情,search_contents_2026-05-18.csv,search_post,,用打游戏的心态体验人生这都不是事儿 杨天真和严伯钧 探讨了如何把人生当成一场游戏来看待杨天真说生命的长度在宏观历史面前微不足道所以我们唯一能掌控的就是当下的意识把每一刻当作打游戏的过程把每一次得与失快乐与痛苦都当作体验去收集这样的人生才有意义她强调当你把体验设为目标时生命中的每一个时刻都值得认真去玩无论结果如何都是过程的一部分不要害怕和受伤每一次体验让你不断成长积累智慧与力量这位惨兮兮的女明星真的被造谣很多次也已经辟谣很多次了单身白鹿周翊然方辟谣恋情啦目前为单身状态是好友之间的正常聚餐读书 我是庆王爷的微博视频,True,False,,0
5299910943703283,#白鹿周翊然方辟谣恋情#他们有什么交集吗 发生啥事了 我真的一脸懵吧 ,1779109498,2026-05-18 13:04:58+08:00,0,3,0,1779080789354,https://m.weibo.cn/detail/5299910943703283,河南,7785248431,狗卷酪猪包,f,https://m.weibo.cn/u/7785248431?launchid=10000360-page_H5,"https://tvax3.sinaimg.cn/crop.0.0.1080.1080.180/008uS6L5ly8i62jvyrnbyj30u00u0gmr.jpg?KID=imgbed,tva&Expires=1779091582&ssig=oyKmEy37Xo",白鹿周翊然方辟谣恋情,search_contents_2026-05-18.csv,search_post,,他们有什么交集吗 发生啥事了 我真的一脸懵吧 ,True,False,最好的生活不在别处它在我们的心间心安宁人生安好心恬淡岁月清雅心柔美日子馨香心有温暖所遇皆是温柔心怀希望未来可期 || 让我们善待生命中的缺点以宽容之心看自己以豁达之心微笑面对生活我们便会与欢乐相伴与幸福相随微小的缺点也是美的 || 笑对生活是一种态度善待人生是一种境界感恩拥有的一切珍惜身边的朋友享受每天的阳光快乐无忧地生活就是最美的时光感恩所有的遇见,0
5299910702273392,#白鹿周翊然方辟谣恋情#不吃瓜  欢迎来看周翊然的优酷新剧《翘楚》 ,1779109442,2026-05-18 13:04:02+08:00,0,0,0,1779080789361,https://m.weibo.cn/detail/5299910702273392,黑龙江,5392843928,chrishZR,f,https://m.weibo.cn/u/5392843928?launchid=10000360-page_H5,"https://tvax1.sinaimg.cn/crop.0.0.1080.1080.180/005SXP3Gly8i00kt891hmj30u00u0wfg.jpg?KID=imgbed,tva&Expires=1779091582&ssig=i3BpfJLYUD",白鹿周翊然方辟谣恋情,search_contents_2026-05-18.csv,search_post,,不吃瓜  欢迎来看周翊然的优酷新剧翘楚 ,True,False,,0
5299875791244231,跑男邯郸站18号，全员战国袍系列 白鹿 范丞丞 李昀锐 周柯宇 张真源 郑恺 丞磊#奔跑吧# ,1779101118,2026-05-18 10:45:18+08:00,235,21,4,1779080872681,https://m.weibo.cn/detail/5299875791244231,山东,1859230777,甜甜的剧甜甜追,f,https://m.weibo.cn/u/1859230777?launchid=10000360-page_H5,"https://tvax2.sinaimg.cn/crop.0.0.480.480.180/6ed19c39ly8hvto4fbxh4j20dc0dcjs0.jpg?KID=imgbed,tva&Expires=1779091665&ssig=Ub6s0FPYPL",奔跑吧战国袍造型,search_contents_2026-05-18.csv,search_post,,跑男邯郸站18号全员战国袍系列 白鹿 范丞丞 李昀锐 周柯宇 张真源 郑恺 丞磊 ,True,False,没有孟子义吗 || 白鹿这身好惊艳 || 漂亮 查看图片,0
5299878628693488,今天奔跑吧妆造是红衣战国袍诶，女神你太美了 ,1779101795,2026-05-18 10:56:35+08:00,366,57,49,1779080872686,https://m.weibo.cn/detail/5299878628693488,河南,7489669591,一碗麻姜,m,https://m.weibo.cn/u/7489669591?launchid=10000360-page_H5,"https://tvax2.sinaimg.cn/crop.0.0.1080.1080.180/008aRTcrly8ickib6zrjwj30u00u040e.jpg?KID=imgbed,tva&Expires=1779091665&ssig=qSAEJvrIK1",奔跑吧战国袍造型,search_contents_2026-05-18.csv,search_post,,今天奔跑吧妆造是红衣战国袍诶女神你太美了 ,True,False,红衣战袍太飒了白鹿姐姐这气场直接拉满 语音评论5quot,0
5299902986585812,#奔跑吧战国袍造型##张真源跑男战国袍造型##张真源奔跑吧##奔跑吧# 张真源今天跑男第二套造型来啦大家觉得怎么样？好乖啊！🥰一直和粉丝挥手～～ 补充点维生素C的微博视频 ,1779107602,2026-05-18 12:33:22+08:00,388,23,5,1779080872692,https://m.weibo.cn/detail/5299902986585812,四川,5719313502,补充点维生素C,m,https://m.weibo.cn/u/5719313502?launchid=10000360-page_H5,"https://tvax4.sinaimg.cn/crop.0.0.1080.1080.180/006f3EHYly8ibsvxyerjxj30u00u0jsl.jpg?KID=imgbed,tva&Expires=1779091665&ssig=jlVuDUsRSv",奔跑吧战国袍造型,search_contents_2026-05-18.csv,search_post,, 张真源今天跑男第二套造型来啦大家觉得怎么样好乖啊一直和粉丝挥手 补充点维生素C的微博视频 ,True,False,秒了时代峰峻的所有妆造 || 张真源身型气质太好了好长的腿 || 张真源能文能武又会读书又能打仗,0
5299894262433481,张真源 📍 奔跑吧｜ 邯郸 丛台公园🗓  20260518上古城楼提裙摆的姿势也太萌咯 @时代少年团-张真源  #张真源跑男战国袍造型##张真源奔跑吧# ,1779105522,2026-05-18 11:58:42+08:00,1049,78,195,1779080872698,https://m.weibo.cn/detail/5299894262433481,河北,2169457612,枕边语丨张真源,f,https://m.weibo.cn/u/2169457612?launchid=10000360-page_H5,"https://tvax3.sinaimg.cn/crop.0.0.1080.1080.180/814f4bccly8id6kgjj2sqj20u00u0ag2.jpg?KID=imgbed,tva&Expires=1779091665&ssig=bcoOYjuuzS",奔跑吧战国袍造型,search_contents_2026-05-18.csv,search_post,,张真源  奔跑吧 邯郸 丛台公园  20260518上古城楼提裙摆的姿势也太萌咯    ,True,False,抿着小嘴打招呼的张真源 || 好优雅的宝宝,0
5299892373162061,#奔跑吧战国袍造型#跑男邯郸路透🈶全员战国袍造型好养眼！古装造型真的太用心啦！浅浅的期待一下这期啦！#奔跑吧# ,1779105072,2026-05-18 11:51:12+08:00,2897,127,79,1779080872702,https://m.weibo.cn/detail/5299892373162061,山西,5039775130,蜀黍说娱乐,m,https://m.weibo.cn/u/5039775130?launchid=10000360-page_H5,"https://tvax1.sinaimg.cn/crop.0.0.600.600.180/005v4nJEly8h8v0yad6ygj60go0godhi02.jpg?KID=imgbed,tva&Expires=1779091665&ssig=01OKknzAsk",奔跑吧战国袍造型,search_contents_2026-05-18.csv,search_post,,跑男邯郸路透全员战国袍造型好养眼古装造型真的太用心啦浅浅的期待一下这期啦 ,True,False,战国袍造型绝了仿佛穿越回了那个风云变幻的时代 语音评论5quot || 为啥以前的嘉宾全是耳熟能详的现在的嘉宾全是无人认识的 || 张真源帅得好突出呀特别有气质,0
5299911538246824,#奔跑吧战国袍造型#期待张真源 ,1779109641,2026-05-18 13:07:21+08:00,0,0,0,1779080872706,https://m.weibo.cn/detail/5299911538246824,云南,7791244719,屿时記年,f,https://m.weibo.cn/u/7791244719?launchid=10000360-page_H5,"https://tvax1.sinaimg.cn/crop.0.0.960.960.180/008vhgFply8hxv5dgs4wgj30qo0qojtg.jpg?KID=imgbed,tva&Expires=1779091665&ssig=yPJUESMvNo",奔跑吧战国袍造型,search_contents_2026-05-18.csv,search_post,,期待张真源 ,True,False,,-1
5299911450171472,【#周翊然工作室辟谣恋情#】5月18日，话题#曝周翊然回白鹿小区#冲上热搜，引发网友关注热议。随后，白鹿资讯站与周翊然双方工作室正式辟谣恋情传闻，明确表示二人仅为好友聚餐且目前均为单身状态。#白鹿周翊然方辟谣恋情#白鹿（本名白梦妍），内地女演员，1994年9月23日生于江苏常州，代表作包括《招摇》《周生如故》《长月烬明》等。周翊然，2000年11月22日出生于重庆，中国内地男演员、歌手。代表作有《当我飞奔向你》《乔家的儿女》《小敏家》等。#白鹿先在综艺穿了战国袍##奔跑吧战国袍造型##张真源跑男战国袍造型#(羊城晚报) 半岛晨报的微博视频,1779109620,2026-05-18 13:07:00+08:00,0,0,0,1779080872709,https://m.weibo.cn/detail/5299911450171472,,1751714412,大皖新闻,m,https://m.weibo.cn/u/1751714412?luicode=20000061&lfid=5299911450171472&launchid=10000360-page_H5,"https://tvax4.sinaimg.cn/crop.0.0.600.600.180/001Uy0Wgly8ia2ykszcvbj60go0got9n02.jpg?KID=imgbed,tva&Expires=1779091666&ssig=RSSWMUMa7V",奔跑吧战国袍造型,search_contents_2026-05-18.csv,search_post,,5月18日话题冲上热搜引发网友关注热议随后白鹿资讯站与周翊然双方工作室正式辟谣恋情传闻明确表示二人仅为好友聚餐且目前均为单身状态白鹿本名白梦妍内地女演员1994年9月23日生于江苏常州代表作包括招摇周生如故长月烬明等周翊然2000年11月22日出生于重庆中国内地男演员歌手代表作有当我飞奔向你乔家的儿女小敏家等羊城晚报 半岛晨报的微博视频,True,False,,0
5299911278202127,#奔跑吧战国袍造型#节目组真的很用心啊，我们邯郸就是一座历史古城 ,1779109579,2026-05-18 13:06:19+08:00,0,0,0,1779080872714,https://m.weibo.cn/detail/5299911278202127,河北,7091890870,浮柳堤,f,https://m.weibo.cn/u/7091890870?launchid=10000360-page_H5,"https://tvax4.sinaimg.cn/crop.0.0.1080.1080.180/007JWQMCly8id59hwjrq6j30u00u0dhp.jpg?KID=imgbed,tva&Expires=1779091665&ssig=mC8umC0zg4",奔跑吧战国袍造型,search_contents_2026-05-18.csv,search_post,,节目组真的很用心啊我们邯郸就是一座历史古城 ,True,False,这期的造型简直就是艺术品啊殷墟文化与时尚的完美碰撞太让人惊艳了,0
5299853252888832,早安，目前外围是跌的，今天大a早盘会承压，能不能低开高走看承接了，另外周末消息，长鑫(存储芯片)业绩炸裂叠加ipo预期和spaceX ipo预期(商业航天)，光纤十倍涨价(cpo)，利好消息还是很多的，看今天哪个板块最先走出来。当然如果继续调整，我看机会，短期大概率会有二次高点。长期那就“牛市不言顶”#基金#基金#a股#,1779095745,2026-05-18 09:15:45+08:00,405,193,4,1779080969811,https://m.weibo.cn/detail/5299853252888832,四川,6455647558,瀚仔dayang,m,https://m.weibo.cn/u/6455647558?luicode=20000061&lfid=5299853252888832&launchid=10000360-page_H5,"https://tvax2.sinaimg.cn/crop.0.0.512.512.180/0072TePIly8i1k2ipjisuj30e80e874o.jpg?KID=imgbed,tva&Expires=1779091749&ssig=9dgbQhInsf",A股,search_contents_2026-05-18.csv,search_post,,早安目前外围是跌的今天大a早盘会承压能不能低开高走看承接了另外周末消息长鑫存储芯片业绩炸裂叠加ipo预期和spaceX ipo预期商业航天光纤十倍涨价cpo利好消息还是很多的看今天哪个板块最先走出来当然如果继续调整我看机会短期大概率会有二次高点长期那就牛市不言顶基金,True,False,,2
5299887539488300,截止11：30两市成交了19440亿元，有3567只个股下跌，大盘资金流出305亿元，量能比上一交易日减少2435亿元。 ,1779103919,2026-05-18 11:31:59+08:00,3449,47,2,1779080969815,https://m.weibo.cn/detail/5299887539488300,广西,1216826604,wu2198,f,https://m.weibo.cn/u/1216826604?launchid=10000360-page_H5,"https://tvax3.sinaimg.cn/crop.0.0.1080.1080.180/48874cecly8gdj804hwz5j20u00u0djj.jpg?KID=imgbed,tva&Expires=1779091749&ssig=HaIc3BMgJe",A股,search_contents_2026-05-18.csv,search_post,,截止1130两市成交了19440亿元有3567只个股下跌大盘资金流出305亿元量能比上一交易日减少2435亿元 ,True,False,这叫缩量流出么,2
5299849038922139,Q1已验证业绩的科技方向，在任何短期震荡中，都是机构不愿意轻易丢掉底仓的核心资产。持有业绩验证方向的科技仓位，大可不必为单日波动一惊一乍。#A股# ,1779094740,2026-05-18 08:59:00+08:00,503,47,3,1779080969827,https://m.weibo.cn/detail/5299849038922139,湖北,6443495545,坤小七Human,m,https://m.weibo.cn/u/6443495545?launchid=10000360-page_H5,"https://tvax4.sinaimg.cn/crop.0.0.1080.1080.180/00724fxvly8gt6h519in1j30u00u0goh.jpg?KID=imgbed,tva&Expires=1779091749&ssig=vTDhHsuMN1",A股,search_contents_2026-05-18.csv,search_post,,Q1已验证业绩的科技方向在任何短期震荡中都是机构不愿意轻易丢掉底仓的核心资产持有业绩验证方向的科技仓位大可不必为单日波动一惊一乍 ,True,False,928不拉黑,2
5299876711891582,#a股##股票# 说实话看着这创新药和恒生科技就好笑，别说你们受不了，我看了都嫌弃，不过因为有科技我也就无所谓了，想想连红利低波、自由现金流这类也都在跌跌不休，也能理解了，科技抽干了一切的血，关键他们跌了这么多，趋势上还看不出要反转，着实是有点困难主要还是科技热度太高，存储超级周期吸血太强了，我总不能去骂科技半导体存储吧？我们也有啊，现在就是比较尴尬，高的不能去追，低的也不好低吸，就如小圈子早盘提示说的一样，暂时只能继续观察，本周就是一个释放风险的过程，美元指数和石油没有明显下跌之前，不要操之过急，保持耐心，平常心,1779101338,2026-05-18 10:48:58+08:00,242,60,1,1779080969833,https://m.weibo.cn/detail/5299876711891582,广东,6508022755,帽子哥聊财经,m,https://m.weibo.cn/u/6508022755?luicode=20000061&lfid=5299876711891582&launchid=10000360-page_H5,"https://tvax3.sinaimg.cn/crop.0.0.600.600.180/0076r00Xly8hnba7owxycj30go0goq3x.jpg?KID=imgbed,tva&Expires=1779091752&ssig=I%2BFMbolAh8",A股,search_contents_2026-05-18.csv,search_post,, 说实话看着这创新药和恒生科技就好笑别说你们受不了我看了都嫌弃不过因为有科技我也就无所谓了想想连红利低波自由现金流这类也都在跌跌不休也能理解了科技抽干了一切的血关键他们跌了这么多趋势上还看不出要反转着实是有点困难主要还是科技热度太高存储超级周期吸血太强了我总不能去骂科技半导体存储吧我们也有啊现在就是比较尴尬高的不能去追低的也不好低吸就如小圈子早盘提示说的一样暂时只能继续观察本周就是一个释放风险的过程美元指数和石油没有明显下跌之前不要操之过急保持耐心平常心,True,False,周期说极端终会回归均值 || 感谢帽子哥才能科技持有到现在 || 哪有那么多板块买 就这点钱 哎,2
5299911912587940,炸了！开盘半小时资金抢疯了！存储芯片狂拉，半导体主线回归？炸了！开盘半小时资金抢疯了！存储芯片狂拉，半导体主线回归？今天的A股，资金的流向简直明牌！同花顺热榜刚开盘就直接“杀疯了”，存储芯片以27.7万热度断层登顶，涨幅直接冲到+1.61%，相关的芯片ETF更是暴力拉升+2.34%，妥妥的资金抢筹态势！再往下看，算力租赁、CPO、光刻胶、半导体设备，几乎是“全家桶”式的上涨，就连整个半导体行业板块，也以+1.02%的涨幅强势领涨。这股久违的科技风，是不是要回来了？三大信号，告诉你资金在买什么1. 存储芯片，主线中的主线连续160天上榜的存储芯片，今天直接点燃了市场情绪。从热榜数据来看，它的热度是第二名的两倍多，说明资金的共识已经高度统一。存储的逻辑其实很简单：行业周期见底，价格开始回升，再加上AI服务器对HBM的需求暴增，现在就是“戴维斯双击”的起点。资金现在抢的，就是预期差！2. AI算力链，集体回暖算力租赁、东数西算、光纤概念、PCB，全都是AI算力的核心环节，今天齐刷刷地翻红上涨。尤其是算力租赁，连续71天上榜，热度高达7.1万，说明资金对AI算力的炒作并没有结束，只是在等待下一个催化。现在的回暖，很可能是新一轮行情的预热。3. 机器人赛道，分化明显今天的自动化设备板块热度高达8.7万，位居行业第一，机器人ETF也同步上涨。但概念板块里的人形机器人、机器人概念却小幅调整。这说明资金的态度很明确：更偏向有业绩支撑的自动化设备，而不是纯题材炒作的概念。减速器等细分方向热度下滑，也反映了市场在这个板块的分歧正在加大。这些板块，今天被资金无情抛弃冰火两重天的市场里，总有板块在“挨揍”：- 贵金属/黄金概念：直接大跌超2%，黄金股ETF更是跌了近2.6%，避险情绪退潮，资金开始从防御板块流出。- 氟化工/化学制品：受消息面影响，板块集体走弱，跌幅普遍在-0.7%到-1%之间，化工ETF也同步下跌。- 锂电池/汽车零部件：新能源赛道依旧低迷，电池、锂、汽车零部件板块全部收绿，市场对新能源的信心还没回来。后市怎么看？给普通投资者的几句实在话1. 主线很清晰：硬科技＞题材今天的市场用脚投票告诉我们：资金现在只认半导体、AI算力这种有基本面、有政策、有催化的硬科技赛道。其他的纯题材，资金已经不买单了。2. 别乱追高，聚焦核心存储芯片、算力租赁这些已经涨起来的板块，现在追高风险不小。不如把目光放在今天同样上涨、但还没被市场充分挖掘的半导体设备、CPO、PCB这些细分方向，安全边际更高。3. 市场情绪在回暖，但别上头虽然今天科技股大涨，但整体市场还没走出震荡区间。新能源、消费这些板块依旧低迷，说明市场还没有形成全面做多的合力。现在更适合小仓位试错，而不是一把梭哈。今天的A股，科技的火苗已经点燃，接下来能不能燎原，就看成交量能不能跟上了。,1779109730,2026-05-18 13:08:50+08:00,0,0,0,1779080969841,https://m.weibo.cn/detail/5299911912587940,广东,6599378349,深圳林小姐v,f,https://m.weibo.cn/u/6599378349?luicode=20000061&lfid=5299911912587940&launchid=10000360-page_H5,"https://tvax2.sinaimg.cn/crop.37.0.989.989.180/007cCjMhly8i97zk5kbzyj30tk0rhjs4.jpg?KID=imgbed,tva&Expires=1779091756&ssig=jDNqTvqau%2F",A股,search_contents_2026-05-18.csv,search_post,,炸了开盘半小时资金抢疯了存储芯片狂拉半导体主线回归炸了开盘半小时资金抢疯了存储芯片狂拉半导体主线回归今天的A股资金的流向简直明牌同花顺热榜刚开盘就直接杀疯了存储芯片以277万热度断层登顶涨幅直接冲到161相关的芯片ETF更是暴力拉升234妥妥的资金抢筹态势再往下看算力租赁CPO光刻胶半导体设备几乎是全家桶式的上涨就连整个半导体行业板块也以102的涨幅强势领涨这股久违的科技风是不是要回来了三大信号告诉你资金在买什么1 存储芯片主线中的主线连续160天上榜的存储芯片今天直接点燃了市场情绪从热榜数据来看它的热度是第二名的两倍多说明资金的共识已经高度统一存储的逻辑其实很简单行业周期见底价格开始回升再加上AI服务器对HBM的需求暴增现在就是戴维斯双击的起点资金现在抢的就是预期差2 AI算力链集体回暖算力租赁东数西算光纤概念PCB全都是AI算力的核心环节今天齐刷刷地翻红上涨尤其是算力租赁连续71天上榜热度高达71万说明资金对AI算力的炒作并没有结束只是在等待下一个催化现在的回暖很可能是新一轮行情的预热3 机器人赛道分化明显今天的自动化设备板块热度高达87万位居行业第一机器人ETF也同步上涨但概念板块里的人形机器人机器人概念却小幅调整这说明资金的态度很明确更偏向有业绩支撑的自动化设备而不是纯题材炒作的概念减速器等细分方向热度下滑也反映了市场在这个板块的分歧正在加大这些板块今天被资金无情抛弃冰火两重天的市场里总有板块在挨揍 贵金属黄金概念直接大跌超2黄金股ETF更是跌了近26避险情绪退潮资金开始从防御板块流出 氟化工化学制品受消息面影响板块集体走弱跌幅普遍在07到1之间化工ETF也同步下跌 锂电池汽车零部件新能源赛道依旧低迷电池锂汽车零部件板块全部收绿市场对新能源的信心还没回来后市怎么看给普通投资者的几句实在话1 主线很清晰硬科技题材今天的市场用脚投票告诉我们资金现在只认半导体AI算力这种有基本面有政策有催化的硬科技赛道其他的纯题材资金已经不买单了2 别乱追高聚焦核心存储芯片算力租赁这些已经涨起来的板块现在追高风险不小不如把目光放在今天同样上涨但还没被市场充分挖掘的半导体设备CPOPCB这些细分方向安全边际更高3 市场情绪在回暖但别上头虽然今天科技股大涨但整体市场还没走出震荡区间新能源消费这些板块依旧低迷说明市场还没有形成全面做多的合力现在更适合小仓位试错而不是一把梭哈今天的A股科技的火苗已经点燃接下来能不能燎原就看成交量能不能跟上了,True,False,,2
5299857317431746,今天低开，主要是A股自身短期涨幅大积累了不少的抛压，也有被上周五美股大跌以及亚洲股市普遍下跌的拖累，不过国内周末有不少利好，4100-4120有强支撑。这一周会是个震荡修复的行情。今天大概率会是低开后探底回升，收盘小阴小阳十字星都行，牛市里急跌不慌，反而是低吸机会。科技依然是主线。 ,1779096714,2026-05-18 09:31:54+08:00,121,10,0,1779080969851,https://m.weibo.cn/detail/5299857317431746,北京,1654657755,先觉先知-飞哥,m,https://m.weibo.cn/u/1654657755?launchid=10000360-page_H5,"https://tvax1.sinaimg.cn/crop.0.0.1080.1080.180/62a012dbly8giaff7rs7ij20u00u0acz.jpg?KID=imgbed,tva&Expires=1779091749&ssig=wB%2FlETqmlS",A股,search_contents_2026-05-18.csv,search_post,,今天低开主要是A股自身短期涨幅大积累了不少的抛压也有被上周五美股大跌以及亚洲股市普遍下跌的拖累不过国内周末有不少利好41004120有强支撑这一周会是个震荡修复的行情今天大概率会是低开后探底回升收盘小阴小阳十字星都行牛市里急跌不慌反而是低吸机会科技依然是主线 ,True,False,,2
5299911211094902,《第一财经》提示“千倍市盈率”风险 百倍市盈率海光信息等大回调挤水泡5月15日A股大盘低开高走，上证指数午盘比前日小幅涨0.12%，收在4183.06点。创业板涨0.57%，科创50涨1.12%.然而，近期强势上涨的一些科技公司今天深度回调，明显弱于大盘。截至午盘：海光信息跌4.67%，收在310元优迅股份跌4.89%，收在385.5元（所属半导体板块涨幅1.96%）福晶科技跌5.14%，收在107.91元（所属光学光电子板块跌幅0.24%）估值短期大涨回吐因素：近期涨幅过大，难免会有些水泡，需要回调挤一挤泡沫，否则水泡吹太大，将大而不稳；吹太高，将高处不胜寒。而且这种回调还有一定的惯性，需要反复盘涨。第一财经昨日发文《千倍市盈率个股集群涌现 科技概念泡沫隐现》印证了之前中国基金报“落袋为安”的提示和证券时报对千元股的警示。千倍市盈率高估值背后，是个股沾上热门概念股价大涨的短期热炒现象，这些由流动性驱动的高估值个股，未来业绩增速能否消化估值水平，是估值泡沫能维系多久的关键。因此，合理的估值应该建立在实实在在的业绩之上，高估值必须要有高业绩增长大力支撑，否则容易出现水泡。其他有可能会影响因素：海光信息、福晶科技应该关注杠杆资金的流出；优迅股份应关注短期获利盘的退出，还要注意两个时间节点：小节点6月22日96.43万股解禁股的压力，占总股本比例1.21%，为首发机构配售股份；大节点12月21日4692万股，占总股本比例58.65%，为首发原股东限售股份、首发战略配售股。半导体板块市场情绪整体还要受英伟达H200获准入华的影响。 如海光深算3号约为H200性能的30%-35%，海光深算4号约为H200性能的80%-85%.【风险告知及免责说明】特别提示市场有风险，投资需谨慎。本文不构成对他人的投资建议，也未考虑到个别用户特殊的投资目标、财务状况或投资需要。读者应考虑本文中的任何意见、观点或结论是否符合其特定状况和自身认知差异性。,1779109563,2026-05-18 13:06:03+08:00,0,0,0,1779080969859,https://m.weibo.cn/detail/5299911211094902,浙江,1485598530,南台理,m,https://m.weibo.cn/u/1485598530?luicode=20000061&lfid=5299911211094902&launchid=10000360-page_H5,"https://tvax3.sinaimg.cn/crop.0.0.1080.1080.180/588c6f42ly8iaxrxu6gy9j20u00u040i.jpg?KID=imgbed,tva&Expires=1779091759&ssig=nYPPC6MjiW",A股,search_contents_2026-05-18.csv,search_post,,第一财经提示千倍市盈率风险 百倍市盈率海光信息等大回调挤水泡5月15日A股大盘低开高走上证指数午盘比前日小幅涨012收在418306点创业板涨057科创50涨112然而近期强势上涨的一些科技公司今天深度回调明显弱于大盘截至午盘海光信息跌467收在310元优迅股份跌489收在3855元所属半导体板块涨幅196福晶科技跌514收在10791元所属光学光电子板块跌幅024估值短期大涨回吐因素近期涨幅过大难免会有些水泡需要回调挤一挤泡沫否则水泡吹太大将大而不稳吹太高将高处不胜寒而且这种回调还有一定的惯性需要反复盘涨第一财经昨日发文千倍市盈率个股集群涌现 科技概念泡沫隐现印证了之前中国基金报落袋为安的提示和证券时报对千元股的警示千倍市盈率高估值背后是个股沾上热门概念股价大涨的短期热炒现象这些由流动性驱动的高估值个股未来业绩增速能否消化估值水平是估值泡沫能维系多久的关键因此合理的估值应该建立在实实在在的业绩之上高估值必须要有高业绩增长大力支撑否则容易出现水泡其他有可能会影响因素海光信息福晶科技应该关注杠杆资金的流出优迅股份应关注短期获利盘的退出还要注意两个时间节点小节点6月22日9643万股解禁股的压力占总股本比例121为首发机构配售股份大节点12月21日4692万股占总股本比例5865为首发原股东限售股份首发战略配售股半导体板块市场情绪整体还要受英伟达H200获准入华的影响 如海光深算3号约为H200性能的3035海光深算4号约为H200性能的8085风险告知及免责说明特别提示市场有风险投资需谨慎本文不构成对他人的投资建议也未考虑到个别用户特殊的投资目标财务状况或投资需要读者应考虑本文中的任何意见观点或结论是否符合其特定状况和自身认知差异性,True,False,,2
5299805032548178,刘雯  NEWS|@刘雯 身穿Chanel 2026秋冬羽毛刺绣礼服亮相79届戛纳电影节主竞赛单元影片《嘉朗丝》的首映礼红毯，佩戴Chopard高级珠宝，光彩动人，这也是雯子第十次亮相戛纳红毯，不得不感叹这状态真是神勇能再战30年 ,1779084248,2026-05-18 06:04:08+08:00,433,33,27,1779081055571,https://m.weibo.cn/detail/5299805032548178,湖南,5202330114,模特刘雯吧,m,https://m.weibo.cn/u/5202330114?launchid=10000360-page_H5,"https://tvax4.sinaimg.cn/crop.0.0.1080.1080.180/005G4rIely8ibgrzqc8qaj30u00u00v1.jpg?KID=imgbed,tva&Expires=1779091845&ssig=Kcusf3FvGe",刘雯戛纳红毯状态,search_contents_2026-05-18.csv,search_post,,刘雯  NEWS 身穿Chanel 2026秋冬羽毛刺绣礼服亮相79届戛纳电影节主竞赛单元影片嘉朗丝的首映礼红毯佩戴Chopard高级珠宝光彩动人这也是雯子第十次亮相戛纳红毯不得不感叹这状态真是神勇能再战30年 ,True,False,P3这个姿势好难拿啊 || 天怎么会状态好成这样简直逆生长,0
5299860368786958,刘雯戛纳红毯状态真的大气又温婉，站在林允儿身边也毫不逊色，各有各的美 ,1779097441,2026-05-18 09:44:01+08:00,156,34,9,1779081055573,https://m.weibo.cn/detail/5299860368786958,湖南,7578955731,天行市颜担,f,https://m.weibo.cn/u/7578955731?launchid=10000360-page_H5,"https://tvax2.sinaimg.cn/crop.0.0.1080.1080.180/008gUwBtly8ibedi24mixj30u00u0q5t.jpg?KID=imgbed,tva&Expires=1779091845&ssig=hf2PG69RwI",刘雯戛纳红毯状态,search_contents_2026-05-18.csv,search_post,,刘雯戛纳红毯状态真的大气又温婉站在林允儿身边也毫不逊色各有各的美 ,True,False,哇塞真的很美啊仪态万千 || 气质封神氛围感直接拉满,0
5299845981015889,刘雯重返戛纳，演绎一套CHANEL 26秋冬和Chopard珠宝，姐的状态好到离谱～ #刘雯戛纳红毯状态# ,1779094011,2026-05-18 08:46:51+08:00,164,17,15,1779081055575,https://m.weibo.cn/detail/5299845981015889,辽宁,2101416210,MMoEE,m,https://m.weibo.cn/u/2101416210?launchid=10000360-page_H5,"https://tvax1.sinaimg.cn/crop.0.0.1125.1125.180/7d411112ly8fo0s0pnbm7j20v90v9dhw.jpg?KID=imgbed,tva&Expires=1779091845&ssig=4RihYpW%2F3S",刘雯戛纳红毯状态,search_contents_2026-05-18.csv,search_post,,刘雯重返戛纳演绎一套CHANEL 26秋冬和Chopard珠宝姐的状态好到离谱  ,True,False,上楼梯简直了状态无敌 || 又美又明媚,0
5299862862038296,#刘雯戛纳红毯状态#第十次戛纳红毯，第十次让人心动，刘雯身着一袭Chanel粉色羽毛刺绣礼服，搭配萧邦珠宝，轻盈得像东方蝴蝶。状态比十年前更绝，红毯上每一步都是“游刃有余”本人。从2010到2026，大表姐一直在顶峰✨ ,1779098036,2026-05-18 09:53:56+08:00,166,11,10,1779081055580,https://m.weibo.cn/detail/5299862862038296,河北,6911003394,嗑瓜子娱乐冲浪,f,https://m.weibo.cn/u/6911003394?launchid=10000360-page_H5,"https://tvax3.sinaimg.cn/crop.0.0.180.180.180/007xHRGGly8gkok4bqg80j3050050746.jpg?KID=imgbed,tva&Expires=1779091845&ssig=k4bjewmmY3",刘雯戛纳红毯状态,search_contents_2026-05-18.csv,search_post,,第十次戛纳红毯第十次让人心动刘雯身着一袭Chanel粉色羽毛刺绣礼服搭配萧邦珠宝轻盈得像东方蝴蝶状态比十年前更绝红毯上每一步都是游刃有余本人从2010到2026大表姐一直在顶峰 ,True,False,这个发型有点不对吧 || 这次的红毯造型仔细看还挺好看的,0
5299910004179891,#刘雯林允儿韩素希G社怼脸生图#戛纳红毯无滤镜原相机直出，刘雯、林允儿、韩素希怼脸生图，三种顶级美貌，素颜底子狠狠惊艳全场。 ,1779109275,2026-05-18 13:01:15+08:00,79,12,6,1779081055582,https://m.weibo.cn/detail/5299910004179891,江苏,9078565779,病系恋音,f,https://m.weibo.cn/u/9078565779?launchid=10000360-page_H5,"https://tvax2.sinaimg.cn/crop.0.1.1078.1078.180/009UoJGjly8id8x1udq5vj30ty0u0ju5.jpg?KID=imgbed,tva&Expires=1779091845&ssig=xfiLXhkgm6",刘雯戛纳红毯状态,search_contents_2026-05-18.csv,search_post,,戛纳红毯无滤镜原相机直出刘雯林允儿韩素希怼脸生图三种顶级美貌素颜底子狠狠惊艳全场 ,True,False,三位姐姐的生图简直绝了这颜值这气质我酸了 语音评论5quot,0
5299862138783479,#刘雯戛纳红毯状态# 就这个上台阶我能看一万遍 （cr.logo） ,1779097863,2026-05-18 09:51:03+08:00,27,0,3,1779081055583,https://m.weibo.cn/detail/5299862138783479,浙江,3132972683,Miracle_RuiRui,f,https://m.weibo.cn/u/3132972683?launchid=10000360-page_H5,"https://tvax2.sinaimg.cn/crop.0.0.768.768.180/babd5e8bly8id2dmdzd90j20lc0lcwfp.jpg?KID=imgbed,tva&Expires=1779091845&ssig=VX%2BgaZCEHA",刘雯戛纳红毯状态,search_contents_2026-05-18.csv,search_post,, 就这个上台阶我能看一万遍 crlogo ,True,False,,0
5299899953317105,#刘雯戛纳红毯状态#真的一眼就被刘雯戛纳红毯这件花仙子礼服美晕🥹高定真的想都不敢想😂在闲鱼🐟居然租赁到质感这么顶的平替款满铺的立体红色花朵刺绣轻纱透视的版型，上身又纯又艳腰身收得巨好，曲线感直接拉满🥰花簇的氛围感完全复刻红毯那味儿远看近看细节都很到位，重工感满满✨几乎全新，打理得干干净净生日宴、年会、敬酒、活动拍照穿它出场真的直接稳占C位🥳关键闲鱼🐟这个价格，真的香到离谱啊#上闲鱼省一夏##礼服#刘雯,1779106879,2026-05-18 12:21:19+08:00,2,0,0,1779081055585,https://m.weibo.cn/detail/5299899953317105,浙江,7921777582,学姐的闲鱼小货铺,f,https://m.weibo.cn/u/7921777582?luicode=20000061&lfid=5299899953317105&launchid=10000360-page_H5,"https://tvax3.sinaimg.cn/crop.0.0.600.600.180/008E6Yealy8ibhsgfwoivj30go0go3zz.jpg?KID=imgbed,tva&Expires=1779091845&ssig=WLoMq01tmt",刘雯戛纳红毯状态,search_contents_2026-05-18.csv,search_post,,真的一眼就被刘雯戛纳红毯这件花仙子礼服美晕高定真的想都不敢想在闲鱼居然租赁到质感这么顶的平替款满铺的立体红色花朵刺绣轻纱透视的版型上身又纯又艳腰身收得巨好曲线感直接拉满花簇的氛围感完全复刻红毯那味儿远看近看细节都很到位重工感满满几乎全新打理得干干净净生日宴年会敬酒活动拍照穿它出场真的直接稳占C位关键闲鱼这个价格真的香到离谱啊刘雯,True,False,,0
5299872056233502,当家初体验，经验值为零，业务不太熟练，全靠大家多多担待了😂，坐等12点开播#爸爸当家5开播##爸爸当家# ,1779100228,2026-05-18 10:30:28+08:00,357,23,31,1779081131546,https://m.weibo.cn/detail/5299872056233502,北京,1991083414,花样滑冰闫涵,m,https://m.weibo.cn/u/1991083414?launchid=10000360-page_H5,"https://tvax1.sinaimg.cn/crop.0.0.1080.1080.180/76ad8596ly8gzb62dk04wj20u00u0diw.jpg?KID=imgbed,tva&Expires=1779091931&ssig=588iCVW3e%2F",爸爸当家5开播,search_contents_2026-05-18.csv,search_post,,当家初体验经验值为零业务不太熟练全靠大家多多担待了坐等12点开播 ,True,False,啊啊啊啊啊啊啊啊啊,0
5299887194770565,爸爸当家5、我们来啦💞家的温度，从来不是一个人的全力以赴，而是两个人的并肩同行。谢谢这个节目，让我们一起见证爸爸的成长，和法法的每一个瞬间。我们的一家三口今天要和大家见面啦🥰5月18日起，每周一周二中午12点，芒果TV，来围观法特爸爸的全职育儿挑战！#爸爸当家5开播 #爸爸当家 ,1779103837,2026-05-18 11:30:37+08:00,235,15,9,1779081131554,https://m.weibo.cn/detail/5299887194770565,新疆,6074739147,米拉拉拉,f,https://m.weibo.cn/u/6074739147?launchid=10000360-page_H5,"https://tvax1.sinaimg.cn/crop.0.0.1080.1080.180/006D6Z9Fly8iclq15r04oj30u00u0wja.jpg?KID=imgbed,tva&Expires=1779091931&ssig=FcOpQKLyeI",爸爸当家5开播,search_contents_2026-05-18.csv,search_post,,爸爸当家5我们来啦家的温度从来不是一个人的全力以赴而是两个人的并肩同行谢谢这个节目让我们一起见证爸爸的成长和法法的每一个瞬间我们的一家三口今天要和大家见面啦5月18日起每周一周二中午12点芒果TV来围观法特爸爸的全职育儿挑战爸爸当家 ,True,False,法爸这季带娃技能全面升级看得我都想生二胎了 || 期待你们和法法小可爱 || 终于等到你们一家啦,0
5299887974385845,#爸爸当家# 惊不惊喜，太阳一家又回来啦，这次又会有什么故事发生呢？今天12点#爸爸当家5开播#，记得来看哦！ ,1779104023,2026-05-18 11:33:43+08:00,468,48,11,1779081131564,https://m.weibo.cn/detail/5299887974385845,青海,6301794991,北欧米粒和西北永鸿,m,https://m.weibo.cn/u/6301794991?launchid=10000360-page_H5,"https://tvax3.sinaimg.cn/crop.0.0.946.946.180/006StGKHly8hf4hx9maqsj30qa0qagor.jpg?KID=imgbed,tva&Expires=1779091931&ssig=4xGnX2Wddg",爸爸当家5开播,search_contents_2026-05-18.csv,search_post,, 惊不惊喜太阳一家又回来啦这次又会有什么故事发生呢今天12点记得来看哦 ,True,False,太阳爸爸的带娃日常总是那么欢乐期待新一季的故事 语音评论5quot || 期待期待欢迎王总一家 太阳一家回归原来当初在节目弹幕一直刷的 希望你们下一季还在 真的有用,0
5299874535050238,憋了好久终于可以官宣啦！#爸爸当家5开播##爸爸当家#周医生初当家大家小小期待一下吧🥰今天12点开播 守好芒果TV噢～ ,1779100819,2026-05-18 10:40:19+08:00,108,22,2,1779081131572,https://m.weibo.cn/detail/5299874535050238,湖南,2590819644,黄寸芷,f,https://m.weibo.cn/u/2590819644?launchid=10000360-page_H5,"https://tvax3.sinaimg.cn/crop.0.0.1080.1080.180/9a6cc53cly8iap965lhqej20u00u0jux.jpg?KID=imgbed,tva&Expires=1779091931&ssig=ud86BXDykx",爸爸当家5开播,search_contents_2026-05-18.csv,search_post,,憋了好久终于可以官宣啦周医生初当家大家小小期待一下吧今天12点开播 守好芒果TV噢 ,True,False,理解了魏晨那句医护人员颜值都那么高嘛 || 寸芷姐姐 好漂亮好甜,0
5299864399249443,#爸爸当家5开播#“全职爸爸互助会”陪伴再出发，金句持续加码！和@李艾 @魏晨 @謝依霖HOLD住姐 @韩庚 @育儿专家张雅莲 一起助力爸爸们开启当家第一天！#爸爸当家#今日12:00开播，5月25日起每周一周二12点双更，芒果TV全网独播！ ,1779098401,2026-05-18 10:00:01+08:00,1003,208,73,1779081131577,https://m.weibo.cn/detail/5299864399249443,,7555439655,爸爸当家,f,https://m.weibo.cn/u/7555439655?launchid=10000360-page_H5,"https://tvax3.sinaimg.cn/crop.0.0.720.720.180/008fjQZVly8id4yrtvu7gj30k00k0whw.jpg?KID=imgbed,tva&Expires=1779091931&ssig=g4UIQEupYa",爸爸当家5开播,search_contents_2026-05-18.csv,search_post,,全职爸爸互助会陪伴再出发金句持续加码和     一起助力爸爸们开启当家第一天今日1200开播5月25日起每周一周二12点双更芒果TV全网独播 ,True,False,爸爸当家每张海报都好好看期待 老师 || 期待这个魏晨老师期待新一季的爸爸当家 || 期待魏晨期待分享,0
5299912722089199,#爸爸当家5开播#爸爸当家5开播 ,1779109923,2026-05-18 13:12:03+08:00,0,0,0,1779081131579,https://m.weibo.cn/detail/5299912722089199,湖北,7733258970,運命生命共鳴体,f,https://m.weibo.cn/u/7733258970?launchid=10000360-page_H5,"https://tvax3.sinaimg.cn/crop.0.0.1080.1080.180/008rlXVoly8id7onkdberj30u00u0aea.jpg?KID=imgbed,tva&Expires=1779091931&ssig=NZVWF4hWC9",爸爸当家5开播,search_contents_2026-05-18.csv,search_post,,爸爸当家5开播 ,True,False,,0
5299864646980429,#爸爸当家5开播#爸爸团华丽登场！所有欢乐一次看够！和@周有君EUGENE  @花样滑冰闫涵 @北欧米粒和西北永鸿 @法特和米拉 一起奔赴拥抱之旅～#爸爸当家#今日12:00开播，5月25日起每周一周二12点双更，芒果TV全网独播！ ,1779098461,2026-05-18 10:01:01+08:00,470,84,61,1779081131582,https://m.weibo.cn/detail/5299864646980429,,7555439655,爸爸当家,f,https://m.weibo.cn/u/7555439655?launchid=10000360-page_H5,"https://tvax3.sinaimg.cn/crop.0.0.720.720.180/008fjQZVly8id4yrtvu7gj30k00k0whw.jpg?KID=imgbed,tva&Expires=1779091931&ssig=g4UIQEupYa",爸爸当家5开播,search_contents_2026-05-18.csv,search_post,,爸爸团华丽登场所有欢乐一次看够和     一起奔赴拥抱之旅今日1200开播5月25日起每周一周二12点双更芒果TV全网独播 ,True,False,期待期待三三力安欢迎太阳一家回归,0
5299902477505524,#中医都在药材店里买菜#别人的爸爸买菜去菜市场，#爸爸当家#中医爸爸@周有君EUGENE 买菜去药材店！#爸爸当家5开播#莲子、百合、茯苓…这哪里是做饭，这是在做药膳啊！但看着庆庆和闻闻吃得香，还得是老祖宗的东西靠谱！ 微博电视的微博视频 ,1779107481,2026-05-18 12:31:21+08:00,59,44,12,1779081131589,https://m.weibo.cn/detail/5299902477505524,北京,5405787673,微博电视,m,https://m.weibo.cn/u/5405787673?launchid=10000360-page_H5,"https://tvax3.sinaimg.cn/crop.0.0.512.512.180/005TQ8jLly8h8w6i5emddj60e80e8q3e02.jpg?KID=imgbed,tva&Expires=1779091931&ssig=NT1SeQj6%2Bs",爸爸当家5开播,search_contents_2026-05-18.csv,search_post,,别人的爸爸买菜去菜市场中医爸爸 买菜去药材店莲子百合茯苓这哪里是做饭这是在做药膳啊但看着庆庆和闻闻吃得香还得是老祖宗的东西靠谱 微博电视的微博视频 ,True,False,闻起来都香香的安排起来 || 这样的知识要学起来 || 这药膳看着都觉得养生呀,0
5299876143563237,虽然又是将军，但牛牛这次必会一雪前耻撕下粉底液标签#归鸾阵容官宣# ,1779101202,2026-05-18 10:46:42+08:00,483,48,0,1779081201003,https://m.weibo.cn/detail/5299876143563237,安徽,1728075935,焦安然I,f,https://m.weibo.cn/u/1728075935?launchid=10000360-page_H5,"https://tvax4.sinaimg.cn/crop.0.0.1080.1080.180/6700589fly8i5mspjgca3j20u00u0jt0.jpg?KID=imgbed,tva&Expires=1779091997&ssig=Bl0NjPH4ns",归鸾阵容官宣,search_contents_2026-05-18.csv,search_post,,虽然又是将军但牛牛这次必会一雪前耻撕下粉底液标签 ,True,False,难怪都喊他600这图1 || 一瓶子卸妆水扔过来 || 这次不会又爆其他无关的将军吧,0
5299877573296448,#归鸾首发剧照##归鸾阵容官宣# 同历风雨路，共赴归鸾期。萧蕙娘期待再会！#归鸾# ,1779101543,2026-05-18 10:52:23+08:00,190,28,6,1779081201012,https://m.weibo.cn/detail/5299877573296448,北京,1197354837,左小青,f,https://m.weibo.cn/u/1197354837?launchid=10000360-page_H5,"https://tvax4.sinaimg.cn/crop.0.0.1080.1080.180/475e2f55ly8h6buto8r2bj20u00u0401.jpg?KID=imgbed,tva&Expires=1779091997&ssig=ZyOgIZhsap",归鸾阵容官宣,search_contents_2026-05-18.csv,search_post,, 同历风雨路共赴归鸾期萧蕙娘期待再会 ,True,False,期待潇蕙娘,0
5299870580612632,#归鸾首发剧照##归鸾阵容官宣# 心事沉渊搅风云，一柄金钗困半生。裴颂，期待相逢。#归鸾# ,1779099876,2026-05-18 10:24:36+08:00,11191,2580,722,1779081201033,https://m.weibo.cn/detail/5299870580612632,浙江,6026913458,古子成_,m,https://m.weibo.cn/u/6026913458?launchid=10000360-page_H5,"https://tvax3.sinaimg.cn/crop.0.0.1080.1080.180/006zSjvAly8icevuqlhj4j30u00u0n0h.jpg?KID=imgbed,tva&Expires=1779091997&ssig=sFQGT8wV5K",归鸾阵容官宣,search_contents_2026-05-18.csv,search_post,, 心事沉渊搅风云一柄金钗困半生裴颂期待相逢 ,True,False,期待小古的演绎假期好好休息玩的开心期待与裴颂早日相见 || 期待裴颂宝宝 || 期待古子成呀,0
5299872681165965,“我曾经那么喜欢你，你把你的喜欢还给我”🥵我勒个就这个强取豪夺爽#归鸾阵容官宣# 首都一橘的微博视频  ,1779100377,2026-05-18 10:32:57+08:00,1026,120,12,1779081201046,https://m.weibo.cn/detail/5299872681165965,河北,3314422837,首都一橘,f,https://m.weibo.cn/u/3314422837?launchid=10000360-page_H5,"https://tvax2.sinaimg.cn/crop.0.0.1080.1080.180/c58e1435ly8h8wcyg2f4uj20u00u0jtr.jpg?KID=imgbed,tva&Expires=1779091997&ssig=%2FfU4a4sIDb",归鸾阵容官宣,search_contents_2026-05-18.csv,search_post,,我曾经那么喜欢你你把你的喜欢还给我我勒个就这个强取豪夺爽 首都一橘的微博视频  ,True,False,期待归鸾期待张凌赫,0
5299869520498405,#归鸾首发剧照##归鸾阵容官宣# 锦衣养就纨绔骨，纵情恣意戏人间。魏平津，期待相逢。#归鸾# ,1779099623,2026-05-18 10:20:23+08:00,19,14,4,1779081201058,https://m.weibo.cn/detail/5299869520498405,浙江,7571544664,黄祖鑫_h,m,https://m.weibo.cn/u/7571544664?launchid=10000360-page_H5,"https://tvax1.sinaimg.cn/crop.0.0.1080.1080.180/008gpqE8ly8hvl4wqds9lj30u00u0447.jpg?KID=imgbed,tva&Expires=1779091997&ssig=%2B2FoC%2BhHHX",归鸾阵容官宣,search_contents_2026-05-18.csv,search_post,, 锦衣养就纨绔骨纵情恣意戏人间魏平津期待相逢 ,True,False,你这一天都干啥呢 || 哥发点自拍吧,0
5299912582369393,【#张凌赫归鸾阵容官宣后待播热度飙升#】5月18日，@张凌赫z @林允Jelly 主演的《归鸾》官宣阵容，并发布杀青特辑，#张凌赫林允归鸾预约破60万# 目前预约超63.8万。据悉，张凌赫为贴合萧厉从赌坊打手逆袭为北境魏王的草根人设，他增肌8公斤、暴晒塑形，以高马尾粗布造型颠覆往日温润形象，战损戏份充满野性与破碎感。#归鸾阵容官宣#张凌赫 你期待开播吗？ 大象新闻的微博视频,1779109890,2026-05-18 13:11:30+08:00,1,0,0,1779081201069,https://m.weibo.cn/detail/5299912582369393,,1451977335,新晚报,m,https://m.weibo.cn/u/1451977335?luicode=20000061&lfid=5299912582369393&launchid=10000360-page_H5,"https://tvax1.sinaimg.cn/crop.0.0.1000.1000.180/001AglDhly8ibcmcvd44fj60rs0rswez02.jpg?KID=imgbed,tva&Expires=1779091997&ssig=LXIpYJtk7l",归鸾阵容官宣,search_contents_2026-05-18.csv,search_post,,5月18日  主演的归鸾官宣阵容并发布杀青特辑 目前预约超638万据悉张凌赫为贴合萧厉从赌坊打手逆袭为北境魏王的草根人设他增肌8公斤暴晒塑形以高马尾粗布造型颠覆往日温润形象战损戏份充满野性与破碎感张凌赫 你期待开播吗 大象新闻的微博视频,True,False,,0
5299912516569152,#归鸾阵容官宣#归鸾阵容官宣 ,1779109874,2026-05-18 13:11:14+08:00,0,0,0,1779081201081,https://m.weibo.cn/detail/5299912516569152,湖北,7733258970,運命生命共鳴体,f,https://m.weibo.cn/u/7733258970?launchid=10000360-page_H5,"https://tvax3.sinaimg.cn/crop.0.0.1080.1080.180/008rlXVoly8id7onkdberj30u00u0aea.jpg?KID=imgbed,tva&Expires=1779091997&ssig=HY1vUbPfUQ",归鸾阵容官宣,search_contents_2026-05-18.csv,search_post,,归鸾阵容官宣 ,True,False,,0
5299888954803160,#开始推理吧4定档##丁程鑫 开始推理吧4# tg：原来你在外面是这样的丁程鑫！又喊妈咪又喊姐姐！又要砂仁又要推理！恐怖、推理、冒险，这个开推什么东西都有啊 ,1779104257,2026-05-18 11:37:37+08:00,410,19,10,1779081284688,https://m.weibo.cn/detail/5299888954803160,四川,5719313502,补充点维生素C,m,https://m.weibo.cn/u/5719313502?launchid=10000360-page_H5,"https://tvax4.sinaimg.cn/crop.0.0.1080.1080.180/006f3EHYly8ibsvxyerjxj30u00u0jsl.jpg?KID=imgbed,tva&Expires=1779092077&ssig=h%2FC79LhahI",开始推理吧4定档,search_contents_2026-05-18.csv,search_post,, tg原来你在外面是这样的丁程鑫又喊妈咪又喊姐姐又要砂仁又要推理恐怖推理冒险这个开推什么东西都有啊 ,True,False,鑫鑫子的推理技能get舞台魅力也在线全能ace 语音评论6quot || 期待这个开推大事很妙预约预约包场起来 || 妈咪在这呢,0
5299882648408393,#开始推理吧4定档##丁程鑫 开始推理吧4# 开推预告来啦，一起看看丁程鑫在里面表现怎么样吧 补充点维生素C的微博视频 ,1779102753,2026-05-18 11:12:33+08:00,554,35,19,1779081284692,https://m.weibo.cn/detail/5299882648408393,四川,5719313502,补充点维生素C,m,https://m.weibo.cn/u/5719313502?launchid=10000360-page_H5,"https://tvax4.sinaimg.cn/crop.0.0.1080.1080.180/006f3EHYly8ibsvxyerjxj30u00u0jsl.jpg?KID=imgbed,tva&Expires=1779092077&ssig=h%2FC79LhahI",开始推理吧4定档,search_contents_2026-05-18.csv,search_post,, 开推预告来啦一起看看丁程鑫在里面表现怎么样吧 补充点维生素C的微博视频 ,True,False,以前没有看过 有小丁了我必看的,0
5299881791195124,#开始推理吧4定档# 周柯宇 开推4唯一的坦 ,1779102549,2026-05-18 11:09:09+08:00,177,15,21,1779081284704,https://m.weibo.cn/detail/5299881791195124,北京,1746709842,昕_angel_,f,https://m.weibo.cn/u/1746709842?launchid=10000360-page_H5,"https://tvax1.sinaimg.cn/crop.0.0.1080.1080.180/681cad52ly8ici2i7feq0j20u00u0jte.jpg?KID=imgbed,tva&Expires=1779092077&ssig=OSljNzn3t5",开始推理吧4定档,search_contents_2026-05-18.csv,search_post,, 周柯宇 开推4唯一的坦 ,True,False,我们老幺撑起一片天 || 咱们的柯宇弟弟推理界的清流期待他的精彩表现 周柯宇坦荡侦探路 语音评论10quot || 老幺保护所有人,0
5299883445585518,感觉案情好炸裂🤯😧#开始推理吧4定档##刘宇宁开始推理吧 ﻿# ,1779102943,2026-05-18 11:15:43+08:00,214,21,52,1779081284710,https://m.weibo.cn/detail/5299883445585518,加拿大,7498673543,Sherry__Ning,f,https://m.weibo.cn/u/7498673543?launchid=10000360-page_H5,"https://tvax3.sinaimg.cn/crop.0.0.1080.1080.180/008btFxtly8ia5kd8qajpj30u00u00vs.jpg?KID=imgbed,tva&Expires=1779092077&ssig=g0OEBO0WqA",开始推理吧4定档,search_contents_2026-05-18.csv,search_post,,感觉案情好炸裂 ,True,False,哥哥这推理技能我给满分 宁哥你这是要解锁新身份侦探宁吗 语音评论7quot || 一边害怕一边笑 || 要报仇我们兔老大很凶哒,0
5299911950337807,预告感觉好有意思哎，狠狠期待了 #开始推理吧4定档##刘宇宁开始推理吧# ,1779109739,2026-05-18 13:08:59+08:00,1,0,0,1779081284716,https://m.weibo.cn/detail/5299911950337807,天津,7792927034,花鹿于额,f,https://m.weibo.cn/u/7792927034?launchid=10000360-page_H5,"https://tvax3.sinaimg.cn/crop.0.0.1080.1080.180/008vokjwly8ibsitqftmuj30u00u00vz.jpg?KID=imgbed,tva&Expires=1779092077&ssig=Q72cPbzFnb",开始推理吧4定档,search_contents_2026-05-18.csv,search_post,,预告感觉好有意思哎狠狠期待了  ,True,False,,0
5299911588842715,摩登兄弟#刘宇宁开始推理吧##开始推理吧4定档#嘻嘻，又有很多奇迹宁宁出现了 。一起推理吧，超好看 ,1779109653,2026-05-18 13:07:33+08:00,1,1,0,1779081284721,https://m.weibo.cn/detail/5299911588842715,江苏,7273775525,青柠岛的雨季,f,https://m.weibo.cn/u/7273775525?launchid=10000360-page_H5,"https://tvax3.sinaimg.cn/crop.0.0.1080.1080.180/007Wg1i5ly8ib3ghc3wacj30u00u0q6w.jpg?KID=imgbed,tva&Expires=1779092077&ssig=UOYIXjC4kG",开始推理吧4定档,search_contents_2026-05-18.csv,search_post,,摩登兄弟嘻嘻又有很多奇迹宁宁出现了 一起推理吧超好看 ,True,False,爱宁爱宁爱宁爱宁爱宁爱宁爱宁爱宁爱宁爱宁爱宁,0
5299822325925086,【#马克龙非洲行翻车#】#马克龙演讲让观众有话出去说#由法国与肯尼亚共同主办的“非洲前进”峰会日前在肯首都内罗毕落下帷幕。在传统军事存在和政治影响力收缩背景下，法国试图淡化其殖民历史，营造“新一代伙伴关系”形象。法国总统马克龙在峰会上一些言行引发争论，对法国能否与非洲国家建立真正平等的伙伴关系，非洲舆论提出质疑。在一场主题活动上，马克龙从演讲者手中拿过话筒，要求观众保持安静，称吵闹的环境“完全缺乏尊重”，并让台下交谈的人“有话出去说”。虽然这一维持秩序的做法获得台下观众鼓掌支持，但在社交媒体上却出现大量批评和质疑声。塞内加尔达喀尔大学生蒂耶诺·姆巴耶直言：“他（马克龙）的行为就像老师骂学生。” 马克龙还在与肯尼亚总统鲁托共同出席的新闻发布会上声称，自己是“泛非主义者”。马里政治分析师阿利翁·蒂内就此指出，虽然马克龙试图通过更亲民的方式和使用非洲政治话语重建信任，但西方大国对待非洲国家的态度本质上依然是“家长式”的，法国更不例外。牛津经济研究院分析师杰文·奈杜则表示，法国试图将自己包装为一个更平等和相互尊重的合作伙伴，但在非洲民众看来，此次峰会是“一个前殖民大国为保持在非洲的政治经济话语权所作的又一次尝试”。至于此次峰会究竟能否成为重塑法非关系的契机，取决于法方后续能否将承诺转化为行动，将投资落到实处，用实际成果证明其开创新型对非关系的“诚意”。（新华社） #美国2战机飞行表演时撞毁# 北京日报的微博视频,1779088371,2026-05-18 07:12:51+08:00,1180,169,79,1779081381403,https://m.weibo.cn/detail/5299822325925086,,1893892941,北京日报,m,https://m.weibo.cn/u/1893892941?luicode=20000061&lfid=5299822325925086&launchid=10000360-page_H5,"https://tvax4.sinaimg.cn/crop.0.0.600.600.180/0024aA4lly8i51bp1z4bcj60go0goq3g02.jpg?KID=imgbed,tva&Expires=1779092154&ssig=PJwyGpCgIi",马克龙非洲行翻车,search_contents_2026-05-18.csv,search_post,,由法国与肯尼亚共同主办的非洲前进峰会日前在肯首都内罗毕落下帷幕在传统军事存在和政治影响力收缩背景下法国试图淡化其殖民历史营造新一代伙伴关系形象法国总统马克龙在峰会上一些言行引发争论对法国能否与非洲国家建立真正平等的伙伴关系非洲舆论提出质疑在一场主题活动上马克龙从演讲者手中拿过话筒要求观众保持安静称吵闹的环境完全缺乏尊重并让台下交谈的人有话出去说虽然这一维持秩序的做法获得台下观众鼓掌支持但在社交媒体上却出现大量批评和质疑声塞内加尔达喀尔大学生蒂耶诺姆巴耶直言他马克龙的行为就像老师骂学生 马克龙还在与肯尼亚总统鲁托共同出席的新闻发布会上声称自己是泛非主义者马里政治分析师阿利翁蒂内就此指出虽然马克龙试图通过更亲民的方式和使用非洲政治话语重建信任但西方大国对待非洲国家的态度本质上依然是家长式的法国更不例外牛津经济研究院分析师杰文奈杜则表示法国试图将自己包装为一个更平等和相互尊重的合作伙伴但在非洲民众看来此次峰会是一个前殖民大国为保持在非洲的政治经济话语权所作的又一次尝试至于此次峰会究竟能否成为重塑法非关系的契机取决于法方后续能否将承诺转化为行动将投资落到实处用实际成果证明其开创新型对非关系的诚意新华社  北京日报的微博视频,True,False,西方文明在哪里 || 马克龙也不是啥好鸟 || 法国总统马克龙在肯尼亚非洲前进峰会上因打断演讲维持秩序要求喧哗者离场引发争议现场观众鼓掌支持但网络舆论批评其行为如老师骂学生质疑法国对非洲的家长式态度马克龙自称泛非主义者但分析指出法国试图淡化殖民历史维持话查看最新戳gt微博智搜,-1
5299857179018429,马克龙这趟非洲行，本想重塑法非关系，结果从抢话筒训人、机场傲慢握手到晨跑封路扰民，把殖民者的老毛病犯了个遍。我的个人观点：马克龙不是言行失当，是法国在非洲的旧剧本彻底演不下去了。第一，法国在非洲的军事存在持续萎缩。马里、布基纳法索、尼日尔已结成&quot;反法同盟&quot;驱逐法军，法国在西非的军事基地体系正在崩塌。第二，非洲&quot;向东看&quot;加速。非洲新一代领导人和青年群体在横向对比中得出自己的结论，谁留下基础设施，谁留下空话，账算得很清楚。第三，法国的非洲政策被迫转向&quot;交易型&quot;。旧殖民框架下的&quot;家长式&quot;外交已被判死刑，但法国不会放弃在非利益，未来可能从&quot;教非洲做事&quot;转向&quot;跟非洲谈生意&quot;，只是姿态收敛，竞争更卷。被一个非洲大学生用一句话判了死刑：&quot;法国人又来教非洲人怎么开会了。&quot;这句话注定被写进后殖民时代的教科书。当法国还在纠结怎么&quot;教育&quot;非洲时，非洲早已转身。马克龙非洲行翻车 #马克龙非洲行翻车# simple不完美却最美的微博视频,1779096681,2026-05-18 09:31:21+08:00,86,26,10,1779081381414,https://m.weibo.cn/detail/5299857179018429,广东,5195924974,simple不完美却最美,f,https://m.weibo.cn/u/5195924974?luicode=20000061&lfid=5299857179018429&launchid=10000360-page_H5,"https://tvax2.sinaimg.cn/crop.0.1.1078.1078.180/005FDzrwly8i6joclthbfj30ty0u0adj.jpg?KID=imgbed,tva&Expires=1779092158&ssig=4l9heKMZbK",马克龙非洲行翻车,search_contents_2026-05-18.csv,search_post,,马克龙这趟非洲行本想重塑法非关系结果从抢话筒训人机场傲慢握手到晨跑封路扰民把殖民者的老毛病犯了个遍我的个人观点马克龙不是言行失当是法国在非洲的旧剧本彻底演不下去了第一法国在非洲的军事存在持续萎缩马里布基纳法索尼日尔已结成quot反法同盟quot驱逐法军法国在西非的军事基地体系正在崩塌第二非洲quot向东看quot加速非洲新一代领导人和青年群体在横向对比中得出自己的结论谁留下基础设施谁留下空话账算得很清楚第三法国的非洲政策被迫转向quot交易型quot旧殖民框架下的quot家长式quot外交已被判死刑但法国不会放弃在非利益未来可能从quot教非洲做事quot转向quot跟非洲谈生意quot只是姿态收敛竞争更卷被一个非洲大学生用一句话判了死刑quot法国人又来教非洲人怎么开会了quot这句话注定被写进后殖民时代的教科书当法国还在纠结怎么quot教育quot非洲时非洲早已转身马克龙非洲行翻车  simple不完美却最美的微博视频,True,False,马克龙本来就很傲慢只有懂王能压得住他 || 法非关系是非法的,-1
5299856356672298,#马克龙非洲行翻车#马克龙在越南下飞机时，被他的妻子布丽吉特扇了一巴掌。布丽吉特·马克龙据称因为她丈夫与伊朗裔法国女演员戈尔希夫特·法拉哈尼的“柏拉图式友谊”而扇了他一耳光。马克龙夫妇当然否认了一切。#热点现场##海外新鲜事# 金华磊哥的微博视频  ,1779096485,2026-05-18 09:28:05+08:00,82,22,10,1779081381427,https://m.weibo.cn/detail/5299856356672298,浙江,1859661774,金华磊哥,m,https://m.weibo.cn/u/1859661774?launchid=10000360-page_H5,"https://tvax4.sinaimg.cn/crop.0.0.1080.1080.180/6ed82fcely8i6494pvjh1j20u00u0799.jpg?KID=imgbed,tva&Expires=1779092150&ssig=Rg7rG36unb",马克龙非洲行翻车,search_contents_2026-05-18.csv,search_post,,马克龙在越南下飞机时被他的妻子布丽吉特扇了一巴掌布丽吉特马克龙据称因为她丈夫与伊朗裔法国女演员戈尔希夫特法拉哈尼的柏拉图式友谊而扇了他一耳光马克龙夫妇当然否认了一切 金华磊哥的微博视频  ,True,False,被打是以前的但最近好像爆出另外一个点 查看图片 || 马克龙又被打了吗,0
5299882065920796,#马克龙非洲行翻车#试图美化殖民历史，却被民众质疑打断，法国在非洲的话语权，早已今非昔比。 ,1779102614,2026-05-18 11:10:14+08:00,29,1,0,1779081381439,https://m.weibo.cn/detail/5299882065920796,河南,7200070121,片片帧心,m,https://m.weibo.cn/u/7200070121?launchid=10000360-page_H5,"https://tvax1.sinaimg.cn/crop.0.0.1080.1080.180/007RgL9fly8id32oydo5hj30u00u0jsq.jpg?KID=imgbed,tva&Expires=1779092150&ssig=BVtTeSRwV5",马克龙非洲行翻车,search_contents_2026-05-18.csv,search_post,,试图美化殖民历史却被民众质疑打断法国在非洲的话语权早已今非昔比 ,True,False,一场演讲暴露本质旧殖民思维在如今的非洲根本行不通,-1
5299889044195290,#马克龙非洲行翻车# 殖民者的瘾没戒掉，非洲人的尊重也不会施舍。嘴上喊着平等伙伴，上了台直接抢话筒训观众，转头还暗踩中国是掠夺者，结果台下没一个应声。法军被马里、尼日尔、塞内加尔接连扫地出门，法语地盘丢光了才跑到肯尼亚重新摆摊，但是到底谁在修路建港，谁在真正帮助非洲？人家心里门儿清。,1779104278,2026-05-18 11:37:58+08:00,13,1,0,1779081381446,https://m.weibo.cn/detail/5299889044195290,贵州,5676121461,铁锤小老哥,m,https://m.weibo.cn/u/5676121461?luicode=20000061&lfid=5299889044195290&launchid=10000360-page_H5,"https://tvax1.sinaimg.cn/crop.0.0.1080.1080.180/006c8qu9ly8hx2o02m79dj30u00u0jt3.jpg?KID=imgbed,tva&Expires=1779092161&ssig=mWvmFBsR11",马克龙非洲行翻车,search_contents_2026-05-18.csv,search_post,, 殖民者的瘾没戒掉非洲人的尊重也不会施舍嘴上喊着平等伙伴上了台直接抢话筒训观众转头还暗踩中国是掠夺者结果台下没一个应声法军被马里尼日尔塞内加尔接连扫地出门法语地盘丢光了才跑到肯尼亚重新摆摊但是到底谁在修路建港谁在真正帮助非洲人家心里门儿清,True,False,,-1
5299909771398589,胖哥论坛在肯尼亚峰会青年论坛上，因不满台下观众交谈声干扰，马克龙直接抢过话筒用英语呵斥：要么安静听，要么出去讨论。尽管现场有人鼓掌，但非洲舆论批评此举如老师训斥学生，塞内加尔大学生直言其姿态居高临下。马里政治分析师指出，法国虽用泛非主义包装，但本质仍是家长式态度。#马克龙非洲行翻车##马克龙演讲让观众有话出去说# 第一球迷胖哥的微博视频,1779109220,2026-05-18 13:00:20+08:00,2,1,0,1779081381457,https://m.weibo.cn/detail/5299909771398589,福建,1263692934,第一球迷胖哥,m,https://m.weibo.cn/u/1263692934?luicode=20000061&lfid=5299909771398589&launchid=10000360-page_H5,"https://tva2.sinaimg.cn/crop.0.0.996.996.180/4b526c86jw8fb0zpbfklwj20ro0rojuj.jpg?KID=imgbed,tva&Expires=1779092164&ssig=MBlAZL%2Fs0V",马克龙非洲行翻车,search_contents_2026-05-18.csv,search_post,,胖哥论坛在肯尼亚峰会青年论坛上因不满台下观众交谈声干扰马克龙直接抢过话筒用英语呵斥要么安静听要么出去讨论尽管现场有人鼓掌但非洲舆论批评此举如老师训斥学生塞内加尔大学生直言其姿态居高临下马里政治分析师指出法国虽用泛非主义包装但本质仍是家长式态度 第一球迷胖哥的微博视频,True,False,中午好专程来问候一下,-1
