note_id,content,create_time,create_date_time,liked_count,comments_count,shared_count,last_modify_ts,note_url,ip_location,user_id,nickname,gender,profile_url,avatar,source_keyword,source_file,data_type,ad_filter_reason,cleaned_content,is_meaningful,is_duplicate,all_comments,Topic,sentiment_x,置信度_x,sentiment_y,置信度_y
5289125142859170,#萧蔷翻温峥嵘白眼#温峥嵘眉毛印在萧蔷手上这段是看一次笑一次的程度萧蔷的表情也好好笑，淡淡的幽默感..#萧蔷表情##春日心动放映季# 醋坛子里泡大的的微博视频 ,1776537964,2026-04-18 18:46:04+08:00,4960,102,126,1776518561588,https://m.weibo.cn/detail/5289125142859170,湖南,6511458458,醋坛子里泡大的,m,https://m.weibo.cn/u/6511458458?launchid=10000360-page_H5,"https://tvax2.sinaimg.cn/crop.0.0.1080.1080.180/0076FpNwly8i1g5qjtppkj30u00u0jt1.jpg?KID=imgbed,tva&Expires=1776529318&ssig=KqFPLHM4D6",萧蔷翻温峥嵘白眼,search_contents_2026-04-18.csv,search_post,,温峥嵘眉毛印在萧蔷手上这段是看一次笑一次的程度萧蔷的表情也好好笑淡淡的幽默感 醋坛子里泡大的的微博视频 ,True,False,萧老师这波是用表情包给温老师上了一课 || 这词条是不是有问题哪里翻白眼了只不过假睫毛印在手上了有点口音挺好笑的 || 增龙眉毛印在我叟桑,0,积极,0.934881865978241,积极,0.934881865978241
5289057627408694,#温峥嵘在儿子那翻身了#浪姐二公小考 #萧蔷安慰温峥嵘# 温峥嵘所在庄法团二公小考第一，回宿舍路上温峥嵘想一想都觉得开心。然后温峥嵘说“我可以在我儿子那翻身了”，回程路上温峥嵘说的最多的一句话就是“我都差成这样了，还能怎么着”。而萧蔷则安慰温峥嵘，“不差，真的不差”“魅力应该涵盖很多层面，你的魅力在于你的个性”。而且温峥嵘居然是第一个记住歌词的，姐姐们都好了不起！！ 只看见了姐姐们相互欣赏，没看见啥白眼～别害庄法组，咱们“复仇者联盟”不容易！#萧蔷翻温峥嵘白眼# 芒果捞小黄的微博视频,1776521867,2026-04-18 14:17:47+08:00,1099,50,32,1776518561605,https://m.weibo.cn/detail/5289057627408694,四川,5923558301,芒果捞小黄,m,https://m.weibo.cn/u/5923558301?luicode=20000061&lfid=5289057627408694&launchid=10000360-page_H5,"https://tvax4.sinaimg.cn/crop.5.0.502.502.180/006sSE6Vly8fja9bp22m9j30e80dyaag.jpg?KID=imgbed,tva&Expires=1776529318&ssig=vZQ5nsNqNW",萧蔷翻温峥嵘白眼,search_contents_2026-04-18.csv,search_post,,浪姐二公小考  温峥嵘所在庄法团二公小考第一回宿舍路上温峥嵘想一想都觉得开心然后温峥嵘说我可以在我儿子那翻身了回程路上温峥嵘说的最多的一句话就是我都差成这样了还能怎么着而萧蔷则安慰温峥嵘不差真的不差魅力应该涵盖很多层面你的魅力在于你的个性而且温峥嵘居然是第一个记住歌词的姐姐们都好了不起 只看见了姐姐们相互欣赏没看见啥白眼别害庄法组咱们复仇者联盟不容易 芒果捞小黄的微博视频,True,False,温峥嵘这波是苦尽甘自来舞台上的她真的太有魅力了萧蔷的鼓励也太到位了 || 蔷姐情商高真的很暖 || 萧蔷姐姐看起来好困好疲惫好想静音,0,积极,0.7089881300926208,积极,0.7089881300926208
5289126518855423,#萧蔷翻温峥嵘白眼#萧蔷感觉好嫌弃的样子感觉萧蔷没有一公时候那么开心，不知道是不是我的错觉，感觉有点无所谓了 狐狸是个睡神的微博视频 ,1776538292,2026-04-18 18:51:32+08:00,525,52,11,1776518561610,https://m.weibo.cn/detail/5289126518855423,广东,6475881757,狐狸是个睡神,m,https://m.weibo.cn/u/6475881757?launchid=10000360-page_H5,"https://tvax2.sinaimg.cn/crop.0.0.1080.1080.180/0074g8FLly8icayqcx1eoj30u00u0djq.jpg?KID=imgbed,tva&Expires=1776529318&ssig=s%2FOjRlfmvS",萧蔷翻温峥嵘白眼,search_contents_2026-04-18.csv,search_post,,萧蔷感觉好嫌弃的样子感觉萧蔷没有一公时候那么开心不知道是不是我的错觉感觉有点无所谓了 狐狸是个睡神的微博视频 ,True,False,萧蔷说话真的好有趣啊 || 大家觉得萧蔷是故意的吗 || 到底是在曲解什么啊,0,消极,0.7989920377731323,消极,0.7989920377731323
5289136504443990,#萧蔷翻温峥嵘白眼# 这个乌龙太好笑！乘风2026排练现场，温峥嵘投入靠肩，浓眉印在萧蔷手臂。萧蔷低头瞬间被误读成白眼，本尊淡定调侃：峥嵘，你把眉毛印我手上了。温峥嵘社死捂脸，全场爆笑，哪里有矛盾，全是可爱互动！ 小婕菠萝包的微博视频 ,1776540673,2026-04-18 19:31:13+08:00,85,16,2,1776518561613,https://m.weibo.cn/detail/5289136504443990,江苏,5683417228,小婕菠萝包,f,https://m.weibo.cn/u/5683417228?launchid=10000360-page_H5,"https://tvax4.sinaimg.cn/crop.0.0.1080.1080.180/006cD2rOly8ibg52uk4kwj30u00u0jtf.jpg?KID=imgbed,tva&Expires=1776529318&ssig=2Gpz236u%2Fs",萧蔷翻温峥嵘白眼,search_contents_2026-04-18.csv,search_post,, 这个乌龙太好笑乘风2026排练现场温峥嵘投入靠肩浓眉印在萧蔷手臂萧蔷低头瞬间被误读成白眼本尊淡定调侃峥嵘你把眉毛印我手上了温峥嵘社死捂脸全场爆笑哪里有矛盾全是可爱互动 小婕菠萝包的微博视频 ,True,False,哈哈哈哈 好好玩 安崎好认真 庄法喊baby 萧蔷你把你的眉毛印在我手上了好幽默 温峥嵘真的很没有架子 || 最搞笑的是萧蔷面色平静地说一件很搞笑的事 || 这样的互动多多来,0,积极,0.6688283681869507,积极,0.6688283681869507
5289127702694347,#萧蔷翻温峥嵘白眼#萧蔷面色平静地说一件很搞笑的事蒸笼 你把你的眉毛印在我的手上了哈哈哈哈哈哈哈 Dora_拉拉的微博视频 ,1776538574,2026-04-18 18:56:14+08:00,184,29,7,1776518561615,https://m.weibo.cn/detail/5289127702694347,广东,7758099858,Dora_拉拉,f,https://m.weibo.cn/u/7758099858?launchid=10000360-page_H5,"https://tvax1.sinaimg.cn/crop.0.0.1080.1080.180/008t2caSly8ibu53kaep3j30u00u0wgo.jpg?KID=imgbed,tva&Expires=1776529318&ssig=U%2FFe%2FkPj7f",萧蔷翻温峥嵘白眼,search_contents_2026-04-18.csv,search_post,,萧蔷面色平静地说一件很搞笑的事蒸笼 你把你的眉毛印在我的手上了哈哈哈哈哈哈哈 Dora_拉拉的微博视频 ,True,False,叫她蒸笼哈哈哈哈哈哈哈哈哈哈 || 要是我在现场我肯定会笑得起不来看到她一次就笑一次,0,积极,0.9010181427001952,积极,0.9010181427001952
5289125762568279,#萧蔷翻温峥嵘白眼#没点进来以为发生啥了，点进来之后发现两个姐姐都很可爱啊，这种带着恶意的词条真的有点莫名其妙，人关系不是都挺好的吗。 ,1776538112,2026-04-18 18:48:32+08:00,263,43,0,1776518561618,https://m.weibo.cn/detail/5289125762568279,福建,6232151816,耍赖小高手,f,https://m.weibo.cn/u/6232151816?launchid=10000360-page_H5,"https://tvax3.sinaimg.cn/crop.0.0.705.705.180/006NLtnGly8ib9bgi5ov6j30jl0jl753.jpg?KID=imgbed,tva&Expires=1776529318&ssig=K3Zyu3ZjXH",萧蔷翻温峥嵘白眼,search_contents_2026-04-18.csv,search_post,,没点进来以为发生啥了点进来之后发现两个姐姐都很可爱啊这种带着恶意的词条真的有点莫名其妙人关系不是都挺好的吗 ,True,False,你们觉得莫名其妙吗 || 就是喜欢这样的 恶剪搞话题 || 两人都挺好的,0,消极,0.7371752262115479,消极,0.7371752262115479
5289145565187038,#萧蔷翻温峥嵘白眼#姐姐们都在教温峥嵘唱歌，温峥嵘没绷住，靠在了萧蔷的怀里，大家都在夸她学的好，萧蔷却一脸凝重地盯着，刚刚被温峥嵘碰过的胳膊。她犹豫了一下，才喊着温峥嵘，“你把你的眉毛印在我的手上了。”安崎笑着问：“你干嘛眉毛要画那么浓的姐？”温峥嵘解释着：“不是，她们给我画的，不是我画的，我不会化妆。”温峥嵘刚说完，萧蔷立马就招呼着大家赶紧唱歌，这也太好笑了。 娱圈十三妹的微博视频,1776542833,2026-04-18 20:07:13+08:00,163,47,26,1776518561621,https://m.weibo.cn/detail/5289145565187038,安徽,2528848664,娱圈十三妹,f,https://m.weibo.cn/u/2528848664?luicode=20000061&lfid=5289145565187038&launchid=10000360-page_H5,"https://tvax2.sinaimg.cn/crop.0.0.512.512.180/96bb2b18ly8gcx91x5kr2j20e80e8mxg.jpg?KID=imgbed,tva&Expires=1776529328&ssig=RtLpnvyI73",萧蔷翻温峥嵘白眼,search_contents_2026-04-18.csv,search_post,,姐姐们都在教温峥嵘唱歌温峥嵘没绷住靠在了萧蔷的怀里大家都在夸她学的好萧蔷却一脸凝重地盯着刚刚被温峥嵘碰过的胳膊她犹豫了一下才喊着温峥嵘你把你的眉毛印在我的手上了安崎笑着问你干嘛眉毛要画那么浓的姐温峥嵘解释着不是她们给我画的不是我画的我不会化妆温峥嵘刚说完萧蔷立马就招呼着大家赶紧唱歌这也太好笑了 娱圈十三妹的微博视频,True,False,这糖我嗑了 || 如此有趣的互动太搞笑了 || 哈哈哈哈这也太搞笑了,0,中性,0.6470200419425964,中性,0.6470200419425964
5289161076771219,#萧蔷翻温峥嵘白眼#这这这，有矛盾了嘛？两位都是美女姐姐呀 ,1776546531,2026-04-18 21:08:51+08:00,0,0,0,1776518561624,https://m.weibo.cn/detail/5289161076771219,吉林,7807884980,鱼干不爱吃香菜_,f,https://m.weibo.cn/u/7807884980?launchid=10000360-page_H5,"https://tvax2.sinaimg.cn/crop.0.0.1080.1080.180/008wp5yIly8ic3w877qt0j30u00u00w0.jpg?KID=imgbed,tva&Expires=1776529318&ssig=KD2twMk%2FMF",萧蔷翻温峥嵘白眼,search_contents_2026-04-18.csv,search_post,,这这这有矛盾了嘛两位都是美女姐姐呀 ,True,False,,0,消极,0.5906915664672852,消极,0.5906915664672852
5289160996820068,#萧蔷翻温峥嵘白眼# 所以这到底是怎么回事？看标题以为关系不好呢 ,1776546512,2026-04-18 21:08:32+08:00,50,10,0,1776518561627,https://m.weibo.cn/detail/5289160996820068,安徽,7284898555,白糖块,m,https://m.weibo.cn/u/7284898555?launchid=10000360-page_H5,"https://tvax1.sinaimg.cn/crop.0.0.1080.1080.180/007X0GTNly8ibwgjjg4ftj30u00u0n0e.jpg?KID=imgbed,tva&Expires=1776529318&ssig=85Nw1XlOTr",萧蔷翻温峥嵘白眼,search_contents_2026-04-18.csv,search_post,, 所以这到底是怎么回事看标题以为关系不好呢 ,True,False,心向暖阳步履不停让笑容如阳光般灿烂每一步都踏在希望的田野上明媚正好未来可期 || 怎么回事呀 || 春天太美好了我的生活绕着彩虹碎片东升西落,0,消极,0.5256065130233765,消极,0.5256065130233765
5289160870992921,#萧蔷翻温峥嵘白眼#好好好 萧蔷翻温峥嵘白眼 ,1776546482,2026-04-18 21:08:02+08:00,0,1,0,1776518561629,https://m.weibo.cn/detail/5289160870992921,河南,7724217610,桃桃蓁念森,f,https://m.weibo.cn/u/7724217610?launchid=10000360-page_H5,"https://tvax3.sinaimg.cn/crop.0.0.1080.1080.180/008qK1R0ly8i8gj7mi1n5j30u00u0779.jpg?KID=imgbed,tva&Expires=1776529318&ssig=sKm4y6iGIa",萧蔷翻温峥嵘白眼,search_contents_2026-04-18.csv,search_post,,好好好 萧蔷翻温峥嵘白眼 ,True,False,这话题火了不过咱们还是聊聊妆容吧你觉得温峥嵘和萧蔷谁的妆容更适合自己呢,0,积极,0.7198547124862671,积极,0.7198547124862671
5288990628120110,“中国城市宜居水平排行榜”！ ,1776505893,2026-04-18 09:51:33+08:00,12998,2984,697,1776518810960,https://m.weibo.cn/detail/5288990628120110,山东,1661598840,传媒老王,m,https://m.weibo.cn/u/1661598840?launchid=10000360-page_H5,"https://tva1.sinaimg.cn/crop.40.59.274.274.180/6309fc78gw1ek308o02aoj20b30cqq5l.jpg?KID=imgbed,tva&Expires=1776529577&ssig=Rx3raznePW",中国城市宜居水平排行榜,search_contents_2026-04-18.csv,search_post,,中国城市宜居水平排行榜 ,True,False,台湾赶紧的收回来吧 || 一本正经的胡说八道 || 社科院发布的宜居城市榜单主要依据五大维度医疗教育20经济就业25气候20收入消费15和娱乐美食20其中经济就业占比最高需注意不同榜单侧重点不同如华东理工大学侧重社会发展指数中规院关注城市活力评查看全部戳gt微博智搜,0,中性,0.8117112517356873,中性,0.8117112517356873
5289159435492861,不管怎么排，青岛的宜居国内绝对应该排第一！#中国城市宜居水平排行榜# ,1776546140,2026-04-18 21:02:20+08:00,122,47,3,1776518810963,https://m.weibo.cn/detail/5289159435492861,山东,2827386331,科技新一,m,https://m.weibo.cn/u/2827386331?launchid=10000360-page_H5,"https://tvax4.sinaimg.cn/crop.0.0.1080.1080.180/a8867ddbly8i6683mrfp2j20u00u03zr.jpg?KID=imgbed,tva&Expires=1776529577&ssig=tBbwaO5fO9",中国城市宜居水平排行榜,search_contents_2026-04-18.csv,search_post,,不管怎么排青岛的宜居国内绝对应该排第一 ,True,False,感觉有点潮 || 世界上最快的男人在青岛 || 新一有点潮吧,0,积极,0.7467027306556702,积极,0.7467027306556702
5289112328213328,中国城市宜居水平排行榜，果然青岛榜上有名。我觉得青岛绝对算得上是北方最宜居的城市，不服来辩！！！ ,1776534909,2026-04-18 17:55:09+08:00,319,77,17,1776518810966,https://m.weibo.cn/detail/5289112328213328,山东,3598191612,阿疯说车,m,https://m.weibo.cn/u/3598191612?launchid=10000360-page_H5,"https://tvax4.sinaimg.cn/crop.20.0.983.983.180/d6780bfcly8hynkm5imsqj20sg0rbadm.jpg?KID=imgbed,tva&Expires=1776529577&ssig=auquyKbLE9",中国城市宜居水平排行榜,search_contents_2026-04-18.csv,search_post,,中国城市宜居水平排行榜果然青岛榜上有名我觉得青岛绝对算得上是北方最宜居的城市不服来辩 ,True,False,为什么辩   谁跟你辩 || 好想去青岛 || 这榜单连一二三线城市划分都是错的,0,积极,0.8733350038528442,积极,0.8733350038528442
5289133729123877,天津上榜了，不过这个图好多城市都划分错了吧……烟台是三线城市吗？我记得不是二线吗？看这个图感觉好多一线城市都不宜居，可能是我的工资不太够#中国城市宜居水平排行榜# ,1776540011,2026-04-18 19:20:11+08:00,155,30,5,1776518810968,https://m.weibo.cn/detail/5289133729123877,天津,5110720168,科技狗蛋,f,https://m.weibo.cn/u/5110720168?launchid=10000360-page_H5,"https://tvax1.sinaimg.cn/crop.0.0.512.512.180/005zS3Msly8gvv2ylwhvpj30e80e8t9o.jpg?KID=imgbed,tva&Expires=1776529577&ssig=5JeYRmaHeR",中国城市宜居水平排行榜,search_contents_2026-04-18.csv,search_post,,天津上榜了不过这个图好多城市都划分错了吧烟台是三线城市吗我记得不是二线吗看这个图感觉好多一线城市都不宜居可能是我的工资不太够 ,True,False,我比较喜欢云南 || 图示或有误烟台确为二线一线居住成本高 || 烟台真是低调看这排名一线城市好贵啊我的工资买不上房,0,消极,0.7117375135421753,消极,0.7117375135421753
5289160485112082,#中国城市宜居水平排行榜#社科院从医疗教育、经济就业、气候环境、收入消费、生活娱乐五大维度，评选出了国内70座宜居城市✅ 一线宜居城市（13个）上海、台北、广州、北京、深圳、长沙、青岛、武汉、南京、重庆、天津、成都、香港 ✅ 二线宜居城市（17个）杭州、澳门、无锡、西安、郑州、济南、宁波、苏州、南昌、大连、福州、厦门、合肥、高雄、温州、石家庄、昆明 ✅ 三线宜居城市（40个）台中、新北、东莞、贵阳、烟台、嘉兴、佛山、常州、绍兴、南宁、沈阳、泉州、太原、中山、南通、珠海、芜湖、宜昌、洛阳、兰州、湖州、台州、金华、乌鲁木齐、威海、唐山、扬州、榆林、惠州、荆州、镇江、赣州、常德、绵阳、岳阳、遵义、漳州、泰州、盐城、徐州你在哪里生活？,1776546390,2026-04-18 21:06:30+08:00,22,3,2,1776518810970,https://m.weibo.cn/detail/5289160485112082,广东,5745346177,电车室长,m,https://m.weibo.cn/u/5745346177?luicode=20000061&lfid=5289160485112082&launchid=10000360-page_H5,"https://tvax4.sinaimg.cn/crop.0.0.1080.1080.180/006gOSZPly8ia5rxwdnrqj30u00u0dkg.jpg?KID=imgbed,tva&Expires=1776529578&ssig=fpGlcJ2vCa",中国城市宜居水平排行榜,search_contents_2026-04-18.csv,search_post,,社科院从医疗教育经济就业气候环境收入消费生活娱乐五大维度评选出了国内70座宜居城市 一线宜居城市13个上海台北广州北京深圳长沙青岛武汉南京重庆天津成都香港  二线宜居城市17个杭州澳门无锡西安郑州济南宁波苏州南昌大连福州厦门合肥高雄温州石家庄昆明  三线宜居城市40个台中新北东莞贵阳烟台嘉兴佛山常州绍兴南宁沈阳泉州太原中山南通珠海芜湖宜昌洛阳兰州湖州台州金华乌鲁木齐威海唐山扬州榆林惠州荆州镇江赣州常德绵阳岳阳遵义漳州泰州盐城徐州你在哪里生活,True,False,感觉差不多吧,0,中性,0.6516129970550537,中性,0.6516129970550537
5289163370796480,#中国城市宜居水平排行榜#有北京啊 那很不对了 ,1776547078,2026-04-18 21:17:58+08:00,2,3,0,1776518810972,https://m.weibo.cn/detail/5289163370796480,河北,5673640356,山程榆关,m,https://m.weibo.cn/u/5673640356?launchid=10000360-page_H5,"https://tvax3.sinaimg.cn/crop.0.0.1080.1080.180/006bY12kly8h8a956u76wj30u00u0jtd.jpg?KID=imgbed,tva&Expires=1776529577&ssig=eLFTT%2BHYyY",中国城市宜居水平排行榜,search_contents_2026-04-18.csv,search_post,,有北京啊 那很不对了 ,True,False,还有hk 哪里宜居了 这不是岭南吗流放吗有意思,0,消极,0.8205907344818115,消极,0.8205907344818115
5289162508863407,#中国城市宜居水平排行榜#呵呵，砖家说是就是吧～ ,1776546873,2026-04-18 21:14:33+08:00,0,0,0,1776518810975,https://m.weibo.cn/detail/5289162508863407,四川,6393228525,岁月清浅如_歌,f,https://m.weibo.cn/u/6393228525?launchid=10000360-page_H5,"https://tvax3.sinaimg.cn/crop.0.0.1080.1080.180/006YFkN7ly8huduufghbwj30u00u0ady.jpg?KID=imgbed,tva&Expires=1776529577&ssig=BiFbtVDsfY",中国城市宜居水平排行榜,search_contents_2026-04-18.csv,search_post,,呵呵砖家说是就是吧 ,True,False,,0,中性,0.7607521414756775,中性,0.7607521414756775
5289157442145895,#中国城市宜居水平排行榜#北京和深圳？这真的不是牛马排行榜吗😳 ,1776545665,2026-04-18 20:54:25+08:00,42,5,0,1776518810977,https://m.weibo.cn/detail/5289157442145895,北京,6081175956,一绾猫崽茶,f,https://m.weibo.cn/u/6081175956?launchid=10000360-page_H5,"https://tvax4.sinaimg.cn/crop.0.0.1080.1080.180/006DxZFaly8ia4pkfoinzj30u00u0wh2.jpg?KID=imgbed,tva&Expires=1776529577&ssig=j68qxb9PUw",中国城市宜居水平排行榜,search_contents_2026-04-18.csv,search_post,,北京和深圳这真的不是牛马排行榜吗 ,True,False,人生的路经历过才知道有短有长岁月在无憾中微笑才美丽回过头想着明天抱一抱那些年最初的梦想在我们心中依旧完美我们只需要记住那些完美把握此刻活在当下才是真理 || 人人存善念并能日行一善则个人家庭社会一定安乐祥和这世上有时笑笑人家有时给别人笑笑放轻松给自己快乐也给别人快乐同学丢一张纸屑一那是制造恶业我们捡起一张纸屑一这是累积善业 || 我们生在红旗下长在春风里目光所至皆为华夏五星闪耀皆为信仰人民有信仰国家有力量民族有希望欣逢盛世当不负盛世愿吾辈之青春捍卫这盛世之中华,0,消极,0.5851134061813354,消极,0.5851134061813354
5289155341063236,#中国城市宜居水平排行榜#这里面…应该是不宜居的城市吧！什么S和b评出来-！ ,1776545164,2026-04-18 20:46:04+08:00,0,0,0,1776518810979,https://m.weibo.cn/detail/5289155341063236,广东,6579190230,老米之扬,m,https://m.weibo.cn/u/6579190230?launchid=10000360-page_H5,"https://tvax3.sinaimg.cn/crop.0.0.675.675.180/007bfBVsly8hobjgq72lrj30ir0irjsk.jpg?KID=imgbed,tva&Expires=1776529577&ssig=Tdq1BA7fsS",中国城市宜居水平排行榜,search_contents_2026-04-18.csv,search_post,,这里面应该是不宜居的城市吧什么S和b评出来 ,True,False,,0,消极,0.6168792843818665,消极,0.6168792843818665
5289155014954994,中国城市宜居水平排行榜发布，香港入选 @新浪新闻 中国城市宜居水平排行榜发布，香港入选 ,1776545086,2026-04-18 20:44:46+08:00,2,1,0,1776518810981,https://m.weibo.cn/detail/5289155014954994,中国香港,2201419592,ramsss,m,https://m.weibo.cn/u/2201419592?launchid=10000360-page_H5,"https://tvax4.sinaimg.cn/crop.0.0.996.996.180/8336ff48ly8g2oci6f75fj20ro0rowg3.jpg?KID=imgbed,tva&Expires=1776529577&ssig=%2FxGu4jqTcV",中国城市宜居水平排行榜,search_contents_2026-04-18.csv,search_post,,中国城市宜居水平排行榜发布香港入选  中国城市宜居水平排行榜发布香港入选 ,True,False,京东超级18官方补贴至高领1888红包  网页链接,0,中性,0.599841833114624,中性,0.599841833114624
5289017925176985,#魏建军说车堪比教科书# 4月17日，魏牌V9X正式开启预售，预售价37.18万元起。这也是长城汽车归元S平台下的首款旗舰量产车型。在发布会上，长城汽车魏建军说了一句很有启发性的话：&quot;现在很多企业参数越标越高，承诺越说越满，交付时货不对板，把用户当期货测试员。整个行业的信用，比一张汇票还薄。&quot;他提到了山西平遥的日昇昌票号。清代掌柜把名字签在票据上，落笔即契约，见票即兑。而这也是魏建军亲自站出来代言这台车的原因——魏牌用他的姓立起来，魏牌V9X上签的也是他的名字。这番话放在魏牌V9X身上恰如其分。新车基于归元S平台打造，从动力到智能做到了全栈自研，在产品力方面也达到了长城汽车新的高度。除了技术的精进，新车背后更有一套非常核心的造车逻辑：“我们归元S平台的核心，就是去伪存真、实事求是，好看不能当饭吃，安全才是底线。所以我们咬死了，就用机械结构的门把手，首先确保功能，确保安全，绝不为了跟风牺牲用户的核心利益。”由此可以看出，在一项项参数和产品背后，正是一个造了36年车的人在为它担保。,1776512401,2026-04-18 11:40:01+08:00,1547,1732,1326,1776519083473,https://m.weibo.cn/detail/5289017925176985,,1644088831,新浪汽车,m,https://m.weibo.cn/u/1644088831?luicode=20000061&lfid=5289017925176985&launchid=10000360-page_H5,"https://tvax2.sinaimg.cn/crop.0.0.1005.1005.180/001NgqBNly8h8vcyq32hdj60rx0rxt9j02.jpg?KID=imgbed,tva&Expires=1776529830&ssig=1IiVcgp8q5",魏牌V9X预售37.18万元起,search_contents_2026-04-18.csv,search_post,, 4月17日魏牌V9X正式开启预售预售价3718万元起这也是长城汽车归元S平台下的首款旗舰量产车型在发布会上长城汽车魏建军说了一句很有启发性的话quot现在很多企业参数越标越高承诺越说越满交付时货不对板把用户当期货测试员整个行业的信用比一张汇票还薄quot他提到了山西平遥的日昇昌票号清代掌柜把名字签在票据上落笔即契约见票即兑而这也是魏建军亲自站出来代言这台车的原因魏牌用他的姓立起来魏牌V9X上签的也是他的名字这番话放在魏牌V9X身上恰如其分新车基于归元S平台打造从动力到智能做到了全栈自研在产品力方面也达到了长城汽车新的高度除了技术的精进新车背后更有一套非常核心的造车逻辑我们归元S平台的核心就是去伪存真实事求是好看不能当饭吃安全才是底线所以我们咬死了就用机械结构的门把手首先确保功能确保安全绝不为了跟风牺牲用户的核心利益由此可以看出在一项项参数和产品背后正是一个造了36年车的人在为它担保,True,False,魏总做车太用心了 || 评论区围绕契约精神务实安全技术自研三大主题展开65讨论魏建军以姓氏担保的诚信举动类比清代票号见票即兑被视为对行业虚标乱象的有力回应20认可机械门把手等设计坚守安全底线称赞不跟风的务实态度15肯定归元S平台全查看全部戳gt微博智搜 || 去伪存真实事求是安全才是底线在一项项参数和产品背后正是一个造了36年车的人在为它担保,-1,消极,0.7370045781135559,消极,0.7370045781135559
5288814261050007,#魏牌V9X# AI豪华六座旗舰预售价格37.18万元起尊享预订通道现已正式开启一图速览购车流程及专属预售权益#魏牌V9X正式开启预售##魏牌V9X首个AI智能体汽车# ,1776463844,2026-04-17 22:10:44+08:00,1509,104,70,1776519083477,https://m.weibo.cn/detail/5288814261050007,北京,6055831093,魏牌,m,https://m.weibo.cn/u/6055831093?launchid=10000360-page_H5,"https://tvax4.sinaimg.cn/crop.0.0.600.600.180/006BPEj3ly8i9piu69yjij30go0goglp.jpg?KID=imgbed,tva&Expires=1776529829&ssig=7SHmbYKZ7W",魏牌V9X预售37.18万元起,search_contents_2026-04-18.csv,search_post,, AI豪华六座旗舰预售价格3718万元起尊享预订通道现已正式开启一图速览购车流程及专属预售权益 ,True,False,评论区对魏牌V9X的3718万元起预售价争议较大45用户质疑定价过高担心销量25认为对比极氪等竞品缺乏优势仅15肯定AI配置和预售权益的诚意整体观望情绪浓厚期待最终价格继续提问戳gt微博智搜 || 魏牌V9X这名字和配置都透着一股旗舰的霸气 || 从这配置看到了魏牌乃至长城进军高端的决心,-1,中性,0.6140747666358948,中性,0.6140747666358948
5288809675627559,魏牌V9X 正式开启预售，预售价格37.18 万元起其实真的想去保定参加一次发布会，最近每次发布会都不凑巧。这次是派我司大长腿178浙传女学生去现场参会的。#百万级AI汽车平台归元S面世##魏建军为魏牌V9X品质背书##归元S平台将引发汽车产业质变##魏牌V9X正式开启预售# ,1776462751,2026-04-17 21:52:31+08:00,91,30,3,1776519083484,https://m.weibo.cn/detail/5288809675627559,上海,1747780592,花叔,m,https://m.weibo.cn/u/1747780592?launchid=10000360-page_H5,"https://tvax1.sinaimg.cn/crop.0.0.1080.1080.180/682d03f0ly8hjkgac44faj20u00u076l.jpg?KID=imgbed,tva&Expires=1776529829&ssig=kHj71VFChX",魏牌V9X预售37.18万元起,search_contents_2026-04-18.csv,search_post,,魏牌V9X 正式开启预售预售价格3718 万元起其实真的想去保定参加一次发布会最近每次发布会都不凑巧这次是派我司大长腿178浙传女学生去现场参会的 ,True,False,想看178大长腿浙传女大 || 不错的汽车,-1,中性,0.6492548584938049,中性,0.6492548584938049
5289032523186980,魏牌V9X预售37.18万起，魏建军亲自站台讲技术，确实能看出是六年磨一剑的产品。归元S平台的核心逻辑是&quot;舱驾一体&quot;——把感知、决策、执行的链路打通，降低系统延迟。简单说就是车从&quot;执行指令&quot;变成&quot;预判需求&quot;。双VLA大模型、超级Hi4、AI数字底盘这些配置，放在全尺寸六座、1700公里续航的车上，这个定价在两年前确实不敢想。魏总说团队&quot;不会营销&quot;，与其说是谦虚，不如说是把资源押在了产品上。当行业还在卷算力堆硬件、玩话术造热度的时候，魏牌选择先解决&quot;车该怎么造&quot;的本源问题。至于能不能成为汽车行业的&quot;iPhone时刻&quot;，最终还得看交付后的实际体验。但至少，魏建军愿意以个人声誉给这台车背书，态度是摆在这儿了。#魏建军说车堪比教科书##魏牌V9X预售37.18万元起##魏牌V9X正式开启预售# 高彦Will的微博视频,1776515882,2026-04-18 12:38:02+08:00,267,65,8,1776519083486,https://m.weibo.cn/detail/5289032523186980,辽宁,1554226303,高彦Will,m,https://m.weibo.cn/u/1554226303?luicode=20000061&lfid=5289032523186980&launchid=10000360-page_H5,"https://tvax4.sinaimg.cn/crop.0.0.1080.1080.180/5ca39c7fly8hodvelzpxcj20u00u041h.jpg?KID=imgbed,tva&Expires=1776529840&ssig=zQ9BHyWHwq",魏牌V9X预售37.18万元起,search_contents_2026-04-18.csv,search_post,,魏牌V9X预售3718万起魏建军亲自站台讲技术确实能看出是六年磨一剑的产品归元S平台的核心逻辑是quot舱驾一体quot把感知决策执行的链路打通降低系统延迟简单说就是车从quot执行指令quot变成quot预判需求quot双VLA大模型超级Hi4AI数字底盘这些配置放在全尺寸六座1700公里续航的车上这个定价在两年前确实不敢想魏总说团队quot不会营销quot与其说是谦虚不如说是把资源押在了产品上当行业还在卷算力堆硬件玩话术造热度的时候魏牌选择先解决quot车该怎么造quot的本源问题至于能不能成为汽车行业的quotiPhone时刻quot最终还得看交付后的实际体验但至少魏建军愿意以个人声誉给这台车背书态度是摆在这儿了 高彦Will的微博视频,True,False,起码他和雷军还是两个说实话的剩下的这帮国产老板每一个好人 || 起步价都是三十多万哈 || 车挺好就是外观太保定了,-1,中性,0.5087883472442627,中性,0.5087883472442627
5288826613796011,一车双尺寸！魏牌V9X 预售价37.18万元起！全栈自研归元S平台打造超级Hi4插混+后轮转向#魏牌V9X正式开启预售##魏牌V9X# 太平洋汽车网的微博视频 ,1776466789,2026-04-17 22:59:49+08:00,1,1,1,1776519083489,https://m.weibo.cn/detail/5288826613796011,,2298836177,太平洋汽车网,m,https://m.weibo.cn/u/2298836177?launchid=10000360-page_H5,"https://tvax3.sinaimg.cn/crop.0.0.600.600.180/002vzGiRly8i29by5rkjij60go0gogma02.jpg?KID=imgbed,tva&Expires=1776529829&ssig=1DycKafFKW",魏牌V9X预售37.18万元起,search_contents_2026-04-18.csv,search_post,,一车双尺寸魏牌V9X 预售价3718万元起全栈自研归元S平台打造超级Hi4插混后轮转向 太平洋汽车网的微博视频 ,True,False,魏牌V9X预售3718万起全栈自研Hi4插混后轮转向性价比爆棚,-1,中性,0.6734616160392761,中性,0.6734616160392761
5288816827958040,原以为卖50多万，结果今晚魏牌V9X价格一出来我都惊了，37.18万起，顶配也就41.18万。这可是长城旗下最豪华的SUV。 作为归元S平台第一款车，AI豪华六座，魏牌不仅仅造车，更是在做一台移动的机器人，同时也在做文化输出。你要的，都有。同时还有长短轴距可以选。 现在订车3000抵10000，而且还是预售，你们觉得这价香不香？#百万级AI汽车平台归元S面世##魏建军为魏牌V9X品质背书##归元S平台将引发汽车产业质变##魏牌V9X正式开启预售#,1776464455,2026-04-17 22:20:55+08:00,95,40,9,1776519083492,https://m.weibo.cn/detail/5288816827958040,广东,3175087234,梁一鸣Max,m,https://m.weibo.cn/u/3175087234?luicode=20000061&lfid=5288816827958040&launchid=10000360-page_H5,"https://tva3.sinaimg.cn/crop.106.24.313.313.180/bd3ffc82gw1e8jk24rip0j20ei0d0tan.jpg?KID=imgbed,tva&Expires=1776529850&ssig=e9S5b3apYq",魏牌V9X预售37.18万元起,search_contents_2026-04-18.csv,search_post,,原以为卖50多万结果今晚魏牌V9X价格一出来我都惊了3718万起顶配也就4118万这可是长城旗下最豪华的SUV 作为归元S平台第一款车AI豪华六座魏牌不仅仅造车更是在做一台移动的机器人同时也在做文化输出你要的都有同时还有长短轴距可以选 现在订车3000抵10000而且还是预售你们觉得这价香不香,True,False,又一个3字头好猛啊 || 哇哦魏牌V9X价格亲民到让喵心动长城不仅造车更造惊喜你的眼光太毒辣了这车简直就是移动的科技猫窝温馨又智能 || 我也以为要50结果还行耶,-1,积极,0.5048518776893616,积极,0.5048518776893616
5289142556557949,晚安#晚安心语#卸下一周疲惫，愿你好梦安稳✨晚安，周末愉快～#魏牌V9X预售37.18万元起##大众这波郭培合作审美在大气层##奥迪海外第一个智能电动技术中心##揽胜无出其胜# ,1776542116,2026-04-18 19:55:16+08:00,4,39,0,1776519083496,https://m.weibo.cn/detail/5289142556557949,,2588129852,江北发布,m,https://m.weibo.cn/u/2588129852?launchid=10000360-page_H5,"https://tvax4.sinaimg.cn/crop.0.0.600.600.180/9a43ba3cly8hyd8biklboj20go0got9q.jpg?KID=imgbed,tva&Expires=1776529829&ssig=pddEBudUBz",魏牌V9X预售37.18万元起,search_contents_2026-04-18.csv,search_post,,晚安卸下一周疲惫愿你好梦安稳晚安周末愉快 ,True,False,晚安愿你的梦里没有烦恼只有星光和月亮的温柔拥抱 || 晚安江北今夜好梦,0,积极,0.9799639582633972,积极,0.9799639582633972
5288802831564899,魏牌V9X 正式开启预售预售价格37.18 万元起这段视频听的最多的几个字就是“全系标配”#魏牌V9X##魏牌V9X首个AI智能体汽车##魏牌V9X正式开启预售# 胡正阳-的微博视频 ,1776461118,2026-04-17 21:25:18+08:00,78,13,5,1776519083500,https://m.weibo.cn/detail/5288802831564899,河北,2099287323,胡正阳-,m,https://m.weibo.cn/u/2099287323?launchid=10000360-page_H5,"https://tvax4.sinaimg.cn/crop.0.0.1080.1080.180/7d20951bly8ibtofznt8uj20u00u075v.jpg?KID=imgbed,tva&Expires=1776529829&ssig=8Ougd%2BJz1W",魏牌V9X预售37.18万元起,search_contents_2026-04-18.csv,search_post,,魏牌V9X 正式开启预售预售价格3718 万元起这段视频听的最多的几个字就是全系标配 胡正阳的微博视频 ,True,False,这价格没戏 || 还是零跑有诚意啊 || 最新新车太多这款车存在感不强魏总批评的是对的,-1,中性,0.7073760032653809,中性,0.7073760032653809
5289032537085564,许凯都这样了还催什么数据，各方面的没救了啊 #许凯 怪我# ,1776515885,2026-04-18 12:38:05+08:00,2698,178,16,1776519311976,https://m.weibo.cn/detail/5289032537085564,北京,6323095999,不甜李下,f,https://m.weibo.cn/u/6323095999?launchid=10000360-page_H5,"https://tvax4.sinaimg.cn/crop.0.0.996.996.180/006TV47lly8gtwcq18or2j30ro0ro40f.jpg?KID=imgbed,tva&Expires=1776530099&ssig=iJbfZDDU%2FK",许凯 怪我,search_contents_2026-04-18.csv,search_post,,许凯都这样了还催什么数据各方面的没救了啊  ,True,False,优质评论聚焦粉丝数据意义与艺人现状如指出随手发博像上班爱好变超累反映数据维护疲惫感理性质疑数据对艺人实际作用揭示数据好满足虚荣心可吹流量生的行业现象另提及合约到期常见舆论及公司自导自演等资本视角展现多元探讨查看全部戳gt微博智搜 || 请问之前他是突然发生什么了啊 || 大家都去腾讯X剧场看今年第一部精品悬疑剧方圆八百米,0,消极,0.8589309453964233,消极,0.8589309453964233
5288985867847395,许凯粉丝在超话训粉，许凯回复这个粉丝：“怪我。” ,1776504758,2026-04-18 09:32:38+08:00,2188,106,32,1776519311983,https://m.weibo.cn/detail/5288985867847395,河北,5751949769,叫我姨太好了,f,https://m.weibo.cn/u/5751949769?launchid=10000360-page_H5,"https://tvax4.sinaimg.cn/crop.0.0.400.400.180/006hgATnly8gio4jvwr7rj30b40b4q35.jpg?KID=imgbed,tva&Expires=1776530099&ssig=GOUEo1askc",许凯 怪我,search_contents_2026-04-18.csv,search_post,,许凯粉丝在超话训粉许凯回复这个粉丝怪我 ,True,False,就怪他确实该怪他因为剧太好看了so丝没空做数据 || 要我说也是怪许凯怪他方圆八百米昨日开播粉丝都去看剧了 || 就怪许凯啊 剧太好看了  全跑去看方圆八百米去了不过这是情话耶,0,消极,0.5873708724975586,消极,0.5873708724975586
5289071275414152,许凯粉丝超话抱怨数据下滑，许凯回复：怪我！网友：怪许凯演技太好，全员剧粉，一播剧就都去看剧了方圆八百米陈辉的塑造和刻画真诚有魅力！#许凯 怪我# ,1776525121,2026-04-18 15:12:01+08:00,598,54,46,1776519311987,https://m.weibo.cn/detail/5289071275414152,四川,1549115867,热娱榜,f,https://m.weibo.cn/u/1549115867?launchid=10000360-page_H5,"https://tvax4.sinaimg.cn/crop.0.0.1080.1080.180/5c55a1dbly8gmlaix3b1gj20u00u0acg.jpg?KID=imgbed,tva&Expires=1776530099&ssig=TCQQr2fbwC",许凯 怪我,search_contents_2026-04-18.csv,search_post,,许凯粉丝超话抱怨数据下滑许凯回复怪我网友怪许凯演技太好全员剧粉一播剧就都去看剧了方圆八百米陈辉的塑造和刻画真诚有魅力 ,True,False,没看到回复之前我还以为要安慰粉丝不要太在意这些呢 || 对许凯印象还在延禧攻略富察傅恒的时候太帅了 || 这回应太宠粉了演技有突破自己也有信心,0,积极,0.8001449704170227,积极,0.8001449704170227
5289085796619363,许凯都踏成啥样了，还争一番粉丝又支楞起来了，再吵下去，到时候嫂子再闹闹，别播了#许凯 怪我# ,1776528583,2026-04-18 16:09:43+08:00,426,62,3,1776519311992,https://m.weibo.cn/detail/5289085796619363,山东,6354913856,野生炸姐,f,https://m.weibo.cn/u/6354913856?launchid=10000360-page_H5,"https://tvax1.sinaimg.cn/crop.21.0.351.351.180/006W4zoAly8gck81ow4umj30am09rtcz.jpg?KID=imgbed,tva&Expires=1776530099&ssig=Yh0H0CF%2F9u",许凯 怪我,search_contents_2026-04-18.csv,search_post,,许凯都踏成啥样了还争一番粉丝又支楞起来了再吵下去到时候嫂子再闹闹别播了 ,True,False,真的一番被坑为什么不能说话以后番位可以随便被偷了呗 || 本来就是一番什么叫争到底谁在争 || 本就是一番何来争字一说,0,消极,0.847783625125885,消极,0.847783625125885
5289125876862965,#许凯 怪我#越黑越有 请继续 22000我们来啦 ,1776538139,2026-04-18 18:48:59+08:00,147,8,4,1776519311996,https://m.weibo.cn/detail/5289125876862965,湖北,6627761655,春和告白,f,https://m.weibo.cn/u/6627761655?launchid=10000360-page_H5,"https://tvax2.sinaimg.cn/crop.0.0.1080.1080.180/007expzxly8iamzuzy8xrj30u00u040i.jpg?KID=imgbed,tva&Expires=1776530099&ssig=YjhQfSrESe",许凯 怪我,search_contents_2026-04-18.csv,search_post,,越黑越有 请继续 22000我们来啦 ,True,False,,0,积极,0.9779886603355408,积极,0.9779886603355408
5289167581877843,许凯一句“怪我”封神！内娱最不装的明星出现了#许凯 怪我##一分钟精选视频扶持计划# 莫染玄音的微博视频 ,1776548082,2026-04-18 21:34:42+08:00,0,0,0,1776519312001,https://m.weibo.cn/detail/5289167581877843,北京,7794886064,莫染玄音,f,https://m.weibo.cn/u/7794886064?launchid=10000360-page_H5,"https://tvax2.sinaimg.cn/crop.0.0.1080.1080.180/008vwxWMly8i5ok3vijeyj30u00u0q6y.jpg?KID=imgbed,tva&Expires=1776530099&ssig=46mLcqF%2B2R",许凯 怪我,search_contents_2026-04-18.csv,search_post,,许凯一句怪我封神内娱最不装的明星出现了 莫染玄音的微博视频 ,True,False,,0,消极,0.8127580285072327,消极,0.8127580285072327
5289167340966195,#许凯 怪我#so沉默了这么久终于忍不住出来说点俏皮话咯 ,1776548025,2026-04-18 21:33:45+08:00,0,0,0,1776519312005,https://m.weibo.cn/detail/5289167340966195,上海,3835182923,只要冰凉凉,f,https://m.weibo.cn/u/3835182923?launchid=10000360-page_H5,"https://tvax4.sinaimg.cn/crop.0.0.800.800.180/e4983f4bly8ibgups67zaj20m80m8t9n.jpg?KID=imgbed,tva&Expires=1776530099&ssig=fHTXMx0crb",许凯 怪我,search_contents_2026-04-18.csv,search_post,,so沉默了这么久终于忍不住出来说点俏皮话咯 ,True,False,,0,积极,0.5980894565582275,积极,0.5980894565582275
5289166768178927,#许凯 怪我#现在网友是疯了吗，一句话也不让说啊 ,1776547888,2026-04-18 21:31:28+08:00,2,0,0,1776519312008,https://m.weibo.cn/detail/5289166768178927,河南,7943474964,不说话能行吗,m,https://m.weibo.cn/u/7943474964?launchid=10000360-page_H5,"https://tvax2.sinaimg.cn/crop.0.0.960.960.180/008FA0HWly8i8jnyprm56j30qo0qogpk.jpg?KID=imgbed,tva&Expires=1776530099&ssig=mhL8CAPVv2",许凯 怪我,search_contents_2026-04-18.csv,search_post,,现在网友是疯了吗一句话也不让说啊 ,True,False,,0,消极,0.8555510640144348,消极,0.8555510640144348
5289158436197316,#许凯 怪我# 总结：怪我，八百米全是心眼子！第五集看得全程攥紧拳头，节奏直接拉满！霍开明简直是方圆八百米第一疯批，绑架、放火、逼问一气呵成，阴鸷又偏执，演技压迫感太强，看得人后背发凉。而陈辉更是藏得深，表面隐忍被动，实则步步算计，借着霍开明的疯劲暗中借力，妥妥的借刀杀人既视感。一个明着疯，一个暗着狠，两人对手戏张力十足。旱冰城每个人都揣着秘密，温柔乡是陷阱，熟人全是心眼子。剧情越看越上头，悬念拉满，完全猜不透下一步，只想赶紧看下一集！#方圆八百米# 许凯 #许凯陈辉# @许凯soso ,1776545902,2026-04-18 20:58:22+08:00,14,3,0,1776519312011,https://m.weibo.cn/detail/5289158436197316,贵州,1101298677,Jiayiyb1821,f,https://m.weibo.cn/u/1101298677?luicode=20000061&lfid=5289158436197316&launchid=10000360-page_H5,"https://tvax3.sinaimg.cn/crop.0.0.1080.1080.180/41a47bf5ly8iawti6rzd8j20u00u0gou.jpg?KID=imgbed,tva&Expires=1776530099&ssig=z4uJpsA1Ut",许凯 怪我,search_contents_2026-04-18.csv,search_post,, 总结怪我八百米全是心眼子第五集看得全程攥紧拳头节奏直接拉满霍开明简直是方圆八百米第一疯批绑架放火逼问一气呵成阴鸷又偏执演技压迫感太强看得人后背发凉而陈辉更是藏得深表面隐忍被动实则步步算计借着霍开明的疯劲暗中借力妥妥的借刀杀人既视感一个明着疯一个暗着狠两人对手戏张力十足旱冰城每个人都揣着秘密温柔乡是陷阱熟人全是心眼子剧情越看越上头悬念拉满完全猜不透下一步只想赶紧看下一集 许凯   ,True,False,怪我是第四集陈辉说给松格的 || 怪我来总结,0,消极,0.7265363931655884,消极,0.7265363931655884
5289165254298452,许凯#许凯 怪我# 22000了 ,1776547527,2026-04-18 21:25:27+08:00,0,0,0,1776519312014,https://m.weibo.cn/detail/5289165254298452,河南,7929778508,小剧目soso,f,https://m.weibo.cn/u/7929778508?launchid=10000360-page_H5,"https://tvax4.sinaimg.cn/crop.0.0.1080.1080.180/008EExDmly8ic561gy82yj30u00u0jtv.jpg?KID=imgbed,tva&Expires=1776530099&ssig=m%2BHGZrQbJ9",许凯 怪我,search_contents_2026-04-18.csv,search_post,,许凯 22000了 ,True,False,,0,中性,0.8579800128936768,中性,0.8579800128936768
5289131393156786,【#何润东霸王全妆#  #何润东霸王真来了#】4月18日，2026苏超常规赛宿迁队vs南京队，西楚霸王对阵洪武大帝，何润东全妆1:1还原“项羽”助阵，霸气满满，豪气不减当年！ #何润东项羽苏超出场#    荔枝新闻的微博视频  ,1776539454,2026-04-18 19:10:54+08:00,3285,125,112,1776519549815,https://m.weibo.cn/detail/5289131393156786,,1796087453,荔枝新闻,m,https://m.weibo.cn/u/1796087453?launchid=10000360-page_H5,"https://tvax2.sinaimg.cn/crop.0.0.1080.1080.180/6b0e1e9dly8i8a3x2pbnjj20u00u0n02.jpg?KID=imgbed,tva&Expires=1776530337&ssig=nY3ixnpVHS",何润东霸王全妆,search_contents_2026-04-18.csv,search_post,,  4月18日2026苏超常规赛宿迁队vs南京队西楚霸王对阵洪武大帝何润东全妆11还原项羽助阵霸气满满豪气不减当年     荔枝新闻的微博视频  ,True,False,评论区热议何润东霸王造型还原度高获35称赞25感慨其多年自律保持状态20调侃流量为赛事带热度15建议创意互动如骑马出场整体唤醒怀旧情怀提升赛事话题度继续提问戳gt微博智搜 || 哇哦 真的跟电视上没有差别哎 || 宿迁真的还原了霸王铠甲啊用心了,0,积极,0.8785220384597778,积极,0.8785220384597778
5289145732960190,【#何润东高喊我项羽回来了# #何润东披项羽铠甲高喊必胜# 】4月18日，“苏超”常规赛首轮，宿迁主场迎战南京。何润东重现项羽造型亮相宿迁队主场，“我项羽回来了”“宿迁子弟何在！”“宿迁是我们的主场，我们有什么好怕的，必胜”，为比赛助威，霸气十足。  #宿迁奥体全是项羽的兵# 荔枝新闻的微博视频  ,1776542873,2026-04-18 20:07:53+08:00,361,16,18,1776519549820,https://m.weibo.cn/detail/5289145732960190,,1796087453,荔枝新闻,m,https://m.weibo.cn/u/1796087453?launchid=10000360-page_H5,"https://tvax2.sinaimg.cn/crop.0.0.1080.1080.180/6b0e1e9dly8i8a3x2pbnjj20u00u0n02.jpg?KID=imgbed,tva&Expires=1776530337&ssig=nY3ixnpVHS",何润东霸王全妆,search_contents_2026-04-18.csv,search_post,,  4月18日苏超常规赛首轮宿迁主场迎战南京何润东重现项羽造型亮相宿迁队主场我项羽回来了宿迁子弟何在宿迁是我们的主场我们有什么好怕的必胜为比赛助威霸气十足   荔枝新闻的微博视频  ,True,False,哈哈哈宿迁2比0了玄学就像灵山大佛摆三个球一样 || 哇声音很有气势不愧是霸王,0,积极,0.9312511682510376,积极,0.9312511682510376
5289152008427838,少了一匹马…败笔了#何润东霸王全妆##苏超宿迁队vs南京队##宿迁市足球队# 孙臣曦的微博视频 ,1776544369,2026-04-18 20:32:49+08:00,1348,13,19,1776519549825,https://m.weibo.cn/detail/5289152008427838,浙江,1839283393,孙臣曦,m,https://m.weibo.cn/u/1839283393?launchid=10000360-page_H5,"https://tvax1.sinaimg.cn/crop.0.0.750.750.180/6da13cc1ly8fsrahkk22pj20ku0kugm6.jpg?KID=imgbed,tva&Expires=1776530337&ssig=HRVII%2B7xH%2B",何润东霸王全妆,search_contents_2026-04-18.csv,search_post,,少了一匹马败笔了 孙臣曦的微博视频 ,True,False,骑马不可控有安全隐患 || 我觉得挺好的很霸气让他骑马来我觉得不安全吧战车也可以那一身铠甲很重的不比普通骑兵造型且那些是请长期接触马的穿那一身骑马要很多时间磨合现场是直播人那么多马受惊的话那一身重铠甲很容易受伤 || 霸王茶姬为啥不请何润东,0,消极,0.8077112436294556,消极,0.8077112436294556
5289151375086997,#何润东霸王全妆##苏超宿迁队vs南京队#宿迁市足球队 何润东真的太酷了！张桐瑞梅开二度，宿迁队2比0领先，现场气氛超级沸腾，谁能不爱楚霸王 阿森纳著名教授的微博视频  ,1776544218,2026-04-18 20:30:18+08:00,163,4,5,1776519549830,https://m.weibo.cn/detail/5289151375086997,北京,5445090275,阿森纳著名教授,m,https://m.weibo.cn/u/5445090275?launchid=10000360-page_H5,"https://tvax3.sinaimg.cn/crop.0.0.996.996.180/005Wv2IHly8fomw0k1hgmj30ro0roacp.jpg?KID=imgbed,tva&Expires=1776530337&ssig=ZziFEaRrNm",何润东霸王全妆,search_contents_2026-04-18.csv,search_post,,宿迁市足球队 何润东真的太酷了张桐瑞梅开二度宿迁队2比0领先现场气氛超级沸腾谁能不爱楚霸王 阿森纳著名教授的微博视频  ,True,False,终究还是过了江东了,0,积极,0.9580530524253844,积极,0.9580530524253844
5289150586554663,#何润东霸王全妆##苏超宿迁队vs南京队# 苏超宿迁开幕式，何润东身穿霸王盔甲，外加全妆上阵，太帅了影视剧发现的微博视频 ,1776544030,2026-04-18 20:27:10+08:00,152,7,11,1776519549833,https://m.weibo.cn/detail/5289150586554663,,3082733222,微博足球,m,https://m.weibo.cn/u/3082733222?launchid=10000360-page_H5,"https://tvax2.sinaimg.cn/crop.0.0.828.828.180/b7bec6a6ly8h8v3wpd1alj20n00n0aat.jpg?KID=imgbed,tva&Expires=1776530337&ssig=Whd%2FG8LmmZ",何润东霸王全妆,search_contents_2026-04-18.csv,search_post,, 苏超宿迁开幕式何润东身穿霸王盔甲外加全妆上阵太帅了影视剧发现的微博视频 ,True,False,霸王的声音还是那么霸气好威武 || 网民的呼声被宿迁队听到了  何润东还是那么帅啊 扮相和电视剧里一模一样 宿迁队今天要争气加油,0,积极,0.9544031620025636,积极,0.9544031620025636
5289149051704463,【#何润东cos西楚霸王苏超大点兵#】苏超真的太会整活了。网友呼声刚起来，文旅立马安排霸王回家乡助阵球赛。今晚宿迁主场，何润东现场演绎西楚霸王，高喊“宿迁子弟何在”，现场众人高呼“在！！！” （潮新闻 记者 汪媛 吕惟伊）#何润东霸王全妆# #苏超#   钱江晚报的微博视频  ,1776543664,2026-04-18 20:21:04+08:00,277,20,20,1776519549838,https://m.weibo.cn/detail/5289149051704463,,1700720163,钱江晚报,m,https://m.weibo.cn/u/1700720163?launchid=10000360-page_H5,"https://tvax4.sinaimg.cn/crop.0.0.1080.1080.180/001R630nly1h8vgflxzq4j60u00u0t9p02.jpg?KID=imgbed,tva&Expires=1776530337&ssig=JNrLz02Oa%2F",何润东霸王全妆,search_contents_2026-04-18.csv,search_post,,苏超真的太会整活了网友呼声刚起来文旅立马安排霸王回家乡助阵球赛今晚宿迁主场何润东现场演绎西楚霸王高喊宿迁子弟何在现场众人高呼在 潮新闻 记者 汪媛 吕惟伊    钱江晚报的微博视频  ,True,False,哈哈压力给到对方球员,0,积极,0.9080005884170532,积极,0.9080005884170532
5289168596374416,#何润东霸王全妆#可以啊，和当年一样啊！ ,1776548324,2026-04-18 21:38:44+08:00,0,0,0,1776519549841,https://m.weibo.cn/detail/5289168596374416,河北,6865134042,清酒797979,f,https://m.weibo.cn/u/6865134042?launchid=10000360-page_H5,"https://tvax4.sinaimg.cn/crop.0.0.1080.1080.180/007uBoYqly8icb28xi09mj30u00u0myx.jpg?KID=imgbed,tva&Expires=1776530337&ssig=Ix1xGim7d1",何润东霸王全妆,search_contents_2026-04-18.csv,search_post,,可以啊和当年一样啊 ,True,False,,0,中性,0.6744660139083862,中性,0.6744660139083862
5289168592179775,#何润东霸王全妆# 何润东霸王全妆 ,1776548323,2026-04-18 21:38:43+08:00,0,0,0,1776519549844,https://m.weibo.cn/detail/5289168592179775,江苏,4055066618,槐堍,f,https://m.weibo.cn/u/4055066618?launchid=10000360-page_H5,"https://tvax1.sinaimg.cn/crop.0.0.1080.1080.180/f1b367faly8ibr4gx9hmtj20u00u0jt2.jpg?KID=imgbed,tva&Expires=1776530337&ssig=mh6Px5IlJI",何润东霸王全妆,search_contents_2026-04-18.csv,search_post,, 何润东霸王全妆 ,True,False,,0,积极,0.7124997973442078,积极,0.7124997973442078
5289168437250032,#东北话逛迪士尼有多欢乐#东北话真是太上头！两位东北闺蜜打卡上海迪士尼，见到可爱的朱迪警官时，一口地道东北口音直接喊成 “租滴”，瞬间把卡通角色整出了租赁既视感。网友们被逗得爆笑，纷纷玩梗调侃：“多钱租滴？搁哪租滴？好不好使啊？” 原本梦幻的迪士尼场景，被这口东北话带得满是烟火气和喜感，果然东北人走到哪，欢乐就跟到哪。#何润东霸王全妆##日本在马关条约签订日闯入台海##张雪机车首回合第4# 指尖新闻-沈阳晚报的微博视频,1776548286,2026-04-18 21:38:06+08:00,0,0,0,1776519549847,https://m.weibo.cn/detail/5289168437250032,,1280846847,指尖新闻-沈阳晚报,f,https://m.weibo.cn/u/1280846847?luicode=20000061&lfid=5289168437250032&launchid=10000360-page_H5,"https://tvax1.sinaimg.cn/crop.0.0.1080.1080.180/001oGiM7ly8i2ai4sanbtj60u00u0dgn02.jpg?KID=imgbed,tva&Expires=1776530337&ssig=1DuLR6HyZn",何润东霸王全妆,search_contents_2026-04-18.csv,search_post,,东北话真是太上头两位东北闺蜜打卡上海迪士尼见到可爱的朱迪警官时一口地道东北口音直接喊成 租滴瞬间把卡通角色整出了租赁既视感网友们被逗得爆笑纷纷玩梗调侃多钱租滴搁哪租滴好不好使啊 原本梦幻的迪士尼场景被这口东北话带得满是烟火气和喜感果然东北人走到哪欢乐就跟到哪 指尖新闻沈阳晚报的微博视频,True,False,,0,积极,0.892989993095398,积极,0.892989993095398
5289168431219336,#何润东霸王全妆#唉，羡慕江苏，羡慕这种热烈的足球文化城市氛围，主要还是江苏十三太保有钱啊 ,1776548285,2026-04-18 21:38:05+08:00,0,0,0,1776519549850,https://m.weibo.cn/detail/5289168431219336,四川,3953552073,番茄红薯酱,f,https://m.weibo.cn/u/3953552073?launchid=10000360-page_H5,"https://tvax3.sinaimg.cn/crop.59.0.1080.1080.180/eba66ac9ly8i5ve18mwy3j20xb0u041s.jpg?KID=imgbed,tva&Expires=1776530337&ssig=4erJ%2B87d1e",何润东霸王全妆,search_contents_2026-04-18.csv,search_post,,唉羡慕江苏羡慕这种热烈的足球文化城市氛围主要还是江苏十三太保有钱啊 ,True,False,,0,积极,0.5293105244636536,积极,0.5293105244636536
5289082032757601,#李小冉 你吃过麻辣拌吗# 我上班就李小冉这样别人脑爆，我——麻辣拌好吃！领导说话，我——麻辣拌好吃！李小冉这里真的像极了打搅好学生听讲的差生 来一桶泡菜的微博视频 ,1776527686,2026-04-18 15:54:46+08:00,6547,171,443,1776519808144,https://m.weibo.cn/detail/5289082032757601,河南,7336343439,来一桶泡菜,f,https://m.weibo.cn/u/7336343439?launchid=10000360-page_H5,"https://tvax4.sinaimg.cn/crop.0.0.1080.1080.180/0080uy3Zly8gx6de7ff74j30u00u0wgk.jpg?KID=imgbed,tva&Expires=1776530574&ssig=JBXIMuufjP",李小冉 你吃过麻辣拌吗,search_contents_2026-04-18.csv,search_post,, 我上班就李小冉这样别人脑爆我麻辣拌好吃领导说话我麻辣拌好吃李小冉这里真的像极了打搅好学生听讲的差生 来一桶泡菜的微博视频 ,True,False,感觉大家都困得晕晕乎乎 || 李小冉belike || 我现在相信李小冉说的她估计真的是吃啥都不胖了,0,消极,0.6813031435012817,消极,0.6813031435012817
5289114033194394,#李小冉 你吃过麻辣拌吗#李小冉就这样演我上班工作什么的先放一放，早上吃什么？中午吃什么？晚饭吃什么？ 林伊可可的微博视频 ,1776535315,2026-04-18 18:01:55+08:00,325,72,4,1776519808149,https://m.weibo.cn/detail/5289114033194394,广西,6995610498,林伊可可,f,https://m.weibo.cn/u/6995610498?launchid=10000360-page_H5,"https://tvax4.sinaimg.cn/crop.0.0.960.960.180/007DqRRoly8ibrq4orn2jj30qo0qoabw.jpg?KID=imgbed,tva&Expires=1776530574&ssig=EzpxGDanv%2B",李小冉 你吃过麻辣拌吗,search_contents_2026-04-18.csv,search_post,,李小冉就这样演我上班工作什么的先放一放早上吃什么中午吃什么晚饭吃什么 林伊可可的微博视频 ,True,False,你喜欢李小冉吗 || 所以这种人一路赢到总决赛普通人周围努力的人只配做陪衬这季浪姐导演想传达的女性魅力就是这种你捧她可以以前那么多皇族剧本不差这一个营销她美貌也没事但是逮着她专门营销不努力还偷懒最后一样成功这种价值观不好吧 || 哈哈哈随时随地想怎么吃,0,中性,0.9209105372428894,中性,0.9209105372428894
5289116069530906,#李小冉 你吃过麻辣拌吗#李小冉不矫情不做作不听讲很爱吃一听到吃的立马跑题，也是很爱吃了，麻辣拌就是全世界最好吃的东西！ 池恩里里的微博视频 ,1776535801,2026-04-18 18:10:01+08:00,329,52,2,1776519808158,https://m.weibo.cn/detail/5289116069530906,甘肃,7416349589,池恩里里,f,https://m.weibo.cn/u/7416349589?launchid=10000360-page_H5,"https://tvax3.sinaimg.cn/crop.0.0.1080.1080.180/0085UfjLly8ibvab3n6tzj30u00u0tcf.jpg?KID=imgbed,tva&Expires=1776530574&ssig=%2BXVtQSPVyo",李小冉 你吃过麻辣拌吗,search_contents_2026-04-18.csv,search_post,,李小冉不矫情不做作不听讲很爱吃一听到吃的立马跑题也是很爱吃了麻辣拌就是全世界最好吃的东西 池恩里里的微博视频 ,True,False,你吃过麻辣拌吗 || 你啥时候来吃东北麻辣拌,0,积极,0.9634413719177246,积极,0.9634413719177246
5289113021584073,#李小冉 你吃过麻辣拌吗#我们小冉姐完全老吃家来的 郁禾祈轩意的微博视频 ,1776535074,2026-04-18 17:57:54+08:00,117,11,3,1776519808162,https://m.weibo.cn/detail/5289113021584073,安徽,7765321452,郁禾祈轩意,f,https://m.weibo.cn/u/7765321452?launchid=10000360-page_H5,"https://tvax4.sinaimg.cn/crop.0.0.1080.1080.180/008twuQcly8icb8pp3k8uj30u00u0q4o.jpg?KID=imgbed,tva&Expires=1776530574&ssig=zTcNS0lAoQ",李小冉 你吃过麻辣拌吗,search_contents_2026-04-18.csv,search_post,,我们小冉姐完全老吃家来的 郁禾祈轩意的微博视频 ,True,False,李小冉 上班走神真实写照 || 虽然我在北方但是也没有吃过 || 这种状态看起来好真实好有亲和力呀,0,积极,0.770806074142456,积极,0.770806074142456
5289110568960122,#李小冉 你吃过麻辣拌吗#李小冉不语，只是一味地问“你吃过麻辣拌吗？”姐姐也太有趣了 ,1776534488,2026-04-18 17:48:08+08:00,309,39,3,1776519808166,https://m.weibo.cn/detail/5289110568960122,河南,7478048488,半包围-,f,https://m.weibo.cn/u/7478048488?launchid=10000360-page_H5,"https://tvax1.sinaimg.cn/crop.0.0.960.960.180/008a581ily8ibw6zambfkj30qo0qoq3t.jpg?KID=imgbed,tva&Expires=1776530574&ssig=o8eR8AUmMk",李小冉 你吃过麻辣拌吗,search_contents_2026-04-18.csv,search_post,,李小冉不语只是一味地问你吃过麻辣拌吗姐姐也太有趣了 ,True,False,你喜欢麻辣烫还是麻辣拌 || 我喜欢吃麻辣拌,0,积极,0.8888262510299683,积极,0.8888262510299683
5289135758640467,【#橹穆双人舞台官摄破3200万# 期待下一个双人舞台】截至4月18日，@TF家族-王橹杰LJW 、@TF_ING穆祉丞MUA 的双人舞台《来自天堂的魔鬼》官方摄制版在B站播放量突破3200万。在该舞台中，王橹杰身着纯白西装演奏小提琴，象征圣洁天使；穆祉丞以黑袍舞剑演绎邪魅魔鬼，黑白造型的强烈对比被粉丝誉为“疯批美学天花板”。该视频于2026年1月16日在B站发布，播放量以7小时10分钟破百万、91小时破千万、12天破2000万的增速创公司历史最快纪录。4月18日达到3200.4万，是时代峰峻首个突破此数据的双人舞台。（南宁晚报）#橹穆##橹穆cp粉维权声明#橹穆#汪苏泷俊辰 恋爱时间线##橹穆cp粉维权声明##猪宝子星星分手##橹穆##时代少年团 郭敬明审美##李小冉 你吃过麻辣拌吗#,1776540495,2026-04-18 19:28:15+08:00,109,28,2,1776519808171,https://m.weibo.cn/detail/5289135758640467,,2460937233,热度新闻,m,https://m.weibo.cn/u/2460937233?luicode=20000061&lfid=5289135758640467&launchid=10000360-page_H5,"https://tvax4.sinaimg.cn/crop.0.0.1080.1080.180/92aeec11ly8hlwg775m3ej20u00u0wgf.jpg?KID=imgbed,tva&Expires=1776530585&ssig=KKOivoWHla",李小冉 你吃过麻辣拌吗,search_contents_2026-04-18.csv,search_post,, 期待下一个双人舞台截至4月18日  的双人舞台来自天堂的魔鬼官方摄制版在B站播放量突破3200万在该舞台中王橹杰身着纯白西装演奏小提琴象征圣洁天使穆祉丞以黑袍舞剑演绎邪魅魔鬼黑白造型的强烈对比被粉丝誉为疯批美学天花板该视频于2026年1月16日在B站发布播放量以7小时10分钟破百万91小时破千万12天破2000万的增速创公司历史最快纪录4月18日达到32004万是时代峰峻首个突破此数据的双人舞台南宁晚报橹穆,True,False,凭真心出圈凭实力应援橹穆CP粉持续投入与支持换来的不应是忽视与冷遇请贵司1专项双人企划落地执行2与管理组对接3拍摄双人物料4上架仅橹穆双人单链我们不退让不妥协只求合理对待 || 橹穆热度与CP粉3500万的投入不应被无视速抬1橹穆双人企划2橹穆跨代活动3专人对接4双人cha5双人单链拒绝冷处理橹穆CP粉合理诉求绝不退让 || 3500w真金白银不是用来被漠视的请时代峰峻正视橹穆CP粉诉求1 落实双人长期运营2 立刻安排专人对接3运动会规划橹穆双人互动严禁删减双人互动4请抬橹穆双人cha合照单链我们只认橹穆双人非双人不约,0,积极,0.939266800880432,积极,0.939266800880432
5289161043217233,#李小冉 你吃过麻辣拌吗#哈哈哈哈哈哈，满脑子只有麻辣拌 ,1776546523,2026-04-18 21:08:43+08:00,0,1,0,1776519808174,https://m.weibo.cn/detail/5289161043217233,山东,1348316541,花式吃橘子,f,https://m.weibo.cn/u/1348316541?launchid=10000360-page_H5,"https://tvax4.sinaimg.cn/crop.0.0.1080.1080.180/505dad7dly8gsj82a8j47j20u00u00ti.jpg?KID=imgbed,tva&Expires=1776530574&ssig=w4ajFk8ul%2B",李小冉 你吃过麻辣拌吗,search_contents_2026-04-18.csv,search_post,,哈哈哈哈哈哈满脑子只有麻辣拌 ,True,False,李姐麻辣拌和你我都爱,0,消极,0.4814724624156952,消极,0.4814724624156952
5289120872008765,#李小冉 你吃过麻辣拌吗#李小冉 ：全员停止答题！我们去吃麻辣拌！哈哈哈哈哈哈哈哈大馋鸭头 ,1776536946,2026-04-18 18:29:06+08:00,184,43,11,1776519808178,https://m.weibo.cn/detail/5289120872008765,广东,7758099858,Dora_拉拉,f,https://m.weibo.cn/u/7758099858?launchid=10000360-page_H5,"https://tvax1.sinaimg.cn/crop.0.0.1080.1080.180/008t2caSly8ibu53kaep3j30u00u0wgo.jpg?KID=imgbed,tva&Expires=1776530574&ssig=z19n%2BOll1x",李小冉 你吃过麻辣拌吗,search_contents_2026-04-18.csv,search_post,,李小冉 全员停止答题我们去吃麻辣拌哈哈哈哈哈哈哈哈大馋鸭头 ,True,False,感觉大家都困得晕晕乎乎哈哈哈哈哈 || 谁懂我中午看完下午就点了个麻辣拌 || 我也爱吃麻辣拌,0,积极,0.653084933757782,积极,0.653084933757782
5289152050370564,#李小冉 你吃过麻辣拌吗#麻辣拌是我们抚顺的朋友们一定要记住正宗麻辣拌是没有麻将的，一般是甜辣口 ,1776544379,2026-04-18 20:32:59+08:00,1,1,0,1776519808180,https://m.weibo.cn/detail/5289152050370564,辽宁,2439115250,驰月流萤,f,https://m.weibo.cn/u/2439115250?launchid=10000360-page_H5,"https://tvax1.sinaimg.cn/crop.0.0.1080.1080.180/9161f1f2ly8hv82sqevfhj20u00u0wh6.jpg?KID=imgbed,tva&Expires=1776530574&ssig=2Af78mJX9T",李小冉 你吃过麻辣拌吗,search_contents_2026-04-18.csv,search_post,,麻辣拌是我们抚顺的朋友们一定要记住正宗麻辣拌是没有麻将的一般是甜辣口 ,True,False,李姐麻辣拌和心愿便利贴一样都是心头好吧,0,中性,0.8863228559494019,中性,0.8863228559494019
5289064052035673,#金智秀哥哥前妻发声# 金智秀哥哥金志勋相关受害者发声“错的明明是那个人，希望大家不要连他的家人也一起攻击.…....”前受害者（前嫂子）点赞评论区相关“我希望Jisoo和她的家人永远快乐”的评论 ,1776523399,2026-04-18 14:43:19+08:00,36613,1179,1388,1776520064624,https://m.weibo.cn/detail/5289064052035673,河南,5397387741,老鬼的围脖,f,https://m.weibo.cn/u/5397387741?launchid=10000360-page_H5,"https://tvax1.sinaimg.cn/crop.0.0.512.512.180/005TgT6Zly8hwn4d91vogj30e80e874a.jpg?KID=imgbed,tva&Expires=1776530820&ssig=dnK14EuBBq",金智秀哥哥前妻发声,search_contents_2026-04-18.csv,search_post,, 金智秀哥哥金志勋相关受害者发声错的明明是那个人希望大家不要连他的家人也一起攻击前受害者前嫂子评论区相关我希望Jisoo和她的家人永远快乐的评论 ,True,False,受害者发ins金智秀不知情网页链接 || 请勿牵扯无辜女艺人  金智秀不是流量工具 专注事件本身 || bro就是能搞砸一切身边人也受牵连别说妹妹了父母都是无妄之灾,0,积极,0.380161851644516,积极,0.380161851644516
5289146211369761,金智勋事件的受害者（现任）发布ins“妹妹大概是不知道这件事的我一开始也不知道金智勋和金智秀是亲兄妹因为总觉得长得像，去网站搜索了才知道这件事所以请不要责怪她” 其实我们也是今天才知道哥哥和前妻离婚，并且今天有另外一个被家暴的现任，希望她能维权成功，坏人得到应有的惩罚 #金智秀哥哥前妻发声#,1776542987,2026-04-18 20:09:47+08:00,2090,101,278,1776520064629,https://m.weibo.cn/detail/5289146211369761,海外,7495604235,苏牙牙成长中心,m,https://m.weibo.cn/u/7495604235?luicode=20000061&lfid=5289146211369761&launchid=10000360-page_H5,"https://tvax4.sinaimg.cn/crop.0.0.1080.1080.180/008bgN4vly8ib7vew9amkj30u00u0whu.jpg?KID=imgbed,tva&Expires=1776530821&ssig=miTYpkns1Y",金智秀哥哥前妻发声,search_contents_2026-04-18.csv,search_post,,金智勋事件的受害者现任发布ins妹妹大概是不知道这件事的我一开始也不知道金智勋和金智秀是亲兄妹因为总觉得长得像去网站搜索了才知道这件事所以请不要责怪她 其实我们也是今天才知道哥哥和前妻离婚并且今天有另外一个被家暴的现任希望她能维权成功坏人得到应有的惩罚 ,True,False,唉现任嫂子连他妹妹是谁都是自己上网查的 可以看出平时到底有多不联系了 能不能把目光聚焦加害人本人 停止再围剿这个能让受害者宁肯不要噱头都出来发声希望不要责怪她的不知情女性亲属 || 我今天才知道嫂子不是当年参加婚礼的那个还需要搜索才知道妹是谁她哥 || 天呐两位女生真的都好好,0,中性,0.6514540314674377,中性,0.6514540314674377
5289066100688225,金智秀哥哥前妻发声了，说错的是那个人不应该攻击他的家人，还点赞了希望智秀可以永远快乐的评论。两个女孩关系很好之前嫂子还更新过智秀的图片，她们什么都没有做错，女孩子真的很美好！让这件事情回归本身，把注意力都放在这个男的身上吧，以后也请带他的大名，不要带无辜牵连的女性们了… ,1776523887,2026-04-18 14:51:27+08:00,2067,74,21,1776520064633,https://m.weibo.cn/detail/5289066100688225,新疆,7478174730,椿憶菟,f,https://m.weibo.cn/u/7478174730?launchid=10000360-page_H5,"https://tvax2.sinaimg.cn/crop.0.0.1080.1080.180/008a5ERsly8ibeyfxnc6zj30u00u0abv.jpg?KID=imgbed,tva&Expires=1776530820&ssig=XKQKdPW5Fr",金智秀哥哥前妻发声,search_contents_2026-04-18.csv,search_post,,金智秀哥哥前妻发声了说错的是那个人不应该攻击他的家人还了希望智秀可以永远快乐的评论两个女孩关系很好之前嫂子还更新过智秀的图片她们什么都没有做错女孩子真的很美好让这件事情回归本身把注意力都放在这个男的身上吧以后也请带他的大名不要带无辜牵连的女性们了 ,True,False,金智秀的公司也只是金智秀一个人的法定负责人也只有金智秀 || 金智秀无妄之灾 || 金智秀wwzz,0,积极,0.9146755933761596,积极,0.9146755933761596
5289072152805987,#金智秀哥哥前妻发声#一事一论，一人一责 记住嫌疑犯叫金智勋金智秀说过“我们都认为自己的人生自己看着办”男性犯下的错，应由其自身承担法律道德后果，绝不牵连任何无辜之人即使是亲属，也不等于责任共同体。事情关注对象与讨论矛头应该对准嫌疑人而不是谁的家人，借正义之名行伤害之实，这本身就是错事想要发声维权，应该对准施暴者本人。将怒火宣泄到一个无辜女性身上，不是伸张正义，而是制造新的受害者无辜女性，不应成为情绪宣泄的牺牲品!保持理性，精准谴责，反对任何形式的连坐与诛连希望大家耐心等待官方调查结果，为受害者寻求一个合理的说法,1776525330,2026-04-18 15:15:30+08:00,2790,128,100,1776520064637,https://m.weibo.cn/detail/5289072152805987,江西,7732979229,桃子秀的雪绒兔,f,https://m.weibo.cn/u/7732979229?luicode=20000061&lfid=5289072152805987&launchid=10000360-page_H5,"https://tvax3.sinaimg.cn/crop.0.0.600.600.180/008rkN9rly8ibpumd7m9fj30go0got9m.jpg?KID=imgbed,tva&Expires=1776530831&ssig=Jc57jw26WV",金智秀哥哥前妻发声,search_contents_2026-04-18.csv,search_post,,一事一论一人一责 记住嫌疑犯叫金智勋金智秀说过我们都认为自己的人生自己看着办男性犯下的错应由其自身承担法律道德后果绝不牵连任何无辜之人即使是亲属也不等于责任共同体事情关注对象与讨论矛头应该对准嫌疑人而不是谁的家人借正义之名行伤害之实这本身就是错事想要发声维权应该对准施暴者本人将怒火宣泄到一个无辜女性身上不是伸张正义而是制造新的受害者无辜女性不应成为情绪宣泄的牺牲品保持理性精准谴责反对任何形式的连坐与诛连希望大家耐心等待官方调查结果为受害者寻求一个合理的说法,True,False,对准施暴男金智勋 恳请大家把关注放在施暴人上 || 施暴男有名有姓叫金志勋支持所有被家暴女性拿出法律武器维护自己 恳请大家将目光聚焦施暴者金志勋 || 金智秀哥哥前妻发声强调男性犯错应由自身承担法律道德责任反对牵连无辜亲属尤其是女性呼吁公众精准谴责施害者而非家属避免情绪化连坐并等待官方调查结果博文引用金智秀观点人生自己看着办支持亲属间责任分离同时展现受害者间的相互声援继续提问戳gt微博智搜,0,消极,0.4837997555732727,消极,0.4837997555732727
5289085094867172,#金智秀哥哥前妻发声#即使是亲属是家人，但不应该连带到无辜的人，不要牵连她人，不要转移视线，错的明明是这男的，不是金智秀，而是金智勋！ ,1776528416,2026-04-18 16:06:56+08:00,359,36,1,1776520064641,https://m.weibo.cn/detail/5289085094867172,四川,7742265479,KiKi吱,f,https://m.weibo.cn/u/7742265479?launchid=10000360-page_H5,"https://tvax2.sinaimg.cn/crop.0.0.1080.1080.180/008rXKVFly8ic6rirdogmj30u00u0whu.jpg?KID=imgbed,tva&Expires=1776530820&ssig=BCKxwhw0L9",金智秀哥哥前妻发声,search_contents_2026-04-18.csv,search_post,,即使是亲属是家人但不应该连带到无辜的人不要牵连她人不要转移视线错的明明是这男的不是金智秀而是金智勋 ,True,False,请勿牵连无辜女艺人 || 好多人好无辜啊 || 专注事情本身很难吗 什么都要扯上女艺人 就因为是亲属吗,0,消极,0.6146997213363647,消极,0.6146997213363647
5289110860202747,热贴，金智秀哥哥家暴事件受害者的ins story#曝金智秀的哥哥家暴##金智秀哥哥的妻子仅24岁##金智秀哥哥前妻发声# ,1776534559,2026-04-18 17:49:19+08:00,1166,22,21,1776520064644,https://m.weibo.cn/detail/5289110860202747,辽宁,7840362442,泡菜搬运工,f,https://m.weibo.cn/u/7840362442?launchid=10000360-page_H5,"https://tvax4.sinaimg.cn/crop.0.0.1080.1080.180/008yBmqKly8he63y0vr3tj30u00u0gmm.jpg?KID=imgbed,tva&Expires=1776530820&ssig=jYogeP%2BFI4",金智秀哥哥前妻发声,search_contents_2026-04-18.csv,search_post,,热贴金智秀哥哥家暴事件受害者的ins story ,True,False,施暴者确认为金智秀的亲哥哥金俊亨除本次家暴外他于4月15日因涉嫌性侵一名女主播被逮捕受害者为其现任妻子揭露婚后频繁遭受暴力前妻也证实类似经历并呼吁勿牵连家人舆论强调法律责任应由施暴者独立承担避免亲属连坐继续提问戳gt微博智搜 || 金志勋前妻及现任均已发声声明此事与妹妹以及其他家人无关说明其他人并未对她们造成过伤害这件事里所有牵扯的女性都是受害者身份加害者有且只有一位男性叫金志勋支持所有受害者拿出法律武器维护自己 把目光聚焦在金志勋这个家暴楠 || 谁犯错找谁 一直对无辜女爱豆破什么脏水,0,中性,0.6444157361984253,中性,0.6444157361984253
5289142998014161,#金智秀哥哥前妻发声##金智秀##曝金智秀的哥哥家暴# 金智秀wwzz！这件事到底和金智秀有什么关系，金智秀兢兢业业工作十年，不依靠家庭，公司也是自己一手创办的，这个公司和哥哥一点关系都没有，难道他哥哥是没有名字吗？需要一直捆绑金智秀，谁犯的错就去找谁，受害者是女性，现在还要再加一个受害者吗？金智勋自己犯的错就应该受罚，错的是金智勋不是金智秀！！！,1776542221,2026-04-18 19:57:01+08:00,16,3,0,1776520064649,https://m.weibo.cn/detail/5289142998014161,江苏,7880690800,lll离合器,m,https://m.weibo.cn/u/7880690800?luicode=20000061&lfid=5289142998014161&launchid=10000360-page_H5,"https://tvax4.sinaimg.cn/crop.0.0.1080.1080.180/008BkzG8ly8icb7bbdrebj30u00u077a.jpg?KID=imgbed,tva&Expires=1776530842&ssig=fr8%2F%2BvLZwl",金智秀哥哥前妻发声,search_contents_2026-04-18.csv,search_post,, 金智秀wwzz这件事到底和金智秀有什么关系金智秀兢兢业业工作十年不依靠家庭公司也是自己一手创办的这个公司和哥哥一点关系都没有难道他哥哥是没有名字吗需要一直捆绑金智秀谁犯的错就去找谁受害者是女性现在还要再加一个受害者吗金智勋自己犯的错就应该受罚错的是金智勋不是金智秀,True,False,别带金智秀 || 所以已经实锤是金智勋吗韩网也确定了吗,0,消极,0.6118748784065247,消极,0.6118748784065247
5289163999676744,#金智秀哥哥前妻发声#和艺人金智秀无关 ，她又不能控制他哥哥行为，别拉智秀下水 ,1776547228,2026-04-18 21:20:28+08:00,1,0,0,1776520064652,https://m.weibo.cn/detail/5289163999676744,浙江,7010954262,林林121314,f,https://m.weibo.cn/u/7010954262?launchid=10000360-page_H5,"https://tvax3.sinaimg.cn/crop.0.0.828.828.180/007Etftsly8gtu628sf1xj30n00n076q.jpg?KID=imgbed,tva&Expires=1776530820&ssig=8Le0Z%2Fh0oO",金智秀哥哥前妻发声,search_contents_2026-04-18.csv,search_post,,和艺人金智秀无关 她又不能控制他哥哥行为别拉智秀下水 ,True,False,,0,中性,0.4834101796150207,中性,0.4834101796150207
5289161328433062,#金智秀哥哥前妻发声#男生自己犯错 不应该让自己的家人去承担 既然犯错 应该自己去承担后果😂😂和金智秀又什么关系😂😂😂 ,1776546591,2026-04-18 21:09:51+08:00,0,0,0,1776520064655,https://m.weibo.cn/detail/5289161328433062,浙江,5853868049,是干饭脑,m,https://m.weibo.cn/u/5853868049?launchid=10000360-page_H5,"https://tvax1.sinaimg.cn/crop.0.0.1080.1080.180/006oaeuBly8hncyc0r3sgj30u00u0q62.jpg?KID=imgbed,tva&Expires=1776530820&ssig=4PSdbvWvWe",金智秀哥哥前妻发声,search_contents_2026-04-18.csv,search_post,,男生自己犯错 不应该让自己的家人去承担 既然犯错 应该自己去承担后果和金智秀又什么关系 ,True,False,,0,消极,0.6228569149971008,消极,0.6228569149971008
5289127662586737,🔥韩网热帖评论翻译🔥#曝金智秀的哥哥家暴##金智秀哥哥前妻发声#金智秀的形象会因为哥哥的丑闻受到打击吗?cr.instiz ,1776538565,2026-04-18 18:56:05+08:00,155,18,2,1776520064658,https://m.weibo.cn/detail/5289127662586737,安徽,5273937341,泡菜那些事,f,https://m.weibo.cn/u/5273937341?launchid=10000360-page_H5,"https://tvax4.sinaimg.cn/crop.0.0.664.664.180/005KUU1vly8goj6zhoc01j30ig0ig3yz.jpg?KID=imgbed,tva&Expires=1776530820&ssig=aMOewqHE3F",金智秀哥哥前妻发声,search_contents_2026-04-18.csv,search_post,,韩网热帖评论翻译金智秀的形象会因为哥哥的丑闻受到打击吗crinstiz ,True,False,公司为金智秀一人所创办都有公示信息这么睁眼说瞎话属实没意思了 另外你手伸进别人口袋了还是金智秀告诉你她赚钱给金志勋这个出声花了 || 金智秀不是一个30多岁成年男子的监护人金志勋犯下任何错与罪都该由他本人承担JISOO的个人公司BLISSOO 商标注册早就表明金智秀是唯一一位所有者和创始人不存在共同成立不去审判金志勋反倒急着把无关女性金智秀拉下水是何意味 查看图片 || 真搞不懂和女豆有啥关系有这样的哥哥真是倒霉,0,中性,0.4926104247570038,中性,0.4926104247570038
5288973410502131,#总书记引领网络强国建设#【#总书记引领强国之路#｜共建美好网络家园】网络强国是“十五五”规划纲要提出的16个“强国”建设目标之一。习近平总书记高度重视网络强国建设，引领我国从网络大国向着网络强国阔步迈进。“十五五”规划纲要对加快建设网络强国作出新的战略部署，数智之光将照亮更多人的幸福生活。#学习新语# 新华社的微博视频,1776501788,2026-04-18 08:43:08+08:00,712,174,232,1776520368500,https://m.weibo.cn/detail/5288973410502131,,1699432410,新华社,m,https://m.weibo.cn/u/1699432410?luicode=20000061&lfid=5288973410502131&launchid=10000360-page_H5,"https://tvax2.sinaimg.cn/crop.58.61.875.875.180/001R0E0aly8h8vg6xx3srj60rs0rsdko02.jpg?KID=imgbed,tva&Expires=1776531084&ssig=84K20ET9va",总书记引领强国之路,search_contents_2026-04-18.csv,search_post,,共建美好网络家园网络强国是十五五规划纲要提出的16个强国建设目标之一习近平总书记高度重视网络强国建设引领我国从网络大国向着网络强国阔步迈进十五五规划纲要对加快建设网络强国作出新的战略部署数智之光将照亮更多人的幸福生活 新华社的微博视频,True,False,共建网络强国 || 期待网络新发展造福人类,0,积极,0.939937949180603,积极,0.939937949180603
5287239351273135,#总书记引领强国之路#【总书记引领强国之路｜擘画中国制造新蓝图】党的十八大以来，习近平总书记始终心系制造业发展，引领制造强国建设，强调“任何时候中国都不能缺少制造业”。在“十五五”规划纲要提出的16个“强国”建设目标中，制造强国列于首位。新的五年，“中国制造”金色名片必将愈发闪亮。#总书记引领制造强国建设##学习新语# 新华社的微博视频,1776088356,2026-04-13 13:52:36+08:00,1659,298,467,1776520368505,https://m.weibo.cn/detail/5287239351273135,,1699432410,新华社,m,https://m.weibo.cn/u/1699432410?luicode=20000061&lfid=5287239351273135&launchid=10000360-page_H5,"https://tvax2.sinaimg.cn/crop.58.61.875.875.180/001R0E0aly8h8vg6xx3srj60rs0rsdko02.jpg?KID=imgbed,tva&Expires=1776531094&ssig=s6fRyLk%2Fi3",总书记引领强国之路,search_contents_2026-04-18.csv,search_post,,总书记引领强国之路擘画中国制造新蓝图党的十八大以来习近平总书记始终心系制造业发展引领制造强国建设强调任何时候中国都不能缺少制造业在十五五规划纲要提出的16个强国建设目标中制造强国列于首位新的五年中国制造金色名片必将愈发闪亮 新华社的微博视频,True,False,,0,积极,0.7877482771873474,积极,0.7877482771873474
5288986214927147,#习近平总书记引领强国之路##习近平总书记引领质量强国建设#党的十八大以来，习近平总书记高度重视质量强国建设，强调“质量是人类生产生活的重要保障”。“十五五”规划纲要提出16个“强国”建设目标，质量强国位列其中。“十五五”开局起步，我们要坚定不移推进质量强国建设，为实现中国式现代化提供有力支撑，以更高品质满足人民对美好生活的向往，为中华民族伟大复兴筑牢质量根基。(via.@新华社)新华社的微博视频,1776504841,2026-04-18 09:34:01+08:00,81,9,308,1776520368509,https://m.weibo.cn/detail/5288986214927147,,2205262977,闽南师大团委,m,https://m.weibo.cn/u/2205262977?luicode=20000061&lfid=5288986214927147&launchid=10000360-page_H5,"https://tvax1.sinaimg.cn/crop.0.0.512.512.180/8371a481ly8hksnaqyiy2j20e80e8dg5.jpg?KID=imgbed,tva&Expires=1776531104&ssig=ZgRGo8G1nx",总书记引领强国之路,search_contents_2026-04-18.csv,search_post,,党的十八大以来习近平总书记高度重视质量强国建设强调质量是人类生产生活的重要保障十五五规划纲要提出16个强国建设目标质量强国位列其中十五五开局起步我们要坚定不移推进质量强国建设为实现中国式现代化提供有力支撑以更高品质满足人民对美好生活的向往为中华民族伟大复兴筑牢质量根基via,True,False,,0,积极,0.8631300330162048,积极,0.8631300330162048
5286166627878614,#总书记引领树立和践行正确政绩观#【学习新语｜把为民造福作为最大政绩】政绩之本，在于为民。政绩好不好，人民最有发言权。我们选取《习近平关于树立和践行正确政绩观论述摘编》一书中的相关重要论述，一起学习领会。#总书记谈为民造福是最大政绩##学习新语##习近平在京会见郑丽文# #习近平总书记说到了这些共同##人民之心##要记得政府前面人民二字##做社会主义事业的命运共同体##总书记引领强国之路#,1775832599,2026-04-10 14:49:59+08:00,100,18,22,1776520368514,https://m.weibo.cn/detail/5286166627878614,,2673559173,南昌县发布,m,https://m.weibo.cn/u/2673559173?luicode=20000061&lfid=5286166627878614&launchid=10000360-page_H5,"https://tvax2.sinaimg.cn/crop.0.0.600.600.180/9f5b4685ly8h8vhjhhbf8j20go0gotak.jpg?KID=imgbed,tva&Expires=1776531115&ssig=jg31ob2iBE",总书记引领强国之路,search_contents_2026-04-18.csv,search_post,,学习新语把为民造福作为最大政绩政绩之本在于为民政绩好不好人民最有发言权我们选取习近平关于树立和践行正确政绩观论述摘编一书中的相关重要论述一起学习领会 ,True,False,关注热点资讯,0,积极,0.6901278495788574,积极,0.6901278495788574
5282827732258243,#总书记心系雄安建设者#【此行间·9年4赴雄安，总书记始终心系建设者】#雄安新区迎来9周年#。9年4赴雄安，习近平总书记始终关心着这座“未来之城”的建设者。人民城市人民建，人民城市为人民。党中央始终心系雄安的发展。跟随总书记的足迹，致敬雄安新区的建设者，看“千年大计”的不凡起笔。#此行间##总书记植树护绿的故事# 人民日报的微博视频#干事创业一定要树立正确政绩观##总书记这样要求狠抓落实定下来的事##人民之心##总书记引领质量强国建设##总书记引领强国之路# 南昌县发布的微博视频,1775036544,2026-04-01 09:42:24+08:00,117,30,31,1776520368518,https://m.weibo.cn/detail/5282827732258243,,2673559173,南昌县发布,m,https://m.weibo.cn/u/2673559173?luicode=20000061&lfid=5282827732258243&launchid=10000360-page_H5,"https://tvax2.sinaimg.cn/crop.0.0.600.600.180/9f5b4685ly8h8vhjhhbf8j20go0gotak.jpg?KID=imgbed,tva&Expires=1776531125&ssig=dqfJW5q9YJ",总书记引领强国之路,search_contents_2026-04-18.csv,search_post,,此行间9年4赴雄安总书记始终心系建设者9年4赴雄安习近平总书记始终关心着这座未来之城的建设者人民城市人民建人民城市为人民党中央始终心系雄安的发展跟随总书记的足迹致敬雄安新区的建设者看千年大计的不凡起笔 人民日报的微博视频 南昌县发布的微博视频,True,False,跟随总书记的足迹致敬雄安新区的建设者看千年大计的不凡起笔 || 9年4赴雄安习近平总书记始终关心着这座未来之城的建设者 || 人民城市人民建人民城市为人民,0,积极,0.951078474521637,积极,0.951078474521637
5287518746707647,【#总书记强调要树立正确的权力观政绩观事业观#   】 “党员、干部特别是领导干部要清醒认识到，自己手中的权力、所处的岗位，是党和人民赋予的，是为党和人民做事用的，只能用来为民谋利。”习近平总书记强调，各级领导干部要树立正确的权力观、政绩观、事业观，不慕虚荣，不务虚功，不图虚名，切实做到为官一任、造福一方。（人民网-中国共产党新闻网）#总书记引领强国之路#  人民网的微博视频,1776154969,2026-04-14 08:22:49+08:00,13,3,3,1776520368520,https://m.weibo.cn/detail/5287518746707647,,2492437143,全椒发布,m,https://m.weibo.cn/u/2492437143?luicode=20000061&lfid=5287518746707647&launchid=10000360-page_H5,"https://tvax4.sinaimg.cn/crop.0.0.640.640.180/948f9297ly8h8vgjpmz4yj20hs0hsjs0.jpg?KID=imgbed,tva&Expires=1776531135&ssig=xtovg8cp%2Bc",总书记引领强国之路,search_contents_2026-04-18.csv,search_post,,    党员干部特别是领导干部要清醒认识到自己手中的权力所处的岗位是党和人民赋予的是为党和人民做事用的只能用来为民谋利习近平总书记强调各级领导干部要树立正确的权力观政绩观事业观不慕虚荣不务虚功不图虚名切实做到为官一任造福一方人民网中国共产党新闻网  人民网的微博视频,True,False,早安 网页链接,0,中性,0.5288991332054138,中性,0.5288991332054138
5287355189299046,4·15全民国家安全教育日 核安全主题宣传海报来啦！#魅力核能美丽中国##总书记引领强国之路#来源：生态环境部 ,1776115974,2026-04-13 21:32:54+08:00,49,1,2,1776520368528,https://m.weibo.cn/detail/5287355189299046,,3785800931,中国核电,m,https://m.weibo.cn/u/3785800931?launchid=10000360-page_H5,"https://tvax2.sinaimg.cn/crop.0.0.512.512.180/e1a6bce3ly8h8v03a4bybj20e80e8glv.jpg?KID=imgbed,tva&Expires=1776531083&ssig=wyECTgmYuw",总书记引领强国之路,search_contents_2026-04-18.csv,search_post,,415全民国家安全教育日 核安全主题宣传海报来啦来源生态环境部 ,True,False,,1,中性,0.6898241639137268,中性,0.6898241639137268
5289151458191285,#日本囤分离钚足够造约5500枚核弹头#4月6日至17日，日本首次正式全面参加由美菲主办的“盾牌-2026”多国联合演习，这是二战结束81年来，日本作战人员首次踏上菲律宾本土；4月份美军F-35A隐身战机开始在日本长期永久驻扎；近期日本还首次装备了外国制造的进攻性导弹，此外，日本的核原料储备也相当惊人。据《解放军报》报道，截至2024年底，日本囤积约44.4吨分离钚，足够制造约5500枚核弹头。近期日本的一系列军事动作表明，其“再军事化举措”已在加速落地。#日媒集体噤声#（CCTV国际时讯）CCTV国际时讯的微博视频,1776544238,2026-04-18 20:30:38+08:00,3,0,1,1776520651622,https://m.weibo.cn/detail/5289151458191285,,1960785875,津云新闻,m,https://m.weibo.cn/u/1960785875?luicode=20000061&lfid=5289151458191285&launchid=10000360-page_H5,"https://tvax2.sinaimg.cn/crop.0.0.1056.1056.180/0028HfYDly8hsvtvjaqe6j60tc0tct9h02.jpg?KID=imgbed,tva&Expires=1776531388&ssig=0D9MJxWP5L",日媒集体噤声,search_contents_2026-04-18.csv,search_post,,4月6日至17日日本首次正式全面参加由美菲主办的盾牌2026多国联合演习这是二战结束81年来日本作战人员首次踏上菲律宾本土4月份美军F35A隐身战机开始在日本长期永久驻扎近期日本还首次装备了外国制造的进攻性导弹此外日本的核原料储备也相当惊人据解放军报报道截至2024年底日本囤积约444吨分离钚足够制造约5500枚核弹头近期日本的一系列军事动作表明其再军事化举措已在加速落地CCTV国际时讯CCTV国际时讯的微博视频,True,False,,1,中性,0.6348791718482971,中性,0.6348791718482971
5288980368590364,【#日媒集体噤声#！#日媒异常报道我驻日使馆连遭恐怖威胁#】在日本右翼势力动作频频的背景下，中国驻日使馆遭遇的这三次恐怖威胁，按照媒体的报道，肇事者的身份都与或自称与自卫队有关，日本国内媒体在报道这三件事情的时候，对这个细节有什么分析或者评价？记者表示，日本媒体在这件事的报道上，都不约而同地采取了消息类报道的方式，非常简短，几乎没有什么细节，也没有什么评论，更没有对案件关联性的分析和评价。以日本媒体平时的做法和报道风格，实际上这是很不正常的。#日舰艇进入台湾海峡被中国军队处置# 央视网的微博视频,1776503447,2026-04-18 09:10:47+08:00,4482,457,264,1776520651626,https://m.weibo.cn/detail/5288980368590364,,3266943013,央视网,m,https://m.weibo.cn/u/3266943013?luicode=20000061&lfid=5288980368590364&launchid=10000360-page_H5,"https://tvax4.sinaimg.cn/crop.0.0.180.180.180/003z5L7fly8h8ursf868gj6050050mwz02.jpg?KID=imgbed,tva&Expires=1776531398&ssig=%2BkgvPrg4uo",日媒集体噤声,search_contents_2026-04-18.csv,search_post,,在日本右翼势力动作频频的背景下中国驻日使馆遭遇的这三次恐怖威胁按照媒体的报道肇事者的身份都与或自称与自卫队有关日本国内媒体在报道这三件事情的时候对这个细节有什么分析或者评价记者表示日本媒体在这件事的报道上都不约而同地采取了消息类报道的方式非常简短几乎没有什么细节也没有什么评论更没有对案件关联性的分析和评价以日本媒体平时的做法和报道风格实际上这是很不正常的 央视网的微博视频,True,False,我看就是故意来挑衅的 || 我们都没有报復行动当然禁声,1,中性,0.5880405902862549,中性,0.5880405902862549
5289143584426233,#日媒集体噤声#我国驻日使馆连遭威胁，日本媒体却选择噤声冷处理？不想处理深度彻查就直说吧，能不能直接撤离接回国啊…一直留在这种是非之地，人身安全还得不到保障。 ,1776542361,2026-04-18 19:59:21+08:00,312,39,4,1776520651627,https://m.weibo.cn/detail/5289143584426233,贵州,7483105996,利兰命ovo,f,https://m.weibo.cn/u/7483105996?launchid=10000360-page_H5,"https://tvax3.sinaimg.cn/crop.0.0.1080.1080.180/008aqlI0ly8ic5c7or6bwj30u00u0juh.jpg?KID=imgbed,tva&Expires=1776531387&ssig=5cp2YPlN18",日媒集体噤声,search_contents_2026-04-18.csv,search_post,,我国驻日使馆连遭威胁日本媒体却选择噤声冷处理不想处理深度彻查就直说吧能不能直接撤离接回国啊一直留在这种是非之地人身安全还得不到保障 ,True,False,你谴责日媒的做法吗 || 又开始搞些小动作了 || 我的天哪 到底咋了,1,消极,0.7817392945289612,消极,0.7817392945289612
5289149021034297,#日媒集体噤声#我国驻日本大使馆近期连续遭遇严重恐怖威胁，性质恶劣、危害外交安全，本应是重大国际安全事件。然而日本各大主流媒体却集体沉默、轻描淡写，几乎不做深入报道，也未对威胁行为予以谴责。面对涉及中国外交机构的安全事件刻意噤声、回避舆论监督，双重标准显而易见，也让人对日本媒体的客观性与责任感打上问号。 桃園初戀_YELLOW的微博视频,1776543657,2026-04-18 20:20:57+08:00,153,25,0,1776520651630,https://m.weibo.cn/detail/5289149021034297,湖北,5446857109,桃園初戀_YELLOW,m,https://m.weibo.cn/u/5446857109?luicode=20000061&lfid=5289149021034297&launchid=10000360-page_H5,"https://tvax3.sinaimg.cn/crop.0.0.904.904.180/005WCsm1ly8ibewb6qg71j30p40p4my3.jpg?KID=imgbed,tva&Expires=1776531408&ssig=ODSxZsG2hr",日媒集体噤声,search_contents_2026-04-18.csv,search_post,,我国驻日本大使馆近期连续遭遇严重恐怖威胁性质恶劣危害外交安全本应是重大国际安全事件然而日本各大主流媒体却集体沉默轻描淡写几乎不做深入报道也未对威胁行为予以谴责面对涉及中国外交机构的安全事件刻意噤声回避舆论监督双重标准显而易见也让人对日本媒体的客观性与责任感打上问号 桃園初戀_YELLOW的微博视频,True,False,我说真的 很活该啊 || 这事儿确实让人挺无语的双重标准玩得挺溜希望咱们自己注意安全 || 要不回国吧,1,消极,0.6736405491828918,消极,0.6736405491828918
5289136810365100,【#日媒集体噤声##日媒异常报道我驻日使馆连遭恐怖威胁#】#海外新鲜事# 人家的媒体纪律这事日本这的打算就是闯使馆那货当精神病，然后媒体集体冷处理最后就可以当这事过去了 ,1776540746,2026-04-18 19:32:26+08:00,80,7,8,1776520651632,https://m.weibo.cn/detail/5289136810365100,日本,7881210242,某非洲酋长2,m,https://m.weibo.cn/u/7881210242?launchid=10000360-page_H5,"https://tvax1.sinaimg.cn/crop.0.0.1024.1024.180/008BmKOely8i9m1j6nozbj30sg0sgt9n.jpg?KID=imgbed,tva&Expires=1776531387&ssig=NKGdQOEz2%2B",日媒集体噤声,search_contents_2026-04-18.csv,search_post,, 人家的媒体纪律这事日本这的打算就是闯使馆那货当精神病然后媒体集体冷处理最后就可以当这事过去了 ,True,False,我们的媒体也很讲纪律啊你说是不是 || 换个姿势再来一次 || 新闻就是个任人打扮的小姑娘,1,消极,0.8348449468612671,消极,0.8348449468612671
5289172559468683,#日媒集体噤声#小日本以前不是很嚣张吗？ ,1776549269,2026-04-18 21:54:29+08:00,0,0,0,1776520651634,https://m.weibo.cn/detail/5289172559468683,陕西,7849040649,与嘟热恋中-雾皇驾到,f,https://m.weibo.cn/u/7849040649?launchid=10000360-page_H5,"https://tvax4.sinaimg.cn/crop.0.0.1080.1080.180/008zbM1Ply8ic1woeg83vj30u00u0n0g.jpg?KID=imgbed,tva&Expires=1776531387&ssig=4FNebYPvv8",日媒集体噤声,search_contents_2026-04-18.csv,search_post,,小日本以前不是很嚣张吗 ,True,False,,1,消极,0.7815234065055847,消极,0.7815234065055847
5289171482842880,【#日本进军太空军事化#】#日本军事挑衅步步升级#今年3月，日本对其陆海空自卫队进行了冷战后规模最大的组织调整，包括大幅改组海上自卫队、扩编太空部队、构建情报部队等，重点强化西南诸岛的部署以及太空与信息领域作战能力等等。这一系列的组织调整，昭示着日本已经严重背离了战后对国际和平秩序的政治承诺。日本航空自卫队计划2026年底更名为“航空宇宙自卫队”，并大幅扩大太空专业部队的规模。负责太空监视任务的“宇宙作战群”将升格为“宇宙作战团”，人员规模将从约310人增至约670人，并计划在2026年度内进一步升格为“宇宙作战集团”，人员规模扩大至约880人。 #日媒集体噤声#央视网的微博视频,1776549012,2026-04-18 21:50:12+08:00,0,0,0,1776520651636,https://m.weibo.cn/detail/5289171482842880,,1598078571,福建东南网,m,https://m.weibo.cn/u/1598078571?luicode=20000061&lfid=5289171482842880&launchid=10000360-page_H5,"https://tvax3.sinaimg.cn/crop.0.0.300.300.180/5f40be6bly8h8vhh20h8fj208c08c748.jpg?KID=imgbed,tva&Expires=1776531418&ssig=7BVnpXo3gC",日媒集体噤声,search_contents_2026-04-18.csv,search_post,,今年3月日本对其陆海空自卫队进行了冷战后规模最大的组织调整包括大幅改组海上自卫队扩编太空部队构建情报部队等重点强化西南诸岛的部署以及太空与信息领域作战能力等等这一系列的组织调整昭示着日本已经严重背离了战后对国际和平秩序的政治承诺日本航空自卫队计划2026年底更名为航空宇宙自卫队并大幅扩大太空专业部队的规模负责太空监视任务的宇宙作战群将升格为宇宙作战团人员规模将从约310人增至约670人并计划在2026年度内进一步升格为宇宙作战集团人员规模扩大至约880人 央视网的微博视频,True,False,,1,消极,0.4923304617404938,消极,0.4923304617404938
5289171431983903,#日媒集体淡化中国使馆遇袭事件#【央视：#日本媒体集体失声#】#日本媒体报道中国绝大多数是负面# 3月24日，日本陆上自卫队三等陆尉村田晃大持刀强行闯入中国驻日本大使馆。中方要求日本方面彻查此事，并给中方一个负责任的交代。之后，日本警方以涉嫌“非法侵入建筑物”、违反枪支刀具法等罪名逮捕村田晃大。17日，东京地方检察厅对其实施鉴定拘留，将对他进行精神鉴定，期限为两个月，将持续至6月16日。日本主流媒体在报道这一严重事件的时候出现了怪现象，集体进行了淡化处理，一反常态的报道方式背后，是否存在政治干预？日本网民已质疑政府与自卫队问题，官方与主流舆论却集体沉默，反映日本社会舆论场存在怎样的畸形问题？中国国际问题研究院亚太研究所特聘研究员项昊宇：日本主流媒体对于中国使馆遇袭事件的集体淡化处理，其背后既有隐形的政治干预，也暴露出日本社会的结构性弊端。问题在于日本政府想要逃避责任，日本媒体缺乏职业操守，日本社会右翼思潮泛滥。在日本政治生态和舆论氛围严重右倾化的影响下，“反华抗华”已经成为某种政治正确。主流媒体关于中国的新闻报道绝大多数是负面报道，甚至常态化的煽动和散布各种“中国威胁论”，这既是受到日本右翼保守执政当局的无形压力，也是为了迎合整个日本社会右倾化的现实。📢政治干预阴影下 日本媒体选择性失声项昊宇：政治干预是媒体集体失声的直接推手，日本政府通过记者俱乐部制度，《特定秘密保护法》等法律工具与资源的控制，构建起了严密的媒体管控网络。日本主流媒体对此次事件的报道显然是受到这种官方控制的影响，试图将恐怖暴力威胁弱化为极端的个人行为，配合日本政府将严重的外交事件降格为普通的治安案件。📢右翼思潮蔓延 日本舆论环境持续右倾化项昊宇：这种报道方式反映出日本媒体行业已经丧失新闻伦理操守，在长期受到右翼势力影响与保守化浪潮的冲击下，媒体机构为避免政治压力与经济损失，往往采取对己有利的选择性的报道，甚至不惜歪曲事实的真相。日本媒体对于政府的错误做法失去了舆论监督的作用。更值得警惕的是日本媒体的集体沉默与官方避责背后是日本社会深层次的价值观扭曲与历史认知的偏差。自卫队军官持刀闯馆，威胁杀害中国外交人员的极端行为，折射出自卫队内部受到极端右翼思想的侵蚀，对外发出军国主义思想正在死灰复燃的危险信号，而日本舆论对于这一事件的轻描淡写，反映出日本社会的纵容姿态。📢畸形舆论生态与缺乏正确历史教育密切相关项昊宇：这种畸形的舆论生态与日本政府在历史和台湾等问题上的错误政策，包括缺乏正确的历史教育，这些问题是密切相关的，这也导致极端的民族主义情绪在蔓延，客观理性的声音受到压制。这种畸形的状态不仅损害日本媒体的公信力，更严重破坏中日关系的民意基础。如果日本政府与媒体继续回避问题，掩盖真相，只会加剧国际社会对于日本发展走向的担忧，最终损害的是日本自身的国际形象与长远利益。（央视新闻）  #日媒集体噤声#北京日报的微博视频,1776549000,2026-04-18 21:50:00+08:00,0,0,0,1776520651638,https://m.weibo.cn/detail/5289171431983903,,3275115274,中国吉林网,f,https://m.weibo.cn/u/3275115274?luicode=20000061&lfid=5289171431983903&launchid=10000360-page_H5,"https://tvax1.sinaimg.cn/crop.138.131.333.333.180/c3364b0aly8h8vgk11wgjj20go0godg4.jpg?KID=imgbed,tva&Expires=1776531429&ssig=D5ooBrokxp",日媒集体噤声,search_contents_2026-04-18.csv,search_post,,央视 3月24日日本陆上自卫队三等陆尉村田晃大持刀强行闯入中国驻日本大使馆中方要求日本方面彻查此事并给中方一个负责任的交代之后日本警方以涉嫌非法侵入建筑物违反枪支刀具法等罪名逮捕村田晃大17日东京地方检察厅对其实施鉴定拘留将对他进行精神鉴定期限为两个月将持续至6月16日日本主流媒体在报道这一严重事件的时候出现了怪现象集体进行了淡化处理一反常态的报道方式背后是否存在政治干预日本网民已质疑政府与自卫队问题官方与主流舆论却集体沉默反映日本社会舆论场存在怎样的畸形问题中国国际问题研究院亚太研究所特聘研究员项昊宇日本主流媒体对于中国使馆遇袭事件的集体淡化处理其背后既有隐形的政治干预也暴露出日本社会的结构性弊端问题在于日本政府想要逃避责任日本媒体缺乏职业操守日本社会右翼思潮泛滥在日本政治生态和舆论氛围严重右倾化的影响下反华抗华已经成为某种政治正确主流媒体关于中国的新闻报道绝大多数是负面报道甚至常态化的煽动和散布各种中国威胁论这既是受到日本右翼保守执政当局的无形压力也是为了迎合整个日本社会右倾化的现实政治干预阴影下 日本媒体选择性失声项昊宇政治干预是媒体集体失声的直接推手日本政府通过记者俱乐部制度特定秘密保护法等法律工具与资源的控制构建起了严密的媒体管控网络日本主流媒体对此次事件的报道显然是受到这种官方控制的影响试图将恐怖暴力威胁弱化为极端的个人行为配合日本政府将严重的外交事件降格为普通的治安案件右翼思潮蔓延 日本舆论环境持续右倾化项昊宇这种报道方式反映出日本媒体行业已经丧失新闻伦理操守在长期受到右翼势力影响与保守化浪潮的冲击下媒体机构为避免政治压力与经济损失往往采取对己有利的选择性的报道甚至不惜歪曲事实的真相日本媒体对于政府的错误做法失去了舆论监督的作用更值得警惕的是日本媒体的集体沉默与官方避责背后是日本社会深层次的价值观扭曲与历史认知的偏差自卫队军官持刀闯馆威胁杀害中国外交人员的极端行为折射出自卫队内部受到极端右翼思想的侵蚀对外发出军国主义思想正在死灰复燃的危险信号而日本舆论对于这一事件的轻描淡写反映出日本社会的纵容姿态畸形舆论生态与缺乏正确历史教育密切相关项昊宇这种畸形的舆论生态与日本政府在历史和台湾等问题上的错误政策包括缺乏正确的历史教育这些问题是密切相关的这也导致极端的民族主义情绪在蔓延客观理性的声音受到压制这种畸形的状态不仅损害日本媒体的公信力更严重破坏中日关系的民意基础如果日本政府与媒体继续回避问题掩盖真相只会加剧国际社会对于日本发展走向的担忧最终损害的是日本自身的国际形象与长远利益央视新闻  北京日报的微博视频,True,False,,1,中性,0.6731778383255005,中性,0.6731778383255005
5289171285181007,日本军舰擅闯台海，右翼叫嚣击沉福建舰，谁给他们勇气？#日媒集体噤声# 静心观湖的微博视频 ,1776548965,2026-04-18 21:49:25+08:00,0,0,0,1776520651639,https://m.weibo.cn/detail/5289171285181007,广东,6543331097,静心观湖,m,https://m.weibo.cn/u/6543331097?launchid=10000360-page_H5,"https://tvax3.sinaimg.cn/crop.0.0.1080.1080.180/0078P9klly8i3g1ipupsoj30u00u0tbn.jpg?KID=imgbed,tva&Expires=1776531387&ssig=fny3IvgEBs",日媒集体噤声,search_contents_2026-04-18.csv,search_post,,日本军舰擅闯台海右翼叫嚣击沉福建舰谁给他们勇气 静心观湖的微博视频 ,True,False,,1,消极,0.6297207474708557,消极,0.6297207474708557
5289170555374412,#日媒集体噤声#还没给一个说法，日本不是以前的日本，而中国更不是以前中国，是怎么敢这么野蛮，嚣张 。 ,1776548791,2026-04-18 21:46:31+08:00,0,0,0,1776520651641,https://m.weibo.cn/detail/5289170555374412,江西,6008686122,瑜行无界,f,https://m.weibo.cn/u/6008686122?launchid=10000360-page_H5,"https://tvax2.sinaimg.cn/crop.0.0.1080.1080.180/006yDPKily8ib9us308xdj30u00u00vo.jpg?KID=imgbed,tva&Expires=1776531387&ssig=7c4cqYDINY",日媒集体噤声,search_contents_2026-04-18.csv,search_post,,还没给一个说法日本不是以前的日本而中国更不是以前中国是怎么敢这么野蛮嚣张  ,True,False,,1,消极,0.7846416234970093,消极,0.7846416234970093
5289141987181616,#日本可短时间内造出原子弹#【#日本距核武器只差一把螺丝刀#？】据报道，截至2024年底，日本囤积约44.4吨分离钚，足够制造约5500枚核弹头。而且日本是全球唯一拥有完整核燃料循环系统的无核国家。日本目前虽未拥有核武器，但已具备制造核武器的几乎所有物质和技术条件。军事观察员魏东旭表示，经过简单的技术改造，日本大量的浓缩铀（或核燃料）就可以转化为核武器。日本国内核材料的储存量非常大，造原子弹等核武器可能是几十枚，甚至上百枚。同时，日本还具有核武器的投射工具。在拥核道路上，日本一直在进行暗中准备。#日本军舰过航台海为何选4月17日# #日媒集体噤声# #日本远程导弹射程覆盖中国军港# 央视网的微博视频,1776541980,2026-04-18 19:53:00+08:00,2,0,0,1776520915891,https://m.weibo.cn/detail/5289141987181616,,1708763410,浙江日报,m,https://m.weibo.cn/u/1708763410?luicode=20000061&lfid=5289141987181616&launchid=10000360-page_H5,"https://tvax4.sinaimg.cn/crop.0.0.996.996.180/001RDNqaly8h8vni42n8zj60ro0rodgw02.jpg?KID=imgbed,tva&Expires=1776531683&ssig=Ps7gGGVm0R",日本远程导弹射程覆盖中国军港,search_contents_2026-04-18.csv,search_post,,据报道截至2024年底日本囤积约444吨分离钚足够制造约5500枚核弹头而且日本是全球唯一拥有完整核燃料循环系统的无核国家日本目前虽未拥有核武器但已具备制造核武器的几乎所有物质和技术条件军事观察员魏东旭表示经过简单的技术改造日本大量的浓缩铀或核燃料就可以转化为核武器日本国内核材料的储存量非常大造原子弹等核武器可能是几十枚甚至上百枚同时日本还具有核武器的投射工具在拥核道路上日本一直在进行暗中准备   央视网的微博视频,True,False,,1,中性,0.7534475922584534,中性,0.7534475922584534
5289141933181989,#日本远程导弹射程覆盖中国军港#五大战区究竟有多牛？ 东部战区：一切都在掌握中！#一分钟精选视频扶持计划# 舵手无畏的微博视频 ,1776541967,2026-04-18 19:52:47+08:00,5,0,1,1776520915898,https://m.weibo.cn/detail/5289141933181989,广东,7440276715,舵手无畏,m,https://m.weibo.cn/u/7440276715?launchid=10000360-page_H5,"https://tvax3.sinaimg.cn/crop.0.0.1080.1080.180/0087wDR9ly8i0o6bowipaj30u00u042x.jpg?KID=imgbed,tva&Expires=1776531682&ssig=BvbJCWr%2BaD",日本远程导弹射程覆盖中国军港,search_contents_2026-04-18.csv,search_post,,五大战区究竟有多牛 东部战区一切都在掌握中 舵手无畏的微博视频 ,True,False,,0,积极,0.8685603737831116,积极,0.8685603737831116
5289136250160892,#一分钟精选视频扶持计划#日本这就是彻底撕下了只防守不进攻的规定。 以前喊着专守防卫，说自己只在被打了才还手，现在倒好，直接把射程1000公里的导弹摆到了九州。这导弹能覆盖着中国东部沿海的核心军港，还能覆盖长三角、珠三角这些经济重地#日本远程导弹射程覆盖中国军港# 李星允的微博视频 ,1776540612,2026-04-18 19:30:12+08:00,27,5,0,1776520915905,https://m.weibo.cn/detail/5289136250160892,安徽,6118371179,李星允,m,https://m.weibo.cn/u/6118371179?launchid=10000360-page_H5,"https://tvax3.sinaimg.cn/crop.0.0.500.500.180/006G43Q7ly8i48u4lsebhj30dw0dwgmt.jpg?KID=imgbed,tva&Expires=1776531682&ssig=OzZH7MFxjz",日本远程导弹射程覆盖中国军港,search_contents_2026-04-18.csv,search_post,,日本这就是彻底撕下了只防守不进攻的规定 以前喊着专守防卫说自己只在被打了才还手现在倒好直接把射程1000公里的导弹摆到了九州这导弹能覆盖着中国东部沿海的核心军港还能覆盖长三角珠三角这些经济重地 李星允的微博视频 ,True,False,鬼子太坏了 || 小本子狼子野心 || 小日子想干啥,1,消极,0.7933358550071716,消极,0.7933358550071716
5289117921314344,【央视：#日本远程导弹射程覆盖中国军港#】#日本远程导弹靠前部署# 据央视，日本防卫省日前在熊本县健军驻屯地部署了“25式地对舰导弹”，日本防卫大臣宣称，这些导弹是具备所谓“对敌基地攻击能力”的远程导弹。军事评论员杜文龙表示，从部署的点位上看，是靠前部署，加上1000公里的射程，可以覆盖台湾海峡北口，而且这个点位距离中国上海很近，如果对中国军港发起各种反舰作战行动，它的覆盖范围也能达到。 （北京日报） 上游新闻的微博视频,1776536242,2026-04-18 18:17:22+08:00,17,4,7,1776520915909,https://m.weibo.cn/detail/5289117921314344,,1420157965,上游新闻,m,https://m.weibo.cn/u/1420157965?luicode=20000061&lfid=5289117921314344&launchid=10000360-page_H5,"https://tvax4.sinaimg.cn/crop.30.33.954.954.180/001y6PXDly8h8vgd0d8kgj60rr0rrdh002.jpg?KID=imgbed,tva&Expires=1776531693&ssig=waYsdHNBqO",日本远程导弹射程覆盖中国军港,search_contents_2026-04-18.csv,search_post,,央视 据央视日本防卫省日前在熊本县健军驻屯地部署了25式地对舰导弹日本防卫大臣宣称这些导弹是具备所谓对敌基地攻击能力的远程导弹军事评论员杜文龙表示从部署的点位上看是靠前部署加上1000公里的射程可以覆盖台湾海峡北口而且这个点位距离中国上海很近如果对中国军港发起各种反舰作战行动它的覆盖范围也能达到 北京日报 上游新闻的微博视频,True,False,靠嘴炮打不赢敌人 || 小日子欠揍,1,中性,0.6889148354530334,中性,0.6889148354530334
5289133266443783,#日本远程导弹射程覆盖中国军港#所以小日子终于又双叒叕按捺不住了 ,1776539901,2026-04-18 19:18:21+08:00,12,0,0,1776520915913,https://m.weibo.cn/detail/5289133266443783,黑龙江,3228671593,Mr·浮生学长,m,https://m.weibo.cn/u/3228671593?launchid=10000360-page_H5,"https://tvax3.sinaimg.cn/crop.0.0.512.512.180/c0719e69ly8htz991cpeej20e80e8jrc.jpg?KID=imgbed,tva&Expires=1776531682&ssig=IxAB7ZVVdt",日本远程导弹射程覆盖中国军港,search_contents_2026-04-18.csv,search_post,,所以小日子终于又双叒叕按捺不住了 ,True,False,,0,消极,0.7727128863334656,消极,0.7727128863334656
5289133314412963,#日本远程导弹射程覆盖中国军港#早苗这个颠婆 外交界的妈妈桑也是独一份了 ,1776539912,2026-04-18 19:18:32+08:00,17,0,0,1776520915916,https://m.weibo.cn/detail/5289133314412963,河北,1664922662,车酷酷车,f,https://m.weibo.cn/u/1664922662?launchid=10000360-page_H5,"https://tva1.sinaimg.cn/crop.41.3.130.130.180/633cb426jw1eyjva4fn5sj206103s3yo.jpg?KID=imgbed,tva&Expires=1776531682&ssig=3KsnxVgXXs",日本远程导弹射程覆盖中国军港,search_contents_2026-04-18.csv,search_post,,早苗这个颠婆 外交界的妈妈桑也是独一份了 ,True,False,,0,积极,0.8643375635147095,积极,0.8643375635147095
5289161290683213,#日本远程导弹射程覆盖中国军港#好搞笑，小日本这是想干嘛呢 ,1776546582,2026-04-18 21:09:42+08:00,9,6,0,1776520915920,https://m.weibo.cn/detail/5289161290683213,广东,5596070699,白球-lyx,f,https://m.weibo.cn/u/5596070699?launchid=10000360-page_H5,"https://tvax4.sinaimg.cn/crop.0.0.1079.1079.180/0066IxCPgy1i9g05pgpt6j30tz0tz411.jpg?KID=imgbed,tva&Expires=1776531682&ssig=E7yftKjv1a",日本远程导弹射程覆盖中国军港,search_contents_2026-04-18.csv,search_post,,好搞笑小日本这是想干嘛呢 ,True,False,东西又不怀好意了,1,消极,0.820265531539917,消极,0.820265531539917
5289156244669308,#日本远程导弹射程覆盖中国军港#危险突破，但中国完全有能力反制其本土所有发射点、军事基地将被瞬间抹平日本导弹能“覆盖”，但绝不敢“打击”；中国不怕覆盖，更不惧挑衅。 对日本：别玩火，玩火必自焚对中国：盾坚矛利、主权在握、底气十足对局势：警惕但不必恐慌，中国完全掌控局面 ,1776545379,2026-04-18 20:49:39+08:00,0,0,0,1776520915922,https://m.weibo.cn/detail/5289156244669308,安徽,7858903635,初始恋颖-变态版,m,https://m.weibo.cn/u/7858903635?launchid=10000360-page_H5,"https://tvax1.sinaimg.cn/crop.0.0.1080.1080.180/008zR9Qfly8ic8wq2387mj30u00u0td6.jpg?KID=imgbed,tva&Expires=1776531682&ssig=VhGgOkxkLE",日本远程导弹射程覆盖中国军港,search_contents_2026-04-18.csv,search_post,,危险突破但中国完全有能力反制其本土所有发射点军事基地将被瞬间抹平日本导弹能覆盖但绝不敢打击中国不怕覆盖更不惧挑衅 对日本别玩火玩火必自焚对中国盾坚矛利主权在握底气十足对局势警惕但不必恐慌中国完全掌控局面 ,True,False,,1,消极,0.5958472490310669,消极,0.5958472490310669
5289131107159742,#日本远程导弹射程覆盖中国军港#日本不能去，大家要重视 ,1776539386,2026-04-18 19:09:46+08:00,44,1,0,1776520915925,https://m.weibo.cn/detail/5289131107159742,四川,6888286508,司马卿-,f,https://m.weibo.cn/u/6888286508?launchid=10000360-page_H5,"https://tvax1.sinaimg.cn/crop.0.0.1023.1023.180/007waxZily8hn09glj7hdj30sg0sfn0h.jpg?KID=imgbed,tva&Expires=1776531682&ssig=%2BGSJdXPRQt",日本远程导弹射程覆盖中国军港,search_contents_2026-04-18.csv,search_post,,日本不能去大家要重视 ,True,False,我朋友去年花了好几万非要去日本打工没去几个月又开始中日破裂说那边物价高米饭都吃不起了咋说都不听,1,中性,0.7837226986885071,中性,0.7837226986885071
5289149650176906,#日本远程导弹射程覆盖中国军港#恐怕在发挥作用之前就被摧毁了。 ,1776543807,2026-04-18 20:23:27+08:00,1,1,0,1776520915928,https://m.weibo.cn/detail/5289149650176906,江西,6156549152,丁丁侃点,m,https://m.weibo.cn/u/6156549152?launchid=10000360-page_H5,"https://tvax1.sinaimg.cn/crop.0.0.512.512.180/006IEfFSly8g9xnlkt3xjj30e80e8aad.jpg?KID=imgbed,tva&Expires=1776531682&ssig=Rv4hYUx8sx",日本远程导弹射程覆盖中国军港,search_contents_2026-04-18.csv,search_post,,恐怕在发挥作用之前就被摧毁了 ,True,False,,0,消极,0.8116701245307922,消极,0.8116701245307922
5289075697517546,#孟美岐解约乐华的第一个活动##孟美岐紫发紫美甲造型# 孟美岐解约乐华后的第一个活动，紫发紫色美甲，真的重新出发了，对粉丝饭撒也好甜#春日心动放映季# 人间富贵香菜花的微博视频 ,1776526175,2026-04-18 15:29:35+08:00,6946,490,181,1776521149535,https://m.weibo.cn/detail/5289075697517546,山西,2022990945,人间富贵香菜花,m,https://m.weibo.cn/u/2022990945?launchid=10000360-page_H5,"https://tvax1.sinaimg.cn/crop.0.0.1080.1080.180/78946461ly8i3x93iyak4j20u00u0jvu.jpg?KID=imgbed,tva&Expires=1776531947&ssig=ZvNuAh9HPl",孟美岐解约乐华的第一个活动,search_contents_2026-04-18.csv,search_post,, 孟美岐解约乐华后的第一个活动紫发紫色美甲真的重新出发了对粉丝饭撒也好甜 人间富贵香菜花的微博视频 ,True,False,评论区主要围绕三点一是澄清孟美岐与前公司合约到期不续而非解约强调和平分手二是称赞其紫发美甲造型甜美状态回春对粉丝互动热情三是表达对未来巡演和新作品的期待整体氛围积极祝福她开启新篇章继续提问戳gt微博智搜 || 是到期不续啦不是解约美美嘟 || 孟美岐好美,0,积极,0.9804531335830688,积极,0.9804531335830688
5289124254191690,#孟美岐解约乐华的第一个活动#是到期不续哦，孟美岐全新亮相，状态在线，未来可期✨ ,1776537752,2026-04-18 18:42:32+08:00,425,48,2,1776521149537,https://m.weibo.cn/detail/5289124254191690,江西,7739982138,星屿叙晚,f,https://m.weibo.cn/u/7739982138?launchid=10000360-page_H5,"https://tvax3.sinaimg.cn/crop.0.0.1080.1080.180/008rOaVAly8ic5e4quye8j30u00u0dko.jpg?KID=imgbed,tva&Expires=1776531947&ssig=uqcPViEwLK",孟美岐解约乐华的第一个活动,search_contents_2026-04-18.csv,search_post,,是到期不续哦孟美岐全新亮相状态在线未来可期 ,True,False,孟美岐很漂亮 || 你认识孟美岐吗 || 有人给我安利一下孟美岐吗,0,积极,0.877778947353363,积极,0.877778947353363
5289144985329459,@孟美岐 #搜狐视频关注流大会# 群访来啦，聊到了新专辑的筹备，目前还处于保密阶段，新的一轮演出也要来啦，期待！🤩 #孟美岐解约乐华的第一个活动# 搜狐视频的微博视频  ,1776542695,2026-04-18 20:04:55+08:00,451,67,193,1776521149538,https://m.weibo.cn/detail/5289144985329459,,2230913455,搜狐视频,m,https://m.weibo.cn/u/2230913455?launchid=10000360-page_H5,"https://tvax2.sinaimg.cn/crop.0.0.99.99.180/002qYGv5ly8h8p8u6lqunj602s02s0sk02.jpg?KID=imgbed,tva&Expires=1776531947&ssig=%2F9o0Z8yEFX",孟美岐解约乐华的第一个活动,search_contents_2026-04-18.csv,search_post,,  群访来啦聊到了新专辑的筹备目前还处于保密阶段新的一轮演出也要来啦期待  搜狐视频的微博视频  ,True,False,新专新专敲碗等饭 || 老朋友们会一直陪在孟美岐身边,0,积极,0.7451381683349609,积极,0.7451381683349609
5289144890951495,今天的美岐岐发型：🙋#孟美岐解约乐华的第一个活动##孟美岐紫发紫美甲造型##2026春季搜狐视频关注流大会#孟美岐 ,1776542672,2026-04-18 20:04:32+08:00,283,93,67,1776521149540,https://m.weibo.cn/detail/5289144890951495,浙江,1860939503,吴双ONTIME,m,https://m.weibo.cn/u/1860939503?launchid=10000360-page_H5,"https://tva1.sinaimg.cn/crop.0.0.180.180.180/6eebaeefjw1e8qgp5bmzyj2050050aa8.jpg?KID=imgbed,tva&Expires=1776531947&ssig=5LM%2FD6oEGj",孟美岐解约乐华的第一个活动,search_contents_2026-04-18.csv,search_post,,今天的美岐岐发型孟美岐 ,True,False,哇新合作的老师吗 || 今日发型好看的老师 || 这个发型真是美的惊天地泣鬼神,0,中性,0.7016510963439941,中性,0.7016510963439941
5289121201263598,抓到美萌美岐啦！这个@孟美岐 也太不禁撩了！一句“我愿意”就被撩得耳朵通红～建议大家在春关现场多多撩她！#孟美岐解约乐华的第一个活动# 星同事的微博视频 ,1776537024,2026-04-18 18:30:24+08:00,1313,135,115,1776521149541,https://m.weibo.cn/detail/5289121201263598,,7090942012,星同事,f,https://m.weibo.cn/u/7090942012?launchid=10000360-page_H5,"https://tvax2.sinaimg.cn/crop.0.0.600.600.180/007JSRWsly8hhcmvf0ugyj30go0go0u3.jpg?KID=imgbed,tva&Expires=1776531947&ssig=umAoKWL5ky",孟美岐解约乐华的第一个活动,search_contents_2026-04-18.csv,search_post,,抓到美萌美岐啦这个 也太不禁撩了一句我愿意就被撩得耳朵通红建议大家在春关现场多多撩她 星同事的微博视频 ,True,False,评论主要聚焦孟美岐互动中的可爱反应75网友被其害羞捂耳瞬间脸红萌翻直呼萌晕了15表达想亲自参与撩逗的愿望10结合解约背景称赞她状态更松弛自然整体氛围欢快凸显其私下柔软有趣的一面继续提问戳gt微博智搜 || 孟美岐好可爱  这个萌妹岐爽 || 如此美萌好想调戏,0,积极,0.9543326497077942,积极,0.9543326497077942
5289174076752024,#孟美岐解约乐华的第一个活动# 孟美岐完美状态迎接新生孟美岐FM1015的微博视频 ,1776549630,2026-04-18 22:00:30+08:00,4,0,0,1776521149542,https://m.weibo.cn/detail/5289174076752024,福建,7776223689,本质起名five,f,https://m.weibo.cn/u/7776223689?launchid=10000360-page_H5,"https://tvax2.sinaimg.cn/crop.0.0.1080.1080.180/008ugf0Jly8hy0s0guhepj30u00u0tbb.jpg?KID=imgbed,tva&Expires=1776531947&ssig=bN6fvFTDR7",孟美岐解约乐华的第一个活动,search_contents_2026-04-18.csv,search_post,, 孟美岐完美状态迎接新生孟美岐FM1015的微博视频 ,True,False,,0,积极,0.9694913029670716,积极,0.9694913029670716
5289168838331360,#孟美岐解约乐华的第一个活动# 这个tag十分满意 自由的味道真甜 ,1776548382,2026-04-18 21:39:42+08:00,5,0,0,1776521149543,https://m.weibo.cn/detail/5289168838331360,广东,1688210917,K再吃一粒橙,f,https://m.weibo.cn/u/1688210917?launchid=10000360-page_H5,"https://tvax1.sinaimg.cn/crop.0.0.1080.1080.180/64a00de5ly8h0dal6p4iej20u00u040d.jpg?KID=imgbed,tva&Expires=1776531947&ssig=onZJM4RmE%2F",孟美岐解约乐华的第一个活动,search_contents_2026-04-18.csv,search_post,, 这个tag十分满意 自由的味道真甜 ,True,False,,0,积极,0.975871741771698,积极,0.975871741771698
5289122398998274,#孟美岐解约乐华的第一个活动#是到期不续噢 新的开始 好美的一个姐姐 有人安利一下吗 ,1776537310,2026-04-18 18:35:10+08:00,301,45,3,1776521149546,https://m.weibo.cn/detail/5289122398998274,山西,6325988904,小煜淼淼,f,https://m.weibo.cn/u/6325988904?launchid=10000360-page_H5,"https://tvax4.sinaimg.cn/crop.0.0.1080.1080.180/006U7cH6ly8ic5dhch8uyj30u00u0q6b.jpg?KID=imgbed,tva&Expires=1776531947&ssig=BT8Ffo3y9l",孟美岐解约乐华的第一个活动,search_contents_2026-04-18.csv,search_post,,是到期不续噢 新的开始 好美的一个姐姐 有人安利一下吗 ,True,False,好美的一个姐姐呀 || 这姐姐很美呀,0,积极,0.9730586409568788,积极,0.9730586409568788
5289167492744613,#孟美岐解约乐华的第一个活动#哇塞，未来一定会越来越好的～人间富贵香菜花的微博视频 ,1776548061,2026-04-18 21:34:21+08:00,0,0,0,1776521149547,https://m.weibo.cn/detail/5289167492744613,河北,7811580674,耳朵瞎啦,f,https://m.weibo.cn/u/7811580674?launchid=10000360-page_H5,"https://tvax1.sinaimg.cn/crop.0.1.1078.1078.180/008wEAYGly8ic8mbeye5pj30ty0u0djj.jpg?KID=imgbed,tva&Expires=1776531947&ssig=mVLOGOaIkH",孟美岐解约乐华的第一个活动,search_contents_2026-04-18.csv,search_post,,哇塞未来一定会越来越好的人间富贵香菜花的微博视频 ,True,False,,0,积极,0.9840917587280272,积极,0.9840917587280272
5289126958994000,#孟美岐解约乐华的第一个活动#解约了？感觉状态不错啊 ,1776538397,2026-04-18 18:53:17+08:00,35,8,0,1776521149549,https://m.weibo.cn/detail/5289126958994000,陕西,7817007094,来口蒸包_,f,https://m.weibo.cn/u/7817007094?launchid=10000360-page_H5,"https://tvax4.sinaimg.cn/crop.0.0.992.992.180/008x1mDAly8icbaf9gozoj30rk0rkn0j.jpg?KID=imgbed,tva&Expires=1776531947&ssig=JQCpnwc%2Fa9",孟美岐解约乐华的第一个活动,search_contents_2026-04-18.csv,search_post,,解约了感觉状态不错啊 ,True,False,居然解约了 || 真的假的啊,0,积极,0.9318299293518066,积极,0.9318299293518066
5289090560821263,【#何润东现身宿迁奥体#】4月18日下午，宿迁奥体中心，@何润东 来到现场，助阵晚上开战的#苏超宿迁队VS南京队#。宿迁   #苏超#   江苏新闻的微博视频  ,1776529719,2026-04-18 16:28:39+08:00,2417,100,118,1776521395155,https://m.weibo.cn/detail/5289090560821263,,1301904252,江苏新闻,m,https://m.weibo.cn/u/1301904252?launchid=10000360-page_H5,"https://tvax4.sinaimg.cn/crop.0.0.600.600.180/001q6ELGly8i89pxnzx2jj60go0gojs802.jpg?KID=imgbed,tva&Expires=1776532172&ssig=mfqLq5vQEM",何润东现身宿迁奥体,search_contents_2026-04-18.csv,search_post,,4月18日下午宿迁奥体中心 来到现场助阵晚上开战的宿迁      江苏新闻的微博视频  ,True,False,评论区以西楚霸王梗热情欢迎何润东助阵家乡球队占比近半三成网友称赞其状态佳态度亲和其余调侃比赛结果或幽默吐槽未骑马等细节整体氛围欢乐继续提问戳gt微博智搜 || 哇霸王来了 || 状态好好态度又谦和支持东哥,0,中性,0.8017621636390686,中性,0.8017621636390686
5289139836031542,#何润东现身宿迁奥体# 西楚霸王出场，宿迁子弟何在？何润东出现项羽经典台词：比赛靠的是决心和勇气，我宿迁男儿最不缺的就是决心和勇气，宿迁是我们的主场，我们有什么好怕的#何润东项羽盔甲做好了# 影视剧发现的微博视频 ,1776541467,2026-04-18 19:44:27+08:00,3961,199,157,1776521395161,https://m.weibo.cn/detail/5289139836031542,安徽,5699715192,影视剧发现,m,https://m.weibo.cn/u/5699715192?launchid=10000360-page_H5,"https://tvax4.sinaimg.cn/crop.0.0.996.996.180/006dJqicly8ggdtu9d0wgj30ro0ro75v.jpg?KID=imgbed,tva&Expires=1776532172&ssig=1QxONsE9cJ",何润东现身宿迁奥体,search_contents_2026-04-18.csv,search_post,, 西楚霸王出场宿迁子弟何在何润东出现项羽经典台词比赛靠的是决心和勇气我宿迁男儿最不缺的就是决心和勇气宿迁是我们的主场我们有什么好怕的 影视剧发现的微博视频 ,True,False,应该骑着马出场 || 输了就好玩了 || 阳刚气十足 和小鲜肉形成了鲜明对比,0,积极,0.7240024209022522,积极,0.7240024209022522
5289143018981166,苏超宿迁对南京，何润东项羽装扮现身宿迁奥体。宿迁特意找人打造了电视剧原版铠甲。#何润东霸王全妆# ,1776542226,2026-04-18 19:57:06+08:00,1462,83,16,1776521395166,https://m.weibo.cn/detail/5289143018981166,湖南,5386924056,王玮晨,m,https://m.weibo.cn/u/5386924056?launchid=10000360-page_H5,"https://tvax4.sinaimg.cn/crop.0.0.480.480.180/005SyZ1Sly8i3tl9bvkkkj30dc0dc3yz.jpg?KID=imgbed,tva&Expires=1776532172&ssig=9VJi05Arnr",何润东现身宿迁奥体,search_contents_2026-04-18.csv,search_post,,苏超宿迁对南京何润东项羽装扮现身宿迁奥体宿迁特意找人打造了电视剧原版铠甲 ,True,False,评论区热议何润东项羽造型高度还原获45网友称赞其英气不减30观众遗憾未见骑马环节但理解安全考量15讨论涉及地域明星对比如无锡张凌赫引发轻松争论另有10关注艺人状态与外籍话题但多被正面观点反驳整体氛围怀旧热烈致敬经典查看全部戳gt微博智搜 || 应该安排在和无锡的比赛上现身的无锡出张凌赫 || 美国项羽还是比较带劲的,0,积极,0.5423848032951355,积极,0.5423848032951355
5289137542007346,今晚的苏超我看了一下，#何润东现身宿迁奥体#确实热闹啊！唯一的遗憾是没有「项羽」骑马，直接在移动车上传口号，鼓舞士气。 ,1776540920,2026-04-18 19:35:20+08:00,291,127,24,1776521395171,https://m.weibo.cn/detail/5289137542007346,四川,2400814017,科技的那些事,m,https://m.weibo.cn/u/2400814017?launchid=10000360-page_H5,"https://tvax2.sinaimg.cn/crop.0.0.1080.1080.180/8f1983c1ly8g53343idgoj20u00u0tb3.jpg?KID=imgbed,tva&Expires=1776532172&ssig=Zic%2FAS5FYt",何润东现身宿迁奥体,search_contents_2026-04-18.csv,search_post,,今晚的苏超我看了一下确实热闹啊唯一的遗憾是没有项羽骑马直接在移动车上传口号鼓舞士气 ,True,False,要是骑马那更帅 || 我估计可能是年纪大了为了安全没骑马毕竟何润东已57岁时间急又要穿20斤的甲胄 || 时间太赶了人和马没时间磨合,0,积极,0.5201185345649719,积极,0.5201185345649719
5289139543216227,宿迁市足球队#苏超宿迁队vs南京队##何润东现身宿迁奥体#全网期盼的霸王终于归位！何润东身披铠甲亮相宿迁奥体，气场全开。今夜主场，江东子弟齐亮剑，虽然霸王来了，但我支持南京！#三分钟快速追热点# 晶刚专属的微博视频 ,1776541397,2026-04-18 19:43:17+08:00,1040,82,69,1776521395174,https://m.weibo.cn/detail/5289139543216227,安徽,2520402873,晶刚专属,m,https://m.weibo.cn/u/2520402873?launchid=10000360-page_H5,"https://tvax2.sinaimg.cn/crop.0.0.1080.1080.180/963a4bb9ly8hhzbz346zzj20u00u0wg7.jpg?KID=imgbed,tva&Expires=1776532172&ssig=fEow%2BBfrVh",何润东现身宿迁奥体,search_contents_2026-04-18.csv,search_post,,宿迁市足球队全网期盼的霸王终于归位何润东身披铠甲亮相宿迁奥体气场全开今夜主场江东子弟齐亮剑虽然霸王来了但我支持南京 晶刚专属的微博视频 ,True,False,这个霸王一点没变啊 || 何润东霸气回归宿迁奥体尽显英雄本色支持南京期待更多精彩 || 霸王一出所向披靡加油宿迁队,0,积极,0.958544373512268,积极,0.958544373512268
5289143053062151,【霸王来了！霸王回归！#何润东霸王回归超燃现场#】4月18日晚，宿迁奥体中心，#苏超宿迁队VS南京队#。@何润东 身披战甲亮相宿迁奥体。   #何润东现身宿迁奥体# 江苏新闻的微博视频  ,1776542234,2026-04-18 19:57:14+08:00,110,11,11,1776521395178,https://m.weibo.cn/detail/5289143053062151,,1301904252,江苏新闻,m,https://m.weibo.cn/u/1301904252?launchid=10000360-page_H5,"https://tvax4.sinaimg.cn/crop.0.0.600.600.180/001q6ELGly8i89pxnzx2jj60go0gojs802.jpg?KID=imgbed,tva&Expires=1776532172&ssig=mfqLq5vQEM",何润东现身宿迁奥体,search_contents_2026-04-18.csv,search_post,,霸王来了霸王回归4月18日晚宿迁奥体中心 身披战甲亮相宿迁奥体    江苏新闻的微博视频  ,True,False,指着南京彼可取而代之 || 我去十多年了他能原样再现丝毫没有岁月年华就像穿越到了赛场一样真的超震撼,0,积极,0.868581235408783,积极,0.868581235408783
5289130798092009,何润东已经到宿迁了，迎接项羽的应援物是创可贴。 #苏超# #何润东现身宿迁奥体# ,1776539312,2026-04-18 19:08:32+08:00,190,110,524,1776521395182,https://m.weibo.cn/detail/5289130798092009,辽宁,2343372547,大头和他的朋友们,m,https://m.weibo.cn/u/2343372547?launchid=10000360-page_H5,"https://tva4.sinaimg.cn/crop.0.0.1242.1242.180/8bad0703jw8ethtq7rnifj20yi0yiq67.jpg?KID=imgbed,tva&Expires=1776532172&ssig=fHaYFy029e",何润东现身宿迁奥体,search_contents_2026-04-18.csv,search_post,,何润东已经到宿迁了迎接项羽的应援物是创可贴   ,True,False,这排面直接拉满 || 这就是属于项羽的排面 || 哇塞还是创口贴的应援物粉丝真的是太用心了吧,0,中性,0.8315044045448303,中性,0.8315044045448303
5289151391082955,#何润东现身宿迁奥体#荧幕里的西楚霸王，从历史走到苏超赛场。何润东现身宿迁，一身战甲气场拉满，这才是真正的霸王归来！谁的童年回来了！何润东化身项羽，为苏超助威！最可惜的就是没有骑马#微博热点优质创作计划# Yvesz_的微博视频 ,1776544222,2026-04-18 20:30:22+08:00,77,23,23,1776521395186,https://m.weibo.cn/detail/5289151391082955,四川,2594857887,Yvesz_,m,https://m.weibo.cn/u/2594857887?launchid=10000360-page_H5,"https://tvax3.sinaimg.cn/crop.0.0.511.511.180/9aaa639fly8i2djq6fnh5j20e70e73yk.jpg?KID=imgbed,tva&Expires=1776532172&ssig=AuKkXpE1N6",何润东现身宿迁奥体,search_contents_2026-04-18.csv,search_post,,荧幕里的西楚霸王从历史走到苏超赛场何润东现身宿迁一身战甲气场拉满这才是真正的霸王归来谁的童年回来了何润东化身项羽为苏超助威最可惜的就是没有骑马 Yvesz_的微博视频 ,True,False,霸王气概令人心折 || 如果坐上赤兔马手拿方天画戟 || 我真的没想到他竟然在我们江苏太惊喜了,0,积极,0.9356359839439392,积极,0.9356359839439392
5289169380971332,#何润东现身宿迁奥体#0播剧却爆火 老叔赶上好时候了 ,1776548511,2026-04-18 21:41:51+08:00,0,0,0,1776521395193,https://m.weibo.cn/detail/5289169380971332,湖南,7577690214,小毅测评,m,https://m.weibo.cn/u/7577690214?launchid=10000360-page_H5,"https://tvax4.sinaimg.cn/crop.0.0.952.952.180/008gPdnUly8hra6guq4tuj30qg0qg0wu.jpg?KID=imgbed,tva&Expires=1776532172&ssig=lrw%2BI0vgkG",何润东现身宿迁奥体,search_contents_2026-04-18.csv,search_post,,0播剧却爆火 老叔赶上好时候了 ,True,False,,0,积极,0.8347179293632507,积极,0.8347179293632507
5289135514327094,【#何润东空降苏超复刻霸王巡场#】 #霸王回家苏超排面直接封神#4月18日苏超首轮排位赛，项王故里宿迁主场重磅开战对阵南京。主场之上，何润东全副霸王铠甲登战车，率领一众江东子弟兵霸气巡场，一秒穿越千年楚汉风云。真霸王回家，故土迎英雄，氛围感炸裂。这才是独属于宿迁的千古浪漫与豪迈。 （上游新闻首席记者 时婷婷）#苏超首轮宿迁主场上演楚汉风云# 上游新闻的微博视频,1776540437,2026-04-18 19:27:17+08:00,535,36,50,1776521739522,https://m.weibo.cn/detail/5289135514327094,,1420157965,上游新闻,m,https://m.weibo.cn/u/1420157965?luicode=20000061&lfid=5289135514327094&launchid=10000360-page_H5,"https://tvax4.sinaimg.cn/crop.30.33.954.954.180/001y6PXDly8h8vgd0d8kgj60rr0rrdh002.jpg?KID=imgbed,tva&Expires=1776532445&ssig=LixQC2WZTq",苏超,search_contents_2026-04-18.csv,search_post,, 4月18日苏超首轮排位赛项王故里宿迁主场重磅开战对阵南京主场之上何润东全副霸王铠甲登战车率领一众江东子弟兵霸气巡场一秒穿越千年楚汉风云真霸王回家故土迎英雄氛围感炸裂这才是独属于宿迁的千古浪漫与豪迈 上游新闻首席记者 时婷婷 上游新闻的微博视频,True,False,4月18日苏超首轮排位赛项王故里宿迁主场重磅开战对阵南京主场之上何润东全副霸王铠甲登战车率领一众江东子弟兵霸气巡场一秒穿越千年楚汉风云真霸王回家故土迎英雄氛围感炸裂,0,积极,0.9607552886009216,积极,0.9607552886009216
5289135818671764,【正在直播：#苏超徐州VS泰州#】“苏超”2026赛季第二轮三场比赛4月18日晚进行，@人民日报 和你一起看#苏超#！你支持哪座城市？  人民日报的微博直播 ,1776540509,2026-04-18 19:28:29+08:00,848,333,41,1776521739539,https://m.weibo.cn/detail/5289135818671764,,2803301701,人民日报,m,https://m.weibo.cn/u/2803301701?launchid=10000360-page_H5,"https://tvax4.sinaimg.cn/crop.0.0.1018.1018.180/0033ImPzly8h8vgemh8kxj60sa0sadgw02.jpg?KID=imgbed,tva&Expires=1776532444&ssig=0QLj576PTi",苏超,search_contents_2026-04-18.csv,search_post,白名单账号,正在直播苏超2026赛季第二轮三场比赛4月18日晚进行 和你一起看你支持哪座城市  人民日报的微博直播 ,True,False,徐州30泰州哦,0,积极,0.8133573532104492,积极,0.8133573532104492
5286905445089604,苏超真的太震撼了前有开幕式神仙打架！冒着瓢泼大雨，有周深天籁高音开场，有魔法原子290台机器人硬核炸场，在雨夜buff加持，整齐划一的机器人大军宛如科幻大片照进现实！#周深苏超开场 ##张雪机车苏超无锡炸场#后有苏超“太湖三傻”变“太湖三霸”，“常宝”变“常威”，江苏十三太保大换位，震撼一个接一个#苏超比分##苏超太湖三傻爆改太湖三霸##苏超常州3:0南通 ##苏州1:0扬州 ##无锡3:1镇江# 足球狗的日常的微博视频,1776008746,2026-04-12 15:45:46+08:00,4312,40,104,1776521739543,https://m.weibo.cn/detail/5286905445089604,江苏,2728655990,足球狗的日常,f,https://m.weibo.cn/u/2728655990?luicode=20000061&lfid=5286905445089604&launchid=10000360-page_H5,"https://tvax3.sinaimg.cn/crop.4.0.742.742.180/a2a3fc76ly8fjd46z2988j20ku0km0tm.jpg?KID=imgbed,tva&Expires=1776532465&ssig=jkWrq0A73t",苏超,search_contents_2026-04-18.csv,search_post,,苏超真的太震撼了前有开幕式神仙打架冒着瓢泼大雨有周深天籁高音开场有魔法原子290台机器人硬核炸场在雨夜buff加持整齐划一的机器人大军宛如科幻大片照进现实后有苏超太湖三傻变太湖三霸常宝变常威江苏十三太保大换位震撼一个接一个 足球狗的日常的微博视频,True,False,苏超这热度真的挡不住每一秒都好燃 || 恨我不在现场嫉妒使我面目全非 || 太湖三傻逆袭成三霸 反转来得猝不及防,0,积极,0.9443760514259338,积极,0.9443760514259338
5289177370336998,#江苏十三太保有十三场苏超开幕式#江苏十三太保亮相苏超开幕式，古装将士列阵球场，银甲红袍气势如虹。传统与现代交融，仪式感拉满，现场氛围热烈。#微博二创视频创作季# 都好大王的微博视频 ,1776550416,2026-04-18 22:13:36+08:00,0,0,0,1776521739559,https://m.weibo.cn/detail/5289177370336998,河南,1795762595,都好大王,f,https://m.weibo.cn/u/1795762595?launchid=10000360-page_H5,"https://tvax4.sinaimg.cn/crop.0.0.1080.1080.180/6b0929a3ly8i72c0vge1qj20u00u0af3.jpg?KID=imgbed,tva&Expires=1776532444&ssig=n1mDhXDjaB",苏超,search_contents_2026-04-18.csv,search_post,,江苏十三太保亮相苏超开幕式古装将士列阵球场银甲红袍气势如虹传统与现代交融仪式感拉满现场氛围热烈 都好大王的微博视频 ,True,False,,0,积极,0.9785497784614564,积极,0.9785497784614564
5289177321312238,【#霸王归来宿迁2比0领先南京# 】4月18日晚，在宿迁奥体中心体育场，宿迁队主场对阵南京队。在赛前暖场环节，何润东身披霸王战甲，惊艳亮相“苏超”赛场，古乐铿锵，热血澎湃！上半场，宿迁队已经2：0领先南京队了。#何润东身披铠甲上演霸王归来#@苏州新闻 苏州新闻的微博视频 ,1776550404,2026-04-18 22:13:24+08:00,0,0,0,1776521739561,https://m.weibo.cn/detail/5289177321312238,,2359224985,青岛晚报,m,https://m.weibo.cn/u/2359224985?launchid=10000360-page_H5,"https://tvax1.sinaimg.cn/crop.0.0.801.801.180/002zF4bTly8h8vgdoubqyj60m90m9jsc02.jpg?KID=imgbed,tva&Expires=1776532444&ssig=n2sY7e35%2FD",苏超,search_contents_2026-04-18.csv,search_post,, 4月18日晚在宿迁奥体中心体育场宿迁队主场对阵南京队在赛前暖场环节何润东身披霸王战甲惊艳亮相苏超赛场古乐铿锵热血澎湃上半场宿迁队已经20领先南京队了 苏州新闻的微博视频 ,True,False,,0,积极,0.8886324167251587,积极,0.8886324167251587
5289156461725288,【#日本在马关条约签订日闯入台海#】#日本4月17日蓄意挑衅绝非偶然# 4月17日，日本“雷”号驱逐舰过航台湾海峡，中国人民解放军东部战区组织海空兵力对其全程跟监，有效瞰制管控。中国国防部、外交部等部门已就此向日方提出严正交涉和强烈抗议。131年前的4月17日，清政府与日本签署《马关条约》，将台湾全岛及所有附属各岛屿、澎湖列岛割让给日本，给中华民族刻下了一道巨大而深重的伤痕。此次日本自卫队舰艇在4月17日这一天过航台海，绝非“巧合”所能解释。根据中国人民解放军东部战区发布的信息，日舰过航台湾海峡的时间是4月17日4时02分至17时50分，用时约14个小时。有军事专家分析，按照台湾海峡通常过航航线和驱逐舰经济航速来计算，军舰正常过航台湾海峡用时应为9-10小时左右。远超常规时间足以表明，日方此举绝不是什么正常过航，而是赤裸裸的蓄意挑衅。由此观之，日本政客显然是精心挑选了一个极具象征意义的时间点，试图向“台独”分裂势力传递错误信号，同时试探中方的底线与反应。（中国新闻网） 热度新闻的微博视频,1776545431,2026-04-18 20:50:31+08:00,1,0,0,1776522012810,https://m.weibo.cn/detail/5289156461725288,,2460937233,热度新闻,m,https://m.weibo.cn/u/2460937233?luicode=20000061&lfid=5289156461725288&launchid=10000360-page_H5,"https://tvax4.sinaimg.cn/crop.0.0.1080.1080.180/92aeec11ly8hlwg775m3ej20u00u0wgf.jpg?KID=imgbed,tva&Expires=1776532759&ssig=0fkcmxdlUy",日本在马关条约签订日闯入台海,search_contents_2026-04-18.csv,search_post,, 4月17日日本雷号驱逐舰过航台湾海峡中国人民解放军东部战区组织海空兵力对其全程跟监有效瞰制管控中国国防部外交部等部门已就此向日方提出严正交涉和强烈抗议131年前的4月17日清政府与日本签署马关条约将台湾全岛及所有附属各岛屿澎湖列岛割让给日本给中华民族刻下了一道巨大而深重的伤痕此次日本自卫队舰艇在4月17日这一天过航台海绝非巧合所能解释根据中国人民解放军东部战区发布的信息日舰过航台湾海峡的时间是4月17日4时02分至17时50分用时约14个小时有军事专家分析按照台湾海峡通常过航航线和驱逐舰经济航速来计算军舰正常过航台湾海峡用时应为910小时左右远超常规时间足以表明日方此举绝不是什么正常过航而是赤裸裸的蓄意挑衅由此观之日本政客显然是精心挑选了一个极具象征意义的时间点试图向台独分裂势力传递错误信号同时试探中方的底线与反应中国新闻网 热度新闻的微博视频,True,False,,1,中性,0.5535327196121216,中性,0.5535327196121216
5289168148368291,#日本在马关条约签订日闯入台海#131年前的4月17日，《马关条约》签订，台湾被割让，是中华民族的屈辱印记。2026年4月17日，日本“雷”号驱逐舰蓄意过航台海，滞留近14小时，明显是刻意挑衅。东部战区全程跟监警戒，有效规制管控。历史不容篡改，主权不容践踏，今日中国绝不允许历史悲剧重演！ ,1776548217,2026-04-18 21:36:57+08:00,190,85,18,1776522012815,https://m.weibo.cn/detail/5289168148368291,浙江,7512971643,说车的姚老板,m,https://m.weibo.cn/u/7512971643?launchid=10000360-page_H5,"https://tvax4.sinaimg.cn/crop.0.0.512.512.180/008crF7Zly8i198abl3hvj30e80e8t8t.jpg?KID=imgbed,tva&Expires=1776532759&ssig=DCLOB%2B%2FXEg",日本在马关条约签订日闯入台海,search_contents_2026-04-18.csv,search_post,,131年前的4月17日马关条约签订台湾被割让是中华民族的屈辱印记2026年4月17日日本雷号驱逐舰蓄意过航台海滞留近14小时明显是刻意挑衅东部战区全程跟监警戒有效规制管控历史不容篡改主权不容践踏今日中国绝不允许历史悲剧重演 ,True,False,打死小日本 || 决不允许悲剧再重演,1,消极,0.7574548125267029,消极,0.7574548125267029
5289164229576302,做了一张图，可以直观地看出日本海自雷号驱逐舰(DD-107)自4月13号从横须贺出发到穿航台湾海峡的航速变化，进而可以看出雷号是故意以及恶意地在途中放慢航速，以达到在4月17号，即《马关条约》签订日穿航台湾海峡的挑衅目的。4月13号上午离港时，航速超过20节；4月17号凌晨4点抵达台湾海峡北口，航程约2100公里，用时90小时，平均航速降至12.5节；穿航台湾海峡用时13.8小时，以海峡370公里计算，平均航速14.5节。➤注：雷号从横须贺前往台湾海峡北口的路径为推测。➤前往菲律宾，从横须贺经巴士海峡进入南海，航程更短，也更快。#热点观点##牧星观海天##日本在马关条约签订日闯入台海#,1776547283,2026-04-18 21:21:23+08:00,181,90,14,1776522012818,https://m.weibo.cn/detail/5289164229576302,黑龙江,1638620395,牧星观海天,f,https://m.weibo.cn/u/1638620395?luicode=20000061&lfid=5289164229576302&launchid=10000360-page_H5,"https://tvax1.sinaimg.cn/crop.0.0.996.996.180/61ab5cebly8gsvo43rlqij20ro0roabv.jpg?KID=imgbed,tva&Expires=1776532769&ssig=%2FqIWZv%2FbTL",日本在马关条约签订日闯入台海,search_contents_2026-04-18.csv,search_post,,做了一张图可以直观地看出日本海自雷号驱逐舰DD107自4月13号从横须贺出发到穿航台湾海峡的航速变化进而可以看出雷号是故意以及恶意地在途中放慢航速以达到在4月17号即马关条约签订日穿航台湾海峡的挑衅目的4月13号上午离港时航速超过20节4月17号凌晨4点抵达台湾海峡北口航程约2100公里用时90小时平均航速降至125节穿航台湾海峡用时138小时以海峡370公里计算平均航速145节注雷号从横须贺前往台湾海峡北口的路径为推测前往菲律宾从横须贺经巴士海峡进入南海航程更短也更快,True,False,它进海峡你也不能无故打它其实可以去日本领海里行使12海里无害通过作为对等当然要做好作战预案以防小日本冒险 || 到底处置了什么呢 || 雷号离开横须贺时的航速超21节,1,消极,0.5780043005943298,消极,0.5780043005943298
5288795889207905,#日本在马关条约签订日闯入台海# 1895年4月17日（光绪二十一年三月二十三日），《马关条约》签订。根据条约规定，中国割让辽东半岛（后因三国干涉还辽而未能得逞）、台湾岛及其附属各岛屿、澎湖列岛给日本，赔偿日本2亿两白银。中国还增开沙市、重庆、苏州、杭州为商埠，并允许日本在中国的通商口岸投资办厂。日本今日此举，绝对是别有用心,1776459464,2026-04-17 20:57:44+08:00,608,121,52,1776522012823,https://m.weibo.cn/detail/5288795889207905,安徽,7010131150,帝吧官微,f,https://m.weibo.cn/u/7010131150?luicode=20000061&lfid=5288795889207905&launchid=10000360-page_H5,"https://tvax4.sinaimg.cn/crop.0.0.690.690.180/007EpNlsly8hakietmwksj30j60j6t9r.jpg?KID=imgbed,tva&Expires=1776532780&ssig=Rzb9%2Ba0083",日本在马关条约签订日闯入台海,search_contents_2026-04-18.csv,search_post,, 1895年4月17日光绪二十一年三月二十三日马关条约签订根据条约规定中国割让辽东半岛后因三国干涉还辽而未能得逞台湾岛及其附属各岛屿澎湖列岛给日本赔偿日本2亿两白银中国还增开沙市重庆苏州杭州为商埠并允许日本在中国的通商口岸投资办厂日本今日此举绝对是别有用心,True,False,为啥不直接击沉呢 || 封锁台湾海峡禁止日本船驶入 || 故意的不揍他一顿不老实,1,消极,0.6214808225631714,消极,0.6214808225631714
5289159069535573,#日本在马关条约签订日闯入台海# 东部战区负责击沉，我可以替你们鞠躬道歉没事，苟利国家嘛。 ,1776546053,2026-04-18 21:00:53+08:00,90,18,4,1776522012828,https://m.weibo.cn/detail/5289159069535573,四川,2198935377,别梦依稀笑逝川,m,https://m.weibo.cn/u/2198935377?launchid=10000360-page_H5,"https://tvax3.sinaimg.cn/crop.0.67.465.465.180/83111751ly1g4dk4bifdkj20cx0go751.jpg?KID=imgbed,tva&Expires=1776532759&ssig=g1FWQ4jENw",日本在马关条约签订日闯入台海,search_contents_2026-04-18.csv,search_post,, 东部战区负责击沉我可以替你们鞠躬道歉没事苟利国家嘛 ,True,False,天天发视频枕戈待旦也不嫌硌得慌 || 我记得很久以前东北有个大哥心情不好就抗日每到抗战纪念日91877当地派出所民警都会找他谈心唠嗑教育他想开点儿 || 一切尽在掌握保持战略定力绝不被敌人牵着鼻子走一厘米,0,消极,0.6892334222793579,消极,0.6892334222793579
5289168664010006,#日本在马关条约签订日闯入台海#你倒是教训它啊 ,1776548340,2026-04-18 21:39:00+08:00,15,1,0,1776522012832,https://m.weibo.cn/detail/5289168664010006,上海,7765574937,凝视深渊者终成深渊,m,https://m.weibo.cn/u/7765574937?launchid=10000360-page_H5,"https://tvax1.sinaimg.cn/crop.0.0.1080.1080.180/008txyMFly8i991bcjznyj30u00u0jwk.jpg?KID=imgbed,tva&Expires=1776532759&ssig=X1mGEJ6fYH",日本在马关条约签订日闯入台海,search_contents_2026-04-18.csv,search_post,,你倒是教训它啊 ,True,False,,0,中性,0.5000395774841309,中性,0.5000395774841309
5289103490814859,【钧正平：#日本赌国运的老毛病又要犯了#】#东部战区通报日舰过航精确到分钟#@钧正平 发文：4月17日，日本海上自卫队“雷”号驱逐舰过航台湾海峡。同日，外交部、国防部、东部战区重磅发声，严正表达中方立场，向日方提出强烈抗议。东部战区新闻发言人详细披露了事件时间点——凌晨4时02分至下午5时50分，日本“雷”号驱逐舰过航台湾海峡。这一精确到分钟的通报本身就是一种姿态，表明中方对台海周边海空动态了如指掌，战区部队时刻保持高度戒备，全程跟监警戒、有效规制管控。国防部新闻发言人则使用了“有效瞰制管控”这一全新表述，“瞰”是居高临下俯视，“制”是全面掌控压制，彰显了中国人民解放军对台海态势的全局掌控能力和有效管控局势的决心。日方所谓“航行自由”的说辞，完全站不住脚。长期以来，台湾海峡正常过航从未受到中方阻碍，中方反对的是以“航行自由”之名行挑衅之实、向“台独”分裂势力发出错误信号的恶意行为。日本在距离台湾仅百余公里的西南诸岛加速军事部署，如今又派出自卫队舰艇兴风作浪，再次暴露日方一些人企图武力介入台海的危险图谋。尤为值得警惕的是，此次行动发生在中日关系持续恶化的特殊背景下。从“错上加错”到“一错再错，意欲何为”，外交部与国防部的表态前后衔接、层层递进，清晰勾勒出日方在涉台问题上不断升级挑衅的危险轨迹。先有高市早苗公然抛出“台湾有事即日本有事”的挑衅性言论，后有日本政府将日中关系从“最重要双边关系”降级为“重要邻国”，并将台海紧张局势列为重大关切事项。日方还在推动修宪和扩军，加快军事化步伐，一系列动作的指向值得高度警惕。可以说，日本右转的走向已经形成清晰的脉络，而台湾问题正是这条危险轨迹的核心节点。从言论到行动，日本正一步步将其意图付诸实施。高市此前紧急访美的核心目标之一就是“促使美国维持对‘印太’战略投入”。而美国深陷中东泥潭的情况下，日本舰艇过航台湾海峡，可能就是想制造一个让美国无法“脱身”亚太的理由。更关键的是，日本国内问题积重难返，特别是中东局势紧张给其经济民生造成巨大压力。从历史看，每逢国内困境，日本总想通过对外制造摩擦甚至战争来转移矛盾。从甲午战争到全面侵华，莫不如此。如今，日本右翼势力再次表现出“借外部冲突解内部死结”的倾向。这种“赌国运”的老毛病，恐怕又要犯了。嗜赌者，终无胜算。任何试图通过对外冒险来解决内部问题的做法，最终只会引火烧身。日本对中国人民负有历史罪责，本应深刻反省、谨言慎行，如今却变本加厉，其行径严重违背一个中国原则和中日四个政治文件精神。中国有句成语叫“悬崖勒马”，外交部用了这个词，国防部说的则是“迷途知返”。措辞虽不同，但传递的信号是一致的：日方应当认清形势，慎重行事，停止在台湾问题上的冒险行为。若一意孤行、不知悔改，等待它的必将是引火烧身，付出不可承受的代价！#日本在马关条约签订日闯入台海# 中国新闻网的微博视频,1776532802,2026-04-18 17:20:02+08:00,182,66,31,1776522012836,https://m.weibo.cn/detail/5289103490814859,,1784473157,中国新闻网,m,https://m.weibo.cn/u/1784473157?luicode=20000061&lfid=5289103490814859&launchid=10000360-page_H5,"https://tvax3.sinaimg.cn/crop.0.0.300.300.180/001WLsZ7ly8h8vgjl2u01j608c08caa302.jpg?KID=imgbed,tva&Expires=1776532790&ssig=7VYsKeDui1",日本在马关条约签订日闯入台海,search_contents_2026-04-18.csv,search_post,,钧正平 发文4月17日日本海上自卫队雷号驱逐舰过航台湾海峡同日外交部国防部东部战区重磅发声严正表达中方立场向日方提出强烈抗议东部战区新闻发言人详细披露了事件时间点凌晨4时02分至下午5时50分日本雷号驱逐舰过航台湾海峡这一精确到分钟的通报本身就是一种姿态表明中方对台海周边海空动态了如指掌战区部队时刻保持高度戒备全程跟监警戒有效规制管控国防部新闻发言人则使用了有效瞰制管控这一全新表述瞰是居高临下俯视制是全面掌控压制彰显了中国人民解放军对台海态势的全局掌控能力和有效管控局势的决心日方所谓航行自由的说辞完全站不住脚长期以来台湾海峡正常过航从未受到中方阻碍中方反对的是以航行自由之名行挑衅之实向台独分裂势力发出错误信号的恶意行为日本在距离台湾仅百余公里的西南诸岛加速军事部署如今又派出自卫队舰艇兴风作浪再次暴露日方一些人企图武力介入台海的危险图谋尤为值得警惕的是此次行动发生在中日关系持续恶化的特殊背景下从错上加错到一错再错意欲何为外交部与国防部的表态前后衔接层层递进清晰勾勒出日方在涉台问题上不断升级挑衅的危险轨迹先有高市早苗公然抛出台湾有事即日本有事的挑衅性言论后有日本政府将日中关系从最重要双边关系降级为重要邻国并将台海紧张局势列为重大关切事项日方还在推动修宪和扩军加快军事化步伐一系列动作的指向值得高度警惕可以说日本右转的走向已经形成清晰的脉络而台湾问题正是这条危险轨迹的核心节点从言论到行动日本正一步步将其意图付诸实施高市此前紧急访美的核心目标之一就是促使美国维持对印太战略投入而美国深陷中东泥潭的情况下日本舰艇过航台湾海峡可能就是想制造一个让美国无法脱身亚太的理由更关键的是日本国内问题积重难返特别是中东局势紧张给其经济民生造成巨大压力从历史看每逢国内困境日本总想通过对外制造摩擦甚至战争来转移矛盾从甲午战争到全面侵华莫不如此如今日本右翼势力再次表现出借外部冲突解内部死结的倾向这种赌国运的老毛病恐怕又要犯了嗜赌者终无胜算任何试图通过对外冒险来解决内部问题的做法最终只会引火烧身日本对中国人民负有历史罪责本应深刻反省谨言慎行如今却变本加厉其行径严重违背一个中国原则和中日四个政治文件精神中国有句成语叫悬崖勒马外交部用了这个词国防部说的则是迷途知返措辞虽不同但传递的信号是一致的日方应当认清形势慎重行事停止在台湾问题上的冒险行为若一意孤行不知悔改等待它的必将是引火烧身付出不可承受的代价 中国新闻网的微博视频,True,False,这算是公海还是内海 || 日本有点冲动了 || 一忍再忍憋屈,1,中性,0.7702130675315857,中性,0.7702130675315857
5289160208550661,#日本在马关条约签订日闯入台海##微博跨域计划# 日本通过马关条约掠走中国多少财富？ 麒麟神侯的微博视频 ,1776546324,2026-04-18 21:05:24+08:00,28,7,5,1776522012840,https://m.weibo.cn/detail/5289160208550661,安徽,5244183267,麒麟神侯,m,https://m.weibo.cn/u/5244183267?launchid=10000360-page_H5,"https://tvax4.sinaimg.cn/crop.0.0.800.800.180/005IU3D5ly8h6hez6f7y5j30m80m80ua.jpg?KID=imgbed,tva&Expires=1776532759&ssig=X7%2FTNGEz9t",日本在马关条约签订日闯入台海,search_contents_2026-04-18.csv,search_post,, 日本通过马关条约掠走中国多少财富 麒麟神侯的微博视频 ,True,False,这辈子最想看到干死日本,1,消极,0.6215053796768188,消极,0.6215053796768188
5289174144128521,#日本在马关条约签订日闯入台海# 小日子真的想被灭国了？ ,1776549647,2026-04-18 22:00:47+08:00,0,0,0,1776522012845,https://m.weibo.cn/detail/5289174144128521,浙江,6542587311,Jennifer_a9孟艳艳,f,https://m.weibo.cn/u/6542587311?launchid=10000360-page_H5,"https://tvax3.sinaimg.cn/crop.0.0.240.240.180/0078M1PNly8i49qa6c8eyj306o06owef.jpg?KID=imgbed,tva&Expires=1776532759&ssig=VvJqtumqpP",日本在马关条约签订日闯入台海,search_contents_2026-04-18.csv,search_post,, 小日子真的想被灭国了 ,True,False,,0,消极,0.8590766787528992,消极,0.8590766787528992
5289173906884354,#日本在马关条约签订日闯入台海#1895年清政府与日本签订《马关条约》，被迫割让台湾及澎湖列岛，台湾自此遭受日本长达五十年殖民统治；如今日本无视历史教训，频繁派遣舰机闯入台海挑衅，勾结外部势力干涉中国内政，妄图干涉台湾问题，严重破坏台海和平稳定，而台湾自古以来就是中国领土，任何分裂行径与外部干涉都注定失败。,1776549590,2026-04-18 21:59:50+08:00,36,5,0,1776522012849,https://m.weibo.cn/detail/5289173906884354,四川,7772192707,酥酥脆脆小薯片_,f,https://m.weibo.cn/u/7772192707?luicode=20000061&lfid=5289173906884354&launchid=10000360-page_H5,"https://tvax4.sinaimg.cn/crop.0.0.1015.1015.180/008tZkmTly8i1iurhwj5rj30s70s7gog.jpg?KID=imgbed,tva&Expires=1776532800&ssig=bjiiQ9QIcM",日本在马关条约签订日闯入台海,search_contents_2026-04-18.csv,search_post,,1895年清政府与日本签订马关条约被迫割让台湾及澎湖列岛台湾自此遭受日本长达五十年殖民统治如今日本无视历史教训频繁派遣舰机闯入台海挑衅勾结外部势力干涉中国内政妄图干涉台湾问题严重破坏台海和平稳定而台湾自古以来就是中国领土任何分裂行径与外部干涉都注定失败,True,False,,1,消极,0.7763925790786743,消极,0.7763925790786743
5289153043631194,《心愿便利贴》这一趴永远过不去了#李小冉玩梗心愿便利贴##春日心动放映季# 会火的微博视频 ,1776544616,2026-04-18 20:36:56+08:00,383,7,23,1776522247913,https://m.weibo.cn/detail/5289153043631194,湖南,3725773862,会火,m,https://m.weibo.cn/u/3725773862?launchid=10000360-page_H5,"https://tvax4.sinaimg.cn/crop.0.0.1080.1080.180/00448XYOly8hr3sojtj9ej60u00u0aau02.jpg?KID=imgbed,tva&Expires=1776533035&ssig=KOW5ffggQN",李小冉玩梗心愿便利贴,search_contents_2026-04-18.csv,search_post,,心愿便利贴这一趴永远过不去了 会火的微博视频 ,True,False,关系真的很好啊 吃几口直接给清子继续,0,消极,0.7507903575897217,消极,0.7507903575897217
5289099284188105,黄灿灿模仿李小冉唱心愿便利贴，而且当着李小冉的面玩梗，这次真的是玩到正主头上了！！！浪姐二公有得看了！李小冉 在记了两个胳膊都记了 八代神颜的微博视频 ,1776531799,2026-04-18 17:03:19+08:00,229,24,9,1776522247918,https://m.weibo.cn/detail/5289099284188105,广西,7615580104,八代神颜,f,https://m.weibo.cn/u/7615580104?launchid=10000360-page_H5,"https://tvax1.sinaimg.cn/crop.0.0.1080.1080.180/008jochaly8hwpflyuylvj30u00u0dib.jpg?KID=imgbed,tva&Expires=1776533035&ssig=IKnU%2F3FbNP",李小冉玩梗心愿便利贴,search_contents_2026-04-18.csv,search_post,,黄灿灿模仿李小冉唱心愿便利贴而且当着李小冉的面玩梗这次真的是玩到正主头上了浪姐二公有得看了李小冉 在记了两个胳膊都记了 八代神颜的微博视频 ,True,False,太搞笑了吧 || 这个有点意思了 || 这波互动太有梗了黄灿灿这波是真心心相印啊,0,消极,0.5415900349617004,消极,0.5415900349617004
5288130950989179,翻车翻出圈！《心愿便利贴》成筋骨贴，各地文旅争相玩梗，李小冉  唐艺昕  乘风破浪的姐姐 高碧瑶的微博视频 ,1776300930,2026-04-16 00:55:30+08:00,124,6,1,1776522247926,https://m.weibo.cn/detail/5288130950989179,广东,5823217082,高碧瑶,f,https://m.weibo.cn/u/5823217082?launchid=10000360-page_H5,"https://tvax3.sinaimg.cn/crop.0.0.1080.1080.180/006m5CMaly8h317gowjtwj30u00u042o.jpg?KID=imgbed,tva&Expires=1776533035&ssig=Vu5%2FX2kTjX",李小冉玩梗心愿便利贴,search_contents_2026-04-18.csv,search_post,,翻车翻出圈心愿便利贴成筋骨贴各地文旅争相玩梗李小冉  唐艺昕  乘风破浪的姐姐 高碧瑶的微博视频 ,True,False,姐姐们舞台魅力爆棚这波文化输出我给满分 || 姐姐好棒啊 || 看着听着好开心三人好美好可爱,0,消极,0.484197199344635,消极,0.484197199344635
5289153149276118,#李小冉玩梗心愿便利贴#先看沛慈听创可贴 再听沛慈给我唱便利贴李小冉格局是真大，既然都在说我，那我直接加入 火火文十的微博视频 ,1776544641,2026-04-18 20:37:21+08:00,103,12,0,1776522247931,https://m.weibo.cn/detail/5289153149276118,吉林,7935266218,火火文十,m,https://m.weibo.cn/u/7935266218?launchid=10000360-page_H5,"https://tvax3.sinaimg.cn/crop.0.0.1080.1080.180/008F1zeOly8icb9amturwj30u00u0whb.jpg?KID=imgbed,tva&Expires=1776533035&ssig=dQcGK8KsE6",李小冉玩梗心愿便利贴,search_contents_2026-04-18.csv,search_post,,先看沛慈听创可贴 再听沛慈给我唱便利贴李小冉格局是真大既然都在说我那我直接加入 火火文十的微博视频 ,True,False,你们觉得李小冉唱歌好听吗 || 啊啊啊这格局真的大 || 李小冉的格局还是很不错的,0,积极,0.6385560035705566,积极,0.6385560035705566
5289169586226295,#李小冉玩梗心愿便利贴#这姐性格蛮好的，直接玩自己的梗，怎么能每次都唱得一模一样啊哈哈哈 ,1776548560,2026-04-18 21:42:40+08:00,1,1,0,1776522247934,https://m.weibo.cn/detail/5289169586226295,江苏,5949523129,夏日星星泡饭v,f,https://m.weibo.cn/u/5949523129?launchid=10000360-page_H5,"https://tvax1.sinaimg.cn/crop.0.1.1078.1078.180/006uDAKtly8icb2h00u7qj30ty0u0q4s.jpg?KID=imgbed,tva&Expires=1776533035&ssig=BNPBh1nK1L",李小冉玩梗心愿便利贴,search_contents_2026-04-18.csv,search_post,,这姐性格蛮好的直接玩自己的梗怎么能每次都唱得一模一样啊哈哈哈 ,True,False,这姐太有意思了她这么会玩梗开个直播肯定能赚好多打赏,0,积极,0.8396118879318237,积极,0.8396118879318237
5289168902821972,#李小冉玩梗心愿便利贴#其实有说姐姐唱的不好的，没有说姐姐丑的 ,1776548397,2026-04-18 21:39:57+08:00,1,0,0,1776522247938,https://m.weibo.cn/detail/5289168902821972,上海,5748166013,Oliseesea,f,https://m.weibo.cn/u/5748166013?launchid=10000360-page_H5,"https://tvax4.sinaimg.cn/crop.0.0.1080.1080.180/006h0Iz3ly8ic4gxpbe11j30u00u0whn.jpg?KID=imgbed,tva&Expires=1776533035&ssig=Ld8kvpOhQe",李小冉玩梗心愿便利贴,search_contents_2026-04-18.csv,search_post,,其实有说姐姐唱的不好的没有说姐姐丑的 ,True,False,,0,中性,0.4887541234493255,中性,0.4887541234493255
5289155070003206,#李小冉玩梗心愿便利贴#小冉姐，收了你的神通吧，一礼拜了，脑子没停过。 ,1776545099,2026-04-18 20:44:59+08:00,3,0,0,1776522247940,https://m.weibo.cn/detail/5289155070003206,河北,2064416753,时刻保持可爱与帅气,f,https://m.weibo.cn/u/2064416753?launchid=10000360-page_H5,"https://tvax3.sinaimg.cn/crop.0.0.1080.1080.180/7b0c7ff1ly8ic6q2t406vj20u00u0n1z.jpg?KID=imgbed,tva&Expires=1776533035&ssig=%2FSnHfD7cmI",李小冉玩梗心愿便利贴,search_contents_2026-04-18.csv,search_post,,小冉姐收了你的神通吧一礼拜了脑子没停过 ,True,False,,0,积极,0.6226546168327332,积极,0.6226546168327332
5289149100726783,当事人玩梗好笑的程度又增加了！以前以为她是仙女，现在有点笨蛋美女的感觉，甚至有点像孟姐那种天然不自知不做作的呆萌，很可爱！#李小冉玩梗心愿便利贴#  #李小冉 你吃过麻辣拌吗# 奶茶double红豆的微博视频  ,1776543676,2026-04-18 20:21:16+08:00,12,0,0,1776522247944,https://m.weibo.cn/detail/5289149100726783,广东,3041159635,奶茶double红豆,f,https://m.weibo.cn/u/3041159635?launchid=10000360-page_H5,"https://tvax1.sinaimg.cn/crop.0.0.1080.1080.180/b54469d3ly8i7iraxexz8j20u00u0419.jpg?KID=imgbed,tva&Expires=1776533035&ssig=EZJmBCH59f",李小冉玩梗心愿便利贴,search_contents_2026-04-18.csv,search_post,,当事人玩梗好笑的程度又增加了以前以为她是仙女现在有点笨蛋美女的感觉甚至有点像孟姐那种天然不自知不做作的呆萌很可爱   奶茶double红豆的微博视频  ,True,False,,0,积极,0.8696880340576172,积极,0.8696880340576172
5289148937143792,李小冉一公超亮眼，心愿便利贴欢乐玩梗，温柔坚韧，未来可期#李小冉玩梗心愿便利贴##乘风2026# ,1776543637,2026-04-18 20:20:37+08:00,1,0,0,1776522247946,https://m.weibo.cn/detail/5289148937143792,,2839300143,全娱乐官微,m,https://m.weibo.cn/u/2839300143?launchid=10000360-page_H5,"https://tva4.sinaimg.cn/crop.0.0.180.180.180/a93c482fjw1e8qgp5bmzyj2050050aa8.jpg?KID=imgbed,tva&Expires=1776533035&ssig=3lut5VilIn",李小冉玩梗心愿便利贴,search_contents_2026-04-18.csv,search_post,,李小冉一公超亮眼心愿便利贴欢乐玩梗温柔坚韧未来可期 ,True,False,,0,积极,0.97923481464386,积极,0.97923481464386
5289039575387087,怪不得韩国人爱去张家界旅游，光拍照这一下情绪价值直接拉满#生活笑料撞满怀##校园共创计划# ,1776517563,2026-04-18 13:06:03+08:00,14122,347,2043,1776522505990,https://m.weibo.cn/detail/5289039575387087,广东,2182038504,我的前任是极品,f,https://m.weibo.cn/u/2182038504?launchid=10000360-page_H5,"https://tvax3.sinaimg.cn/crop.0.0.663.663.180/002nFBTqly8h0ozot8wqqj60if0ifq3a02.jpg?KID=imgbed,tva&Expires=1776533272&ssig=fC00dAQGzJ",怪不得韩国人爱去张家界旅游,search_contents_2026-04-18.csv,search_post,,怪不得韩国人爱去张家界旅游光拍照这一下情绪价值直接拉满 ,True,False,所以那石头上写的啥 || 看得出来确实满意 || 我好像找到咱们朝鲜族以后的就业方向了,0,消极,0.8218722343444824,消极,0.8218722343444824
5289070378617598,#怪不得韩国人爱去张家界旅游#韩国人独爱张家界，在韩国流传着一句“中国古话”：人生不到张家界，百岁岂能称老翁。在韩国，送父母来张家界旅游是践行孝道的方式。 还有很多韩国综艺来张家界拍摄，一路都是哇哇哇哇…… ,1776524907,2026-04-18 15:08:27+08:00,432,40,26,1776522505996,https://m.weibo.cn/detail/5289070378617598,湖北,1839300134,IT互联网那点事,m,https://m.weibo.cn/u/1839300134?launchid=10000360-page_H5,"https://tva4.sinaimg.cn/crop.0.20.158.158.180/6da17e26gw1eej7q25xqbj204f052t8p.jpg?KID=imgbed,tva&Expires=1776533272&ssig=PLkhNwhMZg",怪不得韩国人爱去张家界旅游,search_contents_2026-04-18.csv,search_post,,韩国人独爱张家界在韩国流传着一句中国古话人生不到张家界百岁岂能称老翁在韩国送父母来张家界旅游是践行孝道的方式 还有很多韩国综艺来张家界拍摄一路都是哇哇哇哇 ,True,False,这个是孝啥孝豆 || 韩国人喜欢张家界 日本人喜欢夏威夷中国人喜欢哪里 || 他们就那么点地方 没啥自然风光,0,积极,0.9143083095550536,积极,0.9143083095550536
5288645465997963,🍵「走走系列」茶特调今日全国上新！阳光好得不像话，什么都不用想，风从哪儿来，人就往哪儿晃。春天嘛，就该在外面多待待，一起出去走走，自由感受——⏰️4月17日起，霸王茶姬「走走系列」茶特调——「晴天罗勒桃」、「海上雾奇兰」和「小森林柚子」，全国上新！我们还准备了许多心意与茶礼，希望能为这样的自由瞬间加点仪式感——三款艺术家同款主题包材、可自由组合的主题周边、主题门店、专属电子勋章、主题会友卡…更多活动攻略，详见图2-7⬇️☁️把晴天的微风、日出时的海面，与小森林的绿意，都带给你，现在出发，用一杯茶的时间，一起#出去走走自由感受#~老规矩：以茶会友，转+关随机抽20位茶友喝茶~#霸王茶姬走走系列#  #霸王茶姬茶特调# #霸王茶姬# 霸王茶姬  #以东方茶会世界友#,1776423600,2026-04-17 11:00:00+08:00,940,557,1754,1776522506001,https://m.weibo.cn/detail/5288645465997963,上海,5652018762,霸王茶姬CHAGEE,f,https://m.weibo.cn/u/5652018762?luicode=20000061&lfid=5288645465997963&launchid=10000360-page_H5,"https://tvax2.sinaimg.cn/crop.0.0.1080.1080.180/006avigWly8hzp2uzsek5j30u00u0jsz.jpg?KID=imgbed,tva&Expires=1776533273&ssig=jItcTJs3r1",怪不得韩国人爱去张家界旅游,search_contents_2026-04-18.csv,search_post,,走走系列茶特调今日全国上新阳光好得不像话什么都不用想风从哪儿来人就往哪儿晃春天嘛就该在外面多待待一起出去走走自由感受4月17日起霸王茶姬走走系列茶特调晴天罗勒桃海上雾奇兰和小森林柚子全国上新我们还准备了许多心意与茶礼希望能为这样的自由瞬间加点仪式感三款艺术家同款主题包材可自由组合的主题周边主题门店专属电子勋章主题会友卡更多活动攻略详见图27把晴天的微风日出时的海面与小森林的绿意都带给你现在出发用一杯茶的时间一起老规矩以茶会友转关随机抽20位茶友喝茶    霸王茶姬  ,True,False,评论区主要围绕新品口味周边设计和互动展开25用户称赞新品清爽桃子柚子风味受青睐20被冰箱贴等精美周边吸引表达收藏意愿18积极参与转关活动15认可产品命名富有春日诗意氛围整体呈现对霸王茶姬新品的积极反馈强调自查看全部戳gt微博智搜 || 今天姬姐出去走走不,0,积极,0.9672987461090088,积极,0.9672987461090088
5289072457418120,韩国的张家界广告都是：一辈子要去一次张家界#怪不得韩国人爱去张家界旅游#韩国艺人游张家界看到韩语字幕恍惚“啊，突然想起这里是中国啊！” 海那个角的微博视频 ,1776525403,2026-04-18 15:16:43+08:00,272,32,10,1776522506005,https://m.weibo.cn/detail/5289072457418120,湖北,7548872478,海那个角,m,https://m.weibo.cn/u/7548872478?launchid=10000360-page_H5,"https://tvax1.sinaimg.cn/crop.0.0.1080.1080.180/008eSizIly8hbn02nye15j30u00u0q56.jpg?KID=imgbed,tva&Expires=1776533272&ssig=V4ih1RGTpp",怪不得韩国人爱去张家界旅游,search_contents_2026-04-18.csv,search_post,,韩国的张家界广告都是一辈子要去一次张家界韩国艺人游张家界看到韩语字幕恍惚啊突然想起这里是中国啊 海那个角的微博视频 ,True,False,张家界景区指示牌有韩文 || 独属于韩国人的快乐 || 张家界在韩人气高随处可见韩语标识,0,中性,0.451227068901062,中性,0.451227068901062
5289068693032807,韩国儿女：不带父母去张家界，就是不孝！#怪不得韩国人爱去张家界旅游# 捡废品阿大的微博视频 ,1776524505,2026-04-18 15:01:45+08:00,515,19,26,1776522506011,https://m.weibo.cn/detail/5289068693032807,江苏,5625416533,捡废品阿大,m,https://m.weibo.cn/u/5625416533?launchid=10000360-page_H5,"https://tvax1.sinaimg.cn/crop.0.0.640.640.180/0068HFOJly8i3ql122ldwj30hs0hs759.jpg?KID=imgbed,tva&Expires=1776533272&ssig=6ANe1tHAA3",怪不得韩国人爱去张家界旅游,search_contents_2026-04-18.csv,search_post,,韩国儿女不带父母去张家界就是不孝 捡废品阿大的微博视频 ,True,False,山脚盖个庙告诉他们拜了能上首尔大学如果没考上就说不够诚心需要再来考上了就说每年需要来还愿 || 韩国人是真舍得花钱我决定对的韩国人态度好点比欧美穷游的那些好多了 || 棒棒一人消费能力顶1000个三哥,0,消极,0.8156765103340149,消极,0.8156765103340149
5289064251264415,张家界大哥为了拍照专门学了韩语，韩国人喜欢来张家界，这位摄影大哥为了给韩国人拍照专门学了韩语，情绪价值直接拉满#怪不得韩国人爱去张家界旅游# 二七塔日记的微博视频 ,1776523446,2026-04-18 14:44:06+08:00,194,14,3,1776522506016,https://m.weibo.cn/detail/5289064251264415,河南,7546573234,二七塔日记,m,https://m.weibo.cn/u/7546573234?launchid=10000360-page_H5,"https://tvax3.sinaimg.cn/crop.0.0.1030.1030.180/008eIEr8ly8i1qwsfz3hvj30sm0sn798.jpg?KID=imgbed,tva&Expires=1776533272&ssig=uBM8k%2FCzKu",怪不得韩国人爱去张家界旅游,search_contents_2026-04-18.csv,search_post,,张家界大哥为了拍照专门学了韩语韩国人喜欢来张家界这位摄影大哥为了给韩国人拍照专门学了韩语情绪价值直接拉满 二七塔日记的微博视频 ,True,False,学的语调还挺到位的哈哈哈哈哈哈哈哈 || 这大哥真牛批,0,积极,0.4201129078865051,积极,0.4201129078865051
5289077815382007,这是韩国人对中国张家界的评价：张家界在韩国无人不知，无人不晓，像是一个韩国城市一样，韩国人多到张家界人都会说韩语了#怪不得韩国人爱去张家界旅游##一分钟精选视频扶持计划##海外新鲜事##热点现场# 南归孤夷的微博视频 ,1776526680,2026-04-18 15:38:00+08:00,38,12,3,1776522506021,https://m.weibo.cn/detail/5289077815382007,四川,7782884695,南归孤夷,m,https://m.weibo.cn/u/7782884695?launchid=10000360-page_H5,"https://tvax1.sinaimg.cn/crop.0.0.1023.1023.180/008uIbQjly8hmpxm3bgvoj30sg0sfgo7.jpg?KID=imgbed,tva&Expires=1776533272&ssig=QWbvb0k1mN",怪不得韩国人爱去张家界旅游,search_contents_2026-04-18.csv,search_post,,这是韩国人对中国张家界的评价张家界在韩国无人不知无人不晓像是一个韩国城市一样韩国人多到张家界人都会说韩语了 南归孤夷的微博视频 ,True,False,韩国在中国也是无人不知无人不晓啊很多韩国人也会说汉语用汉字这充分证明韩国应该是中国的 || 再过几年他们就会说张家界是他们的 || 完了张家界要被韩国人偷了,0,中性,0.4699309170246124,中性,0.4699309170246124
5289074692722755,韩国人检验子女孝顺的标准之一，就是带父母来张家界游玩，韩剧 《苦尽柑来遇见你》女主催泪告白想去张家界，韩国人对张家界的真的很有执念！#怪不得韩国人爱去张家界旅游##微博二创视频创作季##一分钟精选视频扶持计划# 一鸣同学天天向上的微博视频 ,1776525936,2026-04-18 15:25:36+08:00,88,13,9,1776522506025,https://m.weibo.cn/detail/5289074692722755,湖北,5991219231,一鸣同学天天向上,m,https://m.weibo.cn/u/5991219231?launchid=10000360-page_H5,"https://tvax3.sinaimg.cn/crop.0.0.960.960.180/006xsxOfly8i6totahn1ij30qo0qo40s.jpg?KID=imgbed,tva&Expires=1776533272&ssig=HgEyVPzNZs",怪不得韩国人爱去张家界旅游,search_contents_2026-04-18.csv,search_post,,韩国人检验子女孝顺的标准之一就是带父母来张家界游玩韩剧 苦尽柑来遇见你女主催泪告白想去张家界韩国人对张家界的真的很有执念 一鸣同学天天向上的微博视频 ,True,False,韩国人对张家界的真的很有执念 || 哈哈这个检验子女的标准要笑死我了 || 张家界真是个神奇的地方连韩剧里都成了孝顺的试金石了看来以后得把带爸妈去张家界列入人生目标清单了话说回来苦尽柑来遇见你这部剧里的张家界情节是不是也让你心生向往呢咱们可以一起期待下说不定哪天就实现了这个小目标,0,积极,0.9298039078712464,积极,0.9298039078712464
5289123103378176,张家界为啥在韩国那么火？果然是大国风景，你看有小国有这样的风景吗？#怪不得韩国人爱去张家界旅游##张家界##旅游# 视点视频的微博视频 ,1776537478,2026-04-18 18:37:58+08:00,51,15,11,1776522506035,https://m.weibo.cn/detail/5289123103378176,吉林,1116275530,视点视频,m,https://m.weibo.cn/u/1116275530?launchid=10000360-page_H5,"https://tvax3.sinaimg.cn/crop.0.0.1080.1080.180/4289034aly8i9qrcrulduj20u00u0wfn.jpg?KID=imgbed,tva&Expires=1776533272&ssig=lSbpvTTRnn",怪不得韩国人爱去张家界旅游,search_contents_2026-04-18.csv,search_post,,张家界为啥在韩国那么火果然是大国风景你看有小国有这样的风景吗 视点视频的微博视频 ,True,False,这风景真壮观,0,积极,0.8961876034736633,积极,0.8961876034736633
5289164870523518,#澳门老炮质问B太#凉山阿吉三句话让b太给她花了18万，卖惨一年白嫖了两栋新房？事实到底如何？澳门老炮问过当事人后质问B太三问求正面回应，是否有摆拍嫌疑？ 沈辞野的微博视频 ,1776547436,2026-04-18 21:23:56+08:00,196,19,6,1776522752180,https://m.weibo.cn/detail/5289164870523518,河北,7578564951,沈辞野,m,https://m.weibo.cn/u/7578564951?launchid=10000360-page_H5,"https://tvax4.sinaimg.cn/crop.0.0.1080.1080.180/008gSSWzly8ibjgr6swzsj30u00u0dgv.jpg?KID=imgbed,tva&Expires=1776533518&ssig=pZiJkpmCm5",澳门老炮质问B太,search_contents_2026-04-18.csv,search_post,,凉山阿吉三句话让b太给她花了18万卖惨一年白嫖了两栋新房事实到底如何澳门老炮问过当事人后质问B太三问求正面回应是否有摆拍嫌疑 沈辞野的微博视频 ,True,False,你们觉得谁说的是真的 || 这么牛18万啊这是真的还是摆拍 || 还是等等后续吧,0,消极,0.7570253014564514,消极,0.7570253014564514
5289165802440783,#澳门老炮质问B太#但是确实很多人是刷到b太的视频才知道老炮资助过啊，我去看了确实热度在上一年不算大喊话别人看没看过那确实没看过怎么了 ,1776547658,2026-04-18 21:27:38+08:00,139,28,3,1776522752187,https://m.weibo.cn/detail/5289165802440783,湖南,1105628880,小嬡神,f,https://m.weibo.cn/u/1105628880?launchid=10000360-page_H5,"https://tvax4.sinaimg.cn/crop.0.0.1080.1080.180/41e68ed0ly8ica9e2w20kj20u00u0wg8.jpg?KID=imgbed,tva&Expires=1776533518&ssig=A9MpusSWe0",澳门老炮质问B太,search_contents_2026-04-18.csv,search_post,,但是确实很多人是刷到b太的视频才知道老炮资助过啊我去看了确实热度在上一年不算大喊话别人看没看过那确实没看过怎么了 ,True,False,你们是先刷到谁的视频 || 四川大凉山文旅局轻轻地碎了 || 什么情况啊吵起来了吗不过我只知道b太啊,0,消极,0.7727038860321045,消极,0.7727038860321045
5288355828862370,#澳门老炮5问B太# 官方已经介入调查了，你问b太有什么用。有疑问，其实可以私底下联系b太，看看，到底是怎么一回事。或者你们一起去调查，到底哪里出现的问题。你们做博主的，肯定拍视频素材不会删，b太当时到阿吉家的时候，他们家看着就很破，完全想不到，这是已经有人资助过的。 ,1776354545,2026-04-16 15:49:05+08:00,26,0,0,1776522752189,https://m.weibo.cn/detail/5288355828862370,河北,6663762827,暖暖叨叨,f,https://m.weibo.cn/u/6663762827?launchid=10000360-page_H5,"https://tvax3.sinaimg.cn/crop.0.0.996.996.180/007gYt7Bly8gbtz6bzuy0j30ro0roq4r.jpg?KID=imgbed,tva&Expires=1776533518&ssig=sImmeqNaYL",澳门老炮质问B太,search_contents_2026-04-18.csv,search_post,, 官方已经介入调查了你问b太有什么用有疑问其实可以私底下联系b太看看到底是怎么一回事或者你们一起去调查到底哪里出现的问题你们做博主的肯定拍视频素材不会删b太当时到阿吉家的时候他们家看着就很破完全想不到这是已经有人资助过的 ,True,False,,0,消极,0.5040503144264221,消极,0.5040503144264221
5289180411203910,#澳门老炮质问B太#事件本质：两位博主均为欺诈受害者，但阿吉一家反复透支善意的行为，暴露了网络公益中信息孤岛与核查机制的深层漏洞。 ,1776551141,2026-04-18 22:25:41+08:00,0,0,0,1776522752192,https://m.weibo.cn/detail/5289180411203910,浙江,6621224778,吧唧吧唧阿冰,f,https://m.weibo.cn/u/6621224778?launchid=10000360-page_H5,"https://tvax3.sinaimg.cn/crop.0.0.1024.1024.180/007e5Z22ly8i3uvn84ph5j30sg0sgwff.jpg?KID=imgbed,tva&Expires=1776533518&ssig=pLSNXO9ftV",澳门老炮质问B太,search_contents_2026-04-18.csv,search_post,,事件本质两位博主均为欺诈受害者但阿吉一家反复透支善意的行为暴露了网络公益中信息孤岛与核查机制的深层漏洞 ,True,False,,0,消极,0.7455081343650818,消极,0.7455081343650818
5289178641472801,#澳门老炮质问B太#我天，怎么反转又反转，到底事实是什么样啊，大家都拿出证据吧，也不要寒了真正关心贫困家庭的人，也不要污蔑贫困的人，等待回应 ,1776550719,2026-04-18 22:18:39+08:00,0,0,0,1776522752195,https://m.weibo.cn/detail/5289178641472801,江西,7953495466,苏苏211-,m,https://m.weibo.cn/u/7953495466?launchid=10000360-page_H5,"https://tvax2.sinaimg.cn/crop.0.0.1080.1080.180/008Gg3uWly8i7apgelmy7j30u00u0tdn.jpg?KID=imgbed,tva&Expires=1776533518&ssig=7WTM%2FpTvj9",澳门老炮质问B太,search_contents_2026-04-18.csv,search_post,,我天怎么反转又反转到底事实是什么样啊大家都拿出证据吧也不要寒了真正关心贫困家庭的人也不要污蔑贫困的人等待回应 ,True,False,,0,消极,0.6109621524810791,消极,0.6109621524810791
5289155799811869,#澳门老炮质问B太#蹭热度，买热搜，还质问人家？有没有一种可能这个人和那群小女孩一伙的，一个卖惨，一个卖善。B太刷到了卖惨的去帮扶了，接着挖出来是装的，那么这个卖善的一直帮助这个卖惨的，这个卖惨的还在一直卖惨还被B太曝光了，那么这个卖善的是不是真的？玩鹅鸭杀玩多了，只能这么盘逻辑，B太敢爆出来这件事，舆论这么大肯定要标个好的（出钱出力，最后给自己挖坑？B太没这么蠢），这个人第一时间出来质疑的不是骗人的而是去质疑一个帮扶的（这个不是正常人的逻辑，正常人肯定收集第一时间去联系当地警方查询自己是否被骗）嘿嘿，我的眼睛就是尺！全票打飞！老太假牙！老太假牙面刀！！！,1776545273,2026-04-18 20:47:53+08:00,13,0,0,1776522752197,https://m.weibo.cn/detail/5289155799811869,浙江,5141374524,想喝奶茶吃烧烤,m,https://m.weibo.cn/u/5141374524?luicode=20000061&lfid=5289155799811869&launchid=10000360-page_H5,"https://tvax4.sinaimg.cn/crop.0.0.1080.1080.180/005BWGnyly8h1yd5tbl9yj30u00u0gn6.jpg?KID=imgbed,tva&Expires=1776533540&ssig=8TsiQNn3H%2B",澳门老炮质问B太,search_contents_2026-04-18.csv,search_post,,蹭热度买热搜还质问人家有没有一种可能这个人和那群小女孩一伙的一个卖惨一个卖善B太刷到了卖惨的去帮扶了接着挖出来是装的那么这个卖善的一直帮助这个卖惨的这个卖惨的还在一直卖惨还被B太曝光了那么这个卖善的是不是真的玩鹅鸭杀玩多了只能这么盘逻辑B太敢爆出来这件事舆论这么大肯定要标个好的出钱出力最后给自己挖坑B太没这么蠢这个人第一时间出来质疑的不是骗人的而是去质疑一个帮扶的这个不是正常人的逻辑正常人肯定收集第一时间去联系当地警方查询自己是否被骗嘿嘿我的眼睛就是尺全票打飞老太假牙老太假牙面刀,True,False,,0,消极,0.8357906341552734,消极,0.8357906341552734
5289175134772490,#澳门老炮质问B太#澳门老炮支持者认为：B太作为打假博主，未核查前期数千万播放量视频，存在重大疏漏。B太同情者指出：其向村干部核实情况，但阿吉联合村民&quot;集体演戏&quot;，同为受害者。 ,1776549883,2026-04-18 22:04:43+08:00,0,0,0,1776522752200,https://m.weibo.cn/detail/5289175134772490,江苏,7675000599,IAM_扇贝酥酥饼SU,f,https://m.weibo.cn/u/7675000599?launchid=10000360-page_H5,"https://tvax4.sinaimg.cn/crop.0.0.1080.1080.180/008npwgfly8ibqkh20oq1j30u00u0gob.jpg?KID=imgbed,tva&Expires=1776533518&ssig=JuKFZ7zfiZ",澳门老炮质问B太,search_contents_2026-04-18.csv,search_post,,澳门老炮支持者认为B太作为打假博主未核查前期数千万播放量视频存在重大疏漏B太同情者指出其向村干部核实情况但阿吉联合村民quot集体演戏quot同为受害者 ,True,False,,0,消极,0.6096253991127014,消极,0.6096253991127014
5289174203897899,#澳门老炮质问B太#感觉这个人纯蹭热度的别人的事管你啥事啊 ,1776549661,2026-04-18 22:01:01+08:00,0,0,0,1776522752202,https://m.weibo.cn/detail/5289174203897899,江苏,7451990566,折耳条纹猫,f,https://m.weibo.cn/u/7451990566?launchid=10000360-page_H5,"https://tvax1.sinaimg.cn/crop.0.0.808.808.180/0088jNaely8ic6uk3bu45j30mg0mgt9s.jpg?KID=imgbed,tva&Expires=1776533518&ssig=eqkY%2B9qMpA",澳门老炮质问B太,search_contents_2026-04-18.csv,search_post,,感觉这个人纯蹭热度的别人的事管你啥事啊 ,True,False,,0,消极,0.8268622159957886,消极,0.8268622159957886
5289079069476222,【参考消息：#北约30国大使集体访日#】参考消息援引日本《每日新闻》网站4月18日报道，16日，北约成员国驻布鲁塞尔总部的大使集体礼节性拜会了日本外相茂木敏充。据报道，北约共有32个成员国，其中30个国家驻布鲁塞尔的大使参加了拜会。据外务省相关人士透露，北约30国大使集体访日实属罕见。双方就俄乌冲突、中国相关议题、朝鲜问题以及伊朗局势等交换了意见。目前，日本被定位为北约在印太地区的四个合作伙伴国之一。近年来，日本与北约在国防尖端技术等领域的合作不断推进。茂木敏充在会谈伊始表示：“在国际局势剧烈动荡的背景下，欧洲、大西洋与印太地区的透明安全保障是密不可分的。”挪威驻北约大使阿妮塔·内尔高则列举了俄乌冲突及中东局势并指出：“在当前的安全环境下，加强与日本这样志同道合且能力突出的伙伴之间的协作至关重要。”她强调，此次访问“明确证明了我们对强化与印太地区伙伴国家合作的浓厚兴趣”。戳更多新闻：##解放军凌晨四点管控日舰过航台湾海峡# 北京日报的微博视频,1776526979,2026-04-18 15:42:59+08:00,1132,294,122,1776523088661,https://m.weibo.cn/detail/5289079069476222,,1893892941,北京日报,m,https://m.weibo.cn/u/1893892941?luicode=20000061&lfid=5289079069476222&launchid=10000360-page_H5,"https://tvax4.sinaimg.cn/crop.0.0.600.600.180/0024aA4lly8i51bp1z4bcj60go0goq3g02.jpg?KID=imgbed,tva&Expires=1776533794&ssig=TNXKrLwHWh",北约30国大使集体访日,search_contents_2026-04-18.csv,search_post,,参考消息参考消息援引日本每日新闻网站4月18日报道16日北约成员国驻布鲁塞尔总部的大使集体礼节性拜会了日本外相茂木敏充据报道北约共有32个成员国其中30个国家驻布鲁塞尔的大使参加了拜会据外务省相关人士透露北约30国大使集体访日实属罕见双方就俄乌冲突中国相关议题朝鲜问题以及伊朗局势等交换了意见目前日本被定位为北约在印太地区的四个合作伙伴国之一近年来日本与北约在国防尖端技术等领域的合作不断推进茂木敏充在会谈伊始表示在国际局势剧烈动荡的背景下欧洲大西洋与印太地区的透明安全保障是密不可分的挪威驻北约大使阿妮塔内尔高则列举了俄乌冲突及中东局势并指出在当前的安全环境下加强与日本这样志同道合且能力突出的伙伴之间的协作至关重要她强调此次访问明确证明了我们对强化与印太地区伙伴国家合作的浓厚兴趣戳更多新闻 北京日报的微博视频,True,False,据外务省相关人士透露北约30国大使集体访日实属罕见双方就俄乌冲突中国相关议题朝鲜问题以及伊朗局势等交换了意见目前日本被定位为北约在印太地区的四个合作伙伴国之一 || 参考消息援引日本每日新闻网站4月18日报道16日北约成员国驻布鲁塞尔总部的大使集体礼节性拜会了日本外相茂木敏充据报道北约共有32个成员国其中30个国家驻布鲁塞尔的大使参加了拜会 || 虚张声势罢了,1,中性,0.9011191129684448,中性,0.9011191129684448
5289126813502715,#倭国最新动态# 16日，#北约30国大使集体访日#这可不是“串门”，是来“递刀子”的！咱们把这条新闻掰开揉碎了，好好聊聊。简单说，这事儿就是北约30个国家的大使，组团跑到日本开了个会。别小看这个“礼节性拜会”，这绝不是普通串门，背后全是算盘。针对你关心的“是否有阻止我们解放台湾的意图”，答案非常肯定：是的，他们不仅想拦，而且正在通过“拉帮结派”来增加我们统一的成本和阻力。这事儿有多不一般？首先，你得知道北约是干啥的——它本来是管欧洲-大西洋那片儿安全的军事同盟。现在倒好，30个成员国的大使集体飞到东亚的日本来开会，这本身就是个大信号。规模空前：北约总共32个成员国，这次来了30个，几乎是“全员出动”。在北约历史上，这么大规模集体访问日本，头一回。级别很高：来的不是普通官员，是常驻北约总部的大使，都是能直接参与决策的核心人物。所以，这绝不是什么“礼节性”的客套话，而是一次精心策划的、带有强烈政治和军事色彩的集体行动。他们到底在聊什么？表面上是交换意见，实际上核心就几件事，矛头直指中俄，特别是针对台海问题在做局。统一口径，把水搅浑：会谈里明确提到了“中国相关议题”、台海、南海。他们的意图很明显，就是想告诉欧洲国家：“台海打仗不仅仅是中国家里的事，也跟你们的安全有关。”通过这种话术，试图把台湾问题“国际化”，在国际舆论上孤立我们，增加我们动手的政治压力。军工合作，递刀子：俄乌冲突打下来，北约发现自己弹药库存告急。而日本的军工企业技术强、产能足。双方一拍即合，北约想拉日本入伙，搞联合研发、技术共享。这实际上是在提升针对中国的军事威慑力，为可能发生的冲突做“最坏的打算”。学习“如何跟美国相处”：这点特别有意思。特朗普之前因为伊朗问题大骂北约盟友“不配合”，威胁要退出北约。欧洲国家心里发慌，这次来日本，也是想取取经，看看日本是怎么在满足美国各种要求的同时，还能维持好同盟关系的。背后各打什么算盘？这事儿对北约和日本来说，是典型的“一个愿打，一个愿挨”。北约的算盘战略东扩：北约不想只待在欧洲，想把触角伸到亚太，把日本当成一个“桥头堡”，常态化介入亚太事务。巩固同盟：在美欧关系出现裂痕的背景下，通过拉拢日本，向美国展示自己的价值和忠诚，稳住跨大西洋联盟。补齐短板：利用日本的工业和技术能力，弥补自身军工产能的不足。日本的算盘借船出海：日本一直想摆脱“战败国”的束缚，实现“军事正常化”。有了北约的“背书”，它就能更“名正言顺”地增加军费、发展军力、放宽武器出口。提升地位：通过与北约深度捆绑，日本想从一个美国的“小弟”，升级为在亚太安全事务中更有话语权的“关键伙伴”。利益捆绑：把自己的军工产业和北约的采购体系绑定，既能赚钱，又能加深与西方阵营的联系。对我们意味着什么？说白了，这就是有组织的军事集团，跑到我们家门口来搞事情。安全压力增大：北约的军事力量和影响力直接渗透到亚太，尤其是在台海、南海等问题上指手画脚，无疑会加剧地区的紧张局势，给中国带来更大的外部安全压力。阵营对抗加剧：这种“拉帮结派”的行为，就是在亚太地区制造分裂和对立，逼迫其他国家选边站队，破坏了地区和平发展的氛围。技术围堵升级：北约和日本在人工智能、无人机、量子技术等尖端军事科技上加强合作，目的之一就是为了在关键技术领域对中国形成围堵和封锁。总而言之，这次北约30国大使集体访日，是一次标志性的事件。它意味着北约“亚太化”从口号变成了实际行动，而日本也甘愿充当这个进程的“急先锋”。这对亚太地区的和平稳定，构成了实实在在的威胁。虽然他们想“拦路”，但在家门口作战，解放军的区域拒止能力已经非常强大，外部势力想要军事干涉，代价是他们难以承受的。阻挡不了中国统一的历史大势，朋友来了有美酒，豺狼来了有猎枪。#中倭必有一战# 专栏 · 中美博弈|俄美博弈|中俄联手|寰球动态,1776538362,2026-04-18 18:52:42+08:00,94,16,20,1776523088664,https://m.weibo.cn/detail/5289126813502715,福建,2914421102,笔骨子,m,https://m.weibo.cn/u/2914421102?luicode=20000061&lfid=5289126813502715&launchid=10000360-page_H5,"https://tvax2.sinaimg.cn/crop.0.0.640.640.180/adb6896ely8h2nh0v1zm4j20hs0hs3z5.jpg?KID=imgbed,tva&Expires=1776533804&ssig=2rn4XVno%2F8",北约30国大使集体访日,search_contents_2026-04-18.csv,search_post,, 16日这可不是串门是来递刀子的咱们把这条新闻掰开揉碎了好好聊聊简单说这事儿就是北约30个国家的大使组团跑到日本开了个会别小看这个礼节性拜会这绝不是普通串门背后全是算盘针对你关心的是否有阻止我们解放台湾的意图答案非常肯定是的他们不仅想拦而且正在通过拉帮结派来增加我们统一的成本和阻力这事儿有多不一般首先你得知道北约是干啥的它本来是管欧洲大西洋那片儿安全的军事同盟现在倒好30个成员国的大使集体飞到东亚的日本来开会这本身就是个大信号规模空前北约总共32个成员国这次来了30个几乎是全员出动在北约历史上这么大规模集体访问日本头一回级别很高来的不是普通官员是常驻北约总部的大使都是能直接参与决策的核心人物所以这绝不是什么礼节性的客套话而是一次精心策划的带有强烈政治和军事色彩的集体行动他们到底在聊什么表面上是交换意见实际上核心就几件事矛头直指中俄特别是针对台海问题在做局统一口径把水搅浑会谈里明确提到了中国相关议题台海南海他们的意图很明显就是想告诉欧洲国家台海打仗不仅仅是中国家里的事也跟你们的安全有关通过这种话术试图把台湾问题国际化在国际舆论上孤立我们增加我们动手的政治压力军工合作递刀子俄乌冲突打下来北约发现自己弹药库存告急而日本的军工企业技术强产能足双方一拍即合北约想拉日本入伙搞联合研发技术共享这实际上是在提升针对中国的军事威慑力为可能发生的冲突做最坏的打算学习如何跟美国相处这点特别有意思特朗普之前因为伊朗问题大骂北约盟友不配合威胁要退出北约欧洲国家心里发慌这次来日本也是想取取经看看日本是怎么在满足美国各种要求的同时还能维持好同盟关系的背后各打什么算盘这事儿对北约和日本来说是典型的一个愿打一个愿挨北约的算盘战略东扩北约不想只待在欧洲想把触角伸到亚太把日本当成一个桥头堡常态化介入亚太事务巩固同盟在美欧关系出现裂痕的背景下通过拉拢日本向美国展示自己的价值和忠诚稳住跨大西洋联盟补齐短板利用日本的工业和技术能力弥补自身军工产能的不足日本的算盘借船出海日本一直想摆脱战败国的束缚实现军事正常化有了北约的背书它就能更名正言顺地增加军费发展军力放宽武器出口提升地位通过与北约深度捆绑日本想从一个美国的小弟升级为在亚太安全事务中更有话语权的关键伙伴利益捆绑把自己的军工产业和北约的采购体系绑定既能赚钱又能加深与西方阵营的联系对我们意味着什么说白了这就是有组织的军事集团跑到我们家门口来搞事情安全压力增大北约的军事力量和影响力直接渗透到亚太尤其是在台海南海等问题上指手画脚无疑会加剧地区的紧张局势给中国带来更大的外部安全压力阵营对抗加剧这种拉帮结派的行为就是在亚太地区制造分裂和对立逼迫其他国家选边站队破坏了地区和平发展的氛围技术围堵升级北约和日本在人工智能无人机量子技术等尖端军事科技上加强合作目的之一就是为了在关键技术领域对中国形成围堵和封锁总而言之这次北约30国大使集体访日是一次标志性的事件它意味着北约亚太化从口号变成了实际行动而日本也甘愿充当这个进程的急先锋这对亚太地区的和平稳定构成了实实在在的威胁虽然他们想拦路但在家门口作战解放军的区域拒止能力已经非常强大外部势力想要军事干涉代价是他们难以承受的阻挡不了中国统一的历史大势朋友来了有美酒豺狼来了有猎枪 专栏  中美博弈俄美博弈中俄联手寰球动态,True,False,来吧一起干掉 || 乌克兰就是这么被忽悠瘸的吧,1,消极,0.6515602469444275,消极,0.6515602469444275
5289157190489725,欧洲捉襟见肘，北约都快兔死狗烹了，还妄图染指亚太地区?！#北约30国大使集体访日# ,1776545605,2026-04-18 20:53:25+08:00,41,7,2,1776523088667,https://m.weibo.cn/detail/5289157190489725,安哥拉,1444313404,领事闲谈,m,https://m.weibo.cn/u/1444313404?launchid=10000360-page_H5,"https://tvax3.sinaimg.cn/crop.0.0.512.512.180/5616793cly8gmgwy3n15ij20e80e8dg5.jpg?KID=imgbed,tva&Expires=1776533783&ssig=CgdUmo32ir",北约30国大使集体访日,search_contents_2026-04-18.csv,search_post,,欧洲捉襟见肘北约都快兔死狗烹了还妄图染指亚太地区 ,True,False,欧美心理对中国还是有种莫名其妙优越感他们惧怕俄罗斯但不害怕中国因为缺少一场打到他们崩溃的战争 || 鬼子整这死出原来还是想脱亚入欧啊脱让它脱脱不干净就上手帮它脱 || 这都是来拱火的不用理会,1,消极,0.8375241756439209,消极,0.8375241756439209
5289142923038626,#北约30国大使集体访日#组团访日、危险“合作”，北约这次手伸得有点长！ #中国已不是131年前的中国# #日本赌国运的老毛病又要犯了# （钧正平） 日照日报的微博视频  ,1776542203,2026-04-18 19:56:43+08:00,10,10,1,1776523088671,https://m.weibo.cn/detail/5289142923038626,,6890796357,日照日报,m,https://m.weibo.cn/u/6890796357?launchid=10000360-page_H5,"https://tvax3.sinaimg.cn/crop.0.0.1080.1080.180/007wl4UJly8h8vgtpmxmaj30u00u0wfh.jpg?KID=imgbed,tva&Expires=1776533783&ssig=wwvLsxMncR",北约30国大使集体访日,search_contents_2026-04-18.csv,search_post,,组团访日危险合作北约这次手伸得有点长   钧正平 日照日报的微博视频  ,True,False,,1,消极,0.6164252161979675,消极,0.6164252161979675
5286824303920025,狼，终于来了！央视消息，本月中旬，北约 30 个成员国将组成史上规模最大、级别最高的访日行动，其目的是加速亚太化战略（匈牙利缺席）。行程重点：与日本防相小泉进次郎、外相茂木敏充等内阁高官会谈；走访防卫企业；后续还将访韩。可能有人觉得不就是 30 个大使去日本开开会嘛，能掀起多大风浪？要是这么想可就太天真了。这次北约 30 国大使集体访日，规格和规模都是史无前例的，相当于把整个北约的决策层搬到了东京，这背后藏着的心思可深着呢。先说说这规模有多罕见，北约成立 77 年，从来没一次性派过这么多成员国的大使级官员集体出访亚太国家，更别说还是专门冲着日本去的。匈牙利因为 12 号要搞国会选举才缺席，不然就是 31 国全员到齐，这阵仗简直比北约内部开会还要隆重。你想想，平时各国大使都是各忙各的，能把他们凑到一块儿去一个非北约国家，背后要是没有美国在那撺掇，根本不可能办成这事。有人可能要问，北约好好的在欧洲待着不行吗，非要跑到亚太来折腾？这就得说说北约的小算盘了。俄乌冲突打了快四年，欧洲那边的红利早就吃干抹净了，北约军费虽然涨了不少，但成员国之间的矛盾也越来越大。美国前总统特朗普天天骂欧洲盟友不给力，伊朗那边打仗也不帮忙，欧洲国家心里也憋着气。这种情况下，北约急需找个新的增长点，亚太地区经济好、矛盾多，自然就成了他们眼中的香饽饽。而日本呢，正好和北约一拍即合。这些年日本一直想突破和平宪法的束缚，变成所谓的 &quot;正常国家&quot;，光靠美国一个靠山还不够，得拉上整个北约壮胆。从 2022 年俄乌冲突开始，日本就一路小跑着往北约怀里钻，2024 年建了秘密情报共享渠道，2026 年又申请加入北约的 &quot;防务创新加速器&quot; 项目，恨不得直接在东京挂个北约亚太办事处的牌子。这次 30 国大使来访，说白了就是给日本递投名状，也是北约在亚太安插的第一个正式据点。再说说这次行程的几个重点，每一个都藏着杀机。和日本防相、外相会谈，表面上是聊安全合作，实际上就是要敲定联合演训、情报共享这些硬核内容。之前日本自卫队就参加过北约的 &quot;锁盾&quot; 网络防御演习，2025 年还和北约 4 个基地搞了联合空降演习，派出 8 架军机、180 人参演，这都是在为后续的深度合作铺路。现在 30 国大使一来，肯定要把这些合作落到实处，以后北约军舰、战机往亚太跑就名正言顺了。走访防卫企业更是关键。日本的三菱重工、川崎重工这些企业，造军舰、战机的本事一点不比欧洲差。北约现在正愁武器产能跟不上，欧洲军工企业忙得脚不沾地，正好拉上日本一起搞联合研发、共享供应链。去年日本就和美国、荷兰搞了 F-35A 的联合训练，这次要是能把日本军工纳入北约体系，以后北约的武器就能在亚太地区生产、部署，成本能降不少，威慑力却能翻好几倍。还有后续访韩这步棋，更是把亚太布局的野心暴露无遗。韩国这些年和北约的关系也在升温，虽然去年没参加北约峰会，但暗地里的合作从没断过。北约先搞定日本这个桥头堡，再去拉拢韩国，下一步很可能就是搞个 &quot;亚洲版北约&quot;，把日本、韩国、澳大利亚这些国家都串起来，形成一个围堵的圈子。可能有人觉得这都是纸上谈兵，北约在亚太能有多大作为？那我给你看组数据。2025 年，英国的 &quot;威尔士亲王&quot; 号航母战斗群、法国的 &quot;戴高乐&quot; 号航母战斗群都去了太平洋，还都在日本停靠过，和日本自卫队搞了联合训练。意大利的 &quot;加富尔&quot; 号航母去年也停靠过横须贺美军基地，这些都是北约军力向亚太渗透的实际动作。现在 30 国大使一来，这些零散的合作就要变成系统化的战略布局了。最值得警惕的是，这次访问是北约 &quot;亚太化&quot; 的关键一步。以前北约只是偶尔派个高官来亚太走走，现在直接把决策层搬过来，意味着北约要在亚太建立常态化的存在。这就好比在你家门口放了一群狼，平时看着没事，一旦有事，它们就能立刻扑上来。亚太地区本来就有南海、台海这些敏感问题，北约这么一搅和，地区局势只会更紧张。匈牙利的缺席也很有意思，正好说明北约内部不是铁板一块。欧洲国家对亚太化的态度其实很复杂，一方面想跟着美国捞好处，另一方面又怕得罪中国这个大市场。匈牙利因为要搞选举，不敢太得罪中国，所以干脆缺席，这也从侧面反映出北约亚太化之路不会一帆风顺今日头条。但不管怎么说，狼已经来了。这次北约 30 国访日，是一个危险的信号，意味着西方军事集团开始正式介入亚太事务。我们能做的就是保持警惕，看清他们的真实面目，同时做好自己的事，让他们的图谋难以得逞。,1775989401,2026-04-12 10:23:21+08:00,4,5,0,1776523088674,https://m.weibo.cn/detail/5286824303920025,湖南,6495207009,林宇辉2030,m,https://m.weibo.cn/u/6495207009?luicode=20000061&lfid=5286824303920025&launchid=10000360-page_H5,"https://tvax4.sinaimg.cn/crop.0.0.1080.1080.180/0075ze3nly8ic61s2x7yqj30u00u0myj.jpg?KID=imgbed,tva&Expires=1776533814&ssig=H6CqD0sERi",北约30国大使集体访日,search_contents_2026-04-18.csv,search_post,,狼终于来了央视消息本月中旬北约 30 个成员国将组成史上规模最大级别最高的访日行动其目的是加速亚太化战略匈牙利缺席行程重点与日本防相小泉进次郎外相茂木敏充等内阁高官会谈走访防卫企业后续还将访韩可能有人觉得不就是 30 个大使去日本开开会嘛能掀起多大风浪要是这么想可就太天真了这次北约 30 国大使集体访日规格和规模都是史无前例的相当于把整个北约的决策层搬到了东京这背后藏着的心思可深着呢先说说这规模有多罕见北约成立 77 年从来没一次性派过这么多成员国的大使级官员集体出访亚太国家更别说还是专门冲着日本去的匈牙利因为 12 号要搞国会选举才缺席不然就是 31 国全员到齐这阵仗简直比北约内部开会还要隆重你想想平时各国大使都是各忙各的能把他们凑到一块儿去一个非北约国家背后要是没有美国在那撺掇根本不可能办成这事有人可能要问北约好好的在欧洲待着不行吗非要跑到亚太来折腾这就得说说北约的小算盘了俄乌冲突打了快四年欧洲那边的红利早就吃干抹净了北约军费虽然涨了不少但成员国之间的矛盾也越来越大美国前总统特朗普天天骂欧洲盟友不给力伊朗那边打仗也不帮忙欧洲国家心里也憋着气这种情况下北约急需找个新的增长点亚太地区经济好矛盾多自然就成了他们眼中的香饽饽而日本呢正好和北约一拍即合这些年日本一直想突破和平宪法的束缚变成所谓的 quot正常国家quot光靠美国一个靠山还不够得拉上整个北约壮胆从 2022 年俄乌冲突开始日本就一路小跑着往北约怀里钻2024 年建了秘密情报共享渠道2026 年又申请加入北约的 quot防务创新加速器quot 项目恨不得直接在东京挂个北约亚太办事处的牌子这次 30 国大使来访说白了就是给日本递投名状也是北约在亚太安插的第一个正式据点再说说这次行程的几个重点每一个都藏着杀机和日本防相外相会谈表面上是聊安全合作实际上就是要敲定联合演训情报共享这些硬核内容之前日本自卫队就参加过北约的 quot锁盾quot 网络防御演习2025 年还和北约 4 个基地搞了联合空降演习派出 8 架军机180 人参演这都是在为后续的深度合作铺路现在 30 国大使一来肯定要把这些合作落到实处以后北约军舰战机往亚太跑就名正言顺了走访防卫企业更是关键日本的三菱重工川崎重工这些企业造军舰战机的本事一点不比欧洲差北约现在正愁武器产能跟不上欧洲军工企业忙得脚不沾地正好拉上日本一起搞联合研发共享供应链去年日本就和美国荷兰搞了 F35A 的联合训练这次要是能把日本军工纳入北约体系以后北约的武器就能在亚太地区生产部署成本能降不少威慑力却能翻好几倍还有后续访韩这步棋更是把亚太布局的野心暴露无遗韩国这些年和北约的关系也在升温虽然去年没参加北约峰会但暗地里的合作从没断过北约先搞定日本这个桥头堡再去拉拢韩国下一步很可能就是搞个 quot亚洲版北约quot把日本韩国澳大利亚这些国家都串起来形成一个围堵的圈子可能有人觉得这都是纸上谈兵北约在亚太能有多大作为那我给你看组数据2025 年英国的 quot威尔士亲王quot 号航母战斗群法国的 quot戴高乐quot 号航母战斗群都去了太平洋还都在日本停靠过和日本自卫队搞了联合训练意大利的 quot加富尔quot 号航母去年也停靠过横须贺美军基地这些都是北约军力向亚太渗透的实际动作现在 30 国大使一来这些零散的合作就要变成系统化的战略布局了最值得警惕的是这次访问是北约 quot亚太化quot 的关键一步以前北约只是偶尔派个高官来亚太走走现在直接把决策层搬过来意味着北约要在亚太建立常态化的存在这就好比在你家门口放了一群狼平时看着没事一旦有事它们就能立刻扑上来亚太地区本来就有南海台海这些敏感问题北约这么一搅和地区局势只会更紧张匈牙利的缺席也很有意思正好说明北约内部不是铁板一块欧洲国家对亚太化的态度其实很复杂一方面想跟着美国捞好处另一方面又怕得罪中国这个大市场匈牙利因为要搞选举不敢太得罪中国所以干脆缺席这也从侧面反映出北约亚太化之路不会一帆风顺今日头条但不管怎么说狼已经来了这次北约 30 国访日是一个危险的信号意味着西方军事集团开始正式介入亚太事务我们能做的就是保持警惕看清他们的真实面目同时做好自己的事让他们的图谋难以得逞,True,False,只有猪才扎堆呢真正的强者喜欢独行,1,中性,0.6484311819076538,中性,0.6484311819076538
5288108934302990,#北约代表团抵达日本开启访问#常驻北约总部的30个成员国大使等一行当地时间4月15日下午抵达日本东京羽田机场，计划停留至17日。访问期间，北约代表团除与日本政府高层举行会谈外，还计划访问日本企业，讨论双方在防卫领域的合作。此外，代表团还将前往美军横须贺基地进行考察。这支北约代表团对日本的相关访问行程被包装为深化合作的积极信号，但在北约内部矛盾加剧、跨大西洋关系承压的背景下，此类互动的实际意义与发展前景，正面临越来越多质疑。 CCTV国际时讯的微博视频,1776295681,2026-04-15 23:28:01+08:00,85,7,27,1776523088677,https://m.weibo.cn/detail/5288108934302990,,1371701597,CCTV国际时讯,m,https://m.weibo.cn/u/1371701597?luicode=20000061&lfid=5288108934302990&launchid=10000360-page_H5,"https://tvax3.sinaimg.cn/crop.0.0.600.600.180/51c2815dly8h8vgcrzvr1j20go0gomz6.jpg?KID=imgbed,tva&Expires=1776533825&ssig=GOeFWgiBA3",北约30国大使集体访日,search_contents_2026-04-18.csv,search_post,,常驻北约总部的30个成员国大使等一行当地时间4月15日下午抵达日本东京羽田机场计划停留至17日访问期间北约代表团除与日本政府高层举行会谈外还计划访问日本企业讨论双方在防卫领域的合作此外代表团还将前往美军横须贺基地进行考察这支北约代表团对日本的相关访问行程被包装为深化合作的积极信号但在北约内部矛盾加剧跨大西洋关系承压的背景下此类互动的实际意义与发展前景正面临越来越多质疑 CCTV国际时讯的微博视频,True,False,早晚打残北约,1,中性,0.8841437101364136,中性,0.8841437101364136
5289128339967562,#北约30国大使集体访日#世界疯狂，各个大国和军事组织或直接或间接拖入战争泥潭之中，只有中国唯一大国是一片净土！他们不甘心中国独善其身，现在集体在日本拜鬼，妄图挑起中日大战，让三战彻底形成…！这仗如果真的要打，我们要做好吃几年苦头的准备，毕竟战争一旦开启，那怕本土不会挨炸，经济也不会好…,1776538726,2026-04-18 18:58:46+08:00,12,0,0,1776523088680,https://m.weibo.cn/detail/5289128339967562,广东,5690470183,深深霄霄,f,https://m.weibo.cn/u/5690470183?luicode=20000061&lfid=5289128339967562&launchid=10000360-page_H5,"https://tvax4.sinaimg.cn/crop.0.0.1080.1080.180/006d6Df9ly8hyd6rfd1spj30u00u0wj2.jpg?KID=imgbed,tva&Expires=1776533835&ssig=FMzkkh%2BqGt",北约30国大使集体访日,search_contents_2026-04-18.csv,search_post,,世界疯狂各个大国和军事组织或直接或间接拖入战争泥潭之中只有中国唯一大国是一片净土他们不甘心中国独善其身现在集体在日本拜鬼妄图挑起中日大战让三战彻底形成这仗如果真的要打我们要做好吃几年苦头的准备毕竟战争一旦开启那怕本土不会挨炸经济也不会好,True,False,,1,消极,0.8270983099937439,消极,0.8270983099937439
5289121947321679,#北约30国大使集体访日#：北约30国集体跑去日本“抱团取暖”？名存实亡的军事集团狼狈为奸害亚太。老铁们，北约30个成员国驻布鲁塞尔的大使居然搞了个集体大团建，浩浩荡荡跑去东京拜访日本外相茂木敏充。按理说，日本又不是北约成员国，北约开会跑日本去干什么？这不是吃饱了撑的吗？其实不然。首先，这个北约现在还是当年的北约吗？根据我掌握的信息，4月初有欧洲官员直接放话：北约已经“瘫痪”了，连会都开不成，正在“走向分裂”。为啥？答案就在美国身上。特朗普政府天天嚷嚷着要“退群”，公开把北约叫“纸老虎”。更可笑的是，这场闹剧的背景是美以发动对伊朗的军事行动时，欧洲的盟友们几乎全拒绝参与，直接拒绝开放领空和军事基地。这下好了，美国当盟主的觉得被利用了，一怒之下要撂挑子；欧洲小弟们也急了，开始悄悄搞“欧洲北约”的备选方案，以防美国真的跑路。这难道不是名存实亡？一个北约，内部都烂成这样了，从“安全共同体”变成了“政治买卖”，哪还有什么公信力可言？就在这个快要散伙的节骨眼上，北约这30个国家居然在太平洋找到了共同语言。他们集体跑到日本去，跟茂木敏充高谈阔论什么俄乌冲突、什么中国议题。挪威驻北约大使还说什么“加强与日本这样志同道合且能力突出的伙伴之间的协作至关重要”。我就纳了闷了，你们一群北大西洋的老爷兵，跑到亚太来干什么？这其实就是典型的 “病急乱投医” 加 “狼狈为奸” 。北约内部已经四分五裂，欧洲的政客们急需一个新的幌子来维持存在感，于是打起了印太地区的算盘。说白了，就是想拿中国当“假想敌”，通过炒作“中国威胁论”来强行把这群乌合之众再捏到一块儿去，给自己的续命找借口。而日本这边呢？更是司马昭之心路人皆知。他们也在打自己的算盘，正好借北约这个快要失势的“大哥”当跳板，给自己的扩军强武找合法性。就在2026年，日本的防卫预算突破了9万亿日元的天文数字，还部署了射程上千公里的进攻性导弹。嘴上喊着“专守防卫”，手里却握着能覆盖邻国腹地的长矛，这不就是典型的“两面人”吗？现在又勾搭上北约，想搞什么“亚太版小北约”，企图借助这些欧洲国家的军舰和兵力，在亚太地区耀武扬威，甚至插手台海局势。接下来我要说一个更关键的节点。就在北约这群大使们还在东京觥筹交错的时候，4月17日凌晨4点02分，日本的“雷”号驱逐舰选择了一个极不寻常的路线和时间——过航台湾海峡。这个时间点选的，与其说是“巧合”，不如说是一场配合好的政治作秀。日本就是想告诉北约：“你看，我这颗棋子很给力，我能帮你们在这边搅局。”但是，日本打错了算盘。国防部和东部战区第一时间发话：对于日本“雷”号驱逐舰过航台海，中国军队全程跟监警戒，实施了有效规制管控。发言人直接把话挑明了：日方此举蓄意挑衅，一错再错，意欲何为？在这里我必须告诉那些心怀鬼胎的人，今天的台海不是一百多年前的甲午战场，今天的中国更不是当年的清王朝。不管你是美国军舰，还是日本的驱逐舰，过航台海都必须夹起尾巴老老实实，胆敢挑衅滋事，解放军的海空力量就在前面等着，全程押送！最后我想说，北约现在自身难保，就不要跑到亚太来丢人现眼了。日本想拉着北约给自己壮胆，也是在玩火自焚。这种狼狈为奸的把戏，改变不了北约走向崩溃的命运，更动摇不了我们捍卫国家主权和领土完整的钢铁意志。不信邪的，尽管来试试，中国军队时刻保持高度戒备，专治各种不服！#热点观点##一分钟精选视频扶持计划# 北约30国大使集体访日 陆战铁骑的微博视频,1776537202,2026-04-18 18:33:22+08:00,21,8,4,1776523088686,https://m.weibo.cn/detail/5289121947321679,浙江,7484864135,陆战铁骑,m,https://m.weibo.cn/u/7484864135?luicode=20000061&lfid=5289121947321679&launchid=10000360-page_H5,"https://tvax2.sinaimg.cn/crop.0.0.709.709.180/008axJ55ly8i0n87zyxgqj30jp0jpjrs.jpg?KID=imgbed,tva&Expires=1776533855&ssig=UEJVU%2BwFq2",北约30国大使集体访日,search_contents_2026-04-18.csv,search_post,,北约30国集体跑去日本抱团取暖名存实亡的军事集团狼狈为奸害亚太老铁们北约30个成员国驻布鲁塞尔的大使居然搞了个集体大团建浩浩荡荡跑去东京拜访日本外相茂木敏充按理说日本又不是北约成员国北约开会跑日本去干什么这不是吃饱了撑的吗其实不然首先这个北约现在还是当年的北约吗根据我掌握的信息4月初有欧洲官员直接放话北约已经瘫痪了连会都开不成正在走向分裂为啥答案就在美国身上特朗普政府天天嚷嚷着要退群公开把北约叫纸老虎更可笑的是这场闹剧的背景是美以发动对伊朗的军事行动时欧洲的盟友们几乎全拒绝参与直接拒绝开放领空和军事基地这下好了美国当盟主的觉得被利用了一怒之下要撂挑子欧洲小弟们也急了开始悄悄搞欧洲北约的备选方案以防美国真的跑路这难道不是名存实亡一个北约内部都烂成这样了从安全共同体变成了政治买卖哪还有什么公信力可言就在这个快要散伙的节骨眼上北约这30个国家居然在太平洋找到了共同语言他们集体跑到日本去跟茂木敏充高谈阔论什么俄乌冲突什么中国议题挪威驻北约大使还说什么加强与日本这样志同道合且能力突出的伙伴之间的协作至关重要我就纳了闷了你们一群北大西洋的老爷兵跑到亚太来干什么这其实就是典型的 病急乱投医 加 狼狈为奸 北约内部已经四分五裂欧洲的政客们急需一个新的幌子来维持存在感于是打起了印太地区的算盘说白了就是想拿中国当假想敌通过炒作中国威胁论来强行把这群乌合之众再捏到一块儿去给自己的续命找借口而日本这边呢更是司马昭之心路人皆知他们也在打自己的算盘正好借北约这个快要失势的大哥当跳板给自己的扩军强武找合法性就在2026年日本的防卫预算突破了9万亿日元的天文数字还部署了射程上千公里的进攻性导弹嘴上喊着专守防卫手里却握着能覆盖邻国腹地的长矛这不就是典型的两面人吗现在又勾搭上北约想搞什么亚太版小北约企图借助这些欧洲国家的军舰和兵力在亚太地区耀武扬威甚至插手台海局势接下来我要说一个更关键的节点就在北约这群大使们还在东京觥筹交错的时候4月17日凌晨4点02分日本的雷号驱逐舰选择了一个极不寻常的路线和时间过航台湾海峡这个时间点选的与其说是巧合不如说是一场配合好的政治作秀日本就是想告诉北约你看我这颗棋子很给力我能帮你们在这边搅局但是日本打错了算盘国防部和东部战区第一时间发话对于日本雷号驱逐舰过航台海中国军队全程跟监警戒实施了有效规制管控发言人直接把话挑明了日方此举蓄意挑衅一错再错意欲何为在这里我必须告诉那些心怀鬼胎的人今天的台海不是一百多年前的甲午战场今天的中国更不是当年的清王朝不管你是美国军舰还是日本的驱逐舰过航台海都必须夹起尾巴老老实实胆敢挑衅滋事解放军的海空力量就在前面等着全程押送最后我想说北约现在自身难保就不要跑到亚太来丢人现眼了日本想拉着北约给自己壮胆也是在玩火自焚这种狼狈为奸的把戏改变不了北约走向崩溃的命运更动摇不了我们捍卫国家主权和领土完整的钢铁意志不信邪的尽管来试试中国军队时刻保持高度戒备专治各种不服 北约30国大使集体访日 陆战铁骑的微博视频,True,False,日本不作不死 || 北约还嘚瑟啊,1,消极,0.8189013600349426,消极,0.8189013600349426
5289023503598445,【#雷军在临沂一服务区被米粉送炒鸡#】4月17日，@雷军 在新车续航测试直播途中，停靠临沂一服务区时，临沂米粉纷纷前往偶遇，现场拉起“祝雷总续航测试挑战成功！”等横幅，还有米粉送上临沂炒鸡。雷军随后发文，感谢临沂米粉和车主朋友们的支持与热情接待。（临沂新闻）临沂 #雷军不建议有司机的大老板买小米# 大众新闻-大众日报的微博视频,1776513731,2026-04-18 12:02:11+08:00,1277,159,105,1776523371345,https://m.weibo.cn/detail/5289023503598445,,5396094153,大众新闻-大众日报,m,https://m.weibo.cn/u/5396094153?luicode=20000061&lfid=5289023503598445&launchid=10000360-page_H5,"https://tvax3.sinaimg.cn/crop.0.0.600.600.180/005TbsAFly8i4b1kqe734j30go0go0t8.jpg?KID=imgbed,tva&Expires=1776534107&ssig=hI3O1WCDnB",雷军在临沂一服务区被米粉送炒鸡,search_contents_2026-04-18.csv,search_post,,4月17日 在新车续航测试直播途中停靠临沂一服务区时临沂米粉纷纷前往偶遇现场拉起祝雷总续航测试挑战成功等横幅还有米粉送上临沂炒鸡雷军随后发文感谢临沂米粉和车主朋友们的支持与热情接待临沂新闻临沂  大众新闻大众日报的微博视频,True,False,雷总告诉我们比你优秀的人还比你努力还走群众路线他不成功谁成功 || 精准拉横幅不是剧本的话简直是天才 || 炒鸡确实临沂比较牛逼,0,积极,0.9146422147750854,积极,0.9146422147750854
5288690588848064,#雷军直播#祝雷总续航测试挑战成功！ @雷军 #雷军在临沂一服务区被米粉送炒鸡# ,1776434358,2026-04-17 13:59:18+08:00,145,13,0,1776523371348,https://m.weibo.cn/detail/5288690588848064,山东,7414928298,薄文理,f,https://m.weibo.cn/u/7414928298?launchid=10000360-page_H5,"https://tvax3.sinaimg.cn/crop.0.0.1001.1001.180/0085OhzIly8h0pjm7yv4ij30rt0rtgoa.jpg?KID=imgbed,tva&Expires=1776534107&ssig=iF5mwGdx9v",雷军在临沂一服务区被米粉送炒鸡,search_contents_2026-04-18.csv,search_post,,祝雷总续航测试挑战成功   ,True,False,字典翻了好久找到了羡慕两个字 || 你是旁边那个妹子 || 你为啥能站在雷总旁边,0,积极,0.9642695784568788,积极,0.9642695784568788
5289073063235106,#雷军在临沂一服务区被米粉送炒鸡#好客山东名不虚传，欢迎雷总来到俺们山东，沂蒙炒鸡安排上，妥妥的本地最高礼遇。今天气温偏高，品尝美味的同时也要记得防晒防暑。巧了中午逛超市还发现惊喜，临沂炒鸡居然出火腿肠了，跨界脑洞大开，好奇是什么神仙味道，有没有吃过的朋友来分享下口感！雷军在临沂一服务区被米粉送炒鸡,1776525547,2026-04-18 15:19:07+08:00,47,43,1,1776523371348,https://m.weibo.cn/detail/5289073063235106,山东,2091875377,i人妈妈GG,f,https://m.weibo.cn/u/2091875377?luicode=20000061&lfid=5289073063235106&launchid=10000360-page_H5,"https://tvax3.sinaimg.cn/crop.0.0.1080.1080.180/7caf7c31ly8i8w6t0lummj20u00u00v0.jpg?KID=imgbed,tva&Expires=1776534118&ssig=QcndnZQxx%2B",雷军在临沂一服务区被米粉送炒鸡,search_contents_2026-04-18.csv,search_post,,好客山东名不虚传欢迎雷总来到俺们山东沂蒙炒鸡安排上妥妥的本地最高礼遇今天气温偏高品尝美味的同时也要记得防晒防暑巧了中午逛超市还发现惊喜临沂炒鸡居然出火腿肠了跨界脑洞大开好奇是什么神仙味道有没有吃过的朋友来分享下口感雷军在临沂一服务区被米粉送炒鸡,True,False,除了火腿肠临沂炒鸡还有哪些联名商品 || 是到这个服务区充电吗 || 没有吃过呢,0,积极,0.9617725610733032,积极,0.9617725610733032
5289050250675087,#雷军在临沂一服务区被米粉送炒鸡#哈哈哈，小米食堂@小米食堂 菜单可以准备加菜了——“临沂风味炒鸡”安排上雷总在服务区替大家尝了 ,1776520108,2026-04-18 13:48:28+08:00,37,23,0,1776523371349,https://m.weibo.cn/detail/5289050250675087,北京,5403749059,产品,f,https://m.weibo.cn/u/5403749059?launchid=10000360-page_H5,"https://tvax1.sinaimg.cn/crop.0.0.1080.1080.180/005THzYTly8ibp32zwv5lj30u00u0jv4.jpg?KID=imgbed,tva&Expires=1776534107&ssig=59%2BaToXeCC",雷军在临沂一服务区被米粉送炒鸡,search_contents_2026-04-18.csv,search_post,,哈哈哈小米食堂 菜单可以准备加菜了临沂风味炒鸡安排上雷总在服务区替大家尝了 ,True,False,俺老孙也想尝尝临沂炒鸡 || 雷总替咱尝鲜了真接地气啊 || 小米食堂快上新炒鸡,0,积极,0.651484489440918,积极,0.651484489440918
5289054440786316,#雷军在临沂一服务区被米粉送炒鸡#昨天没仔细看直播，没想到雷总中途充电是在我老家临沭服务区，好多临沂车友在现场欢迎雷总，还给雷总送临沂炒鸡，沂蒙老区人民就是这么热情，就是这个沙土路有点出圈了 ,1776521107,2026-04-18 14:05:07+08:00,24,15,8,1776523371350,https://m.weibo.cn/detail/5289054440786316,湖北,3963351919,李小祥龙,m,https://m.weibo.cn/u/3963351919?launchid=10000360-page_H5,"https://tvax3.sinaimg.cn/crop.0.0.1080.1080.180/ec3bf36fly8i0740xhmlhj20u00u041b.jpg?KID=imgbed,tva&Expires=1776534107&ssig=BjSTM%2Bqy2a",雷军在临沂一服务区被米粉送炒鸡,search_contents_2026-04-18.csv,search_post,,昨天没仔细看直播没想到雷总中途充电是在我老家临沭服务区好多临沂车友在现场欢迎雷总还给雷总送临沂炒鸡沂蒙老区人民就是这么热情就是这个沙土路有点出圈了 ,True,False,回仙桃了吗 || 你快赶回去 || 临沭人太实在了炒鸡管够,0,积极,0.5388463735580444,积极,0.5388463735580444
5289046563881300,#雷军在临沂一服务区被米粉送炒鸡#雷总这趟SU7长途测试太火了！在临沂服务区被米粉围得水泄不通，又是拉横幅又是合影签名，还直接送上了临沂炒鸡。这哪是企业家出差，简直是明星下乡啊！米粉太热情，雷总也亲民，没有一点架子。一把炒鸡，一份心意，这才是最实在的应援。不光证明了SU7续航能打，更看出小米的人缘是真好，这波太暖了！雷军在临沂一服务区被米粉送炒鸡 才净净的微博视频,1776519229,2026-04-18 13:33:49+08:00,1,4,0,1776523371351,https://m.weibo.cn/detail/5289046563881300,河南,7735997694,才净净,f,https://m.weibo.cn/u/7735997694?luicode=20000061&lfid=5289046563881300&launchid=10000360-page_H5,"https://tvax2.sinaimg.cn/crop.0.0.620.620.180/008rxsomly8gyfi2mmzjxj30h80h83yo.jpg?KID=imgbed,tva&Expires=1776534128&ssig=GcIRz4Ykmd",雷军在临沂一服务区被米粉送炒鸡,search_contents_2026-04-18.csv,search_post,,雷总这趟SU7长途测试太火了在临沂服务区被米粉围得水泄不通又是拉横幅又是合影签名还直接送上了临沂炒鸡这哪是企业家出差简直是明星下乡啊米粉太热情雷总也亲民没有一点架子一把炒鸡一份心意这才是最实在的应援不光证明了SU7续航能打更看出小米的人缘是真好这波太暖了雷军在临沂一服务区被米粉送炒鸡 才净净的微博视频,True,False,炒鸡闻着挺香车别蹭上油,0,积极,0.8854897022247314,积极,0.8854897022247314
5289129671658998,#雷军激动到破音了#雷总不语，只是一味框框炫红牛董事长也得熬夜做直播啊#雷军在临沂一服务区被米粉送炒鸡# ,1776539044,2026-04-18 19:04:04+08:00,1,0,0,1776523371353,https://m.weibo.cn/detail/5289129671658998,广东,5698814585,望北阳,m,https://m.weibo.cn/u/5698814585?launchid=10000360-page_H5,"https://tvax2.sinaimg.cn/crop.0.0.500.500.180/006dFE0hly8htzcwugws2j30dw0dw0td.jpg?KID=imgbed,tva&Expires=1776534107&ssig=PRI0tN57r3",雷军在临沂一服务区被米粉送炒鸡,search_contents_2026-04-18.csv,search_post,,雷总不语只是一味框框炫红牛董事长也得熬夜做直播啊 ,True,False,,0,消极,0.7799229025840759,消极,0.7799229025840759
5289121930024342,#雷军在临沂一服务区被米粉送炒鸡#⁠这也太可爱了吧哈哈哈，你们身边有米粉偶遇雷军的吗？ #雷军不建议有司机的大老板买小米# ,1776537198,2026-04-18 18:33:18+08:00,19,28,3,1776523371354,https://m.weibo.cn/detail/5289121930024342,北京,6331749896,是酥酥哦_,f,https://m.weibo.cn/u/6331749896?launchid=10000360-page_H5,"https://tvax1.sinaimg.cn/crop.0.0.1080.1080.180/006Uvnokly8huibf84s0ej30u00u0wi6.jpg?KID=imgbed,tva&Expires=1776534107&ssig=UTJvqOsVhp",雷军在临沂一服务区被米粉送炒鸡,search_contents_2026-04-18.csv,search_post,,这也太可爱了吧哈哈哈你们身边有米粉偶遇雷军的吗  ,True,False,仁者爱人此乃真英雄所为 || 雷总粉丝遍地 || 雷总粉丝太多了,0,积极,0.961465299129486,积极,0.961465299129486
5289119597199967,雷军在服务区被米粉堵住，送了一只炒鸡。他接了。就这一个细节，比任何一场发布会都管用。你可以买到流量，买不到一个人真心蹲在服务区等你。#雷军在临沂一服务区被米粉送炒鸡# ,1776536641,2026-04-18 18:24:01+08:00,0,0,0,1776523371355,https://m.weibo.cn/detail/5289119597199967,北京,1089380070,高守,m,https://m.weibo.cn/u/1089380070?launchid=10000360-page_H5,"https://tvax2.sinaimg.cn/crop.0.0.600.600.180/40ee9ee6ly8ibv0ud43xkj20go0go3zz.jpg?KID=imgbed,tva&Expires=1776534107&ssig=JVRw3qCuRM",雷军在临沂一服务区被米粉送炒鸡,search_contents_2026-04-18.csv,search_post,,雷军在服务区被米粉堵住送了一只炒鸡他接了就这一个细节比任何一场发布会都管用你可以买到流量买不到一个人真心蹲在服务区等你 ,True,False,,0,消极,0.6803408265113831,消极,0.6803408265113831
5289152649371318,张雪机车荷兰站一回合第4名非常非常强了！一直在缠斗Last Lap每一个弯道都在变化…#张雪机车首回合第4# 我们的张雪机车与凯旋、雅马哈、杜卡迪争颁奖台牛逼！ 郭弋搏-小郭同学的微博视频  ,1776544522,2026-04-18 20:35:22+08:00,1189,93,43,1776523626344,https://m.weibo.cn/detail/5289152649371318,北京,2693857304,郭弋搏-小郭同学,m,https://m.weibo.cn/u/2693857304?launchid=10000360-page_H5,"https://tvax4.sinaimg.cn/crop.0.0.512.512.180/a0910018ly8hjmnskxp9gj20e80e8wgn.jpg?KID=imgbed,tva&Expires=1776534393&ssig=llj2aVh0zr",张雪机车首回合第4,search_contents_2026-04-18.csv,search_post,,张雪机车荷兰站一回合第4名非常非常强了一直在缠斗Last Lap每一个弯道都在变化 我们的张雪机车与凯旋雅马哈杜卡迪争颁奖台牛逼 郭弋搏小郭同学的微博视频  ,True,False,还能得冠军咱倒立吃翔 || 张雪在2026年WorldSBK荷兰站首回合比赛中表现出色最终获得第4名比赛过程异常激烈尤其在最后一圈他与凯旋雅马哈杜卡迪等强队车手激烈缠斗弯道位置多次变化曾一度从第五名反超至第三展现了强劲的竞争力整个赛事悬念迭起精彩查看全部戳gt微博智搜 || 限制太难了油门限制砍掉15,0,积极,0.9748305678367616,积极,0.9748305678367616
5289158174049494,【#张雪机车首回合第4#】今晚，世界超级摩托车锦标赛荷兰站SSP组决赛第一回合，中国摩托车制造商“张雪机车”表现出色。其53号车手瓦伦丁·德比斯一度升至第一，后被反超，以第三名冲线。遗憾的是，德比斯最后一圈因压线被罚，最终排名第四。网友：已经很棒了！期待明天的精彩表现！#张雪机车最后一圈压线被罚##张雪机车正赛首回合第4#网页链接,1776545839,2026-04-18 20:57:19+08:00,775,212,59,1776523626348,https://m.weibo.cn/detail/5289158174049494,,2656274875,央视新闻,m,https://m.weibo.cn/u/2656274875?luicode=20000061&lfid=5289158174049494&launchid=10000360-page_H5,"https://tvax4.sinaimg.cn/crop.0.0.690.690.180/002TLsr9ly8iakuy3heb6j60j60j6wex02.jpg?KID=imgbed,tva&Expires=1776534393&ssig=I1RyMBTONf",张雪机车首回合第4,search_contents_2026-04-18.csv,search_post,白名单账号,今晚世界超级摩托车锦标赛荷兰站SSP组决赛第一回合中国摩托车制造商张雪机车表现出色其53号车手瓦伦丁德比斯一度升至第一后被反超以第三名冲线遗憾的是德比斯最后一圈因压线被罚最终排名第四网友已经很棒了期待明天的精彩表现网页链接,True,False,在世界超级摩托车锦标赛荷兰站SSP组决赛第一回合中中国摩托车制造商张雪机车的53号车手瓦伦丁德比斯一度领先最终因最后一圈压线违规被罚排名从第三降至第四尽管未登领奖台其表现获网友认可期待后续发挥继续提问戳gt微博智搜 || 第四也拿了不错的积分冲一冲年终总冠军不要在乎分站的冠军了 || 没上领奖台稍微有一点点遗憾但整体表现很不错而且积分也拿到手继续加油现在还得当心被其他的围攻,0,积极,0.9362763166427612,积极,0.9362763166427612
5289151986401565,#张雪机车荷兰站第4名# ｜#张雪机车第4名# WSBK荷兰站正赛首回合，@张雪机车 53号车手德比斯拿到第4名 优酷体育的微博视频  ,1776544363,2026-04-18 20:32:43+08:00,373,47,16,1776523626350,https://m.weibo.cn/detail/5289151986401565,,1679353042,优酷体育,f,https://m.weibo.cn/u/1679353042?launchid=10000360-page_H5,"https://tvax4.sinaimg.cn/crop.0.0.600.600.180/6418e4d2ly8hmg5jpzkigj20go0gogll.jpg?KID=imgbed,tva&Expires=1776534393&ssig=gG4Lo7MQMK",张雪机车首回合第4,search_contents_2026-04-18.csv,search_post,,  WSBK荷兰站正赛首回合 53号车手德比斯拿到第4名 优酷体育的微博视频  ,True,False,看了已经很棒了车手尽力了德比斯单打独斗完全被围攻 || 被围剿了不过明天还有比赛加油ZX机车 || 今天汗都给我看出来了张雪机车牛逼昂昂昂,0,中性,0.7537038922309875,中性,0.7537038922309875
5289152580947643,【张雪机车WSBK荷兰站第一回合正赛第四】#张雪机车荷兰站首回合第4# 在刚刚结束的2026世界超级摩托车锦标赛（WSBK）荷兰站WorldSSP组别中，中国摩托车制造商“张雪机车”在第一回合正赛收获第四名。继续加油！#张雪机车首回合第4# ,1776544506,2026-04-18 20:35:06+08:00,1433,184,55,1776523626352,https://m.weibo.cn/detail/5289152580947643,,1699432410,新华社,m,https://m.weibo.cn/u/1699432410?launchid=10000360-page_H5,"https://tvax2.sinaimg.cn/crop.58.61.875.875.180/001R0E0aly8h8vg6xx3srj60rs0rsdko02.jpg?KID=imgbed,tva&Expires=1776534393&ssig=UXOX2a7x6q",张雪机车首回合第4,search_contents_2026-04-18.csv,search_post,,张雪机车WSBK荷兰站第一回合正赛第四 在刚刚结束的2026世界超级摩托车锦标赛WSBK荷兰站WorldSSP组别中中国摩托车制造商张雪机车在第一回合正赛收获第四名继续加油 ,True,False,评论区整体氛围激动自豪观众对比赛激烈程度和张雪机车首战即列前四给予高度肯定35评论称赞赛事刺激精彩首次观赛者被最后几圈缠斗震撼30认为第四名虽因罚时遗憾但证明实力强劲15热议规则限制与对手战术部分质疑赛车配重或遭围剿也有查看全部戳gt微博智搜 || 这场真精彩53号出现好几次弯道掉速估计还是这条赛道调教不够最后聪明的跨绿区超两位罚一个排名还是赚了一个排名 || 安全第一突出重围没有被黑摔车就是胜利总积分到了第三名与第一名只差13分还有14个比赛回合依然强劲,0,积极,0.8220062255859375,积极,0.8220062255859375
5289154771422621,#张雪机车荷兰站第4名##张雪机车第4名##张雪机车第三变第四#🏍️WSBK荷兰站WorldSSP组别第一回合，张雪机车53号车手德比斯最后一圈压线遗憾被罚，最终成绩从第三变第四。最后冲刺时刻的攻防与超车太精彩了，第四已是含金量十足的成绩，很棒了！张雪机车 蔚蔚sz-的微博视频 ,1776545028,2026-04-18 20:43:48+08:00,148,12,3,1776523626353,https://m.weibo.cn/detail/5289154771422621,山东,5702033413,蔚蔚sz-,f,https://m.weibo.cn/u/5702033413?launchid=10000360-page_H5,"https://tvax4.sinaimg.cn/crop.0.0.880.880.180/006dT9mRly8h8yvb1mtmrj30og0ogabr.jpg?KID=imgbed,tva&Expires=1776534393&ssig=8RB8diquJb",张雪机车首回合第4,search_contents_2026-04-18.csv,search_post,,WSBK荷兰站WorldSSP组别第一回合张雪机车53号车手德比斯最后一圈压线遗憾被罚最终成绩从第三变第四最后冲刺时刻的攻防与超车太精彩了第四已是含金量十足的成绩很棒了张雪机车 蔚蔚sz的微博视频 ,True,False,我们今天职教高考就考到了张雪机车 || 拼杀的很激烈牛逼张雪机车 || 零跑了这么多圈可惜两个弯道技术差点最后虽然第三冲刺但违规扣分了惜败第四名很不错了61好车也很可惜差点撞车了否则他有可能第一的加油吧德比斯加油张雪机车,0,积极,0.958426833152771,积极,0.958426833152771
5289183427955604,ZXMOTO|WSBK荷兰站RACE1成绩播报53号瓦伦丁·德比斯正赛第一回合第4张雪机车#极致热爱# ,1776551860,2026-04-18 22:37:40+08:00,0,0,0,1776523626356,https://m.weibo.cn/detail/5289183427955604,河北,2439414480,小鹏说电车,m,https://m.weibo.cn/u/2439414480?launchid=10000360-page_H5,"https://tvax1.sinaimg.cn/crop.0.0.1080.1080.180/916682d0ly8i60d2b5ri8j20u00u0dgq.jpg?KID=imgbed,tva&Expires=1776534393&ssig=Y7sDhjnFMH",张雪机车首回合第4,search_contents_2026-04-18.csv,search_post,,ZXMOTOWSBK荷兰站RACE1成绩播报53号瓦伦丁德比斯正赛第一回合第4张雪机车 ,True,False,,0,中性,0.8321065902709961,中性,0.8321065902709961
5289178507254399,#张雪机车正赛# 【张雪机车第一回合正赛获第4名】2026世界超级摩托车锦标赛（WSBK）荷兰站正赛分两回合进行。今天（4月18日）和明天（19日），比赛分别进行正赛第一回合、第二回合的角逐。在刚刚结束的荷兰站WorldSSP组别第一回合正赛中，中国摩托车制造商“张雪机车”获得第四名。 #张雪机车排名越靠前发车位置越有利##张雪机车首回合第4# （来源：新华社 视频/杭州综合频道） 天眼新闻的微博视频,1776550687,2026-04-18 22:18:07+08:00,11,3,0,1776523626358,https://m.weibo.cn/detail/5289178507254399,,7030322196,天眼新闻,m,https://m.weibo.cn/u/7030322196?luicode=20000061&lfid=5289178507254399&launchid=10000360-page_H5,"https://tvax4.sinaimg.cn/crop.0.0.1080.1080.180/007FMvXuly8hyxvq56tefj30u00u075y.jpg?KID=imgbed,tva&Expires=1776534403&ssig=esrecpJaf%2F",张雪机车首回合第4,search_contents_2026-04-18.csv,search_post,, 张雪机车第一回合正赛获第4名2026世界超级摩托车锦标赛WSBK荷兰站正赛分两回合进行今天4月18日和明天19日比赛分别进行正赛第一回合第二回合的角逐在刚刚结束的荷兰站WorldSSP组别第一回合正赛中中国摩托车制造商张雪机车获得第四名  来源新华社 视频杭州综合频道 天眼新闻的微博视频,True,False,张雪机车第一回合正赛获第4名,0,中性,0.8087132573127747,中性,0.8087132573127747
5289178486801866,【逆袭未果仍创佳绩！#张雪机车首回合第4#】北京时间4月18日，2026赛季WSBK世界超级摩托车锦标赛荷兰站(阿森赛道)首日正赛落幕。中国品牌张雪机车53号车手瓦伦丁·德比斯驾驶820RR-RS赛车，在WorldSSP组别第一回合斩获第四名。本站赛前，#张雪机车# 因上站葡萄牙双冠触发BOP规则，车辆需增重7公斤、动力需下调5%。排位赛中，53号车从第19名逆袭夺超级杆位第二，锁定头排发车。正赛跌宕起伏：瓦伦丁开局领跑，中段雨战一度跌至第五，末段抓住前车碰撞机会重返前三，终因最后一圈压线被罚，最终位列第四。同队64号车手卡里卡苏洛排名第20，目前中国张雪车队总积分暂时落后于老牌劲旅杜卡迪和雅马哈，位列第三。荷兰站首日正赛虽未登领奖台，张雪机车在规则压制与雨战双重考验下，仍展现中国机车的强劲竞争力，为次日(4月19日)第二回合保留冲奖希望。（大象新闻） 大象新闻的微博视频,1776550682,2026-04-18 22:18:02+08:00,0,0,0,1776523626361,https://m.weibo.cn/detail/5289178486801866,,1652484947,新快报,f,https://m.weibo.cn/u/1652484947?luicode=20000061&lfid=5289178486801866&launchid=10000360-page_H5,"https://tvax3.sinaimg.cn/crop.0.0.1080.1080.180/001NPEP1ly8h8vg6jqgsej60u00u0taq02.jpg?KID=imgbed,tva&Expires=1776534414&ssig=CZVcpApV%2Ft",张雪机车首回合第4,search_contents_2026-04-18.csv,search_post,,逆袭未果仍创佳绩北京时间4月18日2026赛季WSBK世界超级摩托车锦标赛荷兰站阿森赛道首日正赛落幕中国品牌张雪机车53号车手瓦伦丁德比斯驾驶820RRRS赛车在WorldSSP组别第一回合斩获第四名本站赛前 因上站葡萄牙双冠触发BOP规则车辆需增重7公斤动力需下调5排位赛中53号车从第19名逆袭夺超级杆位第二锁定头排发车正赛跌宕起伏瓦伦丁开局领跑中段雨战一度跌至第五末段抓住前车碰撞机会重返前三终因最后一圈压线被罚最终位列第四同队64号车手卡里卡苏洛排名第20目前中国张雪车队总积分暂时落后于老牌劲旅杜卡迪和雅马哈位列第三荷兰站首日正赛虽未登领奖台张雪机车在规则压制与雨战双重考验下仍展现中国机车的强劲竞争力为次日4月19日第二回合保留冲奖希望大象新闻 大象新闻的微博视频,True,False,,0,中性,0.4950035810470581,中性,0.4950035810470581
5289178353110215,#张雪机车首回合第4#已经相当不容易了，紧张到我睡着了 ,1776550650,2026-04-18 22:17:30+08:00,0,0,0,1776523626362,https://m.weibo.cn/detail/5289178353110215,湖南,5811567004,寰谛凤翎爱dl,f,https://m.weibo.cn/u/5811567004?launchid=10000360-page_H5,"https://tvax2.sinaimg.cn/crop.0.0.1080.1080.180/006liK3Gly8iah763413zj30u00u0417.jpg?KID=imgbed,tva&Expires=1776534393&ssig=2Sp9mNhl%2Fm",张雪机车首回合第4,search_contents_2026-04-18.csv,search_post,,已经相当不容易了紧张到我睡着了 ,True,False,,0,消极,0.7633957266807556,消极,0.7633957266807556
5289171674466481,【水牛大迁徙？深圳一河道现成群水牛】#官方回应成群水牛现河道属违规# 近日，有网友发布视频，深圳龙岗河近坪地足球训练基地出现“水牛大迁徙”，场面壮观引得不少市民围观。@第一现场 记者实地探访发现，这些水牛其实是个别居民散养在此。河道管理部门接受@第一现场 记者采访表示，河道范围内严禁饲养畜禽，此类行为不仅影响水环境，还存在安全隐患，将依法进行处理。“我们一直在跟牛主沟通，也找了相关单位来处理这个事情。” 第一现场的微博视频 #亚马逊创始人与56岁妻子正积极备孕##陈紫函不上浪姐的原因##澳门老炮质问B太##朱孝天上节目被打#,1776549058,2026-04-18 21:50:58+08:00,0,0,0,1776523892065,https://m.weibo.cn/detail/5289171674466481,,1280846847,指尖新闻-沈阳晚报,f,https://m.weibo.cn/u/1280846847?luicode=20000061&lfid=5289171674466481&launchid=10000360-page_H5,"https://tvax1.sinaimg.cn/crop.0.0.1080.1080.180/001oGiM7ly8i2ai4sanbtj60u00u0dgn02.jpg?KID=imgbed,tva&Expires=1776534649&ssig=MBpYe8tTXA",亚马逊创始人与56岁妻子正积极备孕,search_contents_2026-04-18.csv,search_post,,水牛大迁徙深圳一河道现成群水牛 近日有网友发布视频深圳龙岗河近坪地足球训练基地出现水牛大迁徙场面壮观引得不少市民围观 记者实地探访发现这些水牛其实是个别居民散养在此河道管理部门接受 记者采访表示河道范围内严禁饲养畜禽此类行为不仅影响水环境还存在安全隐患将依法进行处理我们一直在跟牛主沟通也找了相关单位来处理这个事情 第一现场的微博视频 ,True,False,,0,中性,0.4934901297092438,中性,0.4934901297092438
5289106562615481,【#亚马逊创始人与56岁妻子正积极备孕#】4月18日，据潇湘晨报晨视频综合报道。62岁亚马逊创始人杰夫·贝索斯和他的现任老婆56岁的劳伦·桑切斯在各自前段婚姻和感情中都孩子，但近日知情人士表示他们正在积极备孕，尝试生下两人的小孩。桑切斯最近在采访中说：“我明天就要有孩子了。”“这不仅仅是空谈，”一位内部人士说，“他们正在积极寻找所有可能的途径来实现这件事。”“他们能请得起世界上最好的医生。”舒特内部人士说，“她很坚定，如果有办法，他们一定会找到的。他们正在与专家交流，资助研究，并研究大多数人不了解的渠道。” 潇湘晨报的微博视频,1776533534,2026-04-18 17:32:14+08:00,533,64,56,1776523892066,https://m.weibo.cn/detail/5289106562615481,,1655444627,潇湘晨报,m,https://m.weibo.cn/u/1655444627?luicode=20000061&lfid=5289106562615481&launchid=10000360-page_H5,"https://tvax4.sinaimg.cn/crop.0.0.826.826.180/001O24LNly8h8viu4nck1j60my0myq3m02.jpg?KID=imgbed,tva&Expires=1776534659&ssig=WB6Ez43Hbx",亚马逊创始人与56岁妻子正积极备孕,search_contents_2026-04-18.csv,search_post,,4月18日据潇湘晨报晨视频综合报道62岁亚马逊创始人杰夫贝索斯和他的现任老婆56岁的劳伦桑切斯在各自前段婚姻和感情中都孩子但近日知情人士表示他们正在积极备孕尝试生下两人的小孩桑切斯最近在采访中说我明天就要有孩子了这不仅仅是空谈一位内部人士说他们正在积极寻找所有可能的途径来实现这件事他们能请得起世界上最好的医生舒特内部人士说她很坚定如果有办法他们一定会找到的他们正在与专家交流资助研究并研究大多数人不了解的渠道 潇湘晨报的微博视频,True,False,他们能请得起世界上最好的医生舒特内部人士说她很坚定如果有办法他们一定会找到的他们正在与专家交流资助研究并研究大多数人不了解的渠道 || 桑切斯最近在采访中说我明天就要有孩子了这不仅仅是空谈一位内部人士说他们正在积极寻找所有可能的途径来实现这件事 || 4月18日据潇湘晨报晨视频综合报道62岁亚马逊创始人杰夫贝索斯和他的现任老婆56岁的劳伦桑切斯在各自前段婚姻和感情中都孩子但近日知情人士表示他们正在积极备孕尝试生下两人的小孩,0,中性,0.8269668817520142,中性,0.8269668817520142
5289140235017147,#亚马逊创始人与56岁妻子正积极备孕#真的大为震惊，完全理解不了富豪的想法。62岁贝索斯和56岁妻子都各自有孩子，却还要积极备孕，实在超出常人认知。高龄生育本身风险极高，这件事也被不少人猜测牵扯财产考量。不过我们不必过度揣测他人选择，还是理性看待豪门私事，多关注普通生活里的简单幸福就好。#一分钟精选视频扶持计划##三分钟视频助燃计划# 油灯麻麻的微博视频,1776541562,2026-04-18 19:46:02+08:00,36,11,3,1776523892067,https://m.weibo.cn/detail/5289140235017147,河南,1668672472,油灯麻麻,f,https://m.weibo.cn/u/1668672472?luicode=20000061&lfid=5289140235017147&launchid=10000360-page_H5,"https://tvax2.sinaimg.cn/crop.0.0.1080.1080.180/6375ebd8ly8i5qcersp9lj20u00u0q61.jpg?KID=imgbed,tva&Expires=1776534669&ssig=eKfp2dkGa3",亚马逊创始人与56岁妻子正积极备孕,search_contents_2026-04-18.csv,search_post,,真的大为震惊完全理解不了富豪的想法62岁贝索斯和56岁妻子都各自有孩子却还要积极备孕实在超出常人认知高龄生育本身风险极高这件事也被不少人猜测牵扯财产考量不过我们不必过度揣测他人选择还是理性看待豪门私事多关注普通生活里的简单幸福就好 油灯麻麻的微博视频,True,False,视频源网侵删 || 这也太疯狂了吧哈哈 || 我天这算大龄了吧,0,消极,0.6521146297454834,消极,0.6521146297454834
5289175238579053,#亚马逊创始人与56岁妻子正积极备孕#62岁的亚马逊创始人杰夫·贝索斯与56岁的妻子劳伦·桑切斯近期被曝正尝试通过顶尖医疗手段备孕，试图生育属于两人的孩子，这一计划因挑战女性生育年龄极限而引发广泛关注。 ,1776549908,2026-04-18 22:05:08+08:00,0,0,0,1776523892069,https://m.weibo.cn/detail/5289175238579053,辽宁,6548403585,Esther_逸光进度,f,https://m.weibo.cn/u/6548403585?launchid=10000360-page_H5,"https://tvax1.sinaimg.cn/crop.0.0.1079.1079.180/0079aqUFly8i8o25sjslkj30tz0u0acq.jpg?KID=imgbed,tva&Expires=1776534648&ssig=7OCNAJ%2FV4Z",亚马逊创始人与56岁妻子正积极备孕,search_contents_2026-04-18.csv,search_post,,62岁的亚马逊创始人杰夫贝索斯与56岁的妻子劳伦桑切斯近期被曝正尝试通过顶尖医疗手段备孕试图生育属于两人的孩子这一计划因挑战女性生育年龄极限而引发广泛关注 ,True,False,,0,中性,0.7013924717903137,中性,0.7013924717903137
5289161244021005,#亚马逊创始人与56岁妻子正积极备孕#妻子都56岁了，这个积极备孕，大家也心知肚明只要有钱，这个孕肯定能备出来的 ,1776546571,2026-04-18 21:09:31+08:00,2,0,0,1776523892070,https://m.weibo.cn/detail/5289161244021005,内蒙古,1264542295,何鲜菇是我,f,https://m.weibo.cn/u/1264542295?launchid=10000360-page_H5,"https://tvax2.sinaimg.cn/crop.0.0.1080.1080.180/4b5f6257ly8i8al05muzjj20u00u0wgc.jpg?KID=imgbed,tva&Expires=1776534648&ssig=ktizZCrFVQ",亚马逊创始人与56岁妻子正积极备孕,search_contents_2026-04-18.csv,search_post,,妻子都56岁了这个积极备孕大家也心知肚明只要有钱这个孕肯定能备出来的 ,True,False,,0,积极,0.8341926336288452,积极,0.8341926336288452
5289155837827426,#亚马逊创始人与56岁妻子正积极备孕#如果不是高度的契合，这种年纪经历应该不会这样折腾 ,1776545282,2026-04-18 20:48:02+08:00,15,0,0,1776523892071,https://m.weibo.cn/detail/5289155837827426,广东,5606124806,科技游戏君,f,https://m.weibo.cn/u/5606124806?launchid=10000360-page_H5,"https://tvax2.sinaimg.cn/crop.0.0.600.600.180/0067oJ9Qly8hwreoib1hvj30go0gojua.jpg?KID=imgbed,tva&Expires=1776534648&ssig=CzIj%2Fon57E",亚马逊创始人与56岁妻子正积极备孕,search_contents_2026-04-18.csv,search_post,,如果不是高度的契合这种年纪经历应该不会这样折腾 ,True,False,,0,消极,0.5698254108428955,消极,0.5698254108428955
5289134823577392,#亚马逊创始人与56岁妻子正积极备孕#56岁备孕从生理角度来看难度极大，卵巢功能与卵子质量都已明显下降，自然受孕概率极低，借助辅助生殖也存在较高风险。两人经济条件优越，能够获得顶尖支持，理论上存在通过专业方案实现的可能。此事更多体现出两人感情稳定、愿意共同经营家庭，即便有此计划，也需要面对身体与现实层面的多重挑战。 亚马逊创始人与56岁妻子正积极备孕,1776540272,2026-04-18 19:24:32+08:00,22,38,0,1776523892072,https://m.weibo.cn/detail/5289134823577392,浙江,6435251132,小布丁爱美食y,f,https://m.weibo.cn/u/6435251132?luicode=20000061&lfid=5289134823577392&launchid=10000360-page_H5,"https://tvax3.sinaimg.cn/crop.0.0.1023.1023.180/0071vEN6ly8hhzsd0fkfpj30sg0sfjth.jpg?KID=imgbed,tva&Expires=1776534679&ssig=j3nBvYASOQ",亚马逊创始人与56岁妻子正积极备孕,search_contents_2026-04-18.csv,search_post,,56岁备孕从生理角度来看难度极大卵巢功能与卵子质量都已明显下降自然受孕概率极低借助辅助生殖也存在较高风险两人经济条件优越能够获得顶尖支持理论上存在通过专业方案实现的可能此事更多体现出两人感情稳定愿意共同经营家庭即便有此计划也需要面对身体与现实层面的多重挑战 亚马逊创始人与56岁妻子正积极备孕,True,False,56岁是高龄产妇啊 || 这确实有难度 || 56岁啊还是身体重要,0,中性,0.4884902238845825,中性,0.4884902238845825
5289144349624106,#亚马逊创始人与56岁妻子正积极备孕#两人经济条件优越，能够获得顶尖支持，理论上存在通过专业方案实现的可能。此事更多体现出两人感情稳定、愿意共同经营家庭，即便有此计划，也需要面对身体与现实层面的多重挑战。 ,1776542543,2026-04-18 20:02:23+08:00,10,7,1,1776523892073,https://m.weibo.cn/detail/5289144349624106,辽宁,7010135403,kitty_cu,f,https://m.weibo.cn/u/7010135403?launchid=10000360-page_H5,"https://tvax3.sinaimg.cn/crop.0.0.1080.1080.180/007EpOs3ly8ibza1hr09yj30u00u0js8.jpg?KID=imgbed,tva&Expires=1776534648&ssig=Stq1jFhqjg",亚马逊创始人与56岁妻子正积极备孕,search_contents_2026-04-18.csv,search_post,,两人经济条件优越能够获得顶尖支持理论上存在通过专业方案实现的可能此事更多体现出两人感情稳定愿意共同经营家庭即便有此计划也需要面对身体与现实层面的多重挑战 ,True,False,你若向阳花自盛开你若善良天自温柔人生的美好从来不是偶然而是源于内心的热爱与坚守 || 这蹭的笑死我了 || 分财产必须造娃,0,积极,0.4888048470020294,积极,0.4888048470020294
5289172115133638,#亚马逊创始人与56岁妻子正积极备孕#   笑一下蒜了，只管生，生下来有没有爹妈就是另一个故事了。。。 ,1776549163,2026-04-18 21:52:43+08:00,42,2,0,1776523892075,https://m.weibo.cn/detail/5289172115133638,湖北,3237152700,青柠萌Lovely涂涂,f,https://m.weibo.cn/u/3237152700?launchid=10000360-page_H5,"https://tvax3.sinaimg.cn/crop.0.0.1080.1080.180/c0f307bcly8hrmt4my33uj20u00u00v7.jpg?KID=imgbed,tva&Expires=1776534648&ssig=FT5TbZj7oi",亚马逊创始人与56岁妻子正积极备孕,search_contents_2026-04-18.csv,search_post,,   笑一下蒜了只管生生下来有没有爹妈就是另一个故事了 ,True,False,想要娃早干嘛去了俩人盖被窝纯聊天去了 || 生活就是一场戏笑对人生自有其乐趣,0,消极,0.4926433563232422,消极,0.4926433563232422
5289180524450474,62岁亚马逊创始人贝佐斯二婚好甜蜜，56 岁娇妻放话：明天就想生个娃。#亚马逊创始人与56岁妻子正积极备孕# ,1776551168,2026-04-18 22:26:08+08:00,17,4,13,1776523892076,https://m.weibo.cn/detail/5289180524450474,,1956700750,电商派,m,https://m.weibo.cn/u/1956700750?launchid=10000360-page_H5,"https://tvax3.sinaimg.cn/crop.0.0.1000.1000.180/0028q7fwly8hygf86e1adj60rs0rst9u02.jpg?KID=imgbed,tva&Expires=1776534648&ssig=oHxUmizFTA",亚马逊创始人与56岁妻子正积极备孕,search_contents_2026-04-18.csv,search_post,,62岁亚马逊创始人贝佐斯二婚好甜蜜56 岁娇妻放话明天就想生个娃 ,True,False,有钱有很多方法 || 今天需努力,0,积极,0.832665205001831,积极,0.832665205001831
5289126681121726,那些为了孩子操碎了心的老师，都被气哭了#深圳一小学老师批改作业时崩溃大哭# 捡废品阿大的微博视频 ,1776538331,2026-04-18 18:52:11+08:00,307,29,45,1776524160586,https://m.weibo.cn/detail/5289126681121726,江苏,5625416533,捡废品阿大,m,https://m.weibo.cn/u/5625416533?launchid=10000360-page_H5,"https://tvax1.sinaimg.cn/crop.0.0.640.640.180/0068HFOJly8i3ql122ldwj30hs0hs759.jpg?KID=imgbed,tva&Expires=1776534917&ssig=vcfZtbbPDc",深圳一小学老师批改作业时崩溃大哭,search_contents_2026-04-18.csv,search_post,,那些为了孩子操碎了心的老师都被气哭了 捡废品阿大的微博视频 ,True,False,以前老师用粉笔头打用手指点现在老师不敢 || 有良心的小孩会心疼老师没良心的会在课后骂老师 || 这样子发火心脏受不了容易内分泌失调哎,-1,消极,0.8061391115188599,消极,0.8061391115188599
5289140582614041,【第一时评：#老师改作业痛哭是矫情还是尽责# ？】第一现场消息，#深圳一小学老师批改作业时崩溃大哭#。教小数乘法，大部分孩子都会了，就两三个怎么都教不会。单独教、反复教、换方法教，作业一交她只剩沮丧。在办公室绷不住，直接崩溃大哭。#老师崩溃大哭背后是不甩锅不放弃#事后她说：不怪孩子学得慢，是我自己太心急。情绪只是一时的，爱没有减少。就这一句话，全网破防。这一哭，真是给所有人上了一课！这一课叫做：真正的负责，从不指责！有的老师遇到这样的学生，要么训、要么放、要么甩锅家长。但韦老师不一样：她急的是自己没教好，怪的是自己心急。真正有担当的人：向内找原因，向外给温柔。不甩锅、不抱怨、不放弃，这才是责任心。这一课叫做：成年人的坚强，是自愈！成年人的世界，都是一边崩溃，一边自愈。你以为老师很轻松？备课、批改、盯纪律、抓后进生，天天像打仗。她哭不是脆弱，是太在乎：怕基础打不牢，怕孩子跟不上，怕自己辜负信任。崩溃不可耻，哭完继续扛，才是成年人的底气。这一课叫做：教育的初心，是慢下来！教育的本质，不是催进度，是等花开、守初心。很多人说现在教育太焦虑：抢跑、内卷、怕落后、逼孩子、逼自己。但韦老师点醒我们：每个孩子节奏不同，有人快有人慢。老师要等，家长更要等。别用自己的焦虑，绑架孩子的成长；别用统一的标准，否定每个生命的独特。真正的教育：是耐心陪伴，是温柔坚守，是我拉着你的手，慢慢往前走。其实这堂课，也是讲给我们每个人。对工作：尽力但不苛责自己；对他人：包容但不放弃；对生活：崩溃但不认输。不怪别人慢，不怪自己笨，情绪会过去，但爱与责任，永远都在。为这样的好老师点赞，也为每一个默默扛着、偷偷自愈的我们，点个赞。（评论员：朱文峰）深圳 第一现场的微博视频,1776541645,2026-04-18 19:47:25+08:00,68,8,24,1776524160589,https://m.weibo.cn/detail/5289140582614041,,1789681642,第一现场,m,https://m.weibo.cn/u/1789681642?luicode=20000061&lfid=5289140582614041&launchid=10000360-page_H5,"https://tvax3.sinaimg.cn/crop.0.0.1080.1080.180/6aac5fealy8i1pd5xbxk3j20u00u0q3a.jpg?KID=imgbed,tva&Expires=1776534917&ssig=MjkG1ymDsg",深圳一小学老师批改作业时崩溃大哭,search_contents_2026-04-18.csv,search_post,,第一时评 第一现场消息教小数乘法大部分孩子都会了就两三个怎么都教不会单独教反复教换方法教作业一交她只剩沮丧在办公室绷不住直接崩溃大哭事后她说不怪孩子学得慢是我自己太心急情绪只是一时的爱没有减少就这一句话全网破防这一哭真是给所有人上了一课这一课叫做真正的负责从不指责有的老师遇到这样的学生要么训要么放要么甩锅家长但韦老师不一样她急的是自己没教好怪的是自己心急真正有担当的人向内找原因向外给温柔不甩锅不抱怨不放弃这才是责任心这一课叫做成年人的坚强是自愈成年人的世界都是一边崩溃一边自愈你以为老师很轻松备课批改盯纪律抓后进生天天像打仗她哭不是脆弱是太在乎怕基础打不牢怕孩子跟不上怕自己辜负信任崩溃不可耻哭完继续扛才是成年人的底气这一课叫做教育的初心是慢下来教育的本质不是催进度是等花开守初心很多人说现在教育太焦虑抢跑内卷怕落后逼孩子逼自己但韦老师点醒我们每个孩子节奏不同有人快有人慢老师要等家长更要等别用自己的焦虑绑架孩子的成长别用统一的标准否定每个生命的独特真正的教育是耐心陪伴是温柔坚守是我拉着你的手慢慢往前走其实这堂课也是讲给我们每个人对工作尽力但不苛责自己对他人包容但不放弃对生活崩溃但不认输不怪别人慢不怪自己笨情绪会过去但爱与责任永远都在为这样的好老师也为每一个默默扛着偷偷自愈的我们点个赞评论员朱文峰深圳 第一现场的微博视频,True,False,深圳此前就有位爸爸被气到心梗这位父亲照常辅导小学三年级的儿子写作业老父亲唾沫横飞讲了无数遍同一道题孩子还是一脸懵暴怒中的父亲一边抓狂狮吼一边继续辅导结果这位父亲突然胸口有点痛且喘不上气眼前一黑晕过去了 || 广东就有一位妈妈因辅导孩子写作业气到眼前发黑引爆脑瘤险些丧命被家人紧急送医抢救 || 不写作业母慈子孝一写作业鸡飞狗跳这已经不是一句玩笑话也是当下很多父母辅导孩子的真实写照,-1,消极,0.7754952907562256,消极,0.7754952907562256
5289153338280108,#深圳一小学老师批改作业时崩溃大哭#不得不说，现在当老师的压力真是太大了，这年代都没几个人说当老师好了 冬時喵羽的微博视频 ,1776544686,2026-04-18 20:38:06+08:00,129,29,1,1776524160590,https://m.weibo.cn/detail/5289153338280108,广东,7910283740,冬時喵羽,f,https://m.weibo.cn/u/7910283740?launchid=10000360-page_H5,"https://tvax4.sinaimg.cn/crop.0.0.1080.1080.180/008DkK9Cly8icaj7phgwej30u00u0wgk.jpg?KID=imgbed,tva&Expires=1776534917&ssig=gJdTklFd0b",深圳一小学老师批改作业时崩溃大哭,search_contents_2026-04-18.csv,search_post,,不得不说现在当老师的压力真是太大了这年代都没几个人说当老师好了 冬時喵羽的微博视频 ,True,False,你们想当老师吗 || 孩子们真的好难管理 || 现在每个行业的压力都好大,-1,消极,0.8385131359100342,消极,0.8385131359100342
5289160875447299,#深圳一小学老师批改作业时崩溃大哭#现在的老师可太难了，我们小时候挨完老师的批评回家挨家长的批评，现在老师只能以理服人教育要有耐心 ,1776546483,2026-04-18 21:08:03+08:00,56,11,2,1776524160591,https://m.weibo.cn/detail/5289160875447299,山东,3029879143,李玉儿聊车,f,https://m.weibo.cn/u/3029879143?launchid=10000360-page_H5,"https://tvax4.sinaimg.cn/crop.0.0.1080.1080.180/b4984967ly8i1s3kv6ydzj20u00u0gox.jpg?KID=imgbed,tva&Expires=1776534917&ssig=9eCeNxMRib",深圳一小学老师批改作业时崩溃大哭,search_contents_2026-04-18.csv,search_post,,现在的老师可太难了我们小时候挨完老师的批评回家挨家长的批评现在老师只能以理服人教育要有耐心 ,True,False,,-1,消极,0.8102830648422241,消极,0.8102830648422241
5289135269222003,#深圳一小学老师批改作业时崩溃大哭#我一看这个新闻就知道是小学老师，这个年纪的小孩还没开智最能闹腾了我教我上小学的弟弟作业，也被整崩溃了……辅导作业这件事，唐僧来了都得起杀心。 ,1776540378,2026-04-18 19:26:18+08:00,96,14,0,1776524160592,https://m.weibo.cn/detail/5289135269222003,北京,1051749147,点芯小宅,m,https://m.weibo.cn/u/1051749147?launchid=10000360-page_H5,"https://tvax1.sinaimg.cn/crop.0.0.1080.1080.180/3eb06b1bly8iaw0rl3yzaj20u00u0dj2.jpg?KID=imgbed,tva&Expires=1776534917&ssig=QAWoJ11fln",深圳一小学老师批改作业时崩溃大哭,search_contents_2026-04-18.csv,search_post,,我一看这个新闻就知道是小学老师这个年纪的小孩还没开智最能闹腾了我教我上小学的弟弟作业也被整崩溃了辅导作业这件事唐僧来了都得起杀心 ,True,False,带娃不易老师辛苦需要更多理解和支持 || 教书不易理解家长与老师共叹 || 一二年级最难搞,-1,消极,0.8455875515937805,消极,0.8455875515937805
5289134140952267,#深圳一小学老师批改作业时崩溃大哭#她哭的从来不是教不会学生，而是怕自己不够耐心、不够努力，对不起那几个还没跟上的小孩。哭完擦干眼泪，还是那个会蹲下来慢慢教你的老师，这份职业的温柔，真的太好哭了。情绪只是一时的，讲台下的偏爱和温柔从来没少过，致敬每一位偷偷自愈的老师。 ,1776540109,2026-04-18 19:21:49+08:00,26,3,4,1776524160594,https://m.weibo.cn/detail/5289134140952267,广东,5035375617,游戏刺客乔,f,https://m.weibo.cn/u/5035375617?launchid=10000360-page_H5,"https://tvax2.sinaimg.cn/crop.0.0.1080.1080.180/005uLVdLly8gq5irl0bf9j30u00u0gnj.jpg?KID=imgbed,tva&Expires=1776534917&ssig=LqCeFrkgcF",深圳一小学老师批改作业时崩溃大哭,search_contents_2026-04-18.csv,search_post,,她哭的从来不是教不会学生而是怕自己不够耐心不够努力对不起那几个还没跟上的小孩哭完擦干眼泪还是那个会蹲下来慢慢教你的老师这份职业的温柔真的太好哭了情绪只是一时的讲台下的偏爱和温柔从来没少过致敬每一位偷偷自愈的老师 ,True,False,哈哈哈老师的快乐还是学生的快乐,-1,积极,0.8337839841842651,积极,0.8337839841842651
5289185222855654,#老师回应批改作业崩溃大哭#【突然崩溃！深圳一老师批改作业大哭，网友共鸣：天天缝补心脏！最新回应】#深圳老师批改作业崩溃大哭#近日，一段深圳老师批改作业时崩溃大哭的视频刷屏网络。记者联系到了这位道新学校四年级的数学老师韦丹兰，她坦言，不怪孩子学得慢，只是自己心里太着急。据了解，近日，韦老师正在教学生们小数乘法，班上大部分同学都能顺利掌握，但有几位同学进度稍慢。韦老师一直耐心地进行单独辅导、反复讲解，可作业效果始终不尽如人意。批改作业时，她心里又难受又沮丧，回到办公室后一时没绷住，忍不住哭了出来。“我从来都不会怪孩子们学得慢，但是心里会很着急。”韦老师说，她特别想把这些最基础的知识教扎实，因为这些都是学生今后学习中必须掌握的基础内容。韦老师坚定地表示：“情绪只是一时的，但爱没有减少，之后还会拉着他们一起往前走。那天哭完之后，我也很快整理好了心情，回到班级，他们又是我最可爱的孩子们。”全网共鸣：这份崩溃，藏着最真的责任此事在网络上引发热议，网友们的留言满是理解与敬意：“老师真有责任心”“老师的哭泣与无力是因为爱，哭过后的自愈与力量也是因为爱。”还有不少家长表示太懂老师的无奈，“家长教一个孩子都会崩溃，老师得教一个班呢”。其实，老师从来都不是超人，他们也会疲惫、也会委屈、也会有绷不住的时候。但比起自己的情绪，他们更在意的永远是孩子们的成长。（来源：蛇口消息报、网友评论）#深圳一小学老师批改作业时崩溃大哭#  突然崩溃！深圳一老师批改作业大哭，网友共鸣：天天缝补心脏！,1776552288,2026-04-18 22:44:48+08:00,1,0,0,1776524160595,https://m.weibo.cn/detail/5289185222855654,,1644489953,南方都市报,m,https://m.weibo.cn/u/1644489953?luicode=20000061&lfid=5289185222855654&launchid=10000360-page_H5,"https://tvax4.sinaimg.cn/crop.0.0.1000.1000.180/001Ni6Xvly1h8vgiavt1jj60rs0rsmza02.jpg?KID=imgbed,tva&Expires=1776534927&ssig=uK731vZDAh",深圳一小学老师批改作业时崩溃大哭,search_contents_2026-04-18.csv,search_post,,突然崩溃深圳一老师批改作业大哭网友共鸣天天缝补心脏最新回应近日一段深圳老师批改作业时崩溃大哭的视频刷屏网络记者联系到了这位道新学校四年级的数学老师韦丹兰她坦言不怪孩子学得慢只是自己心里太着急据了解近日韦老师正在教学生们小数乘法班上大部分同学都能顺利掌握但有几位同学进度稍慢韦老师一直耐心地进行单独辅导反复讲解可作业效果始终不尽如人意批改作业时她心里又难受又沮丧回到办公室后一时没绷住忍不住哭了出来我从来都不会怪孩子们学得慢但是心里会很着急韦老师说她特别想把这些最基础的知识教扎实因为这些都是学生今后学习中必须掌握的基础内容韦老师坚定地表示情绪只是一时的但爱没有减少之后还会拉着他们一起往前走那天哭完之后我也很快整理好了心情回到班级他们又是我最可爱的孩子们全网共鸣这份崩溃藏着最真的责任此事在网络上引发热议网友们的留言满是理解与敬意老师真有责任心老师的哭泣与无力是因为爱哭过后的自愈与力量也是因为爱还有不少家长表示太懂老师的无奈家长教一个孩子都会崩溃老师得教一个班呢其实老师从来都不是超人他们也会疲惫也会委屈也会有绷不住的时候但比起自己的情绪他们更在意的永远是孩子们的成长来源蛇口消息报网友评论  突然崩溃深圳一老师批改作业大哭网友共鸣天天缝补心脏,True,False,,0,消极,0.4882786571979522,消极,0.4882786571979522
5289184663443853,【#深圳一小学老师批改作业时崩溃大哭#】近日，深圳一小学数学老师在改作业时崩溃大哭，因为最近在教学生小数乘法，班上的大部分同学都已学会，但是有几位同学没有学懂，就是自己一直单独教、重复教，效果还是不尽如人意，交上来的作业也是让她在批改时觉得特别沮丧，心里很难受，绷不住了，于是回到办公室之后就哭了。 第一现场的微博视频,1776552155,2026-04-18 22:42:35+08:00,1,0,0,1776524160595,https://m.weibo.cn/detail/5289184663443853,浙江,2012536357,金华直播间,m,https://m.weibo.cn/u/2012536357?luicode=20000061&lfid=5289184663443853&launchid=10000360-page_H5,"https://tvax3.sinaimg.cn/crop.0.0.996.996.180/77f4de25ly8gdirrkhwdej20ro0ro0tx.jpg?KID=imgbed,tva&Expires=1776534938&ssig=6celI5tAnR",深圳一小学老师批改作业时崩溃大哭,search_contents_2026-04-18.csv,search_post,,近日深圳一小学数学老师在改作业时崩溃大哭因为最近在教学生小数乘法班上的大部分同学都已学会但是有几位同学没有学懂就是自己一直单独教重复教效果还是不尽如人意交上来的作业也是让她在批改时觉得特别沮丧心里很难受绷不住了于是回到办公室之后就哭了 第一现场的微博视频,True,False,,-1,消极,0.7219982743263245,消极,0.7219982743263245
5289140603322391,#深圳一小学老师批改作业时崩溃大哭#看完这个新闻，我真的是太太太懂她了！这位老师是每个辅导过作业的老母亲的缩影啊😭我家185小时候，我不知崩溃过多少回：低年级时左右不分，数学讲到口干舌燥还是听不懂，语文错别字连篇……一路熬到四年级，才终于等来他人生中第一个100分。你们算算，我前四年到底经历了什么？这可是我亲生的啊！所以，看到这位老师崩溃大哭，我一点都不觉得她矫情。恰恰相反，她一定是个极度认真负责的好老师！只有真正对孩子上心、恨铁不成钢的人，才会积压了这么大的委屈和无力感。向每一位在一线硬抗的园丁致敬，这届家长和老师，真的不容易！深圳一小学老师批改作业时崩溃大哭 #姜贞羽淘汰#,1776541649,2026-04-18 19:47:29+08:00,68,105,0,1776524160597,https://m.weibo.cn/detail/5289140603322391,江苏,2176432863,小小美粥粥,f,https://m.weibo.cn/u/2176432863?luicode=20000061&lfid=5289140603322391&launchid=10000360-page_H5,"https://tvax3.sinaimg.cn/crop.0.0.512.512.180/81b9badfly8g2ijusliv5j20e80e8wf6.jpg?KID=imgbed,tva&Expires=1776534948&ssig=uJ0%2FS4fI9x",深圳一小学老师批改作业时崩溃大哭,search_contents_2026-04-18.csv,search_post,,看完这个新闻我真的是太太太懂她了这位老师是每个辅导过作业的老母亲的缩影啊我家185小时候我不知崩溃过多少回低年级时左右不分数学讲到口干舌燥还是听不懂语文错别字连篇一路熬到四年级才终于等来他人生中第一个100分你们算算我前四年到底经历了什么这可是我亲生的啊所以看到这位老师崩溃大哭我一点都不觉得她矫情恰恰相反她一定是个极度认真负责的好老师只有真正对孩子上心恨铁不成钢的人才会积压了这么大的委屈和无力感向每一位在一线硬抗的园丁致敬这届家长和老师真的不容易深圳一小学老师批改作业时崩溃大哭 ,True,False,这个老师我太难共情了辅导作业真不容易啊 || 讲真每次都能改到怀疑人生 || 教一个孩子都这么难教一堆孩子不崩溃才奇怪,-1,积极,0.6059380173683167,积极,0.6059380173683167
5289049813944392,【#五一航班大面积取消# 究竟为何？】#欧洲东南亚部分机场无油可加# “五一”假期临近，不少人正在规划出游。但不少网友反映，自己提前预订的东南亚航空公司航班被取消，涉及曼谷、普吉岛、万象等热门目的地。民航专家分析，高油价以及航空煤油的难获得性，是东南亚航司取消航班的直接原因。航空公司取消航班算不算违约？能要求赔偿吗？旅客如何尽可能避免损失？看↓↓网页链接 央视新闻的微博视频,1776520004,2026-04-18 13:46:44+08:00,6957,657,601,1776524412653,https://m.weibo.cn/detail/5289049813944392,,2656274875,央视新闻,m,https://m.weibo.cn/u/2656274875?luicode=20000061&lfid=5289049813944392&launchid=10000360-page_H5,"https://tvax4.sinaimg.cn/crop.0.0.690.690.180/002TLsr9ly8iakuy3heb6j60j60j6wex02.jpg?KID=imgbed,tva&Expires=1776535179&ssig=cBLomhqzyH",五一航班大面积取消,search_contents_2026-04-18.csv,search_post,白名单账号, 究竟为何 五一假期临近不少人正在规划出游但不少网友反映自己提前预订的东南亚航空公司航班被取消涉及曼谷普吉岛万象等热门目的地民航专家分析高油价以及航空煤油的难获得性是东南亚航司取消航班的直接原因航空公司取消航班算不算违约能要求赔偿吗旅客如何尽可能避免损失看网页链接 央视新闻的微博视频,True,False,那国内景点人更多了 || 五一假期东南亚及欧洲部分航班因航空煤油价格飙升达每桶150200美元及供应短缺大规模取消涉及曼谷普吉岛等热门目的地航司单方取消属违约旅客可索赔机票差价酒店损失等维权途径包括协商投诉仲裁或诉讼建议出行优先选择大型航司查看全部戳gt微博智搜 || 老实在家祖国那么大够溜达的,2,中性,0.7037145495414734,中性,0.7037145495414734
5289095892566744,#五一航班大面积取消#“不少网友反映，自己提前预订的东南亚航空公司航班被取消，涉及曼谷、普吉岛、万象等热门目的地。”专家分析：部分机场无油可加！无油可加！无油可加！？？？晕！大家五一去哪里玩？ ,1776530990,2026-04-18 16:49:50+08:00,821,83,12,1776524412656,https://m.weibo.cn/detail/5289095892566744,上海,1151243311,琉玄,f,https://m.weibo.cn/u/1151243311?launchid=10000360-page_H5,"https://tva1.sinaimg.cn/crop.54.44.388.388.180/449e942fjw8f8nn7si63ij20dw0dwaad.jpg?KID=imgbed,tva&Expires=1776535179&ssig=Mtl5VinaAD",五一航班大面积取消,search_contents_2026-04-18.csv,search_post,,不少网友反映自己提前预订的东南亚航空公司航班被取消涉及曼谷普吉岛万象等热门目的地专家分析部分机场无油可加无油可加无油可加晕大家五一去哪里玩 ,True,False,特意来跟你说一下海峡又关了 || 真的不可抗力了 || 我就是去泰国上海往返曼谷都被取消了高价买的中转机票,2,中性,0.6121097207069397,中性,0.6121097207069397
5289093647042269,#五一航班大面积取消# 特喵的金毛这狗贼！ 我五一定好了去东南亚带娃的 现在欧洲和东南亚和澳洲都缺航空燃油了。 再不通航国际航空要乱套了。 ,1776530455,2026-04-18 16:40:55+08:00,153,39,4,1776524412657,https://m.weibo.cn/detail/5289093647042269,江苏,1747780592,花叔,m,https://m.weibo.cn/u/1747780592?launchid=10000360-page_H5,"https://tvax1.sinaimg.cn/crop.0.0.1080.1080.180/682d03f0ly8hjkgac44faj20u00u076l.jpg?KID=imgbed,tva&Expires=1776535179&ssig=KU4GeRX1AO",五一航班大面积取消,search_contents_2026-04-18.csv,search_post,, 特喵的金毛这狗贼 我五一定好了去东南亚带娃的 现在欧洲和东南亚和澳洲都缺航空燃油了 再不通航国际航空要乱套了 ,True,False,新能源飞机箭在弦上 || 不是伊朗又管控了吗 || 到哪里的航班大面积取消呢原因是啥,2,消极,0.8515778183937073,消极,0.8515778183937073
5289174266552805,【#专家称五一航班被取消可索赔#】#五一航班被取消能索赔吗#？据看看新闻，买好的五一机票说没就没了？“五一”假期临近，不少旅客提前预定的出境机票突然被取消了！多条赴曼谷、普吉岛等东南亚热门航线被航司单方面取消，不少旅客甚至连改签都没得改。为什么突然飞不了？核心原因还是油价持续暴涨，过去几周，航油从每桶85-90美元飙升至每桶150-200美元，叠加部分东南亚、欧洲航司与机场几近“无油可加”，航班被迫停飞。但航司单方面取消，算不算违约？专家明确指出：算！消费者可要求免费退改，并就机票差价、酒店违约金等合理损失索赔。目前，航油价格已达10年高位，还是提醒大家，近期出行尽量选择抗风险能力强的大型航司；预订酒店时首选“免费取消”的产品，并全程留存好购票和沟通证据，以备不时之需。 #五一航班大面积取消# 看看新闻Knews的微博视频,1776549676,2026-04-18 22:01:16+08:00,51,25,40,1776524412658,https://m.weibo.cn/detail/5289174266552805,,2028810631,新浪新闻,m,https://m.weibo.cn/u/2028810631?luicode=20000061&lfid=5289174266552805&launchid=10000360-page_H5,"https://tvax4.sinaimg.cn/crop.0.0.799.799.180/002diGk7ly8h8vg36oqidj60m70m7mxs02.jpg?KID=imgbed,tva&Expires=1776535190&ssig=sE3Endp3ny",五一航班大面积取消,search_contents_2026-04-18.csv,search_post,,据看看新闻买好的五一机票说没就没了五一假期临近不少旅客提前预定的出境机票突然被取消了多条赴曼谷普吉岛等东南亚热门航线被航司单方面取消不少旅客甚至连改签都没得改为什么突然飞不了核心原因还是油价持续暴涨过去几周航油从每桶8590美元飙升至每桶150200美元叠加部分东南亚欧洲航司与机场几近无油可加航班被迫停飞但航司单方面取消算不算违约专家明确指出算消费者可要求免费退改并就机票差价酒店违约金等合理损失索赔目前航油价格已达10年高位还是提醒大家近期出行尽量选择抗风险能力强的大型航司预订酒店时首选免费取消的产品并全程留存好购票和沟通证据以备不时之需  看看新闻Knews的微博视频,True,False,现在出国旅游安全么 || 油价暴涨东南亚航线为何被取消,2,消极,0.6589181423187256,消极,0.6589181423187256
5289089268200965,#五一航班大面积取消#突然感悟出一个道理，很多人以为放假是为了休息，其实放假是为了给你一点时间，把辛苦赚来的钱花出去。五一花上半年赚的钱，十一花下半年的，过年再把最后两个月挣的全花完。现在航班一取消，计划全打乱，钱花不出去了，大家都不开心了。 ,1776529411,2026-04-18 16:23:31+08:00,1084,95,66,1776524412659,https://m.weibo.cn/detail/5289089268200965,广东,6357016358,科技小六,m,https://m.weibo.cn/u/6357016358?launchid=10000360-page_H5,"https://tvax3.sinaimg.cn/crop.0.0.1080.1080.180/006WdolUly8hzq7oi3p74j30u00u075y.jpg?KID=imgbed,tva&Expires=1776535179&ssig=WJRvXbBd26",五一航班大面积取消,search_contents_2026-04-18.csv,search_post,,突然感悟出一个道理很多人以为放假是为了休息其实放假是为了给你一点时间把辛苦赚来的钱花出去五一花上半年赚的钱十一花下半年的过年再把最后两个月挣的全花完现在航班一取消计划全打乱钱花不出去了大家都不开心了 ,True,False,51出去都是看看人头情绪价值太低了 || 假期本应是放松和享受的但现实往往让人措手不及 || 五一高速堵车景点人多,2,消极,0.8113632798194885,消极,0.8113632798194885
5289085661087794,#五一航班大面积取消#不少网友反映，自己提前预订的东南亚航空公司航班被取消，涉及曼谷、普吉岛、万象等热门目的地。民航专家分析，高油价以及航空煤油的难获得性，是东南亚航司取消航班的直接原因。烧不起油了？霍尔木兹海峡简直是拿捏住了特朗普。 ,1776528551,2026-04-18 16:09:11+08:00,134,6,0,1776524412659,https://m.weibo.cn/detail/5289085661087794,福建,3612749480,山人I,m,https://m.weibo.cn/u/3612749480?launchid=10000360-page_H5,"https://tvax4.sinaimg.cn/crop.0.0.534.534.180/d7562ea8ly8i5slgnw4psj20eu0eujs1.jpg?KID=imgbed,tva&Expires=1776535179&ssig=WboHav6bDM",五一航班大面积取消,search_contents_2026-04-18.csv,search_post,,不少网友反映自己提前预订的东南亚航空公司航班被取消涉及曼谷普吉岛万象等热门目的地民航专家分析高油价以及航空煤油的难获得性是东南亚航司取消航班的直接原因烧不起油了霍尔木兹海峡简直是拿捏住了特朗普 ,True,False,国内游火起来了 || 飞机回来在那边加油特别贵,2,消极,0.7785217761993408,消极,0.7785217761993408
5289085553606867,#五一航班大面积取消#不是天气，不是故障，是航线真飞不了了全球化脆起来比想象中快以后订票不光看价格，还得看世界格局出个门，还得研究下国际局势你五一的航班被取消了吗？ ,1776528524,2026-04-18 16:08:44+08:00,165,32,3,1776524412661,https://m.weibo.cn/detail/5289085553606867,辽宁,1554226303,高彦Will,m,https://m.weibo.cn/u/1554226303?launchid=10000360-page_H5,"https://tvax4.sinaimg.cn/crop.0.0.1080.1080.180/5ca39c7fly8hodvelzpxcj20u00u041h.jpg?KID=imgbed,tva&Expires=1776535179&ssig=uvI1aA5HZp",五一航班大面积取消,search_contents_2026-04-18.csv,search_post,,不是天气不是故障是航线真飞不了了全球化脆起来比想象中快以后订票不光看价格还得看世界格局出个门还得研究下国际局势你五一的航班被取消了吗 ,True,False,酒店都订好了航班没了 || 不打算坐飞机,2,消极,0.7830755114555359,消极,0.7830755114555359
5289133095520848,五一机票大涨价，中产“飞不起”了。今年可能是机票最贵的一个五一。东南亚的航班说取消就取消。国内的航线也是翻倍涨。北京飞云南等热门旅游城市的往返机票接近5000。#五一航班大面积取消# ,1776539860,2026-04-18 19:17:40+08:00,58,20,1,1776524412662,https://m.weibo.cn/detail/5289133095520848,湖南,5386924056,王玮晨,m,https://m.weibo.cn/u/5386924056?launchid=10000360-page_H5,"https://tvax4.sinaimg.cn/crop.0.0.480.480.180/005SyZ1Sly8i3tl9bvkkkj30dc0dc3yz.jpg?KID=imgbed,tva&Expires=1776535179&ssig=ygZxJwbw3o",五一航班大面积取消,search_contents_2026-04-18.csv,search_post,,五一机票大涨价中产飞不起了今年可能是机票最贵的一个五一东南亚的航班说取消就取消国内的航线也是翻倍涨北京飞云南等热门旅游城市的往返机票接近5000 ,True,False,节假日出去旅游我才是佩服的全是人 || 过年去泰国来回也就2000国内也太高了吧 || 什么都涨 只有工资不涨,2,消极,0.7268418073654175,消极,0.7268418073654175
5289096424722421,#五一航班大面积取消#全球油价暴涨和区域性供油危机影响，导致航空公司运营成本剧增，被迫削减航线，今年五一国内旅游肉眼可见会更挤，我准备五一窝家里睡觉看剧了 ,1776531117,2026-04-18 16:51:57+08:00,77,13,4,1776524412663,https://m.weibo.cn/detail/5289096424722421,安徽,5244183267,麒麟神侯,m,https://m.weibo.cn/u/5244183267?launchid=10000360-page_H5,"https://tvax4.sinaimg.cn/crop.0.0.800.800.180/005IU3D5ly8h6hez6f7y5j30m80m80ua.jpg?KID=imgbed,tva&Expires=1776535179&ssig=nexXrExZOJ",五一航班大面积取消,search_contents_2026-04-18.csv,search_post,,全球油价暴涨和区域性供油危机影响导致航空公司运营成本剧增被迫削减航线今年五一国内旅游肉眼可见会更挤我准备五一窝家里睡觉看剧了 ,True,False,我早就不在小长假人丛众了小长假我一般宅家收拾归置洗洗晒晒犒劳自己的胃旅游才休年假,2,消极,0.7543126344680786,消极,0.7543126344680786
5289070368393310,#五一航班大面积取消# 高油价的副作用来了，万万没想到大面积取消的原因是油价上涨，虽然现在降下来了一点，不过对比之前还是高40%  ,1776524905,2026-04-18 15:08:25+08:00,617,250,105,1776524412663,https://m.weibo.cn/detail/5289070368393310,浙江,6710452173,章佳明,m,https://m.weibo.cn/u/6710452173?launchid=10000360-page_H5,"https://tvax1.sinaimg.cn/crop.0.0.720.720.180/007k8n9zly8hxhhixtxs8j30k00k0js2.jpg?KID=imgbed,tva&Expires=1776535179&ssig=fA%2BQNyCiPM",五一航班大面积取消,search_contents_2026-04-18.csv,search_post,, 高油价的副作用来了万万没想到大面积取消的原因是油价上涨虽然现在降下来了一点不过对比之前还是高40  ,True,False,听说现在92汽油都到89元了还加得起吗 || 好事被窝里睡觉也挺香的出门还要高消费 || 评论区主要围绕高油价导致航班取消展开42网友确认油价暴涨是主因表示震惊和理解35因出行成本高选择宅家休息18转向高铁或国内游另有12担忧物价连锁上涨整体氛围无奈许多网友调侃宅家更省心继续提问戳gt微博智搜,2,消极,0.7131310701370239,消极,0.7131310701370239
5289130915267306,我要是姜贞羽，也是真没招了！在《无限超越班4》刚进入状态就结束…感觉有点太似曾相识了，看到她被淘汰那一刻，脑子里又想起她当年在选秀里无奈退赛的画面，ber咱也不是没有能力啊#姜贞羽淘汰##无限超越班# ,1776539340,2026-04-18 19:09:00+08:00,1704,146,168,1776524648623,https://m.weibo.cn/detail/5289130915267306,河南,6285541803,综艺妙姐,f,https://m.weibo.cn/u/6285541803?launchid=10000360-page_H5,"https://tvax4.sinaimg.cn/crop.0.0.1080.1080.180/006Rnuyvly8hhgfc4taiuj30u00u0tb4.jpg?KID=imgbed,tva&Expires=1776535425&ssig=YV3%2B7%2FmXlO",姜贞羽淘汰,search_contents_2026-04-18.csv,search_post,,我要是姜贞羽也是真没招了在无限超越班4刚进入状态就结束感觉有点太似曾相识了看到她被淘汰那一刻脑子里又想起她当年在选秀里无奈退赛的画面ber咱也不是没有能力啊 ,True,False,明明有能力啊怎么总这么遗憾 || 有实力有颜值就是不适合竞技赛道好好拍戏比什么都强 || 姜老师下次咱们玩个猜谜游戏吧看谁能猜中你心里的小秘密,0,消极,0.8384755849838257,消极,0.8384755849838257
5289144590795406,#姜贞羽淘汰#我觉得她运气真的差了一点啊，表现得很好啊而且人也很漂亮，为什么会淘汰她啊？ ,1776542601,2026-04-18 20:03:21+08:00,443,67,3,1776524648632,https://m.weibo.cn/detail/5289144590795406,辽宁,5890288408,每天起床就说草,f,https://m.weibo.cn/u/5890288408?launchid=10000360-page_H5,"https://tvax4.sinaimg.cn/crop.0.0.828.828.180/006qD35Kly8gqp1o84t0zj30n00n00to.jpg?KID=imgbed,tva&Expires=1776535425&ssig=zzse14Lrx%2F",姜贞羽淘汰,search_contents_2026-04-18.csv,search_post,,我觉得她运气真的差了一点啊表现得很好啊而且人也很漂亮为什么会淘汰她啊 ,True,False,你们觉得姜贞羽应该被淘汰吗 || 你们觉得淘汰姜贞羽是黑幕吗 || 运气是很重要的一部分有时候火与不火之间就差那么一点运气,0,积极,0.5098699331283569,积极,0.5098699331283569
5289149714401274,#姜贞羽淘汰#当初她如果不受伤的话 早就在创造营出道了吧  总是差了点运气 才没有在耍赖的微博视频 ,1776543822,2026-04-18 20:23:42+08:00,266,36,8,1776524648634,https://m.weibo.cn/detail/5289149714401274,河南,7008571957,才没有在耍赖,f,https://m.weibo.cn/u/7008571957?launchid=10000360-page_H5,"https://tvax3.sinaimg.cn/crop.0.0.1080.1080.180/007EjfJbly8ic9tlccm3qj30u00u0mz6.jpg?KID=imgbed,tva&Expires=1776535425&ssig=EDj1f7SOfQ",姜贞羽淘汰,search_contents_2026-04-18.csv,search_post,,当初她如果不受伤的话 早就在创造营出道了吧  总是差了点运气 才没有在耍赖的微博视频 ,True,False,你们感觉她遗憾吗 || 感觉运气差了一点 || 希望越来越好,0,消极,0.7593441605567932,消极,0.7593441605567932
5289145207357565,#姜贞羽淘汰#姜贞羽淘汰了姜贞羽记得是创造营2020参加过吧！舞蹈《时候》真的太惊艳了 娱蝼蚁的微博视频 ,1776542747,2026-04-18 20:05:47+08:00,117,27,3,1776524648637,https://m.weibo.cn/detail/5289145207357565,河南,7713206654,娱蝼蚁,m,https://m.weibo.cn/u/7713206654?launchid=10000360-page_H5,"https://tvax2.sinaimg.cn/crop.0.0.1080.1080.180/008pZPoWly8i68tbhkg23j30u00u0gob.jpg?KID=imgbed,tva&Expires=1776535425&ssig=i1UhueNy5X",姜贞羽淘汰,search_contents_2026-04-18.csv,search_post,,姜贞羽淘汰了姜贞羽记得是创造营2020参加过吧舞蹈时候真的太惊艳了 娱蝼蚁的微博视频 ,True,False,姜老师舞台王者但人生更需要坚韧 || 这段舞蹈太惊艳了 || 这个舞台很好看呀,0,积极,0.8924140334129333,积极,0.8924140334129333
5289147289831637,#姜贞羽淘汰#好可惜啊，之前看大奉打更人她演技还是挺好，可能不适合竞技类的吧。 CCS滋滋的微博视频 ,1776543244,2026-04-18 20:14:04+08:00,110,13,3,1776524648638,https://m.weibo.cn/detail/5289147289831637,湖北,6569466125,CCS滋滋,f,https://m.weibo.cn/u/6569466125?launchid=10000360-page_H5,"https://tvax4.sinaimg.cn/crop.0.0.540.540.180/007aAOf3ly8i3ex45l0daj30f00f0dg8.jpg?KID=imgbed,tva&Expires=1776535425&ssig=35B2moSv83",姜贞羽淘汰,search_contents_2026-04-18.csv,search_post,,好可惜啊之前看大奉打更人她演技还是挺好可能不适合竞技类的吧 CCS滋滋的微博视频 ,True,False,有颜值有演技的美女但总是差了点运气之前在创3也是 || 这个花魁是她演的啊当时觉得好惊艳 || 太遗憾了他为什么不能幸运一点呢,0,消极,0.7266548275947571,消极,0.7266548275947571
5289189962683033,#姜贞羽淘汰#我那么好的姜姜，运气怎么总是差一点点，愿好运长相伴，未来可期⛽️⛽️⛽️ ,1776553418,2026-04-18 23:03:38+08:00,0,0,0,1776524648640,https://m.weibo.cn/detail/5289189962683033,浙江,5353641254,迎秋序_Rudeneja,f,https://m.weibo.cn/u/5353641254?launchid=10000360-page_H5,"https://tvax2.sinaimg.cn/crop.0.0.1080.1080.180/005QjkEuly8ibqib1yel1j30u00u0mzz.jpg?KID=imgbed,tva&Expires=1776535425&ssig=WplIyEdf%2BN",姜贞羽淘汰,search_contents_2026-04-18.csv,search_post,,我那么好的姜姜运气怎么总是差一点点愿好运长相伴未来可期 ,True,False,,0,积极,0.9564329981803894,积极,0.9564329981803894
5289189832917792,#姜贞羽淘汰#我总记不起在哪看到过她 这个姐姐超级漂亮！相信你未来会越来越好 幸运降临 ,1776553387,2026-04-18 23:03:07+08:00,0,0,0,1776524648641,https://m.weibo.cn/detail/5289189832917792,山西,7925111880,他说他是把妹王_,m,https://m.weibo.cn/u/7925111880?launchid=10000360-page_H5,"https://tvax2.sinaimg.cn/crop.0.0.1080.1080.180/008EkXDaly8ic7t8sdox5j30u00u0ta4.jpg?KID=imgbed,tva&Expires=1776535425&ssig=ttM0dnrA7y",姜贞羽淘汰,search_contents_2026-04-18.csv,search_post,,我总记不起在哪看到过她 这个姐姐超级漂亮相信你未来会越来越好 幸运降临 ,True,False,,0,积极,0.9843512773513794,积极,0.9843512773513794
5289189461727814,#姜贞羽淘汰#网友呼吁“用作品重启人生”，期待她以“飞蛾扑火”的坚韧精神在演员路上逆袭。 姜贞羽淘汰 ,1776553299,2026-04-18 23:01:39+08:00,0,0,0,1776524648642,https://m.weibo.cn/detail/5289189461727814,河北,7493082698,发鸦的哄_,f,https://m.weibo.cn/u/7493082698?launchid=10000360-page_H5,"https://tvax3.sinaimg.cn/crop.0.0.1080.1080.180/008b6d6yly8icbbzcxfbhj30u00u0wgl.jpg?KID=imgbed,tva&Expires=1776535425&ssig=%2FiLJ7%2BOFfg",姜贞羽淘汰,search_contents_2026-04-18.csv,search_post,,网友呼吁用作品重启人生期待她以飞蛾扑火的坚韧精神在演员路上逆袭 姜贞羽淘汰 ,True,False,,0,积极,0.9814505577087402,积极,0.9814505577087402
5289189180440855,#姜贞羽淘汰#虽然没看节目 但是好美呀 ,1776553231,2026-04-18 23:00:31+08:00,0,1,0,1776524648643,https://m.weibo.cn/detail/5289189180440855,云南,5514924635,溜枳之,f,https://m.weibo.cn/u/5514924635?launchid=10000360-page_H5,"https://tvax2.sinaimg.cn/crop.0.0.1080.1080.180/0061e3Plly8icb293zptbj30u00u0tai.jpg?KID=imgbed,tva&Expires=1776535425&ssig=1%2FLuj7s4gt",姜贞羽淘汰,search_contents_2026-04-18.csv,search_post,,虽然没看节目 但是好美呀 ,True,False,姐姐的颜我可以刷一万遍,0,积极,0.9723547101020812,积极,0.9723547101020812
5289188984360610,#姜贞羽淘汰#她还是科班生啊，而且我觉得她演技又不差，一开始不明白几个评委为什么因为她跳古典舞就贬低她 ,1776553185,2026-04-18 22:59:45+08:00,1,1,0,1776524648644,https://m.weibo.cn/detail/5289188984360610,广东,6354913943,锦鲤脱非变欧,f,https://m.weibo.cn/u/6354913943?launchid=10000360-page_H5,"https://tvax1.sinaimg.cn/crop.0.0.1080.1080.180/006W4zpZly8hytj9moofwj30u00u0q5f.jpg?KID=imgbed,tva&Expires=1776535425&ssig=M0AtZZzOW6",姜贞羽淘汰,search_contents_2026-04-18.csv,search_post,,她还是科班生啊而且我觉得她演技又不差一开始不明白几个评委为什么因为她跳古典舞就贬低她 ,True,False,心疼姐姐但健康最重要期待月鳞绮纪的新角色姐姐加油,0,消极,0.4817675650119781,消极,0.4817675650119781
5288951230235004,给内耗人的一句终极解药！ ,1776496500,2026-04-18 07:15:00+08:00,5398,109,2234,1776524882765,https://m.weibo.cn/detail/5288951230235004,广东,1742566624,思想聚焦,f,https://m.weibo.cn/u/1742566624?launchid=10000360-page_H5,"https://tvax1.sinaimg.cn/crop.0.0.1080.1080.180/001TVDbily8ia4lzunkwwj60u00u0jv302.jpg?KID=imgbed,tva&Expires=1776535670&ssig=Lbrzv2D6OU",内耗人的终极解药,search_contents_2026-04-18.csv,search_post,,给内耗人的一句终极解药 ,True,False,我喜欢这句 || 不怕失去就不会内耗凡事都要学会乐观面对失恋了对我来说也很好啊说明了我再也不用还情债了无债一身轻的感觉也是很爽的 || 评论区围绕应对内耗呈现三重维度45的评论将困境视为命运安排的成长契机强调quot熬过去就是变强quot30主张理性复盘指出低谷是对过往透支的quot集中结算quot需停止内耗重新排序能量15用幽默消解焦虑如quot死亡率100quot的宏观视角让人释怀得查看全部戳gt微博智搜,0,消极,0.6055251955986023,消极,0.6055251955986023
5289080763187310,内耗人的终极解药就是不预设，不预支明天的烦恼，不担忧尚未发生之事，只专注于当下，用一颗平和的心去感受每一个瞬间，就像放下沉重的行囊，每一步都将走得更加轻盈#内耗人的终极解药# ,1776527382,2026-04-18 15:49:42+08:00,279,75,99,1776524882768,https://m.weibo.cn/detail/5289080763187310,天津,3387074344,娮可,f,https://m.weibo.cn/u/3387074344?launchid=10000360-page_H5,"https://tvax4.sinaimg.cn/crop.0.0.1024.1024.180/c9e2a728ly8hz8rh2etcyj20sg0sgace.jpg?KID=imgbed,tva&Expires=1776535670&ssig=GHd0XBcQ7g",内耗人的终极解药,search_contents_2026-04-18.csv,search_post,,内耗人的终极解药就是不预设不预支明天的烦恼不担忧尚未发生之事只专注于当下用一颗平和的心去感受每一个瞬间就像放下沉重的行囊每一步都将走得更加轻盈 ,True,False,内耗真的是很很累 || 对别想想也没有用不如不想 || 可可周末快乐呀,0,积极,0.935252010822296,积极,0.935252010822296
5289063121684104,别讨好那些无视你的人，别理会那些让你不舒服的人，别纠缠那些吵不出结果的事。遵从自己的内心，远离让你心烦的东西。这就是#内耗人的终极解药# ,1776523177,2026-04-18 14:39:37+08:00,126,43,11,1776524882769,https://m.weibo.cn/detail/5289063121684104,广东,3834975876,Grace爱888,f,https://m.weibo.cn/u/3834975876?launchid=10000360-page_H5,"https://tvax1.sinaimg.cn/crop.0.0.323.323.180/e4951684ly8i4gddx0kw2j208z08zaa8.jpg?KID=imgbed,tva&Expires=1776535670&ssig=8ViYJBk34d",内耗人的终极解药,search_contents_2026-04-18.csv,search_post,,别讨好那些无视你的人别理会那些让你不舒服的人别纠缠那些吵不出结果的事遵从自己的内心远离让你心烦的东西这就是 ,True,False,快半夜啦好好休息哈 || 远离垃圾人垃圾环境可是又得赚钱咋办呢 || 回到大广东啦,0,消极,0.6876499652862549,消极,0.6876499652862549
5289094554848494,#内耗人的终极解药#试试这几句斩钉截铁的话，把情绪的主动权拿回来：✅ 谁买单，谁决定✅ 我需要你的认可吗？✅ 制心一处，无事不办✅ 不理不认可你的人，就是最好的解脱停止内耗，从默念这几句开始：你的人生你做主，不必向不买单的人交代，不必求不认可你的人认同。 ,1776530671,2026-04-18 16:44:31+08:00,77,14,15,1776524882770,https://m.weibo.cn/detail/5289094554848494,河南,2388066945,熙未,f,https://m.weibo.cn/u/2388066945?launchid=10000360-page_H5,"https://tvax3.sinaimg.cn/crop.0.0.1024.1024.180/8e570281ly8hw6kebsr9pj20sg0sgq5y.jpg?KID=imgbed,tva&Expires=1776535670&ssig=5ZcokpyaGA",内耗人的终极解药,search_contents_2026-04-18.csv,search_post,,试试这几句斩钉截铁的话把情绪的主动权拿回来 谁买单谁决定 我需要你的认可吗 制心一处无事不办 不理不认可你的人就是最好的解脱停止内耗从默念这几句开始你的人生你做主不必向不买单的人交代不必求不认可你的人认同 ,True,False,开心快乐最重要 || 多在意自己少理会别人 || 第一句是至理名言,0,消极,0.4075838923454284,消极,0.4075838923454284
5289137931290726,【#内耗的人要学习不值得定律#】#内耗人的终极解药#有时，我们不能把一项任务做好，除了能力、态度，还在于价值判断——我们认为它“不值得”。心理学上有种效应叫“不值得定律”，指当我们觉得一件事没意义，不值得做，就不会全力以赴，即使做成了，也没有多大的成就感。“值得”的事一般有3个标准：①符合自身价值观。②和性格契合。③与所处环境相符。对个人来说，一件事是否该做，应该问自己：“我看重什么”“我喜欢什么”“我适合什么”，以此为指导，创造条件，尽量多地去做“值得”的事。这样你的工作效率会更高，生活整体的满意度更高，获得的价值感、成就感也更多。反之，如果总是在做自认为没有意义、不值得做的事，则会耗费精力，让自己失去热情和动力。,1776541013,2026-04-18 19:36:53+08:00,39,4,25,1776524882770,https://m.weibo.cn/detail/5289137931290726,,1774057271,生命时报,f,https://m.weibo.cn/u/1774057271?luicode=20000061&lfid=5289137931290726&launchid=10000360-page_H5,"https://tvax3.sinaimg.cn/crop.0.0.512.512.180/001W3LkXly8h8w4pp4azmj60e80e8q3b02.jpg?KID=imgbed,tva&Expires=1776535670&ssig=gAqZlxz6PN",内耗人的终极解药,search_contents_2026-04-18.csv,search_post,,有时我们不能把一项任务做好除了能力态度还在于价值判断我们认为它不值得心理学上有种效应叫不值得定律指当我们觉得一件事没意义不值得做就不会全力以赴即使做成了也没有多大的成就感值得的事一般有3个标准①符合自身价值观②和性格契合③与所处环境相符对个人来说一件事是否该做应该问自己我看重什么我喜欢什么我适合什么以此为指导创造条件尽量多地去做值得的事这样你的工作效率会更高生活整体的满意度更高获得的价值感成就感也更多反之如果总是在做自认为没有意义不值得做的事则会耗费精力让自己失去热情和动力,True,False,不全力以赴是潜意识里的自我保护机制还是一种消极的抵抗行为,0,中性,0.5859300494194031,中性,0.5859300494194031
5289169282665548,放下执念，放下所有吧#内耗人的终极解药# 封起De日子的微博视频 ,1776548488,2026-04-18 21:41:28+08:00,80,14,4,1776524882771,https://m.weibo.cn/detail/5289169282665548,海南,1245296155,封起De日子,m,https://m.weibo.cn/u/1245296155?launchid=10000360-page_H5,"https://tva1.sinaimg.cn/crop.0.0.180.180.180/4a39b61bjw1e8qgp5bmzyj2050050aa8.jpg?KID=imgbed,tva&Expires=1776535670&ssig=MWKt6UG0W8",内耗人的终极解药,search_contents_2026-04-18.csv,search_post,,放下执念放下所有吧 封起De日子的微博视频 ,True,False,欢迎哥来甘肃嘉峪关,0,中性,0.6258978843688965,中性,0.6258978843688965
5289150171580544,#内耗人的终极解药#4月下半月最被财神眷顾的星座金牛座，天蝎座，双鱼座，天秤座，狮子座点赞转发  接财神 ,1776543931,2026-04-18 20:25:31+08:00,75,6,16,1776524882772,https://m.weibo.cn/detail/5289150171580544,山东,1756611677,星座小容女,f,https://m.weibo.cn/u/1756611677?launchid=10000360-page_H5,"https://tva4.sinaimg.cn/crop.0.25.1242.1242.180/68b3c45djw8fapjmbfclkj20yi0zxjtq.jpg?KID=imgbed,tva&Expires=1776535670&ssig=fNCgGIQCG0",内耗人的终极解药,search_contents_2026-04-18.csv,search_post,,4月下半月最被财神眷顾的星座金牛座天蝎座双鱼座天秤座狮子座转发  接财神 ,True,False,天蝎接一笔巨款,0,积极,0.6345023512840271,积极,0.6345023512840271
5289187590801311,#内耗人的终极解药#知道这样想不行但还是忍不住去想就会内耗自己大家好好爱自己啊 ,1776552853,2026-04-18 22:54:13+08:00,0,0,0,1776524882772,https://m.weibo.cn/detail/5289187590801311,山东,6767862697,十七见月,m,https://m.weibo.cn/u/6767862697?launchid=10000360-page_H5,"https://tvax4.sinaimg.cn/crop.0.0.1080.1080.180/007o1gfLly8ibsaj7y544j30u00u0q5e.jpg?KID=imgbed,tva&Expires=1776535670&ssig=5d%2BrIalO7X",内耗人的终极解药,search_contents_2026-04-18.csv,search_post,,知道这样想不行但还是忍不住去想就会内耗自己大家好好爱自己啊 ,True,False,,0,消极,0.7094683647155762,消极,0.7094683647155762
5289187550953790,#内耗人的终极解药#每句话都有好好的在帮助内耗人 ,1776552842,2026-04-18 22:54:02+08:00,0,0,0,1776524882773,https://m.weibo.cn/detail/5289187550953790,江西,7723118639,谭松韵别对我冷冰冰_等翻牌版,f,https://m.weibo.cn/u/7723118639?launchid=10000360-page_H5,"https://tvax1.sinaimg.cn/crop.0.0.1080.1080.180/008qFpXFgy1ibz3szvw7qj30u00u0ad0.jpg?KID=imgbed,tva&Expires=1776535670&ssig=AY3P9JGEf2",内耗人的终极解药,search_contents_2026-04-18.csv,search_post,,每句话都有好好的在帮助内耗人 ,True,False,,0,积极,0.902008056640625,积极,0.902008056640625
5289187333114828,#内耗人的终极解药#停止胡思乱想，不必焦虑未发生的事，珍惜当下，享受生活。 ,1776552791,2026-04-18 22:53:11+08:00,0,0,0,1776524882774,https://m.weibo.cn/detail/5289187333114828,山东,6385857931,柒蕾辉,m,https://m.weibo.cn/u/6385857931?launchid=10000360-page_H5,"https://tvax1.sinaimg.cn/crop.0.0.500.500.180/006Yapmzly8ibyoemf3wnj30dw0dw0u1.jpg?KID=imgbed,tva&Expires=1776535670&ssig=5gIE4c4WSf",内耗人的终极解药,search_contents_2026-04-18.csv,search_post,,停止胡思乱想不必焦虑未发生的事珍惜当下享受生活 ,True,False,,0,积极,0.6654948592185974,积极,0.6654948592185974
5289086751605345,#伊朗恢复对霍尔木兹海峡的控制#【伊朗军方发言人：因美国“违背承诺”，伊方已恢复对霍尔木兹海峡的控制】据伊朗媒体18日报道，伊朗军方发言人称，因美国“屡次违背承诺”，伊朗对霍尔木兹海峡的控制已恢复到以前的状态，这一海峡目前处于伊朗武装部队的严格管理和控制之下。　　发言人说，谈判后，伊朗本着诚意同意有限数量的油轮和商船以有序方式通过霍尔木兹海峡。然而美国“屡次违背承诺，以所谓封锁为幌子，继续行海上劫掠之事”。　　“因此，（伊朗对）霍尔木兹海峡的控制已恢复到先前状态，这一战略要道目前处于伊朗武装部队的严格管控之下。”发言人说，除非美国允许伊朗船只完全自由通行，否则伊朗将继续严格管控霍尔木兹海峡。,1776528811,2026-04-18 16:13:31+08:00,2320,351,218,1776525199396,https://m.weibo.cn/detail/5289086751605345,,1699432410,新华社,m,https://m.weibo.cn/u/1699432410?luicode=20000061&lfid=5289086751605345&launchid=10000360-page_H5,"https://tvax2.sinaimg.cn/crop.58.61.875.875.180/001R0E0aly8h8vg6xx3srj60rs0rsdko02.jpg?KID=imgbed,tva&Expires=1776535904&ssig=kK7e%2F7uJbE",伊朗恢复对霍尔木兹海峡的控制,search_contents_2026-04-18.csv,search_post,,伊朗军方发言人因美国违背承诺伊方已恢复对霍尔木兹海峡的控制据伊朗媒体18日报道伊朗军方发言人称因美国屡次违背承诺伊朗对霍尔木兹海峡的控制已恢复到以前的状态这一海峡目前处于伊朗武装部队的严格管理和控制之下　　发言人说谈判后伊朗本着诚意同意有限数量的油轮和商船以有序方式通过霍尔木兹海峡然而美国屡次违背承诺以所谓封锁为幌子继续行海上劫掠之事　　因此伊朗对霍尔木兹海峡的控制已恢复到先前状态这一战略要道目前处于伊朗武装部队的严格管控之下发言人说除非美国允许伊朗船只完全自由通行否则伊朗将继续严格管控霍尔木兹海峡,True,False,伊朗军方发言人表示由于美国屡次违背承诺伊朗已恢复对霍尔木兹海峡的全面控制目前该海峡处于伊朗武装部队的严格管理和控制之下此消息由伊朗媒体于4月18日报道继续提问戳gt微博智搜 || 下周一懂王开盘前宣布与伊朗达成大交易收盘后就宣布可能马上要摧毁伊朗文明,3,中性,0.8324246406555176,中性,0.8324246406555176
5289178583532460,#伊朗恢复对霍尔木兹海峡的控制#都是为了控制国际金融市场吗？ ,1776550705,2026-04-18 22:18:25+08:00,915,48,4,1776525199399,https://m.weibo.cn/detail/5289178583532460,广西,1216826604,wu2198,f,https://m.weibo.cn/u/1216826604?launchid=10000360-page_H5,"https://tvax3.sinaimg.cn/crop.0.0.1080.1080.180/48874cecly8gdj804hwz5j20u00u0djj.jpg?KID=imgbed,tva&Expires=1776535904&ssig=t%2Fa2YVHUTw",伊朗恢复对霍尔木兹海峡的控制,search_contents_2026-04-18.csv,search_post,,都是为了控制国际金融市场吗 ,True,False,这是打乱特朗普的炒股计划了伊朗人画的k线也未尝不锋利 || 原油甲醇又要上去了,3,中性,0.7134465575218201,中性,0.7134465575218201
5289089479742309,伊朗议长，就是近期美伊谈判伊朗代表团团长，发帖文说特朗普一小时内提出了七项主张，全是虚假的，并明确说，只要美国的封锁在，海峡就不会开放。最新，伊朗军方也明确表示，因美国“屡次违背承诺”，对霍尔木兹海峡的控制权已恢复到以前的状态，这一海峡目前处于伊朗武装部队的严格管理和控制之下。 与此同时，伊朗民用空域逐步开放。,1776529461,2026-04-18 16:24:21+08:00,235,31,19,1776525199402,https://m.weibo.cn/detail/5289089479742309,中国香港,1663010745,秦枫,f,https://m.weibo.cn/u/1663010745?luicode=20000061&lfid=5289089479742309&launchid=10000360-page_H5,"https://tvax4.sinaimg.cn/crop.0.0.1080.1080.180/001OxP3Xly8gleinrhp39j60u00u0tck02.jpg?KID=imgbed,tva&Expires=1776535915&ssig=6jekB8LrGz",伊朗恢复对霍尔木兹海峡的控制,search_contents_2026-04-18.csv,search_post,,伊朗议长就是近期美伊谈判伊朗代表团团长发帖文说特朗普一小时内提出了七项主张全是虚假的并明确说只要美国的封锁在海峡就不会开放最新伊朗军方也明确表示因美国屡次违背承诺对霍尔木兹海峡的控制权已恢复到以前的状态这一海峡目前处于伊朗武装部队的严格管理和控制之下 与此同时伊朗民用空域逐步开放,True,False,相比伊朗嘴炮更相信川普牛逼大嘴些 || 不挺好吗美股创新高 || 朗子内部也还在斗 效率太低了吧,3,中性,0.6459910273551941,中性,0.6459910273551941
5289106738775297,🔻伊朗军方发言人：因美国“违背承诺”，伊方已恢复对霍尔木兹海峡的控制。#伊朗恢复对霍尔木兹海峡的控制##五一航班大面积取消##中东现场直击##海外新鲜事# ,1776533576,2026-04-18 17:32:56+08:00,513,56,24,1776525199404,https://m.weibo.cn/detail/5289106738775297,四川,1671109627,包容万物恒河水,f,https://m.weibo.cn/u/1671109627?launchid=10000360-page_H5,"https://tvax4.sinaimg.cn/crop.0.0.512.512.180/639b1bfbly8h0ikpj331kj20e80e8t8w.jpg?KID=imgbed,tva&Expires=1776535904&ssig=OphlQEp599",伊朗恢复对霍尔木兹海峡的控制,search_contents_2026-04-18.csv,search_post,,伊朗军方发言人因美国违背承诺伊方已恢复对霍尔木兹海峡的控制 ,True,False,特朗普我收回那句谢谢 || 挺好你变来变去我也变来变去,3,中性,0.7896223068237305,中性,0.7896223068237305
5289120667795483,#伊朗恢复对霍尔木兹海峡的控制#刚看到海峡解封的消息没两天，转眼又全面封锁，局势变得也太快了！本以为航运能慢慢恢复，油价能稳住，结果美国继续拦截扣押船只，彻底撕毁协议，伊朗只能重新军事管控。 油轮被迫折返，刚松口气的全球供应链又绷紧了。美伊来回拉扯，苦的还是全球贸易和普通民众。本就动荡的局势，再加上伊朗内部意见不统一，后续更是充满变数。只希望别再升级冲突，和平通航才是众望所归。 伊朗恢复对霍尔木兹海峡的控制,1776536896,2026-04-18 18:28:16+08:00,68,55,10,1776525199409,https://m.weibo.cn/detail/5289120667795483,浙江,2977298613,鬼帝如意,m,https://m.weibo.cn/u/2977298613?luicode=20000061&lfid=5289120667795483&launchid=10000360-page_H5,"https://tvax4.sinaimg.cn/crop.0.0.1080.1080.180/b175f8b5ly8i8m2i5cfkmj20u00u0411.jpg?KID=imgbed,tva&Expires=1776535935&ssig=0Mh6kapQwb",伊朗恢复对霍尔木兹海峡的控制,search_contents_2026-04-18.csv,search_post,,刚看到海峡解封的消息没两天转眼又全面封锁局势变得也太快了本以为航运能慢慢恢复油价能稳住结果美国继续拦截扣押船只彻底撕毁协议伊朗只能重新军事管控 油轮被迫折返刚松口气的全球供应链又绷紧了美伊来回拉扯苦的还是全球贸易和普通民众本就动荡的局势再加上伊朗内部意见不统一后续更是充满变数只希望别再升级冲突和平通航才是众望所归 伊朗恢复对霍尔木兹海峡的控制,True,False,美国就是言而无信啊 || 刚以为能松口气转眼又封锁这变脸速度比翻书还快 || 动荡的局势从来没有赢家苦的都是靠贸易过日子的普通人真心希望各方能保持克制通过对话解决分歧守住这条关乎全球能源与民生的重要航道,3,消极,0.810505747795105,消极,0.810505747795105
5289188295445204,#土耳其指责以色列#【#土耳其指责以色列以安全为名攫取土地#】土耳其外交部长费丹18日表示，以色列以安全为借口攫取更多土地，然而，要实现真正的和平应停止对他国动武。法新社报道，费丹在土耳其出席安塔利亚外交论坛时说：“以色列追求的并非自身安全，而是更多土地。内塔尼亚胡政府正以安全借口，占领更多土地。”“以色列在国际上制造了一种假象，声称其是为了自身安全。但事实已经非常清楚，尤其是在最近几年……其目的远不止于此。”费丹说。费丹指出，从巴勒斯坦加沙地带和约旦河西岸地区，到黎巴嫩、叙利亚，以方行为显示出“在该地区持续的占领与扩张主义”，“这种做法必须停止”。“以色列必须明白，要在该地区和平生存……唯一的方式就是让其他国家享有自身的安全、领土完整和自由，而不是对这些国家动用武力。”以色列和土耳其曾是战略伙伴，两国在政治、安全、经济等领域关系密切。后来，两国关系经历起伏。新一轮巴以冲突2023年10月爆发后，土以关系再次恶化。美以伊战事则令土以关系更趋紧张，土耳其总统埃尔多安谴责美以对伊朗的军事行动。（新华社）今视频长天新闻的微博视频 #伊朗恢复对霍尔木兹海峡的控制##五一航班大面积取消##伊朗向试图穿越霍尔木兹海峡油轮开火##若中东冲突持续欧盟经济或接近衰退##北约30国大使集体访日#,1776553021,2026-04-18 22:57:01+08:00,0,0,0,1776525199411,https://m.weibo.cn/detail/5289188295445204,,1288429914,今视频长天新闻,m,https://m.weibo.cn/u/1288429914?luicode=20000061&lfid=5289188295445204&launchid=10000360-page_H5,"https://tvax3.sinaimg.cn/crop.0.0.600.600.180/001pc7tEly8i1trdqpgroj60go0gogm502.jpg?KID=imgbed,tva&Expires=1776535946&ssig=0usgr7JOgJ",伊朗恢复对霍尔木兹海峡的控制,search_contents_2026-04-18.csv,search_post,,土耳其外交部长费丹18日表示以色列以安全为借口攫取更多土地然而要实现真正的和平应停止对他国动武法新社报道费丹在土耳其出席安塔利亚外交论坛时说以色列追求的并非自身安全而是更多土地内塔尼亚胡政府正以安全借口占领更多土地以色列在国际上制造了一种假象声称其是为了自身安全但事实已经非常清楚尤其是在最近几年其目的远不止于此费丹说费丹指出从巴勒斯坦加沙地带和约旦河西岸地区到黎巴嫩叙利亚以方行为显示出在该地区持续的占领与扩张主义这种做法必须停止以色列必须明白要在该地区和平生存唯一的方式就是让其他国家享有自身的安全领土完整和自由而不是对这些国家动用武力以色列和土耳其曾是战略伙伴两国在政治安全经济等领域关系密切后来两国关系经历起伏新一轮巴以冲突2023年10月爆发后土以关系再次恶化美以伊战事则令土以关系更趋紧张土耳其总统埃尔多安谴责美以对伊朗的军事行动新华社今视频长天新闻的微博视频 ,True,False,,3,中性,0.6927897334098816,中性,0.6927897334098816
5289164590811320,【#霍尔木兹海峡关了又开开了又关#】#霍尔木兹海峡还有完没完#？就在伊朗有条件开放霍尔木兹海峡、开放部分空域，中东局势似正趋缓之时，伊朗军方当地时间18日晚些时候突然宣布，由于美国“违背承诺”，伊朗恢复对霍尔木兹海峡的严格管控。一天之内，霍尔木兹海峡“开了”，又“关了”。这一天之内，美国和伊朗始终在“打嘴仗”。美国总统特朗普称，伊方开放霍尔木兹海峡后，美方仍维持针对伊朗的海上封锁，直到双方达成“交易”。伊朗伊斯兰议会议长卡利巴夫则强硬回应，若美国继续封锁伊朗港口，霍尔木兹海峡将无法持续开放。话音刚落，伊朗的强硬又一次应验。近日的美伊停火、黎以停火，看似缓和了局势，却并未真正带来海湾的平静。中东问题延宕数十年，非一日一役可化解。各方博弈，仍有两大变数。变数之一，是霍尔木兹海峡开闭存在不确定性。多位分析人士告诉中新社记者，伊朗此前开放海峡是迫不得已。西南大学伊朗研究中心主任冀开运认为，美国对伊朗港口的全面封锁，致使其石油难以出口兑现，其战争支撑能力面临严重挑战。但伊朗开闭海峡，显然不是纯粹的妥协或强硬，而是对美“试探性”施压。美国如不能解除对伊朗的海上封锁，伊朗随时可以关闭海峡。霍尔木兹海峡的开闭，是伊朗对美国的博弈策略，具有极大的不确定性。西北大学中东研究所副所长闫伟指出，伊朗开闭海峡的关键目的，是倒逼美国解除海上封锁。因此，海峡的开放非常脆弱，并不是双方能在某一问题上真正达成安全安排。事实上，无论海峡开或关，区域船只都未能畅行。船舶追踪显示，17日晚伊方宣布开放海峡后，约20艘船舶试图穿过海峡、驶出波斯湾，但很快止航，大部分掉头折返。丹麦马士基航运公司甚至提醒各路船只继续避而远之。变数之二，是美伊就浓缩铀问题能否达成一致。美伊双方仍在各说各话。特朗普声称，美国将同伊朗一起挖掘，将浓缩铀运回美国。伊朗外交部发言人巴加埃则表示，拒绝将浓缩铀运往国外。可见，美伊在核问题上仍然互不信任。闫伟预计，双方在浓缩铀议题上分歧较大，达成全面协议难度很大，但不排除后续仍有阶段性停火。霍尔木兹海峡的开闭，仍是谈判的重要筹码。未来，美伊之间存在一个“博弈闭环”——伊朗仍有能力控制霍尔木兹海峡，美国仍有能力封锁伊朗的石油贸易。中东拉锯，能否再获转圜？闫伟认为，这取决于美国和伊朗能否通过谈判，就核问题形成最终解决方案，从而达成实质性停火协议。（记者 官逸伦）#伊朗恢复对霍尔木兹海峡的控制# 中国新闻网的微博视频,1776547369,2026-04-18 21:22:49+08:00,82,11,23,1776525199413,https://m.weibo.cn/detail/5289164590811320,,1784473157,中国新闻网,m,https://m.weibo.cn/u/1784473157?luicode=20000061&lfid=5289164590811320&launchid=10000360-page_H5,"https://tvax3.sinaimg.cn/crop.0.0.300.300.180/001WLsZ7ly8h8vgjl2u01j608c08caa302.jpg?KID=imgbed,tva&Expires=1776535956&ssig=UVmeaUY5hK",伊朗恢复对霍尔木兹海峡的控制,search_contents_2026-04-18.csv,search_post,,就在伊朗有条件开放霍尔木兹海峡开放部分空域中东局势似正趋缓之时伊朗军方当地时间18日晚些时候突然宣布由于美国违背承诺伊朗恢复对霍尔木兹海峡的严格管控一天之内霍尔木兹海峡开了又关了这一天之内美国和伊朗始终在打嘴仗美国总统特朗普称伊方开放霍尔木兹海峡后美方仍维持针对伊朗的海上封锁直到双方达成交易伊朗伊斯兰议会议长卡利巴夫则强硬回应若美国继续封锁伊朗港口霍尔木兹海峡将无法持续开放话音刚落伊朗的强硬又一次应验近日的美伊停火黎以停火看似缓和了局势却并未真正带来海湾的平静中东问题延宕数十年非一日一役可化解各方博弈仍有两大变数变数之一是霍尔木兹海峡开闭存在不确定性多位分析人士告诉中新社记者伊朗此前开放海峡是迫不得已西南大学伊朗研究中心主任冀开运认为美国对伊朗港口的全面封锁致使其石油难以出口兑现其战争支撑能力面临严重挑战但伊朗开闭海峡显然不是纯粹的妥协或强硬而是对美试探性施压美国如不能解除对伊朗的海上封锁伊朗随时可以关闭海峡霍尔木兹海峡的开闭是伊朗对美国的博弈策略具有极大的不确定性西北大学中东研究所副所长闫伟指出伊朗开闭海峡的关键目的是倒逼美国解除海上封锁因此海峡的开放非常脆弱并不是双方能在某一问题上真正达成安全安排事实上无论海峡开或关区域船只都未能畅行船舶追踪显示17日晚伊方宣布开放海峡后约20艘船舶试图穿过海峡驶出波斯湾但很快止航大部分掉头折返丹麦马士基航运公司甚至提醒各路船只继续避而远之变数之二是美伊就浓缩铀问题能否达成一致美伊双方仍在各说各话特朗普声称美国将同伊朗一起挖掘将浓缩铀运回美国伊朗外交部发言人巴加埃则表示拒绝将浓缩铀运往国外可见美伊在核问题上仍然互不信任闫伟预计双方在浓缩铀议题上分歧较大达成全面协议难度很大但不排除后续仍有阶段性停火霍尔木兹海峡的开闭仍是谈判的重要筹码未来美伊之间存在一个博弈闭环伊朗仍有能力控制霍尔木兹海峡美国仍有能力封锁伊朗的石油贸易中东拉锯能否再获转圜闫伟认为这取决于美国和伊朗能否通过谈判就核问题形成最终解决方案从而达成实质性停火协议记者 官逸伦 中国新闻网的微博视频,True,False,,3,中性,0.5910927653312683,中性,0.5910927653312683
5289177736023634,#美伊战与和之间中东局势难破困局#【倒计时3天！#美伊面临一念天堂一念地狱#！】4月22日，美伊临时停火协议即将到期，倒计时仅剩3天。两周的短暂休战，黎以达成停火，伊朗一度有条件开放霍尔木兹海峡（18日宣布对其控制权恢复到以前状态）以及部分领空。当然还有特朗普就局势“回暖”连发11条帖文，其兴奋之情由此可见一斑……这片战火纷飞的土地似乎迎来了一丝难得的喘息。但“回暖”的表象旋即被打破。18日凌晨，伊朗伊斯兰议会议长卡利巴夫在社交媒体强硬发声，直指特朗普此前1小时内发布的7项声明“均不属实”，直言“美方靠谎言没能赢得战争，在谈判中也将注定一无所获”。这一尖锐驳斥，瞬间戳破美伊“默契缓和”的假象，让本就脆弱的局势再添变数。事实上，这两周内达成的短暂停火，并非矛盾的终结，不过是多方对抗后的一次集体喘息，是地缘博弈中按下的集体暂停键。莎士比亚笔下“生存还是死亡”的经典独白，此刻正化作一道沉重的选择题，高悬中东上空：战，抑或是和，抑或是陷入无尽的对峙泥潭？（筱弋）详戳↓↓#日本在马关条约签订日闯入台海# 倒计时3天！美伊面临“哈姆雷特之问”，一念天堂一念地狱！,1776550503,2026-04-18 22:15:03+08:00,0,0,0,1776525199416,https://m.weibo.cn/detail/5289177736023634,,6115560351,国是直通车,f,https://m.weibo.cn/u/6115560351?luicode=20000061&lfid=5289177736023634&launchid=10000360-page_H5,"https://tvax2.sinaimg.cn/crop.0.0.377.377.180/006FSgCbly8h8vg9lxgk6j30ah0ahq32.jpg?KID=imgbed,tva&Expires=1776535966&ssig=DDm0XqdI2t",伊朗恢复对霍尔木兹海峡的控制,search_contents_2026-04-18.csv,search_post,,倒计时3天4月22日美伊临时停火协议即将到期倒计时仅剩3天两周的短暂休战黎以达成停火伊朗一度有条件开放霍尔木兹海峡18日宣布对其控制权恢复到以前状态以及部分领空当然还有特朗普就局势回暖连发11条帖文其兴奋之情由此可见一斑这片战火纷飞的土地似乎迎来了一丝难得的喘息但回暖的表象旋即被打破18日凌晨伊朗伊斯兰议会议长卡利巴夫在社交媒体强硬发声直指特朗普此前1小时内发布的7项声明均不属实直言美方靠谎言没能赢得战争在谈判中也将注定一无所获这一尖锐驳斥瞬间戳破美伊默契缓和的假象让本就脆弱的局势再添变数事实上这两周内达成的短暂停火并非矛盾的终结不过是多方对抗后的一次集体喘息是地缘博弈中按下的集体暂停键莎士比亚笔下生存还是死亡的经典独白此刻正化作一道沉重的选择题高悬中东上空战抑或是和抑或是陷入无尽的对峙泥潭筱弋详戳 倒计时3天美伊面临哈姆雷特之问一念天堂一念地狱,True,False,,3,中性,0.5805251598358154,中性,0.5805251598358154
5289111370073384,#美违背承诺伊朗恢复对霍尔木兹控制#刚开的海峡又关了！伊朗宣布：伊方已恢复对霍尔木兹海峡的控制，因美国“背信弃义”，继续打着所谓“封锁”的幌子进行海盗行为和海上劫掠。 ,1776534680,2026-04-18 17:51:20+08:00,69,15,0,1776525199418,https://m.weibo.cn/detail/5289111370073384,广东,1284678357,留得青山等风起,m,https://m.weibo.cn/u/1284678357?launchid=10000360-page_H5,"https://tvax2.sinaimg.cn/crop.0.0.986.986.180/4c92a2d5ly8geos1g864oj20re0rf43v.jpg?KID=imgbed,tva&Expires=1776535904&ssig=prR62VZD9r",伊朗恢复对霍尔木兹海峡的控制,search_contents_2026-04-18.csv,search_post,,刚开的海峡又关了伊朗宣布伊方已恢复对霍尔木兹海峡的控制因美国背信弃义继续打着所谓封锁的幌子进行海盗行为和海上劫掠 ,True,False,矿吃矿吃矿吃 || 川普又做空石油赚麻了,3,消极,0.6726059317588806,消极,0.6726059317588806
5289165056639215,#周深演唱会# 周深今晚时隔六年在广州开唱，也是第一次在广州开体育场演唱会，今晚曲目、造型、舞美、花车方方面面都做了很大的升级，这不就是深深的2.0吗？ ,1776547479,2026-04-18 21:24:39+08:00,1443,89,31,1776525451390,https://m.weibo.cn/detail/5289165056639215,江苏,6134393125,Music_Data,m,https://m.weibo.cn/u/6134393125?launchid=10000360-page_H5,"https://tvax2.sinaimg.cn/crop.0.0.646.646.180/006H9hSBly8hb29s7vvobj30hy0hyt98.jpg?KID=imgbed,tva&Expires=1776536218&ssig=j1IQmD2NvN",周深演唱会,search_contents_2026-04-18.csv,search_post,, 周深今晚时隔六年在广州开唱也是第一次在广州开体育场演唱会今晚曲目造型舞美花车方方面面都做了很大的升级这不就是深深的20吗 ,True,False,评论区围绕周深广州升级版演唱会呈现高度积极反馈约65评论聚焦quot顶级视听盛宴quot普遍以quot夯爆quot盛赞唱功舞美音响的极致呈现20强调制作升级诚意提及编排舞美投入巨大且不断迭代其余15为未到场粉丝表达抢票难的遗憾与对现场氛围的羡查看全部戳gt微博智搜 || 太夯了顶级舞美顶级演唱不愧是顶流歌手周深 || 好听好美到失语,0,积极,0.9410668611526488,积极,0.9410668611526488
5289162999595748,#周深演唱会#小火车驾到统统闪开！ 华迎美的微博视频 ,1776546990,2026-04-18 21:16:30+08:00,1258,38,6,1776525451394,https://m.weibo.cn/detail/5289162999595748,重庆,7745058738,华迎美,f,https://m.weibo.cn/u/7745058738?launchid=10000360-page_H5,"https://tvax3.sinaimg.cn/crop.0.0.500.500.180/008s9tAely8hcxdehpy1sj30dw0dwt9d.jpg?KID=imgbed,tva&Expires=1776536218&ssig=%2BzafZ8dvrz",周深演唱会,search_contents_2026-04-18.csv,search_post,,小火车驾到统统闪开 华迎美的微博视频 ,True,False,舞美全新升级这跟换主题有啥区别宙斯还是舍得花大钱的 || 吉量我亲爱的小马 灵感来源 || 在一个周围交通便利的的场地坐着舒舒服服的听歌多好啊,0,积极,0.9604689478874208,积极,0.9604689478874208
5289152140544148,#周深广州演唱会# 《一生所爱》山顶音效 星岛觅猫的微博视频 ,1776544401,2026-04-18 20:33:21+08:00,1779,109,461,1776525451395,https://m.weibo.cn/detail/5289152140544148,广东,6464413027,星岛觅猫,f,https://m.weibo.cn/u/6464413027?launchid=10000360-page_H5,"https://tvax4.sinaimg.cn/crop.0.0.551.551.180/0073u18fly8i8nlnuskxjj30fb0fbwf6.jpg?KID=imgbed,tva&Expires=1776536218&ssig=bvPGiS30qg",周深演唱会,search_contents_2026-04-18.csv,search_post,, 一生所爱山顶音效 星岛觅猫的微博视频 ,True,False,评论区高度赞扬周深在广州演唱会演唱一生所爱的表现约85的评论聚焦其天籁般的歌声和山顶位置的出色音效形容为仙音和听觉盛宴其余15直接表达激动与喜爱称此曲为演唱会限定惊喜整体氛围热烈凸显粉丝对唱功和现场效果的认可继续提问戳gt微博智搜 || 好美的嗓子 || 妈呀这也太好听了,0,积极,0.8500987887382507,积极,0.8500987887382507
5289138177709449,周深#周深2026深深的巡回演唱会# #周深老肩巨滑#我靠我靠我靠外套滑落一半！！一开始还耍宝，后来直接耍帅@卡布叻_周深 起司司司司的微博视频  ,1776541072,2026-04-18 19:37:52+08:00,3147,147,654,1776525451396,https://m.weibo.cn/detail/5289138177709449,广东,5659306081,起司司司司,f,https://m.weibo.cn/u/5659306081?launchid=10000360-page_H5,"https://tvax1.sinaimg.cn/crop.0.0.1080.1080.180/006aZS2lgy1ibersf9nflj30u00u0tat.jpg?KID=imgbed,tva&Expires=1776536218&ssig=xkgDNr%2BglI",周深演唱会,search_contents_2026-04-18.csv,search_post,,周深 我靠我靠我靠外套滑落一半一开始还耍宝后来直接耍帅 起司司司司的微博视频  ,True,False,评论区围绕周深演唱会外套滑落意外主要呈现三种声音65聚焦搞笑互动如伴舞帮忙拉回外套的逗趣场面20称赞其临场反应可爱与舞台魅力造型获赞15纯粹表达欢乐情绪认为意外增添了表演的趣味性整体氛围轻松意外反而成为粉丝津津乐道的查看全部戳gt微博智搜 || 笑死原来是左边伴舞给他拉上去的,0,消极,0.7024880051612854,消极,0.7024880051612854
5289149256174252,【#周深广州演唱会用粤语跟歌迷打招呼#】2026「深深的」巡回演唱会今明两晚首场落地广东奥体中心体育场，这也是周深第一次来到广州举办体育场演唱会。开场环节，周深与歌迷用粤语一问一答。深深，其实你嘅广东话都讲得几好～（素材来源：月小达，已获授权）#广州一天就端上来了53台演出##这么热闹的日子将成为广州的常态# 广州日报的微博视频,1776543713,2026-04-18 20:21:53+08:00,1587,109,167,1776525451397,https://m.weibo.cn/detail/5289149256174252,,1887790981,广州日报,m,https://m.weibo.cn/u/1887790981?luicode=20000061&lfid=5289149256174252&launchid=10000360-page_H5,"https://tvax2.sinaimg.cn/crop.0.0.600.600.180/0023KYFDly8heah3ih9ktj60go0gomy602.jpg?KID=imgbed,tva&Expires=1776536218&ssig=EKSVxuNudc",周深演唱会,search_contents_2026-04-18.csv,search_post,,2026深深的巡回演唱会今明两晚首场落地广东奥体中心体育场这也是周深第一次来到广州举办体育场演唱会开场环节周深与歌迷用粤语一问一答深深其实你嘅广东话都讲得几好素材来源月小达已获授权 广州日报的微博视频,True,False,啥哈哈哈哈 || 哈哈哈哈哈哈哈哈,0,积极,0.9048702716827391,积极,0.9048702716827391
5289192529593425,#周深现场首唱吉量# 周深广州演唱会，《吉量》现场首唱！继春晚之后，终于能在演唱会听到这首歌的现场版了！明晚继续见！ ,1776554030,2026-04-18 23:13:50+08:00,7,0,0,1776525451397,https://m.weibo.cn/detail/5289192529593425,广东,1742566624,思想聚焦,f,https://m.weibo.cn/u/1742566624?launchid=10000360-page_H5,"https://tvax1.sinaimg.cn/crop.0.0.1080.1080.180/001TVDbily8ia4lzunkwwj60u00u0jv302.jpg?KID=imgbed,tva&Expires=1776536218&ssig=BGwtlavp3n",周深演唱会,search_contents_2026-04-18.csv,search_post,, 周深广州演唱会吉量现场首唱继春晚之后终于能在演唱会听到这首歌的现场版了明晚继续见 ,True,False,现场版太稳了简直就是CD成精 || 现场听更过瘾 || 这神仙嗓音听完感觉耳朵要怀孕了,0,积极,0.9601378440856934,积极,0.9601378440856934
5289193162409387,周深 #周深广州演唱会#   可可丢了今天在南3检票口过安检，把可可编织袋落下了 里面有只可可，脖子上戴着长命锁（如图所示）还有一张彩票和别的东西。 如果是哪位好心米姐捡到的话能不能联系我如果有米19号在南3检票口进场的话，可以帮我问下安保人员吗,1776554181,2026-04-18 23:16:21+08:00,0,1,0,1776525451398,https://m.weibo.cn/detail/5289193162409387,广东,7422696551,爱深de阿琪,f,https://m.weibo.cn/u/7422696551?luicode=20000061&lfid=5289193162409387&launchid=10000360-page_H5,"https://tvax4.sinaimg.cn/crop.0.0.996.996.180/0086kSs7ly8i49ph63ebhj30ro0roq5o.jpg?KID=imgbed,tva&Expires=1776536228&ssig=sA9dQm6pme",周深演唱会,search_contents_2026-04-18.csv,search_post,,周深    可可丢了今天在南3检票口过安检把可可编织袋落下了 里面有只可可脖子上戴着长命锁如图所示还有一张彩票和别的东西 如果是哪位好心米姐捡到的话能不能联系我如果有米19号在南3检票口进场的话可以帮我问下安保人员吗,True,False,,0,中性,0.7953079342842102,中性,0.7953079342842102
5289193152448156,#周深演唱会#周深荣誉 ,1776554179,2026-04-18 23:16:19+08:00,0,0,0,1776525451400,https://m.weibo.cn/detail/5289193152448156,陕西,3168925417,我说深深宝贝你说哎,f,https://m.weibo.cn/u/3168925417?launchid=10000360-page_H5,"https://tvax3.sinaimg.cn/crop.0.0.898.898.180/bce1f6e9ly8ia1qn2t99wj20oy0oyweo.jpg?KID=imgbed,tva&Expires=1776536218&ssig=2AQkMyNQ2N",周深演唱会,search_contents_2026-04-18.csv,search_post,,周深荣誉 ,True,False,,-1,中性,0.4854370057582855,中性,0.4854370057582855
5289187559607447,周深 惬意 自在 细水长流分分钟需要你 分分钟需要爱@卡布叻_周深 20260418 广州DAY1  分分钟需要你 竖屏fo#周深2026深深的巡回演唱会# ForCharlie丨周深图文站的微博视频  ,1776552845,2026-04-18 22:54:05+08:00,2611,243,757,1776525451406,https://m.weibo.cn/detail/5289187559607447,广东,6987697229,ForCharlie丨周深图文站,m,https://m.weibo.cn/u/6987697229?launchid=10000360-page_H5,"https://tvax2.sinaimg.cn/crop.0.0.512.512.180/007CTFg1ly8gowfz34sunj30e80e8q33.jpg?KID=imgbed,tva&Expires=1776536218&ssig=tXdZoJ%2BtB7",周深演唱会,search_contents_2026-04-18.csv,search_post,,周深 惬意 自在 细水长流分分钟需要你 分分钟需要爱 20260418 广州DAY1  分分钟需要你 竖屏fo ForCharlie丨周深图文站的微博视频  ,True,False,评论区情感以甜蜜喜爱为主48表达被表演甜度打动的心动感热烈赞美占32夸赞演出好听造型好看深情告白达15结合歌词传递长久陪伴其他情感5为夸张欢呼整体氛围高度积极粉丝沉浸于甜蜜与赞美中继续提问戳gt微博智搜 || 分分钟需要你 || 分分钟需要周深,0,积极,0.9823638200759888,积极,0.9823638200759888
5289131191047105,#日本可短时间内造出原子弹#也就是说一旦中日开战，绝对不能给日本时间，必须重拳出击，全覆盖无差别全日本轰炸不留死角，要不然给了日本造原子弹的时间，我们就惨了！！！ ,1776539406,2026-04-18 19:10:06+08:00,74,3,0,1776525731464,https://m.weibo.cn/detail/5289131191047105,广东,5690470183,深深霄霄,f,https://m.weibo.cn/u/5690470183?launchid=10000360-page_H5,"https://tvax4.sinaimg.cn/crop.0.0.1080.1080.180/006d6Df9ly8hyd6rfd1spj30u00u0wj2.jpg?KID=imgbed,tva&Expires=1776536467&ssig=jq0yFvw1lO",日本可短时间内造出原子弹,search_contents_2026-04-18.csv,search_post,,也就是说一旦中日开战绝对不能给日本时间必须重拳出击全覆盖无差别全日本轰炸不留死角要不然给了日本造原子弹的时间我们就惨了 ,True,False,你的50万粉丝是买的吗,1,消极,0.8160566687583923,消极,0.8160566687583923
5289147553285663,#日本可短时间内造出原子弹#日本核实力究竟藏得多深？它真能在短时间内造出原子弹吗？背后的技术储备与风险隐患，值得所有人警惕。我们通过视频来一探究竟吧！#一分钟精选视频扶持计划# 圆圆的袁姐姐的微博视频 ,1776543307,2026-04-18 20:15:07+08:00,90,12,1,1776525731468,https://m.weibo.cn/detail/5289147553285663,重庆,6282045722,圆圆的袁姐姐,f,https://m.weibo.cn/u/6282045722?launchid=10000360-page_H5,"https://tvax3.sinaimg.cn/crop.0.0.1080.1080.180/006R8P46ly8i8ino9ugkij30u00u076v.jpg?KID=imgbed,tva&Expires=1776536467&ssig=aktJuNSCg1",日本可短时间内造出原子弹,search_contents_2026-04-18.csv,search_post,,日本核实力究竟藏得多深它真能在短时间内造出原子弹吗背后的技术储备与风险隐患值得所有人警惕我们通过视频来一探究竟吧 圆圆的袁姐姐的微博视频 ,True,False,这视频选题真及时看完让人深思 || 日本的实力隐藏这么深吗 || 它估计已经有了你信不信,1,消极,0.6572597622871399,消极,0.6572597622871399
5289136472720054,#日本可短时间内造出原子弹#感觉日本所谓的合理利用核能都是口头支票 如果真的有事是很难控制的 当然也是猜测 小事化小薯条的微博视频 ,1776540665,2026-04-18 19:31:05+08:00,158,41,0,1776525731470,https://m.weibo.cn/detail/5289136472720054,江苏,6374982488,小事化小薯条,f,https://m.weibo.cn/u/6374982488?launchid=10000360-page_H5,"https://tvax3.sinaimg.cn/crop.0.0.1080.1080.180/006XqMacly8ibfkww6okgj30u00u040r.jpg?KID=imgbed,tva&Expires=1776536467&ssig=wwS88WMya3",日本可短时间内造出原子弹,search_contents_2026-04-18.csv,search_post,,感觉日本所谓的合理利用核能都是口头支票 如果真的有事是很难控制的 当然也是猜测 小事化小薯条的微博视频 ,True,False,你们觉得这件事可怕吗 || 日本就没有一天安稳的 || 天呢那就很恐怖了,1,消极,0.7515596747398376,消极,0.7515596747398376
5289170064119168,#日本可短时间内造出原子弹# 这个其实不用太担心。虽然它有材料，可能也有理论基础，但这个东西是需要实验的。做出来要试验，试验成功后，还要小型化。还要搞箭弹合一，不然难道用飞机空投？所以它开始做的时候，中美俄都能发现。美国大概率不会允许这个挨过自己核弹的国家造核弹。万一美国发昏允许日本造，我们怎么办呢？当初美国怎么对付萨达姆，我们就怎么对付日本。当然要做好，万一美国阻挠，日本不让检查的准备。那根据敌国条款，不用联合国授权就可以动武了。打不死还打不残吗？有人说美国打伊朗都这么难。不过我们要是能把日本打成伊朗现在这样，目的也基本就达到了。再说美国有我们这火力吗？ 投资研究赵师兄的微博视频,1776548674,2026-04-18 21:44:34+08:00,2,3,0,1776525731473,https://m.weibo.cn/detail/5289170064119168,北京,7333556699,投资研究赵师兄,m,https://m.weibo.cn/u/7333556699?luicode=20000061&lfid=5289170064119168&launchid=10000360-page_H5,"https://tvax1.sinaimg.cn/crop.110.184.711.711.180/0080iR6zly8g8onwn9kccj30qo0zktbm.jpg?KID=imgbed,tva&Expires=1776536478&ssig=%2BoozGrfGu9",日本可短时间内造出原子弹,search_contents_2026-04-18.csv,search_post,, 这个其实不用太担心虽然它有材料可能也有理论基础但这个东西是需要实验的做出来要试验试验成功后还要小型化还要搞箭弹合一不然难道用飞机空投所以它开始做的时候中美俄都能发现美国大概率不会允许这个挨过自己核弹的国家造核弹万一美国发昏允许日本造我们怎么办呢当初美国怎么对付萨达姆我们就怎么对付日本当然要做好万一美国阻挠日本不让检查的准备那根据敌国条款不用联合国授权就可以动武了打不死还打不残吗有人说美国打伊朗都这么难不过我们要是能把日本打成伊朗现在这样目的也基本就达到了再说美国有我们这火力吗 投资研究赵师兄的微博视频,True,False,还可以拉上朝鲜干脏活条件就是把日本机器拆给它,1,消极,0.5016915798187256,消极,0.5016915798187256
5289139692112264,#日本可短时间内造出原子弹#表面上，日本是无核国家，实际上呢？短时间内可造出原子弹！其核能力被国际专家形容为&quot;只差拧螺丝刀&quot;的程度。        核心结论：日本&quot;核门槛国家&quot;的实质是政治选择而非技术问题。其&quot;核模糊&quot;策略旨在试探红线并推动军事松绑，但国际监督、美国制约及地缘反制力量，仍是遏制日本迈出最后一步的关键锁链。 日本可短时间内造出原子弹,1776541433,2026-04-18 19:43:53+08:00,3,1,0,1776525731476,https://m.weibo.cn/detail/5289139692112264,浙江,2638656811,阿正悟道,m,https://m.weibo.cn/u/2638656811?luicode=20000061&lfid=5289139692112264&launchid=10000360-page_H5,"https://tvax1.sinaimg.cn/crop.0.0.664.664.180/9d46b52bly8gove7a4vlyj20ig0ihjry.jpg?KID=imgbed,tva&Expires=1776536488&ssig=%2BBzitk7J0Y",日本可短时间内造出原子弹,search_contents_2026-04-18.csv,search_post,,表面上日本是无核国家实际上呢短时间内可造出原子弹其核能力被国际专家形容为quot只差拧螺丝刀quot的程度        核心结论日本quot核门槛国家quot的实质是政治选择而非技术问题其quot核模糊quot策略旨在试探红线并推动军事松绑但国际监督美国制约及地缘反制力量仍是遏制日本迈出最后一步的关键锁链 日本可短时间内造出原子弹,True,False,,1,消极,0.613885223865509,消极,0.613885223865509
5289156432366395,今天要说几句不好听的话了。对小日本，你要能动那就动，要是不能动，那就别吭声了嘛。看看今天的报道，小日本就差一把螺丝刀就能造出5000枚核弹；小日本的导弹已经可以覆盖咱家军港；还有小日本军舰强闯台湾海峡。这些报道的意义是什么？除了让我有点慌，没看到任何积极的东西。他们都已经把枪顶到脑门了，你又能怎么样？别的国家不知道，小日本要是有核弹真敢扔到我们头上的。如果现在还是一味的迁就，那历史很可能重演。对别的国家无所谓，对小日本一定要先发制人，哪怕统一缓一缓，也要打倒日本帝国主义！,1776545424,2026-04-18 20:50:24+08:00,100,29,14,1776525731480,https://m.weibo.cn/detail/5289156432366395,北京,3775056661,巍岳钦禹,m,https://m.weibo.cn/u/3775056661?luicode=20000061&lfid=5289156432366395&launchid=10000360-page_H5,"https://tvax4.sinaimg.cn/crop.0.0.1080.1080.180/0047tKGFly8ibp9whjzzkj60u00u0dlm02.jpg?KID=imgbed,tva&Expires=1776536498&ssig=ykujYXtG6z",日本可短时间内造出原子弹,search_contents_2026-04-18.csv,search_post,,今天要说几句不好听的话了对小日本你要能动那就动要是不能动那就别吭声了嘛看看今天的报道小日本就差一把螺丝刀就能造出5000枚核弹小日本的导弹已经可以覆盖咱家军港还有小日本军舰强闯台湾海峡这些报道的意义是什么除了让我有点慌没看到任何积极的东西他们都已经把枪顶到脑门了你又能怎么样别的国家不知道小日本要是有核弹真敢扔到我们头上的如果现在还是一味的迁就那历史很可能重演对别的国家无所谓对小日本一定要先发制人哪怕统一缓一缓也要打倒日本帝国主义,True,False,以后不要报道这些了看了心里堵 || 确实不敢打就别唧唧歪歪没意思,1,消极,0.8145747184753418,消极,0.8145747184753418
5289122277363366,#日本可短时间内造出原子弹#日本就是亚洲乌克兰，试探，偷袭，宣战，很快了。 ,1776537281,2026-04-18 18:34:41+08:00,29,5,2,1776525731484,https://m.weibo.cn/detail/5289122277363366,湖北,3045513294,卢晓周战略,m,https://m.weibo.cn/u/3045513294?launchid=10000360-page_H5,"https://tvax1.sinaimg.cn/crop.0.0.1080.1080.180/b586d84ely8i9t984i1dgj20u00u00u6.jpg?KID=imgbed,tva&Expires=1776536467&ssig=FYCGTmrDhm",日本可短时间内造出原子弹,search_contents_2026-04-18.csv,search_post,,日本就是亚洲乌克兰试探偷袭宣战很快了 ,True,False,必须对南美洲输出GM大量武装南美洲否则自己被动三占不可避免 || 敌国条款可以用了 || 黄金还是会涨的,1,消极,0.5905874371528625,消极,0.5905874371528625
5289178314053178,#日本距核武器只差一把螺丝刀#早就猜到了，所以如果开战，那就是结束战。 ,1776550641,2026-04-18 22:17:21+08:00,13,1,1,1776525731486,https://m.weibo.cn/detail/5289178314053178,广东,5901191862,星星佬看楼市,m,https://m.weibo.cn/u/5901191862?launchid=10000360-page_H5,"https://tvax2.sinaimg.cn/crop.0.0.996.996.180/006rmNzUly8g3sr3au5rjj30ro0rowgg.jpg?KID=imgbed,tva&Expires=1776536467&ssig=JWkqa8ik%2FB",日本可短时间内造出原子弹,search_contents_2026-04-18.csv,search_post,,早就猜到了所以如果开战那就是结束战 ,True,False,防着小日子,0,中性,0.5244450569152832,中性,0.5244450569152832
5289127297944413,这不是危言耸听！有专家早就说过，小日本的手里可是掌握大量的核材料，还有完整的核技术产业链，别看它们嘴上说着无核，真要动心思，短时间内就能把原子弹造出来，这种潜在的危险，放在身边，怎么可能安心。平时他们就在一次次的试探我们底线跪拜靖国神社、往大海里排核污水、再加上前不久发生的领事馆刺杀事件，种种行为都在说明，小日子压根就没安分过，一直在不断试探，不断触碰底线。总有人觉得事不关己，觉得离自己很远，可对身边这样一个一直不安分、处处试探的邻国，真的不能有半点的松懈，不能再让当年的悲剧重演！铭记历史，是为了守住现在的安稳，不让先辈们受过的苦、流过的血白费，不能好了伤疤忘了疼。#日本可短时间内造出原子弹##热点观点#  日本可短时间内造出原子弹,1776538478,2026-04-18 18:54:38+08:00,57,12,7,1776525731490,https://m.weibo.cn/detail/5289127297944413,陕西,1734959391,冰彬兵,m,https://m.weibo.cn/u/1734959391?luicode=20000061&lfid=5289127297944413&launchid=10000360-page_H5,"https://tvax2.sinaimg.cn/crop.0.0.1080.1080.180/6769611fly8gdinw922poj20u00u0jtm.jpg?KID=imgbed,tva&Expires=1776536509&ssig=ZygKVWMpYm",日本可短时间内造出原子弹,search_contents_2026-04-18.csv,search_post,,这不是危言耸听有专家早就说过小日本的手里可是掌握大量的核材料还有完整的核技术产业链别看它们嘴上说着无核真要动心思短时间内就能把原子弹造出来这种潜在的危险放在身边怎么可能安心平时他们就在一次次的试探我们底线跪拜靖国神社往大海里排核污水再加上前不久发生的领事馆刺杀事件种种行为都在说明小日子压根就没安分过一直在不断试探不断触碰底线总有人觉得事不关己觉得离自己很远可对身边这样一个一直不安分处处试探的邻国真的不能有半点的松懈不能再让当年的悲剧重演铭记历史是为了守住现在的安稳不让先辈们受过的苦流过的血白费不能好了伤疤忘了疼  日本可短时间内造出原子弹,True,False,日本想重现卢沟桥事变日本人素来夜郎自大要提防他们搞偷袭珍珠港的事情 || 司马光在 资治通鉴 中对日本人的评价是知小礼而无大义拘小节而无大德重末节而轻廉耻畏威而不怀德强必盗寇弱必卑伏,1,消极,0.8236890435218811,消极,0.8236890435218811
5289140551684774,#苏超# 乖乖，有项王加持果然不得了，宿迁队这么快就进球了！1:0领先南京南京加油啊！ ,1776541638,2026-04-18 19:47:18+08:00,1210,128,96,1776526015916,https://m.weibo.cn/detail/5289140551684774,江苏,2382356540,江宁婆婆,m,https://m.weibo.cn/u/2382356540?launchid=10000360-page_H5,"https://tvax4.sinaimg.cn/crop.0.0.1080.1080.180/8dffe03cly8gdilglnqrlj20u00u0abz.jpg?KID=imgbed,tva&Expires=1776536761&ssig=hwduKzxnNQ",宿迁进球,search_contents_2026-04-18.csv,search_post,, 乖乖有项王加持果然不得了宿迁队这么快就进球了10领先南京南京加油啊 ,True,False,你忘记你去苏超现场看球南京半决赛被点球淘汰的事了 || 20了快去请刘邦老祖 || 有颜见江东父老,0,积极,0.9532753825187684,积极,0.9532753825187684
5289142193226083,#宿迁最快进球##苏超# #苏超直播#宿迁队开场4分钟，首进1球！现在比分1：0南京 印先生的微博视频  ,1776542029,2026-04-18 19:53:49+08:00,74,45,3,1776526015919,https://m.weibo.cn/detail/5289142193226083,江苏,2308520670,印先生,m,https://m.weibo.cn/u/2308520670?launchid=10000360-page_H5,"https://tvax2.sinaimg.cn/crop.0.0.1080.1080.180/89993adely8ic0g6eguxsj20u00u0goj.jpg?KID=imgbed,tva&Expires=1776536761&ssig=y93qoRtKlw",宿迁进球,search_contents_2026-04-18.csv,search_post,, 宿迁队开场4分钟首进1球现在比分10南京 印先生的微博视频  ,True,False,宿迁队牛逼,0,中性,0.7932342886924744,中性,0.7932342886924744
5289150978721405,#苏超#开场40分钟，宿迁队2:0碾压南京队，南京乖点，宿迁是你宿哥！别犟，听哥的准没错！ 评论员石桥的微博视频  ,1776544124,2026-04-18 20:28:44+08:00,118,52,38,1776526015920,https://m.weibo.cn/detail/5289150978721405,江苏,6013249944,评论员石桥,m,https://m.weibo.cn/u/6013249944?launchid=10000360-page_H5,"https://tvax2.sinaimg.cn/crop.0.0.1079.1079.180/006yWZ0kly8i7wv6cguxaj30tz0u0gmv.jpg?KID=imgbed,tva&Expires=1776536761&ssig=8jakUUjfmZ",宿迁进球,search_contents_2026-04-18.csv,search_post,,开场40分钟宿迁队20碾压南京队南京乖点宿迁是你宿哥别犟听哥的准没错 评论员石桥的微博视频  ,True,False,宿哥太猛了20胜利宿迁队太牛了 || 哈哈南京队加油吧比赛还没输呢 || 南京兄南通弟啊,0,消极,0.5841132998466492,消极,0.5841132998466492
5289154703526247,【#宿迁霸王护体库库进球# #霸王护出苏超最快进球#】4月18日，“苏超”常规赛首轮，宿迁主场迎战南京。有何润东“项王”助阵，果然霸气非凡！宿迁半场结束2：0领先南京，开场5分钟的进球是目前2026“苏超”最快进球。#宿迁真有霸王护体#苏超联赛 荔枝新闻的微博视频 ,1776545012,2026-04-18 20:43:32+08:00,30,6,1,1776526015921,https://m.weibo.cn/detail/5289154703526247,,1796087453,荔枝新闻,m,https://m.weibo.cn/u/1796087453?launchid=10000360-page_H5,"https://tvax2.sinaimg.cn/crop.0.0.1080.1080.180/6b0e1e9dly8i8a3x2pbnjj20u00u0n02.jpg?KID=imgbed,tva&Expires=1776536761&ssig=OL3Un6Q2Bm",宿迁进球,search_contents_2026-04-18.csv,search_post,, 4月18日苏超常规赛首轮宿迁主场迎战南京有何润东项王助阵果然霸气非凡宿迁半场结束20领先南京开场5分钟的进球是目前2026苏超最快进球苏超联赛 荔枝新闻的微博视频 ,True,False,删的倒挺快 || 有霸王给宿迁撑腰 || 丢我们江苏人的脸,0,积极,0.9300912022590636,积极,0.9300912022590636
5289143835821766,#苏超#史上最快进球，宿迁主场气势很足啊四分钟进球，后续很难再被打破吧 ,1776542421,2026-04-18 20:00:21+08:00,127,14,1,1776526015923,https://m.weibo.cn/detail/5289143835821766,江苏,7838810062,墨骨茶,m,https://m.weibo.cn/u/7838810062?launchid=10000360-page_H5,"https://tvax1.sinaimg.cn/crop.0.0.1080.1080.180/008yuQAmly8ia73swx4kej30u00u0dh8.jpg?KID=imgbed,tva&Expires=1776536761&ssig=nTOzCKgzO4",宿迁进球,search_contents_2026-04-18.csv,search_post,,史上最快进球宿迁主场气势很足啊四分钟进球后续很难再被打破吧 ,True,False,我哭了南京你在干嘛 || 看不懂踢球 || 徐州出场了吗,0,积极,0.8993518352508545,积极,0.8993518352508545
5289160194654554,【#何润东穿项羽甲胄现身苏超# 】#苏超# 4月18日，#何润东现身宿迁奥体# ，穿着全套西楚霸王甲胄，单臂握拳示意观众，瞬间全场沸腾。比赛开始不到5分钟，宿迁队就率先进球1-0领先南京队。#何润东霸王全妆# 杭州网的微博视频  ,1776546320,2026-04-18 21:05:20+08:00,34,0,1,1776526015923,https://m.weibo.cn/detail/5289160194654554,,1036713140,杭州网,f,https://m.weibo.cn/u/1036713140?launchid=10000360-page_H5,"https://tvax2.sinaimg.cn/crop.0.0.178.178.180/3dcafcb4ly8h8vg6y67ynj204y04yjra.jpg?KID=imgbed,tva&Expires=1776536761&ssig=rpNpEI%2FFG8",宿迁进球,search_contents_2026-04-18.csv,search_post,,  4月18日 穿着全套西楚霸王甲胄单臂握拳示意观众瞬间全场沸腾比赛开始不到5分钟宿迁队就率先进球10领先南京队 杭州网的微博视频  ,True,False,,0,积极,0.7284381985664368,积极,0.7284381985664368
5289172358660259,【比赛结束！#苏超宿迁2比0南京#】#宿迁vs南京#4月18日晚，在宿迁奥体中心体育场，宿迁队主场对阵南京队。在赛前暖场环节，何润东身披霸王战甲，惊艳亮相“苏超”赛场，古乐铿锵，热血澎湃！比赛结束，宿迁队2比0战胜南京队！戳更多#宿迁进球#&gt;&gt; 钱江视频的微博视频 ,1776549221,2026-04-18 21:53:41+08:00,97,19,156,1776526015924,https://m.weibo.cn/detail/5289172358660259,,1744332207,钱江视频,m,https://m.weibo.cn/u/1744332207?launchid=10000360-page_H5,"https://tvax3.sinaimg.cn/crop.0.0.512.512.180/67f865afly8h8vg6w30czj20e80e8t92.jpg?KID=imgbed,tva&Expires=1776536761&ssig=rJ%2BiSrqeki",宿迁进球,search_contents_2026-04-18.csv,search_post,,比赛结束4月18日晚在宿迁奥体中心体育场宿迁队主场对阵南京队在赛前暖场环节何润东身披霸王战甲惊艳亮相苏超赛场古乐铿锵热血澎湃比赛结束宿迁队2比0战胜南京队戳更多gtgt 钱江视频的微博视频 ,True,False,何润东也去现场啦 || 宿迁队这么强吗 || 是霸王起到效果了吗,0,积极,0.9301838278770448,积极,0.9301838278770448
5289140742521374,#日本赌国运老毛病又犯了##海外新鲜事# 个人感觉与其说是赌国运不如说是现在表演赌国运当年Abe其实心里有数，知道玩右翼那套只是手段，但高市没那水平现在演着演着已经下不了台了 ,1776541682,2026-04-18 19:48:02+08:00,83,13,4,1776526305632,https://m.weibo.cn/detail/5289140742521374,日本,7881210242,某非洲酋长2,m,https://m.weibo.cn/u/7881210242?launchid=10000360-page_H5,"https://tvax1.sinaimg.cn/crop.0.0.1024.1024.180/008BmKOely8i9m1j6nozbj30sg0sgt9n.jpg?KID=imgbed,tva&Expires=1776537031&ssig=W7MerqGDuw",日本赌国运老毛病又犯了,search_contents_2026-04-18.csv,search_post,, 个人感觉与其说是赌国运不如说是现在表演赌国运当年Abe其实心里有数知道玩右翼那套只是手段但高市没那水平现在演着演着已经下不了台了 ,True,False,这算是日本职场读空气的极致么谁都不敢打破空气的气氛 || 这就不是在演这是温和派和极端派的公约数是极端派,1,消极,0.8482552170753479,消极,0.8482552170753479
5289167414102822,历史上日本堵了3次国运1984年甲午战争1904年俄日战争1941年偷袭珍珠港这次还要梭哈#日本赌国运老毛病又犯了# 齐宇的车与家的微博视频 ,1776548042,2026-04-18 21:34:02+08:00,200,143,26,1776526305633,https://m.weibo.cn/detail/5289167414102822,北京,1757381295,齐宇的车与家,m,https://m.weibo.cn/u/1757381295?launchid=10000360-page_H5,"https://tvax3.sinaimg.cn/crop.0.0.512.512.180/68bf82afly8hnwxmw6g54j20e80e80te.jpg?KID=imgbed,tva&Expires=1776537031&ssig=OY0qQrT0LN",日本赌国运老毛病又犯了,search_contents_2026-04-18.csv,search_post,,历史上日本堵了3次国运1984年甲午战争1904年俄日战争1941年偷袭珍珠港这次还要梭哈 齐宇的车与家的微博视频 ,True,False,,1,消极,0.7279231548309326,消极,0.7279231548309326
5289173263324421,#日本赌国运老毛病又犯了#台名嘴：日本有赌徒心态，真有可能跟中国再赌一次 梦境沉睡森林木屋的微博视频 ,1776549437,2026-04-18 21:57:17+08:00,34,22,1,1776526305634,https://m.weibo.cn/detail/5289173263324421,辽宁,6148996352,梦境沉睡森林木屋,f,https://m.weibo.cn/u/6148996352?launchid=10000360-page_H5,"https://tvax2.sinaimg.cn/crop.0.1.1320.1320.180/005BHmQ1ly8ibgt5cr8f6j30u00u00wc.jpg?KID=imgbed,tva&Expires=1776537031&ssig=vvEL1ScFtl",日本赌国运老毛病又犯了,search_contents_2026-04-18.csv,search_post,,台名嘴日本有赌徒心态真有可能跟中国再赌一次 梦境沉睡森林木屋的微博视频 ,True,False,赌徒不就是输 再来一次结果也一样 || 反正支持国家 || 不懂一天天的想干嘛,1,消极,0.8233054280281067,消极,0.8233054280281067
5289136421601800,#日本赌国运老毛病又犯了# 他们选择这一天，其实就是恶心，很多人还没有反应过来，看看131年前的4月17日，是啥日子？不是我们想把日本作为对手看待，而是他们压根就没有放弃过侵略东亚大陆、吞下台湾和半岛乃至东南亚，所以，必须得早点摸清他们、研究他们、对付他们，等到哪天他们发疯了，再彻底地打废他们,1776540652,2026-04-18 19:30:52+08:00,5,0,0,1776526305636,https://m.weibo.cn/detail/5289136421601800,上海,3209967147,上海房多多,m,https://m.weibo.cn/u/3209967147?luicode=20000061&lfid=5289136421601800&launchid=10000360-page_H5,"https://tva1.sinaimg.cn/crop.52.0.183.183.180/bf54362bjw8f885ffnhwtj20960643yl.jpg?KID=imgbed,tva&Expires=1776537042&ssig=Tif5CTur6B",日本赌国运老毛病又犯了,search_contents_2026-04-18.csv,search_post,, 他们选择这一天其实就是恶心很多人还没有反应过来看看131年前的4月17日是啥日子不是我们想把日本作为对手看待而是他们压根就没有放弃过侵略东亚大陆吞下台湾和半岛乃至东南亚所以必须得早点摸清他们研究他们对付他们等到哪天他们发疯了再彻底地打废他们,True,False,,1,消极,0.8334383368492126,消极,0.8334383368492126
5289181674733980,#日本赌国运老毛病又犯了#之所以还敢犯这种毛病，是因为上次侵华以后没有进行深入的清算。在他们政客心里和眼里，他们从来没有败给中国，他们觉得他们还有机会取得胜利。当时如果把冈村宁次、天皇一类全都砍头，现在日本比谁都老实。 ,1776551441,2026-04-18 22:30:41+08:00,3,0,0,1776526305637,https://m.weibo.cn/detail/5289181674733980,河北,2114242457,医者思远,m,https://m.weibo.cn/u/2114242457?launchid=10000360-page_H5,"https://tvax2.sinaimg.cn/crop.0.0.837.837.180/7e04c799ly8hdqzrpwd52j20n90n9dgt.jpg?KID=imgbed,tva&Expires=1776537031&ssig=YtATzQdClu",日本赌国运老毛病又犯了,search_contents_2026-04-18.csv,search_post,,之所以还敢犯这种毛病是因为上次侵华以后没有进行深入的清算在他们政客心里和眼里他们从来没有败给中国他们觉得他们还有机会取得胜利当时如果把冈村宁次天皇一类全都砍头现在日本比谁都老实 ,True,False,,1,消极,0.8273791074752808,消极,0.8273791074752808
5289147338332079,#日本赌国运老毛病又犯了#郭正亮：日本不可能成为三战的导火索，因为他们遇到的是特朗普#热点解读##三分钟视频助燃计划# 金华磊哥的微博视频 ,1776543256,2026-04-18 20:14:16+08:00,113,14,11,1776526305638,https://m.weibo.cn/detail/5289147338332079,浙江,1859661774,金华磊哥,m,https://m.weibo.cn/u/1859661774?launchid=10000360-page_H5,"https://tvax4.sinaimg.cn/crop.0.0.1080.1080.180/6ed82fcely8i6494pvjh1j20u00u0799.jpg?KID=imgbed,tva&Expires=1776537031&ssig=m%2BUvwdJBeO",日本赌国运老毛病又犯了,search_contents_2026-04-18.csv,search_post,,郭正亮日本不可能成为三战的导火索因为他们遇到的是特朗普 金华磊哥的微博视频 ,True,False,日本不会成为三战导火索因为面对的是特朗普 || 润物他们还不配我话就撂这儿了鬼子还不配我们主动打它尽管群情激愤但时机还是没到,1,中性,0.5343753099441528,中性,0.5343753099441528
5289156249130097,#日本赌国运老毛病又犯了#日本右翼势力在台湾问题上频频挑衅，甚至派遣舰艇过航台海，这种危险行径再次暴露了其试图“赌国运”的痼疾。回溯历史，当年日本深陷中国战场且资源枯竭，竟妄图通过偷袭珍珠港来扭转局势，这种无视国力差距的疯狂豪赌，最终只换来了两颗原子弹的毁灭性打击。如今，日本不思悔改，妄图借外部冲突转移国内矛盾，再次将国家命运押上赌桌。历史早已证明，长赌必输，这种逆时代潮流而动的冒险行为，终将引火烧身。#全网热点共创计划##一分钟精选视频扶持计划##一分钟精品视频扶持计划# 日本赌国运老毛病又犯了 天岗268的微博视频,1776545380,2026-04-18 20:49:40+08:00,29,17,1,1776526305639,https://m.weibo.cn/detail/5289156249130097,吉林,6715107430,天岗268,m,https://m.weibo.cn/u/6715107430?luicode=20000061&lfid=5289156249130097&launchid=10000360-page_H5,"https://tvax3.sinaimg.cn/crop.0.0.664.664.180/007krUcmly8fvh99qb0ypj30ig0ig0u2.jpg?KID=imgbed,tva&Expires=1776537052&ssig=uHM8zK4eGM",日本赌国运老毛病又犯了,search_contents_2026-04-18.csv,search_post,,日本右翼势力在台湾问题上频频挑衅甚至派遣舰艇过航台海这种危险行径再次暴露了其试图赌国运的痼疾回溯历史当年日本深陷中国战场且资源枯竭竟妄图通过偷袭珍珠港来扭转局势这种无视国力差距的疯狂豪赌最终只换来了两颗原子弹的毁灭性打击如今日本不思悔改妄图借外部冲突转移国内矛盾再次将国家命运押上赌桌历史早已证明长赌必输这种逆时代潮流而动的冒险行为终将引火烧身 日本赌国运老毛病又犯了 天岗268的微博视频,True,False,都是都是惯出来的毛病 || 军国主义抬头 || 小日子是不想过好日子了,1,消极,0.8128250241279602,消极,0.8128250241279602
5289137684616453,法国已经醒悟，日本人还在恬不知耻，占着中国百万件文物不还#日本赌国运老毛病又犯了# 近财的微博视频 ,1776540954,2026-04-18 19:35:54+08:00,27,3,0,1776526305640,https://m.weibo.cn/detail/5289137684616453,广东,6543331021,近财,m,https://m.weibo.cn/u/6543331021?launchid=10000360-page_H5,"https://tvax4.sinaimg.cn/crop.0.0.1080.1080.180/0078P9j7ly8i2cq87ohwuj30u00u0jyg.jpg?KID=imgbed,tva&Expires=1776537031&ssig=jVerCOJTB9",日本赌国运老毛病又犯了,search_contents_2026-04-18.csv,search_post,,法国已经醒悟日本人还在恬不知耻占着中国百万件文物不还 近财的微博视频 ,True,False,不光不还还在继续往偷呢日的 || 有中国文物的地方都是中国领土,1,消极,0.8284584283828735,消极,0.8284584283828735
5289172921484122,#日本赌国运老毛病又犯了#  再折腾也没用，就那么大的地方和人口，如果胆敢妄想必定招来灭顶之灾。日本军国主义给亚洲各国人民带来过沉重灾难与刻骨伤痛，这是不容篡改、不容遗忘的历史！ ,1776549355,2026-04-18 21:55:55+08:00,24,1,0,1776526305641,https://m.weibo.cn/detail/5289172921484122,河南,2070213285,天空菌,m,https://m.weibo.cn/u/2070213285?launchid=10000360-page_H5,"https://tvax3.sinaimg.cn/crop.0.0.994.994.180/7b64f2a5ly8htbvbmls4bj20rm0rm3zz.jpg?KID=imgbed,tva&Expires=1776537031&ssig=gU3Ll4Yze4",日本赌国运老毛病又犯了,search_contents_2026-04-18.csv,search_post,,  再折腾也没用就那么大的地方和人口如果胆敢妄想必定招来灭顶之灾日本军国主义给亚洲各国人民带来过沉重灾难与刻骨伤痛这是不容篡改不容遗忘的历史 ,True,False,过去的战争都没发生在他们本土若他们再挑起三战主战场必须要在日本本土上,1,消极,0.8457641005516052,消极,0.8457641005516052
5288901397708880,雷军最新直播攻击力真的拉满了，说的友商是谁好难猜啊...#56岁雷军连续直播15小时# 楼市诸葛的微博视频 ,1776484619,2026-04-18 03:56:59+08:00,515,125,18,1776526581171,https://m.weibo.cn/detail/5288901397708880,广东,1771878003,楼市诸葛,m,https://m.weibo.cn/u/1771878003?launchid=10000360-page_H5,"https://tvax1.sinaimg.cn/crop.0.0.1080.1080.180/699cb673ly8h3bnerwhytj20u00u0wgh.jpg?KID=imgbed,tva&Expires=1776537327&ssig=DPyNKi81FC",56岁雷军连续直播15小时,search_contents_2026-04-18.csv,search_post,,雷军最新直播攻击力真的拉满了说的友商是谁好难猜啊 楼市诸葛的微博视频 ,True,False,他似乎还是没想明白股价为什么跌 || 被迫害妄想症患者心理问题非常严重 || 我看了一会儿这小子是真的拼成功真的是不是随随便便的一个这么大公司CEO他做的是真的好,0,消极,0.8234280943870544,消极,0.8234280943870544
5289170188901682,#56岁雷军连续直播15小时#一个千亿总裁都能做到一天没吃饭，坐15小时的硬座，举着手机直播一天，我们还有什么可抱怨的！成功不是偶然，努力才是必然，雷军是我最佩服的人，总是在逆境中突破！#微博二创视频创作季# 快乐de小兔兔的微博视频 ,1776548704,2026-04-18 21:45:04+08:00,210,32,16,1776526581180,https://m.weibo.cn/detail/5289170188901682,广东,6260740664,快乐de小兔兔,f,https://m.weibo.cn/u/6260740664?launchid=10000360-page_H5,"https://tvax4.sinaimg.cn/crop.0.0.500.500.180/006PHqE8ly8hj8g7v2bzyj30dw0dwmxq.jpg?KID=imgbed,tva&Expires=1776537327&ssig=TdmPd6mKGT",56岁雷军连续直播15小时,search_contents_2026-04-18.csv,search_post,,一个千亿总裁都能做到一天没吃饭坐15小时的硬座举着手机直播一天我们还有什么可抱怨的成功不是偶然努力才是必然雷军是我最佩服的人总是在逆境中突破 快乐de小兔兔的微博视频 ,True,False,我们普通人能有几个到达雷总的位置所以不适用所有人只只有已经到达或者很快就到达或者各方面都具备能够到达的人 || 雷总真的好拼啊难怪小米销量那么好 || 资本家坐15小时车给群众看泪目了,0,积极,0.8764782547950745,积极,0.8764782547950745
5289179182532113,#56岁雷军连续直播15小时#人在疲惫的时候很容易掉脸子或者说些不加修饰的难听（真心）话，可雷总硬是能撑下来，且脸上没有一丝挂相。不管你喜不喜欢他，都不得不承认，精力旺盛其实是一种顶级的职业素养… ,1776550848,2026-04-18 22:20:48+08:00,82,23,10,1776526581184,https://m.weibo.cn/detail/5289179182532113,北京,1366047955,张好大_车评版,f,https://m.weibo.cn/u/1366047955?launchid=10000360-page_H5,"https://tvax2.sinaimg.cn/crop.0.0.512.512.180/516c3cd3ly8hckoqc53u8j20e80e8dgn.jpg?KID=imgbed,tva&Expires=1776537327&ssig=8PLqRA6Vfs",56岁雷军连续直播15小时,search_contents_2026-04-18.csv,search_post,,人在疲惫的时候很容易掉脸子或者说些不加修饰的难听真心话可雷总硬是能撑下来且脸上没有一丝挂相不管你喜不喜欢他都不得不承认精力旺盛其实是一种顶级的职业素养 ,True,False,相当于坐了15小时硬座 || 他后面眼睛都困得睁不开了 || 想想当年我一个人开了25小时车,0,积极,0.8177534937858582,积极,0.8177534937858582
5288904768881103,#56岁雷军连续直播15小时# 总里程1313公里，雷军激动到破音。 楼市诸葛的微博视频 ,1776485423,2026-04-18 04:10:23+08:00,23,2,2,1776526581188,https://m.weibo.cn/detail/5288904768881103,广东,1771878003,楼市诸葛,m,https://m.weibo.cn/u/1771878003?launchid=10000360-page_H5,"https://tvax1.sinaimg.cn/crop.0.0.1080.1080.180/699cb673ly8h3bnerwhytj20u00u0wgh.jpg?KID=imgbed,tva&Expires=1776537327&ssig=DPyNKi81FC",56岁雷军连续直播15小时,search_contents_2026-04-18.csv,search_post,, 总里程1313公里雷军激动到破音 楼市诸葛的微博视频 ,True,False,600多公里续航 || 他就是太要流量了跑个长途又变成伟大的测试了,0,积极,0.4746279120445251,积极,0.4746279120445251
5289174942613869,有一说一，雷总已经56岁了，不管他再怎么天赋异禀，连续直播15小时都很难顶。所以到直播后期，大家都可以感觉到他的精神已经有些撑不住了，但嘴上还说个不停，和评论区互动。大家都说他人已经睡过去了，嘴还在输出。不过，也正是这样的精神状态，在最后解放了他的全部火力，喷黑子，友商，真情输出，看了直播后半段的大家，基本都觉得这段非常精彩。#56岁雷军连续直播15小时#,1776549836,2026-04-18 22:03:56+08:00,60,7,3,1776526581193,https://m.weibo.cn/detail/5289174942613869,安徽,3819023156,逆铭Niming,m,https://m.weibo.cn/u/3819023156?luicode=20000061&lfid=5289174942613869&launchid=10000360-page_H5,"https://tvax2.sinaimg.cn/crop.0.59.231.231.180/e3a1ab34ly8g0wk7l97bdj206z08iq3h.jpg?KID=imgbed,tva&Expires=1776537327&ssig=Qjm%2Brib%2F3F",56岁雷军连续直播15小时,search_contents_2026-04-18.csv,search_post,,有一说一雷总已经56岁了不管他再怎么天赋异禀连续直播15小时都很难顶所以到直播后期大家都可以感觉到他的精神已经有些撑不住了但嘴上还说个不停和评论区互动大家都说他人已经睡过去了嘴还在输出不过也正是这样的精神状态在最后解放了他的全部火力喷黑子友商真情输出看了直播后半段的大家基本都觉得这段非常精彩,True,False,,0,消极,0.6194666624069214,消极,0.6194666624069214
5289194056583816,56岁，连播15小时，中间不换人、不划水、全程高能输出，这真是硬核狠人。别说身价千亿的大佬，随便拉个二三十岁的运营都扛不住。雷军最恐怖的不是脑子，是身体跟20年前一样能打。你以为他在卖车，其实他在展示什么叫创始人即核心竞争力。别的CEO演讲都看提词器，他能对着镜头聊产品聊到嗓子哑。不服不行，56岁这状态，比90%的年轻人还能熬。 雷总，车圈第一卷王，实至名归。#56岁雷军连续直播15小时#,1776554394,2026-04-18 23:19:54+08:00,102,6,5,1776526581197,https://m.weibo.cn/detail/5289194056583816,山东,5110720168,科技狗蛋,f,https://m.weibo.cn/u/5110720168?luicode=20000061&lfid=5289194056583816&launchid=10000360-page_H5,"https://tvax1.sinaimg.cn/crop.0.0.512.512.180/005zS3Msly8gvv2ylwhvpj30e80e8t9o.jpg?KID=imgbed,tva&Expires=1776537338&ssig=BF2Kb1A%2FBn",56岁雷军连续直播15小时,search_contents_2026-04-18.csv,search_post,,56岁连播15小时中间不换人不划水全程高能输出这真是硬核狠人别说身价千亿的大佬随便拉个二三十岁的运营都扛不住雷军最恐怖的不是脑子是身体跟20年前一样能打你以为他在卖车其实他在展示什么叫创始人即核心竞争力别的CEO演讲都看提词器他能对着镜头聊产品聊到嗓子哑不服不行56岁这状态比90的年轻人还能熬 雷总车圈第一卷王实至名归,True,False,他不是一般人 || 卷王雷总厉害,0,消极,0.7170760035514832,消极,0.7170760035514832
5288818217324736,"#雷军达成京沪高速只充一次电#雷军真的要卷死汽车圈的老板们啊！我估计今晚好多车企的老板都要失眠。雷军这个不是在测车啊，这分明是给全行业的老板们上行。你们还记得雷军刚造车的时候吗？他第一个选的就是老板，别的 CEO 在办公室签文件，他在给车主开门。别的老板呢？在发布会上练 PPT，他在直播间拆5小时的车。现在更狠啊，56岁的千亿 CEO，连续15小时坐在车里直播跑续航，普通人坐15小时累都累趴下了，他不仅要坐，还要全程的说话，讲解数据，回答网友问题那没有脚本，没有剪辑，没有任何的退路，任何一个小问题都会被全网的放大。这波操作直接把行业的标准拉到了天花板了。以后再有人吹自己的车续航好，网友们可以直接怼上你们老板敢直播跑1,200公里吗？如果有人吹自己的车质量好，网友们可以直接怼上去你们老板敢直播拆车吗？其实雷军造车对于汽车圈来说呢，还是很有好处的啊，他把老板们高不可攀的形象呢给彻底颠覆了，反而这种卷呢才是消费者最想看到的。 盖世肉姐的微博视频",1776464787,2026-04-17 22:26:27+08:00,28,1,0,1776526581200,https://m.weibo.cn/detail/5288818217324736,辽宁,7455088119,盖世肉姐,f,https://m.weibo.cn/u/7455088119?luicode=20000061&lfid=5288818217324736&launchid=10000360-page_H5,"https://tvax1.sinaimg.cn/crop.0.1.1078.1078.180/0088wMYLly8i772mgbas8j30ty0u0jt8.jpg?KID=imgbed,tva&Expires=1776537348&ssig=VWqp0Th8wx",56岁雷军连续直播15小时,search_contents_2026-04-18.csv,search_post,,雷军真的要卷死汽车圈的老板们啊我估计今晚好多车企的老板都要失眠雷军这个不是在测车啊这分明是给全行业的老板们上行你们还记得雷军刚造车的时候吗他第一个选的就是老板别的 CEO 在办公室签文件他在给车主开门别的老板呢在发布会上练 PPT他在直播间拆5小时的车现在更狠啊56岁的千亿 CEO连续15小时坐在车里直播跑续航普通人坐15小时累都累趴下了他不仅要坐还要全程的说话讲解数据回答网友问题那没有脚本没有剪辑没有任何的退路任何一个小问题都会被全网的放大这波操作直接把行业的标准拉到了天花板了以后再有人吹自己的车续航好网友们可以直接怼上你们老板敢直播跑1200公里吗如果有人吹自己的车质量好网友们可以直接怼上去你们老板敢直播拆车吗其实雷军造车对于汽车圈来说呢还是很有好处的啊他把老板们高不可攀的形象呢给彻底颠覆了反而这种卷呢才是消费者最想看到的 盖世肉姐的微博视频,True,False,你懂不懂车呀,0,消极,0.8549126386642456,消极,0.8549126386642456
5288817835643657,【#56岁雷军连续直播15小时#】4月17日晚9时40分，@雷军 抵达上海，完成15小时直播，从北京自驾到上海，全程1313公里，大约15个小时。雷军直播间人数突破861万。@雷军 透露，因@王一博 参加2026年中国超级跑车锦标赛（China GT）上海开幕赛，将从北京自驾亲赴现场助威。（中国蓝新闻）更多消息：#孙怡回应和阚清子关系##氧化菊 泼水节##曝顶流女星借代孕生子向男友索要3亿##都美竹被强执##朱迅已抗癌20年##刘浩存 没有给代拍好脸色的义务#（编辑：杨雨桐；审签：谢杨柳） 羊城晚报的微博视频,1776464696,2026-04-17 22:24:56+08:00,6,2,0,1776526581204,https://m.weibo.cn/detail/5288817835643657,,1497087080,羊城晚报,m,https://m.weibo.cn/u/1497087080?luicode=20000061&lfid=5288817835643657&launchid=10000360-page_H5,"https://tvax1.sinaimg.cn/crop.0.0.753.753.180/001DjCJOly8h8vghz8v0gj60kx0kxmxm02.jpg?KID=imgbed,tva&Expires=1776537358&ssig=abjMxcxT%2BX",56岁雷军连续直播15小时,search_contents_2026-04-18.csv,search_post,,4月17日晚9时40分 抵达上海完成15小时直播从北京自驾到上海全程1313公里大约15个小时雷军直播间人数突破861万 透露因 参加2026年中国超级跑车锦标赛China GT上海开幕赛将从北京自驾亲赴现场助威中国蓝新闻更多消息编辑杨雨桐审签谢杨柳 羊城晚报的微博视频,True,False,又来卖惨了不过这一招作秀式卖惨除了豢养的粉丝没人买单了套路太多大家一眼就看穿了消停点吧营销大师还真是没说错,0,积极,0.5531497597694397,积极,0.5531497597694397
5289172988071903,#56岁雷军连续直播15小时#为什么56岁千亿富豪的雷军还要这么拼，感觉在玩命一样，远超年轻人的工作负荷，谁能看透本质？ ,1776549371,2026-04-18 21:56:11+08:00,21,8,1,1776526581207,https://m.weibo.cn/detail/5289172988071903,北京,1959333805,小穆科技,f,https://m.weibo.cn/u/1959333805?launchid=10000360-page_H5,"https://tvax2.sinaimg.cn/crop.0.0.996.996.180/74c90fadly8fey2n5dxrej20ro0ro76j.jpg?KID=imgbed,tva&Expires=1776537327&ssig=bvwXkprZye",56岁雷军连续直播15小时,search_contents_2026-04-18.csv,search_post,,为什么56岁千亿富豪的雷军还要这么拼感觉在玩命一样远超年轻人的工作负荷谁能看透本质 ,True,False,卖不动了呗股票跌到谷底了呗赶紧割一波韭菜韭菜呗 || 不懂要是我是富豪老了不得狠狠玩,0,消极,0.8361744284629822,消极,0.8361744284629822
5288404730249539,#雷军15个小时直播不开车#多数用户对雷军以56岁高龄全程参与15小时直播表示钦佩，认为此举体现企业家对产品的信心与诚意，高度的责任感！部分声音指出，即使无需驾驶，长达15小时的直播互动对体能和专注力仍是巨大挑战。雷军本人亦透露因紧张“连续多日失眠”。有观点认为轮换驾驶虽保安全，但可能弱化“真实用户场景”的模拟性；专业博主则建议以常规时速（110-120km/h）测试，更贴近消费者日常体验。打破营销信任壁垒：全程透明直播被视为新能源车企重建用户信任的“笨功夫”，通过实测数据直面续航焦虑，推动行业宣传去虚向实。安全优先的示范意义：小米团队主动规避CEO疲劳驾驶风险，强调“安全第一”原则，为公众树立负责任的企业形象。此次事件凸显了企业家在流量时代平衡产品自证与人身安全的复杂挑战，也折射出公众对新能源汽车真实性能与营销话术的高度敏感。 雷军15个小时直播不开车,1776366203,2026-04-16 19:03:23+08:00,56,19,3,1776526581212,https://m.weibo.cn/detail/5288404730249539,福建,1008084693,若定亦静,f,https://m.weibo.cn/u/1008084693?luicode=20000061&lfid=5288404730249539&launchid=10000360-page_H5,"https://tvax2.sinaimg.cn/crop.29.0.757.757.180/3c1626d5ly8ib3cn00ot0j20mo0l1gn9.jpg?KID=imgbed,tva&Expires=1776537369&ssig=LeEm%2Bqcuui",56岁雷军连续直播15小时,search_contents_2026-04-18.csv,search_post,,多数用户对雷军以56岁高龄全程参与15小时直播表示钦佩认为此举体现企业家对产品的信心与诚意高度的责任感部分声音指出即使无需驾驶长达15小时的直播互动对体能和专注力仍是巨大挑战雷军本人亦透露因紧张连续多日失眠有观点认为轮换驾驶虽保安全但可能弱化真实用户场景的模拟性专业博主则建议以常规时速110120kmh测试更贴近消费者日常体验打破营销信任壁垒全程透明直播被视为新能源车企重建用户信任的笨功夫通过实测数据直面续航焦虑推动行业宣传去虚向实安全优先的示范意义小米团队主动规避CEO疲劳驾驶风险强调安全第一原则为公众树立负责任的企业形象此次事件凸显了企业家在流量时代平衡产品自证与人身安全的复杂挑战也折射出公众对新能源汽车真实性能与营销话术的高度敏感 雷军15个小时直播不开车,True,False,美雷军这次测试 || 安全第一这波操作值得,0,积极,0.4724507629871368,积极,0.4724507629871368
5289072530032639,#王嘉尔ins取关蔡徐坤# 🍉王嘉尔取关蔡徐坤，这是发生了什么？#王嘉尔取关蔡徐坤# ,1776525420,2026-04-18 15:17:00+08:00,36038,1038,207,1776526826851,https://m.weibo.cn/detail/5289072530032639,山西,2720744300,瓶什么指挥我,f,https://m.weibo.cn/u/2720744300?launchid=10000360-page_H5,"https://tvax1.sinaimg.cn/crop.0.0.912.912.180/a22b436cly8i6qxp4xp3qj20pc0pc0ve.jpg?KID=imgbed,tva&Expires=1776537593&ssig=1t2jXhTpYA",王嘉尔ins取关蔡徐坤,search_contents_2026-04-18.csv,search_post,, 王嘉尔取关蔡徐坤这是发生了什么 ,True,False,不关心哈只知道蔡徐坤马上二登metgala了超期待 || 只知道蔡徐坤能二登metgala || 走过路过不要错过蔡徐坤全球巡演,0,中性,0.6371630430221558,中性,0.6371630430221558
5289164897259966,#王嘉尔ins取关蔡徐坤#所以是王嘉尔单方面取关了蔡徐坤？看王嘉尔粉丝的态度应该是真的，这是发生了啥啊，单方面取关不太体面吧 ,1776547442,2026-04-18 21:24:02+08:00,704,79,6,1776526826853,https://m.weibo.cn/detail/5289164897259966,重庆,7622821923,极冰天气_,f,https://m.weibo.cn/u/7622821923?launchid=10000360-page_H5,"https://tvax2.sinaimg.cn/crop.0.0.1080.1080.180/008jSAcHly8icacfn7bjsj30u00u00vg.jpg?KID=imgbed,tva&Expires=1776537593&ssig=129Zpx7QgO",王嘉尔ins取关蔡徐坤,search_contents_2026-04-18.csv,search_post,,所以是王嘉尔单方面取关了蔡徐坤看王嘉尔粉丝的态度应该是真的这是发生了啥啊单方面取关不太体面吧 ,True,False,大家觉得是谁的问题 || 大家知道发生什么了吗 || 有粉丝告诉我发生啥了吗,0,消极,0.7371739745140076,消极,0.7371739745140076
5289159969211048,王嘉尔ins取关蔡徐坤发生什么事儿了？！不应该会突然取关吧，以前关过吗？有人证实一下吗 ,1776546266,2026-04-18 21:04:26+08:00,797,91,30,1776526826857,https://m.weibo.cn/detail/5289159969211048,江苏,5235089692,Oopsboomboom,f,https://m.weibo.cn/u/5235089692?launchid=10000360-page_H5,"https://tvax1.sinaimg.cn/crop.0.0.887.887.180/005IhTYwly8i8aamgg7flj30on0ont9k.jpg?KID=imgbed,tva&Expires=1776537593&ssig=EJKwZCA8GU",王嘉尔ins取关蔡徐坤,search_contents_2026-04-18.csv,search_post,,王嘉尔ins取关蔡徐坤发生什么事儿了不应该会突然取关吧以前关过吗有人证实一下吗 ,True,False,你觉得谁才是内娱男菩萨 || 我靠你这条这么多bfl || 20w有没有,0,中性,0.7254855632781982,中性,0.7254855632781982
5289163956164042,#王嘉尔ins取关蔡徐坤#可能是蔡徐坤世巡效果太好，歌好听人好看唱功又强，个体户闯出去一年的成果胜过别人十年Kpop生涯吧。随便搜搜看蔡徐坤的舞台啊，可能这就是同行的差距。 ,1776547218,2026-04-18 21:20:18+08:00,1565,79,100,1776526826858,https://m.weibo.cn/detail/5289163956164042,内蒙古,7707682553,Tina的蝴蝶,m,https://m.weibo.cn/u/7707682553?launchid=10000360-page_H5,"https://tvax3.sinaimg.cn/crop.0.0.512.512.180/008pCEkxly8hsarewptclj30e80e8q3i.jpg?KID=imgbed,tva&Expires=1776537593&ssig=pYvBh2DuVy",王嘉尔ins取关蔡徐坤,search_contents_2026-04-18.csv,search_post,,可能是蔡徐坤世巡效果太好歌好听人好看唱功又强个体户闯出去一年的成果胜过别人十年Kpop生涯吧随便搜搜看蔡徐坤的舞台啊可能这就是同行的差距 ,True,False,随便搜搜蔡徐坤美巡关键词都是歌好听唱功真牛 反正cpop领军人不和kpop服务业一桌 || 蔡徐坤原创专辑KUN主打曲ColderMV提名Berlin Music Video Awards柏林音乐录影带奖2026 年Best Narrative最佳叙事类MV又创历史了呢 || 看看这个热搜里营销号都是为谁说话在暗戳戳造谣谁就知道谁谁买的了吧,0,积极,0.8745689392089844,积极,0.8745689392089844
5289171180590962,#王嘉尔ins取关蔡徐坤#这个热搜换成蔡徐坤ins掉了个粉丝就比较容易看明白了 ,1776548940,2026-04-18 21:49:00+08:00,1466,141,252,1776526826860,https://m.weibo.cn/detail/5289171180590962,韩国,7800857819,猪眯甜坤,m,https://m.weibo.cn/u/7800857819?launchid=10000360-page_H5,"https://tvax4.sinaimg.cn/crop.0.0.624.624.180/008vVBtply8iaa7y8ughmj30hc0hcq3p.jpg?KID=imgbed,tva&Expires=1776537593&ssig=KnHR4qTBta",王嘉尔ins取关蔡徐坤,search_contents_2026-04-18.csv,search_post,,这个热搜换成蔡徐坤ins掉了个粉丝就比较容易看明白了 ,True,False,评论区普遍认同博主将quot王嘉尔取关蔡徐坤quot幽默解读为quot蔡徐坤ins掉粉quot认为这种说法消解了事件严肃性65评论称赞解读角度精辟让热搜显得小题大做20直接嘲讽娱乐新闻敏感度15在吃瓜同时转向关注明星作品如巡演和时尚活动整体氛围查看全部戳gt微博智搜 || 我去不早说,0,消极,0.5258587002754211,消极,0.5258587002754211
5289166053311630,#王嘉尔ins取关蔡徐坤#没啥交集的两个人，互联网上都不互动的，没发现两人互关过🤷🏻♀️还是多多关注下艺人的本职工作，蔡徐坤正在世巡，热度爆表，抖音都好几个百万赞出圈视频了，太火了没办法，期待接下来的亚巡啦 困困困我是三困的微博视频 ,1776547718,2026-04-18 21:28:38+08:00,11105,899,885,1776526826860,https://m.weibo.cn/detail/5289166053311630,上海,6656632178,困困困我是三困,m,https://m.weibo.cn/u/6656632178?launchid=10000360-page_H5,"https://tvax4.sinaimg.cn/crop.0.0.433.433.180/007guy78ly8hh9dqf4d5pj30c10c1q36.jpg?KID=imgbed,tva&Expires=1776537593&ssig=TqVwsgvnDO",王嘉尔ins取关蔡徐坤,search_contents_2026-04-18.csv,search_post,,没啥交集的两个人互联网上都不互动的没发现两人互关过还是多多关注下艺人的本职工作蔡徐坤正在世巡热度爆表抖音都好几个百万赞出圈视频了太火了没办法期待接下来的亚巡啦 困困困我是三困的微博视频 ,True,False,楼中楼加量来 || 不熟哈 别来沾边,0,积极,0.9208770394325256,积极,0.9208770394325256
5289172731953544,#王嘉尔ins取关蔡徐坤#不就是蔡徐坤粉丝少了1个吗，大惊小怪的。 ,1776549310,2026-04-18 21:55:10+08:00,612,16,71,1776526826862,https://m.weibo.cn/detail/5289172731953544,江苏,5123982538,虎滩乐评人,m,https://m.weibo.cn/u/5123982538?launchid=10000360-page_H5,"https://tvax4.sinaimg.cn/crop.0.0.479.479.180/005ALHVEly8hmyz4i74q0j30db0db74l.jpg?KID=imgbed,tva&Expires=1776537593&ssig=rLlR8MjxK5",王嘉尔ins取关蔡徐坤,search_contents_2026-04-18.csv,search_post,,不就是蔡徐坤粉丝少了1个吗大惊小怪的 ,True,False,蔡徐坤实火掉了个粉丝上热搜第一 || 哈哈哈和某位秀女一样的操作炒热度呢,0,消极,0.8215771317481995,消极,0.8215771317481995
5289159008978476,#王嘉尔ins取关蔡徐坤#啊？应该是手滑吧，两位关系应该挺好的，而且王嘉尔这人一直很低调，为人也很低调，特别讲义气，如果没有特别过的事肯定不会取关别人的，除非是对方真的做了他不可原谅的事他才会生气取关，我觉得应该是手滑吧，如果不是手滑的话……__--#吴佳尼说赵丽颖没有医美# ,1776546038,2026-04-18 21:00:38+08:00,4677,151,16,1776526826862,https://m.weibo.cn/detail/5289159008978476,江西,2310521811,橙酱西柚,f,https://m.weibo.cn/u/2310521811?launchid=10000360-page_H5,"https://tvax1.sinaimg.cn/crop.0.0.512.512.180/89b7c3d3ly8he0l3qx8wgj20e80e8mxq.jpg?KID=imgbed,tva&Expires=1776537593&ssig=o6B3mUwXjG",王嘉尔ins取关蔡徐坤,search_contents_2026-04-18.csv,search_post,,啊应该是手滑吧两位关系应该挺好的而且王嘉尔这人一直很低调为人也很低调特别讲义气如果没有特别过的事肯定不会取关别人的除非是对方真的做了他不可原谅的事他才会生气取关我觉得应该是手滑吧如果不是手滑的话__ ,True,False,你觉得是手滑吗 || 无关紧要的人不重要期待 内娱唯一一个即将二登MetGala的中国艺人蔡徐坤 || 蔡徐坤在二登metgala不想你,0,中性,0.4378019273281097,中性,0.4378019273281097
5289167144883706,#王嘉尔ins取关蔡徐坤#不知道哦，蔡徐坤这段时间都在忙着一场又一场的巡演不是在飞机上就是在舞台上的实在不知道哪里有空惹别人的可以看看好评如潮的演唱会直拍捏唱功了得想必大家都刷得到 我说真的时间很紧凑请看时间表，基本就是下舞台就开始搬设备赶飞机去下一城，真的没空和别人有什么火花,1776547978,2026-04-18 21:32:58+08:00,507,13,19,1776526826864,https://m.weibo.cn/detail/5289167144883706,北京,6192447099,絕美蔡色,f,https://m.weibo.cn/u/6192447099?luicode=20000061&lfid=5289167144883706&launchid=10000360-page_H5,"https://tvax4.sinaimg.cn/crop.0.0.480.480.180/006L4Sn1ly8i499xfcko5j30dc0dcdg8.jpg?KID=imgbed,tva&Expires=1776537594&ssig=ic2R665rhF",王嘉尔ins取关蔡徐坤,search_contents_2026-04-18.csv,search_post,,不知道哦蔡徐坤这段时间都在忙着一场又一场的巡演不是在飞机上就是在舞台上的实在不知道哪里有空惹别人的可以看看好评如潮的演唱会直拍捏唱功了得想必大家都刷得到 我说真的时间很紧凑请看时间表基本就是下舞台就开始搬设备赶飞机去下一城真的没空和别人有什么火花,True,False,这么大个事通知联合国了吗 || 支持蔡徐坤 || 蔡徐坤又被人当抖了,0,消极,0.6243857145309448,消极,0.6243857145309448
5289168722729011,#王嘉尔ins取关蔡徐坤#蔡徐坤心思全在打磨音乐作品和舞台实力上 SummerSaltSoda盐汽水的微博视频 ,1776548354,2026-04-18 21:39:14+08:00,346,32,28,1776526826864,https://m.weibo.cn/detail/5289168722729011,新疆,6983868954,SummerSaltSoda盐汽水,m,https://m.weibo.cn/u/6983868954?launchid=10000360-page_H5,"https://tvax2.sinaimg.cn/crop.0.0.889.889.180/007CDBlEly8htwkvfm874j30op0op0wu.jpg?KID=imgbed,tva&Expires=1776537593&ssig=KNZbhP4ywP",王嘉尔ins取关蔡徐坤,search_contents_2026-04-18.csv,search_post,,蔡徐坤心思全在打磨音乐作品和舞台实力上 SummerSaltSoda盐汽水的微博视频 ,True,False,舞台上的神 || 勿扰我们专心做音乐的大帅哥,0,积极,0.6959586143493652,积极,0.6959586143493652
5289110874621177,【#王一博顺利完赛不负热爱#】4月18日，@王一博·YIBO 以85号赛车手身份出战中国超级跑车锦标赛（China GT）上海站，在第一回合正赛，获得全场第22名、AM组第8名的成绩，以沉稳表现尽显职业车手的专业素养。#王一博为中国赛车运动写下亮眼篇章#赛道之上，他专注每一次入弯、每一次制动，用精准操控诠释对速度的热爱与敬畏。这份成绩的背后，是日复一日的刻苦训练，也是对赛车运动的真正热爱与敬畏。作为跨界车手，他也为赛车赛事推广注入青春活力，带动更多年轻人关注赛场、热爱赛车。期待王一博在未来的赛车生涯中继续驰骋，突破自我，再创佳绩！#王一博一人带动一个赛事#（秦一） 大河报的微博视频,1776534562,2026-04-18 17:49:22+08:00,8766,336,479,1776527104528,https://m.weibo.cn/detail/5289110874621177,,1734530730,大河报,m,https://m.weibo.cn/u/1734530730?luicode=20000061&lfid=5289110874621177&launchid=10000360-page_H5,"https://tvax2.sinaimg.cn/crop.0.0.1080.1080.180/001TnUG6ly8i8ye1dayfwj60u00u0wfc02.jpg?KID=imgbed,tva&Expires=1776537840&ssig=Ee%2Fljx3r24",王一博顺利完赛不负热爱,search_contents_2026-04-18.csv,search_post,,4月18日 以85号赛车手身份出战中国超级跑车锦标赛China GT上海站在第一回合正赛获得全场第22名AM组第8名的成绩以沉稳表现尽显职业车手的专业素养赛道之上他专注每一次入弯每一次制动用精准操控诠释对速度的热爱与敬畏这份成绩的背后是日复一日的刻苦训练也是对赛车运动的真正热爱与敬畏作为跨界车手他也为赛车赛事推广注入青春活力带动更多年轻人关注赛场热爱赛车期待王一博在未来的赛车生涯中继续驰骋突破自我再创佳绩秦一 大河报的微博视频,True,False,王一博很棒期待明天 || 每一次比赛都是一次经验的积累 || 王一博带动了中国汽车文化的破圈之势,0,积极,0.9182974100112916,积极,0.9182974100112916
5289134927122624,【#王一博为中国赛车运动写下亮眼篇章#】4月18日，跨界车手杰出代表@王一博·YIBO 以85号赛车手身份出战中国超级跑车锦标赛（China GT）上海站GT3组别赛事，搭档新队友Melvin Moh驾驶梅赛德斯-AMG GT3 EVO参与排位赛与首回合正赛，并取得亮眼成绩。#王一博顺利完赛不负热爱# 王一博以职业车手身份深度参与中国赛车运动，凭借个人影响力与专业表现，推动CHINA GT赛事实现历史性突破，为行业注入全新活力，竞技水平获得业界认可。王一博的赛车之路，与当代中国年轻一代的形象不谋而合：勇于尝试，敢于突破，既有追逐梦想的勇气，也有脚踏实地的坚持。他通过自身热爱与实力，将街舞、滑板、赛车等小众文化逐一推向大众视野，真正践行“让专业被看见，让热爱被传播”。#王一博一人带动一个赛事#（秦一） 大河报的微博视频,1776540297,2026-04-18 19:24:57+08:00,1109,62,83,1776527104530,https://m.weibo.cn/detail/5289134927122624,,1734530730,大河报,m,https://m.weibo.cn/u/1734530730?luicode=20000061&lfid=5289134927122624&launchid=10000360-page_H5,"https://tvax2.sinaimg.cn/crop.0.0.1080.1080.180/001TnUG6ly8i8ye1dayfwj60u00u0wfc02.jpg?KID=imgbed,tva&Expires=1776537850&ssig=xD%2B5noKoXB",王一博顺利完赛不负热爱,search_contents_2026-04-18.csv,search_post,,4月18日跨界车手杰出代表 以85号赛车手身份出战中国超级跑车锦标赛China GT上海站GT3组别赛事搭档新队友Melvin Moh驾驶梅赛德斯AMG GT3 EVO参与排位赛与首回合正赛并取得亮眼成绩 王一博以职业车手身份深度参与中国赛车运动凭借个人影响力与专业表现推动CHINA GT赛事实现历史性突破为行业注入全新活力竞技水平获得业界认可王一博的赛车之路与当代中国年轻一代的形象不谋而合勇于尝试敢于突破既有追逐梦想的勇气也有脚踏实地的坚持他通过自身热爱与实力将街舞滑板赛车等小众文化逐一推向大众视野真正践行让专业被看见让热爱被传播秦一 大河报的微博视频,True,False,2026年4月18日王一博以85号赛车手身份搭档MelvinMoh驾驶梅赛德斯AMGGT3EVO参加中国超级跑车锦标赛上海站GT3组别赛事最终获得全场第22名AM组第8名顺利完赛其专业表现助力赛事创下十年来首次全场满座纪录推查看全部戳gt微博智搜 || 以一己之力推动一个赛事的蓬勃发展这个王一博太了 || 王一博赛道平安 王一博赛道平安王一博赛道平安王一博赛道平安王一博赛道平安王一博赛道平安,0,积极,0.939513087272644,积极,0.939513087272644
5289116855961794,王一博以一己之力招来了这么多高手，在这么多强手中，王一博以赛代练跑出 2:03.357，超过了2025年赛季正赛最好成绩，摩托姐姐拍到的这个弯道超车，相当流畅，安全完赛很重要，明天继续加油#王一博随地大小笑#💚#王一博顺利完赛不负热爱# ,1776535988,2026-04-18 18:13:08+08:00,1416,42,67,1776527104531,https://m.weibo.cn/detail/5289116855961794,广东,3488442621,云卷涛飞,f,https://m.weibo.cn/u/3488442621?launchid=10000360-page_H5,"https://tvax1.sinaimg.cn/crop.0.0.1080.1080.180/cfed68fdly8h8bbdz9d10j20u00u0aed.jpg?KID=imgbed,tva&Expires=1776537839&ssig=pLhhzhxQZW",王一博顺利完赛不负热爱,search_contents_2026-04-18.csv,search_post,,王一博以一己之力招来了这么多高手在这么多强手中王一博以赛代练跑出 203357超过了2025年赛季正赛最好成绩摩托姐姐拍到的这个弯道超车相当流畅安全完赛很重要明天继续加油 ,True,False,,0,积极,0.9737790822982788,积极,0.9737790822982788
5289150360063354,每一次比赛都是对经验的累积，以赛代练的王一博你真的很棒，明天继续加油，摩托姐姐支持你相信你#王一博随地大小笑#💚#王一博顺利完赛不负热爱#💚 ,1776543976,2026-04-18 20:26:16+08:00,294,15,9,1776527104532,https://m.weibo.cn/detail/5289150360063354,广东,5525933544,超甜糯叽叽,f,https://m.weibo.cn/u/5525933544?launchid=10000360-page_H5,"https://tvax2.sinaimg.cn/crop.0.0.1055.1055.180/0061YfKoly8hkx1ggwzqsj30tb0tb42h.jpg?KID=imgbed,tva&Expires=1776537839&ssig=nezBPnDvR%2B",王一博顺利完赛不负热爱,search_contents_2026-04-18.csv,search_post,,每一次比赛都是对经验的累积以赛代练的王一博你真的很棒明天继续加油摩托姐姐支持你相信你 ,True,False,,0,积极,0.9829009175300598,积极,0.9829009175300598
5289151662396362,#王一博顺利完赛不负热爱##王一博随地大小笑# 顺利完赛稳中进步的85号赛车手王一博！以一己之力整体拉升了cgt观赛规模和参赛规模！密密麻麻都是人！人山人海就是金山银山，29000多人实感超爽的！现场整齐的呐喊“王一博，加油！王一博，加油”太爽了！ ,1776544287,2026-04-18 20:31:27+08:00,285,20,9,1776527104534,https://m.weibo.cn/detail/5289151662396362,宁夏,2722563797,MaYan-妍儿,f,https://m.weibo.cn/u/2722563797?launchid=10000360-page_H5,"https://tvax3.sinaimg.cn/crop.0.0.1080.1080.180/a24706d5ly8i9zuyrbrftj20u00u0q5n.jpg?KID=imgbed,tva&Expires=1776537839&ssig=iCdq86sJlH",王一博顺利完赛不负热爱,search_contents_2026-04-18.csv,search_post,, 顺利完赛稳中进步的85号赛车手王一博以一己之力整体拉升了cgt观赛规模和参赛规模密密麻麻都是人人山人海就是金山银山29000多人实感超爽的现场整齐的呐喊王一博加油王一博加油太爽了 ,True,False,哈哈哈哈哈哈哈不愧是你王一博,0,积极,0.980298101902008,积极,0.980298101902008
5289145865863573,85号赛车手王一博，凭一己之力改写了China GT的热度与格局。 赛事规模拉满：57辆赛车、108位车手参赛，GT3组别28台顶级超跑同台，创下赛事历史新高；圈速突破自我：排位赛刷出2分03秒，较去年提升近1秒，分段数据全线优化，再破个人纪录；影响力破圈出圈：带动周边文旅消费，让China GT热度远超亚洲GT，诠释什么是“王一博经济”；赛场态度拉满：以赛代练、遇强则强，在顶尖高手的对决中不断刷新自我上限。名次从不是衡量热爱的标准，赛道上那个鲜活向上、拼尽全力的你，早已在我们心中拿下了最高的荣誉。85号，未来的赛道，继续飞驰吧！#王一博顺利完赛不负热爱##王一博随地大小笑#,1776542904,2026-04-18 20:08:24+08:00,352,20,15,1776527104536,https://m.weibo.cn/detail/5289145865863573,陕西,5706762823,妞轱辘磕颜茜,f,https://m.weibo.cn/u/5706762823?luicode=20000061&lfid=5289145865863573&launchid=10000360-page_H5,"https://tvax2.sinaimg.cn/crop.0.0.1080.1080.180/006ecZHFly8ialqioti68j30u00u042d.jpg?KID=imgbed,tva&Expires=1776537861&ssig=Vb1MiySoP4",王一博顺利完赛不负热爱,search_contents_2026-04-18.csv,search_post,,85号赛车手王一博凭一己之力改写了China GT的热度与格局 赛事规模拉满57辆赛车108位车手参赛GT3组别28台顶级超跑同台创下赛事历史新高圈速突破自我排位赛刷出2分03秒较去年提升近1秒分段数据全线优化再破个人纪录影响力破圈出圈带动周边文旅消费让China GT热度远超亚洲GT诠释什么是王一博经济赛场态度拉满以赛代练遇强则强在顶尖高手的对决中不断刷新自我上限名次从不是衡量热爱的标准赛道上那个鲜活向上拼尽全力的你早已在我们心中拿下了最高的荣誉85号未来的赛道继续飞驰吧,True,False,不是粉丝滤镜是王一博真的凭一己之力把CGT卷成了全明星局 || 上赛青山绿水为85号赛车手而涌 || 遇强则强向上而生85号只管往前冲,0,积极,0.9318490028381348,积极,0.9318490028381348
5289120676972490,为85号尖叫的一天，绿绿的、帅帅的、太热烈了！@王一博·YIBO #王一博目光锁定赛道终点# | #王一博顺利完赛不负热爱# ,1776536899,2026-04-18 18:28:19+08:00,236,21,16,1776527104537,https://m.weibo.cn/detail/5289120676972490,新疆,3541090543,偏爱85·YIBO,f,https://m.weibo.cn/u/3541090543?launchid=10000360-page_H5,"https://tvax2.sinaimg.cn/crop.0.0.1080.1080.180/d310c0efly8iazraxt6c0j20u00u0dl2.jpg?KID=imgbed,tva&Expires=1776537839&ssig=zBBpsfVkUs",王一博顺利完赛不负热爱,search_contents_2026-04-18.csv,search_post,,为85号尖叫的一天绿绿的帅帅的太热烈了    ,True,False,王一博 || 王一博平安喜乐王一博酷盖王一博优秀王一博超级无敌小可爱,0,积极,0.9833661913871764,积极,0.9833661913871764
5289066096495818,一个人带动一个赛事具像化，王一博的号召力恐怖如斯！！你们听听这声音！ #排位赛王一博成绩# #王一博顺利完赛不负热爱# #王一博随地大小笑# ,1776523886,2026-04-18 14:51:26+08:00,437,46,5,1776527104537,https://m.weibo.cn/detail/5289066096495818,安徽,6071017693,摸鱼频道,f,https://m.weibo.cn/u/6071017693?launchid=10000360-page_H5,"https://tvax4.sinaimg.cn/crop.0.0.1080.1080.180/006CRn2dly8ibr5rd4cm5j30u00u0js9.jpg?KID=imgbed,tva&Expires=1776537839&ssig=nnbU%2FtW5ih",王一博顺利完赛不负热爱,search_contents_2026-04-18.csv,search_post,,一个人带动一个赛事具像化王一博的号召力恐怖如斯你们听听这声音    ,True,False,这才是真巨星真影响力王一博牛逼赛道平安 || 绿水青山就是金山银山 || 好恐怖的号召力全是啊,0,积极,0.7933018803596497,积极,0.7933018803596497
5289099334520899,王一博赛道平安就好享受每一次比赛！ #王一博顺利完赛不负热爱# 京希夫人的微博视频  ,1776531811,2026-04-18 17:03:31+08:00,1614,87,404,1776527104538,https://m.weibo.cn/detail/5289099334520899,上海,2494721715,京希夫人,f,https://m.weibo.cn/u/2494721715?launchid=10000360-page_H5,"https://tvax2.sinaimg.cn/crop.0.0.1024.1024.180/94b26eb3ly8i4ediso0rij20sg0sgdin.jpg?KID=imgbed,tva&Expires=1776537839&ssig=gUrIcOPYs9",王一博顺利完赛不负热爱,search_contents_2026-04-18.csv,search_post,,王一博赛道平安就好享受每一次比赛  京希夫人的微博视频  ,True,False,评论区整体以粉丝对王一博赛车平安完赛的欣慰与支持为主高频词平安体现核心关切约65评论聚焦安全完赛即胜利20理性分析比赛规则与突发状况15肯定其个人影响力与赛事成长价值粉丝普遍心态平和重视经验积累期待后续表现继续提问戳gt微博智搜 || 平安顺利完赛就好明天还有再接再厉车太多真的乱成一锅粥了比赛难度直线上升 || 其实我没看懂为什么突然名次掉那么多被罚的过程是什么因为什么被罚的,0,积极,0.9694653153419496,积极,0.9694653153419496
5289078557770934,【#又一次被王一博我可以鼓舞到# 】#王一博把我可以照进追梦现实# “我可以让梦想照进现实吗？我可以让自己成为自己吗？我可以，我可以。”@王一博·YIBO @萧敬腾 《我可以》唱给每一个咬牙坚持的你，大胆想象，勇敢追梦，允许自己失败，相信“我可以”！#王一博顺利完赛不负热爱#（央视频号：CMG音乐） 央视频的微博视频,1776526857,2026-04-18 15:40:57+08:00,1907,132,183,1776527104539,https://m.weibo.cn/detail/5289078557770934,,7211561239,央视频,m,https://m.weibo.cn/u/7211561239?luicode=20000061&lfid=5289078557770934&launchid=10000360-page_H5,"https://tvax1.sinaimg.cn/crop.0.0.180.180.180/007S2YvRly1h8vgi91xayj3050050wec.jpg?KID=imgbed,tva&Expires=1776537871&ssig=9sKhgyCK9I",王一博顺利完赛不负热爱,search_contents_2026-04-18.csv,search_post,,  我可以让梦想照进现实吗我可以让自己成为自己吗我可以我可以  我可以唱给每一个咬牙坚持的你大胆想象勇敢追梦允许自己失败相信我可以央视频号CMG音乐 央视频的微博视频,True,False,评论区围绕我可以主题主要呈现三方面内容45用户被歌曲传递的自我肯定与追梦力量感染表达鼓舞与共鸣30聚焦王一博多领域发展尤其为其赛车事业加油助威25网友借用歌词为个人目标如考试生活打气或转赠祝福给他人整体氛围积极热查看全部戳gt微博智搜 || 我不相信我没有办法完成但是我知道只是时间的问题 好多次被 王一博鼓舞到 || 王一博身上有种自我赋能的能力他把自己活成了动词我能我可以,0,积极,0.9682020545005798,积极,0.9682020545005798
5288651395436956,最讨厌男人惹 清清，昨晚有网友爆料KPL狼队职业选手清清x骚扰，具体情况见图，如果是真的建议锤死，如果是为了不让清清参加亚运会，我想她的目的基本上也达成了！最新消息：清清否认性骚扰，称延迟回应只是因为在集训，会全力配合叔叔调查！另外狂魔哥这波为什么引战到AG身上？这吃相是不是太难看了？#狼队发文回应##曝清清性骚扰##清清否认性骚扰#,1776425014,2026-04-17 11:23:34+08:00,368,18,1,1776527361127,https://m.weibo.cn/detail/5288651395436956,重庆,7814284786,Ahri_Yo,f,https://m.weibo.cn/u/7814284786?luicode=20000061&lfid=5288651395436956&launchid=10000360-page_H5,"https://tvax1.sinaimg.cn/crop.0.0.928.928.180/008wPWroly8hrhlpd2wi1j30ps0psgnw.jpg?KID=imgbed,tva&Expires=1776538118&ssig=kQmDS6rEQS",清清集训,search_contents_2026-04-18.csv,search_post,,最讨厌男人惹 清清昨晚有网友爆料KPL狼队职业选手清清x骚扰具体情况见图如果是真的建议锤死如果是为了不让清清参加亚运会我想她的目的基本上也达成了最新消息清清否认性骚扰称延迟回应只是因为在集训会全力配合叔叔调查另外狂魔哥这波为什么引战到AG身上这吃相是不是太难看了,True,False,做个调查大家认为狂魔哥吃相难不难看 || 截止目前大家最相信的是谁 || 如果是为了不让清清参加亚运会目的达成了那清清平白受到的诬陷和影响谁来弥补如果以后都用这种手段来影响别人达成目的只能说世间没有正义,0,消极,0.7230691909790039,消极,0.7230691909790039
5288661363196833,我一想到昨天白天这傻妞还痴痴傻傻的搁那甜滋滋的喝🧋 晚上下了训看见手机茫然无措又无奈心累的样子 集训高度紧绷的神经因为这个脑子要炸掉 一面要回复别人的关心 一面要回想这件令人恶心的来龙去脉 最后还要告诉俱乐部 让他来回应 为自己为粉丝为大众做交代 打出这段字里行间充满这傻妞个人特点的微博 最后躺在床上茫然的看着天花板。踏入kpl这整整7年 你有没有想到有一天清清这个id赋予你的居然是清者自清。,1776427390,2026-04-17 12:03:10+08:00,30,15,0,1776527361134,https://m.weibo.cn/detail/5288661363196833,山东,6128578578,Jen_byuu,f,https://m.weibo.cn/u/6128578578?luicode=20000061&lfid=5288661363196833&launchid=10000360-page_H5,"https://tvax1.sinaimg.cn/crop.0.0.1080.1080.180/006GKTfAly8ic7xcswweyj30u00u0ac6.jpg?KID=imgbed,tva&Expires=1776538128&ssig=kSbYPRDA8V",清清集训,search_contents_2026-04-18.csv,search_post,,我一想到昨天白天这傻妞还痴痴傻傻的搁那甜滋滋的喝 晚上下了训看见手机茫然无措又无奈心累的样子 集训高度紧绷的神经因为这个脑子要炸掉 一面要回复别人的关心 一面要回想这件令人恶心的来龙去脉 最后还要告诉俱乐部 让他来回应 为自己为粉丝为大众做交代 打出这段字里行间充满这傻妞个人特点的微博 最后躺在床上茫然的看着天花板踏入kpl这整整7年 你有没有想到有一天清清这个id赋予你的居然是清者自清,True,False,OK呀我也是立马去跟房梁拔河 || 看完这段话我要跳楼了,0,消极,0.814815104007721,消极,0.814815104007721
5288096565825558,第二次亚运会集训三十人名单完整版：上：清清 花缘 小落 无言 轻语 樱花野：佳心 钟意 皖皖 小胖 句号 无双中：流浪 紫幻 九尾 清融 向鱼 听悦射：一诺 小雪 小寒 道崽 钎城 妖刀辅：无畏 大帅 一笙 梦溪 玖欣 信#王者亚运第二次集训名单##KPL# ,1776292732,2026-04-15 22:38:52+08:00,2843,207,236,1776527361140,https://m.weibo.cn/detail/5288096565825558,山东,6666513404,盼雨无眠,f,https://m.weibo.cn/u/6666513404?launchid=10000360-page_H5,"https://tvax1.sinaimg.cn/crop.0.0.828.828.180/007ha0FKly8h7jwrwdmogj30n00n075o.jpg?KID=imgbed,tva&Expires=1776538117&ssig=svlb5h0%2FFR",清清集训,search_contents_2026-04-18.csv,search_post,,第二次亚运会集训三十人名单完整版上清清 花缘 小落 无言 轻语 樱花野佳心 钟意 皖皖 小胖 句号 无双中流浪 紫幻 九尾 清融 向鱼 听悦射一诺 小雪 小寒 道崽 钎城 妖刀辅无畏 大帅 一笙 梦溪 玖欣 信 ,True,False,第一二次重合的人有哪些呢 || 一诺集训顺利,0,积极,0.669114351272583,积极,0.669114351272583
5287751319558145,国家队集训明天就开始分组对抗赛啦，据说明天有四场BO3，随机分组太神了，一队是清清 钎城加句号流浪一笙三个KSG的，一队是无言佳心清融一诺玖欣后面还会随机分组的，有消息我再发 ,1776210419,2026-04-14 23:46:59+08:00,7030,392,712,1776527361145,https://m.weibo.cn/detail/5287751319558145,辽宁,1793272700,久爱吃瓜,f,https://m.weibo.cn/u/1793272700?launchid=10000360-page_H5,"https://tvax1.sinaimg.cn/crop.0.0.1080.1080.180/6ae32b7cly1iac3dbbk2xj20u00u0q4a.jpg?KID=imgbed,tva&Expires=1776538117&ssig=CWXKvIJ1nn",清清集训,search_contents_2026-04-18.csv,search_post,,国家队集训明天就开始分组对抗赛啦据说明天有四场BO3随机分组太神了一队是清清 钎城加句号流浪一笙三个KSG的一队是无言佳心清融一诺玖欣后面还会随机分组的有消息我再发 ,True,False,老师们今年才入坑不怎么懂yyh的规则 具体流程是怎么打呀 || 这ksg三个都在一队了无言一个人好孤独啊哈哈哈哈,0,积极,0.4628894329071045,积极,0.4628894329071045
5285150329934685,🔴阿瓜消息🍉：上次集训成绩对抗路第一清清、打野第一暖阳、游走第一无畏#王者荣耀##KPL##2026KPL春季赛# ,1775590295,2026-04-07 19:31:35+08:00,5779,612,544,1776527361151,https://m.weibo.cn/detail/5285150329934685,上海,7839949296,竞人吃瓜吧,f,https://m.weibo.cn/u/7839949296?launchid=10000360-page_H5,"https://tvax1.sinaimg.cn/crop.0.0.925.925.180/008yzCX6ly8hmgd9bpe5rj30pp0ppgn6.jpg?KID=imgbed,tva&Expires=1776538117&ssig=6JWMNVSxow",清清集训,search_contents_2026-04-18.csv,search_post,,阿瓜消息上次集训成绩对抗路第一清清打野第一暖阳游走第一无畏 ,True,False,没有所谓的为谁谁造势这个瓜我早就知道这是我之前和另外一位瓜主老师的聊天当然吃瓜不信瓜是好的,0,积极,0.9039691686630248,积极,0.9039691686630248
5288638985276105,澄清了又有多少人在乎呢，我只知道因为这件事马清清和马丝一晚上没睡好，马清清yyh集训就算没有大影响心态肯定有波动（正常人被造谣传播范围这么广心态都要炸吧），以后比赛一输各大平台就刷这三个字和他的名字在一起，看到安利竞男的帖子说到他的名字必有人在下面评论这件事情老天爷今年他好不容易过的好一点了吸了点新粉你就这样对他 以后他真的只剩我们这些生命粉了,1776422055,2026-04-17 10:34:15+08:00,1573,36,36,1776527361157,https://m.weibo.cn/detail/5288638985276105,福建,6003333221,Aprilllqq,f,https://m.weibo.cn/u/6003333221?luicode=20000061&lfid=5288638985276105&launchid=10000360-page_H5,"https://tvax3.sinaimg.cn/crop.0.0.960.960.180/006yhndbly8ic3a1wjr4dj30qo0qotao.jpg?KID=imgbed,tva&Expires=1776538138&ssig=jIeas8lTQh",清清集训,search_contents_2026-04-18.csv,search_post,,澄清了又有多少人在乎呢我只知道因为这件事马清清和马丝一晚上没睡好马清清yyh集训就算没有大影响心态肯定有波动正常人被造谣传播范围这么广心态都要炸吧以后比赛一输各大平台就刷这三个字和他的名字在一起看到安利竞男的帖子说到他的名字必有人在下面评论这件事情老天爷今年他好不容易过的好一点了吸了点新粉你就这样对他 以后他真的只剩我们这些生命粉了,True,False,我还心疼真正的通嫂孩子啥也没做莫名其妙就被牵扯到网上了我们真正的xql又做错了什么爱女的时候又不爱通嫂了 || 他们只会吃瓜然后在心里面反复横跳只有我们在真正的心疼吴金翔 || 真的很奇怪不先报警再上舆论 而是先上舆论再报警 网友没有被当枪使的义务,0,消极,0.8456870317459106,消极,0.8456870317459106
5288575437637840,#清清否认性骚扰# 所以什么时候能还我们一个清白最重要的集训要因为这种烂人毁了我想想就难受，大晚上还要假模假样的跳河演戏，被人当枪使了直播再用舆论压死我们，明明委屈冤枉的是我们现在反到有错的是我们了什么权势滔天都来了，原来权势滔天可以明明是明星选手，却几次被CPU强制转位置，去了沙特都不配打比赛，被几次按替补，背了一个莫须有的骂名6年，能被lm冷漠对待，21年最佳对抗路恶心人，23年推上去争议挡枪，26年连入围都不配...什么证据都没有，凭什么几句造谣就能毁了一个人的名声😭浪费警力还一群人陪着胡闹，清清7年了只想好好打比赛，从来专注赛场凭自己实力争冠有错吗？信任教练被坑被背刺被当人情，拒绝被纠缠被威胁被造谣，一个直播被粉丝邀请排位都要严词拒绝的人，wjx那么热爱他的事业，凭什么要承受这么多无妄之灾原来造谣真的没有成本，那是不是以后我看谁不顺眼我就死贴上去一哭二闹三上吊我就有理反正我是弱势方，没心情看演戏直播超话看了一晚上，我都深感委屈无力，不敢想小马心情怎么样，状态是不是会受影响，这种无理闹剧赶紧结束行不行,1776406904,2026-04-17 06:21:44+08:00,56,4,0,1776527361165,https://m.weibo.cn/detail/5288575437637840,海外,6721516645,言十七yik,f,https://m.weibo.cn/u/6721516645?luicode=20000061&lfid=5288575437637840&launchid=10000360-page_H5,"https://tvax3.sinaimg.cn/crop.0.0.1080.1080.180/007kSNwNly8iaiqiv4jjkj30u00u0tar.jpg?KID=imgbed,tva&Expires=1776538149&ssig=RUJGY2YlD%2B",清清集训,search_contents_2026-04-18.csv,search_post,, 所以什么时候能还我们一个清白最重要的集训要因为这种烂人毁了我想想就难受大晚上还要假模假样的跳河演戏被人当枪使了直播再用舆论压死我们明明委屈冤枉的是我们现在反到有错的是我们了什么权势滔天都来了原来权势滔天可以明明是明星选手却几次被CPU强制转位置去了沙特都不配打比赛被几次按替补背了一个莫须有的骂名6年能被lm冷漠对待21年最佳对抗路恶心人23年推上去争议挡枪26年连入围都不配什么证据都没有凭什么几句造谣就能毁了一个人的名声浪费警力还一群人陪着胡闹清清7年了只想好好打比赛从来专注赛场凭自己实力争冠有错吗信任教练被坑被背刺被当人情拒绝被纠缠被威胁被造谣一个直播被粉丝邀请排位都要严词拒绝的人wjx那么热爱他的事业凭什么要承受这么多无妄之灾原来造谣真的没有成本那是不是以后我看谁不顺眼我就死贴上去一哭二闹三上吊我就有理反正我是弱势方没心情看演戏直播超话看了一晚上我都深感委屈无力不敢想小马心情怎么样状态是不是会受影响这种无理闹剧赶紧结束行不行,True,False,造谣一张嘴澄清跑断腿那群人有组织有预谋的就是想搞掉小马的亚运会名额让他身败名裂,0,消极,0.8606060743331909,消极,0.8606060743331909
5288478985687339,清清wjx 被xsr不当场报警，隔了六个月才专门在亚运会集训时说，是冲着什么来的用得着说吗？狼队选手第几次被搞这种了，之前信和紫幻被搞了的后续呢。 ,1776383908,2026-04-16 23:58:28+08:00,76,7,0,1776527361174,https://m.weibo.cn/detail/5288478985687339,广西,5395677842,雪极星夜,f,https://m.weibo.cn/u/5395677842?launchid=10000360-page_H5,"https://tvax1.sinaimg.cn/crop.0.0.128.128.180/005T9IhYly8h5f8kfoiucj303k03k743.jpg?KID=imgbed,tva&Expires=1776538117&ssig=0w5OoKDJHz",清清集训,search_contents_2026-04-18.csv,search_post,,清清wjx 被xsr不当场报警隔了六个月才专门在亚运会集训时说是冲着什么来的用得着说吗狼队选手第几次被搞这种了之前信和紫幻被搞了的后续呢 ,True,False,我不想这么说的但是能告诉我为什么在dyg和ttg时清清就不会被搞这种呢 || 我问你话呢紫幻的后续你到现在端不出来就是你们这种工作效率才让一些人以为随便弄点聊天记录就能脏你们狼队的人 || 狼队一直这样没人做事,0,消极,0.7788296341896057,消极,0.7788296341896057
5288663338452057,清清wjx  大家不要唱衰！我们相信清清！相信小马！顺带评论抽一个宝宝喝奶茶折现15，去去晦气，祝小马集训一切顺利！ai随机数抽，会看主页，糊了就黑幕我亲友 ,1776427861,2026-04-17 12:11:01+08:00,11,45,0,1776527361178,https://m.weibo.cn/detail/5288663338452057,广东,7232952798,-JIAROU-,f,https://m.weibo.cn/u/7232952798?launchid=10000360-page_H5,"https://tvax3.sinaimg.cn/crop.0.0.1079.1079.180/007TuJr0ly8ibf29cl6vfj30tz0tzacf.jpg?KID=imgbed,tva&Expires=1776538117&ssig=GnJ3c9pKa2",清清集训,search_contents_2026-04-18.csv,search_post,,清清wjx  大家不要唱衰我们相信清清相信小马顺带评论抽一个宝宝喝奶茶折现15去去晦气祝小马集训一切顺利ai随机数抽会看主页糊了就黑幕我亲友 ,True,False,已二十四小时不回复作废重抽 查看图片 || 清清wwzz,0,积极,0.602180004119873,积极,0.602180004119873
5288605396501922,#曝清清性骚扰#我反倒觉得这个爆料人很可疑。我不是无脑相信清清，我只是觉得她选的这个时间点本来就存在很多可以质疑的点。首先是大家都知道最近是亚运会集训，清清是入选了集训的。集训期间选手肯定不可能第一时间知道网络上的信息，爆料人可能就是抓住了这一点故意搞清清不让清清去亚运会。 ,1776414047,2026-04-17 08:20:47+08:00,22,2,0,1776527361182,https://m.weibo.cn/detail/5288605396501922,甘肃,6547392084,我想绿了乐知时,m,https://m.weibo.cn/u/6547392084?launchid=10000360-page_H5,"https://tvax3.sinaimg.cn/crop.0.0.1080.1080.180/00796bM8ly8i3yiuzc633j30u00u0djy.jpg?KID=imgbed,tva&Expires=1776538117&ssig=Or0Mmzrywf",清清集训,search_contents_2026-04-18.csv,search_post,,我反倒觉得这个爆料人很可疑我不是无脑相信清清我只是觉得她选的这个时间点本来就存在很多可以质疑的点首先是大家都知道最近是亚运会集训清清是入选了集训的集训期间选手肯定不可能第一时间知道网络上的信息爆料人可能就是抓住了这一点故意搞清清不让清清去亚运会 ,True,False,女方已经承认就是不想让去yyh不知道澄清了还能不能去我觉得机会少一半吧,0,消极,0.634980320930481,消极,0.634980320930481
5289145819726101,#龚俊拍了刘宇宁唱天问#还在跟唱啊 #龚俊去看了刘宇宁南京演唱会# 坐在台下戴着口罩的俊俊，口罩也挡不住的帅气去年地球超新鲜上的那句话“我会去看你演唱会的”，有回响了龚俊举着手机拍刘宇宁唱《天问》（山河令主题曲啊）#刘宇宁南京演唱会#   星姐微博的微博视频  ,1776542893,2026-04-18 20:08:13+08:00,16556,510,670,1776527576382,https://m.weibo.cn/detail/5289145819726101,上海,5103645868,星姐微博,f,https://m.weibo.cn/u/5103645868?launchid=10000360-page_H5,"https://tvax4.sinaimg.cn/crop.0.0.512.512.180/005zonqQly8gqawq1cgqnj30e80e8wfa.jpg?KID=imgbed,tva&Expires=1776538374&ssig=r3ZUNym0Rq",龚俊拍了刘宇宁唱天问,search_contents_2026-04-18.csv,search_post,,还在跟唱啊  坐在台下戴着口罩的俊俊口罩也挡不住的帅气去年地球超新鲜上的那句话我会去看你演唱会的有回响了龚俊举着手机拍刘宇宁唱天问山河令主题曲啊   星姐微博的微博视频  ,True,False,想温客行了 || 龚俊性格真好想念疯批美人天花板温客行 || 让我们欢迎天问真正的主人,0,积极,0.94692063331604,积极,0.94692063331604
5289161781413360,我笑死了吧，龚俊起到一个展示腹肌的作用！！小菌OS：没听说有这趴啊？#龚俊拍了刘宇宁唱天问# 循环热恋的微博视频  ,1776546699,2026-04-18 21:11:39+08:00,1503,77,105,1776527576385,https://m.weibo.cn/detail/5289161781413360,浙江,5697697928,循环热恋,f,https://m.weibo.cn/u/5697697928?launchid=10000360-page_H5,"https://tvax3.sinaimg.cn/crop.0.0.996.996.180/006dAXvGly8fufsyqj2fuj30ro0rowfh.jpg?KID=imgbed,tva&Expires=1776538374&ssig=hhiZhAupZo",龚俊拍了刘宇宁唱天问,search_contents_2026-04-18.csv,search_post,,我笑死了吧龚俊起到一个展示腹肌的作用小菌OS没听说有这趴啊 循环热恋的微博视频  ,True,False,给我看看呢 || 龚俊慷慨且富有但是看腹肌是另外的价钱,0,积极,0.4660863280296325,积极,0.4660863280296325
5289177889382690,#龚俊拍了刘宇宁唱天问#🍊#龚俊 cpf# “龚老师帮我找调～”视频cr并蒂并蒂·1129x0511的微博视频 ,1776550540,2026-04-18 22:15:40+08:00,613,87,90,1776527576386,https://m.weibo.cn/detail/5289177889382690,四川,6690616482,今天生闷气了嘛,m,https://m.weibo.cn/u/6690616482?launchid=10000360-page_H5,"https://tvax1.sinaimg.cn/crop.0.0.828.828.180/007iN8Z4ly8hpnqc0g7tvj30n00n0dhi.jpg?KID=imgbed,tva&Expires=1776538374&ssig=UXmPanyMQe",龚俊拍了刘宇宁唱天问,search_contents_2026-04-18.csv,search_post,, 龚老师帮我找调视频cr并蒂并蒂1129x0511的微博视频 ,True,False,传说公主和恶龙住在八面山东白湖旁边有橘子园每天早上都会歌唱对所有的快乐say嗨嗨对所有的烦恼say拜拜祝龚老师 每天开开心心 || 世界是圆的很多人终极一生环绕我也曾有过迷茫困顿与思考所幸仍然心怀热忱更庆幸有你们的存在让我被爱环绕也更希望大家能够被爱环绕 || 俊哲永远热恋 家事法庭  龚俊沈谢秩  暗河传龚俊苏暮雨 凤舞九天 龚俊陆小凤 白衣公卿 龚俊孟剑卿叶昭龚俊的51129个小尾巴,0,中性,0.9274458885192872,中性,0.9274458885192872
5289148451914599,#龚俊听刘宇宁唱天问的反应# #龚俊拍了刘宇宁唱天问#哇哇哇龚俊真的来刘宇宁演唱会了！刘宇宁去年直播的时候，两人就在直播间约演唱会，今年终于在南京见上啦龚俊听刘宇宁唱天问的反应：拿出手机。。，原来大家看演唱会都一样🙌🏻#刘宇宁演唱会# 南京·青奥体育公园 ,1776543521,2026-04-18 20:18:41+08:00,3867,214,337,1776527576387,https://m.weibo.cn/detail/5289148451914599,江苏,2625070633,酥酥尖叫姬,f,https://m.weibo.cn/u/2625070633?launchid=10000360-page_H5,"https://tvax2.sinaimg.cn/crop.0.0.1080.1080.180/9c776629ly8grklo8awolj20u00u076e.jpg?KID=imgbed,tva&Expires=1776538374&ssig=ZXmQ0WF5Yi",龚俊拍了刘宇宁唱天问,search_contents_2026-04-18.csv,search_post,, 哇哇哇龚俊真的来刘宇宁演唱会了刘宇宁去年直播的时候两人就在直播间约演唱会今年终于在南京见上啦龚俊听刘宇宁唱天问的反应拿出手机原来大家看演唱会都一样 南京青奥体育公园 ,True,False,双子座的浪漫这波跨圈互动我给满分 || 天问真正的主人ost爆款制造机刘宇宁牛逼不解释 || 天问一响温客行登场,0,积极,0.9096462726593018,积极,0.9096462726593018
5289160338311965,#龚俊拍了刘宇宁唱天问#《天问》配龚俊就像武器认主怎么配怎么对味儿空山饼的微博视频 ,1776546355,2026-04-18 21:05:55+08:00,2091,102,121,1776527576388,https://m.weibo.cn/detail/5289160338311965,北京,6316556459,梗浮水暗-,m,https://m.weibo.cn/u/6316556459?launchid=10000360-page_H5,"https://tvax1.sinaimg.cn/crop.0.0.996.996.180/006TtCSTly8hy62qgqvfkj30ro0roq5a.jpg?KID=imgbed,tva&Expires=1776538374&ssig=1dMpRFsku%2F",龚俊拍了刘宇宁唱天问,search_contents_2026-04-18.csv,search_post,,天问配龚俊就像武器认主怎么配怎么对味儿空山饼的微博视频 ,True,False,评论区主要呈现三大焦点45的评论聚焦经典角色情怀如重温山河令温客行表达思念与认可30强调打戏画面的武侠神韵称赞龚俊的动作造型震撼15认同歌曲与画面契合度高形容如武器认主氛围感强整体氛围积极充满回忆杀与视觉查看全部戳gt微博智搜 || 温客行yyds,0,消极,0.5382441282272339,消极,0.5382441282272339
5289184928732989,#龚俊拍了刘宇宁唱天问#提起天问那必定是想到山河令呀！山河不足重，重在遇知己。❤️💙 ,1776552218,2026-04-18 22:43:38+08:00,28,1,0,1776527576389,https://m.weibo.cn/detail/5289184928732989,浙江,6526047488,Windy风L滴滴滴滴,f,https://m.weibo.cn/u/6526047488?launchid=10000360-page_H5,"https://tvax4.sinaimg.cn/crop.0.0.960.960.180/0077ED4sly8i7si2ql62pj30qo0qon0l.jpg?KID=imgbed,tva&Expires=1776538374&ssig=kr5tucCUOA",龚俊拍了刘宇宁唱天问,search_contents_2026-04-18.csv,search_post,,提起天问那必定是想到山河令呀山河不足重重在遇知己 ,True,False,山河cp售后也太好了吧俊总镜头下的宇哥唱功绝了友情满分,0,积极,0.479410707950592,积极,0.479410707950592
5289195473736874,#龚俊拍了刘宇宁唱天问# 那年永恒盛大的春天不止有天问还有“是我一生最难忘的回忆”和“我永远都在”❤️💙 ,1776554732,2026-04-18 23:25:32+08:00,16,0,0,1776527576390,https://m.weibo.cn/detail/5289195473736874,上海,7804068031,在山上在坑底在春天里,f,https://m.weibo.cn/u/7804068031?launchid=10000360-page_H5,"https://tvax3.sinaimg.cn/crop.0.0.1080.1080.180/008w94B1ly8ic7zlfozefj30u00u0q6b.jpg?KID=imgbed,tva&Expires=1776538374&ssig=XangMgLZgo",龚俊拍了刘宇宁唱天问,search_contents_2026-04-18.csv,search_post,, 那年永恒盛大的春天不止有天问还有是我一生最难忘的回忆和我永远都在 ,True,False,,0,积极,0.976342499256134,积极,0.976342499256134
5289196314955057,#龚俊拍了刘宇宁唱天问#再来甜甜蜜蜜的 长沙 ,1776554933,2026-04-18 23:28:53+08:00,16,0,0,1776527576392,https://m.weibo.cn/detail/5289196314955057,湖南,7772849489,狂浪的怒,f,https://m.weibo.cn/u/7772849489?launchid=10000360-page_H5,"https://tvax2.sinaimg.cn/crop.0.0.1080.1080.180/008u25e9ly8i7s1fkfwajj30u00u00vh.jpg?KID=imgbed,tva&Expires=1776538374&ssig=dzlD6yWyAs",龚俊拍了刘宇宁唱天问,search_contents_2026-04-18.csv,search_post,,再来甜甜蜜蜜的 长沙 ,True,False,,0,积极,0.976675808429718,积极,0.976675808429718
5289185342915295,#龚俊拍了刘宇宁唱天问#法海不懂爱，可他们懂 ,1776552316,2026-04-18 22:45:16+08:00,78,6,2,1776527576393,https://m.weibo.cn/detail/5289185342915295,广东,7187592742,企鹅遛蛋与螳螂割草,f,https://m.weibo.cn/u/7187592742?launchid=10000360-page_H5,"https://tvax1.sinaimg.cn/crop.0.0.1080.1080.180/007Qqpdcly8i1zxyjh6j4j30u00u0dkg.jpg?KID=imgbed,tva&Expires=1776538374&ssig=3PUvtSjcqo",龚俊拍了刘宇宁唱天问,search_contents_2026-04-18.csv,search_post,,法海不懂爱可他们懂 ,True,False,山河不足重重在遇知己 || 真情流露的爱意,0,中性,0.4764063060283661,中性,0.4764063060283661
5289183259136686,#龚俊拍了刘宇宁唱天问#你懂什么是为爱降调？ ,1776551820,2026-04-18 22:37:00+08:00,69,3,1,1776527576394,https://m.weibo.cn/detail/5289183259136686,广东,5574116743,小不点儿1640,f,https://m.weibo.cn/u/5574116743?launchid=10000360-page_H5,"https://tvax2.sinaimg.cn/crop.0.0.1080.1080.180/0065eqoLly8i7s6b8lzstj30u00u0n0p.jpg?KID=imgbed,tva&Expires=1776538374&ssig=cbbSsGOcL5",龚俊拍了刘宇宁唱天问,search_contents_2026-04-18.csv,search_post,,你懂什么是为爱降调 ,True,False,降的都找不着调啦别太爱啦张老师 || 因为我我我最近哈那个那个软件给我给我随机推荐了一首歌哎我发现这首歌很好听正好呢不是正好就是哎正好上个月给我推荐的正好我发现我下个月要来这个南京活动哎南京恋爱通告我觉得很应景啊是吧我发现很应景,0,中性,0.5077893137931824,中性,0.5077893137931824
5289128809205048,#刘宇宁的2025巡演# #刘宇宁南京演唱会# 𝐍𝐚𝐧𝐣𝐢𝐧𝐠｜ 𝐔𝐧𝐭𝐢𝐥 𝐖𝐞 𝐍𝐞𝐱𝐭 𝐌𝐞𝐞𝐭❶重逢的故事，就在此刻发生。@摩登兄弟刘宇宁 ,1776538838,2026-04-18 19:00:38+08:00,76673,14787,39031,1776527807687,https://m.weibo.cn/detail/5289128809205048,江苏,7315867397,刘宇宁LYN工作室,m,https://m.weibo.cn/u/7315867397?launchid=10000360-page_H5,"https://tvax4.sinaimg.cn/crop.0.0.1279.1330.180/6f0b57d3ly8ic8gos301vj210y0zjtfo.jpg?KID=imgbed,tva&Expires=1776538595&ssig=UOGY7YHrF7",刘宇宁演唱会,search_contents_2026-04-18.csv,search_post,,  𝐍𝐚𝐧𝐣𝐢𝐧𝐠 𝐔𝐧𝐭𝐢𝐥 𝐖𝐞 𝐍𝐞𝐱𝐭 𝐌𝐞𝐞𝐭❶重逢的故事就在此刻发生 ,True,False,呜呜呜这也太帅了吧,0,积极,0.9083787798881532,积极,0.9083787798881532
5289176473534507,刘宇宁南京站 day1｜感谢part爱和恨很明显的一part#刘宇宁演唱会##刘宇宁的2025巡演# 羊卷儿羊的微博视频 ,1776550201,2026-04-18 22:10:01+08:00,2844,145,260,1776527807690,https://m.weibo.cn/detail/5289176473534507,江苏,5568325071,羊卷儿羊,f,https://m.weibo.cn/u/5568325071?launchid=10000360-page_H5,"https://tvax1.sinaimg.cn/crop.0.0.1080.1080.180/0064Q7IHly8ibslkpyymej30u00u0gmw.jpg?KID=imgbed,tva&Expires=1776538595&ssig=NOV7HI4z8x",刘宇宁演唱会,search_contents_2026-04-18.csv,search_post,,刘宇宁南京站 day1感谢part爱和恨很明显的一part 羊卷儿羊的微博视频 ,True,False,宁丝主打一个爱恨分明 || 伤心的人都在1号门 || 大点声倒闭,0,积极,0.6278234720230103,积极,0.6278234720230103
5289173897712399,摩登兄弟 明天见啦，要开开心心的结束#刘宇宁##刘宇宁演唱会# VIVI·Vivian的微博视频 ,1776549588,2026-04-18 21:59:48+08:00,4359,350,555,1776527807693,https://m.weibo.cn/detail/5289173897712399,江苏,2866929384,VIVI·Vivian,f,https://m.weibo.cn/u/2866929384?launchid=10000360-page_H5,"https://tvax1.sinaimg.cn/crop.0.0.1080.1080.180/aae1dee8ly8i8doowj2jwj20u00u0gnc.jpg?KID=imgbed,tva&Expires=1776538595&ssig=4U7YFiMpL3",刘宇宁演唱会,search_contents_2026-04-18.csv,search_post,,摩登兄弟 明天见啦要开开心心的结束 VIVIVivian的微博视频 ,True,False,哥健健康康就是我最大心愿 || 老大不愧是頂劉身體不適也堅持唱到最後沒關係我們是再會相逢的好好回去休息,0,积极,0.9372400641441344,积极,0.9372400641441344
5289166139033956,“刘宇宁你是我们心中的光。”#刘宇宁演唱会##刘宇宁南京# 羊卷儿羊的微博视频 ,1776547738,2026-04-18 21:28:58+08:00,3852,197,364,1776527807694,https://m.weibo.cn/detail/5289166139033956,江苏,5568325071,羊卷儿羊,f,https://m.weibo.cn/u/5568325071?launchid=10000360-page_H5,"https://tvax1.sinaimg.cn/crop.0.0.1080.1080.180/0064Q7IHly8ibslkpyymej30u00u0gmw.jpg?KID=imgbed,tva&Expires=1776538595&ssig=NOV7HI4z8x",刘宇宁演唱会,search_contents_2026-04-18.csv,search_post,,刘宇宁你是我们心中的光 羊卷儿羊的微博视频 ,True,False,宁哥的舞台永远能点燃全场 || 炽真好双向奔赴一齐演唱 || 炽的合唱让我好感动,0,积极,0.9749626517295836,积极,0.9749626517295836
5289155413937434,摩登兄弟 跳嗨了/ 《伤心的人都在跳舞》直拍#刘宇宁##刘宇宁演唱会# VIVI·Vivian的微博视频 ,1776545181,2026-04-18 20:46:21+08:00,5134,575,1073,1776527807696,https://m.weibo.cn/detail/5289155413937434,江苏,2866929384,VIVI·Vivian,f,https://m.weibo.cn/u/2866929384?launchid=10000360-page_H5,"https://tvax1.sinaimg.cn/crop.0.0.1080.1080.180/aae1dee8ly8i8doowj2jwj20u00u0gnc.jpg?KID=imgbed,tva&Expires=1776538595&ssig=4U7YFiMpL3",刘宇宁演唱会,search_contents_2026-04-18.csv,search_post,,摩登兄弟 跳嗨了 伤心的人都在跳舞直拍 VIVIVivian的微博视频 ,True,False,评论区氛围热烈粉丝们对刘宇宁演唱会表现充满赞赏舞台表现力获盛赞45称赞其舞蹈熟练自然感染力强如丹东舞王等评价粉色造型引爆喜爱35认为粉色演出服与冷白皮绝配凸显可爱气质互动细节传递快乐20捕捉到跳舞时查看全部戳gt微博智搜 || 太漂亮了跳起来 || 开心的人在家跳舞  和哥一起摇,0,消极,0.3545602560043335,消极,0.3545602560043335
5289157310288157,刘宇宁《把你的名字念一万遍》舞台刘宇宁南京演唱会#刘宇宁三巡考虑一下开体育场##刘宇宁我这衣服掉毛啊# 星姐星闻的微博视频 ,1776545633,2026-04-18 20:53:53+08:00,538,24,32,1776527807697,https://m.weibo.cn/detail/5289157310288157,,5924008266,星姐星闻,f,https://m.weibo.cn/u/5924008266?launchid=10000360-page_H5,"https://tvax3.sinaimg.cn/crop.26.0.1080.1080.180/006sUxaqly8gdijrs8hodj30ww0u0tcj.jpg?KID=imgbed,tva&Expires=1776538595&ssig=0IAEicQaEZ",刘宇宁演唱会,search_contents_2026-04-18.csv,search_post,,刘宇宁把你的名字念一万遍舞台刘宇宁南京演唱会 星姐星闻的微博视频 ,True,False,无论是现场演唱还是录音室作品刘宇宁都能保持高水平的发挥展现了他扎实的唱功功底 || 全部都是宁啊 || 帅哥唱的真好,0,积极,0.9343694448471068,积极,0.9343694448471068
5289161550465661,再来宁哥演唱会@摩登兄弟刘宇宁 差点玩“砸”的《扑通扑通》一场视听享受的欢乐聚会已经开始期待三巡啦… JSTV姜方明的微博视频 ,1776546644,2026-04-18 21:10:44+08:00,1468,99,40,1776527807699,https://m.weibo.cn/detail/5289161550465661,江苏,6530819997,JSTV姜方明,m,https://m.weibo.cn/u/6530819997?launchid=10000360-page_H5,"https://tvax2.sinaimg.cn/crop.0.0.512.512.180/0077YECply8hkqzcxfacwj30e80e8wem.jpg?KID=imgbed,tva&Expires=1776538595&ssig=iFjJDam5Vg",刘宇宁演唱会,search_contents_2026-04-18.csv,search_post,,再来宁哥演唱会 差点玩砸的扑通扑通一场视听享受的欢乐聚会已经开始期待三巡啦 JSTV姜方明的微博视频 ,True,False,宁哥这嗓子真是老天爷赏饭吃二巡都这么炸三巡得逆天了吧我已经准备好小板凳坐等开票啦 || 好听好听我的心也随着扑通扑通 || 扑通扑通等待三巡,0,积极,0.9207267761230468,积极,0.9207267761230468
5289140056758106,摩登兄弟 “今晚的月色和你们！”《Fall in Love》直拍哥给整害羞了#刘宇宁##刘宇宁演唱会# VIVI·Vivian的微博视频 ,1776541520,2026-04-18 19:45:20+08:00,8284,1043,1758,1776527807700,https://m.weibo.cn/detail/5289140056758106,江苏,2866929384,VIVI·Vivian,f,https://m.weibo.cn/u/2866929384?launchid=10000360-page_H5,"https://tvax1.sinaimg.cn/crop.0.0.1080.1080.180/aae1dee8ly8i8doowj2jwj20u00u0gnc.jpg?KID=imgbed,tva&Expires=1776538595&ssig=4U7YFiMpL3",刘宇宁演唱会,search_contents_2026-04-18.csv,search_post,,摩登兄弟 今晚的月色和你们Fall in Love直拍哥给整害羞了 VIVIVivian的微博视频 ,True,False,哥哥的舞台表现力真是太绝了每次都能给人不一样的惊喜这场演唱会的氛围感拉满感觉每一个细节都精心设计过刘宇宁的歌声和舞台魅力真是让人无法抵挡爱了爱了 || 白羽乘风马踏星河2026陪刘宇宁策马扬鞭向光而行 || 羞羞答答把自己整害羞了,0,积极,0.8148794174194336,积极,0.8148794174194336
5289143867279805,刘宇宁南京演唱会day1 1.0《探险家》《忠实观众》《fall in love》《撞地球》《凉州词》《星辰与共》《开到荼蘼》《你说爱情啊》 Talking环节第1套是浪漫的羽毛白衣，好像个天使。第2套黑色斗篷带着华丽的花纹又好像个地狱使者。Talking环节说到处去打卡的家人们以及他看到了无人机应援，好感动啊@摩登兄弟刘宇宁 #刘宇宁南京#|#刘宇宁衣服掉毛# |#刘宇宁的2025巡演 ﻿#摩登兄弟,1776542428,2026-04-18 20:00:28+08:00,410,47,84,1776527807700,https://m.weibo.cn/detail/5289143867279805,天津,7607143154,贝拉熬鹰中,f,https://m.weibo.cn/u/7607143154?luicode=20000061&lfid=5289143867279805&launchid=10000360-page_H5,"https://tvax2.sinaimg.cn/crop.0.0.1080.1080.180/008iONrkly8i945u4xfqsj30u00u0jti.jpg?KID=imgbed,tva&Expires=1776538595&ssig=Cy6Jjw0acW",刘宇宁演唱会,search_contents_2026-04-18.csv,search_post,,刘宇宁南京演唱会day1 10探险家忠实观众fall in love撞地球凉州词星辰与共开到荼蘼你说爱情啊 Talking环节第1套是浪漫的羽毛白衣好像个天使第2套黑色斗篷带着华丽的花纹又好像个地狱使者Talking环节说到处去打卡的家人们以及他看到了无人机应援好感动啊  摩登兄弟,True,False,存存存 摩登兄弟,0,积极,0.9784212112426758,积极,0.9784212112426758
5289131996876683,#刘宇宁撞衫仙鹤#刘宇宁撞衫仙鹤，一身白色战袍开场配怒音，这仙气感觉是被野性腌入味了啊啊啊，我天灵盖直接被这声压掀飞！！！全场荧光棒跟着声浪一起摇晃，好带劲的开场！！！#刘宇宁演唱会# 南京·青奥体育公园 酥酥尖叫姬的微博视频  ,1776539598,2026-04-18 19:13:18+08:00,8870,883,1259,1776527807701,https://m.weibo.cn/detail/5289131996876683,江苏,2625070633,酥酥尖叫姬,f,https://m.weibo.cn/u/2625070633?launchid=10000360-page_H5,"https://tvax2.sinaimg.cn/crop.0.0.1080.1080.180/9c776629ly8grklo8awolj20u00u076e.jpg?KID=imgbed,tva&Expires=1776538595&ssig=ZhYuBc1hPq",刘宇宁演唱会,search_contents_2026-04-18.csv,search_post,,刘宇宁撞衫仙鹤一身白色战袍开场配怒音这仙气感觉是被野性腌入味了啊啊啊我天灵盖直接被这声压掀飞全场荧光棒跟着声浪一起摇晃好带劲的开场 南京青奥体育公园 酥酥尖叫姬的微博视频  ,True,False,,0,积极,0.9594858288764954,积极,0.9594858288764954
