note_id,content,create_time,create_date_time,liked_count,comments_count,shared_count,last_modify_ts,note_url,ip_location,user_id,nickname,gender,profile_url,avatar,source_keyword,source_file,data_type,ad_filter_reason,cleaned_content,is_meaningful,is_duplicate,all_comments,Topic,sentiment_x,置信度_x,sentiment_y,置信度_y
5297912114578123,#追觅创始人俞浩回应崩老头#俞浩及追觅高管回应“崩老头”：为了流量无下限。不管是极少数黑心自媒体，还是其他人。我有仇必报！而且十倍还击！ ,1778632941,2026-05-13 00:42:21+08:00,132,37,13,1778649858444,https://m.weibo.cn/detail/5297912114578123,湖北,1969030412,哈侠,m,https://m.weibo.cn/u/1969030412?launchid=10000360-page_H5,"https://tvax2.sinaimg.cn/crop.0.0.640.640.180/755d050cly8ibpqok5mquj20hs0hs3yh.jpg?KID=imgbed,tva&Expires=1778660641&ssig=TsL5QmBz0e",追觅创始人俞浩回应崩老头,search_contents_2026-05-13.csv,search_post,,俞浩及追觅高管回应崩老头为了流量无下限不管是极少数黑心自媒体还是其他人我有仇必报而且十倍还击 ,True,False,贾跃亭当初说下周回国雷军说大家都说我真诚没有一处是抄袭的许家印说要承担社会责任回头看看 || 呃呃呃呃呃发个类似辟谣追责的帖子还得附上自己的AI古风美颜图片绷不住了,2,消极,0.816142737865448,消极,0.816142737865448
5298071791208978,#追觅俞浩称有仇必报十倍还击#【#追觅俞浩回应崩老头#：黑心流氓媒体公司，我有仇必报而且十倍还击】5月12日，某自媒体发布文章《清华天才“崩老头”》质疑追觅创始人@俞浩-爱送黄金 “发表夸张言论”等行为，并非为了带货或招揽人才，而是一套瞄准地方政府产业基金的资本游戏。文章称，“俞浩麾下有数千家企业嗷嗷待哺，等待第一笔天使轮资金的进入”，俞浩盯上的不是风投机构，而是地方政府的产业基金，“是以一种史无前例的方式做大估值”。对此，俞浩发多条视频反击，他表示，古有专利流氓公司，今有黑心流氓媒体公司。敲诈勒索，博取流量，收取保护费！ 流氓媒体公司，比流氓专利公司，对企业正常发展的危害更大，是社会经济发展的毒瘤！俞浩还表示，“反正谁都不要随便招惹老子！不管是极少数黑心自媒体，还是其他人。我有仇必报！而且十倍还击！”“有人天天我们资金断不断的，你先把信用卡还了好吗？先把你的花呗还了好吗？”,1778671011,2026-05-13 11:16:51+08:00,212,24,14,1778649858458,https://m.weibo.cn/detail/5298071791208978,,1642634100,新浪科技,m,https://m.weibo.cn/u/1642634100?luicode=20000061&lfid=5298071791208978&launchid=10000360-page_H5,"https://tvax2.sinaimg.cn/crop.0.0.436.436.180/001Nakaoly8h8vh6pbz8ij60c60c4q3602.jpg?KID=imgbed,tva&Expires=1778660641&ssig=1ae9uHQVMf",追觅创始人俞浩回应崩老头,search_contents_2026-05-13.csv,search_post,,黑心流氓媒体公司我有仇必报而且十倍还击5月12日某自媒体发布文章清华天才崩老头质疑追觅创始人 发表夸张言论等行为并非为了带货或招揽人才而是一套瞄准地方政府产业基金的资本游戏文章称俞浩麾下有数千家企业嗷嗷待哺等待第一笔天使轮资金的进入俞浩盯上的不是风投机构而是地方政府的产业基金是以一种史无前例的方式做大估值对此俞浩发多条视频反击他表示古有专利流氓公司今有黑心流氓媒体公司敲诈勒索博取流量收取保护费 流氓媒体公司比流氓专利公司对企业正常发展的危害更大是社会经济发展的毒瘤俞浩还表示反正谁都不要随便招惹老子不管是极少数黑心自媒体还是其他人我有仇必报而且十倍还击有人天天我们资金断不断的你先把信用卡还了好吗先把你的花呗还了好吗,True,False,我怎么觉得这自媒体说的有点道理啊 || 下一个贾跃亭 || 贾总都大呼外行,0,消极,0.7720783352851868,消极,0.7720783352851868
5298072839522829,【#俞浩称自己朋友圈都是演给投资人看的#】近日，追觅创始人俞浩表示，自己朋友圈并非真实生活写照，大多是为营造努力人设。俞浩称：自己的朋友圈以前全都是写给投资人看的，并且写的特别勤劳，朋友圈里全是公司，都是演给别人看的。 #追觅创始人俞浩回应崩老头# 山海视频的微博视频  ,1778671261,2026-05-13 11:21:01+08:00,68,24,17,1778649858472,https://m.weibo.cn/detail/5298072839522829,,7590570074,山海视频,m,https://m.weibo.cn/u/7590570074?launchid=10000360-page_H5,"https://tvax1.sinaimg.cn/crop.0.0.512.512.180/008hHg1Aly8h8vhxwnvchj30e80e8wej.jpg?KID=imgbed,tva&Expires=1778660641&ssig=6E5KL8WRXu",追觅创始人俞浩回应崩老头,search_contents_2026-05-13.csv,search_post,,近日追觅创始人俞浩表示自己朋友圈并非真实生活写照大多是为营造努力人设俞浩称自己的朋友圈以前全都是写给投资人看的并且写的特别勤劳朋友圈里全是公司都是演给别人看的  山海视频的微博视频  ,True,False,投资人看了真的会信这努力人设吗 || 俞浩的坦诚撕开了创投圈人设运营的真相 || 原来朋友圈都是老板们的演技场啊,0,中性,0.4886992573738098,中性,0.4886992573738098
5298057030928659,【#追觅俞浩深夜回应崩老头#】5月12日，某自媒体发布文章质疑追觅创始人“发表夸张言论”等行为，并非为了带货或招揽人才，而是一套瞄准地方政府产业基金的资本游戏。俞浩12日晚深夜回应该文章：为了流量无下限。俞浩还发微博回应称：“不管是极少数黑心自媒体，还是其他人。我有仇必报！而且十倍还击！”此前，追觅科技联席总裁雷鸣当日就此发视频回应称，相关文章“基本都是在造谣和抹黑”，博取流量。他强调，依托追觅体系化能力的复用，孵化项目成功率远高于市场水平。12日晚间，在雷鸣社媒账号上，该视频已被设为私密，无法查看。@蓝鲸新闻 蓝鲸新闻的微博视频,1778667492,2026-05-13 10:18:12+08:00,61,18,6,1778649858486,https://m.weibo.cn/detail/5298057030928659,,1885454921,蓝鲸新闻,m,https://m.weibo.cn/u/1885454921?luicode=20000061&lfid=5298057030928659&launchid=10000360-page_H5,"https://tvax3.sinaimg.cn/crop.0.0.1080.1080.180/7061c249ly8h8ujcedzvdj20u00u0q38.jpg?KID=imgbed,tva&Expires=1778660648&ssig=hSfXWfYeD9",追觅创始人俞浩回应崩老头,search_contents_2026-05-13.csv,search_post,,5月12日某自媒体发布文章质疑追觅创始人发表夸张言论等行为并非为了带货或招揽人才而是一套瞄准地方政府产业基金的资本游戏俞浩12日晚深夜回应该文章为了流量无下限俞浩还发微博回应称不管是极少数黑心自媒体还是其他人我有仇必报而且十倍还击此前追觅科技联席总裁雷鸣当日就此发视频回应称相关文章基本都是在造谣和抹黑博取流量他强调依托追觅体系化能力的复用孵化项目成功率远高于市场水平12日晚间在雷鸣社媒账号上该视频已被设为私密无法查看 蓝鲸新闻的微博视频,True,False,三年之内见分晓先别吹了 || 清华毕业的也是精致的利己主义者,0,消极,0.7611350417137146,消极,0.7611350417137146
5298031978874916,1️⃣俞浩智商极高毋庸置疑 2️⃣俞浩精力旺盛再次超乎网友想象力 PS：昨晚他被『流氓自媒体』10万+爆文气得一夜没睡！凌晨2点~5点都在发视频回击，然后刚刚一大早，继续更新视频…… 我仿佛看到， 一颗新时代的劳模企业家巨星，在冉冉升起 #追觅创始人俞浩回应崩老头# ,1778661519,2026-05-13 08:38:39+08:00,8,6,0,1778649858502,https://m.weibo.cn/detail/5298031978874916,江苏,2435407712,机海风云,m,https://m.weibo.cn/u/2435407712?launchid=10000360-page_H5,"https://tvax3.sinaimg.cn/crop.0.0.1080.1080.180/91295f60ly8i4orc9m867j20u00u0wgh.jpg?KID=imgbed,tva&Expires=1778660641&ssig=Vj898MmdHq",追觅创始人俞浩回应崩老头,search_contents_2026-05-13.csv,search_post,,1俞浩智商极高毋庸置疑 2俞浩精力旺盛再次超乎网友想象力 PS昨晚他被流氓自媒体10万爆文气得一夜没睡凌晨2点5点都在发视频回击然后刚刚一大早继续更新视频 我仿佛看到 一颗新时代的劳模企业家巨星在冉冉升起  ,True,False,精力超级旺盛这一点很配合很多全职自媒体都比不上这么勤奋 || 当年贾跃亭也体力旺盛,0,积极,0.9523569941520692,积极,0.9523569941520692
5298103226994730,#追觅创始人俞浩回应崩老头#越来越看不懂这是什么操作了先是自媒体控告他有资本运作嫌疑，后来他本人又澄清声明，而且回应的很强烈，不知道是怎么了，搞不懂 ,1778678506,2026-05-13 13:21:46+08:00,0,0,0,1778649858515,https://m.weibo.cn/detail/5298103226994730,北京,7947251195,此瓜喂不饱,m,https://m.weibo.cn/u/7947251195?launchid=10000360-page_H5,"https://tvax4.sinaimg.cn/crop.0.0.1080.1080.180/008FPR4Tly8ich60kid9rj30u00u00zw.jpg?KID=imgbed,tva&Expires=1778660641&ssig=XyZKxVQbuV",追觅创始人俞浩回应崩老头,search_contents_2026-05-13.csv,search_post,,越来越看不懂这是什么操作了先是自媒体控告他有资本运作嫌疑后来他本人又澄清声明而且回应的很强烈不知道是怎么了搞不懂 ,True,False,,2,消极,0.8301805257797241,消极,0.8301805257797241
5297746158554074,#网红糖果每公斤含伟哥125000毫克#【避雷！#网红糖果掺超高剂量伟哥#，每公斤含量高达125000毫克，去年被查后仍继续售卖】近日，上海市市场监管局抽检发现，一款叫“爱必享”糖果制品中每公斤西地那非含量高达12万5千毫克，西地那非俗称伟哥，为处方药，禁止添加于普通食品中，长期或不当食用可能引发头晕、血压骤降、肝肾损伤等健康风险，尤其对儿童、女性及心血管疾病患者危害极大。2025年9月此产品就被通报过，但商家玩失联，虚假注册地址关闭涉事网店，目前已无法查询到相关商品。对此，上海市市场监管局食品抽检处工作人员表示：后续会有核查处置，不合格信息会通报涉及的外省市。 红星新闻的微博视频,1778593374,2026-05-12 13:42:54+08:00,3604,335,221,1778649948688,https://m.weibo.cn/detail/5297746158554074,,6105713761,红星新闻,f,https://m.weibo.cn/u/6105713761?luicode=20000061&lfid=5297746158554074&launchid=10000360-page_H5,"https://tvax1.sinaimg.cn/crop.0.0.512.512.180/006FcX4dly8h8vgewp7wsj30e80e8mxd.jpg?KID=imgbed,tva&Expires=1778660735&ssig=ALFfaKeUdn",网红糖果掺超高剂量伟哥,search_contents_2026-05-13.csv,search_post,,避雷每公斤含量高达125000毫克去年被查后仍继续售卖近日上海市市场监管局抽检发现一款叫爱必享糖果制品中每公斤西地那非含量高达12万5千毫克西地那非俗称伟哥为处方药禁止添加于普通食品中长期或不当食用可能引发头晕血压骤降肝肾损伤等健康风险尤其对儿童女性及心血管疾病患者危害极大2025年9月此产品就被通报过但商家玩失联虚假注册地址关闭涉事网店目前已无法查询到相关商品对此上海市市场监管局食品抽检处工作人员表示后续会有核查处置不合格信息会通报涉及的外省市 红星新闻的微博视频,True,False,避雷每公斤含量高达125000毫克去年被查后仍继续售卖 || 查到底查物流送货信息不可能糖果自己长腿自己走吧 || 上海市市场监管局抽检发现爱必享网红糖果非法添加处方药西地那非伟哥含量高达每公斤125克远超安全剂量该产品去年已被通报商家通过失联虚假注册等手段逃避监管不当食用可能导致头晕血压骤降肝肾损伤对儿童女性及心血管疾病患者查看最新戳gt微博智搜,-1,中性,0.5105058550834656,中性,0.5105058550834656
5298036708476911,#网红糖果掺超高剂量伟哥#上海市市场监管局通报：糖果制品中检出“伟哥”你以为是哄孩子的糖果，其实是催情毒药近日，上海市场监管局抽检发现，一款叫“爱必享”的糖果制品，每公斤里西地那非的含量，竟然高达十二万五千毫克，目前涉事商家已经失联。希望严查严惩，绝不姑息！ ,1778662647,2026-05-13 08:57:27+08:00,199,48,17,1778649948699,https://m.weibo.cn/detail/5298036708476911,吉林,2063190565,艾可栗,f,https://m.weibo.cn/u/2063190565?launchid=10000360-page_H5,"https://tvax2.sinaimg.cn/crop.0.0.1080.1080.180/7af9ca25ly8iasxwom2nxj20u00u00ui.jpg?KID=imgbed,tva&Expires=1778660735&ssig=XjuRCS%2Bu%2B8",网红糖果掺超高剂量伟哥,search_contents_2026-05-13.csv,search_post,,上海市市场监管局通报糖果制品中检出伟哥你以为是哄孩子的糖果其实是催情毒药近日上海市场监管局抽检发现一款叫爱必享的糖果制品每公斤里西地那非的含量竟然高达十二万五千毫克目前涉事商家已经失联希望严查严惩绝不姑息 ,True,False,严查严惩不贷 || 希望严惩严查 || 真是什么人也有,-1,消极,0.636532723903656,消极,0.636532723903656
5298030120534402,#网红糖果掺超高剂量伟哥#已经迫不及待了吗？底线呢？ ,1778661076,2026-05-13 08:31:16+08:00,4010,103,9,1778649948710,https://m.weibo.cn/detail/5298030120534402,广西,1216826604,wu2198,f,https://m.weibo.cn/u/1216826604?launchid=10000360-page_H5,"https://tvax3.sinaimg.cn/crop.0.0.1080.1080.180/48874cecly8gdj804hwz5j20u00u0djj.jpg?KID=imgbed,tva&Expires=1778660735&ssig=N4Ixg5f5Bc",网红糖果掺超高剂量伟哥,search_contents_2026-05-13.csv,search_post,,已经迫不及待了吗底线呢 ,True,False,生孩子是大事必须给我生 || 吃了能让人一直坚挺的吗,-1,消极,0.7252013683319092,消极,0.7252013683319092
5298028294701654,#网红糖果掺超高剂量伟哥#之前就被查过了现在还敢拿出来售卖 损害身体健康的东西这是疯了？？ 错位失温的微博视频 ,1778660641,2026-05-13 08:24:01+08:00,64,12,4,1778649948731,https://m.weibo.cn/detail/5298028294701654,河南,7502730968,错位失温,f,https://m.weibo.cn/u/7502730968?launchid=10000360-page_H5,"https://tvax4.sinaimg.cn/crop.0.0.1080.1080.180/008bKH3Oly8id2kszdnqzj30u00u00wr.jpg?KID=imgbed,tva&Expires=1778660735&ssig=YW8LDGgGLu",网红糖果掺超高剂量伟哥,search_contents_2026-05-13.csv,search_post,,之前就被查过了现在还敢拿出来售卖 损害身体健康的东西这是疯了 错位失温的微博视频 ,True,False,天啊  以后还有什么东西可以放心吃的 || 这还是人嘛可恶,-1,消极,0.8671526908874512,消极,0.8671526908874512
5298101111755357,#网红糖果掺超高剂量伟哥#那小孩怎么办 ,1778678002,2026-05-13 13:13:22+08:00,0,0,0,1778649948756,https://m.weibo.cn/detail/5298101111755357,福建,4052688645,煜未眠,f,https://m.weibo.cn/u/4052688645?launchid=10000360-page_H5,"https://tvax1.sinaimg.cn/crop.0.0.1080.1080.180/f18f1f05ly8icudfslum2j20u00u0tbv.jpg?KID=imgbed,tva&Expires=1778660735&ssig=2wffvDol7A",网红糖果掺超高剂量伟哥,search_contents_2026-05-13.csv,search_post,,那小孩怎么办 ,True,False,,2,中性,0.7348926663398743,中性,0.7348926663398743
5298101003748517,#网红糖果掺超高剂量伟哥#小孩吃下去伤害了身体谁负责 ,1778677976,2026-05-13 13:12:56+08:00,0,0,0,1778649948768,https://m.weibo.cn/detail/5298101003748517,浙江,7410398350,绿豆餻,f,https://m.weibo.cn/u/7410398350?launchid=10000360-page_H5,"https://tvax2.sinaimg.cn/crop.0.0.1080.1080.180/0085vh82ly8iaypzy4bl4j30u00u0n09.jpg?KID=imgbed,tva&Expires=1778660735&ssig=RdnU5MJd5q",网红糖果掺超高剂量伟哥,search_contents_2026-05-13.csv,search_post,,小孩吃下去伤害了身体谁负责 ,True,False,,2,消极,0.6805548667907715,消极,0.6805548667907715
5298072327291677,【#律师解读南审研究生偷拍案#：违法失德记录将伴随其终身】#偷拍裙底男生违法失德记录伴随终身#2026年5月11日晚，南京审计大学接到网友举报，反映该校一名研究生在校内涉嫌偷拍女生隐私。5月12日，校方发布通报，确认顾某某偷拍行为属实且情节严重，依据学校相关规定，对其作出开除学籍处分。#南京审计大学偷拍男生被开除# 事件引发广泛社会关注。网传顾某某此前已通过国家税务总局江苏省税务局公务员拟录用公示。对此，相关部门回应称，已关注到此事并介入调查。针对该事件所涉法律及行政后果，北京中银（郑州）律师事务所律师梁利波指出，顾某某行为所带来的法律后果和个人影响远不止于此。 大象新闻的微博视频,1778671139,2026-05-13 11:18:59+08:00,352,41,16,1778650035449,https://m.weibo.cn/detail/5298072327291677,,7308140398,大象新闻,f,https://m.weibo.cn/u/7308140398?luicode=20000061&lfid=5298072327291677&launchid=10000360-page_H5,"https://tvax1.sinaimg.cn/crop.0.0.1080.1080.180/007YAdaely8hue6u20f9xj30u00u00ud.jpg?KID=imgbed,tva&Expires=1778660825&ssig=3lCkFHwDdi",偷拍裙底男生违法失德记录伴随终身,search_contents_2026-05-13.csv,search_post,,违法失德记录将伴随其终身2026年5月11日晚南京审计大学接到网友举报反映该校一名研究生在校内涉嫌偷拍女生隐私5月12日校方发布通报确认顾某某偷拍行为属实且情节严重依据学校相关规定对其作出开除学籍处分 事件引发广泛社会关注网传顾某某此前已通过国家税务总局江苏省税务局公务员拟录用公示对此相关部门回应称已关注到此事并介入调查针对该事件所涉法律及行政后果北京中银郑州律师事务所律师梁利波指出顾某某行为所带来的法律后果和个人影响远不止于此 大象新闻的微博视频,True,False,今天拍女生裙底明天入职就能拍国家机密 || 怎么伴随终身啊 能不能印身份证上啊,2,中性,0.6580851674079895,中性,0.6580851674079895
5298096569322744,一个被抓住的偷拍者，几乎可以肯定是累犯。他唯一搞砸的，只是这一次被发现了而已。现实中，偷拍行为的发现率极低。宿舍楼、图书馆、地铁站里，偷拍者可能已经成功了几十次、上百次，才可能因为一次失误（比如闪光灯没关、手机掉地上、被受害者警觉）被现场抓住。你看到的“这一次”，很可能是他无数次成功中的唯一一次失败。#偷拍裙底男生违法失德记录伴随终身##南京偷拍男拟录用公务员公示期已过##江苏税务正处理偷拍男生拟录资格#,1778676919,2026-05-13 12:55:19+08:00,26,6,2,1778650035464,https://m.weibo.cn/detail/5298096569322744,河北,5132656758,江湖李傅相,m,https://m.weibo.cn/u/5132656758?luicode=20000061&lfid=5298096569322744&launchid=10000360-page_H5,"https://tvax3.sinaimg.cn/crop.0.0.1080.1080.180/005Bm6uqly8h4o727n8roj30u00u0wfu.jpg?KID=imgbed,tva&Expires=1778660829&ssig=HCVtVguP0N",偷拍裙底男生违法失德记录伴随终身,search_contents_2026-05-13.csv,search_post,,一个被抓住的偷拍者几乎可以肯定是累犯他唯一搞砸的只是这一次被发现了而已现实中偷拍行为的发现率极低宿舍楼图书馆地铁站里偷拍者可能已经成功了几十次上百次才可能因为一次失误比如闪光灯没关手机掉地上被受害者警觉被现场抓住你看到的这一次很可能是他无数次成功中的唯一一次失败,True,False,被抓住的很多也可能道歉删除了事他是没想到后果这么严重 || 你说的和卖淫嫖娼一个道理,2,消极,0.7391457557678223,消极,0.7391457557678223
5298102053373327,#偷拍裙底男生违法失德记录伴随终身#  很多人总觉得，偷拍只是“恶趣味”，顶多道个歉、删个视频就过去了。这次南京审计大学研究生偷拍事件，终于让不少人意识到：有些错误，不是“小事情”，而是人生轨迹被永久改写。被开除学籍，只是第一步。更严重的是，一旦形成违法失德记录，它影响的不只是当下，而是未来几十年的人生信用。尤其对于已经进入公务员拟录用阶段的人来说，公职系统最看重的，不只是成绩，而是“是否具备基本的规则意识和公德底线”。很多人低估了“偷拍”背后的本质。它不是简单的冲动，而是一种对他人边界、人格与隐私的蔑视。一个人在无人监督时如何对待弱势者，恰恰最能暴露其真实人格。社会越来越严厉，并不是“小题大做”，而是公众终于开始拒绝把侵犯女性隐私，当成可以被轻轻带过的玩笑。法律或许会给人改过机会，但失去敬畏的人，往往要用最昂贵的代价，才学会什么叫“后果”。 徐晚胜的微博视频,1778678226,2026-05-13 13:17:06+08:00,11,3,0,1778650035471,https://m.weibo.cn/detail/5298102053373327,湖北,1031927744,徐晚胜,f,https://m.weibo.cn/u/1031927744?luicode=20000061&lfid=5298102053373327&launchid=10000360-page_H5,"https://tvax3.sinaimg.cn/crop.0.0.683.683.180/3d81f7c0ly8hn215w6uimj20iz0iz40n.jpg?KID=imgbed,tva&Expires=1778660832&ssig=E31cu23XfS",偷拍裙底男生违法失德记录伴随终身,search_contents_2026-05-13.csv,search_post,,  很多人总觉得偷拍只是恶趣味顶多道个歉删个视频就过去了这次南京审计大学研究生偷拍事件终于让不少人意识到有些错误不是小事情而是人生轨迹被永久改写被开除学籍只是第一步更严重的是一旦形成违法失德记录它影响的不只是当下而是未来几十年的人生信用尤其对于已经进入公务员拟录用阶段的人来说公职系统最看重的不只是成绩而是是否具备基本的规则意识和公德底线很多人低估了偷拍背后的本质它不是简单的冲动而是一种对他人边界人格与隐私的蔑视一个人在无人监督时如何对待弱势者恰恰最能暴露其真实人格社会越来越严厉并不是小题大做而是公众终于开始拒绝把侵犯女性隐私当成可以被轻轻带过的玩笑法律或许会给人改过机会但失去敬畏的人往往要用最昂贵的代价才学会什么叫后果 徐晚胜的微博视频,True,False,偷拍行为不只是一时的恶趣味 || 武大偷拍男性隐私的呢,2,消极,0.7732917666435242,消极,0.7732917666435242
5298101080556138,#偷拍裙底男生违法失德记录伴随终身#我实在搞不明白，偷拍裙底有啥用？能长寿还是能挣钱？真想看，在家看电影不好吗神木·杏花滩公园 ,1778677994,2026-05-13 13:13:14+08:00,15,18,0,1778650035477,https://m.weibo.cn/detail/5298101080556138,北京,2421031427,铅医蔷薇,m,https://m.weibo.cn/u/2421031427?launchid=10000360-page_H5,"https://tvax2.sinaimg.cn/crop.0.0.1080.1080.180/904e0203ly8hu25bnnthnj20u00u0gow.jpg?KID=imgbed,tva&Expires=1778660825&ssig=60Xwt0KpfR",偷拍裙底男生违法失德记录伴随终身,search_contents_2026-05-13.csv,search_post,,我实在搞不明白偷拍裙底有啥用能长寿还是能挣钱真想看在家看电影不好吗神木杏花滩公园 ,True,False,只能说变态多这玩意没什么可看的 || 你不对劲 铅更新你之前夜班要吃泡面的 || 太素了没胃口,8,消极,0.8277105689048767,消极,0.8277105689048767
5298104363650691,#偷拍裙底男生违法失德记录伴随终身#南京审计大学一名研三学生顾某某因在校内偷拍女生裙底被开除学籍，其违法行为不仅断送了即将到手的公务员资格，更将面临终身伴随的违法失德记录，成为近期社会热议的“零容忍”典型案例。 ,1778678777,2026-05-13 13:26:17+08:00,0,0,0,1778650035483,https://m.weibo.cn/detail/5298104363650691,甘肃,6325893471,迁就我-book,f,https://m.weibo.cn/u/6325893471?launchid=10000360-page_H5,"https://tvax4.sinaimg.cn/crop.182.0.1080.1080.180/006U6NRRly8icu3vi7qq7j31440u0445.jpg?KID=imgbed,tva&Expires=1778660825&ssig=boPkaD%2FS%2Bk",偷拍裙底男生违法失德记录伴随终身,search_contents_2026-05-13.csv,search_post,,南京审计大学一名研三学生顾某某因在校内偷拍女生裙底被开除学籍其违法行为不仅断送了即将到手的公务员资格更将面临终身伴随的违法失德记录成为近期社会热议的零容忍典型案例 ,True,False,,2,消极,0.576862633228302,消极,0.576862633228302
5298104362336893,#偷拍裙底男生违法失德记录伴随终身#这就是大学大肆扩招的后果，什么样品德的学生都招进来了。这学生也是大吃苦果，不知道是啥心理去做这种缺德的事？微博兴趣创作计划 ,1778678777,2026-05-13 13:26:17+08:00,0,0,0,1778650035489,https://m.weibo.cn/detail/5298104362336893,湖南,1911662994,梦牛牛2010,m,https://m.weibo.cn/u/1911662994?launchid=10000360-page_H5,"https://tvax3.sinaimg.cn/crop.0.0.996.996.180/71f1a992ly8gk0o79orbsj20ro0ro779.jpg?KID=imgbed,tva&Expires=1778660825&ssig=a5acs48%2Fae",偷拍裙底男生违法失德记录伴随终身,search_contents_2026-05-13.csv,search_post,,这就是大学大肆扩招的后果什么样品德的学生都招进来了这学生也是大吃苦果不知道是啥心理去做这种缺德的事微博兴趣创作计划 ,True,False,,2,消极,0.8484570980072021,消极,0.8484570980072021
5298104249094401,#偷拍裙底男生违法失德记录伴随终身#偷拍这位小伙的，也不是什么好东西，间接害了这位小伙！ ,1778678750,2026-05-13 13:25:50+08:00,0,0,0,1778650035496,https://m.weibo.cn/detail/5298104249094401,吉林,1063740617,勤劳的铁蛋儿,m,https://m.weibo.cn/u/1063740617?launchid=10000360-page_H5,"https://tvax2.sinaimg.cn/crop.0.0.996.996.180/3f6764c9ly8g3fwzz4kwzj20ro0rowhs.jpg?KID=imgbed,tva&Expires=1778660825&ssig=1Y%2BNGtq%2B0r",偷拍裙底男生违法失德记录伴随终身,search_contents_2026-05-13.csv,search_post,,偷拍这位小伙的也不是什么好东西间接害了这位小伙 ,True,False,,2,消极,0.8126915097236633,消极,0.8126915097236633
5298103977775150,#偷拍裙底男生违法失德记录伴随终身#偷拍裙底这种行为根本不是什么小事，已经不只是没素质、没教养这么简单，妥妥的违法又失德。  真的高考只能筛分数，并不能筛人品！！ ,1778678685,2026-05-13 13:24:45+08:00,0,0,0,1778650035499,https://m.weibo.cn/detail/5298103977775150,福建,8318840194,小美香菜泥,f,https://m.weibo.cn/u/8318840194?launchid=10000360-page_H5,"https://tvax4.sinaimg.cn/crop.0.0.1080.1080.180/0094Z0lQly8ib8t97nxkyj30u00u075d.jpg?KID=imgbed,tva&Expires=1778660825&ssig=lvSa8gFc73",偷拍裙底男生违法失德记录伴随终身,search_contents_2026-05-13.csv,search_post,,偷拍裙底这种行为根本不是什么小事已经不只是没素质没教养这么简单妥妥的违法又失德  真的高考只能筛分数并不能筛人品 ,True,False,,2,消极,0.8384686708450317,消极,0.8384686708450317
5296996466295651,巩俐正式官宣出席今年的戛纳国际电影节！除了作为巴黎欧莱雅代言人出席相关宣传活动外，她的代表作之一《霸王别姬》也将在本届戛纳电影节的“戛纳经典”单元进行4K修复版重映。作为与戛纳渊源最深的华语电影人之一，巩俐不仅曾多次携作品入围戛纳，主演的《霸王别姬》还曾摘得金棕榈大奖。1997年，巩俐成为首位戛纳电影节主竞赛单元华人评委；同年，巴黎欧莱雅正式成为戛纳电影节官方合作伙伴。而巩俐与巴黎欧莱雅的缘分早在1996年就开启了，今年恰好是双方携手的30周年。这三十年间，巩俐与巴黎欧莱雅和戛纳电影节间都产生了深深的羁绊，三者互相成就了一段佳话。三十而骊，在这个五月，期待巩俐携手巴黎欧莱雅再赴蔚蓝海岸，书写关于电影与美的全新篇章。 #巩俐巴黎欧莱雅相伴30年#,1778414634,2026-05-10 12:03:54+08:00,806,99,93,1778650143124,https://m.weibo.cn/detail/5296996466295651,上海,5097562275,FashionModels,m,https://m.weibo.cn/u/5097562275?luicode=20000061&lfid=5296996466295651&launchid=10000360-page_H5,"https://tvax3.sinaimg.cn/crop.0.0.512.512.180/005yYQOnly8gr3s9w70foj60e80e875b02.jpg?KID=imgbed,tva&Expires=1778660933&ssig=SEei4Al6BR",巩俐巴黎欧莱雅相伴30年,search_contents_2026-05-13.csv,search_post,,巩俐正式官宣出席今年的戛纳国际电影节除了作为巴黎欧莱雅代言人出席相关宣传活动外她的代表作之一霸王别姬也将在本届戛纳电影节的戛纳经典单元进行4K修复版重映作为与戛纳渊源最深的华语电影人之一巩俐不仅曾多次携作品入围戛纳主演的霸王别姬还曾摘得金棕榈大奖1997年巩俐成为首位戛纳电影节主竞赛单元华人评委同年巴黎欧莱雅正式成为戛纳电影节官方合作伙伴而巩俐与巴黎欧莱雅的缘分早在1996年就开启了今年恰好是双方携手的30周年这三十年间巩俐与巴黎欧莱雅和戛纳电影节间都产生了深深的羁绊三者互相成就了一段佳话三十而骊在这个五月期待巩俐携手巴黎欧莱雅再赴蔚蓝海岸书写关于电影与美的全新篇章 ,True,False,和一个品牌长达30年的深度合作放在全球望去也没有多少人能匹敌 || 巩俐已经是欧莱雅终身代言人一说欧莱雅第一个就想到巩俐 || 坐等巩皇用裸唇妆再次惊艳戛纳,4,积极,0.7649741768836975,积极,0.7649741768836975
5297403680786751,燥候我哥的“戛纳已抵达”急急急 ,1778511721,2026-05-11 15:02:01+08:00,198,15,60,1778650143136,https://m.weibo.cn/detail/5297403680786751,广东,6114200912,粗薯要大份的,f,https://m.weibo.cn/u/6114200912?launchid=10000360-page_H5,"https://tvax1.sinaimg.cn/crop.0.0.1080.1080.180/006FMyXKly8ibfzurfc5sj30u00u00wi.jpg?KID=imgbed,tva&Expires=1778660932&ssig=l4KItpdns5",巩俐巴黎欧莱雅相伴30年,search_contents_2026-05-13.csv,search_post,,燥候我哥的戛纳已抵达急急急 ,True,False,这也不是着急的事儿急也没用知道今年是这个节奏了就行挺好的有类似这样的待遇我就很满意了 || 是不是走的前一天宣发 看这个节奏 || 怎么没看到巩皇的机场她就到了,-1,中性,0.7302078008651733,中性,0.7302078008651733
5298062163448647,#巩俐巴黎欧莱雅相伴30年#  每年都有人来，也都有人走，只有她一直在……. #巩俐 女王气场# #戛纳电影节# ,1778668716,2026-05-13 10:38:36+08:00,25,9,0,1778650143147,https://m.weibo.cn/detail/5298062163448647,上海,1724678141,流行色YC,m,https://m.weibo.cn/u/1724678141?launchid=10000360-page_H5,"https://tva3.sinaimg.cn/crop.59.91.456.456.180/66cc7ffdgw1eg2eej14llj20fw0l40uk.jpg?KID=imgbed,tva&Expires=1778660932&ssig=doy1slRfWj",巩俐巴黎欧莱雅相伴30年,search_contents_2026-05-13.csv,search_post,,  每年都有人来也都有人走只有她一直在   ,True,False,这次太爽了 || 巩俐还真是喜欢戛纳张曼玉年年请都不去 || 毕竟是巩皇,4,中性,0.4924612045288086,中性,0.4924612045288086
5297963071176818,#巩俐巴黎欧莱雅相伴30年#巩俐戛纳开幕式致辞 ,1778645090,2026-05-13 04:04:50+08:00,13,0,0,1778650143157,https://m.weibo.cn/detail/5297963071176818,重庆,7592964742,隨雲泊居,m,https://m.weibo.cn/u/7592964742?launchid=10000360-page_H5,"https://tvax3.sinaimg.cn/crop.0.0.1080.1080.180/008hRiZgly8h80j2utlyrj30u00u0taa.jpg?KID=imgbed,tva&Expires=1778660932&ssig=83GHt%2FQor%2B",巩俐巴黎欧莱雅相伴30年,search_contents_2026-05-13.csv,search_post,,巩俐戛纳开幕式致辞 ,True,False,,4,中性,0.6505221724510193,中性,0.6505221724510193
5296999576372611,在品牌的签约逻辑里，流量是易耗品，而“30年”的合作，是一个近乎神迹的尺度。没错，我说的是1996年至今，巩俐与巴黎欧莱雅的携手，早已超越了商业代言的范畴。在快节奏更迭的明星代言史上，这不仅是一份经典的契约，更是一场关于“东方风华”的养成与见证。今年戛纳电影节，巴黎欧莱雅不仅将携手这位灵感缪斯再次登台，更将与她一同见证《霸王别姬》在“戛纳经典”单元的重映。这种级别的商业致敬，是品牌在用整部影史的厚度，为她的三十年芳华加冕。回望1993年，戛纳海边的白衬衫定格了那个意气风发的黄金年代。从那时青涩却笃定的自我表达，到如今举手投足间恢弘气场，巩俐用三十年的跨度，精准诠释了一代中国女性的美丽进化论：美，不再是取悦外界的装饰，而由内而外的力量。2026年的戛纳红毯，这道名为“巩俐”的时间光影将再度重现。当经典影像与当下风姿交叠，我们期待的不止是一次亮相，更是那句“我值得拥有”在岁月洗炼后的最美好回响。三十年，既是传奇的注脚，也是永恒的开场。巩俐，戛纳见！#巩俐巴黎欧莱雅相伴30年#,1778415375,2026-05-10 12:16:15+08:00,679,78,60,1778650143165,https://m.weibo.cn/detail/5296999576372611,中国台湾,1614137095,Chrison克里森,m,https://m.weibo.cn/u/1614137095?luicode=20000061&lfid=5296999576372611&launchid=10000360-page_H5,"https://tvax3.sinaimg.cn/crop.0.0.1080.1080.180/001LeKNhly8i9ov2fkxn1j60u00u0wke02.jpg?KID=imgbed,tva&Expires=1778660936&ssig=q1GxIXAkTi",巩俐巴黎欧莱雅相伴30年,search_contents_2026-05-13.csv,search_post,,在品牌的签约逻辑里流量是易耗品而30年的合作是一个近乎神迹的尺度没错我说的是1996年至今巩俐与巴黎欧莱雅的携手早已超越了商业代言的范畴在快节奏更迭的明星代言史上这不仅是一份经典的契约更是一场关于东方风华的养成与见证今年戛纳电影节巴黎欧莱雅不仅将携手这位灵感缪斯再次登台更将与她一同见证霸王别姬在戛纳经典单元的重映这种级别的商业致敬是品牌在用整部影史的厚度为她的三十年芳华加冕回望1993年戛纳海边的白衬衫定格了那个意气风发的黄金年代从那时青涩却笃定的自我表达到如今举手投足间恢弘气场巩俐用三十年的跨度精准诠释了一代中国女性的美丽进化论美不再是取悦外界的装饰而由内而外的力量2026年的戛纳红毯这道名为巩俐的时间光影将再度重现当经典影像与当下风姿交叠我们期待的不止是一次亮相更是那句我值得拥有在岁月洗炼后的最美好回响三十年既是传奇的注脚也是永恒的开场巩俐戛纳见,True,False,30年了 还霸王别姬呢 那看来也是没啥进步 || 三十年长情相守早已超越普通商业代言巩俐与巴黎欧莱雅双向奔赴定格东方女性独有的风华与底气从戛纳青涩身影到如今从容气场她演绎的美是由内而外的自信与力量经典永续时光加冕期待戛纳再遇巩俐风采续写传奇篇章,4,积极,0.912404239177704,积极,0.912404239177704
5297431954852405,#凤凰网时尚直击2026戛纳国际电影节# 巩俐第21次受邀出席戛纳电影节，和自己的欧莱雅广告牌同框合影，随手比耶、挥花的瞬间，还是那个松弛又霸气的“巩皇”。期待巩俐明天在戛纳电影节开幕红毯的精彩亮相！#巩俐巴黎欧莱雅相伴30年# ,1778518462,2026-05-11 16:54:22+08:00,6,0,0,1778650143171,https://m.weibo.cn/detail/5297431954852405,,2162418640,凤凰网FASHION,f,https://m.weibo.cn/u/2162418640?launchid=10000360-page_H5,"https://tvax1.sinaimg.cn/crop.0.0.600.600.180/002mlhS0ly8h9sptt8ebwj60go0go74x02.jpg?KID=imgbed,tva&Expires=1778660932&ssig=sekZWa3rdT",巩俐巴黎欧莱雅相伴30年,search_contents_2026-05-13.csv,search_post,, 巩俐第21次受邀出席戛纳电影节和自己的欧莱雅广告牌同框合影随手比耶挥花的瞬间还是那个松弛又霸气的巩皇期待巩俐明天在戛纳电影节开幕红毯的精彩亮相 ,True,False,,4,积极,0.9533552527427672,积极,0.9533552527427672
5297913576033353,快❗有🧧🧧🧧 🔗放评论里了#巩俐巴黎欧莱雅相伴30年# ,1778633290,2026-05-13 00:48:10+08:00,9,2,0,1778650143188,https://m.weibo.cn/detail/5297913576033353,福建,6180758758,捡垃圾小队长,f,https://m.weibo.cn/u/6180758758?launchid=10000360-page_H5,"https://tvax2.sinaimg.cn/crop.0.0.1080.1080.180/006KhPHoly8g7eyfiwxgkj30u00u0n0c.jpg?KID=imgbed,tva&Expires=1778660932&ssig=6DkcGPOLUA",巩俐巴黎欧莱雅相伴30年,search_contents_2026-05-13.csv,search_post,,快有 放评论里了 ,True,False,直达①网页链接  直达②网页链接 || 烦死掉第三方,0,中性,0.8425701260566711,中性,0.8425701260566711
5296754173937260,上海迪士尼爸爸因为优速通崩溃吵架。很多人竟然认同那个爸爸？不是我穷我有理。迪士尼，不是医院，也不是飞机，而是一个非必要的娱乐商业。不愿意多花钱买优速通，一个项目180元，要排队3小时，眼睁睁看着别人买了优速通的先去，最后在那闹，想靠闹突破规则。小孩不懂社会规则，不懂现实残酷，这位40岁的爸爸还不懂吗？还有人说，要废除优速通这种花钱买插队免排队的规则，这是游乐园盈利的模式，游客那点票价根本就不够利润，只买个基本门票进去，不额外消费，其实是非常划算的，相当于吃到了那些消费多的人给的补贴。这时候又提出来，提高门票价格，把消费不起的拒之门外，减少排队。怎么，这时候又不谈人人平等了。,1778356867,2026-05-09 20:01:07+08:00,3408,165,308,1778650239422,https://m.weibo.cn/detail/5296754173937260,北京,1758430381,-iew-,f,https://m.weibo.cn/u/1758430381?luicode=20000061&lfid=5296754173937260&launchid=10000360-page_H5,"https://tva2.sinaimg.cn/crop.0.0.180.180.180/68cf84adjw1e8qgp5bmzyj2050050aa8.jpg?KID=imgbed,tva&Expires=1778661023&ssig=sLq1bBoORO",迪士尼优速通,search_contents_2026-05-13.csv,search_post,,上海迪士尼爸爸因为优速通崩溃吵架很多人竟然认同那个爸爸不是我穷我有理迪士尼不是医院也不是飞机而是一个非必要的娱乐商业不愿意多花钱买优速通一个项目180元要排队3小时眼睁睁看着别人买了优速通的先去最后在那闹想靠闹突破规则小孩不懂社会规则不懂现实残酷这位40岁的爸爸还不懂吗还有人说要废除优速通这种花钱买插队免排队的规则这是游乐园盈利的模式游客那点票价根本就不够利润只买个基本门票进去不额外消费其实是非常划算的相当于吃到了那些消费多的人给的补贴这时候又提出来提高门票价格把消费不起的拒之门外减少排队怎么这时候又不谈人人平等了,True,False,迪士尼的门票本来就是两三千你愿意排队的话就是五百块花多少钱得到多少体验感没钱就搁家里待着 || 这个世界有特权的地方多了去了哪里不值得质疑要去游乐园质疑 || 我当年第一次去迪士尼的时候那时候没买年卡就是动用钞能力买优速通我没钱但我知道该用的时候就用难得去一次就动用钞能力后来有了年卡就没再买过优速通了可以分散了去玩这个爸爸难得带孩子去一次还要计较千把块钱购买时间的钱还把气撒在打工人身上太不上路子了,1,消极,0.8341091871261597,消极,0.8341091871261597
5298041047221563,#迪士尼优速通#多花钱享受的服务也会不一样，热门项目正常排队一两小时，看到有人不排队过去心里不舒服也很正常 ,1778663681,2026-05-13 09:14:41+08:00,1278,337,24,1778650239428,https://m.weibo.cn/detail/5298041047221563,浙江,7331622139,小怡说车,f,https://m.weibo.cn/u/7331622139?launchid=10000360-page_H5,"https://tvax4.sinaimg.cn/crop.0.0.1080.1080.180/0080aJPZly8h7k815nfi4j30u00u00ud.jpg?KID=imgbed,tva&Expires=1778661019&ssig=n1WQ2OVuu1",迪士尼优速通,search_contents_2026-05-13.csv,search_post,,多花钱享受的服务也会不一样热门项目正常排队一两小时看到有人不排队过去心里不舒服也很正常 ,True,False,舍不得钱又不想排队就不要去要么错峰出行我错峰出行大项目都能刷两遍 || 优速通确实贵但为了孩子开心的笑脸少排几小时队也算值得了 || 要排很长时间队就不想去,1,中性,0.5594847798347473,中性,0.5594847798347473
5298037515354947,迪士尼优速通这事最近闹得挺大。 ,1778662839,2026-05-13 09:00:39+08:00,3039,527,28,1778650239433,https://m.weibo.cn/detail/5298037515354947,广东,1796445350,锋潮科技,m,https://m.weibo.cn/u/1796445350?launchid=10000360-page_H5,"https://tvax2.sinaimg.cn/crop.0.0.1080.1080.180/6b1394a6ly8gdj69cqcx8j20u00u0dhh.jpg?KID=imgbed,tva&Expires=1778661019&ssig=%2BKn5EDeQEr",迪士尼优速通,search_contents_2026-05-13.csv,search_post,,迪士尼优速通这事最近闹得挺大 ,True,False,是的这位爸爸都当爸爸了就不要这么幼稚了 || 有钱真系可以大晒架 || 评论区主要分为三派观点65支持市场规则认为优速通是花钱买时间的合理商业行为25质疑公平性指出视觉化的插队加剧心理落差10关注情绪层面将父亲崩溃视为生活压力的投射争议焦点在于商业逻辑与公共娱乐中公平感知的平衡查看最新戳gt微博智搜,1,消极,0.6461178660392761,消极,0.6461178660392761
5298033266524918,#迪士尼优速通#当年的优速通居然是免费的 ,1778661826,2026-05-13 08:43:46+08:00,247,51,15,1778650239439,https://m.weibo.cn/detail/5298033266524918,重庆,5515911489,马叉子子,m,https://m.weibo.cn/u/5515911489?launchid=10000360-page_H5,"https://tvax3.sinaimg.cn/crop.0.0.1080.1080.180/0061icylly8iblw2o5qttj30u00u077v.jpg?KID=imgbed,tva&Expires=1778661019&ssig=tXdIABLiVn",迪士尼优速通,search_contents_2026-05-13.csv,search_post,,当年的优速通居然是免费的 ,True,False,居然是免费的 || 又不是一两百节假日六七百吧园区不控制人数不说别的光这三小时不能随便去厕所就很有问题吧,1,中性,0.6930819153785706,中性,0.6930819153785706
5297352269104545,这两天被迪士尼优速通的事情刷屏了大致就是一位父亲五一带孩子去玩，排了三个小时队，看到旁边的VIP通道一直在放人进，一下子来了情绪我看了很多博主的分析和观点表达，说实话两头都能理解，但我个人更倾向于反方迪士尼这种游乐性质的场所，实际贩卖的是服务和体验，这往往是直接和钱挂钩的，而且很多人误解了一个概念，并不是优速通插队了普通通道，而且原本就是两个不同的通道这本质上和飞机头等舱通道没什么区别我的理解是，娱乐性质项目，大家都自主选择权，觉得不合理就不去，省钱省时间更不用生气受罪反而像真正办事、就医等等情况，才需要特别关注当然，以上仅仅是我个人观点，如有不同见解可以友好讨论,1778499464,2026-05-11 11:37:44+08:00,1394,439,23,1778650239447,https://m.weibo.cn/detail/5297352269104545,广东,3254988854,向北不断电,m,https://m.weibo.cn/u/3254988854?luicode=20000061&lfid=5297352269104545&launchid=10000360-page_H5,"https://tvax1.sinaimg.cn/crop.0.0.600.600.180/c2033036ly8hci7a2hx65j20go0goq3z.jpg?KID=imgbed,tva&Expires=1778661026&ssig=D6aiUTQfuh",迪士尼优速通,search_contents_2026-05-13.csv,search_post,,这两天被迪士尼优速通的事情刷屏了大致就是一位父亲五一带孩子去玩排了三个小时队看到旁边的VIP通道一直在放人进一下子来了情绪我看了很多博主的分析和观点表达说实话两头都能理解但我个人更倾向于反方迪士尼这种游乐性质的场所实际贩卖的是服务和体验这往往是直接和钱挂钩的而且很多人误解了一个概念并不是优速通插队了普通通道而且原本就是两个不同的通道这本质上和飞机头等舱通道没什么区别我的理解是娱乐性质项目大家都自主选择权觉得不合理就不去省钱省时间更不用生气受罪反而像真正办事就医等等情况才需要特别关注当然以上仅仅是我个人观点如有不同见解可以友好讨论,True,False,这和飞机一样飞机能超载吗给你卖站票价高的有位置是吧 || 和飞机比喻那就不标准了同一趟飞机你优先登机还不是跟普通票同时间抵达优先时间不明显迪士尼这种优速通讲白了就是花钱买插队 || 原博认为迪士尼优速通是合理的商业分级服务类似飞机头等舱强调消费者有自主选择权觉得不合理可不参与娱乐场所应遵循市场规则刚性需求场景才需重点关注公平争议核心在于商业效率与公平感知的冲突理性看待规则比情绪爆发更建设性查看最新戳gt微博智搜,1,消极,0.5453653931617737,消极,0.5453653931617737
5298105111285121,#迪士尼优速通#有个问题，迪士尼是不是不叫优速通啊 ,1778678955,2026-05-13 13:29:15+08:00,0,0,0,1778650239458,https://m.weibo.cn/detail/5298105111285121,北京,1651957437,小東邪Leila,f,https://m.weibo.cn/u/1651957437?launchid=10000360-page_H5,"https://tvax2.sinaimg.cn/crop.0.0.1080.1080.180/6276debdly8ha5e30r177j20u00u00v3.jpg?KID=imgbed,tva&Expires=1778661019&ssig=2ER6fBTqNe",迪士尼优速通,search_contents_2026-05-13.csv,search_post,,有个问题迪士尼是不是不叫优速通啊 ,True,False,,1,中性,0.8977929949760437,中性,0.8977929949760437
5298042422167766,#迪士尼优速通#争议的点完全跑偏了好吗就像高铁飞机分普通和商务舱，商务舱并不会影响普通人的路程时间但是优速通侵占的是普通人的排队时间和权益这根本不是花不花钱的争议点，而是商家把普通人的时间当成商品在售卖，他提供的不是自己配套的服务，而是牺牲了普通游客的利益 ,1778664009,2026-05-13 09:20:09+08:00,67,17,5,1778650239467,https://m.weibo.cn/detail/5298042422167766,湖北,6478299934,-香香味的小船儿-,f,https://m.weibo.cn/u/6478299934?launchid=10000360-page_H5,"https://tvax2.sinaimg.cn/crop.0.0.1080.1080.180/0074qhKCly8h661pxynxbj30u00u00v6.jpg?KID=imgbed,tva&Expires=1778661019&ssig=ockXinFtyN",迪士尼优速通,search_contents_2026-05-13.csv,search_post,,争议的点完全跑偏了好吗就像高铁飞机分普通和商务舱商务舱并不会影响普通人的路程时间但是优速通侵占的是普通人的排队时间和权益这根本不是花不花钱的争议点而是商家把普通人的时间当成商品在售卖他提供的不是自己配套的服务而是牺牲了普通游客的利益 ,True,False,有没有可能是它也分优速通席位和普通席位只是优速通没坐满给普通的也上这样利好普通席位但是现在迪士尼正在试点取消普通人补坐不满的优速通席位优速通坐不满发空车也不给普通的了这样普通排的又长了 || 你说在点上了,1,消极,0.7796272039413452,消极,0.7796272039413452
5297545333180118,笑得我谁说的电影届的秦岭淮河线 ,1778545494,2026-05-12 00:24:54+08:00,7447,369,317,1778650318938,https://m.weibo.cn/detail/5297545333180118,四川,2423325250,荷兰豆本豆豆荷,f,https://m.weibo.cn/u/2423325250?launchid=10000360-page_H5,"https://tvax1.sinaimg.cn/crop.0.0.1024.1024.180/90710242ly8i795fmtrfjj20sg0sgtbv.jpg?KID=imgbed,tva&Expires=1778661105&ssig=FTXjdPQRnj",给阿嬷的情书消失的人 秦岭淮河线,search_contents_2026-05-13.csv,search_post,,笑得我谁说的电影届的秦岭淮河线 ,True,False,我去原来是一路北伐 || 真的特别好看希望有更多人到影院支持 || 我会等全部变成粉色的那一天,4,积极,0.8385156393051147,积极,0.8385156393051147
5298086943394417,#给阿嬷的情书消失的人 秦岭淮河线#“暹罗在这头，唐山在那头，你在我心里头”看完《给阿嬷的情书》才知道暹罗真的含义，是远赴异国的无奈！#给阿嬷的情书 戛纳##微博二创视频创作季# 娱夭夭的微博视频 ,1778674624,2026-05-13 12:17:04+08:00,84,12,2,1778650318948,https://m.weibo.cn/detail/5298086943394417,湖北,1761831652,娱夭夭,f,https://m.weibo.cn/u/1761831652?launchid=10000360-page_H5,"https://tvax3.sinaimg.cn/crop.0.1.1080.1080.180/9e18495ely8i5b6gsdb3pj20u00u0n0r.jpg?KID=imgbed,tva&Expires=1778661105&ssig=stMYjhD%2FNt",给阿嬷的情书消失的人 秦岭淮河线,search_contents_2026-05-13.csv,search_post,,暹罗在这头唐山在那头你在我心里头看完给阿嬷的情书才知道暹罗真的含义是远赴异国的无奈 娱夭夭的微博视频 ,True,False,一封封情书  藏着他没说出口的爱和遗憾  原来他从来都没忘记过和她的约定 || 这个剧真的好看,-1,消极,0.6242897510528564,消极,0.6242897510528564
5298067441192051,#阿云嘎发视频道歉#好电影真的不会被埋没啊 这部电影很有内涵 阿云嘎也被感动到了 电影届就应该多出点这样的影片 不要执着于那些没内涵的商业片了#给阿嬷的情书消失的人 秦岭淮河线# ,1778669974,2026-05-13 10:59:34+08:00,110,18,3,1778650318957,https://m.weibo.cn/detail/5298067441192051,江苏,3972623079,半截诗断在我的血骨里,m,https://m.weibo.cn/u/3972623079?launchid=10000360-page_H5,"https://tvax3.sinaimg.cn/crop.0.1.1078.1078.180/ecc96ae7ly8id3n53cy83j20ty0u0q67.jpg?KID=imgbed,tva&Expires=1778661105&ssig=%2FRE%2FFQj9cB",给阿嬷的情书消失的人 秦岭淮河线,search_contents_2026-05-13.csv,search_post,,好电影真的不会被埋没啊 这部电影很有内涵 阿云嘎也被感动到了 电影届就应该多出点这样的影片 不要执着于那些没内涵的商业片了 ,True,False,你觉得给阿嬷的情书好看吗 || 居然还没有看 || 这个电影真的好看强烈推荐看完之后给我哭的真的很需要这样的好电影,8,积极,0.9530190229415894,积极,0.9530190229415894
5297728557158110,【#给阿嬷的情书为何如此催泪# 】这些天，潮汕方言故事片《 #给阿嬷的情书# 》热度持续发酵，豆瓣电影评分攀升至9.1分，是今年以来开分最高的国产电影。#给阿嬷的情书消失的人 秦岭淮河线# #王传君包场给阿嬷的情书#  等话题纷纷冲上全国热搜。电影中，潮汕阿嬷叶淑柔年轻时，丈夫郑木生下南洋谋生，此后的数十年，寄来了一封封书信和银钱。但她没想到的是，丈夫在1960年已去世，后面写来“情书”的，是一位叫谢南枝的陌生女子。翻看评论，“眼泪”是观众不约而同提及的高频词，“这个片子后劲真大，在电影院疯狂落泪”。没有流量明星光环，也没有华丽的宣发阵容，这部娓娓道来的影片，为何如此好哭？今天，我们通过五句话，来感受那些跨越万水千山的情与义。【一、江海万里，心中念你，便不觉遥远】情书是电影的主线。远隔重洋，纸短情长，书信是乱世间叶淑柔与郑木生最主要的牵连。一封封情书里，藏着中国式爱情的含蓄与绵长，后劲十足。叶淑柔年轻时与郑木生私奔成婚，一辆手搓的木头单车就是定情信物。可命运弄人，几年后郑木生因躲避“抓壮丁”远渡重洋，靠卖苦力为生，却从未有一刻忘记过妻子，留守故乡的叶淑柔亦时刻期盼着丈夫的来信。最开始，情书是郑木生托人代笔的，后来，郑木生去世，南洋华侨旅馆老板的女儿谢南枝延续着郑木生的心意，将一封封情书寄给叶淑柔。在那个车马很慢的年代，一纸信笺盛不下太多缱绻爱意，异乡人只能收拢艰辛，把牵挂揉入家常。他们不说“等我回来”，只说“江海万里，心中念你，便不觉遥远”；他们不写“我想你”，只写“暹罗没有春天，你就是我的春天”。见信如晤，念你如初。那些侨批（侨批是晚清至20世纪70年代，海外华侨寄回中国家乡、“信款合一”的家书与汇款凭证的合称）薄如蝉翼，却重若千钧。侨批里没有直接出现“爱”这个字，可那些寄回家的银钱和书信，却是游子在生活中拼尽全力攒出的温柔。总有那么一些人，在历史的剧烈震荡中，用最笨拙的方式守着一颗不灭的真心。纵然江海万里、岁月迢迢，只要所念之人尚在、所承之诺未尽，爱意远隔千山万水也能呼应。【二、为你，生活不怕从头再来】影片中，谢南枝和她的父亲原本经营着一家小旅馆，里面住满了背井离乡的华工，生活虽不算富裕，但在乱世中倒也安稳。直到一场夜里的大火撕碎了他们的平静生活，也吞噬了郑木生用汗水换来的家当，更让人揪心的是，郑木生因在情急之下暴打纵火者而入狱两年。或许，命运最残忍之处就在于，每当你觉得幸福即将来临，它又趁你不备让所有的期盼化为乌有。身边是日渐老去的父亲，远方是急需银钱的郑木生家眷，在失去小旅馆后，谢南枝靠给人洗碗维持生计，又支起了无米粿摊，扛起两家人的生计。而出狱后的郑木生也没有被坎坷命运击垮，转而向海求生，用命搏得家人安稳度日的筹码。其实，谢南枝和郑木生身上有着千千万万普通人的倒影。我们都曾有被生活逼到近乎绝境、满身泥泞的时刻，但谁不是在生活的夹缝里求一个岁岁平安，谁又不是在为家人拼一份好好活着的希望？亲人在，人生尚有来处。他们会为我们的远行而辗转难眠，也会为我们的归来而热泪盈眶。他们是身后割舍不下的牵挂，是心底最柔软的念想，也是我们熬过漫长黑夜、不惧从头再来的底色。【三、最赤诚的情，偏要轻轻地说】“往后切莫孤勇，平安为要”“敬你持家有方，但切莫过于节俭，一切有我”“谁言女子之肩膀不够伟岸，为母则刚，恰似你的样子”……很多观众留言说，明明影片的镜头表达平淡如水，但在看到谢南枝写给叶淑柔的“情书”一一出现时，看到两人在余生无几的时光里终于相识时，泪水已在不经意间决堤。比起强烈的戏剧冲突，朴实无华的家常絮语似乎更能戳人心肺。当孙子晓伟去国外寻找阿公后，叶淑柔才知道，后面18年写信来的，竟然是素未谋面的谢南枝。一封封侨批，滋养了叶淑柔的余生。而叶淑柔在信中展现出的勇敢、慈爱和通透，也教会了谢南枝如何成为一位温柔又有力量的母亲。最赤诚的情，偏要轻轻地说，就像电影里潮汕屋檐下无声滴落的雨，悄悄渗入我们心底。两位坚韧女性间的情义，撑起了彼此的世界。旧时光里至真至纯的侠义与柔情，足以超越血缘与距离的界定，在动荡岁月里为彼此撑起一片晴空。【四、乡音在耳，乡情就永远温热】在真实的历史中，“身世浮沉雨打萍”是“番客”闯荡的底色。影片对郑木生意外离世的描绘虽只有轻描淡写的一笔，却照见了当年无数普通人的苦难处境。他们没有资本与地位，往往依靠开矿、修路等重体力活赚取报酬；他们背负着一家人的生计，在异乡的烈日暴雨下咬牙坚持，却也随时可能被命运的巨浪吞噬。但无论身在何处，他们依然守着乡音俚语，守着对中华文化的坚持。我们在电影中看到的油柑、橄榄、无米粿，不仅是乡土滋味，更是无法割舍的牵绊；我们还看到，郑木生和谢南枝父亲等人即便生活拮据，也坚持开办私人培训班，教孩子们学中文、念古诗，只为让下一代不忘来时路。而后谢南枝接过了教书育人的接力棒，教后辈学会“人有口和手”……很多观众可能听不懂潮汕话，但却能读懂那份对乡情的眷恋。油柑会涩，无米粿会凉，但有人在故乡就不会死。游子不是不愿回头，而是怕岸上已无人等待。乡音在耳，便是最后的回答：你从哪里来，就永远可以回哪里去。【五、做人得有情有义】“做人有情有义”，这是电影海报上的宣传语，是影片中阿嬷教育子孙的为人处世之道，也是贯穿影片始终的精神内核。这份情义，不仅是儿女情长、不离不弃，还是对同胞的守望相助，是颠沛流离的岁月里依然刻在中国人骨血中的真善美。受过郑木生帮助的孩子们长大后，在南洋捐赠了多所木生中学；邮差在大雨中送信时不慎落水，却坚持打捞起一封封侨批，因为那承载着许多人对家人的牵挂；银信局里，大家自发为同胞生病的母亲凑医药费，那是素昧平生却义薄云天的真情……他们都是大时代中无比平凡的普通人，却用最质朴的行动，诠释着“有情有义”的普世价值观。情义在故事里，也在现实里。影片结尾展示的侨批档案，同样在讲述关于情与义的往事。有人给妻子留下叮嘱，“见信至切赎回吾女回家”，读来辛酸不已；有人为抗美援朝战争捐款，用微薄之力支援前线；还有人听闻汕头大学被正式批准成立后欣喜不已，写信时表示：“教育是科技建设的摇篮……今能建立实我潮汕之幸也。”一封封“情书”，连着小家的悲欢，也折射出时代的滚烫。情义相通，汇聚成海，让泛黄的字迹重新滚烫，也让我们看见了“情义”的具体模样：先辈们或许不懂什么是伟大，只是一次又一次选择对得起自己的真心；人可以无数次被生活碾碎，却依然可以选择有情有义……《给阿嬷的情书》导演蓝鸿春写道，这是“一封写给所有海外侨胞、写给家国故土的情书，更是对华夏儿女精神血脉的深情礼赞”。“情书”中写着——敬良知，敬坚韧，敬情义，敬散落四方却从未断裂的血脉，也敬每一位在时代洪流中心怀故土、有情有义的中华儿女。（浙江宣传 杭轩） 钱江晚报的微博视频,1778589178,2026-05-12 12:32:58+08:00,55,6,10,1778650318966,https://m.weibo.cn/detail/5297728557158110,,1700720163,钱江晚报,m,https://m.weibo.cn/u/1700720163?luicode=20000061&lfid=5297728557158110&launchid=10000360-page_H5,"https://tvax4.sinaimg.cn/crop.0.0.1080.1080.180/001R630nly1h8vgflxzq4j60u00u0t9p02.jpg?KID=imgbed,tva&Expires=1778661106&ssig=XOnCwEOLdh",给阿嬷的情书消失的人 秦岭淮河线,search_contents_2026-05-13.csv,search_post,, 这些天潮汕方言故事片  热度持续发酵豆瓣电影评分攀升至91分是今年以来开分最高的国产电影   等话题纷纷冲上全国热搜电影中潮汕阿嬷叶淑柔年轻时丈夫郑木生下南洋谋生此后的数十年寄来了一封封书信和银钱但她没想到的是丈夫在1960年已去世后面写来情书的是一位叫谢南枝的陌生女子翻看评论眼泪是观众不约而同提及的高频词这个片子后劲真大在电影院疯狂落泪没有流量明星光环也没有华丽的宣发阵容这部娓娓道来的影片为何如此好哭今天我们通过五句话来感受那些跨越万水千山的情与义一江海万里心中念你便不觉遥远情书是电影的主线远隔重洋纸短情长书信是乱世间叶淑柔与郑木生最主要的牵连一封封情书里藏着中国式爱情的含蓄与绵长后劲十足叶淑柔年轻时与郑木生私奔成婚一辆手搓的木头单车就是定情信物可命运弄人几年后郑木生因躲避抓壮丁远渡重洋靠卖苦力为生却从未有一刻忘记过妻子留守故乡的叶淑柔亦时刻期盼着丈夫的来信最开始情书是郑木生托人代笔的后来郑木生去世南洋华侨旅馆老板的女儿谢南枝延续着郑木生的心意将一封封情书寄给叶淑柔在那个车马很慢的年代一纸信笺盛不下太多缱绻爱意异乡人只能收拢艰辛把牵挂揉入家常他们不说等我回来只说江海万里心中念你便不觉遥远他们不写我想你只写暹罗没有春天你就是我的春天见信如晤念你如初那些侨批侨批是晚清至20世纪70年代海外华侨寄回中国家乡信款合一的家书与汇款凭证的合称薄如蝉翼却重若千钧侨批里没有直接出现爱这个字可那些寄回家的银钱和书信却是游子在生活中拼尽全力攒出的温柔总有那么一些人在历史的剧烈震荡中用最笨拙的方式守着一颗不灭的真心纵然江海万里岁月迢迢只要所念之人尚在所承之诺未尽爱意远隔千山万水也能呼应二为你生活不怕从头再来影片中谢南枝和她的父亲原本经营着一家小旅馆里面住满了背井离乡的华工生活虽不算富裕但在乱世中倒也安稳直到一场夜里的大火撕碎了他们的平静生活也吞噬了郑木生用汗水换来的家当更让人揪心的是郑木生因在情急之下暴打纵火者而入狱两年或许命运最残忍之处就在于每当你觉得幸福即将来临它又趁你不备让所有的期盼化为乌有身边是日渐老去的父亲远方是急需银钱的郑木生家眷在失去小旅馆后谢南枝靠给人洗碗维持生计又支起了无米粿摊扛起两家人的生计而出狱后的郑木生也没有被坎坷命运击垮转而向海求生用命搏得家人安稳度日的筹码其实谢南枝和郑木生身上有着千千万万普通人的倒影我们都曾有被生活逼到近乎绝境满身泥泞的时刻但谁不是在生活的夹缝里求一个岁岁平安谁又不是在为家人拼一份好好活着的希望亲人在人生尚有来处他们会为我们的远行而辗转难眠也会为我们的归来而热泪盈眶他们是身后割舍不下的牵挂是心底最柔软的念想也是我们熬过漫长黑夜不惧从头再来的底色三最赤诚的情偏要轻轻地说往后切莫孤勇平安为要敬你持家有方但切莫过于节俭一切有我谁言女子之肩膀不够伟岸为母则刚恰似你的样子很多观众留言说明明影片的镜头表达平淡如水但在看到谢南枝写给叶淑柔的情书一一出现时看到两人在余生无几的时光里终于相识时泪水已在不经意间决堤比起强烈的戏剧冲突朴实无华的家常絮语似乎更能戳人心肺当孙子晓伟去国外寻找阿公后叶淑柔才知道后面18年写信来的竟然是素未谋面的谢南枝一封封侨批滋养了叶淑柔的余生而叶淑柔在信中展现出的勇敢慈爱和通透也教会了谢南枝如何成为一位温柔又有力量的母亲最赤诚的情偏要轻轻地说就像电影里潮汕屋檐下无声滴落的雨悄悄渗入我们心底两位坚韧女性间的情义撑起了彼此的世界旧时光里至真至纯的侠义与柔情足以超越血缘与距离的界定在动荡岁月里为彼此撑起一片晴空四乡音在耳乡情就永远温热在真实的历史中身世浮沉雨打萍是番客闯荡的底色影片对郑木生意外离世的描绘虽只有轻描淡写的一笔却照见了当年无数普通人的苦难处境他们没有资本与地位往往依靠开矿修路等重体力活赚取报酬他们背负着一家人的生计在异乡的烈日暴雨下咬牙坚持却也随时可能被命运的巨浪吞噬但无论身在何处他们依然守着乡音俚语守着对中华文化的坚持我们在电影中看到的油柑橄榄无米粿不仅是乡土滋味更是无法割舍的牵绊我们还看到郑木生和谢南枝父亲等人即便生活拮据也坚持开办私人培训班教孩子们学中文念古诗只为让下一代不忘来时路而后谢南枝接过了教书育人的接力棒教后辈学会人有口和手很多观众可能听不懂潮汕话但却能读懂那份对乡情的眷恋油柑会涩无米粿会凉但有人在故乡就不会死游子不是不愿回头而是怕岸上已无人等待乡音在耳便是最后的回答你从哪里来就永远可以回哪里去五做人得有情有义做人有情有义这是电影海报上的宣传语是影片中阿嬷教育子孙的为人处世之道也是贯穿影片始终的精神内核这份情义不仅是儿女情长不离不弃还是对同胞的守望相助是颠沛流离的岁月里依然刻在中国人骨血中的真善美受过郑木生帮助的孩子们长大后在南洋捐赠了多所木生中学邮差在大雨中送信时不慎落水却坚持打捞起一封封侨批因为那承载着许多人对家人的牵挂银信局里大家自发为同胞生病的母亲凑医药费那是素昧平生却义薄云天的真情他们都是大时代中无比平凡的普通人却用最质朴的行动诠释着有情有义的普世价值观情义在故事里也在现实里影片结尾展示的侨批档案同样在讲述关于情与义的往事有人给妻子留下叮嘱见信至切赎回吾女回家读来辛酸不已有人为抗美援朝战争捐款用微薄之力支援前线还有人听闻汕头大学被正式批准成立后欣喜不已写信时表示教育是科技建设的摇篮今能建立实我潮汕之幸也一封封情书连着小家的悲欢也折射出时代的滚烫情义相通汇聚成海让泛黄的字迹重新滚烫也让我们看见了情义的具体模样先辈们或许不懂什么是伟大只是一次又一次选择对得起自己的真心人可以无数次被生活碾碎却依然可以选择有情有义给阿嬷的情书导演蓝鸿春写道这是一封写给所有海外侨胞写给家国故土的情书更是对华夏儿女精神血脉的深情礼赞情书中写着敬良知敬坚韧敬情义敬散落四方却从未断裂的血脉也敬每一位在时代洪流中心怀故土有情有义的中华儿女浙江宣传 杭轩 钱江晚报的微博视频,True,False,给阿嬷的情书导演蓝鸿春写道这是一封写给所有海外侨胞写给家国故土的情书更是对华夏儿女精神血脉的深情礼赞情书中写着敬良知敬坚韧敬情义敬散落四方却从未断裂的血脉也敬每一位在时代洪流中心怀故土有情有义的中华儿女 || 平淡叙事里满是温柔与感动后劲真的太大了 || 人们需要更多这样的游戏作品,4,积极,0.5466353297233582,积极,0.5466353297233582
5298065821926147,#给阿嬷的情书消失的人 秦岭淮河线# 五一档票房画出秦岭淮河线：南方为《给阿嬷的情书》泪目，北方追《消失的人》悬疑，地域审美太鲜明！ 柠檬果动漫的微博视频 ,1778669588,2026-05-13 10:53:08+08:00,81,14,1,1778650318972,https://m.weibo.cn/detail/5298065821926147,安徽,7936280552,柠檬果动漫,f,https://m.weibo.cn/u/7936280552?launchid=10000360-page_H5,"https://tvax2.sinaimg.cn/crop.0.0.1080.1080.180/008F5P72ly8hzasgpiquxj30u00u040s.jpg?KID=imgbed,tva&Expires=1778661105&ssig=drnDjHZtYi",给阿嬷的情书消失的人 秦岭淮河线,search_contents_2026-05-13.csv,search_post,, 五一档票房画出秦岭淮河线南方为给阿嬷的情书泪目北方追消失的人悬疑地域审美太鲜明 柠檬果动漫的微博视频 ,True,False,这个感觉挺不错的 || 这是电影吗 || 这好看吗去看看,4,消极,0.4779974222183227,消极,0.4779974222183227
5298086406523924,#给阿嬷的情书消失的人 秦岭淮河线#给阿嬷的情书这部电影是我们大麦娱乐出品发行的作品，上映前发行的同事也是这部影片的发行人跟我讲，虽然这部影片全素人演员，但是他有信心保5000万争取1亿票房，当时我就有点震惊，当下电影市场并不是很好，我觉得这个成绩很难，上映后口碑爆棚，豆瓣更是9.1高分，预测现在7亿多，我觉得10亿没有问题！当下需要这样的作品，作为导演编剧很值得我们深刻反思和学习！大家还在专注于AI 和影视结合甚至是颠覆的时候，这部作品给我们敲响了警钟，任何科技的进步都代替不了好的故事，打动人的情感！AI 越发展，情感陪护越重要！希望越来越多这样的电影被大家看到！ #韩寒希望给阿嬷的情书票房破10亿#,1778674496,2026-05-13 12:14:56+08:00,1029,569,552,1778650318979,https://m.weibo.cn/detail/5298086406523924,北京,1881576793,导演王晟赫,m,https://m.weibo.cn/u/1881576793?luicode=20000061&lfid=5298086406523924&launchid=10000360-page_H5,"https://tvax3.sinaimg.cn/crop.0.0.1080.1080.180/70269559ly8hwm50iqckuj20u00u0acc.jpg?KID=imgbed,tva&Expires=1778661109&ssig=W9nwqmSH3A",给阿嬷的情书消失的人 秦岭淮河线,search_contents_2026-05-13.csv,search_post,,给阿嬷的情书这部电影是我们大麦娱乐出品发行的作品上映前发行的同事也是这部影片的发行人跟我讲虽然这部影片全素人演员但是他有信心保5000万争取1亿票房当时我就有点震惊当下电影市场并不是很好我觉得这个成绩很难上映后口碑爆棚豆瓣更是91高分预测现在7亿多我觉得10亿没有问题当下需要这样的作品作为导演编剧很值得我们深刻反思和学习大家还在专注于AI 和影视结合甚至是颠覆的时候这部作品给我们敲响了警钟任何科技的进步都代替不了好的故事打动人的情感AI 越发展情感陪护越重要希望越来越多这样的电影被大家看到 ,True,False,好的作品值得被更多人看见 || 这样的电影值得被更多的人看到,8,积极,0.5427819490432739,积极,0.5427819490432739
5298082649737364,#一方一味#食茶（呷die），热情的待客之道如果问十个广东同学来自哪里，至少会得到一个这样的回答：“潮汕。”对地理知识不熟悉的，可能不会一口说出潮汕在哪个省份，脑海中只留了个模糊的“南方沿海地区”的印象。但提到潮汕工夫茶、潮汕牛肉火锅等美食名片，你肯定大呼熟悉。#给阿嬷的情书 戛纳#若去潮汕人家做客，不管何时进门，潮汕人几乎都在喝茶。潮汕人将茶称为“茶米”，管喝茶叫做“食茶（呷die）”，喝得有法度，喝得有态度。从选择茶叶盒器皿开始，前后十道工序，极尽精致和浩繁，所以是“工夫茶”。#给阿嬷的情书消失的人 秦岭淮河线#在潮州话中，“工”读作gāng，“工夫”二字是细心、精细、细致的意思。工夫茶之“精”，不仅仅是用器之精，茶、火、水、冲泡技艺亦无一不精。即使今日不同古时那般复杂，现在几乎所有潮汕人家里，都会有一套专业的工夫茶茶具。喝茶这件事，潮汕人从来不马虎。图源：图虫、视觉中国,1778673600,2026-05-13 12:00:00+08:00,54,4,10,1778650318985,https://m.weibo.cn/detail/5298082649737364,,1222135407,中国国家地理,m,https://m.weibo.cn/u/1222135407?luicode=20000061&lfid=5298082649737364&launchid=10000360-page_H5,"https://tvax1.sinaimg.cn/crop.0.0.827.827.180/001kHXfply8h8uykrto6rj60mz0mzq3002.jpg?KID=imgbed,tva&Expires=1778661112&ssig=s60SExm4a8",给阿嬷的情书消失的人 秦岭淮河线,search_contents_2026-05-13.csv,search_post,,食茶呷die热情的待客之道如果问十个广东同学来自哪里至少会得到一个这样的回答潮汕对地理知识不熟悉的可能不会一口说出潮汕在哪个省份脑海中只留了个模糊的南方沿海地区的印象但提到潮汕工夫茶潮汕牛肉火锅等美食名片你肯定大呼熟悉若去潮汕人家做客不管何时进门潮汕人几乎都在喝茶潮汕人将茶称为茶米管喝茶叫做食茶呷die喝得有法度喝得有态度从选择茶叶盒器皿开始前后十道工序极尽精致和浩繁所以是工夫茶在潮州话中工读作gāng工夫二字是细心精细细致的意思工夫茶之精不仅仅是用器之精茶火水冲泡技艺亦无一不精即使今日不同古时那般复杂现在几乎所有潮汕人家里都会有一套专业的工夫茶茶具喝茶这件事潮汕人从来不马虎图源图虫视觉中国,True,False,工夫茶为什么能成为潮汕人的文化精神内核,0,中性,0.5783201456069946,中性,0.5783201456069946
5298102749104605,#给阿嬷的情书消失的人 秦岭淮河线#我要去看了，啦啦啦~~约到小伙伴了，还安利了我喜欢的短剧，哈哈。今天的热度又涨了，开心。 ,1778678392,2026-05-13 13:19:52+08:00,0,0,0,1778650318993,https://m.weibo.cn/detail/5298102749104605,上海,1757993845,元文_Enya,f,https://m.weibo.cn/u/1757993845?launchid=10000360-page_H5,"https://tvax2.sinaimg.cn/crop.0.0.1080.1080.180/68c8db75ly8ic6l35w60aj20u00u076c.jpg?KID=imgbed,tva&Expires=1778661105&ssig=5BXEjr5QVF",给阿嬷的情书消失的人 秦岭淮河线,search_contents_2026-05-13.csv,search_post,,我要去看了啦啦啦约到小伙伴了还安利了我喜欢的短剧哈哈今天的热度又涨了开心 ,True,False,,0,积极,0.981281876564026,积极,0.981281876564026
5297741899236619,#习近平谈中美正确相处之道#【#学习新语#｜不断探寻中美两个大国正确相处之道】应国家主席习近平邀请，美国总统特朗普将于5月13日至15日对中国进行国事访问。近年来，习近平主席围绕中美关系发表一系列重要论述，就新时期中美正确相处之道作出深刻阐释。#特朗普访华# ,1778592359,2026-05-12 13:25:59+08:00,7759,677,1536,1778650409091,https://m.weibo.cn/detail/5297741899236619,,1699432410,新华社,m,https://m.weibo.cn/u/1699432410?launchid=10000360-page_H5,"https://tvax2.sinaimg.cn/crop.58.61.875.875.180/001R0E0aly8h8vg6xx3srj60rs0rsdko02.jpg?KID=imgbed,tva&Expires=1778661185&ssig=QfN9%2B%2BC5pi",特朗普访华,search_contents_2026-05-13.csv,search_post,,不断探寻中美两个大国正确相处之道应国家主席习近平邀请美国总统特朗普将于5月13日至15日对中国进行国事访问近年来习近平主席围绕中美关系发表一系列重要论述就新时期中美正确相处之道作出深刻阐释 ,True,False,,1,中性,0.5267971754074097,中性,0.5267971754074097
5298098735942373,谁知道特朗普几点到北京？#特朗普访华# ,1778677435,2026-05-13 13:03:55+08:00,130,99,1,1778650409123,https://m.weibo.cn/detail/5298098735942373,山东,2827386331,科技新一,m,https://m.weibo.cn/u/2827386331?launchid=10000360-page_H5,"https://tvax4.sinaimg.cn/crop.0.0.1080.1080.180/a8867ddbly8i6683mrfp2j20u00u03zr.jpg?KID=imgbed,tva&Expires=1778661185&ssig=yHFecFTIBG",特朗普访华,search_contents_2026-05-13.csv,search_post,,谁知道特朗普几点到北京 ,True,False,他没约你吃晚饭嘛 || 不是说收盘后吗 || 我在机场等他过来,1,中性,0.9292762279510498,中性,0.9292762279510498
5298085811980015,市场开始正向解读特朗普访华！ ,1778674354,2026-05-13 12:12:34+08:00,285,16,8,1778650409133,https://m.weibo.cn/detail/5298085811980015,上海,2144596567,洪榕,m,https://m.weibo.cn/u/2144596567?launchid=10000360-page_H5,"https://tvax1.sinaimg.cn/crop.0.0.640.640.180/002l8vxdly8hixhnx6266j60hs0hs74r02.jpg?KID=imgbed,tva&Expires=1778661185&ssig=oANJqlfxvm",特朗普访华,search_contents_2026-05-13.csv,search_post,,市场开始正向解读特朗普访华 ,True,False,中美双边贸易关系会进入一个稳定期股市看好 || 因为黄仁勋在最后时刻上机了 || 轨交设备出口疯涨同属高铁涨价范畴,1,中性,0.7556185126304626,中性,0.7556185126304626
5298105978195803,#特朗普访华#应中方邀请，特朗普于5月13日至15日访华，这是其再度就任总统后首次访华。中美两国领导人将就双边关系、经贸合作等重大议题深入沟通，除了政府官员，还有马斯克、库克等十几位美国大企业负责人，覆盖科技、金融、航空、农业等行业，明显想和中国做生意、找机会。此次访问聚焦管控分歧、推进互利合作，对稳定中美关系、维护全球和平稳定意义重大，备受国际社会关注。,1778679162,2026-05-13 13:32:42+08:00,0,0,0,1778650409139,https://m.weibo.cn/detail/5298105978195803,吉林,6861914556,昕昕科技,f,https://m.weibo.cn/u/6861914556?luicode=20000061&lfid=5298105978195803&launchid=10000360-page_H5,"https://tvax3.sinaimg.cn/crop.0.0.1080.1080.180/007unTrely8i25diyt0ojj30u00u0q72.jpg?KID=imgbed,tva&Expires=1778661192&ssig=8Cb%2FBaUpmF",特朗普访华,search_contents_2026-05-13.csv,search_post,,应中方邀请特朗普于5月13日至15日访华这是其再度就任总统后首次访华中美两国领导人将就双边关系经贸合作等重大议题深入沟通除了政府官员还有马斯克库克等十几位美国大企业负责人覆盖科技金融航空农业等行业明显想和中国做生意找机会此次访问聚焦管控分歧推进互利合作对稳定中美关系维护全球和平稳定意义重大备受国际社会关注,True,False,,1,中性,0.6935078501701355,中性,0.6935078501701355
5298105914491493,#特朗普访华#已经到北京了？这么快吗……这陆军一号车队在路上库库跑？  不过北美也是左舵靠右行，来国内完全不用适应，轻松上手……#特朗普期待与中方会晤# 呵叔本人的微博视频 ,1778679147,2026-05-13 13:32:27+08:00,0,0,0,1778650409145,https://m.weibo.cn/detail/5298105914491493,陕西,1804132295,呵叔本人,m,https://m.weibo.cn/u/1804132295?launchid=10000360-page_H5,"https://tvax4.sinaimg.cn/crop.0.0.1080.1080.180/6b88dfc7ly8hm0wjgpbr4j20u00u0gpe.jpg?KID=imgbed,tva&Expires=1778661185&ssig=m5hV%2B8xrRp",特朗普访华,search_contents_2026-05-13.csv,search_post,,已经到北京了这么快吗这陆军一号车队在路上库库跑  不过北美也是左舵靠右行来国内完全不用适应轻松上手 呵叔本人的微博视频 ,True,False,,1,消极,0.6573218107223511,消极,0.6573218107223511
5298097471359799,#黄仁勋搭空军一号随特朗普访华#有声音说是大统领发现名单上没有皮衣黄，特意打电话让他去的。只能说这个台阶给的好，没有人会还不知道没有人比大统领更懂交易，背后的交易可能要过段时间公众才知道了。不过不重要了，英伟达芯片在国内市场急剧萎缩， 而DEEPSEEK V4又爆出了支持国产几乎所有主流芯片了。至少说明在这方面我们是独立于CUDA生态的。他来与不来，其实是不影响大局的，走的时候能带走什么，看公报吧。#热点解读#,1778677134,2026-05-13 12:58:54+08:00,23,1,0,1778650409153,https://m.weibo.cn/detail/5298097471359799,广东,1924849092,轻挥手离天三尺三,m,https://m.weibo.cn/u/1924849092?luicode=20000061&lfid=5298097471359799&launchid=10000360-page_H5,"https://tvax2.sinaimg.cn/crop.0.0.1080.1080.180/72baddc4ly8i2rem9fc35j20u00u0n1m.jpg?KID=imgbed,tva&Expires=1778661195&ssig=6v6ATUkbge",特朗普访华,search_contents_2026-05-13.csv,search_post,,有声音说是大统领发现名单上没有皮衣黄特意打电话让他去的只能说这个台阶给的好没有人会还不知道没有人比大统领更懂交易背后的交易可能要过段时间公众才知道了不过不重要了英伟达芯片在国内市场急剧萎缩 而DEEPSEEK V4又爆出了支持国产几乎所有主流芯片了至少说明在这方面我们是独立于CUDA生态的他来与不来其实是不影响大局的走的时候能带走什么看公报吧,True,False,英伟达的芯片就是不错,1,消极,0.6708848476409912,消极,0.6708848476409912
5297876043303214,【#拾光纪#·拉赫蒙第23次来华，习主席欢迎老朋友】#习主席再迎老朋友拉赫蒙# 5月12日，国家主席习近平在北京同塔吉克斯坦总统拉赫蒙举行会谈。这是拉赫蒙总统第23次来到中国。“无论外部环境如何变化，中塔两国永远是守望相助的好邻居、坦诚互信的好朋友、携手发展的好伙伴。” 人民日报的微博视频 ,1778624341,2026-05-12 22:19:01+08:00,4300,663,915,1778650505026,https://m.weibo.cn/detail/5297876043303214,,2803301701,人民日报,m,https://m.weibo.cn/u/2803301701?launchid=10000360-page_H5,"https://tvax4.sinaimg.cn/crop.0.0.1018.1018.180/0033ImPzly8h8vgemh8kxj60sa0sadgw02.jpg?KID=imgbed,tva&Expires=1778661285&ssig=%2BOiIzQ2enH",习主席再迎老朋友拉赫蒙,search_contents_2026-05-13.csv,search_post,白名单账号,拉赫蒙第23次来华习主席欢迎老朋友 5月12日国家主席习近平在北京同塔吉克斯坦总统拉赫蒙举行会谈这是拉赫蒙总统第23次来到中国无论外部环境如何变化中塔两国永远是守望相助的好邻居坦诚互信的好朋友携手发展的好伙伴 人民日报的微博视频 ,True,False,,1,积极,0.8895882368087769,积极,0.8895882368087769
5298040459233997,【#中塔永久睦邻友好合作条约#】中国国家主席习近平同塔吉克斯坦总统拉赫蒙在北京签署《中华人民共和国和塔吉克斯坦共和国永久睦邻友好合作条约》。#习主席再迎老朋友拉赫蒙# 俄罗斯卫星通讯社的微博视频 ,1778663541,2026-05-13 09:12:21+08:00,128,6,18,1778650505031,https://m.weibo.cn/detail/5298040459233997,,2181597154,俄罗斯卫星通讯社,m,https://m.weibo.cn/u/2181597154?launchid=10000360-page_H5,"https://tvax3.sinaimg.cn/crop.0.0.600.600.180/002nDL4Sly8id3r9q9uhcj60go0go0sv02.jpg?KID=imgbed,tva&Expires=1778661285&ssig=usdU9QGtl5",习主席再迎老朋友拉赫蒙,search_contents_2026-05-13.csv,search_post,,中国国家主席习近平同塔吉克斯坦总统拉赫蒙在北京签署中华人民共和国和塔吉克斯坦共和国永久睦邻友好合作条约 俄罗斯卫星通讯社的微博视频 ,True,False,,1,中性,0.8325703144073486,中性,0.8325703144073486
5298104108846943,恭喜蔡依林凭借《PLEASURE》入围第37届金曲奖演唱类最佳专辑制作人奖！！！入围即肯定妈咪加油！pleasure加油！ ,1778678716,2026-05-13 13:25:16+08:00,88,8,8,1778650616753,https://m.weibo.cn/detail/5298104108846943,河南,5253827550,靠北野特,m,https://m.weibo.cn/u/5253827550?launchid=10000360-page_H5,"https://tvax3.sinaimg.cn/crop.0.0.607.607.180/005Jywy2ly8hc55nmam8vj30gv0gv3yv.jpg?KID=imgbed,tva&Expires=1778661413&ssig=Eg3QBjk8J2",金曲奖,search_contents_2026-05-13.csv,search_post,,恭喜蔡依林凭借PLEASURE入围第37届金曲奖演唱类最佳专辑制作人奖入围即肯定妈咪加油pleasure加油 ,True,False,最佳专辑制作人必须蔡依林 || 恭喜这个制作人蔡依林 || 看到了 入围了,0,积极,0.9834352135658264,积极,0.9834352135658264
5298103015966853,#单依纯# 恭喜单依纯《纯妹妹》mv入围金曲奖 ,1778678456,2026-05-13 13:20:56+08:00,328,48,15,1778650616765,https://m.weibo.cn/detail/5298103015966853,湖北,1056791535,补丁大师,m,https://m.weibo.cn/u/1056791535?launchid=10000360-page_H5,"https://tvax4.sinaimg.cn/crop.0.0.1080.1080.180/3efd5befly8hz51pqpufjj20u00u0wgy.jpg?KID=imgbed,tva&Expires=1778661413&ssig=h%2BoqcqMnvW",金曲奖,search_contents_2026-05-13.csv,search_post,, 恭喜单依纯纯妹妹mv入围金曲奖 ,True,False,恭喜恭喜最佳女歌手和专辑出了吗 || 竟然报了那常石磊竟然没入围编曲珠玉没入围词吗 || 金曲奖提名出来了吗,-1,积极,0.9632193446159364,积极,0.9632193446159364
5298064685535102,下午一点金曲奖，单依纯《纯妹妹》只要报名就会入围，没入围就是没报名不焦虑不自负不画饼是事实，但凡你专辑听得多一点都能直接感觉到这张专辑的质量和重量。（以上发言基于今年金曲37足够客观公正，如有不当之处都是金曲37的问题） ,1778669317,2026-05-13 10:48:37+08:00,1708,158,23,1778650616774,https://m.weibo.cn/detail/5298064685535102,湖南,2099868183,LiveMusic现场,m,https://m.weibo.cn/u/2099868183?launchid=10000360-page_H5,"https://tvax3.sinaimg.cn/crop.0.0.1080.1080.180/7d297217ly8gdi6m32zerj20u00u075t.jpg?KID=imgbed,tva&Expires=1778661413&ssig=iz3fpLvs5C",金曲奖,search_contents_2026-05-13.csv,search_post,,下午一点金曲奖单依纯纯妹妹只要报名就会入围没入围就是没报名不焦虑不自负不画饼是事实但凡你专辑听得多一点都能直接感觉到这张专辑的质量和重量以上发言基于今年金曲37足够客观公正如有不当之处都是金曲37的问题 ,True,False,当年跳舞的梵谷都没入围 || 单依纯是最棒的最优秀的 || 笑尿了质量很好一手没吹的真艰辛,0,积极,0.8334359526634216,积极,0.8334359526634216
5297770197944592,"第37届金曲奖最终入围名单来袭！星光满满，内地阵营大获全胜！* 最佳华语女歌手奖周蕙《Where X 走》杨丞琳《有且》何洁《底色（Desire）》希林娜依高《她眼中的月亮》魏嘉莹《你不必无时无刻维持完美的笑容》G.E.M.邓紫棋《I AM GLORIA》曾沛慈《下周同样时间》* 最佳华语男歌手奖陶喆《STUPID POP SONGS》潘玮柏《狂爱》郑兴《寻找郑先生》揽佬SKAI ISYOURGOD《八方来财之江船入海》王源《在星穹下狂奔》海来阿木《2025×海来阿木 典藏专辑》汪峰《人海》* 最佳华语专辑奖告五人《我们就像那些要命的傻瓜》莫文蔚, The Masters《Karen Mok &amp; The Masters》苏打绿《冬 未了 (苏打绿版)》王赫野《宴》阿肆《不好意思我要开始冒犯了》张韶涵《与世之争》陶喆《STUPID POP SONGS》五月天, 李宇春, 毛不易, 汪苏泷, 张碧晨, 陈珊妮, 白敬亭, 章若楠, 张淼怡, 赵磊, Fine乐团, 严艺丹, 陈昊森, 张洢豪, 萧秉治, Crispy脆乐团《电视剧&lt;难哄&gt;影视原声带·只喜欢你Love Moments》* 年度歌曲奖曾沛慈《数到十》陈楚生《获奖之作》Lulu黄路梓茵《泡泡》林宥嘉《讨骂的 直到今天还是不愿对你说脏话》容祖儿《但你要甜》Gareth.T, 揽佬SKAI ISYOURGOD《跟悲伤结了账》梁静茹《住在心里的人》那艺娜《情如疯》",1778599106,2026-05-12 15:18:26+08:00,1753,354,118,1778650616785,https://m.weibo.cn/detail/5297770197944592,上海,7700804631,紫m99,m,https://m.weibo.cn/u/7700804631?luicode=20000061&lfid=5297770197944592&launchid=10000360-page_H5,"https://tvax4.sinaimg.cn/crop.0.0.923.923.180/008p9N4jly8id3mnfcjjhj30pn0pnacv.jpg?KID=imgbed,tva&Expires=1778661413&ssig=jiEUP87nl3",金曲奖,search_contents_2026-05-13.csv,search_post,,第37届金曲奖最终入围名单来袭星光满满内地阵营大获全胜 最佳华语女歌手奖周蕙Where X 走杨丞琳有且何洁底色Desire希林娜依高她眼中的月亮魏嘉莹你不必无时无刻维持完美的笑容GEM邓紫棋I AM GLORIA曾沛慈下周同样时间 最佳华语男歌手奖陶喆STUPID POP SONGS潘玮柏狂爱郑兴寻找郑先生揽佬SKAI ISYOURGOD八方来财之江船入海王源在星穹下狂奔海来阿木2025海来阿木 典藏专辑汪峰人海 最佳华语专辑奖告五人我们就像那些要命的傻瓜莫文蔚 The MastersKaren Mok amp The Masters苏打绿冬 未了 苏打绿版王赫野宴阿肆不好意思我要开始冒犯了张韶涵与世之争陶喆STUPID POP SONGS五月天 李宇春 毛不易 汪苏泷 张碧晨 陈珊妮 白敬亭 章若楠 张淼怡 赵磊 Fine乐团 严艺丹 陈昊森 张洢豪 萧秉治 Crispy脆乐团电视剧lt难哄gt影视原声带只喜欢你Love Moments 年度歌曲奖曾沛慈数到十陈楚生获奖之作Lulu黄路梓茵泡泡林宥嘉讨骂的 直到今天还是不愿对你说脏话容祖儿但你要甜GarethT 揽佬SKAI ISYOURGOD跟悲伤结了账梁静茹住在心里的人那艺娜情如疯,True,False,年度歌曲奖居然没有十分钟吗 || Faye Wong 世界赠予我的呢,0,积极,0.9794894456863404,积极,0.9794894456863404
5298102353529645,第37届 #金曲奖# 最佳MV奖入围 ,1778678298,2026-05-13 13:18:18+08:00,562,116,31,1778650616798,https://m.weibo.cn/detail/5298102353529645,上海,1344386244,耳帝,m,https://m.weibo.cn/u/1344386244?launchid=10000360-page_H5,"https://tvax4.sinaimg.cn/crop.0.0.1080.1080.180/001sYUh6ly8hfkywznd4ej60u00u040l02.jpg?KID=imgbed,tva&Expires=1778661413&ssig=6N4wLp2HH%2F",金曲奖,search_contents_2026-05-13.csv,search_post,,第37届  最佳MV奖入围 ,True,False,恭喜纯妹妹 || 恭喜单依纯纯妹妹 || MV是导演报名的不是歌手本人继续看看后年的项目吧,-1,中性,0.5261597037315369,中性,0.5261597037315369
5298107023102062,#单依纯提名最佳mv##单依纯金曲奖提名最佳mv# 金曲奖入围名单，应该是纯妹妹2提 ,1778679411,2026-05-13 13:36:51+08:00,0,0,0,1778650616809,https://m.weibo.cn/detail/5298107023102062,福建,5332014900,小怪娱乐,m,https://m.weibo.cn/u/5332014900?launchid=10000360-page_H5,"https://tvax1.sinaimg.cn/crop.0.0.996.996.180/005OQAEkly8gdgwtgekq5j30ro0roq51.jpg?KID=imgbed,tva&Expires=1778661413&ssig=AiuIQxiDjT",金曲奖,search_contents_2026-05-13.csv,search_post,, 金曲奖入围名单应该是纯妹妹2提 ,True,False,,-1,中性,0.7596879005432129,中性,0.7596879005432129
5298107015236218,金曲奖歌后提名 没有许哲佩 滚吧#金曲奖# ,1778679409,2026-05-13 13:36:49+08:00,0,0,0,1778650616819,https://m.weibo.cn/detail/5298107015236218,湖南,6352172677,梓仪雅,m,https://m.weibo.cn/u/6352172677?launchid=10000360-page_H5,"https://tvax2.sinaimg.cn/crop.0.0.980.980.180/006VT4i1ly8hwog560qndj30r80r8aag.jpg?KID=imgbed,tva&Expires=1778661413&ssig=3W1ZiUUHk6",金曲奖,search_contents_2026-05-13.csv,search_post,,金曲奖歌后提名 没有许哲佩 滚吧 ,True,False,,0,消极,0.5719070434570312,消极,0.5719070434570312
5298107014447553,陳嫺靜蔡依林单依纯入围第37届金曲奖最佳华语女歌手！！！全体起立！！！ ,1778679409,2026-05-13 13:36:49+08:00,2,0,0,1778650616830,https://m.weibo.cn/detail/5298107014447553,上海,7700804631,紫m99,m,https://m.weibo.cn/u/7700804631?launchid=10000360-page_H5,"https://tvax4.sinaimg.cn/crop.0.0.923.923.180/008p9N4jly8id3mnfcjjhj30pn0pnacv.jpg?KID=imgbed,tva&Expires=1778661413&ssig=jiEUP87nl3",金曲奖,search_contents_2026-05-13.csv,search_post,,陳嫺靜蔡依林单依纯入围第37届金曲奖最佳华语女歌手全体起立 ,True,False,恭喜蔡依林单依纯 || 单依纯太棒啦 || 彭佳慧是在,-1,积极,0.9186163544654846,积极,0.9186163544654846
5298084532979855,#谢娜 被主持耽误的影后# 谢娜真的好厉害👍🏻，干一行行一行，这段哭戏爆发力好强啊！在表演上全身心投入，喜剧综艺豁得出去，放眼内娱也找不出第二个像她一样的艺人，简直无代餐且天花板了！如果娜姐不做综艺，一直做演员的话，现在应该也是大青衣级别的存在了！#春日心动放映季# 野生抬杠选手的微博视频  ,1778674049,2026-05-13 12:07:29+08:00,2679,230,779,1778650689578,https://m.weibo.cn/detail/5298084532979855,山西,2332566353,野生抬杠选手,f,https://m.weibo.cn/u/2332566353?launchid=10000360-page_H5,"https://tvax4.sinaimg.cn/crop.0.0.996.996.180/8b082351ly8h8vdzjldmpj20ro0rojsp.jpg?KID=imgbed,tva&Expires=1778661482&ssig=gz6Ij%2Bizpk",谢娜 被主持耽误的影后,search_contents_2026-05-13.csv,search_post,, 谢娜真的好厉害干一行行一行这段哭戏爆发力好强啊在表演上全身心投入喜剧综艺豁得出去放眼内娱也找不出第二个像她一样的艺人简直无代餐且天花板了如果娜姐不做综艺一直做演员的话现在应该也是大青衣级别的存在了 野生抬杠选手的微博视频  ,True,False,优秀的人真的是干一行行一行这句话在谢娜身上体现得淋漓尽致 || 看到大家都在夸谢娜我就放心了证明我的审美没问题 || 确实是被主持耽误的演员啊,3,积极,0.9028106927871704,积极,0.9028106927871704
5298100257166342,#谢娜 被主持耽误的影后#一双绣花鞋里她可是跟孙俪搭戏都毫不逊色的谁懂她在偶像来了模仿其他人每个人的精髓都被她抓到，真的很牛 ,1778677798,2026-05-13 13:09:58+08:00,209,30,7,1778650689587,https://m.weibo.cn/detail/5298100257166342,内蒙古,7813318502,薄荷牛奶_,f,https://m.weibo.cn/u/7813318502?launchid=10000360-page_H5,"https://tvax3.sinaimg.cn/crop.0.0.1080.1080.180/008wLT4aly8i8s6sl56nfj30u00u075l.jpg?KID=imgbed,tva&Expires=1778661482&ssig=U3oWOdfR6%2B",谢娜 被主持耽误的影后,search_contents_2026-05-13.csv,search_post,,一双绣花鞋里她可是跟孙俪搭戏都毫不逊色的谁懂她在偶像来了模仿其他人每个人的精髓都被她抓到真的很牛 ,True,False,大家看过谢娜演的戏吗 || 她唱歌其实也挺好的 || 原来当年这是谢娜我小时候还以为这是黄奕,3,积极,0.9008275270462036,积极,0.9008275270462036
5298105365038568,#谢娜 被主持耽误的影后#科班出身早年演过超多经典角色，演得了灵动少女，也拿捏得住悲情戏份，话剧舞台更是气场全开，一秒入戏哭戏感染力拉满。常年扎根综艺带给大家无数欢乐，搞笑女标签深入人心，反倒让人忘了她本来就是演员出身。褪去主持的活泼外放，沉下心演戏时情绪细腻又有层次，功底真的没话说。她不是“疯癫主持人”的副业演员，而是被综艺盛名掩盖的实力派。若当年没走主持路，如今或许真有“影后”席位——她缺的从来不是演技，而是一个被看见的机会。,1778679016,2026-05-13 13:30:16+08:00,118,21,0,1778650689593,https://m.weibo.cn/detail/5298105365038568,辽宁,1958143495,MnnnnnZ_,f,https://m.weibo.cn/u/1958143495?luicode=20000061&lfid=5298105365038568&launchid=10000360-page_H5,"https://tvax1.sinaimg.cn/crop.0.0.1080.1080.180/74b6e607ly8ic8vhyxqasj20u00u040t.jpg?KID=imgbed,tva&Expires=1778661483&ssig=ds93fr1azq",谢娜 被主持耽误的影后,search_contents_2026-05-13.csv,search_post,,科班出身早年演过超多经典角色演得了灵动少女也拿捏得住悲情戏份话剧舞台更是气场全开一秒入戏哭戏感染力拉满常年扎根综艺带给大家无数欢乐搞笑女标签深入人心反倒让人忘了她本来就是演员出身褪去主持的活泼外放沉下心演戏时情绪细腻又有层次功底真的没话说她不是疯癫主持人的副业演员而是被综艺盛名掩盖的实力派若当年没走主持路如今或许真有影后席位她缺的从来不是演技而是一个被看见的机会,True,False,你看过谢娜演戏吗 || 说真的是于他的电视剧我几乎没看但更多的是关注于他主持这一块儿吧 || 演技还是挺好的呢,3,积极,0.9561464190483092,积极,0.9561464190483092
5298103072851165,谢娜 被主持耽误的影后  ,1778678469,2026-05-13 13:21:09+08:00,70,25,9,1778650689605,https://m.weibo.cn/detail/5298103072851165,湖北,7366625380,我真的要谢,m,https://m.weibo.cn/u/7366625380?launchid=10000360-page_H5,"https://tvax2.sinaimg.cn/crop.0.0.1080.1080.180/0082xBMoly8icvyxdvnywj30u00u0403.jpg?KID=imgbed,tva&Expires=1778661482&ssig=Mwa6Ykp6ts",谢娜 被主持耽误的影后,search_contents_2026-05-13.csv,search_post,,谢娜 被主持耽误的影后  ,True,False,做什么都挺认真的 || 太优秀了值得推荐 || 她是那种情感很丰富的人 我觉得很适合演戏,3,消极,0.5227640271186829,消极,0.5227640271186829
5298104052220013,原来我们一直被固有标签骗了！总觉得谢娜只会控场逗乐，殊不知人家本来就是科班表演出身，演话剧、飙哭戏、刻画小人物全在线，温柔共情又有爆发力，难怪都说被主持耽误成影后，有没有人跟我一样被她演技狠狠惊艳到？#谢娜 被主持耽误的影后##微博二创视频创作季# ,1778678702,2026-05-13 13:25:02+08:00,41,15,0,1778650689616,https://m.weibo.cn/detail/5298104052220013,四川,2659731123,倔强阿芙,f,https://m.weibo.cn/u/2659731123?launchid=10000360-page_H5,"https://tvax1.sinaimg.cn/crop.0.0.1080.1080.180/9e8846b3ly8ic9mlfuh35j20u00u0mzo.jpg?KID=imgbed,tva&Expires=1778661482&ssig=1eAcqcogJ4",谢娜 被主持耽误的影后,search_contents_2026-05-13.csv,search_post,,原来我们一直被固有标签骗了总觉得谢娜只会控场逗乐殊不知人家本来就是科班表演出身演话剧飙哭戏刻画小人物全在线温柔共情又有爆发力难怪都说被主持耽误成影后有没有人跟我一样被她演技狠狠惊艳到 ,True,False,大家喜欢这位马兰坡的火锅美女吗 || 确实是这样的 || 谢娜演技多元主持与表演俱佳实力认可,3,积极,0.8938180208206177,积极,0.8938180208206177
5298107176976389,#谢娜 被主持耽误的影后#能再主持行业站稳脚根的人在任何领域都不会差！！！娜姐也是我童年时期的太阳女神啊！！！ ,1778679447,2026-05-13 13:37:27+08:00,0,0,0,1778650689624,https://m.weibo.cn/detail/5298107176976389,北京,7414042459,時渝忆辞,f,https://m.weibo.cn/u/7414042459?launchid=10000360-page_H5,"https://tvax2.sinaimg.cn/crop.0.0.1080.1080.180/0085Kz7Zly8iazm4toijbj30u00u0419.jpg?KID=imgbed,tva&Expires=1778661482&ssig=6pjmmLIB%2FY",谢娜 被主持耽误的影后,search_contents_2026-05-13.csv,search_post,,能再主持行业站稳脚根的人在任何领域都不会差娜姐也是我童年时期的太阳女神啊 ,True,False,,-1,积极,0.9754495024681092,积极,0.9754495024681092
5298106963859408,#谢娜 被主持耽误的影后# 娜娜，既然如此的话，下一个愿望就演戏吧，拿个影后看看@谢娜 ,1778679397,2026-05-13 13:36:37+08:00,0,0,0,1778650689631,https://m.weibo.cn/detail/5298106963859408,河北,5305186895,颖的时光_XN,f,https://m.weibo.cn/u/5305186895?launchid=10000360-page_H5,"https://tvax1.sinaimg.cn/crop.0.0.1080.1080.180/005N21szly8ic0xno45lsj30u00u0tao.jpg?KID=imgbed,tva&Expires=1778661482&ssig=EyfuN96Rc0",谢娜 被主持耽误的影后,search_contents_2026-05-13.csv,search_post,, 娜娜既然如此的话下一个愿望就演戏吧拿个影后看看 ,True,False,,0,积极,0.6296045780181885,积极,0.6296045780181885
5298106620970038,#谢娜 被主持耽误的影后#全能娜姐棒棒哒 ,1778679315,2026-05-13 13:35:15+08:00,0,0,0,1778650689639,https://m.weibo.cn/detail/5298106620970038,河南,5611189074,离线1028,f,https://m.weibo.cn/u/5611189074?launchid=10000360-page_H5,"https://tvax2.sinaimg.cn/crop.0.0.1080.1080.180/0067JYBAly8gy0jtoxoosj30u00u0tbb.jpg?KID=imgbed,tva&Expires=1778661482&ssig=GdpO%2B%2BlQr4",谢娜 被主持耽误的影后,search_contents_2026-05-13.csv,search_post,,全能娜姐棒棒哒 ,True,False,,0,积极,0.9805734753608704,积极,0.9805734753608704
5298080085706964,#于正回应不管白鹿#【#于正回应白鹿争议#】近日，欢娱旗下艺人@白鹿my 在《奔跑吧》中与其他嘉宾的游戏互动和言论引发争议。白鹿粉丝在@于正 评论区质问“你不管白鹿吗”，于正回应：自证只能给坏人增添流量，且助长他们的气焰。我相信沉默的力量。对于谣言我们选择法律途径，对于伤害我们一笑了之。这些年我学会了一点，就是拒绝量子纠缠，对我自己的事如此，对于我爱的人也是如此。一切因果，天道自有定论。,1778672989,2026-05-13 11:49:49+08:00,64142,1294,401,1778650793999,https://m.weibo.cn/detail/5298080085706964,,6418480627,星视频,m,https://m.weibo.cn/u/6418480627?luicode=20000061&lfid=5298080085706964&launchid=10000360-page_H5,"https://tvax1.sinaimg.cn/crop.0.0.600.600.180/0070ni15ly8hcmk65avs5j30go0godgt.jpg?KID=imgbed,tva&Expires=1778661577&ssig=l1BQXzQ5lT",于正回应白鹿争议,search_contents_2026-05-13.csv,search_post,,近日欢娱旗下艺人 在奔跑吧中与其他嘉宾的游戏互动和言论引发争议白鹿粉丝在 评论区质问你不管白鹿吗于正回应自证只能给坏人增添流量且助长他们的气焰我相信沉默的力量对于谣言我们选择法律途径对于伤害我们一笑了之这些年我学会了一点就是拒绝量子纠缠对我自己的事如此对于我爱的人也是如此一切因果天道自有定论,True,False,于正以前可没有那么沉默是谣言不就早就告了 || 知道你们想看莫离记得预约 || 期待白鹿叶璃期待白鹿莫离 查看图片,2,消极,0.4716531634330749,消极,0.4716531634330749
5298097483682761,没人在意这个老登 别足曾了 期待白鹿莫离#于正回应白鹿争议# ,1778677137,2026-05-13 12:58:57+08:00,515,39,4,1778650794008,https://m.weibo.cn/detail/5298097483682761,四川,5667865376,菠猪儿,f,https://m.weibo.cn/u/5667865376?launchid=10000360-page_H5,"https://tvax4.sinaimg.cn/crop.0.0.512.512.180/006bzMHuly8ickiv5seucj30e80e80t0.jpg?KID=imgbed,tva&Expires=1778661576&ssig=DV20Hfsc6d",于正回应白鹿争议,search_contents_2026-05-13.csv,search_post,,没人在意这个老登 别足曾了 期待白鹿莫离 ,True,False,期待6月播出的莫离吧,-1,消极,0.4348428845405578,消极,0.4348428845405578
5297793414988701,白鹿工作室已经成立快十年，还有很多人不知道。于正出面回应这事，被网友热议。他说不是没工作室，是白鹿自己不想跟风，不让把资讯站改成工作室名字。于正一直尊重她的想法，还说只要是白鹿提的要求，他都会答应，也希望大家多理解。其实去年于正就解释过，最近白鹿舆论不断，这事又被翻了出来。别再说白鹿没有工作室了，白鹿资讯站本身就是她的工作室。这段时间白鹿争议不断，让人看不懂。一开始以为是对家故意抹黑，后来发现不是；又怀疑和于正有关，仔细看也不是。很好奇这些舆论到底从哪来，为什么总不断冒出新问题。难道真是路人缘变差，都是网友自发吐槽讨论的吗？,1778604641,2026-05-12 16:50:41+08:00,1156,59,7,1778650794018,https://m.weibo.cn/detail/5297793414988701,浙江,7742251137,珉雾眠,f,https://m.weibo.cn/u/7742251137?luicode=20000061&lfid=5297793414988701&launchid=10000360-page_H5,"https://tvax3.sinaimg.cn/crop.0.0.1080.1080.180/008rXHclly8iagv8g6jgvj30u00u0wgr.jpg?KID=imgbed,tva&Expires=1778661580&ssig=EURUXWspYl",于正回应白鹿争议,search_contents_2026-05-13.csv,search_post,,白鹿工作室已经成立快十年还有很多人不知道于正出面回应这事被网友热议他说不是没工作室是白鹿自己不想跟风不让把资讯站改成工作室名字于正一直尊重她的想法还说只要是白鹿提的要求他都会答应也希望大家多理解其实去年于正就解释过最近白鹿舆论不断这事又被翻了出来别再说白鹿没有工作室了白鹿资讯站本身就是她的工作室这段时间白鹿争议不断让人看不懂一开始以为是对家故意抹黑后来发现不是又怀疑和于正有关仔细看也不是很好奇这些舆论到底从哪来为什么总不断冒出新问题难道真是路人缘变差都是网友自发吐槽讨论的吗,True,False,沉舟侧畔千帆过病树前头万木春刘禹锡酬乐天扬州初逢席上见赠以自然之景喻世事变迁新事物终将取代旧事物满是豁达的希望与乐观 || 肯定是有些人看白鹿过的太顺了羡慕了 || 一没犯法二没塌房一下全所人把几年前的事情发出来审判一看就是有对家在黑她,1,中性,0.5301433205604553,中性,0.5301433205604553
5298085324393133,哇，瓜主说白鹿合约到期不续了 #于正回应白鹿争议# #曝白鹿和于正合约到期不续# ,1778674238,2026-05-13 12:10:38+08:00,570,47,6,1778650794029,https://m.weibo.cn/detail/5298085324393133,江西,2212669181,超市没有好吃的,m,https://m.weibo.cn/u/2212669181?launchid=10000360-page_H5,"https://tvax1.sinaimg.cn/crop.0.0.996.996.180/83e2a6fdly8h5xd7eyzzaj20ro0ro3yp.jpg?KID=imgbed,tva&Expires=1778661576&ssig=1iGVWMNDq5",于正回应白鹿争议,search_contents_2026-05-13.csv,search_post,,哇瓜主说白鹿合约到期不续了   ,True,False,吃瓜不信瓜 来预约莫离 || 支持白鹿的一切选择不管真的假的我硬接先来期待莫离和十周年见面会吧 查看图片 || 吃不信支持白鹿一切选择期待白鹿新剧莫离期待叶璃,-1,消极,0.5266696810722351,消极,0.5266696810722351
5298089663398773,#于正回应白鹿争议#于正回应白鹿争议，一句“自证只能给坏人增添流量”直接戳破了饭圈自证的死循环。沉默不是纵容，法律维权才是最硬的底气。比起追着所谓“争议”咬不放，不如学会尊重他人的“不回应”。 柠檬叶叶糖的微博视频 ,1778675272,2026-05-13 12:27:52+08:00,350,50,1,1778650794037,https://m.weibo.cn/detail/5298089663398773,广东,6282284901,柠檬叶叶糖,f,https://m.weibo.cn/u/6282284901?launchid=10000360-page_H5,"https://tvax4.sinaimg.cn/crop.0.0.555.555.180/006R9PhPly8icrs8i4cuoj30ff0ffgly.jpg?KID=imgbed,tva&Expires=1778661576&ssig=isexdLi0Xo",于正回应白鹿争议,search_contents_2026-05-13.csv,search_post,,于正回应白鹿争议一句自证只能给坏人增添流量直接戳破了饭圈自证的死循环沉默不是纵容法律维权才是最硬的底气比起追着所谓争议咬不放不如学会尊重他人的不回应 柠檬叶叶糖的微博视频 ,True,False,你喜欢白鹿吗 || 于正不如不回呢真的是 || 于正少说话更好,2,消极,0.7673295736312866,消极,0.7673295736312866
5298107369655422,#于正回应白鹿争议#这算什么回应啊？不是很理解 ,1778679494,2026-05-13 13:38:14+08:00,0,0,0,1778650794044,https://m.weibo.cn/detail/5298107369655422,湖南,6187618388,星河威士忌,m,https://m.weibo.cn/u/6187618388?launchid=10000360-page_H5,"https://tvax3.sinaimg.cn/crop.0.0.1080.1080.180/006KKCcAly8ibjbdymu51j30u00u0gq5.jpg?KID=imgbed,tva&Expires=1778661576&ssig=kGSetWg8w%2B",于正回应白鹿争议,search_contents_2026-05-13.csv,search_post,,这算什么回应啊不是很理解 ,True,False,,2,消极,0.5176239609718323,消极,0.5176239609718323
5298107348943347,#于正回应白鹿争议#阿森纳是不可战胜的 ,1778679489,2026-05-13 13:38:09+08:00,0,0,0,1778650794051,https://m.weibo.cn/detail/5298107348943347,浙江,6655531695,天机串,m,https://m.weibo.cn/u/6655531695?launchid=10000360-page_H5,"https://tvax4.sinaimg.cn/crop.0.0.1080.1080.180/007gpVPply8hqy8pwkef2j30u00u0wgn.jpg?KID=imgbed,tva&Expires=1778661576&ssig=e%2BIbeSNuaw",于正回应白鹿争议,search_contents_2026-05-13.csv,search_post,,阿森纳是不可战胜的 ,True,False,,-1,消极,0.6922703981399536,消极,0.6922703981399536
5298090199483094,#于正 我相信沉默的力量# 有网友就近日白鹿的争议喊话@于正 ，他回复：“自证只能给坏人增添流量，且助长他们的气焰。我相信沉默的力量。对于谣言我们选择法律途径，对于伤害我们一笑了之。这些年我学会了一点，就是拒绝量子纠缠，对我自己的事如此，对于我爱的人也是如此。一切因果，天道自有定论。”#于正回应白鹿争议#,1778675400,2026-05-13 12:30:00+08:00,75,21,2,1778650794056,https://m.weibo.cn/detail/5298090199483094,,1642591402,新浪娱乐,m,https://m.weibo.cn/u/1642591402?luicode=20000061&lfid=5298090199483094&launchid=10000360-page_H5,"https://tvax2.sinaimg.cn/crop.0.0.440.440.180/001Na93Ily8ibrhmc4c40j60c80c8q3i02.jpg?KID=imgbed,tva&Expires=1778661584&ssig=5xN7Jc%2B%2BJs",于正回应白鹿争议,search_contents_2026-05-13.csv,search_post,, 有网友就近日白鹿的争议喊话 他回复自证只能给坏人增添流量且助长他们的气焰我相信沉默的力量对于谣言我们选择法律途径对于伤害我们一笑了之这些年我学会了一点就是拒绝量子纠缠对我自己的事如此对于我爱的人也是如此一切因果天道自有定论,True,False,哦哦哦哦 谁管他说啥 六月来腾讯看莫离才是大事 || 看莫离看叶璃 || 白鹿的事关你事六月来看莫离,2,消极,0.4503618776798248,消极,0.4503618776798248
5298025708654891,#一天内2个NBA球员去世# 北京时间5月13日，NBA官方宣布，前NBA球员贾森·科林斯离世，终年47岁。科林斯患有第四期胶质母细胞瘤（一种脑癌），经历了和病魔的抗争，科林斯最终离世。北京时间5月13日，NBA孟菲斯灰熊队发布声明，球队前锋布兰登·克拉克意外离世，年仅29岁。#前NBA球员科林斯脑癌离世#  #灰熊球员布兰登克拉克去世# 红星新闻的微博视频,1778660024,2026-05-13 08:13:44+08:00,721,133,44,1778650884026,https://m.weibo.cn/detail/5298025708654891,,6105713761,红星新闻,f,https://m.weibo.cn/u/6105713761?luicode=20000061&lfid=5298025708654891&launchid=10000360-page_H5,"https://tvax1.sinaimg.cn/crop.0.0.512.512.180/006FcX4dly8h8vgewp7wsj30e80e8mxd.jpg?KID=imgbed,tva&Expires=1778661671&ssig=kKUagO%2Bh2y",一天内2个NBA球员去世,search_contents_2026-05-13.csv,search_post,, 北京时间5月13日NBA官方宣布前NBA球员贾森科林斯离世终年47岁科林斯患有第四期胶质母细胞瘤一种脑癌经历了和病魔的抗争科林斯最终离世北京时间5月13日NBA孟菲斯灰熊队发布声明球队前锋布兰登克拉克意外离世年仅29岁   红星新闻的微博视频,True,False,北京时间5月13日NBA官方宣布前NBA球员贾森科林斯离世终年47岁 || 北京时间5月13日NBA孟菲斯灰熊队发布声明球队前锋布兰登克拉克意外离世年仅29岁 || 吸毒离世的为何猛上热搜,-1,中性,0.6531113982200623,中性,0.6531113982200623
5298021837571898,NBA联盟今日发布声明，向前NBA球员杰森-科林斯表达深切悼念，并向其家人、朋友以及所有曾与他共事的人致以诚挚慰问。愿逝者安息🙏🙏🙏  #一天内2个NBA球员去世# ,1778659101,2026-05-13 07:58:21+08:00,125,40,6,1778650884029,https://m.weibo.cn/detail/5298021837571898,北京,1883881851,NBA,m,https://m.weibo.cn/u/1883881851?launchid=10000360-page_H5,"https://tvax1.sinaimg.cn/crop.0.0.600.600.180/0023uzJ9ly8i8g64eyy99j60go0goaaj02.jpg?KID=imgbed,tva&Expires=1778661670&ssig=YDYIFm5q4l",一天内2个NBA球员去世,search_contents_2026-05-13.csv,search_post,,NBA联盟今日发布声明向前NBA球员杰森科林斯表达深切悼念并向其家人朋友以及所有曾与他共事的人致以诚挚慰问愿逝者安息   ,True,False,跳跳男克拉克那段时间特猛 || 对这名球员印象挺深刻主要原因是他的弟弟贾伦科林斯在2011年曾到青岛男篮试训因为那年青岛男篮到韩国进行了赛季前拉练所以青岛球迷大多对贾伦没有太多印象而当年为了查询贾伦的资料也顺便关注了他的兄弟杰森科林斯哪知如今再有消息竟是这样噩耗一路走好 || Ea2003在篮网队经常用他,-1,中性,0.5099911689758301,中性,0.5099911689758301
5298049279594599,#一天内2个NBA球员去世#北京时间5月13日，NBA接连传来噩耗：前球员贾森·科林斯因第四期胶质母细胞瘤（脑癌）病逝，享年47岁；灰熊前锋布兰登·克拉克意外离世，年仅29岁。🙏 ,1778665644,2026-05-13 09:47:24+08:00,33,2,3,1778650884033,https://m.weibo.cn/detail/5298049279594599,山东,3029879143,李玉儿聊车,f,https://m.weibo.cn/u/3029879143?launchid=10000360-page_H5,"https://tvax4.sinaimg.cn/crop.0.0.1080.1080.180/b4984967ly8i1s3kv6ydzj20u00u0gox.jpg?KID=imgbed,tva&Expires=1778661670&ssig=kdj4sqXBQd",一天内2个NBA球员去世,search_contents_2026-05-13.csv,search_post,,北京时间5月13日NBA接连传来噩耗前球员贾森科林斯因第四期胶质母细胞瘤脑癌病逝享年47岁灰熊前锋布兰登克拉克意外离世年仅29岁 ,True,False,好久都没看NBA了,-1,中性,0.4443284273147583,中性,0.4443284273147583
5298049983449999,#灰熊球员布兰登克拉克去世#突发噩耗，灰熊球员布兰登·克拉克离世，令人无比痛心。正值职业生涯上升期，却意外落幕，篮球赛场又少了一位充满活力的球员。命运多舛，可命运还是被终止，愿天堂没有伤病，一路走好。#一天内2个NBA球员去世# 圈内漂流瓶的微博视频 ,1778665812,2026-05-13 09:50:12+08:00,40,0,0,1778650884035,https://m.weibo.cn/detail/5298049983449999,重庆,3146463564,圈内漂流瓶,f,https://m.weibo.cn/u/3146463564?launchid=10000360-page_H5,"https://tvax2.sinaimg.cn/crop.0.0.512.512.180/bb8b394cly8ha22s3nc24j20e80e8q3b.jpg?KID=imgbed,tva&Expires=1778661670&ssig=X6UX4eSgl4",一天内2个NBA球员去世,search_contents_2026-05-13.csv,search_post,,突发噩耗灰熊球员布兰登克拉克离世令人无比痛心正值职业生涯上升期却意外落幕篮球赛场又少了一位充满活力的球员命运多舛可命运还是被终止愿天堂没有伤病一路走好 圈内漂流瓶的微博视频 ,True,False,,-1,积极,0.5331511497497559,积极,0.5331511497497559
5298068813516335,【#兰登克拉克一月前因涉持管制药被捕#】#兰登克拉克刚向女友求婚成功不久# 5月13日，NBA灰熊队发文确认：球员布兰登·克拉克意外去世，年仅29岁。据多家媒体跟进调查，在克拉克意外离世的现场，警方发现了相关用具及药物，目前官方尚未发布最终尸检报告。据悉，今年4月他才刚因涉管制药品被捕。#一天内2个NBA球员去世##灰熊球员布兰登克拉克去世#克拉克出生于1996年9月19日，他在2019年首轮第21顺位被灰熊队选中，此后便一直效力灰熊。克拉克共计出战309场常规赛，场均登场20.8分钟，得到10.2分5.5篮板1.3助攻，投篮命中率60.5%，罚球命中率69.7%。最近三个赛季，克拉克不断遭遇大伤。他先是在2022-23赛季撕裂跟腱，赛季报销，然后又在2024-25赛季遭遇右膝后十字韧带严重扭伤，再次报销。本赛季克拉克复出只打了2场比赛，遭遇右小腿二级拉伤，又一次报销。克拉克2025年9月刚刚向女友求婚成功，为其戴上了婚戒。（国+社） 中国蓝新闻的微博视频,1778670301,2026-05-13 11:05:01+08:00,275,20,26,1778650884039,https://m.weibo.cn/detail/5298068813516335,,2286092114,中国蓝新闻,m,https://m.weibo.cn/u/2286092114?luicode=20000061&lfid=5298068813516335&launchid=10000360-page_H5,"https://tvax2.sinaimg.cn/crop.0.0.1000.1000.180/8842ff52ly8heqfusvnwbj20rs0rsmxx.jpg?KID=imgbed,tva&Expires=1778661674&ssig=mkj0P%2BYvt6",一天内2个NBA球员去世,search_contents_2026-05-13.csv,search_post,, 5月13日NBA灰熊队发文确认球员布兰登克拉克意外去世年仅29岁据多家媒体跟进调查在克拉克意外离世的现场警方发现了相关用具及药物目前官方尚未发布最终尸检报告据悉今年4月他才刚因涉管制药品被捕克拉克出生于1996年9月19日他在2019年首轮第21顺位被灰熊队选中此后便一直效力灰熊克拉克共计出战309场常规赛场均登场208分钟得到102分55篮板13助攻投篮命中率605罚球命中率697最近三个赛季克拉克不断遭遇大伤他先是在202223赛季撕裂跟腱赛季报销然后又在202425赛季遭遇右膝后十字韧带严重扭伤再次报销本赛季克拉克复出只打了2场比赛遭遇右小腿二级拉伤又一次报销克拉克2025年9月刚刚向女友求婚成功为其戴上了婚戒国社 中国蓝新闻的微博视频,True,False,29岁太可惜了刚求婚成功却遭遇意外 || 哇哦真的是特别意外了还挺年轻 || 真的很意外啊蹲一波后续情况,-1,中性,0.8283470273017883,中性,0.8283470273017883
5298107625769026,#马刺3比2森林狼##一天内2个NBA球员去世# 北京时间5月13日，NBA官方宣布，前NBA球员贾森·科林离世，NBA孟菲斯灰熊队发布声明，球队前锋布兰登·克拉克意外离世，年仅29岁。#前NBA球员科林斯脑癌离世##灰熊球员布兰登克拉克去世# ,1778679555,2026-05-13 13:39:15+08:00,72,0,0,1778650884041,https://m.weibo.cn/detail/5298107625769026,辽宁,3509091253,体彩老店主竞彩阿利,m,https://m.weibo.cn/u/3509091253?launchid=10000360-page_H5,"https://tvax1.sinaimg.cn/crop.0.0.704.704.180/d1287bb5ly8ibst3ebxidj20jk0jkab0.jpg?KID=imgbed,tva&Expires=1778661670&ssig=sYOkNrh%2FcD",一天内2个NBA球员去世,search_contents_2026-05-13.csv,search_post,, 北京时间5月13日NBA官方宣布前NBA球员贾森科林离世NBA孟菲斯灰熊队发布声明球队前锋布兰登克拉克意外离世年仅29岁 ,True,False,,-1,中性,0.7912442684173584,中性,0.7912442684173584
5298105886965836,#一天内2个NBA球员去世#都是高危职业！哪有一件事是好做的 ,1778679139,2026-05-13 13:32:19+08:00,1,0,0,1778650884043,https://m.weibo.cn/detail/5298105886965836,湖南,7648229436,听元音,m,https://m.weibo.cn/u/7648229436?launchid=10000360-page_H5,"https://tvax4.sinaimg.cn/crop.0.0.828.828.180/008lBbRily8hqacgx64gij30n00n03zm.jpg?KID=imgbed,tva&Expires=1778661670&ssig=rmBtZZVLfx",一天内2个NBA球员去世,search_contents_2026-05-13.csv,search_post,,都是高危职业哪有一件事是好做的 ,True,False,,1,消极,0.8092761039733887,消极,0.8092761039733887
5298105484051282,逝者安息🙏🙏🙏北京时间5月13日，据NBA官方宣布，前NBA球员贾森·科林斯离世，终年47岁。科林斯患有第四期胶质母细胞瘤，经历了8个月和病魔的抗争，科林斯最终离世。同日，NBA孟菲斯灰熊队发布声明，球队前锋布兰登·克拉克意外离世，年仅29岁，逝世原因尚未公布。灰熊声明写道：“我们对布兰登·克拉克的不幸离世深感悲痛。布兰登不仅是一位出色的队友，更是一位优秀的人。他对球队以及整个孟菲斯社区所带来的影响，将永远不会被遗忘。在这段艰难时刻，我们向他的家人和挚爱亲友致以最深切的慰问。 ”#一天内2个NBA球员去世##前NBA球员贾森科林斯离世##灰熊球员布兰登克拉克去世#,1778679044,2026-05-13 13:30:44+08:00,0,0,0,1778650884045,https://m.weibo.cn/detail/5298105484051282,,7908287544,百度体育,m,https://m.weibo.cn/u/7908287544?luicode=20000061&lfid=5298105484051282&launchid=10000360-page_H5,"https://tvax1.sinaimg.cn/crop.0.0.1050.1050.180/008DcmQUly8i0xjby553wj30t60t6js5.jpg?KID=imgbed,tva&Expires=1778661677&ssig=BwZt25ZfgE",一天内2个NBA球员去世,search_contents_2026-05-13.csv,search_post,,逝者安息北京时间5月13日据NBA官方宣布前NBA球员贾森科林斯离世终年47岁科林斯患有第四期胶质母细胞瘤经历了8个月和病魔的抗争科林斯最终离世同日NBA孟菲斯灰熊队发布声明球队前锋布兰登克拉克意外离世年仅29岁逝世原因尚未公布灰熊声明写道我们对布兰登克拉克的不幸离世深感悲痛布兰登不仅是一位出色的队友更是一位优秀的人他对球队以及整个孟菲斯社区所带来的影响将永远不会被遗忘在这段艰难时刻我们向他的家人和挚爱亲友致以最深切的慰问 ,True,False,,-1,中性,0.5928989052772522,中性,0.5928989052772522
5298072613293149,#雨霖铃首播4集# 这部很有追剧欲望了，首播连更四集对观众也非常友好，朝堂权谋+扫黑追凶，晚上一起追🙋#杨洋雨霖铃追剧日历# ,1778671207,2026-05-13 11:20:07+08:00,207,67,11,1778650980973,https://m.weibo.cn/detail/5298072613293149,江苏,6988872399,辣笔小鑫Daily,m,https://m.weibo.cn/u/6988872399?launchid=10000360-page_H5,"https://tvax2.sinaimg.cn/crop.0.0.1080.1080.180/007CYAYnly8icbw71h58jj30u00u077s.jpg?KID=imgbed,tva&Expires=1778661780&ssig=o1IAaPj2vU",雨霖铃首播4集,search_contents_2026-05-13.csv,search_post,, 这部很有追剧欲望了首播连更四集对观众也非常友好朝堂权谋扫黑追凶晚上一起追 ,True,False,祝贺雨霖铃首播4集 || 雨淋铃刺激追剧尤其朝堂权谋和扫黑追凶的情节值得期待晚上继续追 || 好期待杨洋的新剧,0,积极,0.97462660074234,积极,0.97462660074234
5298076517663588,#雨霖铃首播4集#一句“我乃开封府展昭”把我拉回了童年，杨洋的展昭帅疯了好吗？？就这个古早武侠风爽， 探案权谋+快意恩仇太对味了👖+cctv8，今天晚上21:30都来看《雨霖铃》 #雨霖铃先导特辑# ,1778672138,2026-05-13 11:35:38+08:00,816,84,68,1778650980979,https://m.weibo.cn/detail/5298076517663588,四川,6817594578,窝窝头超好吃的,m,https://m.weibo.cn/u/6817594578?launchid=10000360-page_H5,"https://tvax1.sinaimg.cn/crop.0.0.1023.1023.180/007rnVMSly8i01rmb1cx5j30sf0sfq4v.jpg?KID=imgbed,tva&Expires=1778661780&ssig=6EpxAn%2F8K8",雨霖铃首播4集,search_contents_2026-05-13.csv,search_post,,一句我乃开封府展昭把我拉回了童年杨洋的展昭帅疯了好吗就这个古早武侠风爽 探案权谋快意恩仇太对味了cctv8今天晚上2130都来看雨霖铃  ,True,False,已经开播了么 呜呜呜还没能看呢 || 雨霖铃展昭眼神戏绝了隐忍破碎感拉满狠狠期待 || 这个雨霖铃的预告片也太吸引人了,0,积极,0.8767537474632263,积极,0.8767537474632263
5298071860942082,#雨霖铃首播4集##杨洋雨霖铃追剧日历#杨洋《雨霖铃》追剧日历📆来啦，开播起连续6天双更，追剧体验太好了，杨洋的展昭完全的仙品，热血江湖，今晚不见不散 ,1778671028,2026-05-13 11:17:08+08:00,96,25,21,1778650980982,https://m.weibo.cn/detail/5298071860942082,广东,2853133452,搞到顶流明星了,f,https://m.weibo.cn/u/2853133452?launchid=10000360-page_H5,"https://tvax2.sinaimg.cn/crop.0.0.720.720.180/aa0f5c8cly8h3kkqyy6svj20k00k0my0.jpg?KID=imgbed,tva&Expires=1778661780&ssig=MHnmkDYh6v",雨霖铃首播4集,search_contents_2026-05-13.csv,search_post,,杨洋雨霖铃追剧日历来啦开播起连续6天双更追剧体验太好了杨洋的展昭完全的仙品热血江湖今晚不见不散 ,True,False,感谢老师来抢云包场吧 || 必须看起来呀我是很期待的,0,积极,0.9842302203178406,积极,0.9842302203178406
5298086050006909,一不小心就全程看脸了，然后又倒回去重看一遍演了啥 #雨霖铃首播4集# ,1778674411,2026-05-13 12:13:31+08:00,623,73,71,1778650980984,https://m.weibo.cn/detail/5298086050006909,吉林,3898612300,柳飘飘有点飘,f,https://m.weibo.cn/u/3898612300?launchid=10000360-page_H5,"https://tvax4.sinaimg.cn/crop.0.0.996.996.180/e8601a4cly8ggdrka4lokj20ro0ro75p.jpg?KID=imgbed,tva&Expires=1778661780&ssig=qMzAVaZIcu",雨霖铃首播4集,search_contents_2026-05-13.csv,search_post,,一不小心就全程看脸了然后又倒回去重看一遍演了啥  ,True,False,看杨洋的剧就是这样第一遍先看脸之后再看剧情 || 看凡人修仙传就是看了好几遍总觉得这剧情怎么没见过 || 想当初我看凡人修仙传的时候就这样,0,消极,0.8415493965148926,消极,0.8415493965148926
5298075258327393,#雨霖铃首播4集#好好好，我就这样搬起小板凳来看这个雨霖铃了！首播4集，真的好想看这个雨霖铃的美强惨三人组了！！！ 李火火fire_的微博视频 ,1778671838,2026-05-13 11:30:38+08:00,176,6,5,1778650980986,https://m.weibo.cn/detail/5298075258327393,湖南,6501723823,李火火fire_,m,https://m.weibo.cn/u/6501723823?launchid=10000360-page_H5,"https://tvax3.sinaimg.cn/crop.0.0.503.503.180/00760znhly8i6r4r0kn6uj30dz0dzmxw.jpg?KID=imgbed,tva&Expires=1778661780&ssig=4cnU%2BcI4v1",雨霖铃首播4集,search_contents_2026-05-13.csv,search_post,,好好好我就这样搬起小板凳来看这个雨霖铃了首播4集真的好想看这个雨霖铃的美强惨三人组了 李火火fire_的微博视频 ,True,False,终于等到雨霖铃开播好期待呀 || 哇塞这个可不能错过的 || 可算是把今天给盼来了,0,积极,0.9624645113945008,积极,0.9624645113945008
5298108410892110,#雨霖铃首播4集#今晚锁定CCTV-8、优酷、浙江卫视，看《雨霖铃》#杨洋展昭#杨洋 ,1778679742,2026-05-13 13:42:22+08:00,0,1,0,1778650980989,https://m.weibo.cn/detail/5298108410892110,江苏,5629914822,飞向宇宙的边界,f,https://m.weibo.cn/u/5629914822?launchid=10000360-page_H5,"https://tvax4.sinaimg.cn/crop.0.0.1080.1080.180/00690y1Mly8ha8218gb94j30u00u0wk0.jpg?KID=imgbed,tva&Expires=1778661780&ssig=22h1TA2%2Bbe",雨霖铃首播4集,search_contents_2026-05-13.csv,search_post,,今晚锁定CCTV8优酷浙江卫视看雨霖铃杨洋 ,True,False,,0,积极,0.7549228668212891,积极,0.7549228668212891
5298108273788885,#雨霖铃首播4集# 今天！就是今天晚上！优酷4集联播这个无敌的展昭！身伤又心伤的展昭！ ,1778679709,2026-05-13 13:41:49+08:00,0,0,0,1778650980990,https://m.weibo.cn/detail/5298108273788885,江苏,1750412574,住在闷油瓶里的羊,f,https://m.weibo.cn/u/1750412574?launchid=10000360-page_H5,"https://tvax4.sinaimg.cn/crop.0.0.996.996.180/68552d1ely8g8hrrr8i3wj20ro0roadu.jpg?KID=imgbed,tva&Expires=1778661780&ssig=oGKT5z8A9w",雨霖铃首播4集,search_contents_2026-05-13.csv,search_post,, 今天就是今天晚上优酷4集联播这个无敌的展昭身伤又心伤的展昭 ,True,False,,0,积极,0.7633346915245056,积极,0.7633346915245056
5298107839677951,#雨霖铃首播4集##杨洋雨霖铃追剧日历##释小龙宣传杨洋雨霖铃##杨洋章若楠方逸伦换头像# 迎接我的老公 ,1778679606,2026-05-13 13:40:06+08:00,3,0,0,1778650980992,https://m.weibo.cn/detail/5298107839677951,河北,7821479288,哎呀鬼见愁,m,https://m.weibo.cn/u/7821479288?launchid=10000360-page_H5,"https://tvax1.sinaimg.cn/crop.0.0.960.960.180/008xk83Kly8i1hbac9rxsj30qo0qo0w1.jpg?KID=imgbed,tva&Expires=1778661780&ssig=nChJCDFRlu",雨霖铃首播4集,search_contents_2026-05-13.csv,search_post,, 迎接我的老公 ,True,False,,0,积极,0.8801331520080566,积极,0.8801331520080566
5298072212996954,【#小米汽车工厂暂停预约参观#】#小米汽车工厂5月13至22暂停预约# 5月13日，据小米汽车工厂参观预约界面显示，小米官方已临时关闭5月13日至5月22日期间的工厂参观报名通道，用户在此时间段内无法提交参观预约申请。 ,1778671112,2026-05-13 11:18:32+08:00,297,87,14,1778651059168,https://m.weibo.cn/detail/5298072212996954,,1856404484,凤凰网科技,m,https://m.weibo.cn/u/1856404484?launchid=10000360-page_H5,"https://tvax2.sinaimg.cn/crop.0.0.512.512.180/6ea67c04ly8h0pl2dem57j20e80e8gm4.jpg?KID=imgbed,tva&Expires=1778661859&ssig=xm0L2ZN7IZ",小米汽车工厂暂停预约参观,search_contents_2026-05-13.csv,search_post,, 5月13日据小米汽车工厂参观预约界面显示小米官方已临时关闭5月13日至5月22日期间的工厂参观报名通道用户在此时间段内无法提交参观预约申请 ,True,False,景点有贵客 || 总部放在北京太明智了,1,中性,0.8740056157112122,中性,0.8740056157112122
5298073278612729,小米汽车工厂，5月13-22日暂停预约？不会真被欧哥言中了吧？不过概率不大 ,1778671366,2026-05-13 11:22:46+08:00,166,59,0,1778651059170,https://m.weibo.cn/detail/5298073278612729,河北,5714719345,Oneline科技,m,https://m.weibo.cn/u/5714719345?launchid=10000360-page_H5,"https://tvax2.sinaimg.cn/crop.0.0.1080.1080.180/006eKnyFly8hc6mn2iyg1j30u00u0q41.jpg?KID=imgbed,tva&Expires=1778661859&ssig=5%2F8EFGMXuN",小米汽车工厂暂停预约参观,search_contents_2026-05-13.csv,search_post,,小米汽车工厂5月1322日暂停预约不会真被欧哥言中了吧不过概率不大 ,True,False,黄仁勋参观有可能 || 啊川参观完结果就是回去就制裁小米 || 高通的主业务在中国小米又是高通最大的客户如果小米不买高通芯片高通立刻就破产会不会是来洽谈小米收购高通和思科预案,1,中性,0.769422173500061,中性,0.769422173500061
5298098660181156,#小米汽车工厂暂停预约参观#怎么感觉更像是工厂升级或者维护之类的。暂停预约也正常啦，毕竟工厂也需要进阶改造升级的。小米在北京的工厂确实高效和先进，有机会我也去参观一下。 ,1778677417,2026-05-13 13:03:37+08:00,26,19,17,1778651059172,https://m.weibo.cn/detail/5298098660181156,云南,6281618184,柠车小同学,f,https://m.weibo.cn/u/6281618184?launchid=10000360-page_H5,"https://tvax4.sinaimg.cn/crop.0.0.960.960.180/006R71Qkly8icem5fdk0cj30qo0qowg5.jpg?KID=imgbed,tva&Expires=1778661859&ssig=w9znTAbHq9",小米汽车工厂暂停预约参观,search_contents_2026-05-13.csv,search_post,,怎么感觉更像是工厂升级或者维护之类的暂停预约也正常啦毕竟工厂也需要进阶改造升级的小米在北京的工厂确实高效和先进有机会我也去参观一下 ,True,False,有機會體驗打卡一下 || 暂停预约参观也挺正常啊 || 有机会我也想去参观一下,1,积极,0.5468281507492065,积极,0.5468281507492065
5298108876458273,#小米汽车工厂暂停预约参观#这会不会是要接待黄仁勋一行人？？？ ,1778679853,2026-05-13 13:44:13+08:00,0,0,0,1778651059173,https://m.weibo.cn/detail/5298108876458273,四川,7332652598,甜椒泡泡,m,https://m.weibo.cn/u/7332652598?launchid=10000360-page_H5,"https://tvax2.sinaimg.cn/crop.0.0.1080.1080.180/0080f3Uily8ia4649ofmlj30u00u0wgc.jpg?KID=imgbed,tva&Expires=1778661859&ssig=uU1GVwJieS",小米汽车工厂暂停预约参观,search_contents_2026-05-13.csv,search_post,,这会不会是要接待黄仁勋一行人 ,True,False,,0,中性,0.9083857536315918,中性,0.9083857536315918
5298108850507743,#小米汽车工厂暂停预约参观#两天还不少朋友开玩笑，现在竟然成真的了虽然不知道这一次为什么暂停预约参观，但时间有些过于的巧合，让人浮想联翩 ,1778679847,2026-05-13 13:44:07+08:00,0,0,0,1778651059174,https://m.weibo.cn/detail/5298108850507743,山东,5542063460,老孙聊科技,m,https://m.weibo.cn/u/5542063460?launchid=10000360-page_H5,"https://tvax1.sinaimg.cn/crop.0.0.600.600.180/00633VSkly8hu6q0zp29nj30go0godhi.jpg?KID=imgbed,tva&Expires=1778661859&ssig=ot6PjM3mpH",小米汽车工厂暂停预约参观,search_contents_2026-05-13.csv,search_post,,两天还不少朋友开玩笑现在竟然成真的了虽然不知道这一次为什么暂停预约参观但时间有些过于的巧合让人浮想联翩 ,True,False,,-1,消极,0.7725259065628052,消极,0.7725259065628052
5298104745070775,#小米汽车工厂暂停预约参观#哦吼？这次雷总又要接待贵宾了？会是谁呢？感觉又是大人物，雷总已经成新打卡点了 ,1778678868,2026-05-13 13:27:48+08:00,0,0,0,1778651059176,https://m.weibo.cn/detail/5298104745070775,广东,2398820863,一只任同学,m,https://m.weibo.cn/u/2398820863?launchid=10000360-page_H5,"https://tvax4.sinaimg.cn/crop.0.0.1024.1024.180/8efb19ffly8i3vu8werooj20sg0sg0uf.jpg?KID=imgbed,tva&Expires=1778661859&ssig=1c8BMGj5o%2F",小米汽车工厂暂停预约参观,search_contents_2026-05-13.csv,search_post,,哦吼这次雷总又要接待贵宾了会是谁呢感觉又是大人物雷总已经成新打卡点了 ,True,False,,0,积极,0.6914135217666626,积极,0.6914135217666626
5298092117330249,#小米汽车工厂暂停预约参观#原本满心期待去实地打卡造车基地，偏偏赶上临时闭约时段，只能暂缓行程耐心等候开放啦#小米汽车工厂5月13至22暂停预约##小米17Max来了#😔 ,1778675857,2026-05-13 12:37:37+08:00,2,1,0,1778651059178,https://m.weibo.cn/detail/5298092117330249,北京,5525315851,七两鹿衔草,m,https://m.weibo.cn/u/5525315851?launchid=10000360-page_H5,"https://tvax3.sinaimg.cn/crop.0.0.1080.1080.180/0061VF3Bly8ib6hpmvmbkj30u00u0417.jpg?KID=imgbed,tva&Expires=1778661859&ssig=Pb2UEoPSB0",小米汽车工厂暂停预约参观,search_contents_2026-05-13.csv,search_post,,原本满心期待去实地打卡造车基地偏偏赶上临时闭约时段只能暂缓行程耐心等候开放啦 ,True,False,你加入美国代表团就可以跟着川普去看了,1,中性,0.5557528734207153,中性,0.5557528734207153
5298091956633780,#小米汽车工厂暂停预约参观#官方临时锁死报名通道属实低调，想必厂区在进行内部调试与规整，静待这段时间过后焕然一新亮相🌿#小米汽车工厂5月13至22暂停预约##小米17Max来了#👀 ,1778675818,2026-05-13 12:36:58+08:00,1,0,0,1778651059179,https://m.weibo.cn/detail/5298091956633780,北京,5537596383,阿雨的桥,m,https://m.weibo.cn/u/5537596383?launchid=10000360-page_H5,"https://tvax4.sinaimg.cn/crop.0.0.664.664.180/0062LbMHly8gv2h1x3y6lj30ig0igmxk.jpg?KID=imgbed,tva&Expires=1778661859&ssig=TyQTBzf13S",小米汽车工厂暂停预约参观,search_contents_2026-05-13.csv,search_post,,官方临时锁死报名通道属实低调想必厂区在进行内部调试与规整静待这段时间过后焕然一新亮相 ,True,False,,1,中性,0.6707918643951416,中性,0.6707918643951416
5298046931829323,#黄晓明王俊凯昆凌中餐厅同框# 王俊凯 黄晓明 昆凌泰国录制中餐厅同框画面温馨又治愈！小凯笑容干净明亮状态超在线，期待中餐厅惊喜 圈内教父的微博视频 ,1778665084,2026-05-13 09:38:04+08:00,619,23,41,1778651168188,https://m.weibo.cn/detail/5298046931829323,内蒙古,5909342713,圈内教父,m,https://m.weibo.cn/u/5909342713?launchid=10000360-page_H5,"https://tvax4.sinaimg.cn/crop.0.0.996.996.180/006rUZZfly8gdijt45jw5j30ro0roaaz.jpg?KID=imgbed,tva&Expires=1778661954&ssig=3p0A3A9co1",王俊凯黄晓明昆凌中餐厅同框,search_contents_2026-05-13.csv,search_post,, 王俊凯 黄晓明 昆凌泰国录制中餐厅同框画面温馨又治愈小凯笑容干净明亮状态超在线期待中餐厅惊喜 圈内教父的微博视频 ,True,False,这是ss拍的视频别传播了 || 别传播ss的视频,0,积极,0.9805598258972168,积极,0.9805598258972168
5298075199604791,中餐厅10路透，看着让人好期待呀！王俊凯萌萌的帅帅滴，哈哈害羞的样纸真阔爱。搬行李嘛，还得是凯哥来，哈哈哈表面云淡风轻，实则使出了浑身力气…#王俊凯黄晓明昆凌中餐厅同框# ,1778671824,2026-05-13 11:30:24+08:00,850,33,13,1778651168193,https://m.weibo.cn/detail/5298075199604791,浙江,2709814831,娱大蜀黍,m,https://m.weibo.cn/u/2709814831?launchid=10000360-page_H5,"https://tvax1.sinaimg.cn/crop.0.0.640.640.180/a1847e2fly8i6m35ho04oj20hs0hsdgr.jpg?KID=imgbed,tva&Expires=1778661954&ssig=%2FTO0BcUssp",王俊凯黄晓明昆凌中餐厅同框,search_contents_2026-05-13.csv,search_post,,中餐厅10路透看着让人好期待呀王俊凯萌萌的帅帅滴哈哈害羞的样纸真阔爱搬行李嘛还得是凯哥来哈哈哈表面云淡风轻实则使出了浑身力气 ,True,False,王俊凯热心宝宝 || 真的好期待啊 || 凯哥威武期待他秀厨艺啦,0,积极,0.9752183556556702,积极,0.9752183556556702
5298061911787759,昆凌出发录制中餐厅，与黄晓明王俊凯清迈汇合，周杰伦或飞行嘉宾 《中餐厅》清迈录制，昆凌也来了，还是周杰伦租用私人飞机送来的 已经开始期待啦～#王俊凯黄晓明昆凌中餐厅同框# 流年似水Vera的微博视频 ,1778668656,2026-05-13 10:37:36+08:00,146,15,7,1778651168196,https://m.weibo.cn/detail/5298061911787759,河北,1817052662,流年似水Vera,f,https://m.weibo.cn/u/1817052662?launchid=10000360-page_H5,"https://tvax3.sinaimg.cn/crop.0.0.600.600.180/6c4e05f6ly8i4a161913mj20go0gogos.jpg?KID=imgbed,tva&Expires=1778661954&ssig=lBbSeXV6kv",王俊凯黄晓明昆凌中餐厅同框,search_contents_2026-05-13.csv,search_post,,昆凌出发录制中餐厅与黄晓明王俊凯清迈汇合周杰伦或飞行嘉宾 中餐厅清迈录制昆凌也来了还是周杰伦租用私人飞机送来的 已经开始期待啦 流年似水Vera的微博视频 ,True,False,超级期待啦 || 嫁好老公多重要,0,积极,0.8180966973304749,积极,0.8180966973304749
5298078015034176,#王俊凯搬行李箱整个脸都在用力#【#搬箱子这种活交给王俊凯就OK了#】近日，王俊凯时隔六年回归录制《中餐厅》第十季，引发全网热议。有网友拍到中餐厅录制现场王俊凯、黄晓明同框路透，王俊凯帮姐姐们搬行李箱，看得出来箱子很沉了，整个脸都在用力。#王俊凯黄晓明昆凌中餐厅同框# 三农频道的微博视频,1778672495,2026-05-13 11:41:35+08:00,267,23,34,1778651168200,https://m.weibo.cn/detail/5298078015034176,,2054900587,三农频道,m,https://m.weibo.cn/u/2054900587?luicode=20000061&lfid=5298078015034176&launchid=10000360-page_H5,"https://tvax4.sinaimg.cn/crop.0.0.1080.1080.180/7a7b4b6bly8i15rq16385j20u00u00tf.jpg?KID=imgbed,tva&Expires=1778661955&ssig=jKBOrarhH2",王俊凯黄晓明昆凌中餐厅同框,search_contents_2026-05-13.csv,search_post,,近日王俊凯时隔六年回归录制中餐厅第十季引发全网热议有网友拍到中餐厅录制现场王俊凯黄晓明同框路透王俊凯帮姐姐们搬行李箱看得出来箱子很沉了整个脸都在用力 三农频道的微博视频,True,False,搬箱子这种活交给王俊凯就OK了,0,积极,0.6484756469726562,积极,0.6484756469726562
5298073816269019,现在中餐厅还没正式播，光路透都已经被王俊凯带飞了，一个同框剧透能在全网刷屏，不是没原因的。芒果现在请嘉宾其实很现实，谁能带热度，谁能稳招商，平台心里门儿清。王俊凯最厉害的地方就是路人愿意看他，粉丝还舍得花钱，这种才是真正的综艺刚需。而且你会发现，每次他出现，讨论度都不是粉圈自嗨。现在好多综艺最怕没水花，嘉宾来了跟隐身一样，但王俊凯属于站那儿就有话题的人。中餐厅这波热度，节目组押对宝了。#王俊凯黄晓明昆凌中餐厅同框##王俊凯黄晓明昆凌中餐厅同框#,1778671493,2026-05-13 11:24:53+08:00,446,32,34,1778651168202,https://m.weibo.cn/detail/5298073816269019,河南,5518797314,综艺君,m,https://m.weibo.cn/u/5518797314?luicode=20000061&lfid=5298073816269019&launchid=10000360-page_H5,"https://tva3.sinaimg.cn/crop.0.0.1002.1002.180/0061ujhUjw8f47yfco1f4j30ru0rvjs7.jpg?KID=imgbed,tva&Expires=1778661958&ssig=k0Sqv9HtBr",王俊凯黄晓明昆凌中餐厅同框,search_contents_2026-05-13.csv,search_post,,现在中餐厅还没正式播光路透都已经被王俊凯带飞了一个同框剧透能在全网刷屏不是没原因的芒果现在请嘉宾其实很现实谁能带热度谁能稳招商平台心里门儿清王俊凯最厉害的地方就是路人愿意看他粉丝还舍得花钱这种才是真正的综艺刚需而且你会发现每次他出现讨论度都不是粉圈自嗨现在好多综艺最怕没水花嘉宾来了跟隐身一样但王俊凯属于站那儿就有话题的人中餐厅这波热度节目组押对宝了,True,False,可以直播我愿意付费观看 || 再让千玺和王源飞行一期直接起飞 || 说的太对了  除了有强大的粉丝 还有极高的国民度以及中餐厅第二季第三季出圈的表现让路人愿意期待 想看他 未播甚至未录制已经期待值拉满了,0,积极,0.4685290455818176,积极,0.4685290455818176
5298078468015372,昆凌空降《中餐厅》录制现场！路透一出直接刷屏🔥画面里，昆凌边走边笑着打招呼，状态超好～王俊凯和黄晓明也热情迎接，三个人同框的画面太养眼了叭！一个帅一个暖一个美，这阵容我是真的会谢✋已经开始狠狠期待这期节目了，谁能懂啊！！ 📸👇#中餐厅 ##王俊凯黄晓明昆凌中餐厅同框#王俊凯黄晓明昆凌中餐厅同框 不知名的呆毛1717的微博视频,1778672603,2026-05-13 11:43:23+08:00,26,4,0,1778651168205,https://m.weibo.cn/detail/5298078468015372,河北,5599062735,不知名的呆毛1717,f,https://m.weibo.cn/u/5599062735?luicode=20000061&lfid=5298078468015372&launchid=10000360-page_H5,"https://tvax3.sinaimg.cn/crop.0.0.1080.1080.180/0066V5Ztly8iasr0sc97cj30u00u0405.jpg?KID=imgbed,tva&Expires=1778661961&ssig=qf8T2N%2BzD9",王俊凯黄晓明昆凌中餐厅同框,search_contents_2026-05-13.csv,search_post,,昆凌空降中餐厅录制现场路透一出直接刷屏画面里昆凌边走边笑着打招呼状态超好王俊凯和黄晓明也热情迎接三个人同框的画面太养眼了叭一个帅一个暖一个美这阵容我是真的会谢已经开始狠狠期待这期节目了谁能懂啊 王俊凯黄晓明昆凌中餐厅同框 不知名的呆毛1717的微博视频,True,False,这阵容太强大了 || 期待这个节目 || 期待中餐厅播出,0,积极,0.9762667417526244,积极,0.9762667417526244
5298108837659159,#王俊凯黄晓明昆凌中餐厅同框#期待王俊凯王俊凯 ,1778679844,2026-05-13 13:44:04+08:00,0,0,0,1778651168208,https://m.weibo.cn/detail/5298108837659159,四川,6447311860,葡萄已经成熟啦,f,https://m.weibo.cn/u/6447311860?launchid=10000360-page_H5,"https://tvax2.sinaimg.cn/crop.0.0.1080.1080.180/0072kgkYly8ic4blluzndj30u00u0ade.jpg?KID=imgbed,tva&Expires=1778661954&ssig=wk6lyc7lYI",王俊凯黄晓明昆凌中餐厅同框,search_contents_2026-05-13.csv,search_post,,期待王俊凯王俊凯 ,True,False,,0,积极,0.956787407398224,积极,0.956787407398224
5298107380403849,#王俊凯黄晓明昆凌中餐厅同框#期待期待 ,1778679496,2026-05-13 13:38:16+08:00,0,0,0,1778651168211,https://m.weibo.cn/detail/5298107380403849,四川,7203088935,kk要天天开心-,f,https://m.weibo.cn/u/7203088935?launchid=10000360-page_H5,"https://tvax3.sinaimg.cn/crop.0.0.1080.1080.180/007RtqtNly8ibdhi6yopuj30u00u00v1.jpg?KID=imgbed,tva&Expires=1778661954&ssig=kGCmSejq3v",王俊凯黄晓明昆凌中餐厅同框,search_contents_2026-05-13.csv,search_post,,期待期待 ,True,False,,-1,积极,0.9747372269630432,积极,0.9747372269630432
5298043916386531,【#江苏税务正处理偷拍男生拟录资格#】南京审计大学一名在校研究生顾某某因涉嫌偷拍女生隐私，引发关注。顾某某已被国家税务总局江苏省税务局拟录用公务员。5月13日，@现代快报 记者拨通该公示名单上的监督电话，询问顾某某是否会被清出拟录用名单，工作人员回复，目前正在处理中。#南审偷拍男生或被拘留#据了解，5月11日，顾某疑似涉嫌偷拍他人隐私事件在网上引发关注和热议。5月12日晚，南京审计大学发布情况通报：学校学生顾某某在校内偷拍他人隐私情况属实，情节严重。依据《普通高等学校学生管理规定》《南京审计大学研究生违纪处分办法》等相关规定，学校决定给予顾某某开除学籍处分。南京 现代快报的微博视频,1778664364,2026-05-13 09:26:04+08:00,10193,444,196,1778651270221,https://m.weibo.cn/detail/5298043916386531,,1656737654,现代快报,m,https://m.weibo.cn/u/1656737654?luicode=20000061&lfid=5298043916386531&launchid=10000360-page_H5,"https://tvax2.sinaimg.cn/crop.0.0.800.800.180/001O7v94ly8i89q5a0tlhj60m80m874x02.jpg?KID=imgbed,tva&Expires=1778662044&ssig=Mm32cQ25NW",江苏税务正处理偷拍男生拟录资格,search_contents_2026-05-13.csv,search_post,,南京审计大学一名在校研究生顾某某因涉嫌偷拍女生隐私引发关注顾某某已被国家税务总局江苏省税务局拟录用公务员5月13日 记者拨通该公示名单上的监督电话询问顾某某是否会被清出拟录用名单工作人员回复目前正在处理中据了解5月11日顾某疑似涉嫌偷拍他人隐私事件在网上引发关注和热议5月12日晚南京审计大学发布情况通报学校学生顾某某在校内偷拍他人隐私情况属实情节严重依据普通高等学校学生管理规定南京审计大学研究生违纪处分办法等相关规定学校决定给予顾某某开除学籍处分南京 现代快报的微博视频,True,False,5月11日南京审计大学研究生顾某某涉嫌偷拍女生隐私事件引发关注次日学校通报确认事实并开除其学籍该生此前已被国家税务总局江苏省税务局拟录用为公务员13日税务部门回应其录用资格问题正在处理中查看最新戳gt微博智搜 || 肯定被除名第二名做好准备吧,2,中性,0.8281082510948181,中性,0.8281082510948181
5298077897592462,#南审偷拍男生或被拘留#【#律师称江苏税务有理由拒录偷拍男生#】连日来，南京审计大学一名学生在校园内，涉嫌偷拍女生隐私的事情持续引发关注。5月12日，校方通报称情况属实，决定对涉事学生开除学籍。5月13日，江苏爱信律师事务所律师汤磊告诉@现代快报 记者，当事人还将面临行政处罚，严重的话甚至会被拘留。江苏省税务局完全有理由以“政治素质和道德品行不符合录用条件”为由，拒绝录用顾某某。#律师解读南审学生偷拍事件# 汤磊表示，《中华人民共和国治安管理处罚法》第五十条第六项规定，偷窥、偷拍、窃听、散布他人隐私的，处五日以下拘留或者一千元以下罚款；情节较重的，处五日以上十日以下拘留，可以并处一千元以下罚款。顾某某在学校公共区域，以偷拍方式拍摄女生裙底，属于典型的侵犯他人隐私行为，依法应受到相应行政处罚，甚至有可能被拘留。如果偷拍内容已被删除，并未传播，则不涉及刑事责任。另据报道，顾某某已被江苏省税务局拟录用为公务员。此事件发生后，对他的工作是否会有影响呢？对此，汤磊告诉现代快报记者，江苏省税务局完全有理由以“政治素质和道德品行不符合录用条件”为由，拒绝录用顾某某。《中华人民共和国公务员法》第十三条明确规定，公务员应当“具有良好的政治素质和道德品行”。他说：“偷拍女生裙底，不仅是对他人隐私权和人格尊严的严重侵害，更反映出行为人在尊重他人、遵纪守法方面的严重欠缺，但最终结果还是以官方处理结果为准。”#江苏税务正处理偷拍男生拟录资格# 南京 现代快报的微博视频,1778672467,2026-05-13 11:41:07+08:00,292,44,28,1778651270226,https://m.weibo.cn/detail/5298077897592462,,1656737654,现代快报,m,https://m.weibo.cn/u/1656737654?luicode=20000061&lfid=5298077897592462&launchid=10000360-page_H5,"https://tvax2.sinaimg.cn/crop.0.0.800.800.180/001O7v94ly8i89q5a0tlhj60m80m874x02.jpg?KID=imgbed,tva&Expires=1778662047&ssig=gpKdsA1gd5",江苏税务正处理偷拍男生拟录资格,search_contents_2026-05-13.csv,search_post,,连日来南京审计大学一名学生在校园内涉嫌偷拍女生隐私的事情持续引发关注5月12日校方通报称情况属实决定对涉事学生开除学籍5月13日江苏爱信律师事务所律师汤磊告诉 记者当事人还将面临行政处罚严重的话甚至会被拘留江苏省税务局完全有理由以政治素质和道德品行不符合录用条件为由拒绝录用顾某某 汤磊表示中华人民共和国治安管理处罚法第五十条第六项规定偷窥偷拍窃听散布他人隐私的处五日以下拘留或者一千元以下罚款情节较重的处五日以上十日以下拘留可以并处一千元以下罚款顾某某在学校公共区域以偷拍方式拍摄女生裙底属于典型的侵犯他人隐私行为依法应受到相应行政处罚甚至有可能被拘留如果偷拍内容已被删除并未传播则不涉及刑事责任另据报道顾某某已被江苏省税务局拟录用为公务员此事件发生后对他的工作是否会有影响呢对此汤磊告诉现代快报记者江苏省税务局完全有理由以政治素质和道德品行不符合录用条件为由拒绝录用顾某某中华人民共和国公务员法第十三条明确规定公务员应当具有良好的政治素质和道德品行他说偷拍女生裙底不仅是对他人隐私权和人格尊严的严重侵害更反映出行为人在尊重他人遵纪守法方面的严重欠缺但最终结果还是以官方处理结果为准 南京 现代快报的微博视频,True,False,必须拘留教训下 || 搞不懂是啥心理 || 家里人估计气死了,2,中性,0.6430281400680542,中性,0.6430281400680542
5298073880233859,#江苏税务正处理偷拍男生拟录资格# 不要“心软”，因为社会对偷拍的认知很多人是图上这样的，处罚不到位很多人就还是会觉得事情小，不当回事，觉得这是“找个女朋友”的事，甚至去怪受害者和曝光者。一定严惩不贷，让社会树立对偷拍的正确意识，认识到这不是小事。否则偷拍只会更泛滥。江苏税务正处理偷拍男生拟录资格,1778671509,2026-05-13 11:25:09+08:00,1480,90,86,1778651270228,https://m.weibo.cn/detail/5298073880233859,贵州,5417515998,狮子头萌萌,f,https://m.weibo.cn/u/5417515998?luicode=20000061&lfid=5298073880233859&launchid=10000360-page_H5,"https://tvax3.sinaimg.cn/crop.0.0.1080.1080.180/005UDloily8i32bcmli6xj30u00u0jv5.jpg?KID=imgbed,tva&Expires=1778662050&ssig=sMRhCEa8d6",江苏税务正处理偷拍男生拟录资格,search_contents_2026-05-13.csv,search_post,, 不要心软因为社会对偷拍的认知很多人是图上这样的处罚不到位很多人就还是会觉得事情小不当回事觉得这是找个女朋友的事甚至去怪受害者和曝光者一定严惩不贷让社会树立对偷拍的正确意识认识到这不是小事否则偷拍只会更泛滥江苏税务正处理偷拍男生拟录资格,True,False,评论区普遍主张严惩偷拍行为认为这能树立正确社会认知占68强调偷拍是严重违法而非顽皮驳斥性别偏见22并警示纵容可能加剧犯罪风险10多数观点指出处罚不到位易导致问题淡化需强化法律约束查看最新戳gt微博智搜 || 找个女朋友咋办都行邵之霆等人第一个下手的就是女朋友 || 这些评论是人发出来的,2,消极,0.7776881456375122,消极,0.7776881456375122
5298086637208108,你们想过他是一时糊涂吗？我确信他是惯犯！想一想，都研究生毕业了，这种事会是第一次？打死我都不信！学籍没了，那公务员也没机会了，因为公务员肯定以他学历报考，现在学籍没了，单位也可以直接开除了该！自毁前途！这种品行，凭啥吃公务员的饭！#江苏税务正处理偷拍男生拟录资格# #南京偷拍男拟录用公务员公示期已过##热点观点#,1778674551,2026-05-13 12:15:51+08:00,394,89,68,1778651270235,https://m.weibo.cn/detail/5298086637208108,山东,1283431191,晓磊,m,https://m.weibo.cn/u/1283431191?luicode=20000061&lfid=5298086637208108&launchid=10000360-page_H5,"https://tvax2.sinaimg.cn/crop.0.0.768.768.180/001oR955ly8i3gzkndtkcj60lc0lcwfd02.jpg?KID=imgbed,tva&Expires=1778662057&ssig=E4PPlckKPZ",江苏税务正处理偷拍男生拟录资格,search_contents_2026-05-13.csv,search_post,,你们想过他是一时糊涂吗我确信他是惯犯想一想都研究生毕业了这种事会是第一次打死我都不信学籍没了那公务员也没机会了因为公务员肯定以他学历报考现在学籍没了单位也可以直接开除了该自毁前途这种品行凭啥吃公务员的饭 ,True,False,好事啊品行不端如何做公务员 || 就应该严肃处理,2,消极,0.8366392850875854,消极,0.8366392850875854
5297821737814381,#当地回应偷拍裙底男生已拟录公务员#【南京一高校研究生被曝偷拍女生裙底，涉事学生已被拟录用公务员？江苏省税务局工作人员：正调查核实】#江苏税务正调查偷拍男生拟录公务员#5月11日，有网友在社交平台发帖称，南京审计大学一名男研究生在学校内偷拍女生裙底。网帖还称，该男子已被国家税务总局江苏省税务局拟录用公务员，并进行了公示。据都市快报橙柿互动报道，发帖人称，5月11日下午5时50分，在学校一超市内碰到一名男生偷拍，幸好被朋友及时上前制止，并当场让他删除了照片。帖子图片显示，一男生紧靠一名穿裙装女生，右手持手机紧靠女生裙边。另据新黄河报道，该男子自称为校外人员。5月12日，@极目新闻 记者查询“江苏税务”4月24日发布的公告，江苏省税务局2026年度拟录用公务员名单，其中包含一名与网友所述男子姓名及毕业院校一致的人员。记者随后致电江苏省税务局监督电话，工作人员回复称，已关注到此事，正在调查核实，并表示南京审计大学已就此事发布官方通报。南京审计大学官网发布的情况通报显示，5月11日晚，有网友在网络平台反映我校某学生涉嫌偷拍他人隐私。目前，学校已成立专项工作组，相关部门已介入调查，学校将根据调查结果依法依规严肃处理。（极目新闻记者 郭奕） #江苏税务正处理偷拍男生拟录资格# 极目新闻的微博视频,1778611394,2026-05-12 18:43:14+08:00,7318,397,1067,1778651270237,https://m.weibo.cn/detail/5297821737814381,,1720962692,极目新闻,m,https://m.weibo.cn/u/1720962692?luicode=20000061&lfid=5297821737814381&launchid=10000360-page_H5,"https://tvax4.sinaimg.cn/crop.111.343.857.857.180/001SsZ0Mly8h8vhiw5c7tj60u016w0us02.jpg?KID=imgbed,tva&Expires=1778662060&ssig=OaRK5DK%2BQK",江苏税务正处理偷拍男生拟录资格,search_contents_2026-05-13.csv,search_post,,南京一高校研究生被曝偷拍女生裙底涉事学生已被拟录用公务员江苏省税务局工作人员正调查核实5月11日有网友在社交平台发帖称南京审计大学一名男研究生在学校内偷拍女生裙底网帖还称该男子已被国家税务总局江苏省税务局拟录用公务员并进行了公示据都市快报橙柿互动报道发帖人称5月11日下午5时50分在学校一超市内碰到一名男生偷拍幸好被朋友及时上前制止并当场让他删除了照片帖子图片显示一男生紧靠一名穿裙装女生右手持手机紧靠女生裙边另据新黄河报道该男子自称为校外人员5月12日 记者查询江苏税务4月24日发布的公告江苏省税务局2026年度拟录用公务员名单其中包含一名与网友所述男子姓名及毕业院校一致的人员记者随后致电江苏省税务局监督电话工作人员回复称已关注到此事正在调查核实并表示南京审计大学已就此事发布官方通报南京审计大学官网发布的情况通报显示5月11日晚有网友在网络平台反映我校某学生涉嫌偷拍他人隐私目前学校已成立专项工作组相关部门已介入调查学校将根据调查结果依法依规严肃处理极目新闻记者 郭奕  极目新闻的微博视频,True,False,这要是还能录用那可真是滑天下之大稽 || 入职拍同事 || 我去 真是神人,2,中性,0.7191721796989441,中性,0.7191721796989441
5297861195727159,#江苏税务回应偷拍男生拟录公务员# 如果被查实，必须取消录用！公考选人德才为先，杜绝私德败坏者混进公职队伍。无权时都敢偷拍，他日掌权必定底线失守，这种人不配为人民服务！甚至要终身限制考公！#江苏税务正处理偷拍男生拟录资格# ,1778620800,2026-05-12 21:20:00+08:00,449,84,32,1778651270239,https://m.weibo.cn/detail/5297861195727159,湖北,5577632318,我的读书小马甲,m,https://m.weibo.cn/u/5577632318?launchid=10000360-page_H5,"https://tvax2.sinaimg.cn/crop.0.0.600.600.180/0065taXAly8i3ijdoe418j30go0gomyv.jpg?KID=imgbed,tva&Expires=1778662043&ssig=7qKS7VeNC0",江苏税务正处理偷拍男生拟录资格,search_contents_2026-05-13.csv,search_post,, 如果被查实必须取消录用公考选人德才为先杜绝私德败坏者混进公职队伍无权时都敢偷拍他日掌权必定底线失守这种人不配为人民服务甚至要终身限制考公 ,True,False,这是有什么内幕不得多查查,2,消极,0.8052255511283875,消极,0.8052255511283875
5298094501796274,#江苏税务正处理偷拍男生拟录资格#大快人心，南京审计大学已经把偷拍的顾某某开除学籍了！现在学籍没了，公务员应该也会取消录用吧，以后的前途都完了。 #南京偷拍男拟录用公务员公示期已过# ,1778676426,2026-05-13 12:47:06+08:00,52,19,4,1778651270242,https://m.weibo.cn/detail/5298094501796274,北京,1130556244,赵璞,m,https://m.weibo.cn/u/1130556244?launchid=10000360-page_H5,"https://tvax1.sinaimg.cn/crop.0.0.512.512.180/4362eb54ly8gmyzay9e7qj20e80e874v.jpg?KID=imgbed,tva&Expires=1778662043&ssig=l%2F%2Fh9k0rj0",江苏税务正处理偷拍男生拟录资格,search_contents_2026-05-13.csv,search_post,,大快人心南京审计大学已经把偷拍的顾某某开除学籍了现在学籍没了公务员应该也会取消录用吧以后的前途都完了  ,True,False,这种处理结果是他应得的,2,消极,0.8124814033508301,消极,0.8124814033508301
5298071576511021,懂？「舒客品牌青春代言人」5/15官宣👏点击线索牌⬇⬇⬇，猜猜他是谁？️- 线索1：🐱 - 线索2：⚽️ - 线索3：🦷#舒客更懂东方人的口腔美护# ,1778670960,2026-05-13 11:16:00+08:00,813969,17419,129189,1778651328882,https://m.weibo.cn/detail/5298071576511021,广东,2233518964,舒客Saky,m,https://m.weibo.cn/u/2233518964?launchid=10000360-page_H5,"https://tvax4.sinaimg.cn/crop.0.0.600.600.180/8520cb74ly8i7ajw3t13pj20go0got9e.jpg?KID=imgbed,tva&Expires=1778662125&ssig=EtHFxu6snc",穆祉丞 舒客,search_contents_2026-05-13.csv,search_post,,懂舒客品牌青春代言人515官宣点击线索牌猜猜他是谁 线索1  线索2  线索3 ,True,False,小舒知道大家都已经悄悄知道啦但咱们先默契假装不知道哦 还有好多好多新鲜物料即将上线该配合我演出的宝子们懂的都懂 || 专业口腔护理就选 携手守护清新口气解锁元气笑容每一天 || 与舒客 品牌青春代言人穆祉丞 携手共赴新程以专业护齿伴温柔笑容赴每一场美好之约已做好准备万分期待,0,中性,0.7321536540985107,中性,0.7321536540985107
5297490219769087,当时我说穆祉丞要代言舒客，你们都说我是假🍉 ,1778532354,2026-05-11 20:45:54+08:00,976,71,2,1778651328884,https://m.weibo.cn/detail/5297490219769087,福建,1888145937,第三代皇族妈,m,https://m.weibo.cn/u/1888145937?launchid=10000360-page_H5,"https://tvax1.sinaimg.cn/crop.0.0.1080.1080.180/708ad211ly8i8nm2rrlq8j20u00u0my8.jpg?KID=imgbed,tva&Expires=1778662125&ssig=%2FyEosxTrGX",穆祉丞 舒客,search_contents_2026-05-13.csv,search_post,,当时我说穆祉丞要代言舒客你们都说我是假 ,True,False,评论区主要呈现三方面内容45的评论调侃博主预言成真戏称其为hzm并表达歉意30聚焦代言头衔差异强调肖战是全球首席品牌代言人而穆祉丞为青春代言人25的粉丝相约5月15日在京东平台购买新品互相提醒支持代言查看最新戳gt微博智搜 || 打错字了舒客舒客舒客 查看图片 || 舒客舒客来买,0,消极,0.6248282194137573,消极,0.6248282194137573
5297467824275774,团团们，咱们就用舒客销量让穆祉丞知道他有在任何场合骄傲提起自己代言的权利，下一个公开活动里，我们还要笑着看他问我们代言相关好不好 ,1778527013,2026-05-11 19:16:53+08:00,1691,28,49,1778651328887,https://m.weibo.cn/detail/5297467824275774,山东,7852176002,apieceofmyheart,f,https://m.weibo.cn/u/7852176002?launchid=10000360-page_H5,"https://tvax4.sinaimg.cn/crop.0.0.1080.1080.180/008zoVG2ly8icdrmkus0hj30u00u00uj.jpg?KID=imgbed,tva&Expires=1778662125&ssig=bw91II3oGg",穆祉丞 舒客,search_contents_2026-05-13.csv,search_post,,团团们咱们就用舒客销量让穆祉丞知道他有在任何场合骄傲提起自己代言的权利下一个公开活动里我们还要笑着看他问我们代言相关好不好 ,True,False,评论区聚焦三大主题粉丝将销量视为重建偶像自信的关键45强调超额购买以证明商业价值反对理性消费30并视代言为情感联结纽带15整体体现用行动支持偶像的决心继续提问戳gt微博智搜 || 除了高会读信音乐节橙粉海目前已经确定的舒客代言纸团能够直接和祉丞建立情感联结的机会真的真的不多按需购买是讲给已经站稳脚跟有稳定曝光的顶流粉听的我们仍需努力,0,中性,0.7019278407096863,中性,0.7019278407096863
5298109753591253,#穆祉丞 舒客#期待，周五买起来@TF_ING穆祉丞MUA ,1778680062,2026-05-13 13:47:42+08:00,1,0,0,1778651328892,https://m.weibo.cn/detail/5298109753591253,上海,2621012673,犬科动物云养砖家,f,https://m.weibo.cn/u/2621012673?launchid=10000360-page_H5,"https://tvax3.sinaimg.cn/crop.0.0.1080.1080.180/9c397ac1ly8ibk8e5qu59j20u00u00w2.jpg?KID=imgbed,tva&Expires=1778662125&ssig=LQTzzasOBS",穆祉丞 舒客,search_contents_2026-05-13.csv,search_post,,期待周五买起来 ,True,False,,0,积极,0.9008812308311462,积极,0.9008812308311462
5298109387376851,穆祉丞#穆祉丞 舒客#好好刷牙～保护牙齿健康，刷出一个好心情😺笑容迷人，自信满满 ,1778679975,2026-05-13 13:46:15+08:00,3,1,0,1778651328894,https://m.weibo.cn/detail/5298109387376851,广东,5941045086,穆穆恩MU,m,https://m.weibo.cn/u/5941045086?launchid=10000360-page_H5,"https://tvax4.sinaimg.cn/crop.0.0.1080.1080.180/006u41dQly8i8ghclu3f5j30u00u0abv.jpg?KID=imgbed,tva&Expires=1778662125&ssig=ki61PfqGm3",穆祉丞 舒客,search_contents_2026-05-13.csv,search_post,,穆祉丞好好刷牙保护牙齿健康刷出一个好心情笑容迷人自信满满 ,True,False,,9,积极,0.9818602204322816,积极,0.9818602204322816
5298109240312784,#穆祉丞 舒客# 牙刷是世界上最伟大的发明之一 ,1778679940,2026-05-13 13:45:40+08:00,1,0,0,1778651328896,https://m.weibo.cn/detail/5298109240312784,湖南,7251045581,大于余文,f,https://m.weibo.cn/u/7251045581?launchid=10000360-page_H5,"https://tvax4.sinaimg.cn/crop.0.0.1080.1080.180/007UIEc5ly8i9w53dyk5nj30u00u0wgb.jpg?KID=imgbed,tva&Expires=1778662125&ssig=aiIepy85i2",穆祉丞 舒客,search_contents_2026-05-13.csv,search_post,, 牙刷是世界上最伟大的发明之一 ,True,False,,9,积极,0.7349392175674438,积极,0.7349392175674438
5298071277670487,#马刺3比2森林狼#【最佳国际：文班亚马】第一次打天王山就这猛👽！今日西部半决赛G5，马刺主场迎战森林狼，文班强势回归，来势汹汹首节就砍下18分，创季后赛单节新高，半场砍下21分11篮板2盖帽，成为自邓肯后，首位在季后赛半场取得21分11篮板2封盖的马刺球员，全场出战32分钟，16投9中，其中三分球5投2中，得到27分17篮板5助攻3封盖，率领马刺攻防全面被压制，全场领先轻取天王山，总比分3-2领先！ #文班还是太超模了##NBA每日最佳球员#NBA NBA的微博视频,1778670889,2026-05-13 11:14:49+08:00,170,43,28,1778651420923,https://m.weibo.cn/detail/5298071277670487,北京,1883881851,NBA,m,https://m.weibo.cn/u/1883881851?luicode=20000061&lfid=5298071277670487&launchid=10000360-page_H5,"https://tvax1.sinaimg.cn/crop.0.0.600.600.180/0023uzJ9ly8i8g64eyy99j60go0goaaj02.jpg?KID=imgbed,tva&Expires=1778662204&ssig=mHfBUIX%2Fx1",马刺3比2森林狼,search_contents_2026-05-13.csv,search_post,,最佳国际文班亚马第一次打天王山就这猛今日西部半决赛G5马刺主场迎战森林狼文班强势回归来势汹汹首节就砍下18分创季后赛单节新高半场砍下21分11篮板2盖帽成为自邓肯后首位在季后赛半场取得21分11篮板2封盖的马刺球员全场出战32分钟16投9中其中三分球5投2中得到27分17篮板5助攻3封盖率领马刺攻防全面被压制全场领先轻取天王山总比分32领先 NBA NBA的微博视频,True,False,不是联盟搞事已经晋级了 || 只要裁判公平对待文班比赛就有看点 || 马刺这队实力太均衡了板凳上的凯尔登和哈珀也好嗨猛希望能干掉雷霆,-1,积极,0.8573742508888245,积极,0.8573742508888245
5298077976236939,#马刺3比2森林狼#马刺赶紧晋级，我是真不想看狼再继续消耗马刺了，只有马刺能干雷霆！ ,1778672486,2026-05-13 11:41:26+08:00,126,28,2,1778651420926,https://m.weibo.cn/detail/5298077976236939,浙江,2392010655,sssgenius,m,https://m.weibo.cn/u/2392010655?launchid=10000360-page_H5,"https://tvax1.sinaimg.cn/crop.0.0.996.996.180/8e932f9fly8grndmg1ezej20ro0rodh8.jpg?KID=imgbed,tva&Expires=1778662204&ssig=lbARxEHIgF",马刺3比2森林狼,search_contents_2026-05-13.csv,search_post,,马刺赶紧晋级我是真不想看狼再继续消耗马刺了只有马刺能干雷霆 ,True,False,好久没看了以前就看看勇士,-1,消极,0.7755776643753052,消极,0.7755776643753052
5298065334338705,马刺这两个回合有意思！先是哈珀炸裂扣篮，文班亚马抱头表示震惊，随后文班亚马又戏耍戈贝尔，然后哈珀露出惊讶的表情！马刺的天赋，溢出来了啊！！#森林狼vs马刺##马刺3比2森林狼# 篮球大历史的微博视频 ,1778669472,2026-05-13 10:51:12+08:00,82,10,8,1778651420929,https://m.weibo.cn/detail/5298065334338705,福建,2302617634,篮球大历史,m,https://m.weibo.cn/u/2302617634?launchid=10000360-page_H5,"https://tvax1.sinaimg.cn/crop.0.0.1080.1080.180/893f2822ly8gdilf6ch77j20u00u075c.jpg?KID=imgbed,tva&Expires=1778662204&ssig=mPNXxkJRM%2F",马刺3比2森林狼,search_contents_2026-05-13.csv,search_post,,马刺这两个回合有意思先是哈珀炸裂扣篮文班亚马抱头表示震惊随后文班亚马又戏耍戈贝尔然后哈珀露出惊讶的表情马刺的天赋溢出来了啊 篮球大历史的微博视频 ,True,False,西决能不能跟雷霆战7场 || 马刺这阵容深度和雷霆有的一拼这比赛好看了 || 戈贝尔转了一圈球呢球呢,-1,积极,0.6522274017333984,积极,0.6522274017333984
5298062240517217,比赛进入了垃圾时间，马刺3-2森林狼拿到了赛点。 文班亚马27分17板5助攻3盖帽。#森林狼vs马刺# #马刺3比2森林狼# ,1778668734,2026-05-13 10:38:54+08:00,208,61,0,1778651420930,https://m.weibo.cn/detail/5298062240517217,江苏,5542203649,演曼巴,m,https://m.weibo.cn/u/5542203649?launchid=10000360-page_H5,"https://tvax3.sinaimg.cn/crop.0.0.1080.1080.180/00634wlrly8ic08xobwr0j30u00u0go0.jpg?KID=imgbed,tva&Expires=1778662204&ssig=P4aEhmj1OQ",马刺3比2森林狼,search_contents_2026-05-13.csv,search_post,,比赛进入了垃圾时间马刺32森林狼拿到了赛点 文班亚马27分17板5助攻3盖帽  ,True,False,现在看来无论东部谁脱颖而出都是西部的一盘小菜 || 狼队最高上限难道就是西决吗管理层该怎么想啊 || 文班太重要了,-1,积极,0.5223157405853271,积极,0.5223157405853271
5296641324352768,什么水平？？今天的文班亚马：——全场出战37分钟——投篮18中13，三分5中3，罚球12中10——拿下39分15篮板5盖帽——第四节单节16分！！——正负值+16，马刺客场115-108战胜森林狼#马刺2比1森林狼##马刺vs森林狼##外星人赢了金刚狼# ,1778329961,2026-05-09 12:32:41+08:00,138,27,61,1778651420933,https://m.weibo.cn/detail/5296641324352768,福建,2302617634,篮球大历史,m,https://m.weibo.cn/u/2302617634?launchid=10000360-page_H5,"https://tvax1.sinaimg.cn/crop.0.0.1080.1080.180/893f2822ly8gdilf6ch77j20u00u075c.jpg?KID=imgbed,tva&Expires=1778662204&ssig=mPNXxkJRM%2F",马刺3比2森林狼,search_contents_2026-05-13.csv,search_post,,什么水平今天的文班亚马全场出战37分钟投篮18中13三分5中3罚球12中10拿下39分15篮板5盖帽第四节单节16分正负值16马刺客场115108战胜森林狼 ,True,False,今年若夺冠比邓肯第一冠都年纪小 || 真狠啊那种场上的防守威慑力太强了 || 狼队各种生拉硬拽还是防不住,-1,积极,0.741492509841919,积极,0.741492509841919
5298082302658376,马刺大家庭集合，拿下天王山之战！#马刺3比2森林狼#马刺 圣安东尼奥马刺的微博视频 ,1778673517,2026-05-13 11:58:37+08:00,64,6,4,1778651420935,https://m.weibo.cn/detail/5298082302658376,北京,3800206864,圣安东尼奥马刺,m,https://m.weibo.cn/u/3800206864?launchid=10000360-page_H5,"https://tvax1.sinaimg.cn/crop.0.0.600.600.180/0049bhp6ly8hs84ijlgkyj60go0godha02.jpg?KID=imgbed,tva&Expires=1778662204&ssig=3VT1xG4FHt",马刺3比2森林狼,search_contents_2026-05-13.csv,search_post,,马刺大家庭集合拿下天王山之战马刺 圣安东尼奥马刺的微博视频 ,True,False,帕克一直不来吗 || 真的是宗门 || 邓肯是快睡着了吗,-1,积极,0.711543619632721,积极,0.711543619632721
5298075615626865,#森林狼vs马刺#文班亚马接卡斯尔传球，弧顶启动大步流星强杀篮下，贯穿防线抡臂上演霸气劈扣点燃全场！文班开场手感火爆（，半节时间8投6中拿到16分5篮板1助攻，带领马刺建立两位数领先，最后126-97结束，大比分3-2 于什么途的微博视频 ,1778671923,2026-05-13 11:32:03+08:00,71,1,0,1778651420939,https://m.weibo.cn/detail/5298075615626865,湖北,6417221118,于什么途,m,https://m.weibo.cn/u/6417221118?launchid=10000360-page_H5,"https://tvax2.sinaimg.cn/crop.0.0.512.512.180/0070i0mqly8hqri86k2ytj30e80e8wf5.jpg?KID=imgbed,tva&Expires=1778662204&ssig=LBM2QeqB2u",马刺3比2森林狼,search_contents_2026-05-13.csv,search_post,,文班亚马接卡斯尔传球弧顶启动大步流星强杀篮下贯穿防线抡臂上演霸气劈扣点燃全场文班开场手感火爆半节时间8投6中拿到16分5篮板1助攻带领马刺建立两位数领先最后12697结束大比分32 于什么途的微博视频 ,True,False,还是这么猛啊,-1,积极,0.8987587690353394,积极,0.8987587690353394
5298047724554758,若曦原来在浣衣局洗衣服洗了8年，若曦就是从浣衣局开始抑郁的，康熙就为了自己的面子硬生生的毁了若曦 ,1778665273,2026-05-13 09:41:13+08:00,11141,456,85,1778651486318,https://m.weibo.cn/detail/5298047724554758,福建,5766704689,宝藏女孩李秀兰,f,https://m.weibo.cn/u/5766704689?launchid=10000360-page_H5,"https://tvax1.sinaimg.cn/crop.0.0.1080.1080.180/006igvjXly8i776yg1wcyj30u00u0ju3.jpg?KID=imgbed,tva&Expires=1778662276&ssig=OQmFC1%2BP4j",若曦原来在浣衣局洗衣服洗了8年,search_contents_2026-05-13.csv,search_post,,若曦原来在浣衣局洗衣服洗了8年若曦就是从浣衣局开始抑郁的康熙就为了自己的面子硬生生的毁了若曦 ,True,False,早点宣传她在浣衣局呆了八年也不会有人说她无病呻吟了身体苦就算了嘴上说爱她的人一个都没救她哪怕让她在浣衣局的工作轻松些都没有 || 都多少年了没有新作品可以炒吗要炒旧饭 || 若爱不会眼看她受苦8年若能忍下这8年就不要说什么爱了不过是不甘心作祟,-1,消极,0.8214060068130493,消极,0.8214060068130493
5298055102597924,#若曦原来在浣衣局洗衣服洗了8年#若曦被罚浣衣局，一洗就是整整8年，从康熙五十四年到康熙六十一年，耗尽了她最鲜活的青春。紫禁城困住了一个最热烈的若曦八年浣衣局消磨掉所有灵动从满心欢喜到心如止水，步步皆是遗憾若曦34岁便灯尽油枯香消玉殒2026了还是走不出步步惊心 ,1778667032,2026-05-13 10:10:32+08:00,491,44,5,1778651486321,https://m.weibo.cn/detail/5298055102597924,湖北,3849770877,新新想事成,m,https://m.weibo.cn/u/3849770877?launchid=10000360-page_H5,"https://tvax2.sinaimg.cn/crop.0.0.768.768.180/e576d77dly8i591w7038oj20lc0lcgnl.jpg?KID=imgbed,tva&Expires=1778662276&ssig=zOkU8gkXci",若曦原来在浣衣局洗衣服洗了8年,search_contents_2026-05-13.csv,search_post,,若曦被罚浣衣局一洗就是整整8年从康熙五十四年到康熙六十一年耗尽了她最鲜活的青春紫禁城困住了一个最热烈的若曦八年浣衣局消磨掉所有灵动从满心欢喜到心如止水步步皆是遗憾若曦34岁便灯尽油枯香消玉殒2026了还是走不出步步惊心 ,True,False,待了好久哦还以为就待了几天 || 最美好的年华和心智都被康熙给耽误了 || 看着若曦一步步灯尽油枯真的太心疼了,-1,消极,0.7539779543876648,消极,0.7539779543876648
5298056375571731,若曦为什么会去洗衣局洗衣服？步步惊心侧面反应出皇家的残酷无情，不是那种玛丽苏你想怎么样就怎么样的原因一：若曦心系四爷，抗旨拒绝与十四爷的赐婚，公然抗旨不遵，挑衅皇家威严，所以被罚至浣衣局原因二：康熙本应赐死若曦，但皇帝对若曦又十分宠爱，视如己出，让若曦去浣衣局也是为了避免九子夺嫡远离政治漩涡原因三：若曦现代灵魂、性情倔强，又常为阿哥求情，在康熙看来是干预皇权、棱角太锐。八年苦役是“打磨”：磋磨心性、耗尽青春、抹去所有政治光环，让她不再成为皇子间的导火索。原因四： 康熙的盘算是熬到自己驾崩、夺嫡尘埃落定；他认定八年后若曦棱角尽去、风波已平，新帝登基或可赦免，八年浣衣，非罚，是护；是帝王式的残忍温柔。#若曦原来在浣衣局洗衣服洗了8年#,1778667336,2026-05-13 10:15:36+08:00,569,49,1,1778651486322,https://m.weibo.cn/detail/5298056375571731,广东,5379613732,WinstonSolomon,m,https://m.weibo.cn/u/5379613732?luicode=20000061&lfid=5298056375571731&launchid=10000360-page_H5,"https://tvax2.sinaimg.cn/crop.0.0.1080.1080.180/005S4jhqly8ia334vxwgqj30u00u0q71.jpg?KID=imgbed,tva&Expires=1778662276&ssig=%2FYbpw%2BUm1L",若曦原来在浣衣局洗衣服洗了8年,search_contents_2026-05-13.csv,search_post,,若曦为什么会去洗衣局洗衣服步步惊心侧面反应出皇家的残酷无情不是那种玛丽苏你想怎么样就怎么样的原因一若曦心系四爷抗旨拒绝与十四爷的赐婚公然抗旨不遵挑衅皇家威严所以被罚至浣衣局原因二康熙本应赐死若曦但皇帝对若曦又十分宠爱视如己出让若曦去浣衣局也是为了避免九子夺嫡远离政治漩涡原因三若曦现代灵魂性情倔强又常为阿哥求情在康熙看来是干预皇权棱角太锐八年苦役是打磨磋磨心性耗尽青春抹去所有政治光环让她不再成为皇子间的导火索原因四 康熙的盘算是熬到自己驾崩夺嫡尘埃落定他认定八年后若曦棱角尽去风波已平新帝登基或可赦免八年浣衣非罚是护是帝王式的残忍温柔,True,False,拉倒吧要她远离直接给她安排去行宫不就行了再不行安排去圆明园实在不行去给太后守陵怎么都比浣衣局好 || 最好的马尔泰若曦 || 洗个衣服还有那么多弯弯绕绕古代真的太残酷了,-1,消极,0.6963918805122375,消极,0.6963918805122375
5298055786007753,#若曦原来在浣衣局洗衣服洗了8年#原来若曦在浣衣局洗了八年衣服，天呐，人生又能有几个八年呢，小时候看到这一段的时候，一直以为若曦只是洗了一段时间，怪不得若曦出来以后身体就不行了，人也变得忧郁了 ,1778667195,2026-05-13 10:13:15+08:00,565,28,16,1778651486323,https://m.weibo.cn/detail/5298055786007753,山西,7704281022,茶猫Frost-,f,https://m.weibo.cn/u/7704281022?launchid=10000360-page_H5,"https://tvax4.sinaimg.cn/crop.0.0.1080.1080.180/008ponr8ly8i5rdccu04wj30u00u00ut.jpg?KID=imgbed,tva&Expires=1778662276&ssig=mmWh%2Bycmvk",若曦原来在浣衣局洗衣服洗了8年,search_contents_2026-05-13.csv,search_post,,原来若曦在浣衣局洗了八年衣服天呐人生又能有几个八年呢小时候看到这一段的时候一直以为若曦只是洗了一段时间怪不得若曦出来以后身体就不行了人也变得忧郁了 ,True,False,她是不是穿越的没看过为什么没有金手指什么的 || 当年很喜欢看 || 若曦真的好可怜啊,-1,消极,0.8398858904838562,消极,0.8398858904838562
5298057386132790,#若曦原来在浣衣局洗衣服洗了8年#当时感觉刘诗诗虽然青涩，但是她演的脸蛋红红的很真实，真的害羞。#一分钟精选视频扶持计划##微博二创视频创作季# 抠抠手抠抠脚一起香喷喷的微博视频 ,1778667577,2026-05-13 10:19:37+08:00,222,59,0,1778651486324,https://m.weibo.cn/detail/5298057386132790,福建,2691997472,抠抠手抠抠脚一起香喷喷,m,https://m.weibo.cn/u/2691997472?launchid=10000360-page_H5,"https://tvax1.sinaimg.cn/crop.0.0.1080.1080.180/a0749f20ly8i6glhqytjtj20u00u0goi.jpg?KID=imgbed,tva&Expires=1778662276&ssig=mW%2BWmhptVn",若曦原来在浣衣局洗衣服洗了8年,search_contents_2026-05-13.csv,search_post,,当时感觉刘诗诗虽然青涩但是她演的脸蛋红红的很真实真的害羞 抠抠手抠抠脚一起香喷喷的微博视频 ,True,False,青涩又真实的演绎太打动人了这份坚持真美好 || 经典啊还想看 || 每年冬天都看,0,积极,0.9631515741348268,积极,0.9631515741348268
5298110429136855,#若曦原来在浣衣局洗衣服洗了8年##刘诗诗# 若曦你还是太火了，最近刘诗诗等你的季节又爆火出圈，大家又开始重温步步惊心了，而且还带动了一批新的观众去看剧，大家又双叒叕在操心马尔泰家的事了 ,1778680223,2026-05-13 13:50:23+08:00,1,0,0,1778651486325,https://m.weibo.cn/detail/5298110429136855,浙江,2108463340,末日老大,f,https://m.weibo.cn/u/2108463340?launchid=10000360-page_H5,"https://tvax4.sinaimg.cn/crop.0.0.400.400.180/7dac98ecly8h4do8nmeaaj20b40b4mxj.jpg?KID=imgbed,tva&Expires=1778662276&ssig=hLAyEgIBD3",若曦原来在浣衣局洗衣服洗了8年,search_contents_2026-05-13.csv,search_post,, 若曦你还是太火了最近刘诗诗等你的季节又爆火出圈大家又开始重温步步惊心了而且还带动了一批新的观众去看剧大家又双叒叕在操心马尔泰家的事了 ,True,False,,0,积极,0.9051648378372192,积极,0.9051648378372192
5298079470455039,刘诗诗#若曦原来在浣衣局洗衣服洗了8年#重刷无数次，始终觉得《步步惊心》最动人的，从来都是刻在骨子里的重情重义。 马尔泰·若曦，带着现代人的赤诚，困在深宫九子夺嫡的宿命里。她明知所有结局，却依旧拼尽全力，想护住每一个在意的人。对知己真心相待，对爱人倾尽温柔，对身边人满怀善意，哪怕被皇权碾压，被命运逼迫，也始终守着本心，不肯丢一分情义。 全员皆有情，全员皆意难平，没有无脑恋爱，只有身不由己里的真心与坚守，这才是它永远封神的原因刘诗诗安利茶水间的微博视频,1778672842,2026-05-13 11:47:22+08:00,86,12,2,1778651486326,https://m.weibo.cn/detail/5298079470455039,江苏,7755955031,刘诗诗安利茶水间,f,https://m.weibo.cn/u/7755955031?luicode=20000061&lfid=5298079470455039&launchid=10000360-page_H5,"https://tvax4.sinaimg.cn/crop.0.0.1080.1080.180/008sTccTly8i2odl9lsvvj30u00u00vg.jpg?KID=imgbed,tva&Expires=1778662280&ssig=AfEeBMweQm",若曦原来在浣衣局洗衣服洗了8年,search_contents_2026-05-13.csv,search_post,,刘诗诗重刷无数次始终觉得步步惊心最动人的从来都是刻在骨子里的重情重义 马尔泰若曦带着现代人的赤诚困在深宫九子夺嫡的宿命里她明知所有结局却依旧拼尽全力想护住每一个在意的人对知己真心相待对爱人倾尽温柔对身边人满怀善意哪怕被皇权碾压被命运逼迫也始终守着本心不肯丢一分情义 全员皆有情全员皆意难平没有无脑恋爱只有身不由己里的真心与坚守这才是它永远封神的原因刘诗诗安利茶水间的微博视频,True,False,步步惊心太火了马尔泰若曦讨论度太高了欢迎还没看过的朋友们都来看剧啊 || 经典好剧值得一看 || 若曦看到美女眼睛在发光,-1,积极,0.8661883473396301,积极,0.8661883473396301
5298110244065094,#若曦原来在浣衣局洗衣服洗了8年#诗诗很美演得很好但是桐华写的剧情真的对女主太差了 ,1778680179,2026-05-13 13:49:39+08:00,0,0,0,1778651486327,https://m.weibo.cn/detail/5298110244065094,湖北,5414716822,迢迢心相系,f,https://m.weibo.cn/u/5414716822?launchid=10000360-page_H5,"https://tvax3.sinaimg.cn/crop.0.0.1080.1080.180/005UrBcily8icnlzc47mdj30u00u0jyb.jpg?KID=imgbed,tva&Expires=1778662276&ssig=ItC0bc%2F%2BP7",若曦原来在浣衣局洗衣服洗了8年,search_contents_2026-05-13.csv,search_post,,诗诗很美演得很好但是桐华写的剧情真的对女主太差了 ,True,False,,-1,积极,0.4634013473987579,积极,0.4634013473987579
5297882472912129,Mike仔今天走了，比预期来得更快。但正如医生所说，以你这样的情况能活到现在，已经非常难得。自从十个月前哥哥猪皮离开后，你常常陪在我身旁。当我在家工作时，右手打着键盘，左手摸着你的身体，知道你一呼一吸都很不容易，但这样的触摸，相信也温暖着彼此。你是勇敢坚毅的小斗士，又是充满喜感的小傻子，我非常感恩能够遇见你、照顾你，也知道你同时在照顾我。每当我醒来，都看到你静静守候着妈妈，那双眼睛，充满着感情。妈妈好爱你好爱你，永永远远爱你，请你好好住进我心里。💕 #周慧敏# 周慧敏 #mikethecat#,1778625874,2026-05-12 22:44:34+08:00,3412,365,91,1778651581556,https://m.weibo.cn/detail/5297882472912129,中国香港,2715987003,周慧敏,f,https://m.weibo.cn/u/2715987003?luicode=20000061&lfid=5297882472912129&launchid=10000360-page_H5,"https://tvax4.sinaimg.cn/crop.0.0.1080.1080.180/a1e2ac3bly8hyuqjbg6qcj20u00u0wh0.jpg?KID=imgbed,tva&Expires=1778662362&ssig=2awne5ANyl",周慧敏的猫去世了,search_contents_2026-05-13.csv,search_post,,Mike仔今天走了比预期来得更快但正如医生所说以你这样的情况能活到现在已经非常难得自从十个月前哥哥猪皮离开后你常常陪在我身旁当我在家工作时右手打着键盘左手摸着你的身体知道你一呼一吸都很不容易但这样的触摸相信也温暖着彼此你是勇敢坚毅的小斗士又是充满喜感的小傻子我非常感恩能够遇见你照顾你也知道你同时在照顾我每当我醒来都看到你静静守候着妈妈那双眼睛充满着感情妈妈好爱你好爱你永永远远爱你请你好好住进我心里  周慧敏 ,True,False,没关系它去了喵星 变成了星星 会一直陪伴着你的抱抱 || RIP Mike仔只是在这个星球毕业了回到属于他的喵星球,-1,积极,0.9615832567214966,积极,0.9615832567214966
5298050580873878,#周慧敏的猫去世了#当你养或者救助一只动物的时候就在心里埋下了一颗悲伤的种子，希望猫猫到喵星能够快乐也希望周慧敏能够早日走出猫猫离世的阴霾 ,1778665954,2026-05-13 09:52:34+08:00,308,35,2,1778651581559,https://m.weibo.cn/detail/5298050580873878,上海,3308329317,养只胖胖胖锦鲤,f,https://m.weibo.cn/u/3308329317?launchid=10000360-page_H5,"https://tvax1.sinaimg.cn/crop.0.0.1080.1080.180/c5311965ly8iclk7ls8xxj20u00u079f.jpg?KID=imgbed,tva&Expires=1778662361&ssig=y62%2F5ry7pe",周慧敏的猫去世了,search_contents_2026-05-13.csv,search_post,,当你养或者救助一只动物的时候就在心里埋下了一颗悲伤的种子希望猫猫到喵星能够快乐也希望周慧敏能够早日走出猫猫离世的阴霾 ,True,False,你养过宠物吗 || 养宠物的总会有那一天 || 养过猫的人才会懂,10,积极,0.7127828598022461,积极,0.7127828598022461
5298038744812094,缘分有长短，陪伴却无遗憾。小猫咪来过人间，被温柔好好爱过，也把最软的时光，留给了周慧敏。此生相伴一程，往后岁岁皆安。小动物的一生很短，只够认真爱一个人。它陪她走过岁岁年年，温柔相伴一程，离别不是结束，只是换一种方式默默守护。世间所有相遇，都是一场温柔馈赠。小可爱悄悄退场，把美好定格在时光里，谢谢你来过，被好好宠爱，也温柔了岁月。 #周慧敏的猫去世了# 奶酪毛绒绒的微博视频,1778663132,2026-05-13 09:05:32+08:00,45,20,2,1778651581562,https://m.weibo.cn/detail/5298038744812094,四川,4048803423,奶酪毛绒绒,f,https://m.weibo.cn/u/4048803423?luicode=20000061&lfid=5298038744812094&launchid=10000360-page_H5,"https://tvax2.sinaimg.cn/crop.0.0.1080.1080.180/f153d65fly8ia7k2lq1pej20u00u0tbw.jpg?KID=imgbed,tva&Expires=1778662365&ssig=UwGHSDr3AW",周慧敏的猫去世了,search_contents_2026-05-13.csv,search_post,,缘分有长短陪伴却无遗憾小猫咪来过人间被温柔好好爱过也把最软的时光留给了周慧敏此生相伴一程往后岁岁皆安小动物的一生很短只够认真爱一个人它陪她走过岁岁年年温柔相伴一程离别不是结束只是换一种方式默默守护世间所有相遇都是一场温柔馈赠小可爱悄悄退场把美好定格在时光里谢谢你来过被好好宠爱也温柔了岁月  奶酪毛绒绒的微博视频,True,False,抱抱奶酪的小爪印永远留在慧敏心里呢 || 小猫咪我想遇到这样的主人也是开心的 || 好温暖的故事,-1,积极,0.9621084332466124,积极,0.9621084332466124
5298057478673306,#周慧敏的猫去世了#明星也是普通人，把猫咪当家人走心悼念很正常。陪伴多年的猫咪离世，早已是亲人般的存在，离别难免不舍，能真心惦念送别，这份温柔挺让人共情的 ,1778667599,2026-05-13 10:19:59+08:00,73,13,1,1778651581563,https://m.weibo.cn/detail/5298057478673306,广东,7717651666,银杏小巷,f,https://m.weibo.cn/u/7717651666?launchid=10000360-page_H5,"https://tvax3.sinaimg.cn/crop.0.0.1080.1080.180/008qitKGly8i8u27v3yrdj30u00u0tb8.jpg?KID=imgbed,tva&Expires=1778662361&ssig=VQCJd8%2FcrG",周慧敏的猫去世了,search_contents_2026-05-13.csv,search_post,,明星也是普通人把猫咪当家人走心悼念很正常陪伴多年的猫咪离世早已是亲人般的存在离别难免不舍能真心惦念送别这份温柔挺让人共情的 ,True,False,毕竟陪伴了那么久 || 天啊养猫人士狠狠共情了,-1,积极,0.8748630881309509,积极,0.8748630881309509
5298052208264837,鼠鼠：今天是必须要死吗？#520萌宠告白ing##周慧敏的猫去世了# CSF凯2024的微博视频 ,1778666342,2026-05-13 09:59:02+08:00,47,17,1,1778651581564,https://m.weibo.cn/detail/5298052208264837,安徽,6064509025,CSF凯2024,m,https://m.weibo.cn/u/6064509025?launchid=10000360-page_H5,"https://tvax3.sinaimg.cn/crop.0.0.800.800.180/006Cq3PHly8hslirhcu8sj30m80m8gmn.jpg?KID=imgbed,tva&Expires=1778662361&ssig=%2BioiBF624J",周慧敏的猫去世了,search_contents_2026-05-13.csv,search_post,,鼠鼠今天是必须要死吗 CSF凯2024的微博视频 ,True,False,笑死我了必须死 || 好小一只啊 || 老鼠简直是担忧死了,10,中性,0.5174638628959656,中性,0.5174638628959656
5298061840486935,#周慧敏的猫去世了#在她的生活里，这只猫咪早已不是宠物，而是朝夕相伴的家人。漫长岁月里，它陪着周慧敏度过无数日常晨昏，伏案工作时静静依偎身旁，清晨醒来默默守在枕边，温柔治愈了岁岁年年。 Mike仔长期受病痛折磨，离世比预想更为仓促，医生坦言它能陪伴至今已是不易。周慧敏回忆日常相伴点滴，伏案工作时总会轻抚猫咪，形容它是勇敢坚韧的小斗士，也是可爱治愈的小傻子，字字满是不舍与疼爱。 周慧敏字里行间满是不舍与眷恋，温柔细数猫咪可爱又坚强的模样，字字皆是深情。网友纷纷留言安慰，感慨人与宠物之间的羁绊绵长又动人，愿Mike仔在喵星无病痛、自在安稳，也希望周慧敏能慢慢抚平这份离别伤感。周慧敏的猫去世了,1778668639,2026-05-13 10:37:19+08:00,35,33,0,1778651581565,https://m.weibo.cn/detail/5298061840486935,河南,8003494161,南巷枫林晚,f,https://m.weibo.cn/u/8003494161?luicode=20000061&lfid=5298061840486935&launchid=10000360-page_H5,"https://tvax3.sinaimg.cn/crop.0.0.1080.1080.180/008JDQrvly8i3t0wmcnocj30u00u0djz.jpg?KID=imgbed,tva&Expires=1778662368&ssig=skAEYDfCms",周慧敏的猫去世了,search_contents_2026-05-13.csv,search_post,,在她的生活里这只猫咪早已不是宠物而是朝夕相伴的家人漫长岁月里它陪着周慧敏度过无数日常晨昏伏案工作时静静依偎身旁清晨醒来默默守在枕边温柔治愈了岁岁年年 Mike仔长期受病痛折磨离世比预想更为仓促医生坦言它能陪伴至今已是不易周慧敏回忆日常相伴点滴伏案工作时总会轻抚猫咪形容它是勇敢坚韧的小斗士也是可爱治愈的小傻子字字满是不舍与疼爱 周慧敏字里行间满是不舍与眷恋温柔细数猫咪可爱又坚强的模样字字皆是深情网友纷纷留言安慰感慨人与宠物之间的羁绊绵长又动人愿Mike仔在喵星无病痛自在安稳也希望周慧敏能慢慢抚平这份离别伤感周慧敏的猫去世了,True,False,读完文字眼眶一热 || 总觉得空气突然安静了不少 || 这也是家人,10,积极,0.9075722098350524,积极,0.9075722098350524
5298107187202583,#周慧敏的猫去世了##给阿嬷的情书#近日，@周慧敏 在社交平台发文悼念爱猫Mike仔离世，坦言其离开“比预期来得更快”，并深情回忆了与猫咪相伴的温暖点滴，引发众多养宠人士的共情，周慧敏称Mike仔是“勇敢坚毅的小斗士”和“充满喜感的小傻子”，感谢它在自己工作时的陪伴：她常以左手轻抚病中呼吸困难的猫咪，右手继续打字，认为这种触摸是双向的温暖，她更提到Mike仔在猪皮离开后成为重要的情感寄托，每日清晨默默守候在床边眼神充满感情!#988热浪榜#  中网传播的微博视频,1778679450,2026-05-13 13:37:30+08:00,0,0,0,1778651581568,https://m.weibo.cn/detail/5298107187202583,,1796996883,988陕西音乐广播,m,https://m.weibo.cn/u/1796996883?luicode=20000061&lfid=5298107187202583&launchid=10000360-page_H5,"https://tvax3.sinaimg.cn/crop.0.0.1080.1080.180/6b1bff13ly8h8vhilrw2jj20u00u03zn.jpg?KID=imgbed,tva&Expires=1778662371&ssig=GAzM%2BFOyg9",周慧敏的猫去世了,search_contents_2026-05-13.csv,search_post,,近日 在社交平台发文悼念爱猫Mike仔离世坦言其离开比预期来得更快并深情回忆了与猫咪相伴的温暖点滴引发众多养宠人士的共情周慧敏称Mike仔是勇敢坚毅的小斗士和充满喜感的小傻子感谢它在自己工作时的陪伴她常以左手轻抚病中呼吸困难的猫咪右手继续打字认为这种触摸是双向的温暖她更提到Mike仔在猪皮离开后成为重要的情感寄托每日清晨默默守候在床边眼神充满感情  中网传播的微博视频,True,False,,10,积极,0.9674422144889832,积极,0.9674422144889832
5298106431182331,#周慧敏的猫去世了#一人得道，鸡犬升天 ,1778679270,2026-05-13 13:34:30+08:00,0,0,0,1778651581571,https://m.weibo.cn/detail/5298106431182331,湖北,6982308156,PAFFFF泡芙,m,https://m.weibo.cn/u/6982308156?launchid=10000360-page_H5,"https://tvax2.sinaimg.cn/crop.0.0.1080.1080.180/007Cx3july8hspsdsiaggj30u00u0wei.jpg?KID=imgbed,tva&Expires=1778662361&ssig=ovutF7z2g6",周慧敏的猫去世了,search_contents_2026-05-13.csv,search_post,,一人得道鸡犬升天 ,True,False,,10,积极,0.9567382335662842,积极,0.9567382335662842
5298100295435943,#37岁单亲爸爸泰缅边境失联#关于河南单亲爸爸泰缅边境失联事件的个人看法 看完这条新闻，只觉得揪心又后怕。 一名37岁的单亲爸爸，家里还有孩子在等他回家，一场随口说的短期出差，最终演变为在泰缅边境彻底失联，实在让人揪心。泰缅边境一直是电信诈骗、人口非法拘禁的高危地带，哪怕本人有正经职业、日常经常出差，也依旧掉入了未知陷阱，可见危险离普通人从来不远。 很多人总觉得“被骗被拐”离自己很远，可不法分子的套路早已防不胜防，以出差、高薪工作、短途游玩为诱饵，就能轻易卸下防备。 这件事也给所有人狠狠敲响警钟：境外陌生邀约、来路不明的境外行程一定要坚决警惕，出行务必提前报备行踪、核实同行人员与行程真实性。也真心期盼这名男子能够平安被找回，早日和家人团聚。37岁单亲爸爸泰缅边境失联,1778677807,2026-05-13 13:10:07+08:00,51,22,1,1778651684077,https://m.weibo.cn/detail/5298100295435943,浙江,7370913478,再赏无言,m,https://m.weibo.cn/u/7370913478?luicode=20000061&lfid=5298100295435943&launchid=10000360-page_H5,"https://tvax4.sinaimg.cn/crop.0.0.960.960.180/0082PBjgly8icr4wm86yaj30qo0qomy8.jpg?KID=imgbed,tva&Expires=1778662461&ssig=xH10imCyEh",37岁单亲爸爸泰缅边境失联,search_contents_2026-05-13.csv,search_post,,关于河南单亲爸爸泰缅边境失联事件的个人看法 看完这条新闻只觉得揪心又后怕 一名37岁的单亲爸爸家里还有孩子在等他回家一场随口说的短期出差最终演变为在泰缅边境彻底失联实在让人揪心泰缅边境一直是电信诈骗人口非法拘禁的高危地带哪怕本人有正经职业日常经常出差也依旧掉入了未知陷阱可见危险离普通人从来不远 很多人总觉得被骗被拐离自己很远可不法分子的套路早已防不胜防以出差高薪工作短途游玩为诱饵就能轻易卸下防备 这件事也给所有人狠狠敲响警钟境外陌生邀约来路不明的境外行程一定要坚决警惕出行务必提前报备行踪核实同行人员与行程真实性也真心期盼这名男子能够平安被找回早日和家人团聚37岁单亲爸爸泰缅边境失联,True,False,真的太让人揪心了家里还有孩子等着就这么失联了想想都难受 || 唉不是什么地方都可以乱去的 || 这也太让人担心了孩子怎么办啊,-1,消极,0.8117002248764038,消极,0.8117002248764038
5298031852261994,我天，已经单亲爸爸了，这失联多半是已经出国了吧，37岁爸爸的孩子顶多也就10几岁，没有双亲，孩子可怎么办……#37岁单亲爸爸泰缅边境失联# ,1778661489,2026-05-13 08:38:09+08:00,15,1,0,1778651684079,https://m.weibo.cn/detail/5298031852261994,四川,2242307472,你好你好照静子,f,https://m.weibo.cn/u/2242307472?launchid=10000360-page_H5,"https://tva4.sinaimg.cn/crop.0.0.480.480.180/85a6e590jw8em4nxdbwrqj20dc0dcwey.jpg?KID=imgbed,tva&Expires=1778662457&ssig=AaHq3jT9u9",37岁单亲爸爸泰缅边境失联,search_contents_2026-05-13.csv,search_post,,我天已经单亲爸爸了这失联多半是已经出国了吧37岁爸爸的孩子顶多也就10几岁没有双亲孩子可怎么办 ,True,False,孩子好可怜啊,-1,消极,0.5781841278076172,消极,0.5781841278076172
5298105299240597,#37岁单亲爸爸泰缅边境失联##警方回应河南男子泰缅边境失联# 河南37岁单亲爸爸泰缅边境失联已9天！姐姐讲述细节：5月2日还发了朋友圈在景点，之后再无回复，电话直接关机。最后定位在泰国达府，紧邻缅甸。他从事金融行业，带10岁儿子，说&quot;出差几天5号就回&quot;，同行还有3人。父母因打击住院，警方已介入。🙏🙏希望平安！极目新闻的微博视频,1778679000,2026-05-13 13:30:00+08:00,0,0,0,1778651684080,https://m.weibo.cn/detail/5298105299240597,河南,1773324324,IT科技数码达人,m,https://m.weibo.cn/u/1773324324?luicode=20000061&lfid=5298105299240597&launchid=10000360-page_H5,"https://tva4.sinaimg.cn/crop.0.0.180.180.180/69b2c824jw1e8qgp5bmzyj2050050aa8.jpg?KID=imgbed,tva&Expires=1778662464&ssig=c42oZkj9E9",37岁单亲爸爸泰缅边境失联,search_contents_2026-05-13.csv,search_post,, 河南37岁单亲爸爸泰缅边境失联已9天姐姐讲述细节5月2日还发了朋友圈在景点之后再无回复电话直接关机最后定位在泰国达府紧邻缅甸他从事金融行业带10岁儿子说quot出差几天5号就回quot同行还有3人父母因打击住院警方已介入希望平安极目新闻的微博视频,True,False,,-1,中性,0.7996017336845398,中性,0.7996017336845398
5298101885077824,#37岁单亲爸爸泰缅边境失联# 几个大男人一起失踪，不用想，想“要天上掉下来的好处”，不会上当的绝对不占便宜，里面有内鬼呗！为什么要去东南亚？难道是做生意 ,1778678186,2026-05-13 13:16:26+08:00,0,0,0,1778651684083,https://m.weibo.cn/detail/5298101885077824,上海,3911056292,大写的蓝色海洋,m,https://m.weibo.cn/u/3911056292?launchid=10000360-page_H5,"https://tvax4.sinaimg.cn/crop.0.0.600.600.180/e91dfba4ly8hlnhv73upij20go0gotag.jpg?KID=imgbed,tva&Expires=1778662457&ssig=qq3vRTG0ux",37岁单亲爸爸泰缅边境失联,search_contents_2026-05-13.csv,search_post,, 几个大男人一起失踪不用想想要天上掉下来的好处不会上当的绝对不占便宜里面有内鬼呗为什么要去东南亚难道是做生意 ,True,False,,1,消极,0.8171758055686951,消极,0.8171758055686951
5298100727187374,#37岁单亲爸爸泰缅边境失联#天哪，希望人平安 ,1778677910,2026-05-13 13:11:50+08:00,0,1,0,1778651684086,https://m.weibo.cn/detail/5298100727187374,河南,7225736269,我草莓话说了-,m,https://m.weibo.cn/u/7225736269?launchid=10000360-page_H5,"https://tvax3.sinaimg.cn/crop.0.0.743.743.180/007T0s5nly8ib7tuc5h3bj30kn0kn3zf.jpg?KID=imgbed,tva&Expires=1778662457&ssig=Io8sTgZqcW",37岁单亲爸爸泰缅边境失联,search_contents_2026-05-13.csv,search_post,,天哪希望人平安 ,True,False,,0,积极,0.9586614370346068,积极,0.9586614370346068
5298098811437279,#37岁单亲爸爸泰缅边境失联#37岁河南单亲爸爸林某以“出差”为名赴泰，实则与同伴乘坐“资方车辆”抵达泰缅边境达府后集体失联，手机最后定位显示在敏感地带。作为家中唯一支柱，他的失踪导致10岁儿子无人抚养、父母病倒。目前警方与领馆已介入，但受限于边境复杂局势，救援尚无实质进展。此类案件多具“高薪诱骗、车辆控制、边境关机”特征，警示公众需警惕境外虚假招聘。 37岁单亲爸爸泰缅边境失联,1778677452,2026-05-13 13:04:12+08:00,0,0,0,1778651684087,https://m.weibo.cn/detail/5298098811437279,广东,7430009454,祎祎的橘子岛b,f,https://m.weibo.cn/u/7430009454?luicode=20000061&lfid=5298098811437279&launchid=10000360-page_H5,"https://tvax4.sinaimg.cn/crop.0.0.1080.1080.180/0086PySaly8icma3bxjvlj30u00u0jtd.jpg?KID=imgbed,tva&Expires=1778662467&ssig=q5fVlXq1at",37岁单亲爸爸泰缅边境失联,search_contents_2026-05-13.csv,search_post,,37岁河南单亲爸爸林某以出差为名赴泰实则与同伴乘坐资方车辆抵达泰缅边境达府后集体失联手机最后定位显示在敏感地带作为家中唯一支柱他的失踪导致10岁儿子无人抚养父母病倒目前警方与领馆已介入但受限于边境复杂局势救援尚无实质进展此类案件多具高薪诱骗车辆控制边境关机特征警示公众需警惕境外虚假招聘 37岁单亲爸爸泰缅边境失联,True,False,,-1,消极,0.5165599584579468,消极,0.5165599584579468
5297844455214009,从2018年开始，有幸在三部作品里演绎傅九云，第三次与傅九云相逢，满心感恩，也满是感慨。一晃八年，这个角色陪我走过岁岁年年，见证了我演艺路上的每一段成长与蜕变。三度成为傅九云，是缘分，也是执念。这次出演《佳偶天成》虽然只客串了一天，但当再扮上傅九云的造型，他便在我身上重生。作为演员，能在不同的年龄阶段诠释同一个角色，是稀有和荣幸的事情。可能执念越深越会无法避免遗憾，在拍摄过程中我尽可能在表演中，台词里，把心底对角色所有的感悟与情愫悉数表达出来。对于在《佳偶天成》里不能用我的原声与大家见面，我和团队均未提前知情，我深表失望与遗憾。傅九云，愿你安好。,1778616810,2026-05-12 20:13:30+08:00,45541,12164,17207,1778651793373,https://m.weibo.cn/detail/5297844455214009,浙江,2162005694,D郑业成C,m,https://m.weibo.cn/u/2162005694?luicode=20000061&lfid=5297844455214009&launchid=10000360-page_H5,"https://tvax3.sinaimg.cn/crop.0.0.1080.1080.180/002mjyrAly8ibgyjrm9ptj60u00u0q6802.jpg?KID=imgbed,tva&Expires=1778662580&ssig=ByvuOFUN1d",郑业成不知道佳偶天成被配音,search_contents_2026-05-13.csv,search_post,,从2018年开始有幸在三部作品里演绎傅九云第三次与傅九云相逢满心感恩也满是感慨一晃八年这个角色陪我走过岁岁年年见证了我演艺路上的每一段成长与蜕变三度成为傅九云是缘分也是执念这次出演佳偶天成虽然只客串了一天但当再扮上傅九云的造型他便在我身上重生作为演员能在不同的年龄阶段诠释同一个角色是稀有和荣幸的事情可能执念越深越会无法避免遗憾在拍摄过程中我尽可能在表演中台词里把心底对角色所有的感悟与情愫悉数表达出来对于在佳偶天成里不能用我的原声与大家见面我和团队均未提前知情我深表失望与遗憾傅九云愿你安好,True,False,你演的傅九云是我永远的白月光 || 真的很喜欢你的原音 || 哥哥真的超级棒,3,积极,0.9746494293212892,积极,0.9746494293212892
5298036659456208,#郑业成不知道佳偶天成被配音#虽然但是，佳偶天成明显是打包给配音工作室全员配音的，你要是想原声应该提前跟制作方沟通，都播了出来说啥 ,1778662635,2026-05-13 08:57:15+08:00,3222,317,5,1778651793377,https://m.weibo.cn/detail/5298036659456208,北京,5781126568,说就说了你能拿我怎样,f,https://m.weibo.cn/u/5781126568?launchid=10000360-page_H5,"https://tvax4.sinaimg.cn/crop.0.0.1023.1023.180/006jf16Uly8hszcrpoyftj30sg0sf402.jpg?KID=imgbed,tva&Expires=1778662579&ssig=BPjN3dlX0K",郑业成不知道佳偶天成被配音,search_contents_2026-05-13.csv,search_post,,虽然但是佳偶天成明显是打包给配音工作室全员配音的你要是想原声应该提前跟制作方沟通都播了出来说啥 ,True,False,这不播到人家的片段怎么知道是配音不是原声呢 || 我也觉得莫名其妙听说才几分钟戏份粉丝管得也太宽了他声音也不好听啊微微的时候就很尬了 || 郑业成自2018年起在多部作品中饰演傅九云角色此前均使用原声此次佳偶天成更换为配音演员蔡杰边江工作室演员方表示虽为客串且可能涉及打包配音但播出前未获告知法律层面若合同有相关条款剧组擅自换人可能违约但行业普遍认为事查看最新戳gt微博智搜,3,中性,0.5106447339057922,中性,0.5106447339057922
5298031226261437,#郑业成不知道佳偶天成被配音#满心演绎傅九云，真情原声惨遭替换，事前全然不知情。数年偏爱付诸心血，演员用心不被尊重，实在令人满心遗憾与心疼。 ,1778661340,2026-05-13 08:35:40+08:00,261,29,3,1778651793380,https://m.weibo.cn/detail/5298031226261437,湖北,2349540170,舞蹈社长,f,https://m.weibo.cn/u/2349540170?launchid=10000360-page_H5,"https://tvax1.sinaimg.cn/crop.0.0.1080.1080.180/8c0b234aly8iatgqyd0i5j20u00u0afl.jpg?KID=imgbed,tva&Expires=1778662579&ssig=XNRtvAxdW0",郑业成不知道佳偶天成被配音,search_contents_2026-05-13.csv,search_post,,满心演绎傅九云真情原声惨遭替换事前全然不知情数年偏爱付诸心血演员用心不被尊重实在令人满心遗憾与心疼 ,True,False,怎么回事 || 已拿下热一,-1,消极,0.6746448278427124,消极,0.6746448278427124
5298029164757155,#郑业成不知道佳偶天成被配音#“为什么我这么多年一直坚持用原声去配音？就是我希望，我在呈现这个人物的时候，他是饱满的，从头到脚、声音，如果有味觉的话，我希望我身上的味道能让别人感受到（笑），这个人从头到尾所有的气质，是由我来呈现的”——郑业成的杂志访谈演员声台形表，声为第一位。支持郑业成作为专业演员为自己角色的完整度发出的呼声。 第三次演绎傅九云，他对自己的角色是那么认真，持重和珍爱。我能理解在演员本人不知情的情况下被配了一个完全不贴脸声音的遗憾。,1778660847,2026-05-13 08:27:27+08:00,611,51,36,1778651793386,https://m.weibo.cn/detail/5298029164757155,江苏,3292390247,兔子爱吃蒲公英,f,https://m.weibo.cn/u/3292390247?luicode=20000061&lfid=5298029164757155&launchid=10000360-page_H5,"https://tvax3.sinaimg.cn/crop.0.0.1080.1080.180/c43de367ly8iby5w8e1dyj20u00u0mze.jpg?KID=imgbed,tva&Expires=1778662583&ssig=HcEG%2FXqcsn",郑业成不知道佳偶天成被配音,search_contents_2026-05-13.csv,search_post,,为什么我这么多年一直坚持用原声去配音就是我希望我在呈现这个人物的时候他是饱满的从头到脚声音如果有味觉的话我希望我身上的味道能让别人感受到笑这个人从头到尾所有的气质是由我来呈现的郑业成的杂志访谈演员声台形表声为第一位支持郑业成作为专业演员为自己角色的完整度发出的呼声 第三次演绎傅九云他对自己的角色是那么认真持重和珍爱我能理解在演员本人不知情的情况下被配了一个完全不贴脸声音的遗憾,True,False,自己的声音也是角色的一部分   用心对待每一个角色  当时的杨静澜的人心亦如这落花的台词  真是惊艳我       傅九云演出的是潇洒的外形  想听的是慵懒不羁的声音 || 真的很遗憾了感觉不是原声的傅九云少了他的神韵少了灵魂 || 还没有看有没有哪个朋友解释一下为什么他说是第3次演绎呢,3,积极,0.9088765382766724,积极,0.9088765382766724
5298050396587273,#郑业成 傅九云#不是郑业成原声确实有些不适应，有些陌生感，傅九云是全方位一体的角色，从声音到举手投足一颦一笑都是郑氏风格，用郑业成原声打开傅九云3.0这下味儿对了郑业成不知道佳偶天成被配音 ,1778665910,2026-05-13 09:51:50+08:00,262,25,5,1778651793387,https://m.weibo.cn/detail/5298050396587273,天津,6867350206,纯愛誓,m,https://m.weibo.cn/u/6867350206?launchid=10000360-page_H5,"https://tvax1.sinaimg.cn/crop.0.0.540.540.180/007uKHv0ly8id3mo7y55hj30f00f00tc.jpg?KID=imgbed,tva&Expires=1778662579&ssig=hFpEBYPG3r",郑业成不知道佳偶天成被配音,search_contents_2026-05-13.csv,search_post,,不是郑业成原声确实有些不适应有些陌生感傅九云是全方位一体的角色从声音到举手投足一颦一笑都是郑氏风格用郑业成原声打开傅九云30这下味儿对了郑业成不知道佳偶天成被配音 ,True,False,大家喜欢这个角色吗 || 采用郑业成的原生声线演绎傅九云这一角色瞬间让人物形象鲜活起来完美契合角色特质,3,积极,0.7260695099830627,积极,0.7260695099830627
5298106407061021,#郑业成不知道佳偶天成被配音#前两部都是原声，第三部出来声音变了，看剧的人有不舒适，演员本人出来回应下很正常。自己有嘴自己说，提到制作公司，没提到别人吧？怪就怪郑业成自己太卷咯？跳脚的都是戏混子粉丝吧？ ,1778679264,2026-05-13 13:34:24+08:00,12,0,0,1778651793389,https://m.weibo.cn/detail/5298106407061021,上海,7892265936,荒糖茉莉冰椰zi,m,https://m.weibo.cn/u/7892265936?launchid=10000360-page_H5,"https://tvax1.sinaimg.cn/crop.0.0.1080.1080.180/008C78TSly8iczj7lj1pdj30u00u0wi6.jpg?KID=imgbed,tva&Expires=1778662579&ssig=mCNTjNR0t6",郑业成不知道佳偶天成被配音,search_contents_2026-05-13.csv,search_post,,前两部都是原声第三部出来声音变了看剧的人有不舒适演员本人出来回应下很正常自己有嘴自己说提到制作公司没提到别人吧怪就怪郑业成自己太卷咯跳脚的都是戏混子粉丝吧 ,True,False,,3,消极,0.816239058971405,消极,0.816239058971405
5298109774301725,#郑业成不知道佳偶天成被配音#诶。演员自己客串的作品，自己背的台词。到头来莫名其妙的 有人给配音了。 ,1778680067,2026-05-13 13:47:47+08:00,1,0,0,1778651793390,https://m.weibo.cn/detail/5298109774301725,内蒙古,5911907308,寰宇WHITE,m,https://m.weibo.cn/u/5911907308?launchid=10000360-page_H5,"https://tvax1.sinaimg.cn/crop.0.0.1080.1080.180/006s5L9Gly8icmjwqix7gj30u00u076n.jpg?KID=imgbed,tva&Expires=1778662579&ssig=LO66Vnei9T",郑业成不知道佳偶天成被配音,search_contents_2026-05-13.csv,search_post,,诶演员自己客串的作品自己背的台词到头来莫名其妙的 有人给配音了 ,True,False,,3,消极,0.8432008624076843,消极,0.8432008624076843
5298109723708079,娱乐#郑业成不知道佳偶天成被配音# 演员辛辛苦苦拍戏，结果播出才发现声音被换了？连句招呼都不打，最基本的职业尊重去哪了？ ,1778680055,2026-05-13 13:47:35+08:00,0,0,0,1778651793391,https://m.weibo.cn/detail/5298109723708079,河南,5634198551,夏夏鉴科技,f,https://m.weibo.cn/u/5634198551?launchid=10000360-page_H5,"https://tvax2.sinaimg.cn/crop.0.0.1080.1080.180/0069iwqbly8i6vmllerckj30u00u0mzl.jpg?KID=imgbed,tva&Expires=1778662579&ssig=UBSLbbisKL",郑业成不知道佳偶天成被配音,search_contents_2026-05-13.csv,search_post,,娱乐 演员辛辛苦苦拍戏结果播出才发现声音被换了连句招呼都不打最基本的职业尊重去哪了 ,True,False,,3,消极,0.8260304927825928,消极,0.8260304927825928
5297871490646585,【#黄雅琼拟入职衢州职业技术学院#】#黄雅琼衢州高层次紧缺人才引进# 5月13日，@中国蓝新闻 记者查询衢州市人力资源和社会保障局官网发现，衢州职业技术学院发布2026年高层次紧缺人才引进拟聘人员公示，羽毛球运动员黄雅琼拟聘文化旅游学院专业带头人。 ,1778623256,2026-05-12 22:00:56+08:00,1627,127,54,1778652008606,https://m.weibo.cn/detail/5297871490646585,,2286092114,中国蓝新闻,m,https://m.weibo.cn/u/2286092114?launchid=10000360-page_H5,"https://tvax2.sinaimg.cn/crop.0.0.1000.1000.180/8842ff52ly8heqfusvnwbj20rs0rsmxx.jpg?KID=imgbed,tva&Expires=1778662679&ssig=y8JZh%2Btduo",黄雅琼拟入职衢州职业技术学院,search_contents_2026-05-13.csv,search_post,, 5月13日 记者查询衢州市人力资源和社会保障局官网发现衢州职业技术学院发布2026年高层次紧缺人才引进拟聘人员公示羽毛球运动员黄雅琼拟聘文化旅游学院专业带头人 ,True,False,雅琼这个地位值得更好的吧 || 浙江那么多高校 || 期待雅琼姐姐,2,中性,0.7699854373931885,中性,0.7699854373931885
5298035136660064,#黄雅琼拟入职衢州职业技术学院#前两天看还在北京，不会是挂职吧，以为这个级别至少985211 宿鸟见的微博视频 ,1778662272,2026-05-13 08:51:12+08:00,168,16,1,1778652008613,https://m.weibo.cn/detail/5298035136660064,江苏,7509913090,宿鸟见,m,https://m.weibo.cn/u/7509913090?launchid=10000360-page_H5,"https://tvax4.sinaimg.cn/crop.0.0.1080.1080.180/008cePsuly8id2fff41pij30u00u077h.jpg?KID=imgbed,tva&Expires=1778662679&ssig=1gOVgjefar",黄雅琼拟入职衢州职业技术学院,search_contents_2026-05-13.csv,search_post,,前两天看还在北京不会是挂职吧以为这个级别至少985211 宿鸟见的微博视频 ,True,False,有编制的专科最舒服了现在985211都不给编非升即走 || 帮着宣传家乡总是好的 || 好的专科不比211差,1,中性,0.72275310754776,中性,0.72275310754776
5297840076624211,黄雅琼入编了，建设家乡，入职衢州职业技术学院文化旅游学院专业带头人。中国羽毛球队 #黄雅琼拟入职衢州职业技术学院##黄雅琼衢州高层次紧缺人才引进# ,1778615766,2026-05-12 19:56:06+08:00,236,30,2,1778652008615,https://m.weibo.cn/detail/5297840076624211,浙江,1864877312,黑羽飞球,m,https://m.weibo.cn/u/1864877312?launchid=10000360-page_H5,"https://tvax4.sinaimg.cn/crop.0.0.1080.1080.180/6f27c500ly8i18bjl3chgj20u00u1n1e.jpg?KID=imgbed,tva&Expires=1778662679&ssig=AWfm5%2B34Sn",黄雅琼拟入职衢州职业技术学院,search_contents_2026-05-13.csv,search_post,,黄雅琼入编了建设家乡入职衢州职业技术学院文化旅游学院专业带头人中国羽毛球队  ,True,False,这种一看就是名誉上挂名的再怎么也不会去教什么文化旅游专业的啊 || 她退役就入职了搞了个什么学院当名誉院长 || 她老公不是在北京吗她入编以后在衢州工作了吗,-1,中性,0.4995233714580536,中性,0.4995233714580536
5298058671688076,黄雅琼入职家乡高校我觉得挺靠谱的对她来说也是个很踏实的选择。✅公示挂在衢州市人社局官网上，✅岗位是文化旅游学院专业带头人，✅走的高层次紧缺人才引进流程，所有程序都合规透明。✅此外，她拥有运动训练专业硕士学位，担任一名专业教师完全具备相应的资格与能力。对家乡衢州来说，✅黄雅琼是奥运冠军，✅更是“衢州城市形象大使”。✅早在2025年，她就受聘为母校“雅琼体育学院”的名誉院长，也和家乡教育有了很深的连接，✅这次的入职更像是一次“持证上岗”的深化。要说“大材小用”真不至于，她的到来，能给基层职业教育注入顶级竞技体育的拼搏精神，这种能量很宝贵。#黄雅琼拟入职衢州职业技术学院#黄雅琼拟入职衢州职业技术学院 #秒懂热点就用智搜# 偲赋的微博视频,1778667883,2026-05-13 10:24:43+08:00,71,38,0,1778652008617,https://m.weibo.cn/detail/5298058671688076,江西,1358912827,偲赋,f,https://m.weibo.cn/u/1358912827?luicode=20000061&lfid=5298058671688076&launchid=10000360-page_H5,"https://tvax1.sinaimg.cn/crop.0.0.512.512.180/50ff5d3bly8i1acpogug4j20e80e83z0.jpg?KID=imgbed,tva&Expires=1778662679&ssig=40fvGb6noR",黄雅琼拟入职衢州职业技术学院,search_contents_2026-05-13.csv,search_post,,黄雅琼入职家乡高校我觉得挺靠谱的对她来说也是个很踏实的选择公示挂在衢州市人社局官网上岗位是文化旅游学院专业带头人走的高层次紧缺人才引进流程所有程序都合规透明此外她拥有运动训练专业硕士学位担任一名专业教师完全具备相应的资格与能力对家乡衢州来说黄雅琼是奥运冠军更是衢州城市形象大使早在2025年她就受聘为母校雅琼体育学院的名誉院长也和家乡教育有了很深的连接这次的入职更像是一次持证上岗的深化要说大材小用真不至于她的到来能给基层职业教育注入顶级竞技体育的拼搏精神这种能量很宝贵黄雅琼拟入职衢州职业技术学院  偲赋的微博视频,True,False,恭喜优秀的人哪里都发光 || 黄雅婷入职家乡高校靠谱 || 给家乡做贡献了,2,积极,0.9056394100189208,积极,0.9056394100189208
5298075498972110,#黄雅琼拟入职衢州职业技术学院# 衢州职业技术学院发布2026年高层次紧缺人才引进拟聘人员公示，羽毛球运动员黄雅琼拟聘文化旅游学院专业带头人🏸 ,1778671895,2026-05-13 11:31:35+08:00,12,0,1,1778652008618,https://m.weibo.cn/detail/5298075498972110,河南,5229334406,精神病院派来的猴子,m,https://m.weibo.cn/u/5229334406?launchid=10000360-page_H5,"https://tvax2.sinaimg.cn/crop.0.0.1080.1080.180/005HTKLkly8h0tih061qsj30u00u0405.jpg?KID=imgbed,tva&Expires=1778662679&ssig=gTYMtGuR63",黄雅琼拟入职衢州职业技术学院,search_contents_2026-05-13.csv,search_post,, 衢州职业技术学院发布2026年高层次紧缺人才引进拟聘人员公示羽毛球运动员黄雅琼拟聘文化旅游学院专业带头人 ,True,False,,2,中性,0.7676897644996643,中性,0.7676897644996643
5297864609104055,【#黄雅琼拟聘为衢职院专业带头人#】近日，有消息称“黄雅琼@黄雅琼--- 拟聘为衢州职业技术学院专业带头人”。@潇湘晨报 晨视频记者查询衢州职业技术学院官方网站发现，该校发布的“衢州职业技术学院2026年高层次紧缺人才引进拟聘人员公示（二）”显示，经报名、资格审核、面试、体检和考核等程序，现确定黄雅琼为我校拟聘人员，公示时间：从2026年5月12日至5月19日。公开资料显示，黄雅琼1994年2月28日出生于浙江省衢州市，国际级运动健将，中国羽毛球运动员。  #黄雅琼拟入职衢州职业技术学院# 潇湘晨报的微博视频,1778621614,2026-05-12 21:33:34+08:00,19,2,1,1778652008620,https://m.weibo.cn/detail/5297864609104055,,1655444627,潇湘晨报,m,https://m.weibo.cn/u/1655444627?luicode=20000061&lfid=5297864609104055&launchid=10000360-page_H5,"https://tvax4.sinaimg.cn/crop.0.0.826.826.180/001O24LNly8h8viu4nck1j60my0myq3m02.jpg?KID=imgbed,tva&Expires=1778662682&ssig=%2Fp%2FOdiIgiY",黄雅琼拟入职衢州职业技术学院,search_contents_2026-05-13.csv,search_post,,近日有消息称黄雅琼 拟聘为衢州职业技术学院专业带头人 晨视频记者查询衢州职业技术学院官方网站发现该校发布的衢州职业技术学院2026年高层次紧缺人才引进拟聘人员公示二显示经报名资格审核面试体检和考核等程序现确定黄雅琼为我校拟聘人员公示时间从2026年5月12日至5月19日公开资料显示黄雅琼1994年2月28日出生于浙江省衢州市国际级运动健将中国羽毛球运动员   潇湘晨报的微博视频,True,False,晨视频记者查询衢州职业技术学院官方网站发现该校发布的衢州职业技术学院2026年高层次紧缺人才引进拟聘人员公示二显示经报名资格审核面试体检和考核等程序现确定黄雅琼为我校拟聘人员 || 近日有消息称黄雅琼 拟聘为衢州职业技术学院专业带头人,2,中性,0.7926989793777466,中性,0.7926989793777466
5298110466362090,2026.05.13 今日热搜特朗普启程访华热2一天内2位NBA球员去世新3这次有哪些“太空快递”上新4300斤医生走红 曾一年猛涨100斤热5黄雅琼拟入职衢州职业技术学院新6网警依法打击“湖北人造大米”谣言7全球昆虫正在以惊人速度灭绝热8马斯克点赞宇树载人机甲：很酷新9豆包收费 大模型将告别免费时代热10中国足球迎来久违春天新11特朗普来了 中美关系能否一锤定音新12河南多地拍到夜空“发光水母云”热13宝宝头上有九个头旋14女子河边“放生”奶茶？水务局介入15巩俐中文宣布戛纳电影节开幕热,1778680232,2026-05-13 13:50:32+08:00,0,0,0,1778652008622,https://m.weibo.cn/detail/5298110466362090,广东,6346531416,善泽触控-工业医疗智能化触摸屏,m,https://m.weibo.cn/u/6346531416?luicode=20000061&lfid=5298110466362090&launchid=10000360-page_H5,"https://tvax3.sinaimg.cn/crop.0.0.600.600.180/006VvoJWly8hqrjp9656oj30go0godjd.jpg?KID=imgbed,tva&Expires=1778662802&ssig=zcPJ54ux2R",黄雅琼拟入职衢州职业技术学院,search_contents_2026-05-13.csv,search_post,,20260513 今日热搜特朗普启程访华热2一天内2位NBA球员去世新3这次有哪些太空快递上新4300斤医生走红 曾一年猛涨100斤热5黄雅琼拟入职衢州职业技术学院新6网警依法打击湖北人造大米谣言7全球昆虫正在以惊人速度灭绝热8马斯克宇树载人机甲很酷新9豆包收费 大模型将告别免费时代热10中国足球迎来久违春天新11特朗普来了 中美关系能否一锤定音新12河南多地拍到夜空发光水母云热13宝宝头上有九个头旋14女子河边放生奶茶水务局介入15巩俐中文宣布戛纳电影节开幕热,True,False,,0,积极,0.4576241672039032,积极,0.4576241672039032
5298106654786220,#黄雅琼拟入职衢州职业技术学院#阔以阔以 阿琼开心 我也开心 ,1778679323,2026-05-13 13:35:23+08:00,0,0,0,1778652008627,https://m.weibo.cn/detail/5298106654786220,越南,3290441907,Neruguisalkhi_,f,https://m.weibo.cn/u/3290441907?launchid=10000360-page_H5,"https://tvax4.sinaimg.cn/crop.0.0.1080.1080.180/c42028b3ly8icdfy9ifjzj20u00u0abn.jpg?KID=imgbed,tva&Expires=1778662679&ssig=1Fz6UrxOSx",黄雅琼拟入职衢州职业技术学院,search_contents_2026-05-13.csv,search_post,,阔以阔以 阿琼开心 我也开心 ,True,False,,0,积极,0.969518542289734,积极,0.969518542289734
5297796011003784,任何关系都是阶段性陪伴 ,1778605260,2026-05-12 17:01:00+08:00,12746,421,2480,1778652121234,https://m.weibo.cn/detail/5297796011003784,广东,1742566624,思想聚焦,f,https://m.weibo.cn/u/1742566624?launchid=10000360-page_H5,"https://tvax1.sinaimg.cn/crop.0.0.1080.1080.180/001TVDbily8ia4lzunkwwj60u00u0jv302.jpg?KID=imgbed,tva&Expires=1778662894&ssig=AjBk%2FHmrss",任何关系都是阶段性陪伴,search_contents_2026-05-13.csv,search_post,,任何关系都是阶段性陪伴 ,True,False,评论区整体呈现对关系阶段性的理性接纳与感性拉扯约45观点强调离别是常态珍惜过程即可释怀25虽认同道理但面对具体关系仍难割舍15提醒警惕他人过度强调此观点可能缺乏投入10认为缘分长短取决于双方经营意愿最终落脚于对人来人往查看最新戳gt微博智搜 || 没有人能陪你一辈子的 || 想通这一点就不会因为一些离别而痛苦不堪,5,中性,0.8258377313613892,中性,0.8258377313613892
5298057290973863,#任何关系都是阶段性陪伴#任何关系，都是阶段性的陪伴，所以千万别太上头，陪你看遍花开的人，未必能陪你走到岁月的枯荣…有些人只是适合用来成长，总是追求结果的人大多一身疲惫!维护一段关系需要小心翼翼，而结束一段关系有时候只是一个不经意，所以恰到好处的冷淡，胜过不合时宜的热情!当初要好的朋友，现在回头看没几个还在联系,1778667554,2026-05-13 10:19:14+08:00,116,16,4,1778652121242,https://m.weibo.cn/detail/5298057290973863,河北,7763383547,降温的冰块,f,https://m.weibo.cn/u/7763383547?luicode=20000061&lfid=5298057290973863&launchid=10000360-page_H5,"https://tvax4.sinaimg.cn/crop.0.0.624.624.180/008tomHFly8hxk1u3dc4qj30hc0hcgmm.jpg?KID=imgbed,tva&Expires=1778662895&ssig=laJG5La2N7",任何关系都是阶段性陪伴,search_contents_2026-05-13.csv,search_post,,任何关系都是阶段性的陪伴所以千万别太上头陪你看遍花开的人未必能陪你走到岁月的枯荣有些人只是适合用来成长总是追求结果的人大多一身疲惫维护一段关系需要小心翼翼而结束一段关系有时候只是一个不经意所以恰到好处的冷淡胜过不合时宜的热情当初要好的朋友现在回头看没几个还在联系,True,False,有没有一种可能所谓的关系好只是你自己认为的 || 你说的太对了 || 真正能长时间陪伴的也就只有父母了,5,消极,0.5044584274291992,消极,0.5044584274291992
5298029340395372,普通关系一般不会绝交的，只有好的关系才会。#任何关系都是阶段性陪伴# ,1778660890,2026-05-13 08:28:10+08:00,133,5,37,1778652121250,https://m.weibo.cn/detail/5298029340395372,河北,5132656758,江湖李傅相,m,https://m.weibo.cn/u/5132656758?launchid=10000360-page_H5,"https://tvax3.sinaimg.cn/crop.0.0.1080.1080.180/005Bm6uqly8h4o727n8roj30u00u0wfu.jpg?KID=imgbed,tva&Expires=1778662894&ssig=LZf1iuu2tA",任何关系都是阶段性陪伴,search_contents_2026-05-13.csv,search_post,,普通关系一般不会绝交的只有好的关系才会 ,True,False,用百度搜关系阶段性陪伴看到评论说普通关系反而不容易绝交太真实了 || 普通关系谈不上绝交 互相疏离直至遗忘 内心和生活几乎都没有涟漪和影响,5,中性,0.8545437455177307,中性,0.8545437455177307
5298057950265998,戳心窝子了！ #任何关系都是阶段性陪伴# ,1778667711,2026-05-13 10:21:51+08:00,515,68,57,1778652121258,https://m.weibo.cn/detail/5298057950265998,山东,1283431191,晓磊,m,https://m.weibo.cn/u/1283431191?launchid=10000360-page_H5,"https://tvax2.sinaimg.cn/crop.0.0.768.768.180/001oR955ly8i3gzkndtkcj60lc0lcwfd02.jpg?KID=imgbed,tva&Expires=1778662894&ssig=c2vp9cskto",任何关系都是阶段性陪伴,search_contents_2026-05-13.csv,search_post,,戳心窝子了  ,True,False,这种托举孩子不养也罢 || 不論男女教會孩子責任心感恩的心不要動不動就躺平放棄自己的社會責任和家庭責任要修身齊家治國平天下在自己的能力範圍內做自己應做的事 || 盲猜这个人是个龅牙女胖子一直减不了肥学科本科以下靠自己找不到工作没车没房只能靠骗彩礼赚钱,-1,积极,0.8033098578453064,积极,0.8033098578453064
5298024429127057,#任何关系都是阶段性陪伴#茫茫人海，有幸相识，相伴一程，已是上上签了，不必苛求永久，见过花开就好，何必在意花落谁家。 一个人喝茶也很浪漫，一个人吹风也很清醒，只要同行的时候是快乐的，就是好的相遇，至于怎么走散的并不重要。 不是所有的相遇，都会有个圆满的结局，那个陪你看遍花开的人，未必能陪你走到岁月的枯荣，有些人只适合用来成长，有些故事只适合收藏。,1778659719,2026-05-13 08:08:39+08:00,775,23,198,1778652121266,https://m.weibo.cn/detail/5298024429127057,福建,5772514698,金蝶缀梦,f,https://m.weibo.cn/u/5772514698?luicode=20000061&lfid=5298024429127057&launchid=10000360-page_H5,"https://tvax1.sinaimg.cn/crop.0.0.1080.1080.180/006iESLMly8ic8mmwjgb3j30u00u0n0e.jpg?KID=imgbed,tva&Expires=1778662898&ssig=Aj1TXo%2FhrR",任何关系都是阶段性陪伴,search_contents_2026-05-13.csv,search_post,,茫茫人海有幸相识相伴一程已是上上签了不必苛求永久见过花开就好何必在意花落谁家 一个人喝茶也很浪漫一个人吹风也很清醒只要同行的时候是快乐的就是好的相遇至于怎么走散的并不重要 不是所有的相遇都会有个圆满的结局那个陪你看遍花开的人未必能陪你走到岁月的枯荣有些人只适合用来成长有些故事只适合收藏,True,False,这段话真的太通透了瞬间治愈人生就像赶路有人陪你一程已是幸运不必强求终点只要回忆里有光散场时也能笑着挥手各自奔赴更好的风景 || 生活就像一场旅行不在乎目的地在乎的是沿途的风景和看风景的心情保持一颗积极向上的心用正能量点亮旅途中的每一刻让生命更加精彩纷呈 || 早上好么么哒,5,积极,0.9351198673248292,积极,0.9351198673248292
5298089503756841,#任何关系都是阶段性陪伴#任何关系都是阶段性陪伴只有夫妻关系是可以相伴终身的父母会离去，孩子们会远走高飞只有夫妻可以白头偕老，同年同月死想清楚这一点 ,1778675234,2026-05-13 12:27:14+08:00,145,23,3,1778652121272,https://m.weibo.cn/detail/5298089503756841,江苏,2969186274,戎美_Rumere_家有n多宝贝,m,https://m.weibo.cn/u/2969186274?launchid=10000360-page_H5,"https://tvax4.sinaimg.cn/crop.0.0.1125.1125.180/b0fa2fe2ly8fq1qcoulbgj20v90v9tau.jpg?KID=imgbed,tva&Expires=1778662894&ssig=ka%2B7GH2Mrt",任何关系都是阶段性陪伴,search_contents_2026-05-13.csv,search_post,,任何关系都是阶段性陪伴只有夫妻关系是可以相伴终身的父母会离去孩子们会远走高飞只有夫妻可以白头偕老同年同月死想清楚这一点 ,True,False,夫妻也会离婚,5,中性,0.4735114574432373,中性,0.4735114574432373
5298046439261880,#任何关系都是阶段性陪伴#到现在吧，我感觉很多人对关系的误解，还是总以为“真正爱你的人不会离开”但我做了这么多年情感咨询，越来越发现一个真相，绝大多数关系，本质上都是阶段性陪伴很多夫妻后面走散，不是因为谁坏，而是人生阶段已经错位了一个人在拼命往前冲，一个人还停在原地索取，一个开始觉醒主体性，一个还沉迷情绪控制你会发现，两个人的“需求版本”已经不兼容了成年人最痛的地方，不是失去而是明明关系已经变质，却还死死抓着过去不放其实真正高级的人，都能够允许关系流动因为人与人之间，本来就不是“永久绑定”，而是“阶段同行”你回头看自己的人生就知道了曾经离不开的人，现在早就不联系了，曾经以为过不去的坎，现在已经云淡风轻人会变，需求会变，认知会变，关系自然也会变所以别再执念“为什么他后来变了”很多关系不是输给第三者，也不是输给争吵，而是输给了成长速度不一致而大部分人真正的问题，是根本看不懂这段关系到底是阶段性阵痛，还是已经彻底走向结构性崩塌看不懂这一点的人，会在错误的人身上耗掉自己最值钱的几年,1778664967,2026-05-13 09:36:07+08:00,283,25,31,1778652121279,https://m.weibo.cn/detail/5298046439261880,浙江,2703597591,晓生,m,https://m.weibo.cn/u/2703597591?luicode=20000061&lfid=5298046439261880&launchid=10000360-page_H5,"https://tvax1.sinaimg.cn/crop.0.0.1024.1024.180/a125a017ly8hbl61fkjgcj20sg0sgq3s.jpg?KID=imgbed,tva&Expires=1778662901&ssig=8jYX1zz436",任何关系都是阶段性陪伴,search_contents_2026-05-13.csv,search_post,,到现在吧我感觉很多人对关系的误解还是总以为真正爱你的人不会离开但我做了这么多年情感咨询越来越发现一个真相绝大多数关系本质上都是阶段性陪伴很多夫妻后面走散不是因为谁坏而是人生阶段已经错位了一个人在拼命往前冲一个人还停在原地索取一个开始觉醒主体性一个还沉迷情绪控制你会发现两个人的需求版本已经不兼容了成年人最痛的地方不是失去而是明明关系已经变质却还死死抓着过去不放其实真正高级的人都能够允许关系流动因为人与人之间本来就不是永久绑定而是阶段同行你回头看自己的人生就知道了曾经离不开的人现在早就不联系了曾经以为过不去的坎现在已经云淡风轻人会变需求会变认知会变关系自然也会变所以别再执念为什么他后来变了很多关系不是输给第三者也不是输给争吵而是输给了成长速度不一致而大部分人真正的问题是根本看不懂这段关系到底是阶段性阵痛还是已经彻底走向结构性崩塌看不懂这一点的人会在错误的人身上耗掉自己最值钱的几年,True,False,如果你正在经历婚姻危机或者想要分手复合直接我为你提供专业分析 || 人情本就是一程相伴不必强求一生相守 || 感情需要成长彼此也需要独立别用真爱限制,5,消极,0.7866755723953247,消极,0.7866755723953247
5298033715839556,其实人和人的关系，本来就是阶段性的。像坐一趟车，有人陪你一程，到站了就要下车。父母会老，孩子会远行，朋友走着走着就淡了，爱人也可能留在某个路口。不是因为谁不好，只是各自的轨道不同了。能一起走一段，开心过，被温暖过，就已经是幸运了。重要的是在一起的时候好好珍惜，分开的时候心里还能说声谢谢。#任何关系都是阶段性陪伴#,1778661933,2026-05-13 08:45:33+08:00,179,37,22,1778652121284,https://m.weibo.cn/detail/5298033715839556,北京,1446388662,召召与木木的27年,m,https://m.weibo.cn/u/1446388662?luicode=20000061&lfid=5298033715839556&launchid=10000360-page_H5,"https://tvax3.sinaimg.cn/crop.0.0.1080.1080.180/563623b6ly8iac1o5gd66j20u00u0wi7.jpg?KID=imgbed,tva&Expires=1778662905&ssig=BQY3JLdmSq",任何关系都是阶段性陪伴,search_contents_2026-05-13.csv,search_post,,其实人和人的关系本来就是阶段性的像坐一趟车有人陪你一程到站了就要下车父母会老孩子会远行朋友走着走着就淡了爱人也可能留在某个路口不是因为谁不好只是各自的轨道不同了能一起走一段开心过被温暖过就已经是幸运了重要的是在一起的时候好好珍惜分开的时候心里还能说声谢谢,True,False,我最近遇到了很不舒服的朋友关系我对对方并没有信息保留不是指个人隐私那种但是对方只索取不互通我就成了单向信息输出很恼火 || 想到了繁花中葛老师说的其实感情这样东西是这样就好比两个人约好一起去逛庙会两个人讲好了长夜漫漫一直玩到天亮的结果这个朋友有事走了他呢也找到了另外一个伙伴继续玩下去但是他心里面永远会记得和之前那个人一起看过讲过笑过葛老师,5,积极,0.6169455647468567,积极,0.6169455647468567
5297853758441874,#月壤用拔丝地瓜手法做成纤维#【#月壤纤维样品进入中国空间站#】把月壤做成纤维，原理并不复杂，研究团队将月壤比作“太空白砂糖”，借鉴传统“拔丝地瓜”的熔融拉丝手法，在高温下熔化成液滴再牵引成丝。难点在于，月球的高真空、微重力让常规设备无法运转。今天，记者从东华大学获悉，一件由月球土壤制成的纤维实验样品昨日搭乘天舟货运飞船进入中国空间站，它将在舱外暴露平台接受高真空、强辐照、极端温差等空间环境的长期验证。科研人员从零设计出全球首台模拟月球环境纺丝装置，用嫦娥五号带回的0.5克真实月壤——历经数十亿年太空风化的玄武岩质样品，制备出长度约3米、粗细与头发丝相当的连续纤维。这项研究已持续十年，从2016年聚焦极端环境材料起步，到2020年嫦娥五号成功取回月壤成为关键转折，研究瞄准的是未来月球科研站建设需求。月壤纤维潜在应用包括柔性结构材料、增强月壤混凝土等，目前相关研究仍处于基础验证阶段，距实际应用还有距离。（总台记者王殿甲）网页链接,1778619028,2026-05-12 20:50:28+08:00,1067,318,243,1778652200453,https://m.weibo.cn/detail/5297853758441874,,2656274875,央视新闻,m,https://m.weibo.cn/u/2656274875?luicode=20000061&lfid=5297853758441874&launchid=10000360-page_H5,"https://tvax4.sinaimg.cn/crop.0.0.690.690.180/002TLsr9ly8iakuy3heb6j60j60j6wex02.jpg?KID=imgbed,tva&Expires=1778662977&ssig=BRxrk75TnC",月壤用拔丝地瓜手法做成纤维,search_contents_2026-05-13.csv,search_post,白名单账号,把月壤做成纤维原理并不复杂研究团队将月壤比作太空白砂糖借鉴传统拔丝地瓜的熔融拉丝手法在高温下熔化成液滴再牵引成丝难点在于月球的高真空微重力让常规设备无法运转今天记者从东华大学获悉一件由月球土壤制成的纤维实验样品昨日搭乘天舟货运飞船进入中国空间站它将在舱外暴露平台接受高真空强辐照极端温差等空间环境的长期验证科研人员从零设计出全球首台模拟月球环境纺丝装置用嫦娥五号带回的05克真实月壤历经数十亿年太空风化的玄武岩质样品制备出长度约3米粗细与头发丝相当的连续纤维这项研究已持续十年从2016年聚焦极端环境材料起步到2020年嫦娥五号成功取回月壤成为关键转折研究瞄准的是未来月球科研站建设需求月壤纤维潜在应用包括柔性结构材料增强月壤混凝土等目前相关研究仍处于基础验证阶段距实际应用还有距离总台记者王殿甲网页链接,True,False,好厉害吃货就看见拔丝地瓜了 || 把月壤玩成拔丝工艺中国科研脑洞封神,1,中性,0.6866176128387451,中性,0.6866176128387451
5298066820697076,#月壤用拔丝地瓜手法做成纤维#谁能想到拔丝地瓜手艺用上太空了 月壤用拔丝地瓜手法做成纤维 ,1778669826,2026-05-13 10:57:06+08:00,13,3,1,1778652200481,https://m.weibo.cn/detail/5298066820697076,浙江,1470430995,LO穿裙子的小熊VE,f,https://m.weibo.cn/u/1470430995?launchid=10000360-page_H5,"https://tvax1.sinaimg.cn/crop.0.0.698.698.180/57a4ff13ly8ibrqgdpr8aj20je0jewes.jpg?KID=imgbed,tva&Expires=1778662976&ssig=tp4c9FP9Tw",月壤用拔丝地瓜手法做成纤维,search_contents_2026-05-13.csv,search_post,,谁能想到拔丝地瓜手艺用上太空了 月壤用拔丝地瓜手法做成纤维 ,True,False,多来点这种新闻 || 助力月球科研建设,1,消极,0.4570801854133606,消极,0.4570801854133606
5298082652882899,#午间食光机#【#拔丝地瓜秘诀大公开#】大厨教你做拔丝地瓜，秘诀大公开，这样做出来的拔丝地瓜酥脆拉丝，香甜软糯，记得试试呦~#月壤用拔丝地瓜手法做成纤维#（央视频美食） 听中国的微博视频 ,1778673601,2026-05-13 12:00:01+08:00,7,0,1,1778652200493,https://m.weibo.cn/detail/5298082652882899,,1867571077,听中国,m,https://m.weibo.cn/u/1867571077?launchid=10000360-page_H5,"https://tvax1.sinaimg.cn/crop.0.0.1080.1080.180/0022o8y9ly8h8vg74fpp7j60u00u0abf02.jpg?KID=imgbed,tva&Expires=1778662976&ssig=ZGxCx9741M",月壤用拔丝地瓜手法做成纤维,search_contents_2026-05-13.csv,search_post,,大厨教你做拔丝地瓜秘诀大公开这样做出来的拔丝地瓜酥脆拉丝香甜软糯记得试试呦央视频美食 听中国的微博视频 ,True,False,,0,积极,0.9015394449234008,积极,0.9015394449234008
5298082737822175,赛博茶馆 今天最绝的热搜：#月壤用拔丝地瓜手法做成纤维#不是，研究人员真的用拔丝原理把月壤做成了纤维？！科学家太能整活了。想象一下实验室里的场景——「这批月壤怎么处理？」「加热拉丝，像做糖葫芦一样。」「……好的。」说真的，这其实是很牛的材料科学突破——月球上没有现成建材，如果能把月壤直接拉成纤维，就地取材建造月球基地不是梦。老祖宗的厨房智慧跑到了太空，感觉人类文明又高了一个维度🐉主榜 2026-05-13 12:00，来自于微博热搜,1778673621,2026-05-13 12:00:21+08:00,14,19,1,1778652200504,https://m.weibo.cn/detail/5298082737822175,天津,1198290983,叫我P菲,f,https://m.weibo.cn/u/1198290983?luicode=20000061&lfid=5298082737822175&launchid=10000360-page_H5,"https://tva3.sinaimg.cn/crop.0.0.180.180.180/476c7827jw1e8qgp5bmzyj2050050aa8.jpg?KID=imgbed,tva&Expires=1778662984&ssig=ArB6qQNGg5",月壤用拔丝地瓜手法做成纤维,search_contents_2026-05-13.csv,search_post,,赛博茶馆 今天最绝的热搜不是研究人员真的用拔丝原理把月壤做成了纤维科学家太能整活了想象一下实验室里的场景这批月壤怎么处理加热拉丝像做糖葫芦一样好的说真的这其实是很牛的材料科学突破月球上没有现成建材如果能把月壤直接拉成纤维就地取材建造月球基地不是梦老祖宗的厨房智慧跑到了太空感觉人类文明又高了一个维度主榜 20260513 1200来自于微博热搜,True,False,哈哈这个画面感太强了加热拉丝像做糖葫芦一样科学家真的是用最朴素的厨房智慧解决最前沿的太空问题这种就地取材的思维本质上和人类祖先用石头做工具是一样的适应环境利用环境 || 月球基地不是梦就地取材 || 就地取材建造月球基地,1,积极,0.7154433131217957,积极,0.7154433131217957
5298078166025628,#月壤用拔丝地瓜手法做成纤维#中国科学家借鉴拔丝地瓜高温熔融拉丝智慧，用嫦娥五号月壤成功制备高强度纤维，2026年5月12日送入空间站验证，为月球基地建设提供关键材料方案。东华大学团队耗时十年攻关，从零研发全球首台月球环境模拟纺丝装置，攻克真空微重力下成丝难题。仅用0.5克月壤拉出3米长、10-20微米细的连续纤维，强度超普通钢筋，填补国际空白。这批纤维将在空间站舱外长期经受极端环境考验，验证太空服役可靠性。该技术可实现月球原位取材，用纤维编织防护结构或增强月壤混凝土，大幅降低地月运输成本。从生活美食到太空科技，这份跨界创新尽显中国科研巧思。虽仍处基础验证阶段，但为2035年月球科研站建设夯实材料基础，打开深空原位资源利用新路径。#微博声浪计划##听见微博# 月壤用拔丝地瓜手法做成纤维  厚恩投资张延昆的微博音频,1778672531,2026-05-13 11:42:11+08:00,24,14,9,1778652200516,https://m.weibo.cn/detail/5298078166025628,河北,1078779184,厚恩投资张延昆,m,https://m.weibo.cn/u/1078779184?luicode=20000061&lfid=5298078166025628&launchid=10000360-page_H5,"https://tvax3.sinaimg.cn/crop.0.0.1080.1080.180/404cdd30ly8gdih9m7oraj20u00u0whj.jpg?KID=imgbed,tva&Expires=1778662987&ssig=de%2BBlahDM0",月壤用拔丝地瓜手法做成纤维,search_contents_2026-05-13.csv,search_post,,中国科学家借鉴拔丝地瓜高温熔融拉丝智慧用嫦娥五号月壤成功制备高强度纤维2026年5月12日送入空间站验证为月球基地建设提供关键材料方案东华大学团队耗时十年攻关从零研发全球首台月球环境模拟纺丝装置攻克真空微重力下成丝难题仅用05克月壤拉出3米长1020微米细的连续纤维强度超普通钢筋填补国际空白这批纤维将在空间站舱外长期经受极端环境考验验证太空服役可靠性该技术可实现月球原位取材用纤维编织防护结构或增强月壤混凝土大幅降低地月运输成本从生活美食到太空科技这份跨界创新尽显中国科研巧思虽仍处基础验证阶段但为2035年月球科研站建设夯实材料基础打开深空原位资源利用新路径 月壤用拔丝地瓜手法做成纤维  厚恩投资张延昆的微博音频,True,False,从物理材料学来说属于月球土壤里面的什么材质,1,中性,0.4391934871673584,中性,0.4391934871673584
5298081974191968,#月壤用拔丝地瓜手法做成纤维#太有创造力了吧！！ai无法替代人类的理由又变多了 ,1778673439,2026-05-13 11:57:19+08:00,54,20,0,1778652200529,https://m.weibo.cn/detail/5298081974191968,江苏,6374982488,小事化小薯条,f,https://m.weibo.cn/u/6374982488?launchid=10000360-page_H5,"https://tvax1.sinaimg.cn/crop.0.0.1080.1080.180/006XqMacly8icyg4k35xgj30u00u0myh.jpg?KID=imgbed,tva&Expires=1778662976&ssig=tM4Z5Pya1i",月壤用拔丝地瓜手法做成纤维,search_contents_2026-05-13.csv,search_post,,太有创造力了吧ai无法替代人类的理由又变多了 ,True,False,你们觉得这个新发现怎么样 || 这是ai视频吗 || 这个发现真的太有趣了,1,消极,0.6186298131942749,消极,0.6186298131942749
5298112545428376,#月壤用拔丝地瓜手法做成纤维#好厉害，中国科学家联想能力太强了 月壤用拔丝地瓜手法做成纤维 ,1778680728,2026-05-13 13:58:48+08:00,0,0,0,1778652200538,https://m.weibo.cn/detail/5298112545428376,重庆,6874868924,燃气爆汀-_-,f,https://m.weibo.cn/u/6874868924?launchid=10000360-page_H5,"https://tvax1.sinaimg.cn/crop.0.0.1080.1080.180/007vgfsEly8ibw575q3cqj30u00u040x.jpg?KID=imgbed,tva&Expires=1778662976&ssig=GnL1TAeHW3",月壤用拔丝地瓜手法做成纤维,search_contents_2026-05-13.csv,search_post,,好厉害中国科学家联想能力太强了 月壤用拔丝地瓜手法做成纤维 ,True,False,,1,积极,0.6717862486839294,积极,0.6717862486839294
5298092370826784,#李小冉知道自己笑起来像森碟#李小冉：我唱歌好听吗？叶一茜：好听，但你笑起来更像我家闺女。李小冉：那我是该高兴还是该吃醋？叶一茜：高兴吧，毕竟我闺女好看。这应该是内 娱最治愈的跨年龄撞脸 ,1778675918,2026-05-13 12:38:38+08:00,229,27,4,1778652277122,https://m.weibo.cn/detail/5298092370826784,湖北,3849770877,新新想事成,m,https://m.weibo.cn/u/3849770877?launchid=10000360-page_H5,"https://tvax2.sinaimg.cn/crop.0.0.768.768.180/e576d77dly8i591w7038oj20lc0lcgnl.jpg?KID=imgbed,tva&Expires=1778663076&ssig=WZc40ReoVq",李小冉知道自己笑起来像森碟,search_contents_2026-05-13.csv,search_post,,李小冉我唱歌好听吗叶一茜好听但你笑起来更像我家闺女李小冉那我是该高兴还是该吃醋叶一茜高兴吧毕竟我闺女好看这应该是内 娱最治愈的跨年龄撞脸 ,True,False,你们觉得李小冉和森碟像嘛 || 保养的太好了完全女神 || 两个人的笑容都好甜美啊,0,积极,0.9701429605484008,积极,0.9701429605484008
5298091349772565,#李小冉知道自己笑起来像森碟#是谁发现她俩笑起来像的！完全天才来的！！这个李小冉唱的越来越好了 支持成团！ ,1778675674,2026-05-13 12:34:34+08:00,189,18,8,1778652277128,https://m.weibo.cn/detail/5298091349772565,云南,5827469719,游鱼知鹤,m,https://m.weibo.cn/u/5827469719?launchid=10000360-page_H5,"https://tvax1.sinaimg.cn/crop.0.0.1080.1080.180/006mnt55ly8iblmeceoumj30u00u0q5a.jpg?KID=imgbed,tva&Expires=1778663076&ssig=Ug9cR8J%2Bvj",李小冉知道自己笑起来像森碟,search_contents_2026-05-13.csv,search_post,,是谁发现她俩笑起来像的完全天才来的这个李小冉唱的越来越好了 支持成团 ,True,False,好美感觉笑之后更美了 || 现在是越来越厉害了呀 || 长大的森碟和她一模一样啊,0,积极,0.9794452786445618,积极,0.9794452786445618
5298091448077404,#李小冉知道自己笑起来像森碟#李小冉确实清楚自己笑起来与田亮女儿森碟的相似性，这一话题在综艺《乘风2026》中被叶一茜亲自认证确实好像呀 笑起来都好明媚好美呀 李小冉和森蝶都好漂亮的呀 期待李小冉的表现呀 ,1778675698,2026-05-13 12:34:58+08:00,136,18,2,1778652277133,https://m.weibo.cn/detail/5298091448077404,安徽,6339299742,来一碗车厘子-,m,https://m.weibo.cn/u/6339299742?launchid=10000360-page_H5,"https://tvax1.sinaimg.cn/crop.0.1.1078.1078.180/006V13s2ly8i99k1o7r0xj30ty0u00v6.jpg?KID=imgbed,tva&Expires=1778663076&ssig=uFW3A0%2F3E4",李小冉知道自己笑起来像森碟,search_contents_2026-05-13.csv,search_post,,李小冉确实清楚自己笑起来与田亮女儿森碟的相似性这一话题在综艺乘风2026中被叶一茜亲自认证确实好像呀 笑起来都好明媚好美呀 李小冉和森蝶都好漂亮的呀 期待李小冉的表现呀 ,True,False,大家喜欢李小冉吗 || 都特别青春活力 || 都一样笑起来很明媚都很爱笑,0,积极,0.9826316833496094,积极,0.9826316833496094
5298098716805004,#李小冉知道自己笑起来像森碟#准确来说应该是森碟像她吧、不过漂亮的人都是相似的、这么一说我觉得他跟森碟爸妈也挺像的 小月同学呀SY的微博视频 ,1778677431,2026-05-13 13:03:51+08:00,71,11,0,1778652277137,https://m.weibo.cn/detail/5298098716805004,黑龙江,5058055865,小月同学呀SY,f,https://m.weibo.cn/u/5058055865?launchid=10000360-page_H5,"https://tvax2.sinaimg.cn/crop.0.0.1080.1080.180/005wj5odly8ic7pxbhx5ij30u00u0gok.jpg?KID=imgbed,tva&Expires=1778663076&ssig=E6f37xRnOG",李小冉知道自己笑起来像森碟,search_contents_2026-05-13.csv,search_post,,准确来说应该是森碟像她吧不过漂亮的人都是相似的这么一说我觉得他跟森碟爸妈也挺像的 小月同学呀SY的微博视频 ,True,False,笑起来的李小冉真挺有少女感的 || 李小冉的状态真好呀 || 真的好美呀,0,积极,0.6512468457221985,积极,0.6512468457221985
5298095517597926,#李小冉知道自己笑起来像森碟#所有人感受李小冉颜值 ,1778676667,2026-05-13 12:51:07+08:00,113,17,0,1778652277144,https://m.weibo.cn/detail/5298095517597926,江西,7254829762,予川茗缇,m,https://m.weibo.cn/u/7254829762?launchid=10000360-page_H5,"https://tvax2.sinaimg.cn/crop.0.0.1080.1080.180/007UYwDgly8id3p96groej30u00u0wg2.jpg?KID=imgbed,tva&Expires=1778663076&ssig=Nk%2FuEAfy12",李小冉知道自己笑起来像森碟,search_contents_2026-05-13.csv,search_post,,所有人感受李小冉颜值 ,True,False,你喜欢李小冉吗 || 满40减30的脸蛋 || 这个笑容简直太甜了,0,积极,0.9492314457893372,积极,0.9492314457893372
5298113871875119,#李小冉知道自己笑起来像森碟# 之前没注意看，还真是有点像李小冉性格真的太可爱了～ ,1778681044,2026-05-13 14:04:04+08:00,0,0,0,1778652277147,https://m.weibo.cn/detail/5298113871875119,北京,5971226293,娱小婉,f,https://m.weibo.cn/u/5971226293?launchid=10000360-page_H5,"https://tvax3.sinaimg.cn/crop.0.0.1080.1080.180/006w6EJvly8hsnyjcqujcj30u00u0tc5.jpg?KID=imgbed,tva&Expires=1778663076&ssig=MZw3XWCfFd",李小冉知道自己笑起来像森碟,search_contents_2026-05-13.csv,search_post,, 之前没注意看还真是有点像李小冉性格真的太可爱了 ,True,False,,0,积极,0.9676528573036194,积极,0.9676528573036194
5298113130793005,#李小冉知道自己笑起来像森碟# 谁懂啊！李小冉一笑直接撞脸森碟，本人还知道！两代美女梦幻联动，笑容感染力直接拉满✨ ,1778680867,2026-05-13 14:01:07+08:00,1,0,0,1778652277151,https://m.weibo.cn/detail/5298113130793005,上海,1769920575,义然之得,f,https://m.weibo.cn/u/1769920575?launchid=10000360-page_H5,"https://tvax1.sinaimg.cn/crop.0.0.500.500.180/697ed83fly8i7jxcj55qij20dw0dwdh2.jpg?KID=imgbed,tva&Expires=1778663076&ssig=BziBUR6ycw",李小冉知道自己笑起来像森碟,search_contents_2026-05-13.csv,search_post,, 谁懂啊李小冉一笑直接撞脸森碟本人还知道两代美女梦幻联动笑容感染力直接拉满 ,True,False,,0,积极,0.9615342020988464,积极,0.9615342020988464
5298112928154449,#李小冉知道自己笑起来像森碟# 原来小冉也知道自己和森碟有点像欸哈哈哈，这样一对比真的感觉好像啊 ,1778680819,2026-05-13 14:00:19+08:00,1,0,0,1778652277154,https://m.weibo.cn/detail/5298112928154449,湖南,2208455750,大路眼玲玲,f,https://m.weibo.cn/u/2208455750?launchid=10000360-page_H5,"https://tvax2.sinaimg.cn/crop.57.66.311.311.180/83a25c46ly8h5z24cbr9hj20b40b40t5.jpg?KID=imgbed,tva&Expires=1778663076&ssig=or4snfEPYW",李小冉知道自己笑起来像森碟,search_contents_2026-05-13.csv,search_post,, 原来小冉也知道自己和森碟有点像欸哈哈哈这样一对比真的感觉好像啊 ,True,False,,0,积极,0.9421380758285522,积极,0.9421380758285522
5298057075761289,网友在LA迪士尼偶遇了刘亦菲 其实是茜茜公主回家了#LA迪士尼偶遇刘亦菲##洛杉矶迪士尼偶遇刘亦菲# ,1778667503,2026-05-13 10:18:23+08:00,2413,142,62,1778652375925,https://m.weibo.cn/detail/5298057075761289,湖南,3725773862,会火,m,https://m.weibo.cn/u/3725773862?launchid=10000360-page_H5,"https://tvax4.sinaimg.cn/crop.0.0.1080.1080.180/00448XYOly8hr3sojtj9ej60u00u0aau02.jpg?KID=imgbed,tva&Expires=1778663162&ssig=GFVmvPR9b2",LA迪士尼偶遇刘亦菲,search_contents_2026-05-13.csv,search_post,,网友在LA迪士尼偶遇了刘亦菲 其实是茜茜公主回家了 ,True,False,哥的亦菲真心好看 || 美国人回家还要在中国买通稿,0,积极,0.565959632396698,积极,0.565959632396698
5298077411312568,#LA迪士尼偶遇刘亦菲#神仙姐姐模糊的画质高清的美貌！茜茜公主当年一袭紫色连衣裙惊艳了我好久！真的太美啦 ,1778672351,2026-05-13 11:39:11+08:00,310,16,7,1778652375927,https://m.weibo.cn/detail/5298077411312568,湖南,5179366833,出现奇想星了,f,https://m.weibo.cn/u/5179366833?launchid=10000360-page_H5,"https://tvax4.sinaimg.cn/crop.0.0.1080.1080.180/005Ew5UJly8id1du9zzwuj30u00u076i.jpg?KID=imgbed,tva&Expires=1778663162&ssig=uRphSZQhYr",LA迪士尼偶遇刘亦菲,search_contents_2026-05-13.csv,search_post,,神仙姐姐模糊的画质高清的美貌茜茜公主当年一袭紫色连衣裙惊艳了我好久真的太美啦 ,True,False,就这个身材比例妙啊 || 带帽子的就是刘亦菲 || 好白的大长腿皮肤真的好白,0,积极,0.981722891330719,积极,0.981722891330719
5298091599073285,#LA迪士尼偶遇刘亦菲#迪士尼真公主刘亦菲去迪士尼，完全合理！华人唯一迪士尼公主，世纪大女主巨饼～ ,1778675734,2026-05-13 12:35:34+08:00,312,26,13,1778652375928,https://m.weibo.cn/detail/5298091599073285,美国,6328411332,一一今今一一,f,https://m.weibo.cn/u/6328411332?launchid=10000360-page_H5,"https://tvax2.sinaimg.cn/crop.0.0.720.720.180/006UhmSwgy1hfi9tekt36j30k00k0t9q.jpg?KID=imgbed,tva&Expires=1778663162&ssig=%2F9kYwKhhlo",LA迪士尼偶遇刘亦菲,search_contents_2026-05-13.csv,search_post,,迪士尼真公主刘亦菲去迪士尼完全合理华人唯一迪士尼公主世纪大女主巨饼 ,True,False,迪士尼公主真的是全球最大最经久不衰的IP之一了刘亦菲亚洲唯一迪士尼公主代表全球大爆的最有影响力的东方女性角色花木兰真的是天仙的全球超级养老保险 || 大爱真公主刘亦菲太强悍了,-1,积极,0.927636444568634,积极,0.927636444568634
5298082050738570,#LA迪士尼偶遇刘亦菲#谁懂啊！在LA迪士尼偶遇刘亦菲，这哪里是偶遇，分明是迪士尼公主回家了👑 离小懒cc的微博视频 ,1778673457,2026-05-13 11:57:37+08:00,183,18,11,1778652375930,https://m.weibo.cn/detail/5298082050738570,广东,6021818417,离小懒cc,f,https://m.weibo.cn/u/6021818417?launchid=10000360-page_H5,"https://tvax2.sinaimg.cn/crop.0.0.1080.1080.180/006zwW3vly8i4x3n5yciuj30u00u0n3w.jpg?KID=imgbed,tva&Expires=1778663162&ssig=vu1QSXMdOF",LA迪士尼偶遇刘亦菲,search_contents_2026-05-13.csv,search_post,,谁懂啊在LA迪士尼偶遇刘亦菲这哪里是偶遇分明是迪士尼公主回家了 离小懒cc的微博视频 ,True,False,刘亦菲整个人的状态太美了 || 刘亦菲走到哪里都自带仙气 || 这也太漂亮了,0,中性,0.6467412710189819,中性,0.6467412710189819
5298078362109646,#LA迪士尼偶遇刘亦菲#刘亦菲LA迪士尼被偶遇 茜茜是真公主！刘亦菲迪士尼被偶遇 很松弛的状态！ ,1778672578,2026-05-13 11:42:58+08:00,248,39,10,1778652375931,https://m.weibo.cn/detail/5298078362109646,安徽,5127451327,天宫于,f,https://m.weibo.cn/u/5127451327?launchid=10000360-page_H5,"https://tvax4.sinaimg.cn/crop.0.0.1080.1080.180/005B0gjRly8id3ngf950dj30u00u0gpp.jpg?KID=imgbed,tva&Expires=1778663162&ssig=AHV8eQcZ%2FX",LA迪士尼偶遇刘亦菲,search_contents_2026-05-13.csv,search_post,,刘亦菲LA迪士尼被偶遇 茜茜是真公主刘亦菲迪士尼被偶遇 很松弛的状态 ,True,False,这都能被认出来也是没谁了 || 感觉状态很好 || 刘亦菲自在随性眉眼温柔 原来童话里的公主真的会来到人间,-1,积极,0.9445803165435792,积极,0.9445803165435792
5298096759901896,刘亦菲在LA迪士尼被偶遇，最打动人的从来不是“糊图都挡不住的美貌”，而是她那份完全不被镜头打扰的松弛感。素颜、休闲装，像普通游客一样自在逛乐园，没有明星包袱 ，却比任何红毯造型都更有“迪士尼公主的说服力。毕竟刘亦菲她本就是我们心中，那个打破偏见、走向世界的花木兰啊!| LA迪士尼偶遇刘亦菲 |,1778676964,2026-05-13 12:56:04+08:00,27,5,0,1778652375932,https://m.weibo.cn/detail/5298096759901896,安徽,7649703521,拿瓶水吧,f,https://m.weibo.cn/u/7649703521?luicode=20000061&lfid=5298096759901896&launchid=10000360-page_H5,"https://tvax3.sinaimg.cn/crop.0.0.1080.1080.180/008lHnkRly8icftvpc55hj30u00u0770.jpg?KID=imgbed,tva&Expires=1778663163&ssig=LLS34pkVXh",LA迪士尼偶遇刘亦菲,search_contents_2026-05-13.csv,search_post,,刘亦菲在LA迪士尼被偶遇最打动人的从来不是糊图都挡不住的美貌而是她那份完全不被镜头打扰的松弛感素颜休闲装像普通游客一样自在逛乐园没有明星包袱 却比任何红毯造型都更有迪士尼公主的说服力毕竟刘亦菲她本就是我们心中那个打破偏见走向世界的花木兰啊 LA迪士尼偶遇刘亦菲 ,True,False,刘亦菲这松弛劲儿真豪爽比打仗还勇猛俺服气 || 刘亦菲美嘛 || 真正的公主不用刻意打扮装样子骨子里自带温柔大气走到哪都是自带气场,0,积极,0.9627515077590942,积极,0.9627515077590942
5298112400982907,【#DJ602次综合检测列车从西安东站直达十堰#】5月12日，DJ（动检）602次综合检测列车从西安东站驶出，直达十堰东站，西十高铁全线拉通试验正式启动。本次试验采用“综合检测列车+确认列车”双车协同模式，分线路、分速度等级开展系统测试。确认列车以最高120公里/小时先行巡检线路，排查安全隐患；综合检测列车按350公里设计时速，完成逐级提速、区间折返等测试。（记者 马文）#LA迪士尼偶遇刘亦菲# 西安广播电视台的微博视频,1778680693,2026-05-13 13:58:13+08:00,0,0,0,1778652375933,https://m.weibo.cn/detail/5298112400982907,,1455232643,西安网络广播电视台,f,https://m.weibo.cn/u/1455232643?luicode=20000061&lfid=5298112400982907&launchid=10000360-page_H5,"https://tvax3.sinaimg.cn/crop.63.6.185.185.180/56bd1683ly8h8vi07va27j209108oglq.jpg?KID=imgbed,tva&Expires=1778663166&ssig=JFE8GN1tBJ",LA迪士尼偶遇刘亦菲,search_contents_2026-05-13.csv,search_post,,5月12日DJ动检602次综合检测列车从西安东站驶出直达十堰东站西十高铁全线拉通试验正式启动本次试验采用综合检测列车确认列车双车协同模式分线路分速度等级开展系统测试确认列车以最高120公里小时先行巡检线路排查安全隐患综合检测列车按350公里设计时速完成逐级提速区间折返等测试记者 马文 西安广播电视台的微博视频,True,False,,1,中性,0.7611649036407471,中性,0.7611649036407471
5298112182881276,#LA迪士尼偶遇刘亦菲#接下来请欣赏网友在世界各地偶遇的茜茜 （@小迷妹神吐槽） ,1778680641,2026-05-13 13:57:21+08:00,0,0,0,1778652375935,https://m.weibo.cn/detail/5298112182881276,山东,6068931350,星空咖啡机械师,f,https://m.weibo.cn/u/6068931350?launchid=10000360-page_H5,"https://tvax3.sinaimg.cn/crop.0.0.380.380.180/006CIChwly8hn14x3b2hoj30ak0akdfy.jpg?KID=imgbed,tva&Expires=1778663162&ssig=I1vIYYNZ4i",LA迪士尼偶遇刘亦菲,search_contents_2026-05-13.csv,search_post,,接下来请欣赏网友在世界各地偶遇的茜茜  ,True,False,,0,积极,0.6002988219261169,积极,0.6002988219261169
5298035778389316,第一个想到这么赚零花钱的是个天才 ,1778662425,2026-05-13 08:53:45+08:00,3225,77,723,1778652460948,https://m.weibo.cn/detail/5298035778389316,河北,5610283564,北鹿少女,f,https://m.weibo.cn/u/5610283564?launchid=10000360-page_H5,"https://tvax2.sinaimg.cn/crop.0.0.1024.1024.180/0067Gb2Aly8i28grpnn9rj30sg0sgq67.jpg?KID=imgbed,tva&Expires=1778663251&ssig=dNlTqpTk20",第一个想到这么赚零花钱的是个天才,search_contents_2026-05-13.csv,search_post,,第一个想到这么赚零花钱的是个天才 ,True,False,这样又能赚到钱又开心 || 第一个想出来的真的是天才 || 这想到这个方式也是个天才太绝了,1,积极,0.5593920350074768,积极,0.5593920350074768
5298078871719511,现在赚零花钱多方式越来越多了有小学生教游泳赚零花钱 有小学生陪写作业赚零花钱还有小学生教钢琴赚零花钱的现在孩子越来越厉害了我小时候就没这方面天才的头脑🧠现在还有很多人手很巧 自己在家做包子 做早点卖自己做那种织花卖 而且都很好看 我觉得她们都是赚零花钱的天才我就不行了到30➕了才知道赚零花钱现在在微博上捡瓶子赚零花钱希望大眼睛👁️不要打击我的积极性我会继续努力捡瓶子的#第一个想到这么赚零花钱的是个天才#第一个想到这么赚零花钱的是个天才,1778672699,2026-05-13 11:44:59+08:00,60,46,1,1778652460953,https://m.weibo.cn/detail/5298078871719511,安徽,6473317154,小螃蟹的小马甲,f,https://m.weibo.cn/u/6473317154?luicode=20000061&lfid=5298078871719511&launchid=10000360-page_H5,"https://tvax1.sinaimg.cn/crop.0.0.1080.1080.180/00745nvcly8i8qxk8xa91j30u00u00vd.jpg?KID=imgbed,tva&Expires=1778663251&ssig=X54EKZBECQ",第一个想到这么赚零花钱的是个天才,search_contents_2026-05-13.csv,search_post,,现在赚零花钱多方式越来越多了有小学生教游泳赚零花钱 有小学生陪写作业赚零花钱还有小学生教钢琴赚零花钱的现在孩子越来越厉害了我小时候就没这方面天才的头脑现在还有很多人手很巧 自己在家做包子 做早点卖自己做那种织花卖 而且都很好看 我觉得她们都是赚零花钱的天才我就不行了到30了才知道赚零花钱现在在微博上捡瓶子赚零花钱希望大眼睛不要打击我的积极性我会继续努力捡瓶子的第一个想到这么赚零花钱的是个天才,True,False,你现在也很棒呀 || 你好厉害 羡慕呢 || 这个收入羡慕了,1,积极,0.418775349855423,积极,0.418775349855423
5298083589259885,#第一个想到这么赚零花钱的是个天才#工资不够真的太懂了！白天安稳上班，晚上抽空搞点小副业真的很香～不靠别人不靠运气，利用碎片时间多赚一份收入，努力搞钱的日子永远踏实又发光 ,1778673824,2026-05-13 12:03:44+08:00,47,8,16,1778652460957,https://m.weibo.cn/detail/5298083589259885,江西,2606812875,她锐评,f,https://m.weibo.cn/u/2606812875?launchid=10000360-page_H5,"https://tvax1.sinaimg.cn/crop.0.0.1080.1080.180/9b60cecbly8huf5x5bodwj20u00u0tdx.jpg?KID=imgbed,tva&Expires=1778663251&ssig=kzItpEXcsy",第一个想到这么赚零花钱的是个天才,search_contents_2026-05-13.csv,search_post,,工资不够真的太懂了白天安稳上班晚上抽空搞点小副业真的很香不靠别人不靠运气利用碎片时间多赚一份收入努力搞钱的日子永远踏实又发光 ,True,False,代写情书不是可以交给AI吗 || 努力搞钱的日子是最踏实的 || 打工人谁不想多赚点,1,积极,0.9389639496803284,积极,0.9389639496803284
5298094180403806,#第一个想到这么赚零花钱的是个天才#能赚钱的脑子都在认知之外要不然人家怎么能赚钱呢 ,1778676349,2026-05-13 12:45:49+08:00,54,1,1,1778652460960,https://m.weibo.cn/detail/5298094180403806,北京,5328610519,王辰一,m,https://m.weibo.cn/u/5328610519?launchid=10000360-page_H5,"https://tvax1.sinaimg.cn/crop.0.0.1080.1080.180/005OCj0Xly8h8l60y5bsdj30u00u0769.jpg?KID=imgbed,tva&Expires=1778663251&ssig=Ye1Y%2BMI8kM",第一个想到这么赚零花钱的是个天才,search_contents_2026-05-13.csv,search_post,,能赚钱的脑子都在认知之外要不然人家怎么能赚钱呢 ,True,False,还是人家会,1,消极,0.8420006036758423,消极,0.8420006036758423
5298105509478727,#第一个想到这么赚零花钱的是个天才#前两天朋友分享给我的赚钱新点子：有人卖「马尔代夫风景拍立得」25-45一张而且出的很快～秒没一开始我以为是在马尔代夫给人拍 拍立得的价格呢，还觉得很正常，毕竟有情绪价值嘛带上拍立得去杭州摆摊给人拍也是差不多价拍立得相纸的成本也是可以算出来的后来一看拍的是纯风景照！那就有点意思了那是不是出国或者有特色的地方 去玩是不是都能顺便拍一些？所以如果是你会买吗～第一个想到这么赚零花钱的是个天才,1778679050,2026-05-13 13:30:50+08:00,4,9,0,1778652460964,https://m.weibo.cn/detail/5298105509478727,浙江,7515122504,我的李豆奶呐,f,https://m.weibo.cn/u/7515122504?luicode=20000061&lfid=5298105509478727&launchid=10000360-page_H5,"https://tvax3.sinaimg.cn/crop.0.0.1080.1080.180/008cAGFily8ia16hcylu8j30u00u077w.jpg?KID=imgbed,tva&Expires=1778663254&ssig=qQdmFnTZqo",第一个想到这么赚零花钱的是个天才,search_contents_2026-05-13.csv,search_post,,前两天朋友分享给我的赚钱新点子有人卖马尔代夫风景拍立得2545一张而且出的很快秒没一开始我以为是在马尔代夫给人拍 拍立得的价格呢还觉得很正常毕竟有情绪价值嘛带上拍立得去杭州摆摊给人拍也是差不多价拍立得相纸的成本也是可以算出来的后来一看拍的是纯风景照那就有点意思了那是不是出国或者有特色的地方 去玩是不是都能顺便拍一些所以如果是你会买吗第一个想到这么赚零花钱的是个天才,True,False,我的那个乖乖 || 那是为啥呢纯风景照又不是自己拍的有什么意思 || 这个思路好适合会拍照的人,1,中性,0.7627590894699097,中性,0.7627590894699097
5298105649989512,#第一个想到这么赚零花钱的是个天才#总算搞懂零花钱的正确打开方式了！刚在主 播 直 播 间 领 完 定 金🧧，真正让我实现了下 单「0 花 钱 」！ ,1778679084,2026-05-13 13:31:24+08:00,33,0,405,1778652460971,https://m.weibo.cn/detail/5298105649989512,重庆,2638792413,鱼丸锅包又,f,https://m.weibo.cn/u/2638792413?launchid=10000360-page_H5,"https://tvax2.sinaimg.cn/crop.0.0.1080.1080.180/9d48c6ddly8hpm99glzvsj20u00u0wgm.jpg?KID=imgbed,tva&Expires=1778663251&ssig=nAxRaisMd%2B",第一个想到这么赚零花钱的是个天才,search_contents_2026-05-13.csv,search_post,,总算搞懂零花钱的正确打开方式了刚在主 播 直 播 间 领 完 定 金真正让我实现了下 单0 花 钱  ,True,False,,1,积极,0.7752686142921448,积极,0.7752686142921448
5298098572362945,谁橙想，零 花 钱的意思原来是「0花💰」，付定不花💰！再次提醒没上🚗的姐妹：现在戳🍑主播直啵间，可以蹲50e🧧，至低0元付定！#第一个想到这么赚零花钱的是个天才# ,1778677396,2026-05-13 13:03:16+08:00,193,42,10,1778652460975,https://m.weibo.cn/detail/5298098572362945,陕西,6349635612,花田月下吃西呱,f,https://m.weibo.cn/u/6349635612?launchid=10000360-page_H5,"https://tvax3.sinaimg.cn/crop.0.0.1001.1001.180/006VIqhCly8hwepjypl83j30rt0rtmzh.jpg?KID=imgbed,tva&Expires=1778663251&ssig=NmMeAFofxo",第一个想到这么赚零花钱的是个天才,search_contents_2026-05-13.csv,search_post,,谁橙想零 花 钱的意思原来是0花付定不花再次提醒没上的姐妹现在戳主播直啵间可以蹲50e至低0元付定 ,True,False,我的天呐这么好的福利赶紧冲 || 哇这个活动太划算了我要参加 || 简直太省钱了以前的我简直是在花冤枉钱,1,中性,0.5705201625823975,中性,0.5705201625823975
5298083697266505,#张凌赫聊天真的很摩羯座# 考古金靖以前发的和张凌赫的聊天记录，哈哈哈哈哈哈感觉这个聊天截图和本人好像，金靖聊天和本人一样好吵的感觉，张凌赫的聊天真的好摩羯，土象是真的喜欢有意境的照片！#春日心动放映季#张凌赫 ,1778673850,2026-05-13 12:04:10+08:00,1956,93,31,1778652529036,https://m.weibo.cn/detail/5298083697266505,山西,1773434120,同福嗑栈,m,https://m.weibo.cn/u/1773434120?launchid=10000360-page_H5,"https://tvax1.sinaimg.cn/crop.0.0.472.472.180/69b47508ly8i2x839apj0j20d40d4jrs.jpg?KID=imgbed,tva&Expires=1778663325&ssig=X%2Bg0zYdoju",张凌赫聊天真的很摩羯座,search_contents_2026-05-13.csv,search_post,, 考古金靖以前发的和张凌赫的聊天记录哈哈哈哈哈哈感觉这个聊天截图和本人好像金靖聊天和本人一样好吵的感觉张凌赫的聊天真的好摩羯土象是真的喜欢有意境的照片张凌赫 ,True,False,评论区主要围绕张凌赫的聊天风格展开45的评论认为其简短回复和风景头像很quot摩羯座quot凸显沉稳细腻20称赞他与金靖互动有趣情商高15质疑星座标签过于片面另有20借机安利其B站纪录片凌探未来及待播剧整体氛围轻松欢乐聚焦性查看最新戳gt微博智搜 || 张凌赫是很有事业心也很有趣的摩羯男 || 从聊天就能窥见性格哈哈哈头像是风景照沉稳细腻自带温柔氛围感的摩羯男张凌赫诚邀大家周五十一点来b站看纪录片凌探未来 查看图片,0,积极,0.7087089419364929,积极,0.7087089419364929
5298102487745340,#张凌赫聊天真的很摩羯座#谁能不被张凌赫这种摩羯男拿捏住啊😂看着冷冷淡淡的，骨子里温柔又细心话不多但特别靠谱，低调踏实还专一土象男神的魅力真的藏不住！ 奶酪毛绒绒的微博视频 ,1778678330,2026-05-13 13:18:50+08:00,134,19,4,1778652529041,https://m.weibo.cn/detail/5298102487745340,四川,4048803423,奶酪毛绒绒,f,https://m.weibo.cn/u/4048803423?launchid=10000360-page_H5,"https://tvax2.sinaimg.cn/crop.0.0.1080.1080.180/f153d65fly8ia7k2lq1pej20u00u0tbw.jpg?KID=imgbed,tva&Expires=1778663325&ssig=UwnKR00FdH",张凌赫聊天真的很摩羯座,search_contents_2026-05-13.csv,search_post,,谁能不被张凌赫这种摩羯男拿捏住啊看着冷冷淡淡的骨子里温柔又细心话不多但特别靠谱低调踏实还专一土象男神的魅力真的藏不住 奶酪毛绒绒的微博视频 ,True,False,张凌赫怎么可以没有一点缺点 || 张凌赫的确是太优秀了,0,积极,0.8842835426330566,积极,0.8842835426330566
5298107395080266,#张凌赫聊天真的很摩羯座#论190摩羯座的占有欲有多强，顶着一张帅脸，又争又抢的感觉，醋意大发 ,1778679499,2026-05-13 13:38:19+08:00,93,16,5,1778652529044,https://m.weibo.cn/detail/5298107395080266,广东,7575325228,茸尾诗,m,https://m.weibo.cn/u/7575325228?launchid=10000360-page_H5,"https://tvax1.sinaimg.cn/crop.0.0.1080.1080.180/008gFi8Yly8id0yyvwuqfj30u00u0gml.jpg?KID=imgbed,tva&Expires=1778663325&ssig=mwlHwzk7cB",张凌赫聊天真的很摩羯座,search_contents_2026-05-13.csv,search_post,,论190摩羯座的占有欲有多强顶着一张帅脸又争又抢的感觉醋意大发 ,True,False,期待张凌赫这一秒过火 || 张凌赫确实挺符合摩羯座的 || 又争又抢才有名分啊,0,消极,0.8080542683601379,消极,0.8080542683601379
5298103685219011,张凌赫这老实人被金婧逗得不要不要的这反应也太可爱了#张凌赫聊天真的很摩羯座##微博二创视频创作季##一分钟精选视频扶持计划# 小C带你瘦的微博视频 ,1778678615,2026-05-13 13:23:35+08:00,114,25,0,1778652529047,https://m.weibo.cn/detail/5298103685219011,辽宁,6764170629,小C带你瘦,f,https://m.weibo.cn/u/6764170629?launchid=10000360-page_H5,"https://tvax4.sinaimg.cn/crop.0.0.1080.1080.180/007nLLMhly8i3dssj81ugj30u00u0q8y.jpg?KID=imgbed,tva&Expires=1778663325&ssig=%2FOUMG0RMZu",张凌赫聊天真的很摩羯座,search_contents_2026-05-13.csv,search_post,,张凌赫这老实人被金婧逗得不要不要的这反应也太可爱了 小C带你瘦的微博视频 ,True,False,路过都笑了互动太暖 || 全是心眼子 || 哈哈拿捏拿捏了,0,积极,0.959991991519928,积极,0.959991991519928
5298104851236142,张凌赫说“跟我有关系才在意，没关系就随它去”不内耗，爱自己的摩羯哞🐮也是智性恋天花板，冷静理性逻辑强身高190+数学182干一行精一行！对粉丝有独一份分享欲#张凌赫聊天真的很摩羯座##微博二创视频创作季# Hi_小七七的微博视频 ,1778678893,2026-05-13 13:28:13+08:00,134,28,7,1778652529051,https://m.weibo.cn/detail/5298104851236142,福建,6535261449,Hi_小七七,f,https://m.weibo.cn/u/6535261449?launchid=10000360-page_H5,"https://tvax1.sinaimg.cn/crop.0.0.1080.1080.180/0078hi2Jly8i9cw8gnzjnj30u00u0dk6.jpg?KID=imgbed,tva&Expires=1778663325&ssig=rEOw2ABdPR",张凌赫聊天真的很摩羯座,search_contents_2026-05-13.csv,search_post,,张凌赫说跟我有关系才在意没关系就随它去不内耗爱自己的摩羯哞也是智性恋天花板冷静理性逻辑强身高190数学182干一行精一行对粉丝有独一份分享欲 Hi_小七七的微博视频 ,True,False,宝藏男孩爱了 || 摩羯霸气理智如斯独爱才值得珍惜 || 说的对这样才能不内耗多好的,-1,积极,0.9420079588890076,积极,0.9420079588890076
5298114525400575,#张凌赫聊天真的很摩羯座#这两个不都是摩羯座吗他们开推5个人里有4个土象星座，其中3个都是摩羯 ,1778681200,2026-05-13 14:06:40+08:00,0,0,0,1778652529054,https://m.weibo.cn/detail/5298114525400575,重庆,3167269271,·微醺小菜·,f,https://m.weibo.cn/u/3167269271?launchid=10000360-page_H5,"https://tvax3.sinaimg.cn/crop.0.0.1080.1080.180/bcc8b197ly8i9yvimui9cj20u00u0grf.jpg?KID=imgbed,tva&Expires=1778663325&ssig=w7c5cLr8py",张凌赫聊天真的很摩羯座,search_contents_2026-05-13.csv,search_post,,这两个不都是摩羯座吗他们开推5个人里有4个土象星座其中3个都是摩羯 ,True,False,,0,中性,0.8691393733024597,中性,0.8691393733024597
5298114426833133,#张凌赫聊天真的很摩羯座#挺你，挺你！核桃来挺你，牛牛🐮@张凌赫z ,1778681176,2026-05-13 14:06:16+08:00,0,0,0,1778652529056,https://m.weibo.cn/detail/5298114426833133,天津,3509499905,A小芋头,f,https://m.weibo.cn/u/3509499905?launchid=10000360-page_H5,"https://tvax1.sinaimg.cn/crop.0.0.960.960.180/d12eb801ly8icmj0qowuoj20qo0qo430.jpg?KID=imgbed,tva&Expires=1778663325&ssig=Hl7Cddb%2FT6",张凌赫聊天真的很摩羯座,search_contents_2026-05-13.csv,search_post,,挺你挺你核桃来挺你牛牛 ,True,False,,0,积极,0.9608470797538756,积极,0.9608470797538756
5298112598115542,#张凌赫聊天真的很摩羯座#张凌赫谁家公子这般模样惹人欢喜@张凌赫z  ,1778680740,2026-05-13 13:59:00+08:00,0,3,0,1778652529058,https://m.weibo.cn/detail/5298112598115542,云南,7414110631,佳佳佳佳佳蓉,f,https://m.weibo.cn/u/7414110631?launchid=10000360-page_H5,"https://tvax1.sinaimg.cn/crop.0.0.900.900.180/0085KQRxly8hxeie26k7hj30p00p0751.jpg?KID=imgbed,tva&Expires=1778663325&ssig=ab43%2BlS7fg",张凌赫聊天真的很摩羯座,search_contents_2026-05-13.csv,search_post,,张凌赫谁家公子这般模样惹人欢喜  ,True,False,,0,积极,0.9692855477333068,积极,0.9692855477333068
5298075708686876,#联合国副秘书长遭以色列扣留讯问#【“尴尬的外交事件”！外媒：联合国副秘书长在以色列机场被扣留并受到讯问，当事人发声】据以色列“Ynet”新闻网、“今日俄罗斯”（RT）电视台报道，联合国负责安全和安保事务的副秘书长吉勒·米肖当地时间12日上午在以色列本-古里安机场被以色列国家安全总局（辛贝特）扣留约45分钟，并因其此前的加沙之行受到讯问，随后被释放。报道称，米肖的护照在安检过程中被没收，米肖随后被带到一个等候区，在那里被扣留了约45分钟，并因他2025年8月在与以色列协调下对加沙地带的访问而受到讯问。“Ynet”新闻网称，这起外交事件对以色列来说非常“尴尬”。以色列官员表示，此事系“身份误认”所致。报道提到，米肖在事后表示，对一名联合国高级官员来说，这一遭遇是前所未有的，而且他在访问过的其他国家也从未遇到过类似情况。米肖还称，他计划取消在以色列的所有正式会议。 环球网的微博视频,1778671945,2026-05-13 11:32:25+08:00,72,10,15,1778652624185,https://m.weibo.cn/detail/5298075708686876,,1686546714,环球网,m,https://m.weibo.cn/u/1686546714?luicode=20000061&lfid=5298075708686876&launchid=10000360-page_H5,"https://tvax3.sinaimg.cn/crop.0.0.1024.1024.180/001Q8zQmly8h8vgdbgwr3j60sg0sgmxm02.jpg?KID=imgbed,tva&Expires=1778663404&ssig=UfTGhgrPNb",联合国副秘书长遭以色列扣留讯问,search_contents_2026-05-13.csv,search_post,,尴尬的外交事件外媒联合国副秘书长在以色列机场被扣留并受到讯问当事人发声据以色列Ynet新闻网今日俄罗斯RT电视台报道联合国负责安全和安保事务的副秘书长吉勒米肖当地时间12日上午在以色列本古里安机场被以色列国家安全总局辛贝特扣留约45分钟并因其此前的加沙之行受到讯问随后被释放报道称米肖的护照在安检过程中被没收米肖随后被带到一个等候区在那里被扣留了约45分钟并因他2025年8月在与以色列协调下对加沙地带的访问而受到讯问Ynet新闻网称这起外交事件对以色列来说非常尴尬以色列官员表示此事系身份误认所致报道提到米肖在事后表示对一名联合国高级官员来说这一遭遇是前所未有的而且他在访问过的其他国家也从未遇到过类似情况米肖还称他计划取消在以色列的所有正式会议 环球网的微博视频,True,False,以色列可以的,-1,中性,0.8373262286186218,中性,0.8373262286186218
5298078040722697,联合国副秘书长在以色列机场，被以色列国家安全总局（辛贝特）扣留约45分钟，并因其此前的加沙之行受到讯问，随后被释放。#巴以冲突##海外新鲜事# ,1778672501,2026-05-13 11:41:41+08:00,253,35,32,1778652624187,https://m.weibo.cn/detail/5298078040722697,重庆,5564927603,无心简影,m,https://m.weibo.cn/u/5564927603?launchid=10000360-page_H5,"https://tvax2.sinaimg.cn/crop.0.0.1080.1080.180/0064BRSPly8g0cfvaho4dj30u00u0dgz.jpg?KID=imgbed,tva&Expires=1778663404&ssig=arlgqVb6NJ",联合国副秘书长遭以色列扣留讯问,search_contents_2026-05-13.csv,search_post,,联合国副秘书长在以色列机场被以色列国家安全总局辛贝特扣留约45分钟并因其此前的加沙之行受到讯问随后被释放 ,True,False,美国右翼首席喉舌塔克卡尔森去以色列都能被扣在机场联合国副秘书长算什么 || 美国以色列日本是当今世界上的三大邪恶轴心国 || 现在的联合国是个屁啊,-1,中性,0.8146940469741821,中性,0.8146940469741821
5298113180600099,🔻🔻我不相信认错了。#联合国副秘书长遭以色列扣留讯问##海外新鲜事##热点现场# ,1778680879,2026-05-13 14:01:19+08:00,78,18,10,1778652624189,https://m.weibo.cn/detail/5298113180600099,四川,1671109627,包容万物恒河水,f,https://m.weibo.cn/u/1671109627?launchid=10000360-page_H5,"https://tvax4.sinaimg.cn/crop.0.0.512.512.180/639b1bfbly8h0ikpj331kj20e80e8t8w.jpg?KID=imgbed,tva&Expires=1778663404&ssig=Ok9vQCYG%2F9",联合国副秘书长遭以色列扣留讯问,search_contents_2026-05-13.csv,search_post,,我不相信认错了 ,True,False,套用公知们的公式这绝对不是个案建议全国严查报出来这一次肯定已经很多次了只是没被爆出啦 怎么可能认错人 || 没直接被打死算命大了 || 怎么给五常上眼药,2,消极,0.8127046823501587,消极,0.8127046823501587
5298102777152790,#联合国副秘书长遭以色列扣留讯问#“全球坚守船队”（Global Sumud Flotilla）的代表汉娜·史密斯（Hannah Smith），事发时她正身处以色列突袭现场的船上，被关押在一个由集装箱和带刺铁丝网搭建而成的临时拘留点内，时长近两天；在此期间，他们不仅被剥夺了饮水及基本物资，遭受了肢体暴力，且在夹克被没收后，还被迫置身于严寒之中。#热点现场##海外新鲜事# 金华磊哥的微博视频,1778678399,2026-05-13 13:19:59+08:00,31,1,0,1778652624191,https://m.weibo.cn/detail/5298102777152790,浙江,1859661774,金华磊哥,m,https://m.weibo.cn/u/1859661774?luicode=20000061&lfid=5298102777152790&launchid=10000360-page_H5,"https://tvax4.sinaimg.cn/crop.0.0.1080.1080.180/6ed82fcely8i6494pvjh1j20u00u0799.jpg?KID=imgbed,tva&Expires=1778663408&ssig=x0wwBU7wXX",联合国副秘书长遭以色列扣留讯问,search_contents_2026-05-13.csv,search_post,,全球坚守船队Global Sumud Flotilla的代表汉娜史密斯Hannah Smith事发时她正身处以色列突袭现场的船上被关押在一个由集装箱和带刺铁丝网搭建而成的临时拘留点内时长近两天在此期间他们不仅被剥夺了饮水及基本物资遭受了肢体暴力且在夹克被没收后还被迫置身于严寒之中 金华磊哥的微博视频,True,False,秘书长被扣联合国有啥用,-1,中性,0.5427780151367188,中性,0.5427780151367188
5298088954825757,#联合国副秘书长遭以色列扣留讯问#美国教授杰弗里·萨克斯：“以色列是一个专门为杀*️⃣戮而组织的国家！它是一个无情的国家；它的生意是杀*️⃣戮；它的业务是间谍活动；它的业务是暗*️⃣杀...”#一分钟精选视频扶持计划##微博热点优质创作计划# 大大大餅干丶的微博视频 ,1778675103,2026-05-13 12:25:03+08:00,8,4,4,1778652624194,https://m.weibo.cn/detail/5298088954825757,四川,5608873424,大大大餅干丶,f,https://m.weibo.cn/u/5608873424?launchid=10000360-page_H5,"https://tvax4.sinaimg.cn/crop.0.0.1080.1080.180/0067Agcoly8hbpykwao06j30u00u076f.jpg?KID=imgbed,tva&Expires=1778663404&ssig=oikltVkqXe",联合国副秘书长遭以色列扣留讯问,search_contents_2026-05-13.csv,search_post,,美国教授杰弗里萨克斯以色列是一个专门为杀戮而组织的国家它是一个无情的国家它的生意是杀戮它的业务是间谍活动它的业务是暗杀 大大大餅干丶的微博视频 ,True,False,敢说真话的明白人 || 美国以内色列纳粹地球之癌无耻的活着,-1,消极,0.7399291396141052,消极,0.7399291396141052
5298115091369184,前所未有！联合国副秘书长在以色列机场遭扣留讯问！以色列闹乌龙，机场误扣联合国副秘书长45分钟，伊朗和加沙看笑了！“前所未有，这简直令人愤慨。”2026年5月12日，联合国副秘书长、监督以巴冲突中妇女儿童权益的特别代表吉勒·米肖，在本-古里安国际机场被带到一间狭窄的拘留室后，对着电话那头的人说出了这句强压怒火的话。据报道，这位联合国高官于当地时间当日在以色列本-古里安机场准备入境时，其护照在安检过程中被以色列国家安全总局（辛贝特）人员没收，随后被扣留了约45分钟，并因他2025年8月曾前往加沙地带而受到讯问。以色列消息人士随后承认，这纯粹是一场“因身份误认引起的误会”。以色列“Ynet”新闻网将此定性为一次“尴尬的外交事件”。一个负责监督冲突中妇女儿童权益的联合国副秘书长，在前去调解人道灾难的路上，被以色列当成“威胁”直接扣押讯问。这一扣，让整个联合国蒙羞。米肖随即取消了原定在以色列的所有正式会议，以示抗议。他对着话筒说出那句“前所未有”时，几乎是在用联合国官员最后的体面，控诉这个号称“中东唯一民主国家”的丑陋失范。早在去年12月，以色列就曾悍然禁止米肖入境，其真实目的再明白不过：让所有敢于替加沙的妇女儿童说话的联合国代表，连同加沙的平民一起，彻底被封锁在国际舆论的死角里。以色列官员辩称是“身份误认”，但更让外界目瞪口呆的，恰恰是以色列官方自导自演的一出“外交罗生门”——一边把联合国高官扣在机场，一边在出丑后又来一次此地无银三百两的狡辩，把自己引以为傲的情报系统招牌砸得稀碎。而这一切发生的背景，正是以色列在联合国大会上对伊朗的激烈抨击之后。上周，以色列代表在安理会围绕第2231号决议的辩论中，言辞激烈地指责伊朗破坏和平、支持恐怖主义。然而转头之间，以色列自己就在机场对着联合国副秘书长大打出手。这场“身份误认”的乌龙，恰好发生在以色列最需要国际社会支持的时刻，却用最粗暴的方式羞辱了它本应争取的联合国体系。以方刚在安理会痛斥伊朗的措辞，如今被自己荒唐的过激反应反噬得不成人形。45分钟的扣留，不过是撕开了以色列对联合国图谋的遮羞布。#联合国副秘书长遭以色列扣留讯问##一分钟视频助燃计划##热点解读#联合国副秘书长遭以色列扣留讯问 品茶说酒的微博视频,1778681335,2026-05-13 14:08:55+08:00,1,0,0,1778652624196,https://m.weibo.cn/detail/5298115091369184,贵州,6993823294,品茶说酒,m,https://m.weibo.cn/u/6993823294?luicode=20000061&lfid=5298115091369184&launchid=10000360-page_H5,"https://tvax3.sinaimg.cn/crop.0.0.1080.1080.180/007DjmVwly8hs6ir1dkqsj30u00u0juj.jpg?KID=imgbed,tva&Expires=1778663411&ssig=NFM4kLwfH%2F",联合国副秘书长遭以色列扣留讯问,search_contents_2026-05-13.csv,search_post,,前所未有联合国副秘书长在以色列机场遭扣留讯问以色列闹乌龙机场误扣联合国副秘书长45分钟伊朗和加沙看笑了前所未有这简直令人愤慨2026年5月12日联合国副秘书长监督以巴冲突中妇女儿童权益的特别代表吉勒米肖在本古里安国际机场被带到一间狭窄的拘留室后对着电话那头的人说出了这句强压怒火的话据报道这位联合国高官于当地时间当日在以色列本古里安机场准备入境时其护照在安检过程中被以色列国家安全总局辛贝特人员没收随后被扣留了约45分钟并因他2025年8月曾前往加沙地带而受到讯问以色列消息人士随后承认这纯粹是一场因身份误认引起的误会以色列Ynet新闻网将此定性为一次尴尬的外交事件一个负责监督冲突中妇女儿童权益的联合国副秘书长在前去调解人道灾难的路上被以色列当成威胁直接扣押讯问这一扣让整个联合国蒙羞米肖随即取消了原定在以色列的所有正式会议以示抗议他对着话筒说出那句前所未有时几乎是在用联合国官员最后的体面控诉这个号称中东唯一民主国家的丑陋失范早在去年12月以色列就曾悍然禁止米肖入境其真实目的再明白不过让所有敢于替加沙的妇女儿童说话的联合国代表连同加沙的平民一起彻底被封锁在国际舆论的死角里以色列官员辩称是身份误认但更让外界目瞪口呆的恰恰是以色列官方自导自演的一出外交罗生门一边把联合国高官扣在机场一边在出丑后又来一次此地无银三百两的狡辩把自己引以为傲的情报系统招牌砸得稀碎而这一切发生的背景正是以色列在联合国大会上对伊朗的激烈抨击之后上周以色列代表在安理会围绕第2231号决议的辩论中言辞激烈地指责伊朗破坏和平支持恐怖主义然而转头之间以色列自己就在机场对着联合国副秘书长大打出手这场身份误认的乌龙恰好发生在以色列最需要国际社会支持的时刻却用最粗暴的方式羞辱了它本应争取的联合国体系以方刚在安理会痛斥伊朗的措辞如今被自己荒唐的过激反应反噬得不成人形45分钟的扣留不过是撕开了以色列对联合国图谋的遮羞布联合国副秘书长遭以色列扣留讯问 品茶说酒的微博视频,True,False,,-1,消极,0.7660444974899292,消极,0.7660444974899292
5298114407697319,#联合国副秘书长遭以色列扣留讯问# 联合国副秘书长访问以色列控制的约旦河西岸地区时，遭以方扣留并讯问数小时。此事引发国际社会强烈抗议，联合国秘书长发表声明谴责以方行为违反国际法。中东局势再添新变量。 ,1778681172,2026-05-13 14:06:12+08:00,1,0,1,1778652624201,https://m.weibo.cn/detail/5298114407697319,浙江,2149981442,DS北风,m,https://m.weibo.cn/u/2149981442?launchid=10000360-page_H5,"https://tvax3.sinaimg.cn/crop.0.0.799.799.180/002lv6o2ly8h8vh3daierj60m70m7dhe02.jpg?KID=imgbed,tva&Expires=1778663404&ssig=Hi3jQOtoDL",联合国副秘书长遭以色列扣留讯问,search_contents_2026-05-13.csv,search_post,, 联合国副秘书长访问以色列控制的约旦河西岸地区时遭以方扣留并讯问数小时此事引发国际社会强烈抗议联合国秘书长发表声明谴责以方行为违反国际法中东局势再添新变量 ,True,False,,-1,中性,0.8049092292785645,中性,0.8049092292785645
5298114101777051,#联合国副秘书长遭以色列扣留讯问#这个以色列，已经疯了，必须全球制裁。#谭点想法# ,1778681099,2026-05-13 14:04:59+08:00,0,0,0,1778652624202,https://m.weibo.cn/detail/5298114101777051,江苏,7126787359,谭浩俊微财经,m,https://m.weibo.cn/u/7126787359?launchid=10000360-page_H5,"https://tvax1.sinaimg.cn/crop.0.15.270.270.180/007MjgXdly8g2v0hxp7bvj307i09kdj8.jpg?KID=imgbed,tva&Expires=1778663404&ssig=Du9GGCvM9L",联合国副秘书长遭以色列扣留讯问,search_contents_2026-05-13.csv,search_post,,这个以色列已经疯了必须全球制裁 ,True,False,,-1,消极,0.8399025201797485,消极,0.8399025201797485
5298098541691630,前些年如火如荼的垃圾分类，怎么现在不垃圾分类了，原来是这样… 信信的微博视频 ,1778677389,2026-05-13 13:03:09+08:00,3264,325,241,1778652720026,https://m.weibo.cn/detail/5298098541691630,广东,6592181004,信信,m,https://m.weibo.cn/u/6592181004?launchid=10000360-page_H5,"https://tvax4.sinaimg.cn/crop.0.0.1080.1080.180/007c87q4ly8ia32ml3402j30u00u0792.jpg?KID=imgbed,tva&Expires=1778663510&ssig=608l0i6Y%2FC",怎么现在不垃圾分类了,search_contents_2026-05-13.csv,search_post,,前些年如火如荼的垃圾分类怎么现在不垃圾分类了原来是这样 信信的微博视频 ,True,False,最垃圾最扎心的是政策鼓吹开始小区居民认真分类结果风过去了有一天发现垃圾车来的时候全部混在一起拉走了 || 垃圾分类对大的得宜就是物业 他们节省了好多活儿 以前每层楼都有一个垃圾桶 业主只需要出门就可以扔垃圾 物业保洁每天也会清理干净 现在好了 所有人都必须要下楼才能扔垃圾 || 1100是不是更消耗能源了,-1,消极,0.724429726600647,消极,0.724429726600647
5298101801977159,#怎么现在不垃圾分类了#现在的垃圾不用分类了，因为我们有着强大先进的垃圾处理方式，混合垃圾直接送入专用焚烧炉，有机类燃烧用来发电，烧剩下的残渣用来制作建筑材料，固废利用利国利民，一条视频带你了解清楚 ,1778678166,2026-05-13 13:16:06+08:00,70,13,4,1778652720031,https://m.weibo.cn/detail/5298101801977159,天津,5818823863,远处守护你,f,https://m.weibo.cn/u/5818823863?launchid=10000360-page_H5,"https://tvax2.sinaimg.cn/crop.0.0.1080.1080.180/006lNbTNly8ibmr4prb7sj30u00u0abq.jpg?KID=imgbed,tva&Expires=1778663510&ssig=5rOXd%2B5Sv%2F",怎么现在不垃圾分类了,search_contents_2026-05-13.csv,search_post,,现在的垃圾不用分类了因为我们有着强大先进的垃圾处理方式混合垃圾直接送入专用焚烧炉有机类燃烧用来发电烧剩下的残渣用来制作建筑材料固废利用利国利民一条视频带你了解清楚 ,True,False,因为现在我们可以垃圾利用了 || 科技处理垃圾太厉害环保又实用 || 这科普太及时了垃圾处理确实进步了,-1,消极,0.4159712791442871,消极,0.4159712791442871
5298100688389017,#怎么现在不垃圾分类了#曾经轰轰烈烈的垃圾分类，为何如今“低调”了？真相藏着中国垃圾处理的硬核升级 提到垃圾分类，你是否还记得几年前全民参与的“轰轰烈烈”？如今它似乎淡出了公众热议的焦点，这并非是垃圾分类“搞不下去了”，恰恰相反，中国的垃圾处理已经完成了从“人海战术”到“科技+基建”的硬核升级，背后是一场关于垃圾的“财富转化”革命。 一、“垃圾荒”？焚烧厂产能跑赢了垃圾产生速度 很多人疑惑“垃圾分类为啥不火了”，其实是因为垃圾焚烧厂的建设速度太快太猛。数据显示，我国城市生活垃圾焚烧日处理能力已突破110万吨，这个数字超过了美国、欧洲、日本等发达国家的总和。如此规模的基建，也只有中国的“基建狂魔”属性能支撑。 但随之而来的是“幸福的烦恼”——垃圾产生速度跟不上焚烧厂的产能了。目前全国垃圾焚烧厂的平均产能利用率仅约60%，近一半的焚烧炉“吃不饱”。为了维持运营，焚烧厂甚至出现“抢垃圾”的奇观：从过去“产垃圾的小区给处理厂交钱”，变成现在华东地区“0元中标”——只要你把垃圾送来，处理厂免费帮你烧，只为让炉子保持运转。 二、垃圾分类的意义，在科技升级中换了形式 有人问：“既然都能烧，垃圾分类还有意义吗？”这恰恰体现了中国垃圾处理的科技智慧。中国垃圾有个“世界级难题”——含水率极高。咱中国人爱吃热菜喝汤，厨余垃圾里一半以上都是水，若直接焚烧，不仅火势不旺，还易产生剧毒的二噁英。 关键时刻，以杜祥婉院士为代表的科研团队出手了。他们用核工业级的高温热力学技术“降维打击”垃圾处理难题。如今的焚烧厂，技术水平不仅碾压国际标准，在有害物质排放控制上更是全球领先。 现在的焚烧炉“一点不挑食”，干湿垃圾通吃，不仅烧得干干净净，还能转化为稳定的电能。这就是为什么社区里监督垃圾分类的阿姨“不怎么查岗”了——科技已经悄悄把后端处理的难题解决了。 三、挖开“垃圾山”：变废为宝的中国炼金术 既然“新垃圾”不够烧，中国的“基建狂魔”又盯上了“旧账”——埋在地下的陈年垃圾。 在寸土寸金的深圳罗湖区，有一座封场20年、高达百米的“垃圾山”（玉龙填埋场）。2024年7月，深圳启动了一项震惊中外的工程：把这座垃圾山彻底挖开，变废为宝。 - 筛分出来的可燃物用于发电，每天能产340万度电，够8000个家庭用一个月；- 焚烧后的炉渣被加工成高硬度、低成本的环保砖，重回城市建设工地；- 最惊人的是，整座垃圾山清理后，腾出了近30万平方米的土地——在深圳核心地段，这无疑是“金山银山”。 四、从“全民咆哮”到“静默升级”，中国垃圾处理的底层逻辑变了 垃圾分类从“全民热议”到“低调推进”，本质是垃圾处理的逻辑从“人力主导”转向了“科技+基建主导”。 过去靠社区阿姨“盯梢”、靠全民学习分类规则，如今靠顶级工程师的智慧和国家基建的底气，把原本的环境包袱，硬生生转化为电力、建材、土地资源三大财富。 这种“把废物变成财富的炼金术”，是中国力量的生动体现——我们不仅在垃圾焚烧产能上“吊打”全球，更在资源循环利用上玩出了新花样。 所以，垃圾分类并非“不火了”，而是以更高效、更硬核的方式，融入了中国城市的“新陈代谢”。这背后的科技突破与基建实力，才是值得我们关注的。怎么现在不垃圾分类了 追着知识兔兔跑的微博视频,1778677901,2026-05-13 13:11:41+08:00,74,13,0,1778652720036,https://m.weibo.cn/detail/5298100688389017,内蒙古,2458493405,追着知识兔兔跑,f,https://m.weibo.cn/u/2458493405?luicode=20000061&lfid=5298100688389017&launchid=10000360-page_H5,"https://tvax4.sinaimg.cn/crop.0.0.1080.1079.180/9289a1ddly1i6y1t1h6p5j20u00tztce.jpg?KID=imgbed,tva&Expires=1778663510&ssig=7tgSoHxLCl",怎么现在不垃圾分类了,search_contents_2026-05-13.csv,search_post,,曾经轰轰烈烈的垃圾分类为何如今低调了真相藏着中国垃圾处理的硬核升级 提到垃圾分类你是否还记得几年前全民参与的轰轰烈烈如今它似乎淡出了公众热议的焦点这并非是垃圾分类搞不下去了恰恰相反中国的垃圾处理已经完成了从人海战术到科技基建的硬核升级背后是一场关于垃圾的财富转化革命 一垃圾荒焚烧厂产能跑赢了垃圾产生速度 很多人疑惑垃圾分类为啥不火了其实是因为垃圾焚烧厂的建设速度太快太猛数据显示我国城市生活垃圾焚烧日处理能力已突破110万吨这个数字超过了美国欧洲日本等发达国家的总和如此规模的基建也只有中国的基建狂魔属性能支撑 但随之而来的是幸福的烦恼垃圾产生速度跟不上焚烧厂的产能了目前全国垃圾焚烧厂的平均产能利用率仅约60近一半的焚烧炉吃不饱为了维持运营焚烧厂甚至出现抢垃圾的奇观从过去产垃圾的小区给处理厂交钱变成现在华东地区0元中标只要你把垃圾送来处理厂免费帮你烧只为让炉子保持运转 二垃圾分类的意义在科技升级中换了形式 有人问既然都能烧垃圾分类还有意义吗这恰恰体现了中国垃圾处理的科技智慧中国垃圾有个世界级难题含水率极高咱中国人爱吃热菜喝汤厨余垃圾里一半以上都是水若直接焚烧不仅火势不旺还易产生剧毒的二噁英 关键时刻以杜祥婉院士为代表的科研团队出手了他们用核工业级的高温热力学技术降维打击垃圾处理难题如今的焚烧厂技术水平不仅碾压国际标准在有害物质排放控制上更是全球领先 现在的焚烧炉一点不挑食干湿垃圾通吃不仅烧得干干净净还能转化为稳定的电能这就是为什么社区里监督垃圾分类的阿姨不怎么查岗了科技已经悄悄把后端处理的难题解决了 三挖开垃圾山变废为宝的中国炼金术 既然新垃圾不够烧中国的基建狂魔又盯上了旧账埋在地下的陈年垃圾 在寸土寸金的深圳罗湖区有一座封场20年高达百米的垃圾山玉龙填埋场2024年7月深圳启动了一项震惊中外的工程把这座垃圾山彻底挖开变废为宝  筛分出来的可燃物用于发电每天能产340万度电够8000个家庭用一个月 焚烧后的炉渣被加工成高硬度低成本的环保砖重回城市建设工地 最惊人的是整座垃圾山清理后腾出了近30万平方米的土地在深圳核心地段这无疑是金山银山 四从全民咆哮到静默升级中国垃圾处理的底层逻辑变了 垃圾分类从全民热议到低调推进本质是垃圾处理的逻辑从人力主导转向了科技基建主导 过去靠社区阿姨盯梢靠全民学习分类规则如今靠顶级工程师的智慧和国家基建的底气把原本的环境包袱硬生生转化为电力建材土地资源三大财富 这种把废物变成财富的炼金术是中国力量的生动体现我们不仅在垃圾焚烧产能上吊打全球更在资源循环利用上玩出了新花样 所以垃圾分类并非不火了而是以更高效更硬核的方式融入了中国城市的新陈代谢这背后的科技突破与基建实力才是值得我们关注的怎么现在不垃圾分类了 追着知识兔兔跑的微博视频,True,False,垃圾分类从热闹到科技中国在垃圾处理上大跨步啦 || 垃圾分类早已名存实亡 || 现在垃圾搞得乱七八糟,1,消极,0.7495511770248413,消极,0.7495511770248413
5298100872940055,#怎么现在不垃圾分类了#目前垃圾是怎么处理的？垃圾分类，回收利用才是保护环境重要方法措施。 星星-0909的微博视频 ,1778677945,2026-05-13 13:12:25+08:00,69,6,0,1778652720043,https://m.weibo.cn/detail/5298100872940055,中国台湾,6140609837,星星-0909,m,https://m.weibo.cn/u/6140609837?launchid=10000360-page_H5,"https://tvax4.sinaimg.cn/crop.0.0.1080.1080.180/006Hzn89ly8i95k427uexj30u00u0di2.jpg?KID=imgbed,tva&Expires=1778663510&ssig=MB4xUFTG1G",怎么现在不垃圾分类了,search_contents_2026-05-13.csv,search_post,,目前垃圾是怎么处理的垃圾分类回收利用才是保护环境重要方法措施 星星0909的微博视频 ,True,False,垃圾分类确实是是好事前几年还能看到推行现在看不到了 || 只是感觉呼声没之前高了 || 垃圾分类我觉得很重要,-1,中性,0.7630845904350281,中性,0.7630845904350281
5298099323143570,#怎么现在不垃圾分类了#不查不知道！原来是杜祥琬院士的技术革新，直接改变了中国垃圾处理的格局，环保发电两不误！ 高小卷-的微博视频 ,1778677575,2026-05-13 13:06:15+08:00,40,9,3,1778652720053,https://m.weibo.cn/detail/5298099323143570,北京,1771906402,高小卷-,f,https://m.weibo.cn/u/1771906402?launchid=10000360-page_H5,"https://tvax2.sinaimg.cn/crop.0.0.1080.1080.180/699d2562ly8hfwv650vvej20u00u0dh6.jpg?KID=imgbed,tva&Expires=1778663510&ssig=aFHqiXF%2Btn",怎么现在不垃圾分类了,search_contents_2026-05-13.csv,search_post,,不查不知道原来是杜祥琬院士的技术革新直接改变了中国垃圾处理的格局环保发电两不误 高小卷的微博视频 ,True,False,矿泉水瓶子我得卖钱 不能当垃圾 || 国内生活垃圾的确已经解决的很完善了下一步就是建筑垃圾 || 垃圾处理好了空气污染严重天气都变得不正常了全靠人工科技下雨,1,中性,0.3964026570320129,中性,0.3964026570320129
5298097949511305,#怎么现在不垃圾分类了#为什么以前轰轰烈烈的垃圾分类，现在很少听见消息了？一个视频告诉你！以前是我们是硬烧，结果燃烧效率不高，太湿了。外国炉子不适合咱们，咱们自己做了一个，现在是一边烧一边烘干。还有加油加煤粉助燃，完美解决了问题😄科普丨知识分享丨垃圾分类 雾港柏铃的微博视频 ,1778677248,2026-05-13 13:00:48+08:00,123,15,3,1778652720057,https://m.weibo.cn/detail/5298097949511305,辽宁,5476998756,雾港柏铃,f,https://m.weibo.cn/u/5476998756?launchid=10000360-page_H5,"https://tvax4.sinaimg.cn/crop.0.0.1080.1080.180/005YEVzCly8ianydc6sctj30u00u0q60.jpg?KID=imgbed,tva&Expires=1778663510&ssig=MgAwnTv72U",怎么现在不垃圾分类了,search_contents_2026-05-13.csv,search_post,,为什么以前轰轰烈烈的垃圾分类现在很少听见消息了一个视频告诉你以前是我们是硬烧结果燃烧效率不高太湿了外国炉子不适合咱们咱们自己做了一个现在是一边烧一边烘干还有加油加煤粉助燃完美解决了问题科普丨知识分享丨垃圾分类 雾港柏铃的微博视频 ,True,False,你还记得垃圾要如何分类吗 || 我们已经不用这样了升级了 || 垃圾真的要分类好一些,1,消极,0.6154417991638184,消极,0.6154417991638184
5298101910504189,#怎么现在不垃圾分类了#其实是垃圾都不够用了真的没想到会有这么一天啊 ,1778678192,2026-05-13 13:16:32+08:00,103,18,3,1778652720062,https://m.weibo.cn/detail/5298101910504189,安徽,6336566650,可是他总把爱轻描淡写,m,https://m.weibo.cn/u/6336566650?launchid=10000360-page_H5,"https://tvax2.sinaimg.cn/crop.0.0.1080.1080.180/006UPArUly8id36ffo3xjj30u00u0758.jpg?KID=imgbed,tva&Expires=1778663510&ssig=5CzXbh8RGc",怎么现在不垃圾分类了,search_contents_2026-05-13.csv,search_post,,其实是垃圾都不够用了真的没想到会有这么一天啊 ,True,False,你知道现在垃圾不够用了吗 || 你现在还会垃圾分类吗 || 以前谁会想到还有这一天,1,消极,0.8605062365531921,消极,0.8605062365531921
5298014740021447,关于近期大家关心我们的收入问题我澄清一下1. 网上说的我们借钱周转，贷款拍摄，我送外卖，夏天拧螺丝，我曾去工地搬水泥都是谣言。劳动光荣，只是我们确实没有做过这些。拍摄《逃出大英博物馆》也是我们自费的，没有借钱拍摄啊啊啊啊，还有我蹲过橘子是什么👻啊哈哈哈2. 网传《enemy》5000一集的制作成本，也是谣言… 我们和制片组看到好想哭，我们拍摄的成本都是非常高的。而且我们现阶段基本非必要不熬夜（因为收工后我还要整理第二天的分镜规划拍摄内容等几个小时的工作量），不肝团队，（我只肝我自己）。拍摄配置也是按照剧组规格来，已经具备一定的影视工业化了，团队辗转的差旅就六位数了，第一季的成本是花费要高很多很多很多很多很多。3. 当时我们发收益截图只是看到有网友说，我们“平时发这么多作品，光是播放量就能赚几百万了”。    所以上次发博我说的是，“有部分网友说我们播放量变现会很多，还有收到打赏很多”，为了澄清这个谣言而放出的纯播放量收益截图和打赏收益截图而已，不是一共才赚两千块，还是有一些合集收益能回一些成本的。4. “剧组吃饭都得精打细算”也是谣言，我们剧组伙食还不错的…从不压榨…（有没有吃过的群演朋友或者工作人员可以证明一下 哈哈哈）5. 我们发那篇微博，一是澄清我们非常赚钱的谣言，二是中长剧的费用确实很高，是和大家探寻一下更好的有机创作，更不消耗创作时间的办法。并非哭穷，也不是公司要难以为继了，我们靠接商单还是可以养活自己的，大家不用太担心我们。6. 坦然地说，中长剧的预算是不够的，但我们还是不接受赠予或者打赏哈。这应该也是我们关于经费的最后一次回应了。我们相信劳动，相信用观众喜爱的好的作品，是可以换取我们的创作资金的。我们也会不断探索更好的创作方法，更加努力地加油做出大家喜爱的作品，谢谢大家一直以来的支持！#煎饼夏天 enemy#煎饼果仔,1778657409,2026-05-13 07:30:09+08:00,36087,993,336,1778652792146,https://m.weibo.cn/detail/5298014740021447,贵州,6304429250,煎饼果仔-张问初,m,https://m.weibo.cn/u/6304429250?luicode=20000061&lfid=5298014740021447&launchid=10000360-page_H5,"https://tvax3.sinaimg.cn/crop.0.0.1080.1080.180/006SEK2Kly8gsgg58tw9yj30u00u0wgw.jpg?KID=imgbed,tva&Expires=1778663585&ssig=H88pe2gnDj",煎饼果仔澄清收入问题,search_contents_2026-05-13.csv,search_post,,关于近期大家关心我们的收入问题我澄清一下1 网上说的我们借钱周转贷款拍摄我送外卖夏天拧螺丝我曾去工地搬水泥都是谣言劳动光荣只是我们确实没有做过这些拍摄逃出大英博物馆也是我们自费的没有借钱拍摄啊啊啊啊还有我蹲过橘子是什么啊哈哈哈2 网传enemy5000一集的制作成本也是谣言 我们和制片组看到好想哭我们拍摄的成本都是非常高的而且我们现阶段基本非必要不熬夜因为收工后我还要整理第二天的分镜规划拍摄内容等几个小时的工作量不肝团队我只肝我自己拍摄配置也是按照剧组规格来已经具备一定的影视工业化了团队辗转的差旅就六位数了第一季的成本是花费要高很多很多很多很多很多3 当时我们发收益截图只是看到有网友说我们平时发这么多作品光是播放量就能赚几百万了    所以上次发博我说的是有部分网友说我们播放量变现会很多还有收到打赏很多为了澄清这个谣言而放出的纯播放量收益截图和打赏收益截图而已不是一共才赚两千块还是有一些合集收益能回一些成本的4 剧组吃饭都得精打细算也是谣言我们剧组伙食还不错的从不压榨有没有吃过的群演朋友或者工作人员可以证明一下 哈哈哈5 我们发那篇微博一是澄清我们非常赚钱的谣言二是中长剧的费用确实很高是和大家探寻一下更好的有机创作更不消耗创作时间的办法并非哭穷也不是公司要难以为继了我们靠接商单还是可以养活自己的大家不用太担心我们6 坦然地说中长剧的预算是不够的但我们还是不接受赠予或者打赏哈这应该也是我们关于经费的最后一次回应了我们相信劳动相信用观众喜爱的好的作品是可以换取我们的创作资金的我们也会不断探索更好的创作方法更加努力地加油做出大家喜爱的作品谢谢大家一直以来的支持煎饼果仔,True,False,煎饼抖上的付费开通收益平台是收你们一半吗 || 老大怎么又发了一遍 || 完全胡说来的来澄清一下老大的盒饭真的很好吃,1,中性,0.6355609893798828,中性,0.6355609893798828
5298072151132220,煎饼果仔澄清收入问题真是人红是非多啊，但真诚的人不该被辜负，大家一起多多支持这个煎饼果仔和夏天妹妹吧 ,1778671097,2026-05-13 11:18:17+08:00,132,17,6,1778652792149,https://m.weibo.cn/detail/5298072151132220,湖南,7578955731,天行市颜担,f,https://m.weibo.cn/u/7578955731?launchid=10000360-page_H5,"https://tvax2.sinaimg.cn/crop.0.0.1080.1080.180/008gUwBtly8id3ie4cxx7j30u00u0n23.jpg?KID=imgbed,tva&Expires=1778663585&ssig=NT49QU88ws",煎饼果仔澄清收入问题,search_contents_2026-05-13.csv,search_post,,煎饼果仔澄清收入问题真是人红是非多啊但真诚的人不该被辜负大家一起多多支持这个煎饼果仔和夏天妹妹吧 ,True,False,这个其实真不挣钱,1,积极,0.9459434747695924,积极,0.9459434747695924
5298064365716403,#煎饼果仔澄清收入问题#煎饼果仔辟谣，拒绝标题党澄清创作真相 多多关注作品本身 enemy真的是一部很好的作品真的很喜欢他们啊 夏天煎饼：两个热血笨蛋，两个真诚又努力的创作者 两个人真的太厉害了 要一直做下去啊#煎饼果仔辟谣enemy一集成本5千# ,1778669241,2026-05-13 10:47:21+08:00,162,28,1,1778652792152,https://m.weibo.cn/detail/5298064365716403,广东,6303512057,展信映云轩,f,https://m.weibo.cn/u/6303512057?launchid=10000360-page_H5,"https://tvax1.sinaimg.cn/crop.0.0.974.974.180/006SATrjly8iciy71ia2vj30r20r2t9o.jpg?KID=imgbed,tva&Expires=1778663585&ssig=ahgIUihTcK",煎饼果仔澄清收入问题,search_contents_2026-05-13.csv,search_post,,煎饼果仔辟谣拒绝标题党澄清创作真相 多多关注作品本身 enemy真的是一部很好的作品真的很喜欢他们啊 夏天煎饼两个热血笨蛋两个真诚又努力的创作者 两个人真的太厉害了 要一直做下去啊 ,True,False,大家喜欢这部作品吗 || 这么优秀的视频就不要关注创作者了吧 || 煎饼果仔太棒了,1,积极,0.9761217832565308,积极,0.9761217832565308
5298079154832927,#煎饼果仔澄清收入问题#煎饼已经回应啦 大家就不要再曲解两人的意思啦 谣言止于智者 收益肯定不止一个收入来源 期待Enemy的续作吧 ,1778672767,2026-05-13 11:46:07+08:00,81,23,0,1778652792154,https://m.weibo.cn/detail/5298079154832927,广东,7613482183,淡味_xy,f,https://m.weibo.cn/u/7613482183?launchid=10000360-page_H5,"https://tvax3.sinaimg.cn/crop.0.0.1080.1080.180/008jfovJly8ickjddmlxfj30u00u0gpc.jpg?KID=imgbed,tva&Expires=1778663585&ssig=n3PojJKOSw",煎饼果仔澄清收入问题,search_contents_2026-05-13.csv,search_post,,煎饼已经回应啦 大家就不要再曲解两人的意思啦 谣言止于智者 收益肯定不止一个收入来源 期待Enemy的续作吧 ,True,False,好哒知道啦 || 不要曲解人家的意思啊,1,中性,0.4526214897632599,中性,0.4526214897632599
5298078007429820,#煎饼果仔澄清收入问题#我真觉得没必要过度揣测煎饼果仔的收入，人家就是安安心心做原创短剧的创作者而已。现在网上就这样，只要谁作品火了，立马就有人开始瞎猜收入，不是吹成一夜暴富，就是强行给人安上悲情人设。其实做这种小团队创作成本一点都不低，人员、道具、拍摄后期到处都要花钱。他这次出来澄清，就是想堵住各种离谱谣言，自己有正常收益，但没有大家想的那么夸张，踏踏实实做事，靠正经合作赚钱，不靠卖惨博同情，真的挺实在的。#一分钟精选视频扶持计划# 煎饼果仔澄清收入问题 热剧抢先看的微博视频,1778672493,2026-05-13 11:41:33+08:00,139,52,3,1778652792156,https://m.weibo.cn/detail/5298078007429820,北京,5100547430,热剧抢先看,f,https://m.weibo.cn/u/5100547430?luicode=20000061&lfid=5298078007429820&launchid=10000360-page_H5,"https://tvax3.sinaimg.cn/crop.0.0.995.995.180/005zbno2ly8h8v8uhh24tj30rn0rnmza.jpg?KID=imgbed,tva&Expires=1778663589&ssig=9L%2Bcsv4Xqh",煎饼果仔澄清收入问题,search_contents_2026-05-13.csv,search_post,,我真觉得没必要过度揣测煎饼果仔的收入人家就是安安心心做原创短剧的创作者而已现在网上就这样只要谁作品火了立马就有人开始瞎猜收入不是吹成一夜暴富就是强行给人安上悲情人设其实做这种小团队创作成本一点都不低人员道具拍摄后期到处都要花钱他这次出来澄清就是想堵住各种离谱谣言自己有正常收益但没有大家想的那么夸张踏踏实实做事靠正经合作赚钱不靠卖惨博同情真的挺实在的 煎饼果仔澄清收入问题 热剧抢先看的微博视频,True,False,逃出大英博物馆入坑enemy又再次感动的稀里糊涂 || 夏天妹妹一直在看他全是欣赏 || 也不要乱猜测啦,1,消极,0.8427286744117737,消极,0.8427286744117737
5298112138838335,#煎饼果仔澄清收入问题# 救命啊！跪求大家进我的主页看看吧！救命！！ ,1778680630,2026-05-13 13:57:10+08:00,1,0,0,1778652792158,https://m.weibo.cn/detail/5298112138838335,福建,3020076951,Yiyimamamaaaa,f,https://m.weibo.cn/u/3020076951?launchid=10000360-page_H5,"https://tvax3.sinaimg.cn/crop.0.0.500.500.180/b402b797ly8id3sh2163yj20dw0dwjsh.jpg?KID=imgbed,tva&Expires=1778663585&ssig=mnCwQSjID9",煎饼果仔澄清收入问题,search_contents_2026-05-13.csv,search_post,, 救命啊跪求大家进我的主页看看吧救命 ,True,False,,0,中性,0.4696254134178161,中性,0.4696254134178161
5298108086880541,#煎饼果仔澄清收入问题#人家创作都是精品，赚点也没什么吧？人家创作剪辑和剧本都不知道比内娱强多少了 ,1778679665,2026-05-13 13:41:05+08:00,0,0,0,1778652792160,https://m.weibo.cn/detail/5298108086880541,湖北,7508008068,_小丞煲仔饭_,f,https://m.weibo.cn/u/7508008068?launchid=10000360-page_H5,"https://tvax4.sinaimg.cn/crop.0.0.1080.1080.180/008c6PSkly8ict9zv6jymj30u00u076c.jpg?KID=imgbed,tva&Expires=1778663585&ssig=gjaxCJ2V71",煎饼果仔澄清收入问题,search_contents_2026-05-13.csv,search_post,,人家创作都是精品赚点也没什么吧人家创作剪辑和剧本都不知道比内娱强多少了 ,True,False,,1,消极,0.7909667491912842,消极,0.7909667491912842
5298104162323604,#煎饼果仔澄清收入问题# 我知道人红是非多，但造谣收入的还是第一次见哈 ,1778678729,2026-05-13 13:25:29+08:00,0,0,0,1778652792162,https://m.weibo.cn/detail/5298104162323604,江西,4040385037,煦xuli,f,https://m.weibo.cn/u/4040385037?launchid=10000360-page_H5,"https://tvax4.sinaimg.cn/crop.0.0.1080.1080.180/f0d3620dly8icfkg5uyiej20u00u0myh.jpg?KID=imgbed,tva&Expires=1778663585&ssig=ewDZlp3uQH",煎饼果仔澄清收入问题,search_contents_2026-05-13.csv,search_post,, 我知道人红是非多但造谣收入的还是第一次见哈 ,True,False,,0,消极,0.7509468793869019,消极,0.7509468793869019
5298052971107760,#黄仁勋年薪缩水近一个亿# 【#黄仁勋年薪约2.47亿元#】当地时间5月12日，英伟达向美国SEC提交的2026财年委托书（DEF 14A）文件显示，截至2026年1月25日的财年内，黄仁勋总薪酬为3630万美元（约合2.47亿元人民币），较2025财年的4990万美元减少了1360万美元（约合9237万元人民币），显著下滑约27%。(每经） 每日经济新闻的微博视频,1778666524,2026-05-13 10:02:04+08:00,956,127,99,1778652900904,https://m.weibo.cn/detail/5298052971107760,,1649173367,每日经济新闻,m,https://m.weibo.cn/u/1649173367?luicode=20000061&lfid=5298052971107760&launchid=10000360-page_H5,"https://tvax1.sinaimg.cn/crop.0.0.600.600.180/001NBLkrly8h8viaqqljmj60go0gomxj02.jpg?KID=imgbed,tva&Expires=1778663678&ssig=co8XXc4KjM",黄仁勋年薪约2.47亿元,search_contents_2026-05-13.csv,search_post,, 当地时间5月12日英伟达向美国SEC提交的2026财年委托书DEF 14A文件显示截至2026年1月25日的财年内黄仁勋总薪酬为3630万美元约合247亿元人民币较2025财年的4990万美元减少了1360万美元约合9237万元人民币显著下滑约27每经 每日经济新闻的微博视频,True,False,评论区普遍认为黄仁勋247亿元年薪只是零花钱其真正财富源自持有的英伟达巨额股权约占总缩水额90以上网友对比国内高管薪资调侃贫富差距自嘲打工人整体氛围理性幽默未陷入仇富情绪查看最新戳gt微博智搜 || 不高NBA球星都五千万一年了 || 他实际得到的岂止是这点儿年薪这点儿钱对他来说都可以忽略不计了,1,中性,0.7230746150016785,中性,0.7230746150016785
5298108563196402,#黄仁勋年薪约2.47亿元#难怪老黄急着跟懂王来访，薪资都缩水了，一天只能入帐80万人民币，可不急吗。主要还是想卖库存的H200，希望我们坚持原则国产替代，不要一见面就送大礼，出尔反尔的老美转头就制裁。 ,1778679778,2026-05-13 13:42:58+08:00,118,16,7,1778652900911,https://m.weibo.cn/detail/5298108563196402,山东,1824575681,手握科技,m,https://m.weibo.cn/u/1824575681?launchid=10000360-page_H5,"https://tvax1.sinaimg.cn/crop.0.0.1080.1080.180/6cc0d0c1ly8h0s1fmn8d3j20u00u0gmw.jpg?KID=imgbed,tva&Expires=1778663677&ssig=pBhqL7HswM",黄仁勋年薪约2.47亿元,search_contents_2026-05-13.csv,search_post,,难怪老黄急着跟懂王来访薪资都缩水了一天只能入帐80万人民币可不急吗主要还是想卖库存的H200希望我们坚持原则国产替代不要一见面就送大礼出尔反尔的老美转头就制裁 ,True,False,所以他来到底是来干麻的呢 || 我们一起支持国产无可替代的 || 年薪缩水也日入80万急的是卡脖子,1,消极,0.8178964853286743,消极,0.8178964853286743
5298091389619386,#黄仁勋年薪约2.47亿元#“想要成就非凡，就要忍受艰辛” 牛魔旗手的微博视频 ,1778675684,2026-05-13 12:34:44+08:00,493,99,10,1778652900917,https://m.weibo.cn/detail/5298091389619386,广西,3819395475,牛魔旗手,m,https://m.weibo.cn/u/3819395475?launchid=10000360-page_H5,"https://tvax1.sinaimg.cn/crop.228.0.1080.1080.180/e3a75993ly8i2re35kfqlj216o0u0djy.jpg?KID=imgbed,tva&Expires=1778663677&ssig=cQb0dJYpYA",黄仁勋年薪约2.47亿元,search_contents_2026-05-13.csv,search_post,,想要成就非凡就要忍受艰辛 牛魔旗手的微博视频 ,True,False,吃得苦中苦方为人上人,-1,积极,0.6061309576034546,积极,0.6061309576034546
5298098180195747,#黄仁勋年薪约2.47亿元#截至2026年1月25日的财年内，黄仁勋总薪酬为3630万美元（约合2.47亿元人民币），下滑约27%按照365天计算，日均收入67.7万元人民币 ,1778677303,2026-05-13 13:01:43+08:00,41,37,2,1778652900922,https://m.weibo.cn/detail/5298098180195747,广东,1866792355,科技喵,f,https://m.weibo.cn/u/1866792355?launchid=10000360-page_H5,"https://tva3.sinaimg.cn/crop.0.0.1080.1080.180/6f44fda3jw8ecsf5n8w2mj20u00u03zd.jpg?KID=imgbed,tva&Expires=1778663677&ssig=f9rq1QI2HS",黄仁勋年薪约2.47亿元,search_contents_2026-05-13.csv,search_post,,截至2026年1月25日的财年内黄仁勋总薪酬为3630万美元约合247亿元人民币下滑约27按照365天计算日均收入677万元人民币 ,True,False,下滑还这么多了 || 和我没关系,1,中性,0.5828708410263062,中性,0.5828708410263062
5298108020035253,#黄仁勋搭空军一号随特朗普访华##黄仁勋年薪约2.47亿元#显卡批发黄总，临上飞机才被补进访华名单！之前网传有他，正式名单又删了结果出发前硬是加了回来～之前不是放话高端芯片不卖中国吗？现实很诚实：地球离了谁都照样转！咱们也不要抱太大期望放平心态，稳步向前，核心技术握在自己手里，才不被任何人、任何势力卡脖子！自主可控，才是真正的硬底气！,1778679649,2026-05-13 13:40:49+08:00,46,3,0,1778652900923,https://m.weibo.cn/detail/5298108020035253,广东,1792361004,上海刘岳阳,m,https://m.weibo.cn/u/1792361004?luicode=20000061&lfid=5298108020035253&launchid=10000360-page_H5,"https://tvax3.sinaimg.cn/crop.0.0.500.500.180/6ad5422cly8hbv1t3c0shj20dw0dwq39.jpg?KID=imgbed,tva&Expires=1778663684&ssig=%2B0n1dKIe6j",黄仁勋年薪约2.47亿元,search_contents_2026-05-13.csv,search_post,,显卡批发黄总临上飞机才被补进访华名单之前网传有他正式名单又删了结果出发前硬是加了回来之前不是放话高端芯片不卖中国吗现实很诚实地球离了谁都照样转咱们也不要抱太大期望放平心态稳步向前核心技术握在自己手里才不被任何人任何势力卡脖子自主可控才是真正的硬底气,True,False,图片豆包生成仅供娱乐 || 半个多月吃了个40点去微博看的 岳丁河已經好几个月都是30个点起步了太稳了只要跟上就行了dsafgf,1,消极,0.5804947018623352,消极,0.5804947018623352
5298094201898291,#黄仁勋年薪约2.47亿元#缩水27%！AI龙头薪酬与股价同步“降温”💸 当地时间5月12日，英伟达向美国SEC递交2026财年委托书（DEF 14A），薪酬数据正式曝光 ：  2026财年总薪酬：3630万美元（约2.47亿元人民币）2025财年：4990万美元 同比减少：1360万美元（约9237万元人民币） 降幅：27%  薪酬结构拆解：股票奖励是重灾区  股权奖励：2480万美元（-36%，较上年3880万美元大减），占缩水总额90%+  基本工资：150万美元（基本持平） 非股权激励：600万美元（与上年持平）  背后真相：英伟达涨势放缓，AI高位降温 薪酬缩水与股价走势高度共振：  2023年：英伟达股价**+200%+** 2024年：再度翻倍2025年：涨幅收窄至39% 2026年至今：+18%，在芯片巨头中表现偏弱 AI算力“超级周期”边际减弱，资金从高位科技赛道分流，龙头薪酬率先“体感降温”。 网友热议： “一天顶我干一辈子，降27%也还是天文数字…”“AI退潮，老板先降薪，行业拐点信号？”“基本工资十年不涨，全靠股权，这才是顶级打工人！”,1778676354,2026-05-13 12:45:54+08:00,62,45,4,1778652900925,https://m.weibo.cn/detail/5298094201898291,上海,6081242334,侯卫东88,m,https://m.weibo.cn/u/6081242334?luicode=20000061&lfid=5298094201898291&launchid=10000360-page_H5,"https://tvax4.sinaimg.cn/crop.0.0.1080.1080.180/006DygVMly8ib0m19k9pxj30u00u0gqz.jpg?KID=imgbed,tva&Expires=1778663687&ssig=jzaxguSomX",黄仁勋年薪约2.47亿元,search_contents_2026-05-13.csv,search_post,,缩水27AI龙头薪酬与股价同步降温 当地时间5月12日英伟达向美国SEC递交2026财年委托书DEF 14A薪酬数据正式曝光   2026财年总薪酬3630万美元约247亿元人民币2025财年4990万美元 同比减少1360万美元约9237万元人民币 降幅27  薪酬结构拆解股票奖励是重灾区  股权奖励2480万美元36较上年3880万美元大减占缩水总额90  基本工资150万美元基本持平 非股权激励600万美元与上年持平  背后真相英伟达涨势放缓AI高位降温 薪酬缩水与股价走势高度共振  2023年英伟达股价200 2024年再度翻倍2025年涨幅收窄至39 2026年至今18在芯片巨头中表现偏弱 AI算力超级周期边际减弱资金从高位科技赛道分流龙头薪酬率先体感降温 网友热议 一天顶我干一辈子降27也还是天文数字AI退潮老板先降薪行业拐点信号基本工资十年不涨全靠股权这才是顶级打工人,True,False,兄弟姐妹们侯总分享的博敏电子涨停有图有真相战绩可查侯总高兴现在可以申请进群交流参考抄作业志远同道会9群,1,中性,0.4540867507457733,中性,0.4540867507457733
5298093056329549,#黄仁勋年薪约2.47亿元#月：2055万天：67万时：2.8万分：469元秒：7块8单位都是人民币 ,1778676081,2026-05-13 12:41:21+08:00,9,4,1,1778652900926,https://m.weibo.cn/detail/5298093056329549,北京,1889626404,安磊,m,https://m.weibo.cn/u/1889626404?launchid=10000360-page_H5,"https://tvax1.sinaimg.cn/crop.0.0.1080.1080.180/70a16924ly8iaxlf6co2jj20u00u0q4z.jpg?KID=imgbed,tva&Expires=1778663677&ssig=ihgpnEt5Lb",黄仁勋年薪约2.47亿元,search_contents_2026-05-13.csv,search_post,,月2055万天67万时28万分469元秒7块8单位都是人民币 ,True,False,看完这几个字    回复完这条评论   他已经挣了70 80了,1,中性,0.53057461977005,中性,0.53057461977005
5298029458359029,#阿娇 短剧#长剧行情不好，女神也来拍短剧？最近阿娇官宣演短剧《风声之双生谜局》，直接把网友看懵了。堂堂港圈女神，怎么也开始卷进竖屏赛道了，李连杰去拍短剧我能接受，叶璇拍短剧我也能接受，但是阿娇去拍短剧我真的接受不了，她要什么有什么，颜值，演技，无可挑剔，她都没戏拍了吗？虽然这次演的是电影改编版《风声》，阵容强大，但是短剧拍不出高质量的内容，她又不缺钱，干嘛要去拍，真不知道她是图什么？,1778660918,2026-05-13 08:28:38+08:00,3304,354,87,1778653085843,https://m.weibo.cn/detail/5298029458359029,江西,7460441455,体界小生,f,https://m.weibo.cn/u/7460441455?luicode=20000061&lfid=5298029458359029&launchid=10000360-page_H5,"https://tvax4.sinaimg.cn/crop.0.0.1079.1079.180/0088TfCTly8i45qeellilj30tz0u03z8.jpg?KID=imgbed,tva&Expires=1778663876&ssig=jIyUtZfy0c",阿娇 短剧,search_contents_2026-05-13.csv,search_post,,长剧行情不好女神也来拍短剧最近阿娇官宣演短剧风声之双生谜局直接把网友看懵了堂堂港圈女神怎么也开始卷进竖屏赛道了李连杰去拍短剧我能接受叶璇拍短剧我也能接受但是阿娇去拍短剧我真的接受不了她要什么有什么颜值演技无可挑剔她都没戏拍了吗虽然这次演的是电影改编版风声阵容强大但是短剧拍不出高质量的内容她又不缺钱干嘛要去拍真不知道她是图什么,True,False,拍短剧轻松工作不累来钱还快时间有短为什么不拍 || 真的是太令人震惊了 || 这个确实很不错呀,3,消极,0.7808634638786316,消极,0.7808634638786316
5296273468951045,解馋小零食DIY🍴谁能拒绝一块低负担曲奇呢🍪#潼学录# #一起过春天# 鍾欣潼的微博视频 ,1778242258,2026-05-08 12:10:58+08:00,8159,14290,14380,1778653085847,https://m.weibo.cn/detail/5296273468951045,上海,1733838873,鍾欣潼,f,https://m.weibo.cn/u/1733838873?launchid=10000360-page_H5,"https://tvax4.sinaimg.cn/crop.0.0.512.512.180/67584819ly8fe50jjnijkj20e80e83zc.jpg?KID=imgbed,tva&Expires=1778663875&ssig=jzeuF8Z3ng",阿娇 短剧,search_contents_2026-05-13.csv,search_post,,解馋小零食DIY谁能拒绝一块低负担曲奇呢  鍾欣潼的微博视频 ,True,False,那谁又能拒绝一个会做曲奇的漂亮宝贝 || 姐姐做的小曲奇看起来好好吃呀言外之意就是俺想尝尝姐姐做的小曲奇 || 那个美丽漂亮的姐姐我也想吃你做的小曲奇,-1,积极,0.5036990642547607,积极,0.5036990642547607
5298056834848173,#阿娇 短剧#女神也去拍短剧了叫《风声之双生谜局》，感觉现在很多明星都转去拍短剧了，这个行业真的越来越卷了，希望她和阿sa都越来越好吧 ,1778667445,2026-05-13 10:17:25+08:00,85,14,0,1778653085849,https://m.weibo.cn/detail/5298056834848173,上海,6206851712,-玫瑰恋暃-,f,https://m.weibo.cn/u/6206851712?launchid=10000360-page_H5,"https://tvax2.sinaimg.cn/crop.0.0.1080.1080.180/006M3jFuly8id1li7pzz5j30u00u077w.jpg?KID=imgbed,tva&Expires=1778663875&ssig=EFYWCvX%2Fup",阿娇 短剧,search_contents_2026-05-13.csv,search_post,,女神也去拍短剧了叫风声之双生谜局感觉现在很多明星都转去拍短剧了这个行业真的越来越卷了希望她和阿sa都越来越好吧 ,True,False,现在短剧质量也越来越高了 || 挺喜欢她的性格演技也在线 || 我去这张脸直接降维打击,3,积极,0.6495137214660645,积极,0.6495137214660645
5298031457209627,#阿娇 短剧#阿娇也去红果演短剧了，短剧名叫《风声之双生迷局》，看了一下是双女主民国剧，两人互穿灵魂，剧情设定还挺有意思的，还挺想看的，就是怎么还没有上线啊？ ,1778661395,2026-05-13 08:36:35+08:00,2756,185,90,1778653085851,https://m.weibo.cn/detail/5298031457209627,湖北,6569466125,CCS滋滋,f,https://m.weibo.cn/u/6569466125?launchid=10000360-page_H5,"https://tvax4.sinaimg.cn/crop.0.0.540.540.180/007aAOf3ly8i3ex45l0daj30f00f0dg8.jpg?KID=imgbed,tva&Expires=1778663875&ssig=1Sa5liXCxS",阿娇 短剧,search_contents_2026-05-13.csv,search_post,,阿娇也去红果演短剧了短剧名叫风声之双生迷局看了一下是双女主民国剧两人互穿灵魂剧情设定还挺有意思的还挺想看的就是怎么还没有上线啊 ,True,False,英皇都落魄了吗阿娇都去演短剧了 || 现在这么多明星去短剧咯 || 现在短剧质量真的越做越好了,3,积极,0.9181296229362488,积极,0.9181296229362488
5297826012594945,阿娇正式加盟红果短剧 新剧双女阵容虐哭众人！ ,1778612413,2026-05-12 19:00:13+08:00,108,14,2,1778653085855,https://m.weibo.cn/detail/5297826012594945,福建,7874454388,忻月的故事,f,https://m.weibo.cn/u/7874454388?launchid=10000360-page_H5,"https://tvax1.sinaimg.cn/crop.0.1.1078.1078.180/008AUpiQly8ibpbl5hznwj30ty0u0ju7.jpg?KID=imgbed,tva&Expires=1778663875&ssig=xJEBwzNUtb",阿娇 短剧,search_contents_2026-05-13.csv,search_post,,阿娇正式加盟红果短剧 新剧双女阵容虐哭众人 ,True,False,英皇是真缺钱现在1万一天的都让她拍了现在英皇是往死里让艺人不停歇 || 她竟然去演短剧了,3,积极,0.962344527244568,积极,0.962344527244568
5298040585324143,万万没想到，45岁阿娇居然靠短剧“杀”回顶流了什么？阿娇都去演短剧了？这部叫《风声之双生谜局》的剧是阿娇的首部短剧作品。改编自麦家的经典谍战小说《风声》，但这次直接加了“重生+灵魂互换”的设定。阿娇演的地下党员李宁玉牺牲后重生，和毛晓慧演的顾小梦互换了灵魂，两个人被迫用对方的身份重回裘庄密室，联手追查内鬼“黄雀”。也就是说，阿娇在这部剧里要一个人演两个角色，既要演出李宁玉那种清冷隐忍、智商爆表的天才特工，又要模仿顾小梦那种骄纵任性、咋咋呼呼的大小姐脾气。看了预告，她切换得还真挺自然的，眼神戏特别到位，完全没有之前被吐槽的面瘫感。让人惊喜的是制作班底，居然是《狂飙》的出品方留白影视操刀，还有《长安十二时辰》的监制曹盾坐镇。服化道直接对标电影级，阿娇的民国旗袍造型真的绝了，清冷骨相配着复古旗袍，破碎感拉满，被网友夸是“建模级神颜”。配角也都是熟脸，张天阳、那志东这些长剧实力派都来了，被称为全员熟脸的顶配阵容。有人担心加了灵魂互换这种奇幻元素会毁了原著的严肃性。但从目前的反馈来看，大部分人都觉得这个设定反而让剧情更有悬念了，快节奏的反转特别适合短剧的观看习惯。这部剧4月中旬已经在红果短剧APP上线了，据说上线24小时播放量就破亿了。现在第二季都已经在筹备了，看来阿娇这次是真的找对路子了。这两年越来越多实力派演员开始进军短剧市场，这也说明短剧正在摆脱粗制滥造的标签，朝着精品化的方向发展。#阿娇 短剧# 妮说体育的微博视频,1778663571,2026-05-13 09:12:51+08:00,220,14,3,1778653085859,https://m.weibo.cn/detail/5298040585324143,广东,7678555228,妮说体育,m,https://m.weibo.cn/u/7678555228?luicode=20000061&lfid=5298040585324143&launchid=10000360-page_H5,"https://tvax3.sinaimg.cn/crop.0.0.557.557.180/008nEqYYly8hihfmd4oocj30fh0fhjs7.jpg?KID=imgbed,tva&Expires=1778663879&ssig=iQPCpGgLk3",阿娇 短剧,search_contents_2026-05-13.csv,search_post,,万万没想到45岁阿娇居然靠短剧杀回顶流了什么阿娇都去演短剧了这部叫风声之双生谜局的剧是阿娇的首部短剧作品改编自麦家的经典谍战小说风声但这次直接加了重生灵魂互换的设定阿娇演的地下党员李宁玉牺牲后重生和毛晓慧演的顾小梦互换了灵魂两个人被迫用对方的身份重回裘庄密室联手追查内鬼黄雀也就是说阿娇在这部剧里要一个人演两个角色既要演出李宁玉那种清冷隐忍智商爆表的天才特工又要模仿顾小梦那种骄纵任性咋咋呼呼的大小姐脾气看了预告她切换得还真挺自然的眼神戏特别到位完全没有之前被吐槽的面瘫感让人惊喜的是制作班底居然是狂飙的出品方留白影视操刀还有长安十二时辰的监制曹盾坐镇服化道直接对标电影级阿娇的民国旗袍造型真的绝了清冷骨相配着复古旗袍破碎感拉满被网友夸是建模级神颜配角也都是熟脸张天阳那志东这些长剧实力派都来了被称为全员熟脸的顶配阵容有人担心加了灵魂互换这种奇幻元素会毁了原著的严肃性但从目前的反馈来看大部分人都觉得这个设定反而让剧情更有悬念了快节奏的反转特别适合短剧的观看习惯这部剧4月中旬已经在红果短剧APP上线了据说上线24小时播放量就破亿了现在第二季都已经在筹备了看来阿娇这次是真的找对路子了这两年越来越多实力派演员开始进军短剧市场这也说明短剧正在摆脱粗制滥造的标签朝着精品化的方向发展 妮说体育的微博视频,True,False,她不缺钱 英皇缺钱啊 || 这么说杨颖演短剧岂不妙哉神颜值 || 阿娇的新尝试风声之双生谜局期待她的精彩演绎,3,消极,0.420243352651596,消极,0.420243352651596
5298117123246995,#阿娇 短剧#为什么时至今日还是有人看不起短剧呢，恕我直言，很多短剧都比长剧好看，投资还小 ,1778681819,2026-05-13 14:16:59+08:00,0,0,0,1778653085861,https://m.weibo.cn/detail/5298117123246995,江苏,7604605763,秋聆桃恋,f,https://m.weibo.cn/u/7604605763?launchid=10000360-page_H5,"https://tvax2.sinaimg.cn/crop.0.0.700.700.180/008iE9lFly8id2zi8sfzpj30jg0jg75b.jpg?KID=imgbed,tva&Expires=1778663875&ssig=qFpPeFNqLB",阿娇 短剧,search_contents_2026-05-13.csv,search_post,,为什么时至今日还是有人看不起短剧呢恕我直言很多短剧都比长剧好看投资还小 ,True,False,,1,消极,0.8176408410072327,消极,0.8176408410072327
5298091264843536,#阿娇 短剧#真的好美 ,1778675654,2026-05-13 12:34:14+08:00,11,1,1,1778653085864,https://m.weibo.cn/detail/5298091264843536,浙江,5568743567,命理菌,f,https://m.weibo.cn/u/5568743567?launchid=10000360-page_H5,"https://tvax1.sinaimg.cn/crop.0.0.960.960.180/0064RSADly8i65hka175dj30qo0qo0ux.jpg?KID=imgbed,tva&Expires=1778663875&ssig=WiJsmwBFoq",阿娇 短剧,search_contents_2026-05-13.csv,search_post,,真的好美 ,True,False,很漂亮但总觉得苦相,0,积极,0.9811248779296876,积极,0.9811248779296876
5298048814024535,#阿云嘎回应推荐给阿嬷的情书##阿云嘎发视频道歉# 12日，@阿云嘎Musical 推荐《给阿嬷的情书》，文案中提到电影“镜头写尽祖孙深情”，引发质疑。刚刚，他发视频回应，就写的推荐语不够精准给大家造成误会道歉，他表示是因为看电影的人看的视角不同，他自己被阿嬷对儿孙那句教诲触动。 ,1778665533,2026-05-13 09:45:33+08:00,7388,407,331,1778653163871,https://m.weibo.cn/detail/5298048814024535,,1642591402,新浪娱乐,m,https://m.weibo.cn/u/1642591402?launchid=10000360-page_H5,"https://tvax2.sinaimg.cn/crop.0.0.440.440.180/001Na93Ily8ibrhmc4c40j60c80c8q3i02.jpg?KID=imgbed,tva&Expires=1778663950&ssig=OGD1cuPDAq",阿云嘎发视频道歉,search_contents_2026-05-13.csv,search_post,, 12日 推荐给阿嬷的情书文案中提到电影镜头写尽祖孙深情引发质疑刚刚他发视频回应就写的推荐语不够精准给大家造成误会道歉他表示是因为看电影的人看的视角不同他自己被阿嬷对儿孙那句教诲触动 ,True,False,人间不值得阿云嘎值得支持观感自由表达 查看图片 || 片中的某句话某个情节让你特别共情感触特别深这都不可以吗支持阿云嘎表达自由 || 了解他的人就知道他是真的被打动了 查看图片,8,中性,0.5151379704475403,中性,0.5151379704475403
5298060911706178,#阿云嘎发视频道歉#把祖孙情看成女性情谊，虽然跑题但也没完全错。毕竟好的电影就像多棱镜，每个人都能看到属于自己的那道光，知错能改就好啦。 ,1778668416,2026-05-13 10:33:36+08:00,695,61,3,1778653163873,https://m.weibo.cn/detail/5298060911706178,河北,6927616197,娱乐少女日常,f,https://m.weibo.cn/u/6927616197?launchid=10000360-page_H5,"https://tvax1.sinaimg.cn/crop.0.0.180.180.180/007yPzr7ly8grizrtqvugj3050050a9x.jpg?KID=imgbed,tva&Expires=1778663950&ssig=2iKWd%2FYXBd",阿云嘎发视频道歉,search_contents_2026-05-13.csv,search_post,,把祖孙情看成女性情谊虽然跑题但也没完全错毕竟好的电影就像多棱镜每个人都能看到属于自己的那道光知错能改就好啦 ,True,False,他错哪儿啦错在真诚推荐 || 他没错哈错在太实诚不该自己电影不宣传去宣传别人的电影 || 知错能改还是好的,8,积极,0.858104407787323,积极,0.858104407787323
5298097464543457,#阿云嘎回应推荐给阿嬷的情书#  #阿云嘎发视频道歉# 阿云嘎因为推荐电影《给阿嬷的情书》并写了自己观影的感受竟招致无妄之灾，作为与他观影感受出奇一致的潮汕人，我也来说说我阿嬷的故事。    我阿嬷在17岁那年嫁给我阿公。阿公祖上是官宦人家，出了不少读书人，可我阿公却是个不折不扣的浪子，一心痴迷赌博，在我阿嬷24岁那年，阿公输光了一切家当后，背起包袱到南洋谋生去了，把年仅4岁的儿子和1岁的女儿扔给了我阿嬷，当然还有一屁股债务。不知阿嬷后来吃了多少苦，流了多少泪，硬是把我爸爸抚养成人并送上大学，还在多年以后还清了阿公走时欠下的债务。只是，我的姑姑——阿嬷的女儿却在3岁时因饥饿而死了，这成了她一辈子最深切的痛，以至于在以后的岁月里，阿嬷曾无数次地对我们诉说姑姑走时的情景。每次提及，总是泪眼婆娑，肝肠寸断。除了姑姑，阿嬷对她所经历过的苦难从不提及。今天想来，必是阿嬷不愿去回首那让她受尽苦难折磨的艰辛日子。直到今天，我还是很难想象：当年，那个24岁的柔弱女子是如何独自承担起生活的重担？如何承受空虚寂寞的煎熬和无所依靠的惶恐？我更无法想象的是：在阿公离家34年以后，携着他的南洋妻女一同返乡时对阿嬷的打击！我想，阿嬷那时心里该有多委屈和酸楚！若然是我，必不肯接纳那个负心男人的归来。可是，我那善良而又坚强的阿嬷却宽容地接受了一切。出于和阿嬷深厚的感情，我向来都不太尊重我的阿公，甚至于有些怨恨他对阿嬷的薄情，怨恨他对阿嬷的不公，她却说：“你阿公一个人漂洋过海，他也难啊，身边一群嗷嗷待哺的孩子，他也只能先顾眼前了”，所以，当看到淑柔误会木生另娶后抛下一群孩子去世了，她软软地说了句“这群孩子怎么办啊”那一刻，我想到了同样善良的阿嬷瞬间飙泪，淑柔想把“二奶”寄给她的钱还回去，那一刻，我又想到了同样自尊自爱的阿嬷咬紧牙关用好几年的时间还清爷爷欠下的债务，因为她在践行她说过的话：人穷志不短！淑柔教育晓伟：做人要有情有义，我的阿嬷也用实际的行动和朴素的语言把做人做事的道理传授给我，她教导我：要惜敲仔人（穷人）让我明白要同情弱小，要知道好歹（学会感恩）；勿学话（别搬弄是非）；看到人家数钱赶紧走开，别人的东西再好都不要贪……这些道理让我终身受用！这些与淑柔教育晚辈何其相似！看完电影，我强烈想念我在天堂的阿嬷，想念她对孙辈的舔犊之情，让我有想再二刷再去寻找我阿嬷影子的冲动。阿云嘎的“祖孙情深”完全是我观影后内心的真实感受，我觉得，该道歉的不是他，而是那些围剿他的别有用心的人！,1778677132,2026-05-13 12:58:52+08:00,101,11,23,1778653163875,https://m.weibo.cn/detail/5298097464543457,广东,2012792863,静笃__711,f,https://m.weibo.cn/u/2012792863?luicode=20000061&lfid=5298097464543457&launchid=10000360-page_H5,"https://tvax4.sinaimg.cn/crop.0.0.512.512.180/77f8c81fly8hkilolmqejj20e80e80t3.jpg?KID=imgbed,tva&Expires=1778663951&ssig=JOJMlRPlUl",阿云嘎发视频道歉,search_contents_2026-05-13.csv,search_post,,   阿云嘎因为推荐电影给阿嬷的情书并写了自己观影的感受竟招致无妄之灾作为与他观影感受出奇一致的潮汕人我也来说说我阿嬷的故事    我阿嬷在17岁那年嫁给我阿公阿公祖上是官宦人家出了不少读书人可我阿公却是个不折不扣的浪子一心痴迷赌博在我阿嬷24岁那年阿公输光了一切家当后背起包袱到南洋谋生去了把年仅4岁的儿子和1岁的女儿扔给了我阿嬷当然还有一屁股债务不知阿嬷后来吃了多少苦流了多少泪硬是把我爸爸抚养成人并送上大学还在多年以后还清了阿公走时欠下的债务只是我的姑姑阿嬷的女儿却在3岁时因饥饿而死了这成了她一辈子最深切的痛以至于在以后的岁月里阿嬷曾无数次地对我们诉说姑姑走时的情景每次提及总是泪眼婆娑肝肠寸断除了姑姑阿嬷对她所经历过的苦难从不提及今天想来必是阿嬷不愿去回首那让她受尽苦难折磨的艰辛日子直到今天我还是很难想象当年那个24岁的柔弱女子是如何独自承担起生活的重担如何承受空虚寂寞的煎熬和无所依靠的惶恐我更无法想象的是在阿公离家34年以后携着他的南洋妻女一同返乡时对阿嬷的打击我想阿嬷那时心里该有多委屈和酸楚若然是我必不肯接纳那个负心男人的归来可是我那善良而又坚强的阿嬷却宽容地接受了一切出于和阿嬷深厚的感情我向来都不太尊重我的阿公甚至于有些怨恨他对阿嬷的薄情怨恨他对阿嬷的不公她却说你阿公一个人漂洋过海他也难啊身边一群嗷嗷待哺的孩子他也只能先顾眼前了所以当看到淑柔误会木生另娶后抛下一群孩子去世了她软软地说了句这群孩子怎么办啊那一刻我想到了同样善良的阿嬷瞬间飙泪淑柔想把二奶寄给她的钱还回去那一刻我又想到了同样自尊自爱的阿嬷咬紧牙关用好几年的时间还清爷爷欠下的债务因为她在践行她说过的话人穷志不短淑柔教育晓伟做人要有情有义我的阿嬷也用实际的行动和朴素的语言把做人做事的道理传授给我她教导我要惜敲仔人穷人让我明白要同情弱小要知道好歹学会感恩勿学话别搬弄是非看到人家数钱赶紧走开别人的东西再好都不要贪这些道理让我终身受用这些与淑柔教育晚辈何其相似看完电影我强烈想念我在天堂的阿嬷想念她对孙辈的舔犊之情让我有想再二刷再去寻找我阿嬷影子的冲动阿云嘎的祖孙情深完全是我观影后内心的真实感受我觉得该道歉的不是他而是那些围剿他的别有用心的人,True,False,人就是会因为各自的人生经历不同而被电影不同的细节戳中这不正是电影的成功之处吗 || 阿云嘎做错了什么谁来给他道歉 || 还有人信誓旦旦地说电影里没有祖孙的你头晕别觉得世界在旋转,8,消极,0.6721243262290955,消极,0.6721243262290955
5298063304299921,#阿云嘎发视频道歉#阿云嘎推荐新片《给阿嬷的情书》，说这是“祖孙深情”，结果被网友指出电影主线根本不是祖孙情，是两位女性的半生情谊，他把支线当主线了。现在阿云嘎发视频道歉了，说自己是个人视角解读，文案没精准传达电影核心，对造成的误会说抱歉。 ,1778668988,2026-05-13 10:43:08+08:00,79,15,0,1778653163877,https://m.weibo.cn/detail/5298063304299921,河北,6901886031,星探娱乐,m,https://m.weibo.cn/u/6901886031?launchid=10000360-page_H5,"https://tvax1.sinaimg.cn/crop.0.0.180.180.180/007x5BQrly8fyl7anan38j3050050q2z.jpg?KID=imgbed,tva&Expires=1778663950&ssig=dgaq9aZ%2Bum",阿云嘎发视频道歉,search_contents_2026-05-13.csv,search_post,,阿云嘎推荐新片给阿嬷的情书说这是祖孙深情结果被网友指出电影主线根本不是祖孙情是两位女性的半生情谊他把支线当主线了现在阿云嘎发视频道歉了说自己是个人视角解读文案没精准传达电影核心对造成的误会说抱歉 ,True,False,阿云嘎是还没看吗 || 查看图片 || 触动点不同感受肯定不一样太真诚的推荐,8,消极,0.5972038507461548,消极,0.5972038507461548
5298063056831691,#阿云嘎发视频道歉#如果不是阿云嘎推荐，我根本不知道《给阿嬷的情书》这部电影！网友管太宽了吧，人家是出于好意，才给大家分享的，为什么要抓着两个词语不放。这样搞的，以后明星都不敢分享日常了，逐字审判啊！都不敢亲自手动发微博了！ ,1778668929,2026-05-13 10:42:09+08:00,125,16,0,1778653163878,https://m.weibo.cn/detail/5298063056831691,浙江,7370913478,再赏无言,m,https://m.weibo.cn/u/7370913478?launchid=10000360-page_H5,"https://tvax4.sinaimg.cn/crop.0.0.960.960.180/0082PBjgly8icr4wm86yaj30qo0qomy8.jpg?KID=imgbed,tva&Expires=1778663950&ssig=Tv8rBjIAk3",阿云嘎发视频道歉,search_contents_2026-05-13.csv,search_post,,如果不是阿云嘎推荐我根本不知道给阿嬷的情书这部电影网友管太宽了吧人家是出于好意才给大家分享的为什么要抓着两个词语不放这样搞的以后明星都不敢分享日常了逐字审判啊都不敢亲自手动发微博了 ,True,False,这片子挺真诚的看哭了好多人 || 这部电影怎么了 || 这部电影很好看啊,8,消极,0.8403542041778564,消极,0.8403542041778564
5298117513577719,#潮汕阿叔回应无偿借场地给阿嬷剧组拍摄##给阿嬷的情书老宅取景地火了# 5月12日，电影《给阿嬷的情书》票房已破1.5亿。电影女主角之一老年淑柔的家，取景地在广东汕头澄海区张厝内，剧组也在这里举行了开机仪式，现在每天都有全国各地游客慕名而来。托管人张勉表示，《给阿嬷的情书》电影传播的潮汕人的拼搏精神和情感世界，剧组在这里拍摄了一年，包括了正式拍摄和补拍，其间他分文未取。剧组为了感谢勉叔，便把电影场景完整地保留在了老宅中。充满南洋风情的吊灯，老年淑柔的&quot;戏服&quot;、摆满日化用品的梳妆台、剧照中的躺椅都可以近距离看到。#阿云嘎发视频道歉# （潇湘晨报） 深圳卫视的微博视频,1778681912,2026-05-13 14:18:32+08:00,0,0,0,1778653163880,https://m.weibo.cn/detail/5298117513577719,,6334884025,山泉视频,f,https://m.weibo.cn/u/6334884025?luicode=20000061&lfid=5298117513577719&launchid=10000360-page_H5,"https://tvax3.sinaimg.cn/crop.0.0.1024.1024.180/006UIwINly8hzwlv3nsoyj30sg0sg0uu.jpg?KID=imgbed,tva&Expires=1778663954&ssig=wbb4%2BdCfHm",阿云嘎发视频道歉,search_contents_2026-05-13.csv,search_post,, 5月12日电影给阿嬷的情书票房已破15亿电影女主角之一老年淑柔的家取景地在广东汕头澄海区张厝内剧组也在这里举行了开机仪式现在每天都有全国各地游客慕名而来托管人张勉表示给阿嬷的情书电影传播的潮汕人的拼搏精神和情感世界剧组在这里拍摄了一年包括了正式拍摄和补拍其间他分文未取剧组为了感谢勉叔便把电影场景完整地保留在了老宅中充满南洋风情的吊灯老年淑柔的quot戏服quot摆满日化用品的梳妆台剧照中的躺椅都可以近距离看到 潇湘晨报 深圳卫视的微博视频,True,False,,4,积极,0.8460044860839844,积极,0.8460044860839844
5298116779836876,#阿云嘎发视频道歉# 有些人真是闲得慌人家看个电影，你管人家是什么中心思想你觉得这个电影讲述两个女人互帮互帮感动你人家觉得这个电影的奶孙情感动了自己有什么不可以的，有些人真是吃了饭没事做 ,1778681737,2026-05-13 14:15:37+08:00,4,1,0,1778653163881,https://m.weibo.cn/detail/5298116779836876,湖南,7822230925,小火特火,f,https://m.weibo.cn/u/7822230925?launchid=10000360-page_H5,"https://tvax1.sinaimg.cn/crop.0.0.1080.1080.180/008xnhAVly8ia109coxynj30u00u0jtn.jpg?KID=imgbed,tva&Expires=1778663950&ssig=a9D32zApgO",阿云嘎发视频道歉,search_contents_2026-05-13.csv,search_post,, 有些人真是闲得慌人家看个电影你管人家是什么中心思想你觉得这个电影讲述两个女人互帮互帮感动你人家觉得这个电影的奶孙情感动了自己有什么不可以的有些人真是吃了饭没事做 ,True,False,这个电影里没有讲祖孙情,8,消极,0.8069726228713989,消极,0.8069726228713989
5298075390184249,#阿云嘎发视频道歉#因为阿团的推荐昨天也去观看了，影片以孙儿的视觉去讲叙老辈的悲欢离合，作为有一个同样坚韧善良阿嬷的潮汕人，祖孙情深也同样深深打动了我！没想到真诚推荐电影的人却被恶意围攻😓说点自己的真实感受就该道歉？这太欺负老实人了吧！ ,1778671869,2026-05-13 11:31:09+08:00,16,3,1,1778653163884,https://m.weibo.cn/detail/5298075390184249,广东,2012792863,静笃__711,f,https://m.weibo.cn/u/2012792863?launchid=10000360-page_H5,"https://tvax4.sinaimg.cn/crop.0.0.512.512.180/77f8c81fly8hkilolmqejj20e80e80t3.jpg?KID=imgbed,tva&Expires=1778663950&ssig=f1hte1ARtt",阿云嘎发视频道歉,search_contents_2026-05-13.csv,search_post,,因为阿团的推荐昨天也去观看了影片以孙儿的视觉去讲叙老辈的悲欢离合作为有一个同样坚韧善良阿嬷的潮汕人祖孙情深也同样深深打动了我没想到真诚推荐电影的人却被恶意围攻说点自己的真实感受就该道歉这太欺负老实人了吧 ,True,False,它们欺负老实人我抵制电影,8,积极,0.6424297094345093,积极,0.6424297094345093
5298059487741883,【#南京审计大学偷拍男曾向爆料者求饶#】#南京偷拍男拟录用公务员公示期已过# 5月11日，有网友发文曝光，南京审计大学一名男生在学校超市偷拍女生裙底，被现场路人当场制止，并被要求删除偷拍照片。事件发酵后，有网友进一步发现，该男生已进入江苏省税务局2026年度公务员拟录用公示名单，公示期为4月27日至5月6日。事件曝光引发网络舆论热议后，该涉事男生私下私信爆料人，言语中提及“父母年迈”、“因为这件事找不到工作”，并恳求网友“饶过他这一次”。5月12日晚，南京审计大学发布官方通报，已对该男子作出开除学籍处理。与此同时，江苏省税务局也作出回应：已关注到此事，目前正对事件展开调查。（来源：极目新闻、红星新闻）@南华视频 江苏 南华视频的微博视频,1778668078,2026-05-13 10:27:58+08:00,38885,1005,392,1778653245415,https://m.weibo.cn/detail/5298059487741883,,7105384993,南华视频,m,https://m.weibo.cn/u/7105384993?luicode=20000061&lfid=5298059487741883&launchid=10000360-page_H5,"https://tvax1.sinaimg.cn/crop.0.0.1080.1080.180/007KRtdLly8i4yg4qs9xhj30u00u0gmc.jpg?KID=imgbed,tva&Expires=1778664029&ssig=CEnOj6w0V5",南京偷拍男拟录用公务员公示期已过,search_contents_2026-05-13.csv,search_post,, 5月11日有网友发文曝光南京审计大学一名男生在学校超市偷拍女生裙底被现场路人当场制止并被要求删除偷拍照片事件发酵后有网友进一步发现该男生已进入江苏省税务局2026年度公务员拟录用公示名单公示期为4月27日至5月6日事件曝光引发网络舆论热议后该涉事男生私下爆料人言语中提及父母年迈因为这件事找不到工作并恳求网友饶过他这一次5月12日晚南京审计大学发布官方通报已对该男子作出开除学籍处理与此同时江苏省税务局也作出回应已关注到此事目前正对事件展开调查来源极目新闻红星新闻 江苏 南华视频的微博视频,True,False,他不是知道错了 他是害怕了 || 研究生就这书读哪去了 || 天呐 犯错前怎么不想想自己的沉没成本,2,中性,0.7226653099060059,中性,0.7226653099060059
5298090196340002,#南京偷拍男拟录用公务员公示期已过#有网友进一步发现，该男生已进入江苏省税务局2026年度公务员拟录用公示名单，公示期为4月27日至5月6日。什么意思？不影响公务员录取吗？？？ ,1778675399,2026-05-13 12:29:59+08:00,265,39,5,1778653245417,https://m.weibo.cn/detail/5298090196340002,辽宁,3939426052,地瓜熊老六,m,https://m.weibo.cn/u/3939426052?launchid=10000360-page_H5,"https://tvax2.sinaimg.cn/crop.0.40.649.649.180/eacedf04ly8geb0ltyihbj20j60j60tm.jpg?KID=imgbed,tva&Expires=1778664028&ssig=NPmlqi25YP",南京偷拍男拟录用公务员公示期已过,search_contents_2026-05-13.csv,search_post,,有网友进一步发现该男生已进入江苏省税务局2026年度公务员拟录用公示名单公示期为4月27日至5月6日什么意思不影响公务员录取吗 ,True,False,没必要一惊一乍的没有毕业证学位证连报名资格都没有 || 啊这种后续发现还有用吗 || 没研究生学历学籍过不了后续环节了,2,中性,0.8719974160194397,中性,0.8719974160194397
5298099406766857,#南京偷拍男拟录用公务员公示期已过#他还撒谎说自己不是南审的，悔过态度基本为零～ ,1778677595,2026-05-13 13:06:35+08:00,7,0,1,1778653245419,https://m.weibo.cn/detail/5298099406766857,青海,5566634538,张子钿,m,https://m.weibo.cn/u/5566634538?launchid=10000360-page_H5,"https://tva3.sinaimg.cn/crop.0.0.798.798.180/0064J1W2jw1f9weds1adnj30m80m8djv.jpg?KID=imgbed,tva&Expires=1778664028&ssig=LKtpumFXhR",南京偷拍男拟录用公务员公示期已过,search_contents_2026-05-13.csv,search_post,,他还撒谎说自己不是南审的悔过态度基本为零 ,True,False,,2,消极,0.7425171136856079,消极,0.7425171136856079
5298104066378216,#南京偷拍男拟录用公务员公示期已过#可是他已经被开除学籍了，没有毕业证学位证也不符合录用条件，过了公示期也不可能录了。 #偷拍裙底男生违法失德记录伴随终身# ,1778678706,2026-05-13 13:25:06+08:00,20,0,8,1778653245420,https://m.weibo.cn/detail/5298104066378216,广东,2293533604,伞花菌,f,https://m.weibo.cn/u/2293533604?launchid=10000360-page_H5,"https://tva1.sinaimg.cn/crop.0.0.1242.1242.180/88b48ba4jw8fb6mudywx8j20yi0yidjm.jpg?KID=imgbed,tva&Expires=1778664028&ssig=KZGZNgdE65",南京偷拍男拟录用公务员公示期已过,search_contents_2026-05-13.csv,search_post,,可是他已经被开除学籍了没有毕业证学位证也不符合录用条件过了公示期也不可能录了  ,True,False,,2,消极,0.5072407126426697,消极,0.5072407126426697
5298094280545070,#南京偷拍男拟录用公务员公示期已过#要是每次涉及到这种问题的时候都顶格处理还会有这么多事情吗？完全是不可原谅的事件 ,1778676373,2026-05-13 12:46:13+08:00,51,3,0,1778653245422,https://m.weibo.cn/detail/5298094280545070,广东,7404299223,男娘-,m,https://m.weibo.cn/u/7404299223?launchid=10000360-page_H5,"https://tvax2.sinaimg.cn/crop.0.0.960.960.180/00855Gt1ly8id36e9mdiwj30qo0qoq3o.jpg?KID=imgbed,tva&Expires=1778664028&ssig=zDeaRAKln3",南京偷拍男拟录用公务员公示期已过,search_contents_2026-05-13.csv,search_post,,要是每次涉及到这种问题的时候都顶格处理还会有这么多事情吗完全是不可原谅的事件 ,True,False,你们觉得这种事处罚轻了吗,2,消极,0.8414677381515503,消极,0.8414677381515503
5298116372465136,【#偷拍男生将被取消公务员录用资格#】#南京审计大学偷拍男生被开除#近日，南京审计大学一名学生涉嫌偷拍他人隐私。经查，该校学生顾某某在校内偷拍他人隐私情况属实，且情节严重。依据相关规定，学校决定给予顾某某开除学籍处分。据悉，涉事男生已被国家税务总局江苏省税务局拟录用为公务员，并进行了公示。对此，国家税务总局江苏省税务局工作人员回应：已关注到此事，正在对此事进行调查，会按照有关规定进行处理。针对此事，律师@蔡雅奇刑法 作出解读：这个学生（偷拍行为）不构成犯罪，但应被开除学籍，下一步就该被取消公务员录用资格了。根据《公务员法》规定，“道德品行较差”是不得录用的情形，涉事男生的偷拍行为已触及红线。（大河报豫视频） 大河报的微博视频 #南京偷拍男拟录用公务员公示期已过#,1778681640,2026-05-13 14:14:00+08:00,8,4,3,1778653245426,https://m.weibo.cn/detail/5298116372465136,,1887344341,观察者网,m,https://m.weibo.cn/u/1887344341?luicode=20000061&lfid=5298116372465136&launchid=10000360-page_H5,"https://tvax3.sinaimg.cn/crop.6.8.591.591.180/707e96d5ly8h8vg9v0hpjj20go0gowf6.jpg?KID=imgbed,tva&Expires=1778664032&ssig=F%2Fw37%2FnQO4",南京偷拍男拟录用公务员公示期已过,search_contents_2026-05-13.csv,search_post,,近日南京审计大学一名学生涉嫌偷拍他人隐私经查该校学生顾某某在校内偷拍他人隐私情况属实且情节严重依据相关规定学校决定给予顾某某开除学籍处分据悉涉事男生已被国家税务总局江苏省税务局拟录用为公务员并进行了公示对此国家税务总局江苏省税务局工作人员回应已关注到此事正在对此事进行调查会按照有关规定进行处理针对此事律师 作出解读这个学生偷拍行为不构成犯罪但应被开除学籍下一步就该被取消公务员录用资格了根据公务员法规定道德品行较差是不得录用的情形涉事男生的偷拍行为已触及红线大河报豫视频 大河报的微博视频 ,True,False,这不是应该的么,2,中性,0.735945463180542,中性,0.735945463180542
5298099572443462,#南京偷拍男拟录用公务员公示期已过# 南审男生顾某某被开除了学籍就达不到公务员招录的基本要求，因为他无法取得毕业证、学位证。学生被开除学籍后，学校不得发给学历证书、学位证书；已发的，学校应当予以撤销。同时，该学生的学籍从处分生效之日起即被注销，不再具备在校生身份，因此也无法通过后续补修课程、参加考试等方式来补救毕业所需的学分。公务员录用门槛是毕业证、学位证缺一不可。顾某某作为被开除学籍的学生，在用人单位设定的截止日期前根本无法取得毕业证和学位证，因此将彻底失去录用资格。即使顾某某已经通过了公示了，也还需要过两道关：一是录用考察关。公务员录用过程中两种情形可以“一票否决”：顾某某此次被开除学籍，直接触碰红线，按规定不得确定为拟录用人员；偷拍行为明显违反社会公德，同样将导致考察不合格。二是新录用公务员试用关。即使通过考察入职了，也还有一年试用期，而且可以追溯取消录用。在报名、考试、体检、考察等任一环节有严重违纪行为者直接取消录用，这个程序无需等待试用期结束。顾某某再也当不了公务员了。,1778677635,2026-05-13 13:07:15+08:00,6,3,1,1778653245428,https://m.weibo.cn/detail/5298099572443462,上海,2114685590,方之夫,m,https://m.weibo.cn/u/2114685590?luicode=20000061&lfid=5298099572443462&launchid=10000360-page_H5,"https://tvax4.sinaimg.cn/crop.0.0.600.600.180/7e0b8a96ly8i8n8tbc221j20go0gowft.jpg?KID=imgbed,tva&Expires=1778664035&ssig=Q6WMXZDfx4",南京偷拍男拟录用公务员公示期已过,search_contents_2026-05-13.csv,search_post,, 南审男生顾某某被开除了学籍就达不到公务员招录的基本要求因为他无法取得毕业证学位证学生被开除学籍后学校不得发给学历证书学位证书已发的学校应当予以撤销同时该学生的学籍从处分生效之日起即被注销不再具备在校生身份因此也无法通过后续补修课程参加考试等方式来补救毕业所需的学分公务员录用门槛是毕业证学位证缺一不可顾某某作为被开除学籍的学生在用人单位设定的截止日期前根本无法取得毕业证和学位证因此将彻底失去录用资格即使顾某某已经通过了公示了也还需要过两道关一是录用考察关公务员录用过程中两种情形可以一票否决顾某某此次被开除学籍直接触碰红线按规定不得确定为拟录用人员偷拍行为明显违反社会公德同样将导致考察不合格二是新录用公务员试用关即使通过考察入职了也还有一年试用期而且可以追溯取消录用在报名考试体检考察等任一环节有严重违纪行为者直接取消录用这个程序无需等待试用期结束顾某某再也当不了公务员了,True,False,有个问题是他是研究生他如果是用本科学历考的公务员是不是他就可能逃脱了,2,中性,0.6100826859474182,中性,0.6100826859474182
5298069285374691,#杨洋章若楠方逸伦换头像# 今日《雨霖铃》开播！杨洋章若楠方逸伦集体换头像一猫一兔一鼠 完全是三个萌物来的！期待展昭、霍玲珑和白玉堂呀！ ,1778670414,2026-05-13 11:06:54+08:00,1686,152,42,1778653320462,https://m.weibo.cn/detail/5298069285374691,湖南,2254827392,不暴躁姐姐,f,https://m.weibo.cn/u/2254827392?launchid=10000360-page_H5,"https://tvax3.sinaimg.cn/crop.0.0.512.512.180/8665ef80ly8huxuu3xlefj20e80e8mx9.jpg?KID=imgbed,tva&Expires=1778664120&ssig=oOmuuLuwlh",杨洋章若楠方逸伦换头像,search_contents_2026-05-13.csv,search_post,, 今日雨霖铃开播杨洋章若楠方逸伦集体换头像一猫一兔一鼠 完全是三个萌物来的期待展昭霍玲珑和白玉堂呀 ,True,False,评论区以期待开播为主流65粉丝热议今晚央视八套和优酷同步上线提醒追剧头像设计萌化人心25quot一猫一兔一鼠quot形象契合角色获赞可爱另有部分讨论聚焦演员适配度10如赞杨洋为quot天选展昭quot整体氛围兴奋凸显观众对雨霖铃查看最新戳gt微博智搜 || 欢迎来看我们破案三人组期待 || 一起来看雨霖铃展昭,0,积极,0.9718908071517944,积极,0.9718908071517944
5298100189269073,#杨洋章若楠方逸伦换头像#方逸伦换的《雨霖铃》白展堂头像好萌的小老鼠，预告里看白展堂也是翩翩侠客和搞笑小老鼠无缝切换，很有趣，期待一下 ,1778677782,2026-05-13 13:09:42+08:00,237,24,2,1778653320465,https://m.weibo.cn/detail/5298100189269073,重庆,5091022623,友谊已走到尽头啦,f,https://m.weibo.cn/u/5091022623?launchid=10000360-page_H5,"https://tvax4.sinaimg.cn/crop.0.0.896.896.180/005yxpy7ly8gw1tgfwedhj30ow0owwi8.jpg?KID=imgbed,tva&Expires=1778664120&ssig=YIVHat0V2s",杨洋章若楠方逸伦换头像,search_contents_2026-05-13.csv,search_post,,方逸伦换的雨霖铃白展堂头像好萌的小老鼠预告里看白展堂也是翩翩侠客和搞笑小老鼠无缝切换很有趣期待一下 ,True,False,坐等雨霖铃开播看方逸伦的精彩演绎 || 这一波的画面感可已经触动了我的心弦 || 方逸伦老鼠头像可爱,0,积极,0.9796120524406432,积极,0.9796120524406432
5298100310643018,期待眼里揉不得沙子文武双全行侠仗义白玉堂，锦毛鼠方逸伦上线！雨霖铃今晚不见不散#杨洋章若楠方逸伦换头像# ,1778677811,2026-05-13 13:10:11+08:00,193,22,9,1778653320466,https://m.weibo.cn/detail/5298100310643018,北京,3956055188,甄姬不放瓜,m,https://m.weibo.cn/u/3956055188?launchid=10000360-page_H5,"https://tvax1.sinaimg.cn/crop.0.0.1080.1080.180/ebcc9c94ly8ibskh6vwpoj20u00u0gmj.jpg?KID=imgbed,tva&Expires=1778664120&ssig=RmQvloZEqF",杨洋章若楠方逸伦换头像,search_contents_2026-05-13.csv,search_post,,期待眼里揉不得沙子文武双全行侠仗义白玉堂锦毛鼠方逸伦上线雨霖铃今晚不见不散 ,True,False,好帅好帅好帅 || 真的是很令人期待呀,0,积极,0.9853375554084778,积极,0.9853375554084778
5298096667625403,好好玩的追剧氛围，杨洋，章若楠，方逸伦全都换头像了全体起立！今晚请迎接雨霖铃，迎接最好的展昭！#杨洋章若楠方逸伦换头像##电视剧雨霖铃# ,1778676942,2026-05-13 12:55:42+08:00,91,8,0,1778653320468,https://m.weibo.cn/detail/5298096667625403,安徽,1728075935,焦安然I,f,https://m.weibo.cn/u/1728075935?launchid=10000360-page_H5,"https://tvax4.sinaimg.cn/crop.0.0.1080.1080.180/6700589fly8i5mspjgca3j20u00u0jt0.jpg?KID=imgbed,tva&Expires=1778664120&ssig=Xerx%2B6CeGx",杨洋章若楠方逸伦换头像,search_contents_2026-05-13.csv,search_post,,好好玩的追剧氛围杨洋章若楠方逸伦全都换头像了全体起立今晚请迎接雨霖铃迎接最好的展昭 ,True,False,今晚来看  查看图片,0,积极,0.9854873418807985,积极,0.9854873418807985
5298077837823409,#杨洋章若楠方逸伦换头像#一猫一兔一鼠三人组你们仨就这样闹腾吧！反正雨霖铃俺是追定了 芒果捞娱的微博视频 ,1778672453,2026-05-13 11:40:53+08:00,73,9,3,1778653320470,https://m.weibo.cn/detail/5298077837823409,湖南,2275599332,芒果捞娱,f,https://m.weibo.cn/u/2275599332?launchid=10000360-page_H5,"https://tvax4.sinaimg.cn/crop.0.0.1080.1080.180/87a2e3e4ly8i417vfgyl3j20u00u0761.jpg?KID=imgbed,tva&Expires=1778664120&ssig=AzRvXzguuA",杨洋章若楠方逸伦换头像,search_contents_2026-05-13.csv,search_post,,一猫一兔一鼠三人组你们仨就这样闹腾吧反正雨霖铃俺是追定了 芒果捞娱的微博视频 ,True,False,从目前这个预告来看已经非常的吸引人很好看 || 这个阵容太让人狂喜了 || 这个阵容必须要追剧,0,中性,0.5601853132247925,中性,0.5601853132247925
5298118228706259,#杨洋章若楠方逸伦换头像#猫猫即将来袭，请做好准备杨洋 ,1778682083,2026-05-13 14:21:23+08:00,0,0,0,1778653320471,https://m.weibo.cn/detail/5298118228706259,湖南,6017174441,咩咩咩的咩咩咩呀,f,https://m.weibo.cn/u/6017174441?launchid=10000360-page_H5,"https://tvax3.sinaimg.cn/crop.0.0.512.512.180/006zdrWFly8hx387qc51lj30e80e8wf7.jpg?KID=imgbed,tva&Expires=1778664120&ssig=cIYr9VcP7s",杨洋章若楠方逸伦换头像,search_contents_2026-05-13.csv,search_post,,猫猫即将来袭请做好准备杨洋 ,True,False,,10,积极,0.9122918844223022,积极,0.9122918844223022
5298117628919916,#杨洋章若楠方逸伦换头像#今晚看杨洋展昭《雨霖铃》 ,1778681939,2026-05-13 14:18:59+08:00,0,0,0,1778653320472,https://m.weibo.cn/detail/5298117628919916,山东,1973876923,蓝蓝的小咩,f,https://m.weibo.cn/u/1973876923?launchid=10000360-page_H5,"https://tvax1.sinaimg.cn/crop.0.0.1024.1024.180/75a6f8bbly8id3mlo1njtj20sg0sg777.jpg?KID=imgbed,tva&Expires=1778664120&ssig=bfvQWm0ekM",杨洋章若楠方逸伦换头像,search_contents_2026-05-13.csv,search_post,,今晚看杨洋展昭雨霖铃 ,True,False,,0,积极,0.7618812322616577,积极,0.7618812322616577
5298107120355807,#杨洋章若楠方逸伦换头像##雨霖铃首播4集#《雨霖铃》@杨洋 @章若楠 @方方方方方逸伦 集体换头像啦～好萌！期待#浙江卫视雨霖铃#御猫展昭、侠女霍玲珑、锦毛鼠白玉堂~ ,1778679434,2026-05-13 13:37:14+08:00,150,10,8,1778653320474,https://m.weibo.cn/detail/5298107120355807,,1288369910,浙江卫视,f,https://m.weibo.cn/u/1288369910?launchid=10000360-page_H5,"https://tvax1.sinaimg.cn/crop.0.0.1080.1080.180/001pbRRQly8iall9atze2j60u00u00t902.jpg?KID=imgbed,tva&Expires=1778664120&ssig=Se0wuMiN2y",杨洋章若楠方逸伦换头像,search_contents_2026-05-13.csv,search_post,,雨霖铃   集体换头像啦好萌期待御猫展昭侠女霍玲珑锦毛鼠白玉堂 ,True,False,今晚看杨洋的南侠御猫展昭对 || 展喵喵来也,0,积极,0.979235827922821,积极,0.979235827922821
5297938138137608,#巩俐中文宣布戛纳开幕#巩俐在#戛纳电影节#开幕式致辞，与简·方达一起表达对电影的理解和感受。巩俐结尾用中文宣布“第79届戛纳电影节开幕”。巩俐：简来自西方，我来自东方，今晚我们并肩站在这里，这就是戛纳电影节的魔力。在戛纳，我一直荣幸地代表着中国电影。电影超越了语言、文化和世代，它诉说着我们共享的东西：人类情感。电影允许我们相遇、相通，这就是电影的力量。简·方达：正是这样的力量，让我们今晚相聚在此。我相信发声的力量，银幕里的声音，银幕外的声音，当然也有来自街头的声音，尤其是在眼下。我相信电影一直以来都是一种反抗行为，因为我们讲述故事，这样的故事构成了文化、对边缘人的共情，让我们能够超越人与人的差异去感受，让我们看到不一样的未来是有可能的。今晚，站在巩俐身边，提醒着我这个电影节之所以重要，是因为在戛纳，放在第一位的是故事，是讲述故事的勇气。那么，让我们去歌颂大胆、自由、狂热的创作行动。巩俐&amp;简·方达：现在我宣布，第79届戛纳电影节开幕。,1778639146,2026-05-13 02:25:46+08:00,12052,505,674,1778653409199,https://m.weibo.cn/detail/5297938138137608,北京,1803310643,守望好莱坞,f,https://m.weibo.cn/u/1803310643?luicode=20000061&lfid=5297938138137608&launchid=10000360-page_H5,"https://tvax1.sinaimg.cn/crop.0.0.689.689.180/001Y2vtxly8hupnm8nn8lj60j50j5gmn02.jpg?KID=imgbed,tva&Expires=1778664196&ssig=AhzPyZnlR1",巩俐中文宣布戛纳开幕,search_contents_2026-05-13.csv,search_post,,巩俐在开幕式致辞与简方达一起表达对电影的理解和感受巩俐结尾用中文宣布第79届戛纳电影节开幕巩俐简来自西方我来自东方今晚我们并肩站在这里这就是戛纳电影节的魔力在戛纳我一直荣幸地代表着中国电影电影超越了语言文化和世代它诉说着我们共享的东西人类情感电影允许我们相遇相通这就是电影的力量简方达正是这样的力量让我们今晚相聚在此我相信发声的力量银幕里的声音银幕外的声音当然也有来自街头的声音尤其是在眼下我相信电影一直以来都是一种反抗行为因为我们讲述故事这样的故事构成了文化对边缘人的共情让我们能够超越人与人的差异去感受让我们看到不一样的未来是有可能的今晚站在巩俐身边提醒着我这个电影节之所以重要是因为在戛纳放在第一位的是故事是讲述故事的勇气那么让我们去歌颂大胆自由狂热的创作行动巩俐amp简方达现在我宣布第79届戛纳电影节开幕,True,False,巩皇就是巩皇让我们去歌颂大胆自由狂热的充满勇气的故事 || 太权威了巩俐 || 在2026年戛纳电影节开幕式上巩俐与简方达同台致辞体现东西方电影文化交融巩俐强调电影超越语言文化连接人类情感的力量并荣幸代表中国电影简方达则阐述电影的反抗精神与发声作用聚焦边缘故事以激发共情最后巩俐用中文庄重宣布第79查看最新戳gt微博智搜,4,积极,0.9602707028388976,积极,0.9602707028388976
5298017289634049,#巩俐中文宣布戛纳开幕#巩俐好🐮在第79届戛纳电影节开幕式，全程用中文致辞并宣布电影节正式开幕。这是戛纳史上首位华人女星登上开幕式致辞舞台，意义非凡。 发言结束后全场嘉宾起立，长达一分多钟掌声不断，震撼全场。大气从容、气场全开，永远可以相信巩俐的国际地位！#一分钟视频创作季# CCS滋滋的微博视频  ,1778658016,2026-05-13 07:40:16+08:00,320,20,8,1778653409201,https://m.weibo.cn/detail/5298017289634049,湖北,6569466125,CCS滋滋,f,https://m.weibo.cn/u/6569466125?launchid=10000360-page_H5,"https://tvax4.sinaimg.cn/crop.0.0.540.540.180/007aAOf3ly8i3ex45l0daj30f00f0dg8.jpg?KID=imgbed,tva&Expires=1778664195&ssig=AMZqWnG2IK",巩俐中文宣布戛纳开幕,search_contents_2026-05-13.csv,search_post,,巩俐好在第79届戛纳电影节开幕式全程用中文致辞并宣布电影节正式开幕这是戛纳史上首位华人女星登上开幕式致辞舞台意义非凡 发言结束后全场嘉宾起立长达一分多钟掌声不断震撼全场大气从容气场全开永远可以相信巩俐的国际地位 CCS滋滋的微博视频  ,True,False,还有哪个演员可以在这样的场合用中文宣布开幕只有巩俐做到了还是挺厉害的 || 霸气十足的巩俐戛纳开幕式中文致辞真的是第一次呢 || 这排面孔俐真的把戛纳变主场了,4,积极,0.9796950817108154,积极,0.9796950817108154
5297929810084604,#戛纳电影节# 开幕式，巩俐和简·方达共同登台。巩俐说，简来自西方，我来自东方，我一直很荣幸代表中国电影来到戛纳，电影超越了语言、文化和代际，它讲述了人类共有的东西，就是情感。最后，巩俐用中文宣布，第79届戛纳电影节开幕! ,1778637160,2026-05-13 01:52:40+08:00,178,14,28,1778653409202,https://m.weibo.cn/detail/5297929810084604,法国,1167720097,秦小婉,f,https://m.weibo.cn/u/1167720097?launchid=10000360-page_H5,"https://tvax3.sinaimg.cn/crop.0.0.1080.1080.180/4599fea1ly8i75fwalzjvj20u00u0dh2.jpg?KID=imgbed,tva&Expires=1778664195&ssig=FXPFLWgD0Y",巩俐中文宣布戛纳开幕,search_contents_2026-05-13.csv,search_post,, 开幕式巩俐和简方达共同登台巩俐说简来自西方我来自东方我一直很荣幸代表中国电影来到戛纳电影超越了语言文化和代际它讲述了人类共有的东西就是情感最后巩俐用中文宣布第79届戛纳电影节开幕 ,True,False,请问你会采访巩俐吗可以帮我们问问七年不拍戏的巩俐女士还有进组打算吗 || 巩俐才是真正的电影人才有这个段位给巩俐泼脏水的今年知道是巩俐的主场没敢露面巩俐的霸王别姬这一次还修复了在戛纳展映那谁今年根本不敢露面 || 巩俐厉害讲中文的中国电影人本届戛纳真正中文的中国电影人不在评审团而在评审团外,4,积极,0.9078574180603028,积极,0.9078574180603028
5297931666063516,#戛纳电影节# 开幕式现场，巩俐、简·芳达致辞，巩俐和简·芳达分别用汉语和法语宣布“第79届戛纳电影节开幕”！ #巩俐中文宣布戛纳开幕# 深焦DeepFocus的微博视频  ,1778637603,2026-05-13 02:00:03+08:00,308,22,60,1778653409204,https://m.weibo.cn/detail/5297931666063516,法国,5573262723,深焦DeepFocus,f,https://m.weibo.cn/u/5573262723?launchid=10000360-page_H5,"https://tvax2.sinaimg.cn/crop.0.0.600.600.180/0065aQefly8i9f7dx5dtnj30go0gomxv.jpg?KID=imgbed,tva&Expires=1778664195&ssig=Cd1ta5sdOe",巩俐中文宣布戛纳开幕,search_contents_2026-05-13.csv,search_post,, 开幕式现场巩俐简芳达致辞巩俐和简芳达分别用汉语和法语宣布第79届戛纳电影节开幕  深焦DeepFocus的微博视频  ,True,False,也就是巩俐低调换了任何一名影星已全平台连夜买爆热搜梨和梨粉只道是寻常罢了 || 巩俐用中文宣布戛纳电影节开幕巩俐粉丝集体站起来好吗,4,中性,0.5734834671020508,中性,0.5734834671020508
5298061427345749,#巩俐中文致辞后一分多钟掌声不断#【巩俐用中文宣布戛纳电影节开幕，系华人首位受邀在开幕式上致辞的电影人，发言结束后全场起立，掌声长达一分多钟】#巩俐第21次戛纳行# 当地时间5月12日晚，第79届戛纳电影节正式开幕。中国演员巩俐在开幕典礼上和简·芳达一起致辞，巩俐以中文宣布“第79届戛纳电影节开幕”。相关话题登上热搜。#巩俐戛纳电影节新身份#巩俐在致辞时说：简来自西方，我来自东方，今晚我们并肩站在这里，这就是戛纳电影节的魔力。在戛纳，我一直荣幸地代表着中国电影。电影超越了语言、文化和世代，它诉说着我们共享的东西：人类情感。电影允许我们相遇、相通，这就是电影的力量。发言结束后全场嘉宾起立，长达一分多钟掌声不断。网友纷纷表示，“巩俐代表中国电影站在世界舞台，在戛纳开幕式用中文宣布开幕，气场全开”，“东方面孔，中国声音，这就是文化自信”，“这是戛纳史上首位华人女星登上开幕式致辞舞台，意义非凡。”“大气从容、气场全开，永远可以相信巩俐”。据悉，这是巩俐第21次戛纳行。回顾往昔，1988年她带着《红高粱》跟随中国电影代表团来到戛纳，那是华语面孔在世界影坛惊艳的开端。随后，她的身份在戛纳的坐标系里不断演变：她成为华语电影唯一金棕榈获奖作品的主演之一，在1997年成为戛纳首位华人评委，多次受邀担任颁奖嘉宾，是受到戛纳礼遇红毯清场的主角，是华人首位获得戛纳“跃动她影”奖的女演员。而到了第79届戛纳电影节，巩俐迎来了新的身份——华人首位受邀在开幕式上致辞的电影人。据悉，华语电影《霸王别姬》《都灵之影》入围本届戛纳电影节“戛纳经典”单元。中国导演陈凯歌执导的电影《霸王别姬》曾在1993年获得第46届戛纳电影节金棕榈奖。由中国导演贾樟柯执导的电影短片《都灵之影》将在“戛纳经典”单元首映。#巩俐中文宣布戛纳开幕# 红星新闻的微博视频,1778668540,2026-05-13 10:35:40+08:00,995,95,92,1778653409206,https://m.weibo.cn/detail/5298061427345749,,6105713761,红星新闻,f,https://m.weibo.cn/u/6105713761?luicode=20000061&lfid=5298061427345749&launchid=10000360-page_H5,"https://tvax1.sinaimg.cn/crop.0.0.512.512.180/006FcX4dly8h8vgewp7wsj30e80e8mxd.jpg?KID=imgbed,tva&Expires=1778664199&ssig=SEUkOCoeti",巩俐中文宣布戛纳开幕,search_contents_2026-05-13.csv,search_post,,巩俐用中文宣布戛纳电影节开幕系华人首位受邀在开幕式上致辞的电影人发言结束后全场起立掌声长达一分多钟 当地时间5月12日晚第79届戛纳电影节正式开幕中国演员巩俐在开幕典礼上和简芳达一起致辞巩俐以中文宣布第79届戛纳电影节开幕相关话题登上热搜巩俐在致辞时说简来自西方我来自东方今晚我们并肩站在这里这就是戛纳电影节的魔力在戛纳我一直荣幸地代表着中国电影电影超越了语言文化和世代它诉说着我们共享的东西人类情感电影允许我们相遇相通这就是电影的力量发言结束后全场嘉宾起立长达一分多钟掌声不断网友纷纷表示巩俐代表中国电影站在世界舞台在戛纳开幕式用中文宣布开幕气场全开东方面孔中国声音这就是文化自信这是戛纳史上首位华人女星登上开幕式致辞舞台意义非凡大气从容气场全开永远可以相信巩俐据悉这是巩俐第21次戛纳行回顾往昔1988年她带着红高粱跟随中国电影代表团来到戛纳那是华语面孔在世界影坛惊艳的开端随后她的身份在戛纳的坐标系里不断演变她成为华语电影唯一金棕榈获奖作品的主演之一在1997年成为戛纳首位华人评委多次受邀担任颁奖嘉宾是受到戛纳礼遇红毯清场的主角是华人首位获得戛纳跃动她影奖的女演员而到了第79届戛纳电影节巩俐迎来了新的身份华人首位受邀在开幕式上致辞的电影人据悉华语电影霸王别姬都灵之影入围本届戛纳电影节戛纳经典单元中国导演陈凯歌执导的电影霸王别姬曾在1993年获得第46届戛纳电影节金棕榈奖由中国导演贾樟柯执导的电影短片都灵之影将在戛纳经典单元首映 红星新闻的微博视频,True,False,当地时间5月12日晚第79届戛纳电影节正式开幕 || 巩俐在第79届戛纳电影节开幕式上与简芳达共同致辞成为首位在开幕式上致辞的华人电影人她全程用中文宣布开幕发言后全场起立鼓掌超一分钟致辞中她强调电影超越文化连接人类情感这是巩俐第21次亮相戛纳其戛纳历程始于1988年红高粱查看最新戳gt微博智搜 || 依然还是中国心,4,积极,0.4799402058124542,积极,0.4799402058124542
5298118547734903,恭喜荣耀！拿下戛纳中国之夜官方影像合作🎬这一次，用手机镜头对话世界电影工业5 月 14 日，共赴戛纳之约～#荣耀戛纳首秀##移动影像天花板##巩俐中文宣布戛纳开幕# ,1778682158,2026-05-13 14:22:38+08:00,0,0,0,1778653409207,https://m.weibo.cn/detail/5298118547734903,广东,3490849011,科技-小康,m,https://m.weibo.cn/u/3490849011?launchid=10000360-page_H5,"https://tvax3.sinaimg.cn/crop.0.0.1080.1080.180/d01220f3ly8hgv35f0poej20u00u0ace.jpg?KID=imgbed,tva&Expires=1778664195&ssig=volW695K2k",巩俐中文宣布戛纳开幕,search_contents_2026-05-13.csv,search_post,,恭喜荣耀拿下戛纳中国之夜官方影像合作这一次用手机镜头对话世界电影工业5 月 14 日共赴戛纳之约 ,True,False,,4,积极,0.9647864699363708,积极,0.9647864699363708
5298118514181408,#戛纳电影节#巩俐中文宣布戛纳开幕 这才是中国电影的底气 奔跑的笨猪123的微博视频 ,1778682151,2026-05-13 14:22:31+08:00,0,0,0,1778653409208,https://m.weibo.cn/detail/5298118514181408,河北,5673628675,奔跑的笨猪123,f,https://m.weibo.cn/u/5673628675?launchid=10000360-page_H5,"https://tvax2.sinaimg.cn/crop.0.0.1080.1080.180/006bXXZVly8i8uafo0lvwj30u00u0q6n.jpg?KID=imgbed,tva&Expires=1778664195&ssig=Ucks9CJ1uW",巩俐中文宣布戛纳开幕,search_contents_2026-05-13.csv,search_post,,巩俐中文宣布戛纳开幕 这才是中国电影的底气 奔跑的笨猪123的微博视频 ,True,False,,4,积极,0.92528635263443,积极,0.92528635263443
5298116224090724,#巩俐中文宣布戛纳开幕#排面这一块没话讲。看G舍生图，状态不错，巩皇皮相骨相太优秀了，特别抗老，岁月从不败美人。 ,1778681605,2026-05-13 14:13:25+08:00,0,2,0,1778653409209,https://m.weibo.cn/detail/5298116224090724,德国,6221878759,就叫我旅人,m,https://m.weibo.cn/u/6221878759?launchid=10000360-page_H5,"https://tvax3.sinaimg.cn/crop.0.0.1080.1080.180/006N4mTdly8i571ckqpqyj30u00u0wfa.jpg?KID=imgbed,tva&Expires=1778664195&ssig=gwz6Frz4H4",巩俐中文宣布戛纳开幕,search_contents_2026-05-13.csv,search_post,,排面这一块没话讲看G舍生图状态不错巩皇皮相骨相太优秀了特别抗老岁月从不败美人 ,True,False,巩皇就是巩皇,0,积极,0.966936469078064,积极,0.966936469078064
5298068175193326,#收到成毅的刷牙提醒了吗# 温柔松弛的日常氛围感拉满，成毅把专业与温柔揉进生活每一处瞬间。自在惬意的模样治愈又暖心，更让人满心期待专属语音包上线，光是想着每天能听到温柔刷牙指引，都忍不住想要认真对待每一次刷牙时刻。 ,1778670149,2026-05-13 11:02:29+08:00,1285,773,762,1778653488049,https://m.weibo.cn/detail/5298068175193326,北京,1893711543,娱乐有饭,f,https://m.weibo.cn/u/1893711543?launchid=10000360-page_H5,"https://tvax4.sinaimg.cn/crop.0.0.1080.1080.180/00249OSzly8h8v3wogxe8j60u00u0dia02.jpg?KID=imgbed,tva&Expires=1778664284&ssig=vwcloUR5Xk",收到成毅的刷牙提醒了吗,search_contents_2026-05-13.csv,search_post,, 温柔松弛的日常氛围感拉满成毅把专业与温柔揉进生活每一处瞬间自在惬意的模样治愈又暖心更让人满心期待专属语音包上线光是想着每天能听到温柔刷牙指引都忍不住想要认真对待每一次刷牙时刻 ,True,False,谁还没收到成毅的刷牙提醒啊温柔到我直接把刷牙流程放慢三倍就为了多听几秒他的声音这哪里是提醒明明是每日限定治愈福利啊 || 成毅真的好会营造氛围感呀想象他指导刷牙的画面都觉得超有趣 || 光是想象被温柔提醒刷牙就忍不住想认真对待每一刻,9,积极,0.9665576815605164,积极,0.9665576815605164
5298068381765374,#收到成毅的刷牙提醒了吗# 褪去荧幕里的沉静内敛，成毅在镜头下尽显松弛可爱的一面，每一帧画面都满是治愈感。搭配专属暖心语音包更是氛围感拉满，为了循环聆听温柔叮嘱，都忍不住下意识多刷几遍牙，被这份细腻陪伴狠狠戳中。 ,1778670198,2026-05-13 11:03:18+08:00,407,18,6,1778653488061,https://m.weibo.cn/detail/5298068381765374,北京,5709559214,微博明星,f,https://m.weibo.cn/u/5709559214?launchid=10000360-page_H5,"https://tvax4.sinaimg.cn/crop.0.0.1080.1080.180/006eoJaKly8i5yglxbs58j60u00u075l02.jpg?KID=imgbed,tva&Expires=1778664284&ssig=GY67x0zwPx",收到成毅的刷牙提醒了吗,search_contents_2026-05-13.csv,search_post,, 褪去荧幕里的沉静内敛成毅在镜头下尽显松弛可爱的一面每一帧画面都满是治愈感搭配专属暖心语音包更是氛围感拉满为了循环聆听温柔叮嘱都忍不住下意识多刷几遍牙被这份细腻陪伴狠狠戳中 ,True,False,和全球代言人 一起用 刷牙cy || 收下代言人动图,9,积极,0.970460057258606,积极,0.970460057258606
5298068633420686,#收到成毅的刷牙提醒了吗# 成毅这波语音杀我~短片里又帅又松弛，让人满脑子都是他的温柔指引！从模式切换到漏刷提醒，每一句都软乎乎的，谁不想被成毅每天催着好好刷牙啊，已经开始期待沉浸式听语音刷牙啦~ ,1778670258,2026-05-13 11:04:18+08:00,242,9,2,1778653488070,https://m.weibo.cn/detail/5298068633420686,北京,6351160199,显微镜看娱,m,https://m.weibo.cn/u/6351160199?launchid=10000360-page_H5,"https://tvax3.sinaimg.cn/crop.0.0.600.600.180/006VOOTJly8htanci9ucjj30go0go0u2.jpg?KID=imgbed,tva&Expires=1778664284&ssig=uQmpnsRrBK",收到成毅的刷牙提醒了吗,search_contents_2026-05-13.csv,search_post,, 成毅这波语音杀我短片里又帅又松弛让人满脑子都是他的温柔指引从模式切换到漏刷提醒每一句都软乎乎的谁不想被成毅每天催着好好刷牙啊已经开始期待沉浸式听语音刷牙啦 ,True,False,成毅这声音也太苏了吧早安刷牙指引双倍温柔暴击usmile牙刷还没用先被语音哄去下单了 || 收到收到保护牙齿健康快来学成毅刷牙 || cy,9,积极,0.8836812973022461,积极,0.8836812973022461
5298071863036290,#收到成毅的刷牙提醒了吗#被成毅的刷牙陪伴狠狠圈粉！语音里的每一句鼓励都元气满满，每一次指引都细致贴心，为了听他说“又进步了一点点”，都忍不住多刷几分钟牙～新浪明星的微博视频 ,1778671028,2026-05-13 11:17:08+08:00,248,44,1,1778653488079,https://m.weibo.cn/detail/5298071863036290,天津,6524418733,乐听乐开心,f,https://m.weibo.cn/u/6524418733?launchid=10000360-page_H5,"https://tvax1.sinaimg.cn/crop.0.0.996.996.180/0077xNmdly8gdimitn3avj30ro0roac6.jpg?KID=imgbed,tva&Expires=1778664284&ssig=uIJFE4%2FfMK",收到成毅的刷牙提醒了吗,search_contents_2026-05-13.csv,search_post,,被成毅的刷牙陪伴狠狠圈粉语音里的每一句鼓励都元气满满每一次指引都细致贴心为了听他说又进步了一点点都忍不住多刷几分钟牙新浪明星的微博视频 ,True,False,这款usmile牙刷和成毅的语音绝配刷牙也能这么快乐 || 被惦记的安心感 || 成毅这声音也太治愈了吧刷牙时听见记得轻柔打圈哦瞬间嘴角上扬usmile这是把牙刷做成了心动单品吧,9,积极,0.97161465883255,积极,0.97161465883255
5298069111572399,#收到成毅的刷牙提醒了吗# 被成毅的刷牙语音狠狠拿捏了！ 短片氛围感拉满，他松弛又治愈的样子太可了，更绝的是专属语音包！激励的话、贴心的指引，甚至还有可爱的成就播报，以后刷牙再也不敷衍，就为了听他说“又进步了一点点”呀~ ,1778670372,2026-05-13 11:06:12+08:00,95,4,0,1778653488089,https://m.weibo.cn/detail/5298069111572399,北京,6524697413,明星V放送,f,https://m.weibo.cn/u/6524697413?launchid=10000360-page_H5,"https://tvax1.sinaimg.cn/crop.0.0.1080.1080.180/0077yXR3ly8gysgetdgjlj30u00u041c.jpg?KID=imgbed,tva&Expires=1778664284&ssig=ojWR2MoVYY",收到成毅的刷牙提醒了吗,search_contents_2026-05-13.csv,search_post,, 被成毅的刷牙语音狠狠拿捏了 短片氛围感拉满他松弛又治愈的样子太可了更绝的是专属语音包激励的话贴心的指引甚至还有可爱的成就播报以后刷牙再也不敷衍就为了听他说又进步了一点点呀 ,True,False,每天听成毅的语音陪伴刷牙感觉生活都变得温柔起来usmile牙刷真的不错 || cy 千面角色一种初心成毅坚守演员本心usmile坚守护齿本心双向契合 || 手里有活的从容气质连提醒刷牙都像在说我在乎你的日常usmile这波联名赢在懂人心,9,积极,0.9568558931350708,积极,0.9568558931350708
5298118578146409,#收到成毅的刷牙提醒了吗# cy #YI起快乐刷好牙#  🍒✶⁺₊◦~٩(๑༏ 〰 ༏๑)۶喜欢慢慢感受生活的温柔，喜欢成毅的静好，也喜欢usmile的细腻呵护@成毅 成毅｜赴山海｜萧秋水｜李沉舟｜肖明明｜天地剑心｜王权富贵｜卢云 | 长安二十四计｜谢淮安｜两京十五日 | 朱瞻基 |狩谎｜林彦廷｜成毅 ,1778682166,2026-05-13 14:22:46+08:00,2,5,1,1778653488108,https://m.weibo.cn/detail/5298118578146409,辽宁,7873804631,撩动巴黎小王子毅,m,https://m.weibo.cn/u/7873804631?launchid=10000360-page_H5,"https://tvax4.sinaimg.cn/crop.0.0.1080.1080.180/008ARGgTly8hicn20q18pj30u00u0gns.jpg?KID=imgbed,tva&Expires=1778664284&ssig=cYRbEYXc%2FB",收到成毅的刷牙提醒了吗,search_contents_2026-05-13.csv,search_post,, cy   ٩๑  ๑۶喜欢慢慢感受生活的温柔喜欢成毅的静好也喜欢usmile的细腻呵护 成毅赴山海萧秋水李沉舟肖明明天地剑心王权富贵卢云  长安二十四计谢淮安两京十五日  朱瞻基 狩谎林彦廷成毅 ,True,False,回眸一笑百媚生满怀热爱为成毅而来 || 成毅在威亚上反复调整角度的执着是对完美最动人的诠释 || 成毅在表演中展现的克制与隐忍让情感的最终爆发更具摧枯拉朽的震撼力量  cy,0,积极,0.9737618565559388,积极,0.9737618565559388
5298116757815806,#收到成毅的刷牙提醒了吗#   你的意思我买的成毅usmile笑容加电动牙刷🪥，每次刷牙打开，有全球代言人成毅的语音提醒嘛我列个豆，这和成毅在我身边提醒我刷牙有什么区别，梦一个居家男友啊，我可以一天早中午刷三遍#成毅usmile笑容加全球品牌代言人# 言情小姐姐的微博视频 ,1778681732,2026-05-13 14:15:32+08:00,44,7,12,1778653488120,https://m.weibo.cn/detail/5298116757815806,重庆,5387153978,言情小姐姐,f,https://m.weibo.cn/u/5387153978?launchid=10000360-page_H5,"https://tvax4.sinaimg.cn/crop.0.0.1080.1080.180/005SzWQily8i6c2mwq89bj30u00u0whj.jpg?KID=imgbed,tva&Expires=1778664284&ssig=YQVu5Pt4wD",收到成毅的刷牙提醒了吗,search_contents_2026-05-13.csv,search_post,,   你的意思我买的成毅usmile笑容加电动牙刷每次刷牙打开有全球代言人成毅的语音提醒嘛我列个豆这和成毅在我身边提醒我刷牙有什么区别梦一个居家男友啊我可以一天早中午刷三遍 言情小姐姐的微博视频 ,True,False,每天恨不得刷他几十遍 || 每天都刷一刷,9,中性,0.6930340528488159,中性,0.6930340528488159
5298104040423878,#孙铭阳退出国家队# #何卓佳祝福孙铭阳# 孙铭阳官宣退出国家队，何卓佳、刘炜珊、王添艺、朱梓予、闫安、方博的祝福留言 ,1778678700,2026-05-13 13:25:00+08:00,27,0,2,1778653571221,https://m.weibo.cn/detail/5298104040423878,河南,5229334406,精神病院派来的猴子,m,https://m.weibo.cn/u/5229334406?launchid=10000360-page_H5,"https://tvax2.sinaimg.cn/crop.0.0.1080.1080.180/005HTKLkly8h0tih061qsj30u00u0405.jpg?KID=imgbed,tva&Expires=1778664354&ssig=QWJuUQjb56",何卓佳祝福孙铭阳,search_contents_2026-05-13.csv,search_post,,  孙铭阳官宣退出国家队何卓佳刘炜珊王添艺朱梓予闫安方博的祝福留言 ,True,False,,0,积极,0.5491338968276978,积极,0.5491338968276978
5298101734345028,#何卓佳祝福孙铭阳#乒乓球  5月13日，@Sun孙铭阳 发文宣布退出国家队。@小胖子何卓佳 在评论区留言：“看哭了，更想你了~不论以后你在哪我都在，祝一切顺利、身体健康。”#孙铭阳退出国家队# ,1778678150,2026-05-13 13:15:50+08:00,42,1,0,1778653571228,https://m.weibo.cn/detail/5298101734345028,北京,2011739333,新浪乒乓球,f,https://m.weibo.cn/u/2011739333?launchid=10000360-page_H5,"https://tvax2.sinaimg.cn/crop.0.0.600.600.180/77e8b4c5ly8hykbvx055rj20go0gowfr.jpg?KID=imgbed,tva&Expires=1778664354&ssig=JN3fXsFqmM",何卓佳祝福孙铭阳,search_contents_2026-05-13.csv,search_post,,乒乓球  5月13日 发文宣布退出国家队 在评论区留言看哭了更想你了不论以后你在哪我都在祝一切顺利身体健康 ,True,False,,7,积极,0.8891111612319946,积极,0.8891111612319946
5298116836459107,孙铭阳之前采访提到佳佳莎莎都是她的好朋友，曾带孙颖莎玩“跳楼机”突破自我 。#何卓佳祝福孙铭阳# 我觉得可爱啊的微博视频 ,1778681751,2026-05-13 14:15:51+08:00,13,0,0,1778653571236,https://m.weibo.cn/detail/5298116836459107,贵州,6616719538,我觉得可爱啊,f,https://m.weibo.cn/u/6616719538?launchid=10000360-page_H5,"https://tvax4.sinaimg.cn/crop.0.0.1079.1079.180/007dN50Sly8hw38dhfyu3j30tz0u076f.jpg?KID=imgbed,tva&Expires=1778664354&ssig=HyHi7s2x2q",何卓佳祝福孙铭阳,search_contents_2026-05-13.csv,search_post,,孙铭阳之前采访提到佳佳莎莎都是她的好朋友曾带孙颖莎玩跳楼机突破自我  我觉得可爱啊的微博视频 ,True,False,,0,积极,0.9676767587661744,积极,0.9676767587661744
5298113115851139,#何卓佳祝福孙铭阳##孙铭阳退出国家队# 看恍惚了，肖战指导陪孙颖莎训练，今夕是何年。孙颖莎身边好多恩师、好朋友都离开国家队了，她还在奋斗，扛着中国女乒的辉煌大旗。国乒队内竞争如此激烈，总有人上，也总有人下，但大家都在为中国乒乓球队努力，每个冠军背后都是无数人一起努力的结果！#方博已报名wtt比赛##方博说和梁靖崑五五开# 国球人生的微博视频,1778680864,2026-05-13 14:01:04+08:00,4,0,0,1778653571243,https://m.weibo.cn/detail/5298113115851139,山东,5707886028,国球人生,m,https://m.weibo.cn/u/5707886028?luicode=20000061&lfid=5298113115851139&launchid=10000360-page_H5,"https://tvax2.sinaimg.cn/crop.0.0.600.600.180/006ehHTSly8gxz64icyxoj30go0go75c.jpg?KID=imgbed,tva&Expires=1778664354&ssig=GjQEQnj70x",何卓佳祝福孙铭阳,search_contents_2026-05-13.csv,search_post,, 看恍惚了肖战指导陪孙颖莎训练今夕是何年孙颖莎身边好多恩师好朋友都离开国家队了她还在奋斗扛着中国女乒的辉煌大旗国乒队内竞争如此激烈总有人上也总有人下但大家都在为中国乒乓球队努力每个冠军背后都是无数人一起努力的结果 国球人生的微博视频,True,False,,7,积极,0.9154964685440063,积极,0.9154964685440063
5298096007547146,【#多位国乒名将祝福孙铭阳#】#国乒多名球员祝福孙铭阳#5月13日，@Sun孙铭阳 在社交平台发视频宣布退出国家队，随后，多位国乒名将在评论区为其送上祝福。@小胖子何卓佳 ：“看哭了，更想你了~不论以后你在哪我都在，祝一切顺利、身体健康。”@A方博 ：“加油” 闫安：“加油”刘炜珊：“加油，都会越来越好的”王添艺：“越来越好，身体健康”#孙铭阳退出国家队#@白鹿视频,1778676785,2026-05-13 12:53:05+08:00,15,0,2,1778653571251,https://m.weibo.cn/detail/5298096007547146,,7575030448,白鹿视频,m,https://m.weibo.cn/u/7575030448?luicode=20000061&lfid=5298096007547146&launchid=10000360-page_H5,"https://tvax3.sinaimg.cn/crop.0.0.512.512.180/008gE3ssly8i02wouqxxvj30e80e8jrg.jpg?KID=imgbed,tva&Expires=1778664358&ssig=17XJSOnhE0",何卓佳祝福孙铭阳,search_contents_2026-05-13.csv,search_post,,5月13日 在社交平台发视频宣布退出国家队随后多位国乒名将在评论区为其送上祝福 看哭了更想你了不论以后你在哪我都在祝一切顺利身体健康 加油 闫安加油刘炜珊加油都会越来越好的王添艺越来越好身体健康,True,False,,7,积极,0.9765126705169678,积极,0.9765126705169678
5298118779210065,#何卓佳祝福孙铭阳##孙铭阳退出国家队# 在国乒，孙颖莎、何卓佳、孙铭阳三人关系特别好。看到孙铭阳退出国家队，突然想起当年朋友给过我一张她们三姐妹的签名合照，刚才到处找了也没找到，不知道放哪了不过翻出不少运动员的周边，逮着机会就送了。这有三件孙颖莎的hq短袖，都全新的，有喜欢孙颖莎的球迷吗？送了。#方博说和梁靖崑五五开# 国球人生的微博视频,1778682214,2026-05-13 14:23:34+08:00,0,0,0,1778653571260,https://m.weibo.cn/detail/5298118779210065,山东,5707886028,国球人生,m,https://m.weibo.cn/u/5707886028?luicode=20000061&lfid=5298118779210065&launchid=10000360-page_H5,"https://tvax2.sinaimg.cn/crop.0.0.600.600.180/006ehHTSly8gxz64icyxoj30go0go75c.jpg?KID=imgbed,tva&Expires=1778664361&ssig=6tvRjM1k%2B4",何卓佳祝福孙铭阳,search_contents_2026-05-13.csv,search_post,, 在国乒孙颖莎何卓佳孙铭阳三人关系特别好看到孙铭阳退出国家队突然想起当年朋友给过我一张她们三姐妹的签名合照刚才到处找了也没找到不知道放哪了不过翻出不少运动员的周边逮着机会就送了这有三件孙颖莎的hq短袖都全新的有喜欢孙颖莎的球迷吗送了 国球人生的微博视频,True,False,,7,积极,0.7788153886795044,积极,0.7788153886795044
5298118698469294,#何卓佳祝福孙铭阳#最好的三小只，未来会更好，赛道不同了，终会再次顶峰相见。 ,1778682195,2026-05-13 14:23:15+08:00,1,0,0,1778653571266,https://m.weibo.cn/detail/5298118698469294,陕西,2083710581,空巷半盏清茶,f,https://m.weibo.cn/u/2083710581?launchid=10000360-page_H5,"https://tvax3.sinaimg.cn/crop.0.0.1080.1080.180/7c32e675ly8id3msb1s95j20u00u0gnc.jpg?KID=imgbed,tva&Expires=1778664354&ssig=pB3k5PuQOB",何卓佳祝福孙铭阳,search_contents_2026-05-13.csv,search_post,,最好的三小只未来会更好赛道不同了终会再次顶峰相见 ,True,False,,7,积极,0.9809083938598632,积极,0.9809083938598632
5298107577537719,孙铭阳退出国家队孙铭阳退出国家队中国乒乓球女运动员孙铭阳近日正式淡出国家队，回归上海队备战国内赛事。1999年出生的她曾是国乒一队重要陪练，与孙颖莎、何卓佳并称“铁三角”，2016年入选国家队，2019年世军运会获混双和女双亚军，2024年在日本T联赛击败张本美和夺冠，展现不俗实力。因年龄与新周期国家队换血调整，孙铭阳选择离开国家队集训体系，转战国内乒超和全运会赛场。球迷惋惜之余，也祝福她在新的舞台继续发光发热。国乒新一轮人才更迭加速，年轻力量正逐步接棒。#孙铭阳退出国家队##中国乒乓球队#,1778679543,2026-05-13 13:39:03+08:00,0,0,0,1778653571271,https://m.weibo.cn/detail/5298107577537719,中国香港,1729034621,嘟嘟聊球,f,https://m.weibo.cn/u/1729034621?luicode=20000061&lfid=5298107577537719&launchid=10000360-page_H5,"https://tva4.sinaimg.cn/crop.0.0.180.180.180/670ef97djw1e8qgp5bmzyj2050050aa8.jpg?KID=imgbed,tva&Expires=1778664365&ssig=GU%2F8l%2FRbEk",何卓佳祝福孙铭阳,search_contents_2026-05-13.csv,search_post,,孙铭阳退出国家队孙铭阳退出国家队中国乒乓球女运动员孙铭阳近日正式淡出国家队回归上海队备战国内赛事1999年出生的她曾是国乒一队重要陪练与孙颖莎何卓佳并称铁三角2016年入选国家队2019年世军运会获混双和女双亚军2024年在日本T联赛击败张本美和夺冠展现不俗实力因年龄与新周期国家队换血调整孙铭阳选择离开国家队集训体系转战国内乒超和全运会赛场球迷惋惜之余也祝福她在新的舞台继续发光发热国乒新一轮人才更迭加速年轻力量正逐步接棒,True,False,,-1,积极,0.7123249173164368,积极,0.7123249173164368
5298089112111148,夜市买回来的小狗mi晕我#在夜市买了一只很可爱的小狗#！！ 宿鸟见的微博视频 ,1778675141,2026-05-13 12:25:41+08:00,76,4,4,1778653707224,https://m.weibo.cn/detail/5298089112111148,江苏,7509913090,宿鸟见,m,https://m.weibo.cn/u/7509913090?launchid=10000360-page_H5,"https://tvax1.sinaimg.cn/crop.0.0.1000.1000.180/008cePsuly8id3tj0c3dmj30rs0rs761.jpg?KID=imgbed,tva&Expires=1778664500&ssig=M7tZ63hQmx",在夜市买了一只很可爱的小狗,search_contents_2026-05-13.csv,search_post,,夜市买回来的小狗mi晕我 宿鸟见的微博视频 ,True,False,小勾揣走了,10,消极,0.494912177324295,消极,0.494912177324295
5298085041275425,在夜市买了一只很可爱的小狗狗子会跳广场舞屁股一扭一扭的在夜市买了一只很可爱的小狗 #在夜市买了一只很可爱的小狗##狗子##萌宠的日常# 美梦成真0507的微博视频  ,1778674170,2026-05-13 12:09:30+08:00,97,16,2,1778653707238,https://m.weibo.cn/detail/5298085041275425,天津,1119204215,美梦成真0507,f,https://m.weibo.cn/u/1119204215?launchid=10000360-page_H5,"https://tvax1.sinaimg.cn/crop.0.0.640.640.640.180/002XJY2Tly8ib8wixc3mnj606c06cglo02.jpg?KID=imgbed,tva&Expires=1778664500&ssig=mFxWfzaD7E",在夜市买了一只很可爱的小狗,search_contents_2026-05-13.csv,search_post,,在夜市买了一只很可爱的小狗狗子会跳广场舞屁股一扭一扭的在夜市买了一只很可爱的小狗  美梦成真0507的微博视频  ,True,False,分析这篇文章 || 这只小狗的屁股好会扭啊 || 这是天生的舞者,-1,积极,0.9408116936683656,积极,0.9408116936683656
5298091206640627,#心理放松一下#【转发收藏！用纸折一个桌面收纳盒】简单几步教你用纸折一个桌面收纳盒，装小物件或瓜子壳都行，十分实用。跟着视频学起来吧！（嘟嘟鱼手工）新华网的微博视频 #在夜市买了一只很可爱的小狗# ,1778675640,2026-05-13 12:34:00+08:00,27,208,5,1778653707254,https://m.weibo.cn/detail/5298091206640627,,3309826382,健康成都官微,m,https://m.weibo.cn/u/3309826382?launchid=10000360-page_H5,"https://tvax1.sinaimg.cn/crop.0.0.996.996.180/c547f14ely8gvx1d0zh92j20ro0roadp.jpg?KID=imgbed,tva&Expires=1778664500&ssig=CW0%2BnWC6HH",在夜市买了一只很可爱的小狗,search_contents_2026-05-13.csv,search_post,,转发收藏用纸折一个桌面收纳盒简单几步教你用纸折一个桌面收纳盒装小物件或瓜子壳都行十分实用跟着视频学起来吧嘟嘟鱼手工新华网的微博视频  ,True,False,,1,积极,0.5862233638763428,积极,0.5862233638763428
5298112852658306,中华田园犬小时候是真萌，长大后更是成了忠诚的老朋友#在夜市买了一只很可爱的小狗# 音娱数码菌的微博视频 ,1778680801,2026-05-13 14:00:01+08:00,37,7,7,1778653707282,https://m.weibo.cn/detail/5298112852658306,福建,2106044504,音娱数码菌,f,https://m.weibo.cn/u/2106044504?launchid=10000360-page_H5,"https://tvax3.sinaimg.cn/crop.0.0.600.600.180/7d87b058ly8hbeju1hwkij20go0goq4l.jpg?KID=imgbed,tva&Expires=1778664500&ssig=5msv3bdOnY",在夜市买了一只很可爱的小狗,search_contents_2026-05-13.csv,search_post,,中华田园犬小时候是真萌长大后更是成了忠诚的老朋友 音娱数码菌的微博视频 ,True,False,哇好期待它长大的样子 || 好可爱的小奶狗 || 还是太可爱了,-1,积极,0.9686208367347716,积极,0.9686208367347716
5298109683073277,#在夜市买了一只很可爱的小狗#300在狗市基本可以拿下任何一个品种的小狗 稚兔梦境的微博视频 ,1778680045,2026-05-13 13:47:25+08:00,69,0,0,1778653707295,https://m.weibo.cn/detail/5298109683073277,福建,5841739290,稚兔梦境,m,https://m.weibo.cn/u/5841739290?launchid=10000360-page_H5,"https://tvax3.sinaimg.cn/crop.0.0.1080.1080.180/006nllfsly8i95zq2d065j30u00u0mxx.jpg?KID=imgbed,tva&Expires=1778664500&ssig=rOdnmlelKF",在夜市买了一只很可爱的小狗,search_contents_2026-05-13.csv,search_post,,300在狗市基本可以拿下任何一个品种的小狗 稚兔梦境的微博视频 ,True,False,,-1,中性,0.5663827657699585,中性,0.5663827657699585
5298099935251253,#在夜市买了一只很可爱的小狗#委屈巴巴的夜市小土狗 特别的萌 酒酿樱花园的微博视频 ,1778677721,2026-05-13 13:08:41+08:00,31,3,1,1778653707316,https://m.weibo.cn/detail/5298099935251253,河北,7373649334,酒酿樱花园,m,https://m.weibo.cn/u/7373649334?launchid=10000360-page_H5,"https://tvax1.sinaimg.cn/crop.0.0.1080.1080.180/0083151Yly8ibk5o78ni4j30u00u0763.jpg?KID=imgbed,tva&Expires=1778664500&ssig=ciM3ytR9vP",在夜市买了一只很可爱的小狗,search_contents_2026-05-13.csv,search_post,,委屈巴巴的夜市小土狗 特别的萌 酒酿樱花园的微博视频 ,True,False,你若盛开蝴蝶自来你若精彩天自安排心中有爱青春常在 || 人性之美莫过于诚人性之贵莫过于信诚为一切善法之源信乃人生立世之本 || 成功不属于那些跑得快的人而是属于那些一直在跑的人只要认定内心想要的并持之以恒为之付出每个人都能成为人生的赢家,-1,积极,0.932574987411499,积极,0.932574987411499
5298112517115088,#在夜市买了一只很可爱的小狗#我家的可爱小狗小时候的照片，翻了好久的照片才找到，现在是不可爱了，另一只白色的被别人抱养了。 ,1778680721,2026-05-13 13:58:41+08:00,1,3,0,1778653707323,https://m.weibo.cn/detail/5298112517115088,上海,3407694030,韩韩啊啊han爱运动,f,https://m.weibo.cn/u/3407694030?launchid=10000360-page_H5,"https://tvax1.sinaimg.cn/crop.0.0.1080.1080.180/cb1d48cely8hax2ax4dm7j20u00u0taw.jpg?KID=imgbed,tva&Expires=1778664500&ssig=CGofaNkm5E",在夜市买了一只很可爱的小狗,search_contents_2026-05-13.csv,search_post,,我家的可爱小狗小时候的照片翻了好久的照片才找到现在是不可爱了另一只白色的被别人抱养了 ,True,False,小小的时候都很可爱 || 小小的好可爱 || 好萌呀可可爱爱,10,中性,0.4869203865528106,中性,0.4869203865528106
5298086880478245,白鹿是于正旗下唯一有商务的女艺人（其他人商务都已到期不续），还是她自己靠剧红了之后才慢慢多的，白鹿这一走，于正损失一大半商务收入 #曝白鹿和于正合约到期不续# ,1778674609,2026-05-13 12:16:49+08:00,1448,95,8,1778653797234,https://m.weibo.cn/detail/5298086880478245,江苏,3979866498,今天来爱哪个哥哥,f,https://m.weibo.cn/u/3979866498?launchid=10000360-page_H5,"https://tvax4.sinaimg.cn/crop.0.0.512.512.180/ed37f182ly8gyi6fme9ydj20e80e8dgl.jpg?KID=imgbed,tva&Expires=1778664573&ssig=VJm2jeP%2Foz",曝白鹿和于正合约到期不续,search_contents_2026-05-13.csv,search_post,,白鹿是于正旗下唯一有商务的女艺人其他人商务都已到期不续还是她自己靠剧红了之后才慢慢多的白鹿这一走于正损失一大半商务收入  ,True,False,白鹿在哪白鹿粉丝在哪期待白鹿莫离 || 于正捧红了她于正还可以捧红下一个呗,1,消极,0.6533559560775757,消极,0.6533559560775757
5298085404346204,#曝白鹿和于正合约到期不续#原来如此，因为白鹿合约要到期了。 ,1778674257,2026-05-13 12:10:57+08:00,1112,63,5,1778653797242,https://m.weibo.cn/detail/5298085404346204,浙江,7879125388,内娱万事通,m,https://m.weibo.cn/u/7879125388?launchid=10000360-page_H5,"https://tvax4.sinaimg.cn/crop.7.0.813.813.180/008Be0ryly8hn7qxfhq4cj30n00mldh4.jpg?KID=imgbed,tva&Expires=1778664573&ssig=XCxWekBkkL",曝白鹿和于正合约到期不续,search_contents_2026-05-13.csv,search_post,,原来如此因为白鹿合约要到期了 ,True,False,白鹿自2017年签约欢娱影视后与于正合作了凤囚凰周生如故等多部作品合约到期不续在娱乐圈常意味着艺人可能自立门户或调整发展方向近期业内确有类似解约趋势但具体安排需以官方信息为准查看最新戳gt微博智搜 || 不信谣不传谣多期待莫离 || 一切自会有定夺先来预约我们莫离,1,中性,0.7292607426643372,中性,0.7292607426643372
5298098016619117,别的明星到期自立门户或换公司，要么是公司给不了资源也不出力，要么是一人养活全公司，这两个白鹿都没有啊白月和临江仙的时候于正完全奉献翻炒热度吸引火力，就更不用提白鹿从出道开始多少资源了，重点欢娱还有其他好几个能赚的热门生花，她甚至都不需要被逼接内戏，想休息就休息，这还不好啊？所以不是于正不会放，是她没有什么理由走啊#曝白鹿和于正合约到期不续#,1778677264,2026-05-13 13:01:04+08:00,264,20,1,1778653797251,https://m.weibo.cn/detail/5298098016619117,安徽,1728075935,焦安然I,f,https://m.weibo.cn/u/1728075935?luicode=20000061&lfid=5298098016619117&launchid=10000360-page_H5,"https://tvax4.sinaimg.cn/crop.0.0.1080.1080.180/6700589fly8i5mspjgca3j20u00u0jt0.jpg?KID=imgbed,tva&Expires=1778664574&ssig=iMnvNvyHqR",曝白鹿和于正合约到期不续,search_contents_2026-05-13.csv,search_post,,别的明星到期自立门户或换公司要么是公司给不了资源也不出力要么是一人养活全公司这两个白鹿都没有啊白月和临江仙的时候于正完全奉献翻炒热度吸引火力就更不用提白鹿从出道开始多少资源了重点欢娱还有其他好几个能赚的热门生花她甚至都不需要被逼接内戏想休息就休息这还不好啊所以不是于正不会放是她没有什么理由走啊,True,False,互相成就的老两口 || 想把现在这种局面模糊成想解约被前老板害啊 || 封杀一年的不是你 带新人的不是你 被风口浪尖的不是你 你这么喜欢于正这样的领导 以后遇见的每一个领导 都要像于正这样喔,1,消极,0.6110677719116211,消极,0.6110677719116211
5298086835655338,所以白鹿和于正公司到期不续？别是个噱头吧，虽然于歪惹人烦，但他对白鹿的扶持可是实打实的倾尽所有，离开了还有这么好的护盾？白鹿和欢娱，就像热巴和嘉行，给人的感觉都是公司给的资源＞艺人自身的类型 #于正回应白鹿争议# #曝白鹿和于正合约到期不续# ,1778674598,2026-05-13 12:16:38+08:00,679,45,2,1778653797256,https://m.weibo.cn/detail/5298086835655338,安徽,1728075935,焦安然I,f,https://m.weibo.cn/u/1728075935?launchid=10000360-page_H5,"https://tvax4.sinaimg.cn/crop.0.0.1080.1080.180/6700589fly8i5mspjgca3j20u00u0jt0.jpg?KID=imgbed,tva&Expires=1778664573&ssig=t0z4ZLVmfU",曝白鹿和于正合约到期不续,search_contents_2026-05-13.csv,search_post,,所以白鹿和于正公司到期不续别是个噱头吧虽然于歪惹人烦但他对白鹿的扶持可是实打实的倾尽所有离开了还有这么好的护盾白鹿和欢娱就像热巴和嘉行给人的感觉都是公司给的资源艺人自身的类型   ,True,False,她就跟成玉一样 离不开的 || 和8一个套路一直放瓜炒作一直没解约还隔几天就放瓜炒一炒 || 能离的开吗而且于正对她真的够好词条说炸就炸,1,积极,0.766506016254425,积极,0.766506016254425
5298112591560967,【#白鹿已成立独资工作室#】#白鹿独资工作室叫鹿妍#近日，“白鹿和于正合约到期不续”相关话题登上热搜。企查查APP显示，白鹿（本名白梦妍）名下共关联3家公司，仅青岛鹿妍文化传媒工作室为存续状态，为白鹿个人独资企业，出资额1万元。其余两家新沂白鹿影视文化工作室、新沂福将文化传媒中心（有限合伙）现已注销。#曝白鹿和于正合约到期不续#,1778680738,2026-05-13 13:58:58+08:00,1764,46,43,1778653797262,https://m.weibo.cn/detail/5298112591560967,,1843633441,搜狐娱乐,m,https://m.weibo.cn/u/1843633441?luicode=20000061&lfid=5298112591560967&launchid=10000360-page_H5,"https://tvax3.sinaimg.cn/crop.3.2.96.96.180/0020LHhfly8h8p8t2d8guj602s02s0sj02.jpg?KID=imgbed,tva&Expires=1778664577&ssig=bi1FAnYSxc",曝白鹿和于正合约到期不续,search_contents_2026-05-13.csv,search_post,,近日白鹿和于正合约到期不续相关话题登上热搜企查查APP显示白鹿本名白梦妍名下共关联3家公司仅青岛鹿妍文化传媒工作室为存续状态为白鹿个人独资企业出资额1万元其余两家新沂白鹿影视文化工作室新沂福将文化传媒中心有限合伙现已注销,True,False,不关心  只关心白鹿莫离马上在播出 还有白鹿粉丝永远支持她  她在哪 鹿毛在哪 || 评论区整体以质疑媒体动机和支持艺人为主45网友指出工作室实为2021年成立质疑旧闻新炒意图35粉丝表达对白鹿决定的坚定支持强调关注新剧12嘲讽媒体未核实基本信息普遍共识是期待艺人新作认为热搜利用信息差制造无效话题查看最新戳gt微博智搜 || 21年就有了的现在拉出来说没意义不如期待白鹿待播剧莫离,0,中性,0.7520440220832825,中性,0.7520440220832825
5298120174863856,#曝白鹿和于正合约到期不续#每次又不续约的声音不管哪个明星好像都会有一堆黑料，这是为什么呢 ,1778682547,2026-05-13 14:29:07+08:00,0,0,0,1778653797267,https://m.weibo.cn/detail/5298120174863856,广东,1771409915,木贝贝OO,f,https://m.weibo.cn/u/1771409915?launchid=10000360-page_H5,"https://tvax1.sinaimg.cn/crop.0.0.512.512.180/699591fbly8ibrq7mt96wj20e80e8jrr.jpg?KID=imgbed,tva&Expires=1778664573&ssig=ihQ4E2TWyu",曝白鹿和于正合约到期不续,search_contents_2026-05-13.csv,search_post,,每次又不续约的声音不管哪个明星好像都会有一堆黑料这是为什么呢 ,True,False,,-1,消极,0.7280260324478149,消极,0.7280260324478149
5298120016792011,#对跑男和白鹿的过度审判该停止了#【极目锐评｜过度审判的网络狂欢，唤不回跑男“伐木累”的温暖】#逐帧挑刺白鹿唤不回跑男的伐木累##白鹿跑男被逐帧定罪是谁在带节奏#近日，已经播出12年的老牌综艺“跑男”（节目名《奔跑吧》，曾名《奔跑吧兄弟》）持续引发争议，撕开了内娱综艺舆论场的乱象。 #曝白鹿和于正合约到期不续#节目中多位嘉宾的片段被营销号轮番“碎片化”解读，推上舆论审判台。“白鹿泼水李晨”“白鹿发的cha李晨在后面当背景板”“白鹿翻白眼被审判”“范丞丞撕名牌划水”“跑男什么时候变成这样了”等话题引发全网讨论。网友们各执一词、争执不休，揣测与批判齐飞，争议甚至超出了综艺本身，上升到对嘉宾人品、素质的攻击。说实话，跑男的定位是明星户外竞技真人秀，玩玩闹闹，游戏互动，竞技比拼，都是正常环节，也是节目效果。嘉宾之间的对话，往往有上下文语境，游戏中的行为，也有特定情境，单独把某个片段截出来，将轻松打闹说成“不尊重前辈”，把无心之举解读为“低情商”，这不就是断章取义扣帽子？捕风捉影的解读，跟风盲从的批判，不过是流量裹挟之下的煽动和误导。当下的舆论场有种奇怪的风气：事实靠后情绪先行，急于批判善于施压，标签盖过真相，口水淹没逻辑，很多人都曾因为一件小事被推到风口浪尖，本就关注度高的艺人更是如此。节目上的一言一行被逐帧拆解，正常互动被上升为人品拷问，先入为主的偏见，加上无休无止的苛责，可谓“欲加之罪，何患无辞”。过度的、不正常的舆论狂热背后，也藏着粉圈争斗的暗流，流量博弈的算计，让原本正常的观众评论区，沦为互撕谩骂的战场，不仅伤害了艺人的合法权益，更将舆论的水搅得浑浊不堪。苛责他人很容易，换位思考却很难，公众人物当然要承担社会责任，接受公众监督，但人无完人，金无足赤，谁都经不起全网拿着放大镜来“找茬”，一举一动都被紧密关注，被恶意解读，那不就成了“呼吸都是错”？跑男已经播了12年，此前的常驻嘉宾多有更换，也有新人不断加入，有人怀念旧时，有人喜欢新鲜，出现争议本属正常。但是，将对节目的不满迁怒于个别嘉宾，把“不好看”的锅都甩给艺人，上纲上线、吹毛求疵，既不合理也不公平。观众觉得节目不好看，当然有提出合理建议的权利，实在不喜欢，也可以用收视率和播放量给节目组“上课”，但评价应该理性公正，避免偏激和双标。差不多的互动在别人身上是“综艺感”“好笑”，到了白鹿身上就是“没分寸”“不尊重”，审判过度，有失公允，无异于言语霸凌。很多人怀念曾经的跑男，怀念那句“we are 伐木累”带来的温暖与热血，可这份怀念，是逐帧挑刺、谩骂攻击找不回来的。综艺的初衷是传递快乐，若嘉宾们害怕动辄得咎，不敢放开玩、不敢“当活人”，节目只会越来越紧绷和刻板，整个综艺行业的创作生态也会被伤害。舆论监督不是网暴的遮羞布，“为了节目好”也不是掀起骂战的借口，无节制、无底线地煽动情绪，只会污染网络空间，引发寒蝉效应，浇灭综艺节目的烟火气。大家看节目是为了找乐子、解压，而不是化身“道德法官”，在虚拟战场里消耗自己、伤害他人。赶紧停止这场无意义的网络审判，才可能找回跑男曾带来的快乐和感动，才能让跑男节目组真正好好思考该何去何从。（极目新闻评论员 纪平） #白鹿跑男出圈名场面不该被全盘否定# 极目新闻的微博视频,1778682509,2026-05-13 14:28:29+08:00,0,0,0,1778653797273,https://m.weibo.cn/detail/5298120016792011,,6536846182,现代快报快快看视频,f,https://m.weibo.cn/u/6536846182?luicode=20000061&lfid=5298120016792011&launchid=10000360-page_H5,"https://tvax2.sinaimg.cn/crop.0.0.689.689.180/0078nWiWly8i89q7twkg0j30j50j5q3g.jpg?KID=imgbed,tva&Expires=1778664580&ssig=WdxaQeUPFC",曝白鹿和于正合约到期不续,search_contents_2026-05-13.csv,search_post,,极目锐评过度审判的网络狂欢唤不回跑男伐木累的温暖近日已经播出12年的老牌综艺跑男节目名奔跑吧曾名奔跑吧兄弟持续引发争议撕开了内娱综艺舆论场的乱象 节目中多位嘉宾的片段被营销号轮番碎片化解读推上舆论审判台白鹿泼水李晨白鹿发的cha李晨在后面当背景板白鹿翻白眼被审判范丞丞撕名牌划水跑男什么时候变成这样了等话题引发全网讨论网友们各执一词争执不休揣测与批判齐飞争议甚至超出了综艺本身上升到对嘉宾人品素质的攻击说实话跑男的定位是明星户外竞技真人秀玩玩闹闹游戏互动竞技比拼都是正常环节也是节目效果嘉宾之间的对话往往有上下文语境游戏中的行为也有特定情境单独把某个片段截出来将轻松打闹说成不尊重前辈把无心之举解读为低情商这不就是断章取义扣帽子捕风捉影的解读跟风盲从的批判不过是流量裹挟之下的煽动和误导当下的舆论场有种奇怪的风气事实靠后情绪先行急于批判善于施压标签盖过真相口水淹没逻辑很多人都曾因为一件小事被推到风口浪尖本就关注度高的艺人更是如此节目上的一言一行被逐帧拆解正常互动被上升为人品拷问先入为主的偏见加上无休无止的苛责可谓欲加之罪何患无辞过度的不正常的舆论狂热背后也藏着粉圈争斗的暗流流量博弈的算计让原本正常的观众评论区沦为互撕谩骂的战场不仅伤害了艺人的合法权益更将舆论的水搅得浑浊不堪苛责他人很容易换位思考却很难公众人物当然要承担社会责任接受公众监督但人无完人金无足赤谁都经不起全网拿着放大镜来找茬一举一动都被紧密关注被恶意解读那不就成了呼吸都是错跑男已经播了12年此前的常驻嘉宾多有更换也有新人不断加入有人怀念旧时有人喜欢新鲜出现争议本属正常但是将对节目的不满迁怒于个别嘉宾把不好看的锅都甩给艺人上纲上线吹毛求疵既不合理也不公平观众觉得节目不好看当然有提出合理建议的权利实在不喜欢也可以用收视率和播放量给节目组上课但评价应该理性公正避免偏激和双标差不多的互动在别人身上是综艺感好笑到了白鹿身上就是没分寸不尊重审判过度有失公允无异于言语霸凌很多人怀念曾经的跑男怀念那句we are 伐木累带来的温暖与热血可这份怀念是逐帧挑刺谩骂攻击找不回来的综艺的初衷是传递快乐若嘉宾们害怕动辄得咎不敢放开玩不敢当活人节目只会越来越紧绷和刻板整个综艺行业的创作生态也会被伤害舆论监督不是网暴的遮羞布为了节目好也不是掀起骂战的借口无节制无底线地煽动情绪只会污染网络空间引发寒蝉效应浇灭综艺节目的烟火气大家看节目是为了找乐子解压而不是化身道德法官在虚拟战场里消耗自己伤害他人赶紧停止这场无意义的网络审判才可能找回跑男曾带来的快乐和感动才能让跑男节目组真正好好思考该何去何从极目新闻评论员 纪平  极目新闻的微博视频,True,False,,0,消极,0.7197223901748657,消极,0.7197223901748657
5298119942340858,#于正回应白鹿争议# #曝白鹿和于正合约到期不续# 企查查APP显示，白鹿（白梦妍）名下关联3家企业，其中新沂白鹿影视文化工作室、新沂福将文化传媒中心（有限合伙）已注销，仅青岛鹿妍文化传媒工作室为存续状态，白鹿为投资人，持股100%。平台信息显示，白鹿七日新增粉丝6.3万。#白鹿也被泼水了#（中国蓝新闻）,1778682490,2026-05-13 14:28:10+08:00,0,0,0,1778653797279,https://m.weibo.cn/detail/5298119942340858,,1636678683,长天新闻,m,https://m.weibo.cn/u/1636678683?luicode=20000061&lfid=5298119942340858&launchid=10000360-page_H5,"https://tvax1.sinaimg.cn/crop.0.0.500.500.180/618dbc1bly8id03r0gdcej20dw0dw3yk.jpg?KID=imgbed,tva&Expires=1778664584&ssig=UkN8yMqvbS",曝白鹿和于正合约到期不续,search_contents_2026-05-13.csv,search_post,,  企查查APP显示白鹿白梦妍名下关联3家企业其中新沂白鹿影视文化工作室新沂福将文化传媒中心有限合伙已注销仅青岛鹿妍文化传媒工作室为存续状态白鹿为投资人持股100平台信息显示白鹿七日新增粉丝63万中国蓝新闻,True,False,,0,中性,0.7488715052604675,中性,0.7488715052604675
5297837550079485,开榴莲开到音响了 这情绪价值值两斤 #我的幽默灵感片场# / #生活笑料撞满怀# 一只泡泡机的微博视频 ,1778615164,2026-05-12 19:46:04+08:00,2116,104,521,1778653891415,https://m.weibo.cn/detail/5297837550079485,四川,5125859452,一只泡泡机,m,https://m.weibo.cn/u/5125859452?launchid=10000360-page_H5,"https://tvax1.sinaimg.cn/crop.0.0.600.600.180/005ATAcsly8i8mvnyynbfj30go0go77q.jpg?KID=imgbed,tva&Expires=1778664684&ssig=Lt2aKaLPVw",开榴莲开到音响了,search_contents_2026-05-13.csv,search_post,,开榴莲开到音响了 这情绪价值值两斤    一只泡泡机的微博视频 ,True,False,来源dy草莓莫吉托 || 开榴莲也太治愈了 || 这榴莲看的我都流口水了,6,消极,0.4353724420070648,消极,0.4353724420070648
5298092941250802,#开榴莲开到音响了#广西南宁小哥，开榴莲开到音响了，这比赌石场开到好翡翠还激动，小哥把情绪价值拉满了！ 吃成大饼脸的微博视频 ,1778676054,2026-05-13 12:40:54+08:00,53,16,0,1778653891430,https://m.weibo.cn/detail/5298092941250802,安徽,6893440069,吃成大饼脸,f,https://m.weibo.cn/u/6893440069?launchid=10000360-page_H5,"https://tvax2.sinaimg.cn/crop.0.0.990.990.180/007wwaFfly8i1la4bcubqj30ri0ridh7.jpg?KID=imgbed,tva&Expires=1778664684&ssig=V0WYAqq3eW",开榴莲开到音响了,search_contents_2026-05-13.csv,search_post,,广西南宁小哥开榴莲开到音响了这比赌石场开到好翡翠还激动小哥把情绪价值拉满了 吃成大饼脸的微博视频 ,True,False,我的天后面举起满满一整份榴莲的肉那一刻我嫉妒啦 || 开榴莲为什么听起来这么舒服 || 开榴莲开出音响这手气也太绝了,6,消极,0.5398241877555847,消极,0.5398241877555847
5298079327848299,开榴莲开到音响了，广西水果市场dj氛围组已到位！ 笑料百宝箱的微博视频 ,1778672808,2026-05-13 11:46:48+08:00,109,8,9,1778653891451,https://m.weibo.cn/detail/5298079327848299,陕西,2485425080,笑料百宝箱,m,https://m.weibo.cn/u/2485425080?launchid=10000360-page_H5,"https://tvax1.sinaimg.cn/crop.0.0.1080.1080.180/942493b8ly8i007iqiyp7j20u00u1myr.jpg?KID=imgbed,tva&Expires=1778664684&ssig=RE43rYVABK",开榴莲开到音响了,search_contents_2026-05-13.csv,search_post,,开榴莲开到音响了广西水果市场dj氛围组已到位 笑料百宝箱的微博视频 ,True,False,好玩的榴莲DJ体验创意又接地气 || 开榴莲还能搭配DJ舞曲 || 榴莲壳敲起来秒变夜市DJ,6,积极,0.6031090021133423,积极,0.6031090021133423
5298115441068792,#开榴莲开到音响了#买个榴莲 不仅开到一个皮薄馅儿大的宝藏榴莲 情绪价值也拉满了 很棒了👍🏻 另外广西老表也好会 ,1778681418,2026-05-13 14:10:18+08:00,19,6,0,1778653891461,https://m.weibo.cn/detail/5298115441068792,江苏,7416732426,進入貓貓貓次元_Qii,f,https://m.weibo.cn/u/7416732426?launchid=10000360-page_H5,"https://tvax4.sinaimg.cn/crop.0.0.1080.1080.180/0085VQUyly8ice7jmzzzyj30u00u0mzk.jpg?KID=imgbed,tva&Expires=1778664684&ssig=kHuP9YXWFk",开榴莲开到音响了,search_contents_2026-05-13.csv,search_post,,买个榴莲 不仅开到一个皮薄馅儿大的宝藏榴莲 情绪价值也拉满了 很棒了 另外广西老表也好会 ,True,False,好突然好搞笑哈哈哈 || 太有意思了,6,积极,0.9614018201828004,积极,0.9614018201828004
5298117064264872,#开榴莲开到音响了#来一段沉浸式开榴莲声控，听着感觉超级解压啊！你们喜欢这个声音吗？ 眞愛至純的微博视频 ,1778681805,2026-05-13 14:16:45+08:00,57,12,0,1778653891470,https://m.weibo.cn/detail/5298117064264872,辽宁,7368534212,眞愛至純,f,https://m.weibo.cn/u/7368534212?launchid=10000360-page_H5,"https://tvax4.sinaimg.cn/crop.0.0.1080.1080.180/0082FCm0ly8icyaae1ms2j30u00u0q5m.jpg?KID=imgbed,tva&Expires=1778664684&ssig=AozxM%2FsmkF",开榴莲开到音响了,search_contents_2026-05-13.csv,search_post,,来一段沉浸式开榴莲声控听着感觉超级解压啊你们喜欢这个声音吗 眞愛至純的微博视频 ,True,False,你们喜欢这个声音吗 || 榴莲博主真爱 || 谢邀已经听困了,9,积极,0.9619248509407043,积极,0.9619248509407043
5298106560156184,#开榴莲开到音响了# 不知道啊！我开出来时它就那么响，果肉那么丰满那么金黄啊！#买好榴莲就到百果园# ,1778679301,2026-05-13 13:35:01+08:00,7,5,2,1778653891478,https://m.weibo.cn/detail/5298106560156184,广东,2622525224,百果园,m,https://m.weibo.cn/u/2622525224?launchid=10000360-page_H5,"https://tvax4.sinaimg.cn/crop.0.0.1080.1080.180/9c508f28ly8i9v2vax9epj20u00u0dgs.jpg?KID=imgbed,tva&Expires=1778664684&ssig=wK5pYKqW57",开榴莲开到音响了,search_contents_2026-05-13.csv,search_post,, 不知道啊我开出来时它就那么响果肉那么丰满那么金黄啊 ,True,False,看着就好吃 || 哇偶好饱满啊,6,中性,0.5669399499893188,中性,0.5669399499893188
5298055088964617,520将至，经常有姐妹问我恋爱秘籍，作为过来人我想说： 520的浪漫，从来不是等别人奔赴，而是先取悦自己。松弛又热爱生活的自己，才是最高级的吸引力。一支喜欢的香，是仪式感，也是取悦自己。#520用晶钻加满桃花运# 范思哲粉耀晶钻香水，初闻是清甜石榴果香，鲜活灵动，自带甜甜的恋爱氛围感；中调缓缓铺开温柔花香，柔和又治愈，温柔气质让人忍不住主动靠近；尾调是贴合肌肤的温润暖香，低调绵长，像与生俱来的体香。不迎合、不刻意，活出舒服的自己，520的桃花运，从来都由自己定义。就像在花园里，只是自在地站着、走着，花会自己开，风会自己来。,1778667029,2026-05-13 10:10:29+08:00,2846,463,211,1778653998220,https://m.weibo.cn/detail/5298055088964617,湖北,1539727225,王恋Lynn,f,https://m.weibo.cn/u/1539727225?luicode=20000061&lfid=5298055088964617&launchid=10000360-page_H5,"https://tvax2.sinaimg.cn/crop.0.0.1080.1080.180/5bc65f79ly8ib9135s2nyj20u00u0794.jpg?KID=imgbed,tva&Expires=1778664747&ssig=DfUPdUGkJp",520用晶钻加满桃花运,search_contents_2026-05-13.csv,search_post,,520将至经常有姐妹问我恋爱秘籍作为过来人我想说 520的浪漫从来不是等别人奔赴而是先取悦自己松弛又热爱生活的自己才是最高级的吸引力一支喜欢的香是仪式感也是取悦自己 范思哲粉耀晶钻香水初闻是清甜石榴果香鲜活灵动自带甜甜的恋爱氛围感中调缓缓铺开温柔花香柔和又治愈温柔气质让人忍不住主动靠近尾调是贴合肌肤的温润暖香低调绵长像与生俱来的体香不迎合不刻意活出舒服的自己520的桃花运从来都由自己定义就像在花园里只是自在地站着走着花会自己开风会自己来,True,False,香水很少女嘛瓶子也好看可用可收藏 || 让我想到了华尔兹 || 好浪漫啊拍的真好看,6,积极,0.9658721089363098,积极,0.9658721089363098
5298056301642556,#520用晶钻加满桃花运##丁禹兮范思哲全球香水代言人#丁禹兮和范思哲粉耀晶钻香水的契合度，完全把温柔具象化了！范思哲粉耀晶钻不是那种用力抢镜的香。刚喷出来是酸甜的果香，亮亮的，像心动刚冒头，中调是轻盈水汽感花香，柔软却不轻飘，最后贴在皮肤上的木质香很干净，像风靠近时留下的安全感这种香气与丁禹兮给人的感觉真的非常像了，之前看《中餐厅》就有感触，他的体贴不是为了引人注目去为了讨来什么好处，而是很自然地长在细节里，他会接住别人的话，会照顾到场面里的每个人，也会在别人需要的时候先一步行动。但他吸引人的地方也不止温柔，看他演戏也是，他的很多情绪都处理得很细，眼神，停顿，节奏都极度有层次。范思哲粉耀晶的气味就跟他一样，有粉色钻石瓶身的闪耀感，也有花果香和麝香收住的分寸感。不是浮在表面的甜腻，而是越靠近越好闻，越了解越是心动520想送自己的礼物，我会选这种香。不是为了等谁来爱我，而是不断提醒自己：桃花运不是等来的，是当你认真爱自己之后，自然长出来的光亮,1778667318,2026-05-13 10:15:18+08:00,350,25,1,1778653998227,https://m.weibo.cn/detail/5298056301642556,澳大利亚,5872395436,豆进桶-,f,https://m.weibo.cn/u/5872395436?luicode=20000061&lfid=5298056301642556&launchid=10000360-page_H5,"https://tvax1.sinaimg.cn/crop.0.0.512.512.180/006ppYjqly8gthky2rkghj30e80e8q3e.jpg?KID=imgbed,tva&Expires=1778664751&ssig=3oqf9jrZqh",520用晶钻加满桃花运,search_contents_2026-05-13.csv,search_post,,丁禹兮和范思哲粉耀晶钻香水的契合度完全把温柔具象化了范思哲粉耀晶钻不是那种用力抢镜的香刚喷出来是酸甜的果香亮亮的像心动刚冒头中调是轻盈水汽感花香柔软却不轻飘最后贴在皮肤上的木质香很干净像风靠近时留下的安全感这种香气与丁禹兮给人的感觉真的非常像了之前看中餐厅就有感触他的体贴不是为了引人注目去为了讨来什么好处而是很自然地长在细节里他会接住别人的话会照顾到场面里的每个人也会在别人需要的时候先一步行动但他吸引人的地方也不止温柔看他演戏也是他的很多情绪都处理得很细眼神停顿节奏都极度有层次范思哲粉耀晶的气味就跟他一样有粉色钻石瓶身的闪耀感也有花果香和麝香收住的分寸感不是浮在表面的甜腻而是越靠近越好闻越了解越是心动520想送自己的礼物我会选这种香不是为了等谁来爱我而是不断提醒自己桃花运不是等来的是当你认真爱自己之后自然长出来的光亮,True,False,夏天和果香真的超级适配 || 好漂亮的包装哇 || 包装也好漂亮,6,积极,0.9621998071670532,积极,0.9621998071670532
5298056376353301,#520用晶钻加满桃花运##丁禹兮范思哲全球香水代言人#一年一度的520来了❤️今天是约会中提升魅力的小tips🧐都说闻香识女人，小小的香气真的能给约会氛围增色不少情调尤其是在520这样的日子里，平时在家带娃都是邋邋遢遢的我，准备在当天给老公一个全面精致妆造的惊喜🎁除了精心的穿搭还有妆容发型就连香水我也是精挑细选，既不想太妩媚，也不要太浓烈，想来想去，那必须是范思哲粉耀晶钻啦❗️这款香水温柔可爱又自带撩人感最重要是它还是我喜欢的丁禹兮代言的❤️TVC中的“你是我所渴望的空气，没有你我无法呼吸”真的太会啦这款香水如是所说也真的太懂女生约会小心思了❗️温柔花果香➕治愈木质香让温柔中多了几分灵动少女感前调是爆汁石榴混着清甜柚子，酸酸甜甜，一口沦陷的恋爱感拉满中调是很轻盈的水汽感花香，温柔氛围感直接拉满，让人忍不住想靠近哇喷这个和老公去约会仿佛又回到了热恋期❤️❤️❤️而后调暖暖的木质香贴肤留香，温柔又撩人却没有攻击性。夜晚最后温柔都靠它来撑，就连老公都以为是我的自带体香日常约会、聚餐社交喷它温柔又不刻意，悄悄拉满好感度无论是情侣约会还是520想要提升桃花运的单身姐妹，都要直接锁死这瓶粉耀晶钻哦～,1778667336,2026-05-13 10:15:36+08:00,10109,525,620,1778653998235,https://m.weibo.cn/detail/5298056376353301,北京,1891368225,常飞飞-飞飞,f,https://m.weibo.cn/u/1891368225?luicode=20000061&lfid=5298056376353301&launchid=10000360-page_H5,"https://tvax2.sinaimg.cn/crop.0.0.1080.1080.180/70bbfd21ly8ggg4shg537j20u00u0jus.jpg?KID=imgbed,tva&Expires=1778664754&ssig=lxrWIColgD",520用晶钻加满桃花运,search_contents_2026-05-13.csv,search_post,,一年一度的520来了今天是约会中提升魅力的小tips都说闻香识女人小小的香气真的能给约会氛围增色不少情调尤其是在520这样的日子里平时在家带娃都是邋邋遢遢的我准备在当天给老公一个全面精致妆造的惊喜除了精心的穿搭还有妆容发型就连香水我也是精挑细选既不想太妩媚也不要太浓烈想来想去那必须是范思哲粉耀晶钻啦这款香水温柔可爱又自带撩人感最重要是它还是我喜欢的丁禹兮代言的TVC中的你是我所渴望的空气没有你我无法呼吸真的太会啦这款香水如是所说也真的太懂女生约会小心思了温柔花果香治愈木质香让温柔中多了几分灵动少女感前调是爆汁石榴混着清甜柚子酸酸甜甜一口沦陷的恋爱感拉满中调是很轻盈的水汽感花香温柔氛围感直接拉满让人忍不住想靠近哇喷这个和老公去约会仿佛又回到了热恋期而后调暖暖的木质香贴肤留香温柔又撩人却没有攻击性夜晚最后温柔都靠它来撑就连老公都以为是我的自带体香日常约会聚餐社交喷它温柔又不刻意悄悄拉满好感度无论是情侣约会还是520想要提升桃花运的单身姐妹都要直接锁死这瓶粉耀晶钻哦,True,False,评论区围绕520节日和明星代言呈现浪漫氛围种草意愿明星效应和产品颜值四大亮点38用户赞美浪漫感32表达购买冲动18因丁禹兮代言关注产品12认可包装设计整体基调积极转化路径清晰查看最新戳gt微博智搜 || 哇塞这款真的很不错啊 || 同款香水必须安排起来,6,积极,0.9490938782691956,积极,0.9490938782691956
5298058183050129,#520用晶钻加满桃花运##丁禹兮范思哲全球香水代言人#真的太爱范思哲粉耀晶钻这种自带温柔氛围感的香水了，是很自然的少女体香感！！前调是酸甜清爽的石榴与柚子果香，鲜灵得像刚榨出的新鲜果汁，清甜又元气…走在路上微风一吹，慢慢就变成温柔又轻盈的水汽感花香，不浓烈不刺鼻，是让人忍不住想靠近的温柔，和喜欢的人待在一起，氛围感满满！！等到过了大半天之后再贴近皮肤闻，就是暖暖的木质调，淡淡的、软软的，很像自己天生自带的体香，贴肤又安心，留香真的超惊喜，我喷在手腕和耳后，逛完街、吃完饭，身上还留着若有若无的香气。喷上喜欢的香气，举手投足都是甜甜的氛围感，不管是心动约会还是日常社交，都能悄悄收获超多好感，520的桃花运，自己也能给自己安排上！！还是丁禹兮同款香水～,1778667767,2026-05-13 10:22:47+08:00,109,65,1,1778653998243,https://m.weibo.cn/detail/5298058183050129,湖北,5190061633,大迪子Phyllis,f,https://m.weibo.cn/u/5190061633?luicode=20000061&lfid=5298058183050129&launchid=10000360-page_H5,"https://tvax2.sinaimg.cn/crop.0.0.1080.1080.180/005FeY7vly8gsrwmgfrfnj30u00u0gnz.jpg?KID=imgbed,tva&Expires=1778664758&ssig=fV0tnRGWBL",520用晶钻加满桃花运,search_contents_2026-05-13.csv,search_post,,真的太爱范思哲粉耀晶钻这种自带温柔氛围感的香水了是很自然的少女体香感前调是酸甜清爽的石榴与柚子果香鲜灵得像刚榨出的新鲜果汁清甜又元气走在路上微风一吹慢慢就变成温柔又轻盈的水汽感花香不浓烈不刺鼻是让人忍不住想靠近的温柔和喜欢的人待在一起氛围感满满等到过了大半天之后再贴近皮肤闻就是暖暖的木质调淡淡的软软的很像自己天生自带的体香贴肤又安心留香真的超惊喜我喷在手腕和耳后逛完街吃完饭身上还留着若有若无的香气喷上喜欢的香气举手投足都是甜甜的氛围感不管是心动约会还是日常社交都能悄悄收获超多好感520的桃花运自己也能给自己安排上还是丁禹兮同款香水,True,False,超级好闻我刚用完 || 这个很好闻甜香 || 发给凯让他买,6,积极,0.9716198444366456,积极,0.9716198444366456
5297400195582616,科学研究有一种说法，只要闻到曾经闻过的味道，就会唤醒当时的记忆，这就是“普鲁斯特效应”。当我们经历某些重要时刻时，周围的气味和情感相交织，构成了独一无二的连结，等到再次遇到相同的气味时，往日的感受就会再次浮现。#范思哲香水##范思哲粉耀晶钻##520用晶钻加满桃花运# 收到这瓶香水时，先是被钻石切割般的瓶身所吸引，干净利索，和瓶中的粉色香水搭配，精致且迷人。这支香水总能让我想起前段时间在欧洲旅行的时光，在温柔平静的春天里，感受明媚雀跃的自由。前调是略带酸甜感的石榴柚子味，水果的酸涩感退去后中调是木兰、莲花、牡丹一起带来的花香，好似不同季节的花同时在鼻尖绽放，感受完被鲜花包围的感觉时，迎来了桃花心木和麝香，被植物琥珀的沉稳接住。是因特拉肯的草地，是意大利的火棘，是巴黎蒙马特高地的日落。春末夏初，白昼渐长，水雾散去了。脱下厚重的外套，带上这瓶粉耀晶钻一起迎接更轻盈的假期吧~,1778510890,2026-05-11 14:48:10+08:00,289,142,17,1778653998250,https://m.weibo.cn/detail/5297400195582616,北京,5545139881,浪费飞鸟,f,https://m.weibo.cn/u/5545139881?luicode=20000061&lfid=5297400195582616&launchid=10000360-page_H5,"https://tvax4.sinaimg.cn/crop.0.0.1080.1080.180/0063gQc1ly8hi99jbm719j30u00u042p.jpg?KID=imgbed,tva&Expires=1778664761&ssig=f4umf1XLWC",520用晶钻加满桃花运,search_contents_2026-05-13.csv,search_post,,科学研究有一种说法只要闻到曾经闻过的味道就会唤醒当时的记忆这就是普鲁斯特效应当我们经历某些重要时刻时周围的气味和情感相交织构成了独一无二的连结等到再次遇到相同的气味时往日的感受就会再次浮现 收到这瓶香水时先是被钻石切割般的瓶身所吸引干净利索和瓶中的粉色香水搭配精致且迷人这支香水总能让我想起前段时间在欧洲旅行的时光在温柔平静的春天里感受明媚雀跃的自由前调是略带酸甜感的石榴柚子味水果的酸涩感退去后中调是木兰莲花牡丹一起带来的花香好似不同季节的花同时在鼻尖绽放感受完被鲜花包围的感觉时迎来了桃花心木和麝香被植物琥珀的沉稳接住是因特拉肯的草地是意大利的火棘是巴黎蒙马特高地的日落春末夏初白昼渐长水雾散去了脱下厚重的外套带上这瓶粉耀晶钻一起迎接更轻盈的假期吧,True,False,拍得太好了吧我天哪是范思哲的摄影师吗 || 有一种美叫浪费飞鸟,6,中性,0.5326114296913147,中性,0.5326114296913147
5298057044034016,#520用晶钻加满桃花运##丁禹兮范思哲全球香水代言人#最近真的被好几个朋友问喷了什么香水！每次在电梯或咖啡店被拉住，当说出是“范思哲粉耀晶钻”时，对方都会恍然大悟：“原来是丁禹兮同款！难怪这么好闻！！”说实话，连官宣海报都透着这种干净温柔的❤️心动氛围，真的很难不种草按下喷头一瞬，是石榴与柚子交织出爆汁般的酸甜果香，这支花果香开场明亮活泼，丝毫不甜腻。这种清爽的果香很容易斩获第一印象好感，让人下意识就想凑近多闻一下。中调慢慢过渡到轻盈水汽感的花香，仿佛是带着晨露的花瓣，处理得轻柔粉润，不是那种艳俗的脂粉味，很干净、舒服。尾调则是细腻的木质香，像从皮肤里透出来的干净蓬松的伪体香，温柔又治愈留香表现也很优秀👌🏻体温手腕耳后留香约4–6小时，衣服上能留到第二天。想给520加点桃花运，或是第一次约会“让人忍不住想靠近”，这支很推荐试试。它不会用力过猛让人觉得刻意，又不寡淡到没存在感，恰到好处地传递“我很好相处，也很温柔”的信号。,1778667495,2026-05-13 10:18:15+08:00,61,25,8,1778653998256,https://m.weibo.cn/detail/5298057044034016,福建,6107484584,PoPo娘,f,https://m.weibo.cn/u/6107484584?luicode=20000061&lfid=5298057044034016&launchid=10000360-page_H5,"https://tva1.sinaimg.cn/crop.33.40.459.459.180/006FknJSjw8fblowxbhysj30dw0dwwge.jpg?KID=imgbed,tva&Expires=1778664764&ssig=r2oE7Vqrph",520用晶钻加满桃花运,search_contents_2026-05-13.csv,search_post,,最近真的被好几个朋友问喷了什么香水每次在电梯或咖啡店被拉住当说出是范思哲粉耀晶钻时对方都会恍然大悟原来是丁禹兮同款难怪这么好闻说实话连官宣海报都透着这种干净温柔的心动氛围真的很难不种草按下喷头一瞬是石榴与柚子交织出爆汁般的酸甜果香这支花果香开场明亮活泼丝毫不甜腻这种清爽的果香很容易斩获第一印象好感让人下意识就想凑近多闻一下中调慢慢过渡到轻盈水汽感的花香仿佛是带着晨露的花瓣处理得轻柔粉润不是那种艳俗的脂粉味很干净舒服尾调则是细腻的木质香像从皮肤里透出来的干净蓬松的伪体香温柔又治愈留香表现也很优秀体温手腕耳后留香约46小时衣服上能留到第二天想给520加点桃花运或是第一次约会让人忍不住想靠近这支很推荐试试它不会用力过猛让人觉得刻意又不寡淡到没存在感恰到好处地传递我很好相处也很温柔的信号,True,False,丁禹兮太帅了吧晶钻真的好好闻很喜欢 || 为这个小丁打call || 范思哲香水很不错,6,积极,0.9130231142044068,积极,0.9130231142044068
5298056468890014,#520用晶钻加满桃花运#520送礼直接冲这个范思哲粉耀晶钻🥂意大利老牌奢牌的质感没话说，钻石切割瓶身晃一下全是碎钻光，仪式感真的夯爆！！味道是所有人都爱的清甜挂：刚喷是冰镇石榴混柚子的清爽，一点不齁，中调软乎乎的水感花香🌷后调暖融融的麝香贴肤像天生体香。完全是元气甜妹感。不管送对象、送闺蜜还是犒劳自己都太太合适了！！收到的人会偷偷开心好久吧！,1778667358,2026-05-13 10:15:58+08:00,58,39,1,1778653998263,https://m.weibo.cn/detail/5298056468890014,四川,6990398002,再多一点香菜,f,https://m.weibo.cn/u/6990398002?luicode=20000061&lfid=5298056468890014&launchid=10000360-page_H5,"https://tvax2.sinaimg.cn/crop.0.0.1080.1080.180/007D4ZQSly8gutx7uo5qxj60u00u00ua02.jpg?KID=imgbed,tva&Expires=1778664768&ssig=oOnL%2BxWC5j",520用晶钻加满桃花运,search_contents_2026-05-13.csv,search_post,,520送礼直接冲这个范思哲粉耀晶钻意大利老牌奢牌的质感没话说钻石切割瓶身晃一下全是碎钻光仪式感真的夯爆味道是所有人都爱的清甜挂刚喷是冰镇石榴混柚子的清爽一点不齁中调软乎乎的水感花香后调暖融融的麝香贴肤像天生体香完全是元气甜妹感不管送对象送闺蜜还是犒劳自己都太太合适了收到的人会偷偷开心好久吧,True,False,粉粉的颜值好高老婆更是美 || 必须支持这个香菜,6,积极,0.9594802260398864,积极,0.9594802260398864
5298055201948168,#520用晶钻加满桃花运##丁禹兮范思哲全球香水代言人#520约会神器丁禹兮同款范思哲粉耀晶钻香水喷上出门被夸好闻的频率直接翻倍它的香调是天生的好感度密码前调是带着冰爽的柚子与爆汁石榴是刚掰开果实的鲜活清甜第一秒就拉近距离 元气又干净中调是轻盈水汽感花香 揉合牡丹 木兰与荷花的柔润温柔得像春日晚风 没有一点攻击性像天生自带的伪体香后调是温润绵长的木质香混着植物琥珀的通透质感贴肤感超强 越闻越有韵味让人忍不住想凑近早上出门喷在手腕耳后下午6点还能闻到淡淡余味持香表现超惊喜谈话间不经意闻到好感度直接拉满解锁丁禹兮同款桃花运香520用晶钻加满心动值,1778667056,2026-05-13 10:10:56+08:00,51,60,0,1778653998268,https://m.weibo.cn/detail/5298055201948168,四川,1923134252,CLORIS_YY薏米,f,https://m.weibo.cn/u/1923134252?luicode=20000061&lfid=5298055201948168&launchid=10000360-page_H5,"https://tvax1.sinaimg.cn/crop.0.0.1080.1080.180/72a0b32cly8h8a0tzw2mzj20u00u040a.jpg?KID=imgbed,tva&Expires=1778664771&ssig=QZO77ytJOu",520用晶钻加满桃花运,search_contents_2026-05-13.csv,search_post,,520约会神器丁禹兮同款范思哲粉耀晶钻香水喷上出门被夸好闻的频率直接翻倍它的香调是天生的好感度密码前调是带着冰爽的柚子与爆汁石榴是刚掰开果实的鲜活清甜第一秒就拉近距离 元气又干净中调是轻盈水汽感花香 揉合牡丹 木兰与荷花的柔润温柔得像春日晚风 没有一点攻击性像天生自带的伪体香后调是温润绵长的木质香混着植物琥珀的通透质感贴肤感超强 越闻越有韵味让人忍不住想凑近早上出门喷在手腕耳后下午6点还能闻到淡淡余味持香表现超惊喜谈话间不经意闻到好感度直接拉满解锁丁禹兮同款桃花运香520用晶钻加满心动值,True,False,好帅啊丁禹兮桃花运香狠狠心动了 || 这个瓶身好漂亮晶莹剔透的,6,积极,0.9627685546875,积极,0.9627685546875
5298081923073884,原来孙铭阳也离开国家队了呀我从2021年全运会开始看球到现在已经5年了 当时认识的“老朋友”留下的越来越少了 ,1778673427,2026-05-13 11:57:07+08:00,312,39,0,1778654070786,https://m.weibo.cn/detail/5298081923073884,广东,7826071911,草霉驴奶特别癫,f,https://m.weibo.cn/u/7826071911?launchid=10000360-page_H5,"https://tvax3.sinaimg.cn/crop.0.0.512.512.180/008xDoOjly8hiq7cv48qyj30e80e8aad.jpg?KID=imgbed,tva&Expires=1778664853&ssig=oEoD4JiSC%2B",孙铭阳退出国家队,search_contents_2026-05-13.csv,search_post,,原来孙铭阳也离开国家队了呀我从2021年全运会开始看球到现在已经5年了 当时认识的老朋友留下的越来越少了 ,True,False,想让走的一个不走 不想让走一个个离开 || 姐海东现在也不给报比赛了也不知道是啥情况 || 然后你会发现 有一天他们变成了面目可憎的主教练,7,消极,0.625186562538147,消极,0.625186562538147
5298087150227714,#孙铭阳退出国家队#孙铭阳在声明中表示&quot;对乒乓和国乒的热爱从未改变&quot;，未来将&quot;各自奔赴，顶峰相见&quot;，球迷普遍祝福其&quot;远离伤病，未来闪闪发光&quot;。 ,1778674673,2026-05-13 12:17:53+08:00,229,18,1,1778654070794,https://m.weibo.cn/detail/5298087150227714,广东,5539215167,沉冥相遥,f,https://m.weibo.cn/u/5539215167?launchid=10000360-page_H5,"https://tvax2.sinaimg.cn/crop.0.0.1080.1080.180/0062RYU7ly8id220by51pj30u00u0759.jpg?KID=imgbed,tva&Expires=1778664853&ssig=pnjqI3e5vh",孙铭阳退出国家队,search_contents_2026-05-13.csv,search_post,,孙铭阳在声明中表示quot对乒乓和国乒的热爱从未改变quot未来将quot各自奔赴顶峰相见quot球迷普遍祝福其quot远离伤病未来闪闪发光quot ,True,False,希望以后可以过得更好 || 发生什么了这是,7,积极,0.9505711793899536,积极,0.9505711793899536
5298087720389045,#孙铭阳退出国家队#天呐好突然啊？孙铭阳在国家队已经12年了，和何卓佳还要孙颖莎的关系特别好，经常能看见三个人一起玩的合照，太可惜了…何卓佳和孙颖莎会很不舍得吧 ,1778674809,2026-05-13 12:20:09+08:00,191,30,6,1778654070804,https://m.weibo.cn/detail/5298087720389045,浙江,1761847813,脸红秀兔,m,https://m.weibo.cn/u/1761847813?launchid=10000360-page_H5,"https://tvax2.sinaimg.cn/crop.0.0.288.288.180/6903aa05ly8id1pvlctdzj2080080glo.jpg?KID=imgbed,tva&Expires=1778664853&ssig=bMDe4WK%2FTD",孙铭阳退出国家队,search_contents_2026-05-13.csv,search_post,,天呐好突然啊孙铭阳在国家队已经12年了和何卓佳还要孙颖莎的关系特别好经常能看见三个人一起玩的合照太可惜了何卓佳和孙颖莎会很不舍得吧 ,True,False,有点太突然了发生什么了 || 太突然了吧 || 真的好可惜啊 希望她有更好的发展,7,消极,0.5976065993309021,消极,0.5976065993309021
5298084557098690,#孙铭阳退出国家队#孙铭阳正式告别国家队，12年国乒青春画上句号。  伤病是永远的意难平，高强度训练扛不住，只能遗憾离场。  曾经是莎莎最靠谱的陪练，模仿伊藤美诚打法，默默奉献从不抢镜。 江湖路远，感谢付出！愿你远离伤病，未来闪闪发光。#微博二创视频创作季# 晶刚专属的微博视频 ,1778674055,2026-05-13 12:07:35+08:00,325,38,8,1778654070817,https://m.weibo.cn/detail/5298084557098690,安徽,2520402873,晶刚专属,m,https://m.weibo.cn/u/2520402873?launchid=10000360-page_H5,"https://tvax2.sinaimg.cn/crop.0.0.1080.1080.180/963a4bb9ly8hhzbz346zzj20u00u0wg7.jpg?KID=imgbed,tva&Expires=1778664853&ssig=ya%2FL4c%2FPFM",孙铭阳退出国家队,search_contents_2026-05-13.csv,search_post,,孙铭阳正式告别国家队12年国乒青春画上句号  伤病是永远的意难平高强度训练扛不住只能遗憾离场  曾经是莎莎最靠谱的陪练模仿伊藤美诚打法默默奉献从不抢镜 江湖路远感谢付出愿你远离伤病未来闪闪发光 晶刚专属的微博视频 ,True,False,养好身体继续做自己想做的 || 未来一样绽放光芒吧 || 伤病真的是逃不出的魔咒,7,积极,0.9476318955421448,积极,0.9476318955421448
5298086157222877,#孙铭阳退出国家队#啊！那个可爱、可敬的青岛姑娘，你一定会前程似锦，一片光明！坐过山车胆子大，玩猜谜游戏呆萌，打乒乓要把对手弹懵  …… 你是为数不多让我感觉到乒圈还有温暖、阳光、美好的人之一。祝福 @Sun孙铭阳 ,1778674436,2026-05-13 12:13:56+08:00,901,33,10,1778654070828,https://m.weibo.cn/detail/5298086157222877,四川,7778475997,甲子阳木,m,https://m.weibo.cn/u/7778475997?launchid=10000360-page_H5,"https://tvax2.sinaimg.cn/crop.0.0.800.800.180/008upGWhly8hldh29winbj30m80m80su.jpg?KID=imgbed,tva&Expires=1778664853&ssig=GYLcWj8zLc",孙铭阳退出国家队,search_contents_2026-05-13.csv,search_post,,啊那个可爱可敬的青岛姑娘你一定会前程似锦一片光明坐过山车胆子大玩猜谜游戏呆萌打乒乓要把对手弹懵   你是为数不多让我感觉到乒圈还有温暖阳光美好的人之一祝福  ,True,False,祝福所有对莎莎真心相待的人 || 从来都没有出去比赛的机会 || 召必回是一面镜子照人性照格局照境界这个世界虽然顽固着以结果论英雄然总有那么一条缝隙光会透过来得以窥见真正的伟大,0,积极,0.9767480492591858,积极,0.9767480492591858
5298071955312775,#孙铭阳回应退出国家队#【#孙铭阳因伤病暂别国家队#】 5月13日，乒乓球运动员@Sun孙铭阳 发文：最近一直收到大家的关心，今天正式跟大家说：今年年初已经决定退出国家队了。2014-2026，将近十二年的国家队生涯，有喜怒哀乐，更有无数美好回忆，是我最珍贵的青春时光。这些年，我身披国乒战袍，全心全力为热爱、为团队拼搏坚守，能为国乒奉献，是我此生最骄傲、最无悔的事。常年高强度训练让我伤病缠身，越来越扛不住当下的训练节奏，纵使万般不舍，也只能和队伍、和训练场好好告别。感谢教练的信任与栽培，感谢队友的并肩相伴，更感谢所有朋友一直以来的支持与牵挂，满心感恩。虽因伤病暂别，但我对乒乓、对国乒的热爱从未改变。只要国家召唤、队伍需要，我随时都在，有召必回！愿国乒一路长红、再创辉煌，我们各自奔赴，顶峰相见。#孙铭阳说有召必回# #孙铭阳退出国家队# Sun孙铭阳的微博视频,1778671050,2026-05-13 11:17:30+08:00,470,21,13,1778654070835,https://m.weibo.cn/detail/5298071955312775,,6418480627,星视频,m,https://m.weibo.cn/u/6418480627?luicode=20000061&lfid=5298071955312775&launchid=10000360-page_H5,"https://tvax1.sinaimg.cn/crop.0.0.600.600.180/0070ni15ly8hcmk65avs5j30go0godgt.jpg?KID=imgbed,tva&Expires=1778664854&ssig=FwkK4IN4CD",孙铭阳退出国家队,search_contents_2026-05-13.csv,search_post,, 5月13日乒乓球运动员 发文最近一直收到大家的关心今天正式跟大家说今年年初已经决定退出国家队了20142026将近十二年的国家队生涯有喜怒哀乐更有无数美好回忆是我最珍贵的青春时光这些年我身披国乒战袍全心全力为热爱为团队拼搏坚守能为国乒奉献是我此生最骄傲最无悔的事常年高强度训练让我伤病缠身越来越扛不住当下的训练节奏纵使万般不舍也只能和队伍和训练场好好告别感谢教练的信任与栽培感谢队友的并肩相伴更感谢所有朋友一直以来的支持与牵挂满心感恩虽因伤病暂别但我对乒乓对国乒的热爱从未改变只要国家召唤队伍需要我随时都在有召必回愿国乒一路长红再创辉煌我们各自奔赴顶峰相见  Sun孙铭阳的微博视频,True,False,愿国乒一路长红再创辉煌我们各自奔赴顶峰相见 || 虽因伤病暂别但我对乒乓对国乒的热爱从未改变只要国家召唤队伍需要我随时都在有召必回 || 祝愿未来更好顶峰相见,7,积极,0.9399073123931884,积极,0.9399073123931884
5298083028272392,孙颖莎背后的无名英雄，孙颖莎和孙铭阳的姐妹情#孙铭阳退出国家队# 体育说是圈的微博视频 ,1778673690,2026-05-13 12:01:30+08:00,108,4,3,1778654070845,https://m.weibo.cn/detail/5298083028272392,四川,3911901482,体育说是圈,f,https://m.weibo.cn/u/3911901482?launchid=10000360-page_H5,"https://tvax1.sinaimg.cn/crop.0.0.1080.1080.180/e92ae12aly8hcb36xim6lj20u00u0dnm.jpg?KID=imgbed,tva&Expires=1778664853&ssig=1u4HKrdoxy",孙铭阳退出国家队,search_contents_2026-05-13.csv,search_post,,孙颖莎背后的无名英雄孙颖莎和孙铭阳的姐妹情 体育说是圈的微博视频 ,True,False,祝阳阳莎莎友谊久久退出国家队不是结束而是新的开始也希望阳阳越来越好 || 看哭了更想你了不论以后你在哪我都在祝一切顺利身体健康 || 女孩尽情享受青春吧 莎粉祝三位优秀的小姑娘所愿皆所得 平安喜乐好运常伴,7,中性,0.4919272363185882,中性,0.4919272363185882
5298038379906623,【#小米17Max来了#】@小米手机 官宣小米17Max本月即将发布，新机配置6.9&quot;超大直屏，官方定位「大屏标准版旗舰」。 ,1778663045,2026-05-13 09:04:05+08:00,855,241,99,1778654140771,https://m.weibo.cn/detail/5298038379906623,北京,1997509257,微博数码,m,https://m.weibo.cn/u/1997509257?launchid=10000360-page_H5,"https://tvax1.sinaimg.cn/crop.0.0.440.440.180/002bblpfly8h8vaalbjkij60c80c8glq02.jpg?KID=imgbed,tva&Expires=1778664937&ssig=%2BvEa3rNJ%2Fx",小米17Max来了,search_contents_2026-05-13.csv,search_post,, 官宣小米17Max本月即将发布新机配置69quot超大直屏官方定位大屏标准版旗舰 ,True,False,评论区对小米17Max发布呈现两极分化25用户期待大屏回归和配置升级认可直屏与续航20质疑摄像头设计丑陋取消背屏功能18吐槽机海战术和命名混乱15调侃营销过热并担忧定价偏高12偏好小屏担心手感笨重整体聚焦设计争议查看最新戳gt微博智搜 || 17销量扑街换个马甲加点营销继续忽悠 || 小米17Max 2000优惠券快领网页链接,1,中性,0.5455611944198608,中性,0.5455611944198608
5298042353748059,全新#小米17Max#，来了。小屏标准版旗舰，我们做了5代。从小米12 到小米17，收获了非常多用户的喜爱和认可。但我们也听到了一个很强烈的声音：能不能在标准版基础上，做一个大屏版本？所以，今天正式和大家介绍——全新小米17 Max，小米17 的「全面升舱版」。何为“全面升舱”？不是简单地把屏幕和电池做大，而是在小米17 的基础上，影像、屏幕、续航、性能体验，全方位的 Max 大提升。影像 Max，采用全新主摄，带来更卓越的影像能力；屏幕 Max，不仅尺寸更大，且素质拉满，体验非常优秀；续航 Max，电池直接做到了小米史上最强续航；性能 Max，旗舰平台配合远超小尺寸旗舰的散热器件，性能释放非常强！这就是全新小米17 Max，我们给用户带来的一份诚意之作，大家期待吗？,1778663993,2026-05-13 09:19:53+08:00,4028,539,90,1778654140779,https://m.weibo.cn/detail/5298042353748059,北京,1892653244,卢伟冰,m,https://m.weibo.cn/u/1892653244?luicode=20000061&lfid=5298042353748059&launchid=10000360-page_H5,"https://tvax3.sinaimg.cn/crop.0.0.1002.1002.180/70cf98bcly8ghm39gypv6j20ru0ruadw.jpg?KID=imgbed,tva&Expires=1778664937&ssig=HkAiCcrBLS",小米17Max来了,search_contents_2026-05-13.csv,search_post,,全新来了小屏标准版旗舰我们做了5代从小米12 到小米17收获了非常多用户的喜爱和认可但我们也听到了一个很强烈的声音能不能在标准版基础上做一个大屏版本所以今天正式和大家介绍全新小米17 Max小米17 的全面升舱版何为全面升舱不是简单地把屏幕和电池做大而是在小米17 的基础上影像屏幕续航性能体验全方位的 Max 大提升影像 Max采用全新主摄带来更卓越的影像能力屏幕 Max不仅尺寸更大且素质拉满体验非常优秀续航 Max电池直接做到了小米史上最强续航性能 Max旗舰平台配合远超小尺寸旗舰的散热器件性能释放非常强这就是全新小米17 Max我们给用户带来的一份诚意之作大家期待吗,True,False,卢总当年马达叮叮叮和嗡嗡嗡可是您提的现在小米数字系列的马达越来越将就这是对的吗内部评估马达不重要所以可以忽略 || 这镜头deco是你小米15 Pro max || 卢总说好的K90至尊版呢,1,中性,0.590275764465332,中性,0.590275764465332
5298047510905316,#小米17Max来了# 小米17 Max官宣本月发6.9&quot;大直屏重新定义「大屏标准版旗舰」 纤维纹理的黑色、晴空蓝、白色，选哪个颜色？ ,1778665222,2026-05-13 09:40:22+08:00,252,118,10,1778654140803,https://m.weibo.cn/detail/5298047510905316,湖北,2022252207,小白测评,m,https://m.weibo.cn/u/2022252207?launchid=10000360-page_H5,"https://tvax3.sinaimg.cn/crop.0.0.1080.1080.180/78891eafly8h74njl44lqj20u00u0my5.jpg?KID=imgbed,tva&Expires=1778664937&ssig=5GIEtTqtsy",小米17Max来了,search_contents_2026-05-13.csv,search_post,, 小米17 Max官宣本月发69quot大直屏重新定义大屏标准版旗舰 纤维纹理的黑色晴空蓝白色选哪个颜色 ,True,False,小米1415复出了 || 小米15plus || 69寸直屏确实大气好奇电池能干到多少6000mAh起步如果能到8000mAh那就真离谱了,1,中性,0.7895136475563049,中性,0.7895136475563049
5298090791406231,小米 17 Max 三个配色，你更喜欢哪个？ #小米17Max来了# ,1778675541,2026-05-13 12:32:21+08:00,128,94,0,1778654140814,https://m.weibo.cn/detail/5298090791406231,浙江,1871821935,大米评测,m,https://m.weibo.cn/u/1871821935?launchid=10000360-page_H5,"https://tvax4.sinaimg.cn/crop.0.0.651.651.180/6f91bc6fly8haxkjgwxl4j20j60j6jsv.jpg?KID=imgbed,tva&Expires=1778664937&ssig=xva2bfD4JK",小米17Max来了,search_contents_2026-05-13.csv,search_post,,小米 17 Max 三个配色你更喜欢哪个  ,True,False,白色永远滴神 || 手电筒在哪,-1,中性,0.853092610836029,中性,0.853092610836029
5298088043348706,#小米17Max来了#小米17 Max三款配色「晴空蓝」「白色」「像素黑」你最喜欢哪个？ ,1778674886,2026-05-13 12:21:26+08:00,47,27,1,1778654140823,https://m.weibo.cn/detail/5298088043348706,湖北,7239083016,白问豆豆,f,https://m.weibo.cn/u/7239083016?launchid=10000360-page_H5,"https://tvax1.sinaimg.cn/crop.0.0.1080.1080.180/007TUsbuly8icxd9tc3arj30u00u0mzc.jpg?KID=imgbed,tva&Expires=1778664937&ssig=61XJrrqICI",小米17Max来了,search_contents_2026-05-13.csv,search_post,,小米17 Max三款配色晴空蓝白色像素黑你最喜欢哪个 ,True,False,你的第一个字 || 黑色那个质感很强,-1,中性,0.8512725830078125,中性,0.8512725830078125
5298119029820765,#小米17Max来了#这次配置好像都挺顶的，而且还有蓝色的机型，看着还可以，等评测 ,1778682274,2026-05-13 14:24:34+08:00,1,0,0,1778654140829,https://m.weibo.cn/detail/5298119029820765,广东,7646279495,抹茶要加碧螺春,f,https://m.weibo.cn/u/7646279495?launchid=10000360-page_H5,"https://tvax2.sinaimg.cn/crop.0.0.1080.1080.180/008lt0ADly8hxnxrkzxmej30u00u0ju0.jpg?KID=imgbed,tva&Expires=1778664937&ssig=F5dqEERiik",小米17Max来了,search_contents_2026-05-13.csv,search_post,,这次配置好像都挺顶的而且还有蓝色的机型看着还可以等评测 ,True,False,,1,积极,0.8754483461380005,积极,0.8754483461380005
5298117948736180,小米17放大版，小屏更和谐，#小米17Max来了#，#1起来电# ,1778682016,2026-05-13 14:20:16+08:00,1,0,0,1778654140832,https://m.weibo.cn/detail/5298117948736180,河南,5435518035,五指时代,m,https://m.weibo.cn/u/5435518035?launchid=10000360-page_H5,"https://tvax2.sinaimg.cn/crop.0.0.1080.1080.180/005VQSxJly8ibsldjafmjj30u00u0jtk.jpg?KID=imgbed,tva&Expires=1778664937&ssig=pnqPYrGaHA",小米17Max来了,search_contents_2026-05-13.csv,search_post,,小米17放大版小屏更和谐 ,True,False,,1,积极,0.7182983756065369,积极,0.7182983756065369
5298052378399296,#贾跃亭宣布转战机器人业务# 我贾哥真是什么有风投，什么能融资就干什么呀？贾哥无所不能。但我贾哥现在也不行了，不如我追觅大哥了，追觅大哥那才猛呢，宇宙都是他的。 韩路的微博视频  ,1778666383,2026-05-13 09:59:43+08:00,397,217,29,1778654227924,https://m.weibo.cn/detail/5298052378399296,北京,1192966660,韩路,m,https://m.weibo.cn/u/1192966660?launchid=10000360-page_H5,"https://tvax1.sinaimg.cn/crop.875.148.530.530.180/471b3a04ly8gdx5xj7oo1j218x0u0agb.jpg?KID=imgbed,tva&Expires=1778665017&ssig=Ap4KDWrLB7",贾跃亭宣布转战机器人业务,search_contents_2026-05-13.csv,search_post,, 我贾哥真是什么有风投什么能融资就干什么呀贾哥无所不能但我贾哥现在也不行了不如我追觅大哥了追觅大哥那才猛呢宇宙都是他的 韩路的微博视频  ,True,False,他到底是干嘛的这么多年花了多少钱成果是什么 || 假会计虽然人在美国公司在美国但融到的钱并不是华尔街的且累计融资几百亿了最大一笔融资是恒大20亿美元而每次融资的只够续命这个事有点意思吧正常情况十几年交付不到20台车早都倒闭800回了他是为了干事吗还是必须要有个资本运作的壳 || 因为风口让人窒息,1,消极,0.7465512752532959,消极,0.7465512752532959
5298040920867022,#贾跃亭宣布转战机器人业务# 造车十年交付了不到20辆，由于软件Bug精准实现了全量召回。机器人倒是官宣两个月交付了68台，就销量而言，比他造车可以说是遥遥领先了。咋说呢，从乐视生态到超级汽车，再到现在的具身智能，贾老板这辈子最强的能力不是造车，也不是造机器人，而是抓风口的能力和四处圈钱的本事。如果他真能把国内机器人产业的强大产能和他那套洗脑级的营销能力结合起来，做个顶级出海总代，搞不好还真能把债还了。,1778663651,2026-05-13 09:14:11+08:00,258,59,9,1778654227930,https://m.weibo.cn/detail/5298040920867022,江苏,1253846303,午后狂睡,m,https://m.weibo.cn/u/1253846303?luicode=20000061&lfid=5298040920867022&launchid=10000360-page_H5,"https://tvax2.sinaimg.cn/crop.0.0.600.600.180/4abc2d1fly8i6yxrnpbnzj20go0gota6.jpg?KID=imgbed,tva&Expires=1778665021&ssig=f%2FqdFswd49",贾跃亭宣布转战机器人业务,search_contents_2026-05-13.csv,search_post,, 造车十年交付了不到20辆由于软件Bug精准实现了全量召回机器人倒是官宣两个月交付了68台就销量而言比他造车可以说是遥遥领先了咋说呢从乐视生态到超级汽车再到现在的具身智能贾老板这辈子最强的能力不是造车也不是造机器人而是抓风口的能力和四处圈钱的本事如果他真能把国内机器人产业的强大产能和他那套洗脑级的营销能力结合起来做个顶级出海总代搞不好还真能把债还了,True,False,先回国把业务和产线谈好吧 || 还得是窒息公 || 他到底是怎么骗到这么多投资人的,1,消极,0.5962875485420227,消极,0.5962875485420227
5298017068646994,#贾跃亭宣布转战机器人业务#真的是非常神奇的存在。贾老板和他的公司，从最开始入局的新能源造车。到现在，车没交几辆，却一直能存在。而现在又要转到机器人业务了。 这家的营收来自哪里 ,1778657964,2026-05-13 07:39:24+08:00,199,44,1,1778654227939,https://m.weibo.cn/detail/5298017068646994,广东,5691604234,瘦子說,m,https://m.weibo.cn/u/5691604234?launchid=10000360-page_H5,"https://tvax4.sinaimg.cn/crop.0.0.1080.1080.180/006dbogily8gdin1nqj0qj30u00u00vl.jpg?KID=imgbed,tva&Expires=1778665017&ssig=55hcTdZQn2",贾跃亭宣布转战机器人业务,search_contents_2026-05-13.csv,search_post,,真的是非常神奇的存在贾老板和他的公司从最开始入局的新能源造车到现在车没交几辆却一直能存在而现在又要转到机器人业务了 这家的营收来自哪里 ,True,False,说实话能折腾这么些年也是让人佩服 || 大概率是洗钱的某些阶层的白手套 || 又可以骗一波啦在美国没几个公司造车的同时还在造机器人,1,积极,0.5826016664505005,积极,0.5826016664505005
5297882044563882,造车12年未果，贾跃亭宣布转战 ,1778625771,2026-05-12 22:42:51+08:00,79,34,30,1778654227954,https://m.weibo.cn/detail/5297882044563882,北京,39297060,卢旭宁,m,https://m.weibo.cn/u/39297060?launchid=10000360-page_H5,"https://tvax1.sinaimg.cn/crop.0.0.1006.1006.180/0257a024ly8ft7hujpl99j20ry0ryac7.jpg?KID=imgbed,tva&Expires=1778665017&ssig=FfueeK1HGh",贾跃亭宣布转战机器人业务,search_contents_2026-05-13.csv,search_post,,造车12年未果贾跃亭宣布转战 ,True,False,他是美国籍吗为啥能在那待这么久不被遣返 || 蹭热点他蹭过元宇宙蹭过比特币就蹭蹭不进去 || 快和那位俞总结婚吧,1,中性,0.5790233016014099,中性,0.5790233016014099
5298051680045663,#贾跃亭宣布转战机器人业务#特朗普都飞来了贾老板回国的飞机还没出票吗 ,1778666216,2026-05-13 09:56:56+08:00,192,67,14,1778654227961,https://m.weibo.cn/detail/5298051680045663,北京,5788900304,刘道静ssr,f,https://m.weibo.cn/u/5788900304?launchid=10000360-page_H5,"https://tvax4.sinaimg.cn/crop.0.0.1080.1080.180/006jLDpKly8hp9vy279h9j30u00u0wg3.jpg?KID=imgbed,tva&Expires=1778665017&ssig=w2KQVmF4qK",贾跃亭宣布转战机器人业务,search_contents_2026-05-13.csv,search_post,,特朗普都飞来了贾老板回国的飞机还没出票吗 ,True,False,热度这么高,1,中性,0.6956921219825745,中性,0.6956921219825745
5298049385760072,#贾跃亭宣布转战机器人业务#哈哈，汽车造了10多年了，还是PPT，现在又开始转战机器人了，这基本就是骗子的常规路径了，一点都不意外，后面我们也会有些人跟的 ,1778665669,2026-05-13 09:47:49+08:00,279,35,3,1778654227969,https://m.weibo.cn/detail/5298049385760072,广东,6508022755,帽子哥聊财经,m,https://m.weibo.cn/u/6508022755?launchid=10000360-page_H5,"https://tvax3.sinaimg.cn/crop.0.0.600.600.180/0076r00Xly8hnba7owxycj30go0goq3x.jpg?KID=imgbed,tva&Expires=1778665017&ssig=p6pVOG%2FRco",贾跃亭宣布转战机器人业务,search_contents_2026-05-13.csv,search_post,,哈哈汽车造了10多年了还是PPT现在又开始转战机器人了这基本就是骗子的常规路径了一点都不意外后面我们也会有些人跟的 ,True,False,帽子哥太透彻了 || A股市场的一个现象一旦某个热门概念被炒起来就会有大量公司蹭热点讲故事哪怕业务毫无关联股价也能被炒高最后留下一地鸡毛 || 怎么看最近的追觅啊,1,消极,0.841392993927002,消极,0.841392993927002
5297777789634886,近期热贴「大家有只对喜欢的人才会做的行为吗?」五花八门 好好玩 ,1778600916,2026-05-12 15:48:36+08:00,1931,98,682,1778654300935,https://m.weibo.cn/detail/5297777789634886,日本,6251665127,栗熊鹰,f,https://m.weibo.cn/u/6251665127?launchid=10000360-page_H5,"https://tvax4.sinaimg.cn/crop.0.0.1080.1080.180/006P5lGvly8iaegzau3yzj30u00u0wf3.jpg?KID=imgbed,tva&Expires=1778665083&ssig=G4JCbJBoxU",只对喜欢的人才会做的事,search_contents_2026-05-13.csv,search_post,,近期热贴大家有只对喜欢的人才会做的行为吗五花八门 好好玩 ,True,False,社会性变差真的 最后永远只和好朋友有联系了,5,积极,0.4525755047798157,积极,0.4525755047798157
5298045883254466,#只对喜欢的人才会做的事#最美的偏爱全藏在细节里，陪伴胜过千言万语。深情不及久伴厚爱无需多言。#微博二创视频创作季# 卤蛋有颗心的微博视频 ,1778664834,2026-05-13 09:33:54+08:00,151,21,14,1778654300946,https://m.weibo.cn/detail/5298045883254466,广东,5387405849,卤蛋有颗心,f,https://m.weibo.cn/u/5387405849?launchid=10000360-page_H5,"https://tvax4.sinaimg.cn/crop.0.0.1080.1080.180/005SB0mJly8ibusrl6pn5j30u00u00tr.jpg?KID=imgbed,tva&Expires=1778665083&ssig=rljZBMOEDT",只对喜欢的人才会做的事,search_contents_2026-05-13.csv,search_post,,最美的偏爱全藏在细节里陪伴胜过千言万语深情不及久伴厚爱无需多言 卤蛋有颗心的微博视频 ,True,False,哪里能谈到 || 恋爱脑快复苏了我要去看碎尸案缓缓 || 我老公基本每条都做过结婚十一年,5,积极,0.9704782366752625,积极,0.9704782366752625
5298071791731804,我做情感咨询这么多年，其实很容易判定一个人对另一个人的状态原因很简单，人对“不喜欢的人”，其实都挺稳定、挺理智的，真正一动心，反而开始失控只对喜欢的人，人才会出现一些“反常行为”比如原本很忙的人，突然有时间了原本情绪稳定的人，开始患得患失原本嘴硬的人，开始解释原本特别自我的人，开始迁就因为喜欢的本质，不是嘴上表达，而是注意力倾斜成年人最贵的东西，从来不是钱，而是精力一个人愿意持续把情绪、时间、耐心放在你身上，本身就已经是答案还有一个很真实的细节，人只会对喜欢的人“分享欲爆棚”看到一首歌想发给你，吃到一家店想带你去，路上遇到一只猫都想拍给你很多人以为这是闲，其实不是，这是潜意识里想把你拉进自己的生活轨迹真正的喜欢，还有一个核心特征，会记细节你随口说的话，他未必当场回应，但后面会默默做到因为人在动情的时候，大脑会自动给对方“加优先级”所以别再总听一个人怎么说，要看他有没有持续为你投入嘴可以骗人，但行为不会感情里最怕的，不是对方不够爱，而是你拼命替他的冷淡找理由成年人的世界其实很直接，真正在意你的人，一定会留下痕迹那些长期让你猜、让你等、让你反复内耗的人，本质上就是没那么想靠近#只对喜欢的人才会做的事##生活碎碎念#,1778671011,2026-05-13 11:16:51+08:00,183,26,30,1778654300954,https://m.weibo.cn/detail/5298071791731804,浙江,2703597591,晓生,m,https://m.weibo.cn/u/2703597591?luicode=20000061&lfid=5298071791731804&launchid=10000360-page_H5,"https://tvax1.sinaimg.cn/crop.0.0.1024.1024.180/a125a017ly8hbl61fkjgcj20sg0sgq3s.jpg?KID=imgbed,tva&Expires=1778665084&ssig=Z5C2q%2F9%2BFz",只对喜欢的人才会做的事,search_contents_2026-05-13.csv,search_post,,我做情感咨询这么多年其实很容易判定一个人对另一个人的状态原因很简单人对不喜欢的人其实都挺稳定挺理智的真正一动心反而开始失控只对喜欢的人人才会出现一些反常行为比如原本很忙的人突然有时间了原本情绪稳定的人开始患得患失原本嘴硬的人开始解释原本特别自我的人开始迁就因为喜欢的本质不是嘴上表达而是注意力倾斜成年人最贵的东西从来不是钱而是精力一个人愿意持续把情绪时间耐心放在你身上本身就已经是答案还有一个很真实的细节人只会对喜欢的人分享欲爆棚看到一首歌想发给你吃到一家店想带你去路上遇到一只猫都想拍给你很多人以为这是闲其实不是这是潜意识里想把你拉进自己的生活轨迹真正的喜欢还有一个核心特征会记细节你随口说的话他未必当场回应但后面会默默做到因为人在动情的时候大脑会自动给对方加优先级所以别再总听一个人怎么说要看他有没有持续为你投入嘴可以骗人但行为不会感情里最怕的不是对方不够爱而是你拼命替他的冷淡找理由成年人的世界其实很直接真正在意你的人一定会留下痕迹那些长期让你猜让你等让你反复内耗的人本质上就是没那么想靠近,True,False,原来如此喜欢一个人真的会失去自我掌控赞 || 没错一旦心动就情绪失控了,5,消极,0.688625693321228,消极,0.688625693321228
5298071936175823,#只对喜欢的人才会做的事#会主动分享碎碎念，报备日常小事，会耐心听废话，下意识迁就包容，愿意花时间陪伴，把温柔和偏爱全都留给你一个人。 啃一口su小饼的微博视频 ,1778671046,2026-05-13 11:17:26+08:00,93,8,5,1778654300961,https://m.weibo.cn/detail/5298071936175823,湖北,7481353958,啃一口su小饼,f,https://m.weibo.cn/u/7481353958?launchid=10000360-page_H5,"https://tvax4.sinaimg.cn/crop.0.0.1080.1080.180/008aiZVkgy1id03ff0purj30u00u0abe.jpg?KID=imgbed,tva&Expires=1778665083&ssig=k0%2FcuY9J2h",只对喜欢的人才会做的事,search_contents_2026-05-13.csv,search_post,,会主动分享碎碎念报备日常小事会耐心听废话下意识迁就包容愿意花时间陪伴把温柔和偏爱全都留给你一个人 啃一口su小饼的微博视频 ,True,False,对喜欢的人都是很主动的 || 对喜欢的人会没有原则 || 对于喜欢的人会更加温柔,5,积极,0.905945897102356,积极,0.905945897102356
5298087623133711,#只对喜欢的人才会做的事#越来越觉得，用外在行为去判断一个人喜不喜欢自己，是一件很傻的事。仔细想想，哪有什么行为是“只对喜欢的人”做的呢？关心、陪伴、送礼物、说好听的话——这些事情谁都可以做，甚至那些越是想要欺骗感情的人，往往做得更周全、更让你感动。他们太懂得怎么让你觉得“被爱”了所以你看，行为本身根本不靠谱。你今天因为对方回消息慢了而难过，明天又因为他给你买了杯奶茶而开心，情绪完全被这些外在的、不可靠的信号牵着走。这不是自讨苦吃吗？那为什么还要花那么多精力去判断别人喜不喜欢自己呢？我的答案是：不需要。你的喜欢本身就足够珍贵了。你喜欢一个人，享受和他相处的过程，在他身边你感到快乐，这就够了。对方的真心与否，很多时候根本不是你能控制的事情，而且也没什么意义难道你会因为对方的喜欢而去喜欢一个自己不喜欢的人？真正重要的只有一件事：你喜不喜欢这个人，喜不喜欢和这个人在一起的自己。如果把精力从“他到底喜不喜欢我”转移到“我喜欢和他在一起的感觉”上，你会轻松很多。真正的喜欢是可以自我支撑的，是你发自内心的感受，而不是需要靠对方的行为不断确认的答案。当然，这并不意味着你要盲目付出。保护好自己的感受，照顾好自己的情绪，如果一段关系让你越来越疲惫、越来越怀疑自己，那就停下来。这和“他喜不喜欢你”无关，只和“你舒不舒服”有关。说到底，与其追问别人的心，不如信任自己的心。喜欢就够了。至于别的，真的没那么重要。 只对喜欢的人才会做的事,1778674786,2026-05-13 12:19:46+08:00,46,28,2,1778654300969,https://m.weibo.cn/detail/5298087623133711,黑龙江,6142871191,偷剪月光的人,f,https://m.weibo.cn/u/6142871191?luicode=20000061&lfid=5298087623133711&launchid=10000360-page_H5,"https://tvax1.sinaimg.cn/crop.0.1.1078.1078.180/006HIRpBly8i5oiadenrzj30ty0u0tbn.jpg?KID=imgbed,tva&Expires=1778665087&ssig=RxjkKhdTV6",只对喜欢的人才会做的事,search_contents_2026-05-13.csv,search_post,,越来越觉得用外在行为去判断一个人喜不喜欢自己是一件很傻的事仔细想想哪有什么行为是只对喜欢的人做的呢关心陪伴送礼物说好听的话这些事情谁都可以做甚至那些越是想要欺骗感情的人往往做得更周全更让你感动他们太懂得怎么让你觉得被爱了所以你看行为本身根本不靠谱你今天因为对方回消息慢了而难过明天又因为他给你买了杯奶茶而开心情绪完全被这些外在的不可靠的信号牵着走这不是自讨苦吃吗那为什么还要花那么多精力去判断别人喜不喜欢自己呢我的答案是不需要你的喜欢本身就足够珍贵了你喜欢一个人享受和他相处的过程在他身边你感到快乐这就够了对方的真心与否很多时候根本不是你能控制的事情而且也没什么意义难道你会因为对方的喜欢而去喜欢一个自己不喜欢的人真正重要的只有一件事你喜不喜欢这个人喜不喜欢和这个人在一起的自己如果把精力从他到底喜不喜欢我转移到我喜欢和他在一起的感觉上你会轻松很多真正的喜欢是可以自我支撑的是你发自内心的感受而不是需要靠对方的行为不断确认的答案当然这并不意味着你要盲目付出保护好自己的感受照顾好自己的情绪如果一段关系让你越来越疲惫越来越怀疑自己那就停下来这和他喜不喜欢你无关只和你舒不舒服有关说到底与其追问别人的心不如信任自己的心喜欢就够了至于别的真的没那么重要 只对喜欢的人才会做的事,True,False,学会取悦自己做自己就好 || 太喜欢别人了就容易失去自我 || 喜欢是自己的事情无需证明,5,消极,0.7326204776763916,消极,0.7326204776763916
5298080224383455,#只对喜欢的人才会做的事#一个人爱你的顶级表现 任何关系都是阶段性陪伴没有人是笨蛋 大家只会对自己在乎的人用心 观众说车的微博视频  ,1778673022,2026-05-13 11:50:22+08:00,68,6,3,1778654300976,https://m.weibo.cn/detail/5298080224383455,北京,2654147670,观众说车,m,https://m.weibo.cn/u/2654147670?launchid=10000360-page_H5,"https://tvax1.sinaimg.cn/crop.0.0.457.457.180/9e331456ly8hn8eju0rh1j20cp0cpmxa.jpg?KID=imgbed,tva&Expires=1778665083&ssig=2JNJDQUBui",只对喜欢的人才会做的事,search_contents_2026-05-13.csv,search_post,,一个人爱你的顶级表现 任何关系都是阶段性陪伴没有人是笨蛋 大家只会对自己在乎的人用心 观众说车的微博视频  ,True,False,你觉得是这样的吗 || 说得太对了 || 爱是常觉亏欠 不爱是常觉亏本,5,积极,0.6666178703308105,积极,0.6666178703308105
5298112505579912,真心喜欢一个人，就总想把自己眼里最好的一切都留给他。心甘情愿为他努力奔波，只想多挣一点，护他一生无忧无虑，自在舒心。#只对喜欢的人才会做的事# ,1778680718,2026-05-13 13:58:38+08:00,25,23,0,1778654300982,https://m.weibo.cn/detail/5298112505579912,北京,1446388662,召召与木木的27年,m,https://m.weibo.cn/u/1446388662?launchid=10000360-page_H5,"https://tvax3.sinaimg.cn/crop.0.0.1080.1080.180/563623b6ly8iac1o5gd66j20u00u0wi7.jpg?KID=imgbed,tva&Expires=1778665083&ssig=GtCKSfBCQJ",只对喜欢的人才会做的事,search_contents_2026-05-13.csv,search_post,,真心喜欢一个人就总想把自己眼里最好的一切都留给他心甘情愿为他努力奔波只想多挣一点护他一生无忧无虑自在舒心 ,True,False,给他花钱 给他花时间 给他陪伴 这就是爱,5,积极,0.9444465041160583,积极,0.9444465041160583
5298074593264363,#只对喜欢的人才会做的事#剥荔枝，切芒果，剥枇杷，剥山竹，半夜回来吃宵夜三菜一汤。 ,1778671679,2026-05-13 11:27:59+08:00,15,1,0,1778654300987,https://m.weibo.cn/detail/5298074593264363,广东,1258582703,白饭如霜,f,https://m.weibo.cn/u/1258582703?launchid=10000360-page_H5,"https://tva2.sinaimg.cn/crop.0.0.512.512.180/4b0472afjw8fau9rz0da9j20e80e8dgf.jpg?KID=imgbed,tva&Expires=1778665083&ssig=qEee0FQl3s",只对喜欢的人才会做的事,search_contents_2026-05-13.csv,search_post,,剥荔枝切芒果剥枇杷剥山竹半夜回来吃宵夜三菜一汤 ,True,False,是花爸会对饭大做的事也是饭大会对花花做的事,0,中性,0.892359733581543,中性,0.892359733581543
