note_id,content,create_time,create_date_time,liked_count,comments_count,shared_count,last_modify_ts,note_url,ip_location,user_id,nickname,gender,profile_url,avatar,source_keyword,source_file,data_type,ad_filter_reason,cleaned_content,is_meaningful,is_duplicate
5301526982828116,#极狐贝塔S3惊喜上市5.98万元起#5月22日，极狐贝塔S3正式登场，换电版5.98万起（电池租用）、充电版7.98万起，重塑10万级纯电家轿门槛。4916mm车长+2876mm轴距，B级大空间，前排可平躺成1.8m休憩区。核心亮点是99秒极速换电，宁德时代巧克力电池，续航535km，月租电池无衰减焦虑。充电版最高660km续航，零百7.1秒，百公里电耗≤11kWh。15.6英寸中控、256色氛围灯、电动尾翼，高配带192线激光雷达+NOA智驾。预售订单破3万台，B级尺寸A级价，家用纯电首选。 极狐贝塔s3惊喜上市5.98万元起,1779494793,2026-05-23 00:06:33+08:00,33,0,0,1779541369625,https://m.weibo.cn/detail/5301526982828116,安徽,5703202875,芋泥守护者,f,https://m.weibo.cn/u/5703202875?luicode=20000061&lfid=5301526982828116&launchid=10000360-page_H5,"https://tvax3.sinaimg.cn/crop.0.1.1078.1078.180/006dY3B9ly8i8229u8477j30ty0u0acy.jpg?KID=imgbed,tva&Expires=1779552154&ssig=C%2FnM8l10TI",极狐贝塔S3惊喜上市5.98万元起,search_contents_2026-05-23.csv,search_post,,5月22日极狐贝塔S3正式登场换电版598万起电池租用充电版798万起重塑10万级纯电家轿门槛4916mm车长2876mm轴距B级大空间前排可平躺成18m休憩区核心亮点是99秒极速换电宁德时代巧克力电池续航535km月租电池无衰减焦虑充电版最高660km续航零百71秒百公里电耗11kWh156英寸中控256色氛围灯电动尾翼高配带192线激光雷达NOA智驾预售订单破3万台B级尺寸A级价家用纯电首选 极狐贝塔s3惊喜上市598万元起,True,False
5301540524918727,#极狐贝塔S3惊喜上市5.98万元起#除了名字还是抽象，极狐的车算是步入正轨了 ,1779498022,2026-05-23 01:00:22+08:00,35,9,10,1779541369632,https://m.weibo.cn/detail/5301540524918727,上海,2775352495,波波玩个车,m,https://m.weibo.cn/u/2775352495?launchid=10000360-page_H5,"https://tvax2.sinaimg.cn/crop.0.0.1080.1080.180/a56c84afly8hmzvw2wgz8j20u00u00us.jpg?KID=imgbed,tva&Expires=1779552153&ssig=MusaRnnOJI",极狐贝塔S3惊喜上市5.98万元起,search_contents_2026-05-23.csv,search_post,,除了名字还是抽象极狐的车算是步入正轨了 ,True,False
5301725428976746,#5万开B级车极狐贝塔S3上市#1.94黄金轴高比，勾勒从容身姿99秒极速换电，偷得两分悠闲B级舒享空间，承载全家欢聚660km超长续航，奔赴山海无界#极狐贝塔S3惊喜上市5.98万元起# ，越级实力重塑家轿标杆 ,1779542106,2026-05-23 13:15:06+08:00,2,3,0,1779541369636,https://m.weibo.cn/detail/5301725428976746,山东,1698247067,仙花同学-EVLab,f,https://m.weibo.cn/u/1698247067?launchid=10000360-page_H5,"https://tvax4.sinaimg.cn/crop.0.0.1080.1080.180/6539319bly8icdans342rj20u00u0goi.jpg?KID=imgbed,tva&Expires=1779552153&ssig=nvZrJmWvVf",极狐贝塔S3惊喜上市5.98万元起,search_contents_2026-05-23.csv,search_post,,194黄金轴高比勾勒从容身姿99秒极速换电偷得两分悠闲B级舒享空间承载全家欢聚660km超长续航奔赴山海无界 越级实力重塑家轿标杆 ,True,False
5301698983891142,极狐贝塔S3，5.98万起！不是A0级小车，而是货真价实的B级车！！不信？？请看视频！！#极狐贝塔s3惊喜上市5.98万元起# #极狐贝塔s3# #大空间越级纯电家轿极狐贝塔s3# 北京 桥桥快上车的微博视频 ,1779535801,2026-05-23 11:30:01+08:00,59,17,8,1779541369642,https://m.weibo.cn/detail/5301698983891142,北京,7833551424,桥桥快上车,f,https://m.weibo.cn/u/7833551424?launchid=10000360-page_H5,"https://tvax2.sinaimg.cn/crop.0.0.1080.1080.180/008y8MzCly8i5sobg0hs7j30u00u0mz2.jpg?KID=imgbed,tva&Expires=1779552153&ssig=HVEY3QiV%2F4",极狐贝塔S3惊喜上市5.98万元起,search_contents_2026-05-23.csv,search_post,,极狐贝塔S3598万起不是A0级小车而是货真价实的B级车不信请看视频   北京 桥桥快上车的微博视频 ,True,False
5301484470408006,不到6万开上B级新能源车？能换电大空间！极狐贝塔S3正式上市！#极狐贝塔S3惊喜上市5.98万元起##大张伟99秒换电初体验# 车则CHEZE的微博视频 ,1779484657,2026-05-22 21:17:37+08:00,4,8,1,1779541369647,https://m.weibo.cn/detail/5301484470408006,北京,3602908380,车则CHEZE,m,https://m.weibo.cn/u/3602908380?launchid=10000360-page_H5,"https://tvax1.sinaimg.cn/crop.0.0.368.368.180/d6c004dcgy1fl3m4k169zj20a90a93zz.jpg?KID=imgbed,tva&Expires=1779552153&ssig=A9kzYU%2BXrQ",极狐贝塔S3惊喜上市5.98万元起,search_contents_2026-05-23.csv,search_post,,不到6万开上B级新能源车能换电大空间极狐贝塔S3正式上市 车则CHEZE的微博视频 ,True,False
5301799709838262,5.98万起B级纯电轿车门槛被极狐贝塔S3拉入了5万级，你敢信？ #极狐贝塔s3惊喜上市5.98万元起# #大张伟99秒换电初体验#  5.98万起B级纯电轿车门槛被极狐贝塔S3拉入了5万级，你敢信？ ,1779559816,2026-05-23 18:10:16+08:00,1,5,0,1779541369650,https://m.weibo.cn/detail/5301799709838262,广东,2053829781,极车志TC,m,https://m.weibo.cn/u/2053829781?launchid=10000360-page_H5,"https://tvax3.sinaimg.cn/crop.0.0.1080.1080.180/7a6af495ly8gpa39uqu4pj20u00u0myl.jpg?KID=imgbed,tva&Expires=1779552153&ssig=5iZ7OtQngC",极狐贝塔S3惊喜上市5.98万元起,search_contents_2026-05-23.csv,search_post,,598万起B级纯电轿车门槛被极狐贝塔S3拉入了5万级你敢信    598万起B级纯电轿车门槛被极狐贝塔S3拉入了5万级你敢信 ,True,False
5301731804319449,哇，极狐贝塔S3真的太惊艳了！听说才5.98万元起，这价格真的让人心动啊！🚗🎉 你们觉得这款车怎么样？有没有想买的冲动？评论区聊聊吧！👇#极狐贝塔S3惊喜上市5.98万元起 #汽车 #新车上市 #极狐汽车#极狐贝塔S3惊喜上市5.98万元起# ,1779543626,2026-05-23 13:40:26+08:00,5,11,0,1779541369652,https://m.weibo.cn/detail/5301731804319449,河北,5943853224,苏莘io,m,https://m.weibo.cn/u/5943853224?launchid=10000360-page_H5,"https://tvax3.sinaimg.cn/crop.0.0.1080.1080.180/006ufNKoly8ida01x4546j30u00u0n0j.jpg?KID=imgbed,tva&Expires=1779552153&ssig=uP0U%2BvkNEl",极狐贝塔S3惊喜上市5.98万元起,search_contents_2026-05-23.csv,search_post,,哇极狐贝塔S3真的太惊艳了听说才598万元起这价格真的让人心动啊 你们觉得这款车怎么样有没有想买的冲动评论区聊聊吧汽车 极狐汽车 ,True,False
5301474033671436,小狗在匪徒入侵时保护了主人和房子，但身中多枪。它住院了54天，经历了3次手术，这里是它离开医院的时刻 仅分组可观的微博视频 ,1779482169,2026-05-22 20:36:09+08:00,18958,294,616,1779541441643,https://m.weibo.cn/detail/5301474033671436,中国香港,7572403496,仅分组可观,f,https://m.weibo.cn/u/7572403496?launchid=10000360-page_H5,"https://tvax1.sinaimg.cn/crop.0.0.1080.1080.180/008gt24gly8i8i6qbph0jj30u00u0gn0.jpg?KID=imgbed,tva&Expires=1779552235&ssig=YqlbM04SG0",小狗护主中弹三次手术后出院,search_contents_2026-05-23.csv,search_post,,小狗在匪徒入侵时保护了主人和房子但身中多枪它住院了54天经历了3次手术这里是它离开医院的时刻 仅分组可观的微博视频 ,True,False
5301803160705358,#小狗护主中弹三次手术后出院#盘点忠犬护主的感动瞬间，狗狗虽然不会说话，但是用行动表达了忠诚和爱 白御宸_的微博视频 ,1779560639,2026-05-23 18:23:59+08:00,69,6,1,1779541441646,https://m.weibo.cn/detail/5301803160705358,河北,7754366956,白御宸_,m,https://m.weibo.cn/u/7754366956?launchid=10000360-page_H5,"https://tvax2.sinaimg.cn/crop.0.0.1080.1080.180/008sMx4Mly8icbxnm8njyj30u00u0t93.jpg?KID=imgbed,tva&Expires=1779552235&ssig=ZtVS4sxbX1",小狗护主中弹三次手术后出院,search_contents_2026-05-23.csv,search_post,,盘点忠犬护主的感动瞬间狗狗虽然不会说话但是用行动表达了忠诚和爱 白御宸_的微博视频 ,True,False
5301798699271683,#小狗护主中弹三次手术后出院#有没有一只狗，为救你拼上性命它不懂什么大道理，只知道要护住你用小小的身躯，挡在危险前面，拼尽全力护你周全😭#微博二创视频创作季# 奶酪毛绒绒的微博视频 ,1779559575,2026-05-23 18:06:15+08:00,103,23,4,1779541441652,https://m.weibo.cn/detail/5301798699271683,四川,4048803423,奶酪毛绒绒,f,https://m.weibo.cn/u/4048803423?launchid=10000360-page_H5,"https://tvax2.sinaimg.cn/crop.0.0.1080.1080.180/f153d65fly8ia7k2lq1pej20u00u0tbw.jpg?KID=imgbed,tva&Expires=1779552235&ssig=2lcK73TwNj",小狗护主中弹三次手术后出院,search_contents_2026-05-23.csv,search_post,,有没有一只狗为救你拼上性命它不懂什么大道理只知道要护住你用小小的身躯挡在危险前面拼尽全力护你周全 奶酪毛绒绒的微博视频 ,True,False
5301827073741288,#小狗护主中弹三次手术后出院#大部分狗狗的眼里只有主人，它不懂什么是爱，它只知道要保护主人罢了。明明它小小一只却有勇气对抗有枪的坏人，我流泪了！ -龙猫的小碗-的微博视频 ,1779566340,2026-05-23 19:59:00+08:00,32,1,0,1779541441655,https://m.weibo.cn/detail/5301827073741288,中国香港,7860622842,-龙猫的小碗-,f,https://m.weibo.cn/u/7860622842?launchid=10000360-page_H5,"https://tvax1.sinaimg.cn/crop.0.0.1080.1080.180/008zYn5oly8idd3avmu8xj30u00u0wi4.jpg?KID=imgbed,tva&Expires=1779552235&ssig=POACdmWu2O",小狗护主中弹三次手术后出院,search_contents_2026-05-23.csv,search_post,,大部分狗狗的眼里只有主人它不懂什么是爱它只知道要保护主人罢了明明它小小一只却有勇气对抗有枪的坏人我流泪了 龙猫的小碗的微博视频 ,True,False
5301825009881147,#小狗护主中弹三次手术后出院#那些小狗护主的感人时刻，这个世界上不能没有狗狗！ -脑袋困丢了-的微博视频 ,1779565848,2026-05-23 19:50:48+08:00,130,12,6,1779541441660,https://m.weibo.cn/detail/5301825009881147,上海,5688802088,-脑袋困丢了-,f,https://m.weibo.cn/u/5688802088?launchid=10000360-page_H5,"https://tvax4.sinaimg.cn/crop.0.0.1080.1080.180/006cZDioly8idegbn1xaqj30u00u0mxi.jpg?KID=imgbed,tva&Expires=1779552235&ssig=V5uTBGeSJf",小狗护主中弹三次手术后出院,search_contents_2026-05-23.csv,search_post,,那些小狗护主的感人时刻这个世界上不能没有狗狗 脑袋困丢了的微博视频 ,True,False
5301820009480612,#小狗护主中弹三次手术后出院# 狗：小时候你护着我，长大后我护着你” 我相信世界上有狗狗神！ ,1779564656,2026-05-23 19:30:56+08:00,128,30,7,1779541441662,https://m.weibo.cn/detail/5301820009480612,福建,7369246440,魚卷不卷yo,f,https://m.weibo.cn/u/7369246440?launchid=10000360-page_H5,"https://tvax1.sinaimg.cn/crop.0.0.1080.1080.180/0082IBDyly8iadduoaeooj30u00u0jvq.jpg?KID=imgbed,tva&Expires=1779552235&ssig=qGXJr0P2GG",小狗护主中弹三次手术后出院,search_contents_2026-05-23.csv,search_post,, 狗小时候你护着我长大后我护着你 我相信世界上有狗狗神 ,True,False
5301828646601520,#小狗护主中弹三次手术后出院#小狗🥹真的很需要一只全心全意爱自己的修勾……我以后一定要养，有一个热乎乎的忠诚的爱我且我爱的小生物陪伴我该有多爽啊！为了这个可以忍受每天遛狗，就当锻炼身体。👊 ,1779566714,2026-05-23 20:05:14+08:00,18,6,0,1779541441665,https://m.weibo.cn/detail/5301828646601520,天津,6987154857,攻击力不详但强,f,https://m.weibo.cn/u/6987154857?launchid=10000360-page_H5,"https://tvax2.sinaimg.cn/crop.0.0.1080.1080.180/007CRoa5ly8id922c0jtzj30u00u0mys.jpg?KID=imgbed,tva&Expires=1779552235&ssig=bwdVn%2BAsoF",小狗护主中弹三次手术后出院,search_contents_2026-05-23.csv,search_post,,小狗真的很需要一只全心全意爱自己的修勾我以后一定要养有一个热乎乎的忠诚的爱我且我爱的小生物陪伴我该有多爽啊为了这个可以忍受每天遛狗就当锻炼身体 ,True,False
5301794340080242,#小狗护主中弹三次手术后出院#这个小狗狗真的超级棒呀，天使小狗 ,1779558536,2026-05-23 17:48:56+08:00,16,10,0,1779541441669,https://m.weibo.cn/detail/5301794340080242,贵州,7944052295,_春有繁星,f,https://m.weibo.cn/u/7944052295?launchid=10000360-page_H5,"https://tvax2.sinaimg.cn/crop.0.0.512.512.180/008FCqTJly8hv59dsichmj30e80e8wew.jpg?KID=imgbed,tva&Expires=1779552235&ssig=Z70Xqd81%2Fa",小狗护主中弹三次手术后出院,search_contents_2026-05-23.csv,search_post,,这个小狗狗真的超级棒呀天使小狗 ,True,False
5301727966265861,为了省停车费烧了一箱油#生活趣事狂想曲##生活笑料撞满怀# ,1779542711,2026-05-23 13:25:11+08:00,2031,87,1117,1779541506829,https://m.weibo.cn/detail/5301727966265861,浙江,1640766861,喜脉洗脉,f,https://m.weibo.cn/u/1640766861?launchid=10000360-page_H5,"https://tvax2.sinaimg.cn/crop.0.0.996.996.180/001N2upDly8hbjg1uzfijj60ro0ro0uf02.jpg?KID=imgbed,tva&Expires=1779552297&ssig=IAHsg346N6",为了省停车费烧了一箱油,search_contents_2026-05-23.csv,search_post,,为了省停车费烧了一箱油 ,True,False
5301789316617731,#为了省停车费烧了一箱油#属实是当代人的真实消费写照了，原来大家都在扣扣搜搜的花大钱。想了想我好像也是，今天开车出来溜一圈，九块钱的瑞幸犹犹豫豫，九块钱的油含泪加满 ,1779557338,2026-05-23 17:28:58+08:00,152,22,23,1779541506836,https://m.weibo.cn/detail/5301789316617731,山东,2439290742,喵系车迷小7,f,https://m.weibo.cn/u/2439290742?launchid=10000360-page_H5,"https://tvax2.sinaimg.cn/crop.0.0.1080.1080.180/91649f76ly8i7bhtts7e6j20u00u0gp1.jpg?KID=imgbed,tva&Expires=1779552297&ssig=WVv7YwEQSJ",为了省停车费烧了一箱油,search_contents_2026-05-23.csv,search_post,,属实是当代人的真实消费写照了原来大家都在扣扣搜搜的花大钱想了想我好像也是今天开车出来溜一圈九块钱的瑞幸犹犹豫豫九块钱的油含泪加满 ,True,False
5301798367400202,#为了省停车费烧了一箱油#当代人为了省钱，做过多少得不偿失的事情… ,1779559496,2026-05-23 18:04:56+08:00,63,1,1,1779541506839,https://m.weibo.cn/detail/5301798367400202,广东,7264493800,MK-久遇,m,https://m.weibo.cn/u/7264493800?launchid=10000360-page_H5,"https://tvax3.sinaimg.cn/crop.0.0.513.513.180/007VD4GQly8hn9e0gdk30j30e90e9aai.jpg?KID=imgbed,tva&Expires=1779552297&ssig=aO8jxu7SFR",为了省停车费烧了一箱油,search_contents_2026-05-23.csv,search_post,,当代人为了省钱做过多少得不偿失的事情 ,True,False
5301791900303985,#为了省停车费烧了一箱油#捡芝麻丢西瓜，为省一天10元停车三天三夜烧了一箱油。 浅夏桜落的微博视频 ,1779557954,2026-05-23 17:39:14+08:00,25,0,0,1779541506842,https://m.weibo.cn/detail/5301791900303985,广东,7901880845,浅夏桜落,f,https://m.weibo.cn/u/7901880845?launchid=10000360-page_H5,"https://tvax2.sinaimg.cn/crop.0.0.1080.1080.180/008CLub3ly8icdajkgrrmj30u00u0mzd.jpg?KID=imgbed,tva&Expires=1779552297&ssig=Em%2FY4Y4WwN",为了省停车费烧了一箱油,search_contents_2026-05-23.csv,search_post,,捡芝麻丢西瓜为省一天10元停车三天三夜烧了一箱油 浅夏桜落的微博视频 ,True,False
5301792602854570,为了省停车费烧了一箱油谁懂啊家人们🤣当代迷惑省钱行为天花板出现了为了抠那十几二十块停车费死活不肯进停车场在周边大街小巷疯狂绕圈找免费车位东转西绕兜兜转转最后停车费是一分没花硬生生烧掉了整整一箱油省小钱亏大钱，主打一个反向理财脑子好像省了，钱包彻底疯了😂 ,1779558122,2026-05-23 17:42:02+08:00,91,23,0,1779541506845,https://m.weibo.cn/detail/5301792602854570,内蒙古,5238542198,山川共平,f,https://m.weibo.cn/u/5238542198?launchid=10000360-page_H5,"https://tvax3.sinaimg.cn/crop.0.0.1080.1080.180/005Iwo86ly8ib2uler7nej30u00u0jw5.jpg?KID=imgbed,tva&Expires=1779552297&ssig=YKV0PyY9js",为了省停车费烧了一箱油,search_contents_2026-05-23.csv,search_post,,为了省停车费烧了一箱油谁懂啊家人们当代迷惑省钱行为天花板出现了为了抠那十几二十块停车费死活不肯进停车场在周边大街小巷疯狂绕圈找免费车位东转西绕兜兜转转最后停车费是一分没花硬生生烧掉了整整一箱油省小钱亏大钱主打一个反向理财脑子好像省了钱包彻底疯了 ,True,False
5301842558323571,G81宝马M3旅行版，原厂姿态就很好看，尤其后轮小宽体，充满了肌肉感。好的设计一定是做减法，而不是东拼西凑集齐流行元素于一身。#为了省停车费烧了一箱油# ,1779570032,2026-05-23 21:00:32+08:00,3,1,0,1779541506847,https://m.weibo.cn/detail/5301842558323571,日本,1750727217,型车志,m,https://m.weibo.cn/u/1750727217?launchid=10000360-page_H5,"https://tvax4.sinaimg.cn/crop.0.0.1080.1080.180/6859fa31ly8ge1q57nv5aj20u00u0q45.jpg?KID=imgbed,tva&Expires=1779552297&ssig=m5U0%2FyA7cR",为了省停车费烧了一箱油,search_contents_2026-05-23.csv,search_post,,G81宝马M3旅行版原厂姿态就很好看尤其后轮小宽体充满了肌肉感好的设计一定是做减法而不是东拼西凑集齐流行元素于一身 ,True,False
5301842288317906,#男子为省停车费停空地烧完一箱油#现实版的捡了芝麻丢了西瓜！为了省停车费烧了一箱油，老龍觉得这账算糊涂了晚上刷到这段子，手里的茶杯差点笑洒了。为了省那几十块停车费，开车绕了半小时找免费车位，结果油钱烧掉两百多。老龍我看得直摇头——这哪是省钱，这是给加油站打工。炒股的人里，这种&quot;省小钱亏大钱&quot;的毛病多了去了。老龍我见过太多老哥，为了省那万八块的佣金，找个小券商开户，结果交易系统卡顿，涨停板上卖不出去，少赚几万。还有人为了省手续费，该做T的时候不做，硬扛回撤，最后割肉割在地板上。省的是芝麻，丢的是西瓜。这毛病根子上是穷思维。老龍我年轻那会儿也这样，买棵白菜要货比三家，买股票却满仓梭哈不眨眼。后来想通了，时间、精力、机会成本，都是钱。为了省停车费烧一箱油，表面是算计，本质是格局小了，算不清大账。放到股市里也一样。有人天天盯盘四小时，就为省那几分钱的买入价，结果错过了主升浪。有人研究技术指标到深夜，却不愿花半小时读份年报，最后被ST闷杀。老龍我说，散户最大的成本不是佣金，是时间耗在无效的地方，是精力错配在细枝末节。所以老龍我现在的原则：该花的钱不省，该省的精力不耗。券商佣金差那万分之一，不如找个系统稳定的；停车费该交交，省下的时间研究一只好票，回报翻百倍。一箱油两百块，半小时研究一只趋势牛股，可能赚两万。这世道，会算账的人活得累，算大账的人活得爽。老龍我年纪大了，懒得计较那三瓜两枣。各位年轻人，格局打开，别为了省停车费，烧掉自己的一箱油。下周怎么参与，先把这笔账算明白。,1779569968,2026-05-23 20:59:28+08:00,0,0,0,1779541506852,https://m.weibo.cn/detail/5301842288317906,广东,2189976062,财经龍头,m,https://m.weibo.cn/u/2189976062?luicode=20000061&lfid=5301842288317906&launchid=10000360-page_H5,"https://tvax2.sinaimg.cn/crop.0.0.600.600.180/828861fely8i1mtuqcbrkj20go0gogon.jpg?KID=imgbed,tva&Expires=1779552297&ssig=8uaqP48cES",为了省停车费烧了一箱油,search_contents_2026-05-23.csv,search_post,,现实版的捡了芝麻丢了西瓜为了省停车费烧了一箱油老龍觉得这账算糊涂了晚上刷到这段子手里的茶杯差点笑洒了为了省那几十块停车费开车绕了半小时找免费车位结果油钱烧掉两百多老龍我看得直摇头这哪是省钱这是给加油站打工炒股的人里这种quot省小钱亏大钱quot的毛病多了去了老龍我见过太多老哥为了省那万八块的佣金找个小券商开户结果交易系统卡顿涨停板上卖不出去少赚几万还有人为了省手续费该做T的时候不做硬扛回撤最后割肉割在地板上省的是芝麻丢的是西瓜这毛病根子上是穷思维老龍我年轻那会儿也这样买棵白菜要货比三家买股票却满仓梭哈不眨眼后来想通了时间精力机会成本都是钱为了省停车费烧一箱油表面是算计本质是格局小了算不清大账放到股市里也一样有人天天盯盘四小时就为省那几分钱的买入价结果错过了主升浪有人研究技术指标到深夜却不愿花半小时读份年报最后被ST闷杀老龍我说散户最大的成本不是佣金是时间耗在无效的地方是精力错配在细枝末节所以老龍我现在的原则该花的钱不省该省的精力不耗券商佣金差那万分之一不如找个系统稳定的停车费该交交省下的时间研究一只好票回报翻百倍一箱油两百块半小时研究一只趋势牛股可能赚两万这世道会算账的人活得累算大账的人活得爽老龍我年纪大了懒得计较那三瓜两枣各位年轻人格局打开别为了省停车费烧掉自己的一箱油下周怎么参与先把这笔账算明白,True,False
5301841955129657,#为了省停车费烧了一箱油#哈哈哈哈哈哈哈得不偿失 ,1779569888,2026-05-23 20:58:08+08:00,0,0,0,1779541506855,https://m.weibo.cn/detail/5301841955129657,湖北,7483357755,正在接听_0318,f,https://m.weibo.cn/u/7483357755?launchid=10000360-page_H5,"https://tvax4.sinaimg.cn/crop.0.0.1080.1080.180/008arpcDly8ibox48sgcej30u00u0mzi.jpg?KID=imgbed,tva&Expires=1779552297&ssig=XDLlGQ9uaC",为了省停车费烧了一箱油,search_contents_2026-05-23.csv,search_post,,哈哈哈哈哈哈哈得不偿失 ,True,False
5301778620613149,#女子住院被朋友殴打昏迷数天后死亡# 案子很狗血，教训极深刻哈，认真看完。省流版：徐某和杜某本是朋友，后来徐某嫁给了杜某的前男友，可婚后杜某还常联系男方。徐某气不过，半夜冲进医院，对住院的杜某头面部一顿殴打致昏迷，20多天后人没了。尸检显示直接死因是肝硬化、肝坏死，但头面部那点轻伤偏偏是死亡诱因。法院最终以故意伤害罪（致死）判三缓三。为什么不是过失致人死亡？因为徐某对着头脸猛打，主观上就有伤害故意，哪怕对死亡结果只是过失，也得按故意伤害致死的结果加重犯追究。检方起初指控的过失致人死亡，被法院纠正，定性更准确。另一个重点是“多因一果”，死亡是严重肝病和暴力共同酿成的，绝不能因为被害人自身病重就切断刑法上的因果关系。通俗讲，法律上有个“鸡蛋壳脑袋”规则，你动手时，就得接受对方可能是个“易碎品”，哪怕只打几拳，诱发旧疾致死，照样要对死亡担责。判三缓三有自首、赔偿谅解等情节，可病房本该是安心养病的地方，冲进去施暴实在太恶劣。这不止扇碎了友情，更给自己背上了刑事案底。轻伤二级放常人身上也许只是治安案件，可偏遇上危重病人，就成了致命一击，是现实版“冲动的惩罚”。管不住情绪，代价真的太大。你觉得这判决合适吗？,1779554788,2026-05-23 16:46:28+08:00,219,32,15,1779541612752,https://m.weibo.cn/detail/5301778620613149,广东,3861130273,袁者之,m,https://m.weibo.cn/u/3861130273?luicode=20000061&lfid=5301778620613149&launchid=10000360-page_H5,"https://tvax4.sinaimg.cn/crop.0.0.1080.1080.180/e6242c21ly8ice936ruc9j20u00u0778.jpg?KID=imgbed,tva&Expires=1779552407&ssig=lmejhVaeRm",女子住院被朋友殴打昏迷数天后死亡,search_contents_2026-05-23.csv,search_post,, 案子很狗血教训极深刻哈认真看完省流版徐某和杜某本是朋友后来徐某嫁给了杜某的前男友可婚后杜某还常联系男方徐某气不过半夜冲进医院对住院的杜某头面部一顿殴打致昏迷20多天后人没了尸检显示直接死因是肝硬化肝坏死但头面部那点轻伤偏偏是死亡诱因法院最终以故意伤害罪致死判三缓三为什么不是过失致人死亡因为徐某对着头脸猛打主观上就有伤害故意哪怕对死亡结果只是过失也得按故意伤害致死的结果加重犯追究检方起初指控的过失致人死亡被法院纠正定性更准确另一个重点是多因一果死亡是严重肝病和暴力共同酿成的绝不能因为被害人自身病重就切断刑法上的因果关系通俗讲法律上有个鸡蛋壳脑袋规则你动手时就得接受对方可能是个易碎品哪怕只打几拳诱发旧疾致死照样要对死亡担责判三缓三有自首赔偿谅解等情节可病房本该是安心养病的地方冲进去施暴实在太恶劣这不止扇碎了友情更给自己背上了刑事案底轻伤二级放常人身上也许只是治安案件可偏遇上危重病人就成了致命一击是现实版冲动的惩罚管不住情绪代价真的太大你觉得这判决合适吗,True,False
5301771878535938,#女子住院被朋友殴打昏迷数天后死亡#昔日好友反目酿成悲剧，只因猜忌心生怨恨，当事人情绪失控闯入病房，动手殴打身患重病住院的友人。受害者遭袭后陷入昏迷，历经多日抢救依旧不幸离世，一段情谊彻底画上惨痛句号。 案件判决落下帷幕，冲动施暴终究要承担法律代价。遇事切忌被怒火裹挟，人际相处需守住理智底线，猜忌与暴力解决不了矛盾，反而会摧毁彼此人生，酿成无法挽回的悲剧。,1779553181,2026-05-23 16:19:41+08:00,108,14,1,1779541612755,https://m.weibo.cn/detail/5301771878535938,四川,9121366767,宁静芳妮,f,https://m.weibo.cn/u/9121366767?luicode=20000061&lfid=5301771878535938&launchid=10000360-page_H5,"https://tvax1.sinaimg.cn/crop.0.0.500.500.180/009XikaPly8i5ydyobyx7j30dw0dw0tx.jpg?KID=imgbed,tva&Expires=1779552410&ssig=Ba%2FR2PR7t2",女子住院被朋友殴打昏迷数天后死亡,search_contents_2026-05-23.csv,search_post,,昔日好友反目酿成悲剧只因猜忌心生怨恨当事人情绪失控闯入病房动手殴打身患重病住院的友人受害者遭袭后陷入昏迷历经多日抢救依旧不幸离世一段情谊彻底画上惨痛句号 案件判决落下帷幕冲动施暴终究要承担法律代价遇事切忌被怒火裹挟人际相处需守住理智底线猜忌与暴力解决不了矛盾反而会摧毁彼此人生酿成无法挽回的悲剧,True,False
5301785636110936,#女子住院被朋友殴打昏迷数天后死亡#这个案子也是挺逆天的。省流：女子和闺蜜的男朋友结婚后，因为闺蜜老是联系自己老公，先和老公打，再去医院打闺蜜致轻伤二级，诱发肝坏死死亡，故意伤害，判三缓三。 ,1779556461,2026-05-23 17:14:21+08:00,80,15,7,1779541612759,https://m.weibo.cn/detail/5301785636110936,山东,5679508036,iBingo,m,https://m.weibo.cn/u/5679508036?launchid=10000360-page_H5,"https://tvax4.sinaimg.cn/crop.0.0.512.512.180/006cmDukly8i8g0791t9aj30e80e83yi.jpg?KID=imgbed,tva&Expires=1779552403&ssig=JfqYqmvrXW",女子住院被朋友殴打昏迷数天后死亡,search_contents_2026-05-23.csv,search_post,,这个案子也是挺逆天的省流女子和闺蜜的男朋友结婚后因为闺蜜老是联系自己老公先和老公打再去医院打闺蜜致轻伤二级诱发肝坏死死亡故意伤害判三缓三 ,True,False
5301783461366499,#女子住院被朋友殴打昏迷数天后死亡# 所以是三了朋友和朋友男朋友结婚，婚后怀疑老公和前女友（朋友）暧昧，吵完老公跑医院打了朋友？朋友在医院又治了20多天后死亡这朋友没有在男朋友被抢后第一时间就绝交真是可惜了，摊上这一对沙贝 网瘾少女飞飞酱的微博视频 ,1779555942,2026-05-23 17:05:42+08:00,137,21,10,1779541612763,https://m.weibo.cn/detail/5301783461366499,河南,2520418901,网瘾少女飞飞酱,f,https://m.weibo.cn/u/2520418901?launchid=10000360-page_H5,"https://tvax1.sinaimg.cn/crop.169.5.168.168.180/963a8a55ly8h3h47cr5tjj20ds07saa9.jpg?KID=imgbed,tva&Expires=1779552403&ssig=apyMHIMWRx",女子住院被朋友殴打昏迷数天后死亡,search_contents_2026-05-23.csv,search_post,, 所以是三了朋友和朋友男朋友结婚婚后怀疑老公和前女友朋友暧昧吵完老公跑医院打了朋友朋友在医院又治了20多天后死亡这朋友没有在男朋友被抢后第一时间就绝交真是可惜了摊上这一对沙贝 网瘾少女飞飞酱的微博视频 ,True,False
5301843191661007,#女子住院被朋友殴打昏迷数天后死亡#①抢了闺蜜的男朋友，知三当三②跑去医院打住院的闺蜜，打头面部，这是下狠手②法官是知心大哥哥吧？ ,1779570182,2026-05-23 21:03:02+08:00,0,0,0,1779541612765,https://m.weibo.cn/detail/5301843191661007,河南,7822427564,love云淡风轻_,f,https://m.weibo.cn/u/7822427564?launchid=10000360-page_H5,"https://tvax4.sinaimg.cn/crop.0.0.1080.1080.180/008xo6Kwly8i917dvjqdbj30u00u0q71.jpg?KID=imgbed,tva&Expires=1779552403&ssig=2zOJvJXG14",女子住院被朋友殴打昏迷数天后死亡,search_contents_2026-05-23.csv,search_post,,①抢了闺蜜的男朋友知三当三②跑去医院打住院的闺蜜打头面部这是下狠手②法官是知心大哥哥吧 ,True,False
5301842959665576,#女子住院被朋友殴打昏迷数天后死亡#不说杀人偿命，但是这个因为这个因导致对方死亡，就缓刑？鼓励大家以后杀人可以通过这种方式而不受到法律制裁吗？完全看不懂 ,1779570128,2026-05-23 21:02:08+08:00,0,0,0,1779541612768,https://m.weibo.cn/detail/5301842959665576,广东,6058348037,爱生活的说书人,m,https://m.weibo.cn/u/6058348037?launchid=10000360-page_H5,"https://tvax2.sinaimg.cn/crop.0.0.1080.1080.180/006C0d4Vly8gc9xsz58t5j30u00u140z.jpg?KID=imgbed,tva&Expires=1779552403&ssig=dCd2eooFR%2F",女子住院被朋友殴打昏迷数天后死亡,search_contents_2026-05-23.csv,search_post,,不说杀人偿命但是这个因为这个因导致对方死亡就缓刑鼓励大家以后杀人可以通过这种方式而不受到法律制裁吗完全看不懂 ,True,False
5301842764367092,#女子住院被朋友殴打昏迷数天后死亡#这么判真不是儿戏吗你哪怕判三年实刑呢？可怜的女人被抢了男朋友被打的头破血流含冤而死！ ,1779570081,2026-05-23 21:01:21+08:00,0,0,0,1779541612769,https://m.weibo.cn/detail/5301842764367092,江苏,2647408164,总有乱花迷人眼,f,https://m.weibo.cn/u/2647408164?launchid=10000360-page_H5,"https://tvax3.sinaimg.cn/crop.0.0.664.664.180/9dcc3e24ly8haeyddlvjtj20ig0ig3zs.jpg?KID=imgbed,tva&Expires=1779552403&ssig=e%2F4EC1q%2Bf8",女子住院被朋友殴打昏迷数天后死亡,search_contents_2026-05-23.csv,search_post,,这么判真不是儿戏吗你哪怕判三年实刑呢可怜的女人被抢了男朋友被打的头破血流含冤而死 ,True,False
5301521803903187,【#庾澄庆淘汰缺席歌手采访#】5月22日晚，《歌手2026》迎来首场直播竞演，九位歌手全开麦对决引发全网关注。@庾澄慶 第九名淘汰，他回应表示：一日游嘛，人生就是这样。赛后，庾澄庆未出席接受采访。#庾澄庆说没什么好说的# #歌手排名# ,1779493557,2026-05-22 23:45:57+08:00,6182,57,242,1779541701586,https://m.weibo.cn/detail/5301521803903187,,3203137375,四川观察,f,https://m.weibo.cn/u/3203137375?launchid=10000360-page_H5,"https://tvax3.sinaimg.cn/crop.0.0.600.600.180/beebff5fly8i6aou48o1nj20go0got9j.jpg?KID=imgbed,tva&Expires=1779552498&ssig=kqtca428VF",庾澄庆淘汰缺席歌手采访,search_contents_2026-05-23.csv,search_post,,5月22日晚歌手2026迎来首场直播竞演九位歌手全开麦对决引发全网关注 第九名淘汰他回应表示一日游嘛人生就是这样赛后庾澄庆未出席接受采访  ,True,False
5301794080297699,#庾澄庆 被换6首歌#原本笃定哈林有冲击歌王的实力，回看竟意外遭淘汰，着实出乎意料。也真切印证张学友所言，真正的实力从无需节目投票认证，大众评审的评判本就欠缺专业度。 #庾澄庆淘汰缺席歌手采访# ,1779558474,2026-05-23 17:47:54+08:00,220,34,2,1779541701592,https://m.weibo.cn/detail/5301794080297699,广东,2305070722,给我留口鱿鱼,f,https://m.weibo.cn/u/2305070722?launchid=10000360-page_H5,"https://tvax4.sinaimg.cn/crop.0.0.1080.1080.180/89649682ly8id3tes262qj20u00u0mz9.jpg?KID=imgbed,tva&Expires=1779552498&ssig=NEGUdNP1S%2F",庾澄庆淘汰缺席歌手采访,search_contents_2026-05-23.csv,search_post,,原本笃定哈林有冲击歌王的实力回看竟意外遭淘汰着实出乎意料也真切印证张学友所言真正的实力从无需节目投票认证大众评审的评判本就欠缺专业度  ,True,False
5301514560342600,【#庾澄庆缺席赛后媒体采访# 】#庾澄庆淘汰# 首期#歌手2026# 比赛结果出炉，庾澄庆意外爆冷出局，赛后采访环节，前八名选手现身，唯独缺了庾澄庆。@庾澄慶 此前曾说来《歌手》很明确自己的定位，弄清楚自己的优势劣势，但排名垫底依然让不少人感到意外。（@新黄河 记者：任晓斐）   新黄河的微博视频  ,1779491831,2026-05-22 23:17:11+08:00,24,2,0,1779541701599,https://m.weibo.cn/detail/5301514560342600,,1711530911,新黄河,m,https://m.weibo.cn/u/1711530911?launchid=10000360-page_H5,"https://tvax3.sinaimg.cn/crop.0.0.600.600.180/6603e39fly8hqvu5pujn3j20go0gota8.jpg?KID=imgbed,tva&Expires=1779552498&ssig=fjua9W9Kv4",庾澄庆淘汰缺席歌手采访,search_contents_2026-05-23.csv,search_post,,  首期 比赛结果出炉庾澄庆意外爆冷出局赛后采访环节前八名选手现身唯独缺了庾澄庆 此前曾说来歌手很明确自己的定位弄清楚自己的优势劣势但排名垫底依然让不少人感到意外 记者任晓斐   新黄河的微博视频  ,True,False
5301811871482836,芒果为何把庾澄庆和林志炫都淘汰掉？是因为改编的太难听？庾澄庆激情满满地准备着，最后却淘汰，淘汰就算了，还要被问发表感言，真的是格局大，说到：没什么好说的，一日游嘛，心疼哈林哥，庾澄庆淘汰缺席歌手采访，情绪难免低落，不想面对镜头、接受提问很正常！#庾澄庆淘汰缺席歌手采访##庾澄庆 被换6首歌##微博二创视频创作季# 甜宝宝C的微博视频,1779562716,2026-05-23 18:58:36+08:00,23,0,0,1779541701604,https://m.weibo.cn/detail/5301811871482836,广东,2170527693,甜宝宝C,f,https://m.weibo.cn/u/2170527693?luicode=20000061&lfid=5301811871482836&launchid=10000360-page_H5,"https://tvax1.sinaimg.cn/crop.0.0.1080.1080.180/815f9fcdly8i1pf88sst6j20u00u0q4j.jpg?KID=imgbed,tva&Expires=1779552499&ssig=Mr9JTpB7bO",庾澄庆淘汰缺席歌手采访,search_contents_2026-05-23.csv,search_post,,芒果为何把庾澄庆和林志炫都淘汰掉是因为改编的太难听庾澄庆激情满满地准备着最后却淘汰淘汰就算了还要被问发表感言真的是格局大说到没什么好说的一日游嘛心疼哈林哥庾澄庆淘汰缺席歌手采访情绪难免低落不想面对镜头接受提问很正常 甜宝宝C的微博视频,True,False
5301841040769221,#庾澄庆淘汰缺席歌手采访#庾澄庆以&quot;音乐顽童&quot;著称，身兼金曲歌王与三届金钟奖得主，代表作《让我一次爱个够》《春泥》影响数代人。 ,1779569669,2026-05-23 20:54:29+08:00,0,0,0,1779541701611,https://m.weibo.cn/detail/5301841040769221,山东,9121901997,张焌豪,f,https://m.weibo.cn/u/9121901997?launchid=10000360-page_H5,"https://tvax3.sinaimg.cn/crop.0.0.931.931.180/009Xkzpzly8idetrmw9wfj30pv0pv40q.jpg?KID=imgbed,tva&Expires=1779552498&ssig=GmIdoizX0U",庾澄庆淘汰缺席歌手采访,search_contents_2026-05-23.csv,search_post,,庾澄庆以quot音乐顽童quot著称身兼金曲歌王与三届金钟奖得主代表作让我一次爱个够春泥影响数代人 ,True,False
5301840516220965,#庾澄庆淘汰缺席歌手采访##爱上流行乐# 音乐响起夏天是真得到了。不明白为什么2026年歌手对前辈不友好？ 悦享音乐笔记的微博视频 ,1779569545,2026-05-23 20:52:25+08:00,0,0,0,1779541701616,https://m.weibo.cn/detail/5301840516220965,陕西,5574749019,悦享音乐笔记,m,https://m.weibo.cn/u/5574749019?launchid=10000360-page_H5,"https://tvax2.sinaimg.cn/crop.0.0.600.600.180/0065h4SLly8idfjzi0k69j30go0go0ws.jpg?KID=imgbed,tva&Expires=1779552498&ssig=RO7D5%2F0Byy",庾澄庆淘汰缺席歌手采访,search_contents_2026-05-23.csv,search_post,, 音乐响起夏天是真得到了不明白为什么2026年歌手对前辈不友好 悦享音乐笔记的微博视频 ,True,False
5301835431674693,#庾澄庆淘汰缺席歌手采访#没看节目但有感而发，想看大家一起能放的开能尽情唱能玩音乐的音综了 ,1779568332,2026-05-23 20:32:12+08:00,0,0,0,1779541701622,https://m.weibo.cn/detail/5301835431674693,河南,7952438455,闹腾的波浪线,f,https://m.weibo.cn/u/7952438455?launchid=10000360-page_H5,"https://tvax2.sinaimg.cn/crop.0.0.1080.1080.180/008GbCwnly8ic385psl6sj30u00u0abn.jpg?KID=imgbed,tva&Expires=1779552498&ssig=ozs9RaTUsX",庾澄庆淘汰缺席歌手采访,search_contents_2026-05-23.csv,search_post,,没看节目但有感而发想看大家一起能放的开能尽情唱能玩音乐的音综了 ,True,False
5301834948281173,#庾澄庆淘汰缺席歌手采访#2026年5月22日，庾澄庆在《歌手2026》首场直播竞演中以2.01%的得票率排名垫底淘汰，赛后他缺席媒体群访并发布“长沙一日游”的豁达回应，传递出积极乐观的态度。 你也想吃汉堡嘛-的微博视频 ,1779568218,2026-05-23 20:30:18+08:00,2,3,0,1779541701628,https://m.weibo.cn/detail/5301834948281173,安徽,7280053161,你也想吃汉堡嘛-,f,https://m.weibo.cn/u/7280053161?launchid=10000360-page_H5,"https://tvax2.sinaimg.cn/crop.0.0.1080.1080.180/007WGmohly8id7p1sca3ej30u00u0jue.jpg?KID=imgbed,tva&Expires=1779552498&ssig=JZOlu65xGd",庾澄庆淘汰缺席歌手采访,search_contents_2026-05-23.csv,search_post,,2026年5月22日庾澄庆在歌手2026首场直播竞演中以201的得票率排名垫底淘汰赛后他缺席媒体群访并发布长沙一日游的豁达回应传递出积极乐观的态度 你也想吃汉堡嘛的微博视频 ,True,False
5301766926108524,【#徐留平被查#】#徐留平涉嫌严重违纪违法# 中华全国总工会党组书记、副主席、书记处第一书记徐留平涉嫌严重违纪违法，目前正接受中央纪委国家监委纪律审查和监察调查。 （总台央视记者宋琎）网页链接 ,1779552000,2026-05-23 16:00:00+08:00,1910,285,243,1779541814440,https://m.weibo.cn/detail/5301766926108524,,2656274875,央视新闻,m,https://m.weibo.cn/u/2656274875?launchid=10000360-page_H5,"https://tvax4.sinaimg.cn/crop.0.0.690.690.180/002TLsr9ly8iakuy3heb6j60j60j6wex02.jpg?KID=imgbed,tva&Expires=1779552597&ssig=JlAcBWY9rE",徐留平被查,search_contents_2026-05-23.csv,search_post,白名单账号, 中华全国总工会党组书记副主席书记处第一书记徐留平涉嫌严重违纪违法目前正接受中央纪委国家监委纪律审查和监察调查 总台央视记者宋琎网页链接 ,True,False
5301770156248146,中华全国总工会党组书记、副主席、书记处第一书记徐留平被查 ,1779552770,2026-05-23 16:12:50+08:00,1095,263,21,1779541814458,https://m.weibo.cn/detail/5301770156248146,福建,2135129011,孙少军09,m,https://m.weibo.cn/u/2135129011?launchid=10000360-page_H5,"https://tvax2.sinaimg.cn/crop.0.0.1080.1080.180/7f437bb3ly8hgf9qaxrlwj20u00u0q4f.jpg?KID=imgbed,tva&Expires=1779552597&ssig=8aFFG1l7VI",徐留平被查,search_contents_2026-05-23.csv,search_post,,中华全国总工会党组书记副主席书记处第一书记徐留平被查 ,True,False
5301782449491838,好家伙，级部正。这回会轮到老蔡吗？中央纪委国家监委网站5月23日消息，中华全国总工会党组书记、副主席、书记处第一书记徐留平涉嫌严重违纪违法，目前正接受中央纪委国家监委纪律审查和监察调查。公开简历显示，徐留平，男，汉族，1964年10月生，研究生学历，管理学博士学位，中共党员，研究员级高级工程师。二十届中央候补委员。徐留平曾任：中国兵器装备集团公司副总经理、党组副书记；中国兵器装备集团公司董事、总经理、党组副书记等职。2023年，他任中华全国总工会党组书记、副主席、书记处第一书记，至此番被查。#徐留平被查##全国总工会党组书记徐留平被查##实务案例看一看#,1779555701,2026-05-23 17:01:41+08:00,223,46,12,1779541814469,https://m.weibo.cn/detail/5301782449491838,北京,1824015157,蔡雅奇刑法,m,https://m.weibo.cn/u/1824015157?luicode=20000061&lfid=5301782449491838&launchid=10000360-page_H5,"https://tvax4.sinaimg.cn/crop.0.0.896.896.180/6cb84335ly8gdifexzrgvj20ow0owmz2.jpg?KID=imgbed,tva&Expires=1779552598&ssig=MJWaabxfMK",徐留平被查,search_contents_2026-05-23.csv,search_post,,好家伙级部正这回会轮到老蔡吗中央纪委国家监委网站5月23日消息中华全国总工会党组书记副主席书记处第一书记徐留平涉嫌严重违纪违法目前正接受中央纪委国家监委纪律审查和监察调查公开简历显示徐留平男汉族1964年10月生研究生学历管理学博士学位中共党员研究员级高级工程师二十届中央候补委员徐留平曾任中国兵器装备集团公司副总经理党组副书记中国兵器装备集团公司董事总经理党组副书记等职2023年他任中华全国总工会党组书记副主席书记处第一书记至此番被查,True,False
5301791023432323,#徐留平被查#周六打虎，三年正部级的徐留平这十年一直是热门人物。曾传调任工信部，也曾多次传出被调查的，但也是都谣言招来辟谣，平安无事。62岁的徐留平在正部级总工会的位置上，虽不是核心部委，但也是位极人臣。汽车圈里说起来，汽车公司的董事长干到正部，没有人觉的被边缘，都是三个词，重用，犒赏，骄傲！ 从长安到一汽，在徐留平手里，最引人瞩目的是红旗品牌的复兴与崛起，销量连年翻倍，一度成为国有品牌的复兴的代表。这次，落马，虽然不意外，传言几次调查，给人有一定有预期，但他在哪个阶段出事，是在正部级三年的位置上，权钱交易，还是兵器、长安，一汽，东窗事发，这还是一个谜。但可以确定的是，今天纪检委的通稿中，“涉嫌严重违纪违法”，貌似打虎的每个通告中都是常用词，但对比多个被叫去问话，又平安出来，或者降级处分保留局级或处级待遇的多个高官，徐留平是在正部级的现职位置上，被抓，身为中央候补委员，这个身份落马，能想见，这个调查之确凿，涉案事之大，甚至情形之恶劣，没得跑。这个事发之谜，说不定是贯空整个汽车生涯，坐等被揭。 #徐留平涉嫌严重违纪违法被查##徐留平涉嫌严重违纪违法#,1779557745,2026-05-23 17:35:45+08:00,171,43,33,1779541814478,https://m.weibo.cn/detail/5301791023432323,北京,1496883514,凯雷,m,https://m.weibo.cn/u/1496883514?luicode=20000061&lfid=5301791023432323&launchid=10000360-page_H5,"https://tva2.sinaimg.cn/crop.0.0.180.180.180/5938a13ajw1e8qgp5bmzyj2050050aa8.jpg?KID=imgbed,tva&Expires=1779552601&ssig=outHin9V%2By",徐留平被查,search_contents_2026-05-23.csv,search_post,,周六打虎三年正部级的徐留平这十年一直是热门人物曾传调任工信部也曾多次传出被调查的但也是都谣言招来辟谣平安无事62岁的徐留平在正部级总工会的位置上虽不是核心部委但也是位极人臣汽车圈里说起来汽车公司的董事长干到正部没有人觉的被边缘都是三个词重用犒赏骄傲 从长安到一汽在徐留平手里最引人瞩目的是红旗品牌的复兴与崛起销量连年翻倍一度成为国有品牌的复兴的代表这次落马虽然不意外传言几次调查给人有一定有预期但他在哪个阶段出事是在正部级三年的位置上权钱交易还是兵器长安一汽东窗事发这还是一个谜但可以确定的是今天纪检委的通稿中涉嫌严重违纪违法貌似打虎的每个通告中都是常用词但对比多个被叫去问话又平安出来或者降级处分保留局级或处级待遇的多个高官徐留平是在正部级的现职位置上被抓身为中央候补委员这个身份落马能想见这个调查之确凿涉案事之大甚至情形之恶劣没得跑这个事发之谜说不定是贯空整个汽车生涯坐等被揭 ,True,False
5301782381068938,#徐留平被查#正部级徐留平，任上被查！徐留平曾任：中国兵器装备集团公司副总经理、党组副书记；中国兵器装备集团公司董事、总经理、党组副书记等职。2023年，他任中华全国总工会党组书记、副主席、书记处第一书记，至此番被查。 ,1779555685,2026-05-23 17:01:25+08:00,194,46,9,1779541814484,https://m.weibo.cn/detail/5301782381068938,湖北,5094751249,朝阳吃瓜群众一枚,m,https://m.weibo.cn/u/5094751249?launchid=10000360-page_H5,"https://tvax2.sinaimg.cn/crop.0.0.1080.1080.180/005yN3xfly8hjnvgs6z9mj30u00u0myn.jpg?KID=imgbed,tva&Expires=1779552597&ssig=CNmj7LJDdj",徐留平被查,search_contents_2026-05-23.csv,search_post,,正部级徐留平任上被查徐留平曾任中国兵器装备集团公司副总经理党组副书记中国兵器装备集团公司董事总经理党组副书记等职2023年他任中华全国总工会党组书记副主席书记处第一书记至此番被查 ,True,False
5301783874244266,#徐留平被查#查得好啊，建议继续严查深挖，违/法/乱/纪的一个都不要放过！ ,1779556041,2026-05-23 17:07:21+08:00,132,11,6,1779541814490,https://m.weibo.cn/detail/5301783874244266,北京,7807222974,首选男主,m,https://m.weibo.cn/u/7807222974?launchid=10000360-page_H5,"https://tvax1.sinaimg.cn/crop.0.0.1080.1080.180/008wmjlcly8idfoaru1p5j30u00u0mys.jpg?KID=imgbed,tva&Expires=1779552597&ssig=H6tUG0usN6",徐留平被查,search_contents_2026-05-23.csv,search_post,,查得好啊建议继续严查深挖违法乱纪的一个都不要放过 ,True,False
5301774502070712,传闻数月后，新华社终于官宣，车圈“大老虎”落马，正部级任上被查。据说，大老虎家人也同时被查，某华中省会城市领导与其交往密切的，比大老虎更早一点落马。这背后不是巧合，而是有密切关连。知情人士称，二者是江苏老乡，涉及一笔项目投资款的体外流转。大老虎被查时，不是很配合且态度很不好。#徐留平##徐留平被查##徐留平涉嫌严重违纪违法#,1779553806,2026-05-23 16:30:06+08:00,21,16,2,1779541814495,https://m.weibo.cn/detail/5301774502070712,安徽,1282094001,小林你好哗啦啦,m,https://m.weibo.cn/u/1282094001?luicode=20000061&lfid=5301774502070712&launchid=10000360-page_H5,"https://tvax1.sinaimg.cn/crop.0.0.1080.1080.180/4c6b33b1ly8i8qxsueiykj20u00u00wo.jpg?KID=imgbed,tva&Expires=1779552604&ssig=wJrK83ESaO",徐留平被查,search_contents_2026-05-23.csv,search_post,,传闻数月后新华社终于官宣车圈大老虎落马正部级任上被查据说大老虎家人也同时被查某华中省会城市领导与其交往密切的比大老虎更早一点落马这背后不是巧合而是有密切关连知情人士称二者是江苏老乡涉及一笔项目投资款的体外流转大老虎被查时不是很配合且态度很不好,True,False
5301746026157908,棣月系  头像黑了，我也要专注现生了……不管怎么样，很高兴遇到了和yy一样真诚的大家 ,1779547017,2026-05-23 14:36:57+08:00,9525,115,15,1779541870875,https://m.weibo.cn/detail/5301746026157908,福建,7739563772,Dylan喜欢吃月饼,f,https://m.weibo.cn/u/7739563772?launchid=10000360-page_H5,"https://tvax3.sinaimg.cn/crop.0.0.1080.1080.180/008rMq5Kly8i7s5hunzocj30u00u0acv.jpg?KID=imgbed,tva&Expires=1779552671&ssig=5CUkQlpSej",棣月系超话头像变黑了,search_contents_2026-05-23.csv,search_post,,棣月系  头像黑了我也要专注现生了不管怎么样很高兴遇到了和yy一样真诚的大家 ,True,False
5301771060643046,#棣月系超话头像变黑了#“棣月系”的CP超话头像已变黑，第一次见这么尴尬的，俩人以后应该也不会再合作了吧？ ,1779552986,2026-05-23 16:16:26+08:00,1067,46,2,1779541870877,https://m.weibo.cn/detail/5301771060643046,安徽,7737996649,冬日离别季,f,https://m.weibo.cn/u/7737996649?launchid=10000360-page_H5,"https://tvax1.sinaimg.cn/crop.0.0.1080.1080.180/008rFQpzly8ide91xivghj30u00u0diz.jpg?KID=imgbed,tva&Expires=1779552671&ssig=nR7X%2BOXbpX",棣月系超话头像变黑了,search_contents_2026-05-23.csv,search_post,,棣月系的CP超话头像已变黑第一次见这么尴尬的俩人以后应该也不会再合作了吧 ,True,False
5301747222055124,棣月系第一次发帖 也是最后一次 超话头像黑了 我们也该散了 祝大家现生愉快！ ,1779547302,2026-05-23 14:41:42+08:00,555,6,0,1779541870881,https://m.weibo.cn/detail/5301747222055124,天津,7218661122,向生活敬礼_,f,https://m.weibo.cn/u/7218661122?launchid=10000360-page_H5,"https://tvax3.sinaimg.cn/crop.0.0.1080.1080.180/007SwLw6ly8idfex6pqslj30u00u0diw.jpg?KID=imgbed,tva&Expires=1779552671&ssig=CDoGrovR43",棣月系超话头像变黑了,search_contents_2026-05-23.csv,search_post,,棣月系第一次发帖 也是最后一次 超话头像黑了 我们也该散了 祝大家现生愉快 ,True,False
5301750471069961,棣月系 头像黑了，也许是该落幕了。成年人该为自己的行为承担后果，说他，也包括我。从看了那场流星雨开始，这么多年我只专注于两人，没追过两人之中的个人，我不会觉得自己是瞎了眼，不会后悔成为棣月系，每个磕到的瞬间都是真的，存在于我的脑海中。不会回踩，先这样吧。 ,1779548077,2026-05-23 14:54:37+08:00,1178,21,2,1779541870884,https://m.weibo.cn/detail/5301750471069961,黑龙江,5746878794,不瘦下来不改名07,f,https://m.weibo.cn/u/5746878794?launchid=10000360-page_H5,"https://tvax3.sinaimg.cn/crop.0.0.1080.1080.180/006gVjHsly8i4flggkvjvj30u00u041s.jpg?KID=imgbed,tva&Expires=1779552671&ssig=NKzNVy04CL",棣月系超话头像变黑了,search_contents_2026-05-23.csv,search_post,,棣月系 头像黑了也许是该落幕了成年人该为自己的行为承担后果说他也包括我从看了那场流星雨开始这么多年我只专注于两人没追过两人之中的个人我不会觉得自己是瞎了眼不会后悔成为棣月系每个磕到的瞬间都是真的存在于我的脑海中不会回踩先这样吧 ,True,False
5301785717900048,王鹤棣跟沈月的CP超话棣月系直接头像变黑了。CP粉几乎全站沈月。路人也都被他的愚蠢惊到了。几个月前录制的一个节目，这会拿来说，是故意提纯粉丝么。我都不知道他怎么收场。#王鹤棣 拆cp# ,1779556480,2026-05-23 17:14:40+08:00,2084,118,2,1779541870888,https://m.weibo.cn/detail/5301785717900048,湖南,5386924056,王玮晨,m,https://m.weibo.cn/u/5386924056?launchid=10000360-page_H5,"https://tvax4.sinaimg.cn/crop.0.0.480.480.180/005SyZ1Sly8i3tl9bvkkkj30dc0dc3yz.jpg?KID=imgbed,tva&Expires=1779552671&ssig=QmOTFk9YrJ",棣月系超话头像变黑了,search_contents_2026-05-23.csv,search_post,,王鹤棣跟沈月的CP超话棣月系直接头像变黑了CP粉几乎全站沈月路人也都被他的愚蠢惊到了几个月前录制的一个节目这会拿来说是故意提纯粉丝么我都不知道他怎么收场 ,True,False
5301845130219565,#棣月系超话头像变黑了#大家終於都看到耀祖的人品！ ,1779570645,2026-05-23 21:10:45+08:00,0,0,0,1779541870892,https://m.weibo.cn/detail/5301845130219565,中国香港,1786747070,Rhinemermaid,f,https://m.weibo.cn/u/1786747070?launchid=10000360-page_H5,"https://tva2.sinaimg.cn/crop.0.0.180.180.180/6a7f98bejw1e8qgp5bmzyj2050050aa8.jpg?KID=imgbed,tva&Expires=1779552671&ssig=ny58OlTgro",棣月系超话头像变黑了,search_contents_2026-05-23.csv,search_post,,大家終於都看到耀祖的人品 ,True,False
5301845041094899,#棣月系超话头像变黑了#我们棣月系就这样be了，挺好的，女明星不用再被捆绑了，男方出来这样倒油引导闹得这么不体面也是没谁了 ,1779570624,2026-05-23 21:10:24+08:00,1,2,0,1779541870895,https://m.weibo.cn/detail/5301845041094899,河南,7734608746,Eternity_祎冬,m,https://m.weibo.cn/u/7734608746?launchid=10000360-page_H5,"https://tvax4.sinaimg.cn/crop.0.0.1080.1080.180/008rrD3Yly8idfnvhkhjmj30u00u0mzx.jpg?KID=imgbed,tva&Expires=1779552671&ssig=tzrO1P6OiA",棣月系超话头像变黑了,search_contents_2026-05-23.csv,search_post,,我们棣月系就这样be了挺好的女明星不用再被捆绑了男方出来这样倒油引导闹得这么不体面也是没谁了 ,True,False
5301844930724733,#棣月系超话头像变黑了#一下午了 不明白 是要结婚了吗哥们 ,1779570598,2026-05-23 21:09:58+08:00,0,0,0,1779541870901,https://m.weibo.cn/detail/5301844930724733,甘肃,6308077693,小g路过,f,https://m.weibo.cn/u/6308077693?launchid=10000360-page_H5,"https://tvax4.sinaimg.cn/crop.0.0.996.996.180/006SU3aBly8gady25rz6bj30ro0rowei.jpg?KID=imgbed,tva&Expires=1779552671&ssig=O%2FZHywUhNZ",棣月系超话头像变黑了,search_contents_2026-05-23.csv,search_post,,一下午了 不明白 是要结婚了吗哥们 ,True,False
5301780105397959,#丁程鑫误入巨人国##丁程鑫说误入巨人国# 谁懂这个丁程鑫自己说出“误人巨人国”有多好笑 娱超人的微博视频 ,1779555142,2026-05-23 16:52:22+08:00,5060,259,423,1779541939929,https://m.weibo.cn/detail/5301780105397959,安徽,5538664098,娱超人,m,https://m.weibo.cn/u/5538664098?launchid=10000360-page_H5,"https://tvax4.sinaimg.cn/crop.0.0.1080.1080.180/0062PFxUly8i8nmpu0go6j30u00u00ub.jpg?KID=imgbed,tva&Expires=1779552737&ssig=BWiZgcs6iI",丁程鑫误入巨人国,search_contents_2026-05-23.csv,search_post,, 谁懂这个丁程鑫自己说出误人巨人国有多好笑 娱超人的微博视频 ,True,False
5301806814990161,#丁程鑫误入巨人国#为什么是误入巨人国呢？是因为身高吗？不过大家应该都是熟人啊 节目效果应该很不错 期待这一集开推呀 气运之女_的微博视频 ,1779561510,2026-05-23 18:38:30+08:00,334,24,4,1779541939936,https://m.weibo.cn/detail/5301806814990161,福建,6985470409,气运之女_,f,https://m.weibo.cn/u/6985470409?launchid=10000360-page_H5,"https://tvax1.sinaimg.cn/crop.0.0.1080.1080.180/007CKjXzly8iddg2ylnpfj30u00u0jtk.jpg?KID=imgbed,tva&Expires=1779552737&ssig=c%2BHXCcsIWa",丁程鑫误入巨人国,search_contents_2026-05-23.csv,search_post,,为什么是误入巨人国呢是因为身高吗不过大家应该都是熟人啊 节目效果应该很不错 期待这一集开推呀 气运之女_的微博视频 ,True,False
5301481454700107,丁程鑫💛 #丁程鑫 这是我的西游# ✨ #丁程鑫误入巨人国#260522 这是我的西游2先导片 丁程鑫cut@时代少年团-丁程鑫 REJOICE-丁程鑫星河画册的微博视频  ,1779483938,2026-05-22 21:05:38+08:00,433,26,102,1779541939941,https://m.weibo.cn/detail/5301481454700107,浙江,5277675617,REJOICE-丁程鑫星河画册,m,https://m.weibo.cn/u/5277675617?launchid=10000360-page_H5,"https://tvax2.sinaimg.cn/crop.0.0.1080.1080.180/005LaAwhly8i4w06lyb3dj30u00u178i.jpg?KID=imgbed,tva&Expires=1779552737&ssig=To%2B0ferMed",丁程鑫误入巨人国,search_contents_2026-05-23.csv,search_post,,丁程鑫   260522 这是我的西游2先导片 丁程鑫cut REJOICE丁程鑫星河画册的微博视频  ,True,False
5301806072598752,#丁程鑫误入巨人国#蓝莓大王 小丁儿要开心呀的微博视频 ,1779561333,2026-05-23 18:35:33+08:00,99,24,26,1779541939949,https://m.weibo.cn/detail/5301806072598752,四川,7578013574,小丁儿要开心呀,f,https://m.weibo.cn/u/7578013574?launchid=10000360-page_H5,"https://tvax2.sinaimg.cn/crop.0.0.1080.1080.180/008gQzvoly8i4q38ny0j0j30u00u0q5v.jpg?KID=imgbed,tva&Expires=1779552737&ssig=c6boDllVcm",丁程鑫误入巨人国,search_contents_2026-05-23.csv,search_post,,蓝莓大王 小丁儿要开心呀的微博视频 ,True,False
5301804535647469,#丁程鑫误入巨人国#丁程鑫误入巨人国 今天我也误入童话王国打卡唐山西那母本来还担心下雨结果天气给力到这里不晒不热闲逛一下一会儿看演出要看到9点结束才回家估计到家大半夜了哈哈哈出来玩耍就是体力拉练#带着微博去旅行##遇见美好# #跨界破圈热点共创# #微博垂直热点造浪计划# 唐山·唐山西那母生态旅游度假村,1779560967,2026-05-23 18:29:27+08:00,12,23,0,1779541939952,https://m.weibo.cn/detail/5301804535647469,天津,1834757132,海洋瓶,f,https://m.weibo.cn/u/1834757132?luicode=20000061&lfid=5301804535647469&launchid=10000360-page_H5,"https://tvax2.sinaimg.cn/crop.0.0.1080.1080.180/6d5c2c0cly8h0vqxnupw7j20u00u0dig.jpg?KID=imgbed,tva&Expires=1779552737&ssig=OCkDqj3BrA",丁程鑫误入巨人国,search_contents_2026-05-23.csv,search_post,,丁程鑫误入巨人国 今天我也误入童话王国打卡唐山西那母本来还担心下雨结果天气给力到这里不晒不热闲逛一下一会儿看演出要看到9点结束才回家估计到家大半夜了哈哈哈出来玩耍就是体力拉练   唐山唐山西那母生态旅游度假村,True,False
5301845112657958,丁程鑫x#丁程鑫# x#丁程鑫人造神##丁程鑫误入巨人国##时代少年团加冠礼演唱会# 万物想你不及我心念你，万物喜你不及我心悦你@时代少年团-丁程鑫 ,1779570641,2026-05-23 21:10:41+08:00,0,0,0,1779541939957,https://m.weibo.cn/detail/5301845112657958,安徽,7945689695,莓茉鑫-star,f,https://m.weibo.cn/u/7945689695?launchid=10000360-page_H5,"https://tvax2.sinaimg.cn/crop.0.0.1080.1080.180/008FJiRply8iddbmqmbmcj30u00u076e.jpg?KID=imgbed,tva&Expires=1779552737&ssig=G65adnNWqa",丁程鑫误入巨人国,search_contents_2026-05-23.csv,search_post,,丁程鑫x x 万物想你不及我心念你万物喜你不及我心悦你 ,True,False
5301845029555433,#丁程鑫误入巨人国#其实是帅哥国呀期待这个小鑫鑫 ,1779570621,2026-05-23 21:10:21+08:00,0,0,0,1779541939961,https://m.weibo.cn/detail/5301845029555433,浙江,7756076008,程橙分不清,f,https://m.weibo.cn/u/7756076008?launchid=10000360-page_H5,"https://tvax2.sinaimg.cn/crop.0.0.1080.1080.180/008sTHG8ly8icqw4zua3zj30u00u0dih.jpg?KID=imgbed,tva&Expires=1779552737&ssig=q7by7M9lIU",丁程鑫误入巨人国,search_contents_2026-05-23.csv,search_post,,其实是帅哥国呀期待这个小鑫鑫 ,True,False
5301844656000330,#丁程鑫误入巨人国#快来救纯心宝宝一起预约开始推理吧 4 ,1779570532,2026-05-23 21:08:52+08:00,0,0,0,1779541939964,https://m.weibo.cn/detail/5301844656000330,安徽,7334046609,今天你三岁,m,https://m.weibo.cn/u/7334046609?launchid=10000360-page_H5,"https://tvax4.sinaimg.cn/crop.0.0.600.600.180/0080kUylly8hfnlvuhq63j30go0gomxo.jpg?KID=imgbed,tva&Expires=1779552737&ssig=MEAbXgYrTr",丁程鑫误入巨人国,search_contents_2026-05-23.csv,search_post,,快来救纯心宝宝一起预约开始推理吧 4 ,True,False
5301700350184263,同样都是工作室小作文，还是沈月工作室的小作文质量高一些。因为沈月工作室小作文的字里行间，有很具体的叙事，她从头到尾做了哪些具体的工作。王鹤棣工作室的小作文，是一些情绪上的表达，他多么辛苦多么敏感多么不容易，具体的佐证，没写。文化工作者首先要有文化。微博喊话不是那么简单的。#沈月工作室 你仅仅是沈月就很好#,1779536127,2026-05-23 11:35:27+08:00,50098,614,208,1779542037117,https://m.weibo.cn/detail/5301700350184263,浙江,1062853110,木星落在轨道外,f,https://m.weibo.cn/u/1062853110?luicode=20000061&lfid=5301700350184263&launchid=10000360-page_H5,"https://tvax4.sinaimg.cn/crop.0.0.1080.1080.180/3f59d9f6ly8hvatvak99cj20u00u0dgm.jpg?KID=imgbed,tva&Expires=1779552827&ssig=fhP11MIcd7",沈月工作室 你仅仅是沈月就很好,search_contents_2026-05-23.csv,search_post,,同样都是工作室小作文还是沈月工作室的小作文质量高一些因为沈月工作室小作文的字里行间有很具体的叙事她从头到尾做了哪些具体的工作王鹤棣工作室的小作文是一些情绪上的表达他多么辛苦多么敏感多么不容易具体的佐证没写文化工作者首先要有文化微博喊话不是那么简单的,True,False
5301674749202338,谈及此次客栈之旅，要从一场“管家岗前培训”说起。从学习客栈理论知识，到客房整理实操训练，再到客人需求应对预案——你把每一项工作都拆解、预习、练习。没有敷衍，没有应付，只有实打实的用心与付出。  你笑着说，自己是客栈里唯二持证上岗的人，得把经营标准守住。这份“较真”，从节目录制开始就从未放下。你用属于自己的方式，给了所有人满满的安全感。脏活累活从不推诿，事事主动搭手，件件用心到位，当然还有许多在没有摄像机的角落，那些没被记录的付出和不为人知的坚持。  录制节目期间，无论是对主理人，还是对客栈的每位伙伴，你都充满尊重真诚相待，因此也收获了纯粹的友谊，在备采中一次又一次感叹大家都是很好的人，不吝啬夸赞每个人。生活中每每提到客栈，我们都能感受到你对客栈大家庭的爱，并且通过你的镜头和剪辑，感受到温暖与善意。  我们喜悦于你的成长——镜头内外，你是真实、鲜活、细腻的沈月。温柔自有力量，不要因为外界的片面解读而自我怀疑，做事待人无愧于心。你很好，你仅仅是沈月就很好。  最后，网络上针对艺人引发的恶意揣测均不是事实，我们尊重公众基于事实的善意讨论，但坚决维护沈月女士合法权益，对于恶意诋毁行为将保留诉讼权利。,1779530023,2026-05-23 09:53:43+08:00,245742,5529,8120,1779542037132,https://m.weibo.cn/detail/5301674749202338,北京,6495499979,工夫真言沈月工作室,f,https://m.weibo.cn/u/6495499979?luicode=20000061&lfid=5301674749202338&launchid=10000360-page_H5,"https://tvax2.sinaimg.cn/crop.0.0.512.512.180/0075AsgHly8i08khdorh1j30e80e8mxn.jpg?KID=imgbed,tva&Expires=1779552830&ssig=PV6WBs%2F%2Fyi",沈月工作室 你仅仅是沈月就很好,search_contents_2026-05-23.csv,search_post,,谈及此次客栈之旅要从一场管家岗前培训说起从学习客栈理论知识到客房整理实操训练再到客人需求应对预案你把每一项工作都拆解预习练习没有敷衍没有应付只有实打实的用心与付出  你笑着说自己是客栈里唯二持证上岗的人得把经营标准守住这份较真从节目录制开始就从未放下你用属于自己的方式给了所有人满满的安全感脏活累活从不推诿事事主动搭手件件用心到位当然还有许多在没有摄像机的角落那些没被记录的付出和不为人知的坚持  录制节目期间无论是对主理人还是对客栈的每位伙伴你都充满尊重真诚相待因此也收获了纯粹的友谊在备采中一次又一次感叹大家都是很好的人不吝啬夸赞每个人生活中每每提到客栈我们都能感受到你对客栈大家庭的爱并且通过你的镜头和剪辑感受到温暖与善意  我们喜悦于你的成长镜头内外你是真实鲜活细腻的沈月温柔自有力量不要因为外界的片面解读而自我怀疑做事待人无愧于心你很好你仅仅是沈月就很好  最后网络上针对艺人引发的恶意揣测均不是事实我们尊重公众基于事实的善意讨论但坚决维护沈月女士合法权益对于恶意诋毁行为将保留诉讼权利,True,False
5301686109209615,哈哈哈，“你仅仅是沈月就很好”，这个沈月工作室可太有意思了，关注了 ,1779532732,2026-05-23 10:38:52+08:00,25198,454,136,1779542037141,https://m.weibo.cn/detail/5301686109209615,陕西,7641396208,夏天想喝薄荷水,f,https://m.weibo.cn/u/7641396208?launchid=10000360-page_H5,"https://tvax3.sinaimg.cn/crop.0.0.996.996.180/008l8wdWly8gsl6gtscnsj30ro0rpabn.jpg?KID=imgbed,tva&Expires=1779552827&ssig=GGVnWM1Ia9",沈月工作室 你仅仅是沈月就很好,search_contents_2026-05-23.csv,search_post,,哈哈哈你仅仅是沈月就很好这个沈月工作室可太有意思了关注了 ,True,False
5301705203780179,#沈月向王鹤棣道歉#那沈月不也是想给王鹤棣包场吗，感觉初心是好的啊，群名也很鲜活而且沈月工作室挺好的“你很好，你仅仅是沈月就很好”给我看的都掉小珍珠了，我要给沈月颁只是沈月奖 ,1779537284,2026-05-23 11:54:44+08:00,5059,122,8,1779542037159,https://m.weibo.cn/detail/5301705203780179,河南,3894956429,忱痣,f,https://m.weibo.cn/u/3894956429?launchid=10000360-page_H5,"https://tvax2.sinaimg.cn/crop.0.0.1080.1080.180/e828518dly8idf9zr643sj20u00u0n01.jpg?KID=imgbed,tva&Expires=1779552827&ssig=0sCXoRHAqL",沈月工作室 你仅仅是沈月就很好,search_contents_2026-05-23.csv,search_post,,那沈月不也是想给王鹤棣包场吗感觉初心是好的啊群名也很鲜活而且沈月工作室挺好的你很好你仅仅是沈月就很好给我看的都掉小珍珠了我要给沈月颁只是沈月奖 ,True,False
5301693555149417,#沈月工作室 你仅仅是沈月就很好#其实不懂为什么只骂了沈月，沈月拉小群的初衷是为了给王鹤棣包场，他们说出你只是王鹤棣奖的时候沈月说了一句“恭喜你你做回了自己”，出发点还是好的 ppLink-的微博视频 ,1779534507,2026-05-23 11:08:27+08:00,1732,70,10,1779542037166,https://m.weibo.cn/detail/5301693555149417,重庆,7002888514,ppLink-,f,https://m.weibo.cn/u/7002888514?launchid=10000360-page_H5,"https://tvax4.sinaimg.cn/crop.0.1.1080.1080.180/9e18495ely8i7natjnun9j20u00u079o.jpg?KID=imgbed,tva&Expires=1779552827&ssig=NYEqpNZ2M4",沈月工作室 你仅仅是沈月就很好,search_contents_2026-05-23.csv,search_post,,其实不懂为什么只骂了沈月沈月拉小群的初衷是为了给王鹤棣包场他们说出你只是王鹤棣奖的时候沈月说了一句恭喜你你做回了自己出发点还是好的 ppLink的微博视频 ,True,False
5301685505497112,妈呀，沈月工作室这是硬刚王鹤棣啊？尤其是这两句：不要因为外界的片面解读而自我怀疑，做事待人无愧于心。你很好，你仅仅是沈月就很好。完美呼应了之前的两点：1、王鹤棣是看了网友解读，坦言当时确实不舒服。2、粉丝对节目中“你只是王鹤棣奖”不舒服。#沈月 王鹤棣# ,1779532588,2026-05-23 10:36:28+08:00,16027,671,70,1779542037177,https://m.weibo.cn/detail/5301685505497112,北京,2929571482,Real皮皮王,m,https://m.weibo.cn/u/2929571482?launchid=10000360-page_H5,"https://tvax1.sinaimg.cn/crop.0.0.440.440.180/003cgbmWly8h8teh09fuoj60c80c80ta02.jpg?KID=imgbed,tva&Expires=1779552827&ssig=PWOtOd8d81",沈月工作室 你仅仅是沈月就很好,search_contents_2026-05-23.csv,search_post,,妈呀沈月工作室这是硬刚王鹤棣啊尤其是这两句不要因为外界的片面解读而自我怀疑做事待人无愧于心你很好你仅仅是沈月就很好完美呼应了之前的两点1王鹤棣是看了网友解读坦言当时确实不舒服2粉丝对节目中你只是王鹤棣奖不舒服 ,True,False
5301845779546869,#沈月工作室 你仅仅是沈月就很好#蛙趣 工作室时刻跟随 沈月工作室 你仅仅是沈月就很好 ,1779570799,2026-05-23 21:13:19+08:00,0,2,0,1779542037183,https://m.weibo.cn/detail/5301845779546869,天津,6818160161,墨时谦谦,f,https://m.weibo.cn/u/6818160161?launchid=10000360-page_H5,"https://tvax1.sinaimg.cn/crop.0.1.1078.1078.180/007rqiVbly8iaa3240n3wj30ty0u044b.jpg?KID=imgbed,tva&Expires=1779552827&ssig=UPESnZKq2F",沈月工作室 你仅仅是沈月就很好,search_contents_2026-05-23.csv,search_post,,蛙趣 工作室时刻跟随 沈月工作室 你仅仅是沈月就很好 ,True,False
5301845670237874,#深圳文博会# 深圳文博会现场实拍，二师兄现场拉扯黎川状元糖，非遗特色小吃瞬间围满游客。#非遗##沈月工作室 你仅仅是沈月就很好# 抚观天下的微博视频 ,1779570774,2026-05-23 21:12:54+08:00,2,0,0,1779542037187,https://m.weibo.cn/detail/5301845670237874,,3095407667,抚观天下,f,https://m.weibo.cn/u/3095407667?launchid=10000360-page_H5,"https://tvax3.sinaimg.cn/crop.0.0.1002.1002.180/b8802c33ly8h8vgbl52yoj20ru0ruab3.jpg?KID=imgbed,tva&Expires=1779552827&ssig=GOhCyIzgyV",沈月工作室 你仅仅是沈月就很好,search_contents_2026-05-23.csv,search_post,, 深圳文博会现场实拍二师兄现场拉扯黎川状元糖非遗特色小吃瞬间围满游客 抚观天下的微博视频 ,True,False
5301487586247865,KPL清融 江西队 越战越勇 ,1779485400,2026-05-22 21:30:00+08:00,24191,5755,1808,1779542103636,https://m.weibo.cn/detail/5301487586247865,浙江,7406734564,JDG清融v,m,https://m.weibo.cn/u/7406734564?launchid=10000360-page_H5,"https://tvax4.sinaimg.cn/crop.0.0.298.298.180/0085fU0Ily8ia8smqpnjqj308a08a74c.jpg?KID=imgbed,tva&Expires=1779552904&ssig=lVBudBIJJh",KPL,search_contents_2026-05-23.csv,search_post,,KPL清融 江西队 越战越勇 ,True,False
5300020049093012,KPL#AG有你更奇妙# 欢迎您来～ ,1779135512,2026-05-18 20:18:32+08:00,40666,7286,2722,1779542103640,https://m.weibo.cn/detail/5300020049093012,上海,6010864489,AG一诺ovo,m,https://m.weibo.cn/u/6010864489?launchid=10000360-page_H5,"https://tvax2.sinaimg.cn/crop.0.0.1080.1080.180/006yMYrfly8i1sq0ks5qxj30u00u0781.jpg?KID=imgbed,tva&Expires=1779552904&ssig=E0wTR7UkSH",KPL,search_contents_2026-05-23.csv,search_post,,KPL 欢迎您来 ,True,False
5301753895718532,#和ksg相约春天##欢迎进入KPL奇妙日副本##KPL游船休闲派对#茉莉花的味道 ,1779548893,2026-05-23 15:08:13+08:00,7142,2079,706,1779542103645,https://m.weibo.cn/detail/5301753895718532,浙江,8304868021,KSG无言_,m,https://m.weibo.cn/u/8304868021?launchid=10000360-page_H5,"https://tvax4.sinaimg.cn/crop.0.0.1080.1080.180/00942nydly8i84xg9y1hmj30u00u077f.jpg?KID=imgbed,tva&Expires=1779552904&ssig=NhSTf1uNse",KPL,search_contents_2026-05-23.csv,search_post,,茉莉花的味道 ,True,False
5301102582172760,#KPL老乡杯##老乡杯徽狠大战# 5月23日 14:45-15:15重庆狠队 vs 安徽超徽皖“生死不明？那就是活了！”@eStarProFly923 将作为首发选手参与比赛狠堡 ,1779393608,2026-05-21 20:00:08+08:00,7315,623,458,1779542103650,https://m.weibo.cn/detail/5301102582172760,浙江,6025941641,eStarPro,f,https://m.weibo.cn/u/6025941641?launchid=10000360-page_H5,"https://tvax3.sinaimg.cn/crop.0.0.511.511.180/006zOeH7ly8h8vhpmr0h3j30e70e774x.jpg?KID=imgbed,tva&Expires=1779552904&ssig=Vb7jpEjss5",KPL,search_contents_2026-05-23.csv,search_post,, 5月23日 14451515重庆狠队 vs 安徽超徽皖生死不明那就是活了 将作为首发选手参与比赛狠堡 ,True,False
5300789016003768,⚡报！🌳小胖，疑似ttg的网#重庆狼队##王者荣耀##kpl# ,1779318848,2026-05-20 23:14:08+08:00,6466,160,135,1779542103654,https://m.weibo.cn/detail/5300789016003768,山东,6666513404,盼雨无眠,f,https://m.weibo.cn/u/6666513404?launchid=10000360-page_H5,"https://tvax1.sinaimg.cn/crop.0.0.828.828.180/007ha0FKly8h7jwrwdmogj30n00n075o.jpg?KID=imgbed,tva&Expires=1779552904&ssig=rowb6SF%2B2v",KPL,search_contents_2026-05-23.csv,search_post,,报小胖疑似ttg的网 ,True,False
5301846138689307,KPL决赛预测率100％错误率 ,1779570886,2026-05-23 21:14:46+08:00,0,0,0,1779542103659,https://m.weibo.cn/detail/5301846138689307,山东,6610256566,耳机喷雾,f,https://m.weibo.cn/u/6610256566?launchid=10000360-page_H5,"https://tvax1.sinaimg.cn/crop.0.0.1080.1080.180/007dlXHoly8hvdz0ft4d5j30u00u0q5l.jpg?KID=imgbed,tva&Expires=1779552904&ssig=gbSHg%2BxqyP",KPL,search_contents_2026-05-23.csv,search_post,,KPL决赛预测率100错误率 ,True,False
5301846126102087,KPL加油KPL王者荣耀职业联赛的微博直播 ,1779570883,2026-05-23 21:14:43+08:00,0,0,0,1779542103663,https://m.weibo.cn/detail/5301846126102087,河北,7069340665,是个努力的大懒猫,f,https://m.weibo.cn/u/7069340665?launchid=10000360-page_H5,"https://tvax1.sinaimg.cn/crop.0.0.1080.1080.180/007IqerDly8icuydgm3owj30u00u0mzy.jpg?KID=imgbed,tva&Expires=1779552904&ssig=G4ewU7QaIU",KPL,search_contents_2026-05-23.csv,search_post,,KPL加油KPL王者荣耀职业联赛的微博直播 ,True,False
5301846103297095,KPL长生 赢接巅峰对决我一直在哭 ,1779570877,2026-05-23 21:14:37+08:00,1,0,0,1779542103667,https://m.weibo.cn/detail/5301846103297095,浙江,5634703875,萌祁礼纯,f,https://m.weibo.cn/u/5634703875?launchid=10000360-page_H5,"https://tvax3.sinaimg.cn/crop.0.0.1080.1080.180/0069kDSzly8ibnxl2blutj30u00u00vl.jpg?KID=imgbed,tva&Expires=1779552904&ssig=4kAXUzrM8H",KPL,search_contents_2026-05-23.csv,search_post,,KPL长生 赢接巅峰对决我一直在哭 ,True,False
5301807381482410,#蒋毅老婆起诉赵樱子#网友曝 蒋毅老婆起诉赵樱子  和赵樱子恋情是假的，赵樱子知道他有老婆孩子，但还没顾及早在2012年，蒋毅就曾承认圈外女友于娜，俩人相恋多年，感情一直很稳定当年就公开了。2025年12月20日，赵樱子多次示好蒋毅，蒋毅回避，但仅仅5天后的12月25日，赵樱子突然发布了一段“蒋毅单膝跪地求婚”的视频。2026.1月，疑似蒋毅老婆发布合照等。蒋毅老婆称已保存证据，原本蒋毅和女友爱情长跑14年，也算是一段佳话，没想到现在,1779561645,2026-05-23 18:40:45+08:00,602,37,5,1779542193362,https://m.weibo.cn/detail/5301807381482410,河南,7309666698,属于星星的小王妃,f,https://m.weibo.cn/u/7309666698?luicode=20000061&lfid=5301807381482410&launchid=10000360-page_H5,"https://tvax4.sinaimg.cn/crop.0.0.1080.1080.180/007YGCdYly8i6c6rxdye4j30u00u0q4y.jpg?KID=imgbed,tva&Expires=1779552991&ssig=Of8dZwxGjO",蒋毅老婆起诉赵樱子,search_contents_2026-05-23.csv,search_post,,网友曝 蒋毅老婆起诉赵樱子  和赵樱子恋情是假的赵樱子知道他有老婆孩子但还没顾及早在2012年蒋毅就曾承认圈外女友于娜俩人相恋多年感情一直很稳定当年就公开了2025年12月20日赵樱子多次示好蒋毅蒋毅回避但仅仅5天后的12月25日赵樱子突然发布了一段蒋毅单膝跪地求婚的视频20261月疑似蒋毅老婆发布合照等蒋毅老婆称已保存证据原本蒋毅和女友爱情长跑14年也算是一段佳话没想到现在,True,False
5301666209597081,#蒋毅老婆起诉赵樱子##蒋毅老婆被网友恶意攻击# 蒋毅老婆要起诉赵樱子，称明星老婆身份谁想要我马上主动让出去。并晒出被网友恶意攻击的截图 ,1779527987,2026-05-23 09:19:47+08:00,1150,81,43,1779542193369,https://m.weibo.cn/detail/5301666209597081,湖北,7654369935,香德梅,f,https://m.weibo.cn/u/7654369935?launchid=10000360-page_H5,"https://tvax2.sinaimg.cn/crop.0.0.1080.1080.180/008m0XhBly8h9o7jr4hoij30u00u074u.jpg?KID=imgbed,tva&Expires=1779552990&ssig=mXQ4fASn2E",蒋毅老婆起诉赵樱子,search_contents_2026-05-23.csv,search_post,, 蒋毅老婆要起诉赵樱子称明星老婆身份谁想要我马上主动让出去并晒出被网友恶意攻击的截图 ,True,False
5301809394483924,#蒋毅老婆起诉赵樱子#从去年到现在赵樱子蒋毅允儿闹成这样，蒋毅和允儿要走到离婚这一步了吗，千万不要是剧本啊，蒋毅老婆起诉赵樱子，男的也有问题，都不要美美隐身了 ,1779562125,2026-05-23 18:48:45+08:00,151,12,0,1779542193374,https://m.weibo.cn/detail/5301809394483924,广东,7911323078,千树春笺,m,https://m.weibo.cn/u/7911323078?launchid=10000360-page_H5,"https://tvax4.sinaimg.cn/crop.0.0.1080.1080.180/008Dp6x8ly8ic1qk5en59j30u00u0jv1.jpg?KID=imgbed,tva&Expires=1779552990&ssig=Ohe9%2BPFGZW",蒋毅老婆起诉赵樱子,search_contents_2026-05-23.csv,search_post,,从去年到现在赵樱子蒋毅允儿闹成这样蒋毅和允儿要走到离婚这一步了吗千万不要是剧本啊蒋毅老婆起诉赵樱子男的也有问题都不要美美隐身了 ,True,False
5301816661118965,#蒋毅老婆起诉赵樱子#就算曾经有过合作也要注意分寸啊，毕竟男方都结婚多久了，但也不全是赵樱子的错吧 ,1779563858,2026-05-23 19:17:38+08:00,166,38,0,1779542193378,https://m.weibo.cn/detail/5301816661118965,广东,7538072391,折頁愛神信,m,https://m.weibo.cn/u/7538072391?launchid=10000360-page_H5,"https://tvax3.sinaimg.cn/crop.0.0.1080.1080.180/008e8YYLly8id9qce1bbxj30u00u0q5p.jpg?KID=imgbed,tva&Expires=1779552990&ssig=Qbn5Ui2H5%2F",蒋毅老婆起诉赵樱子,search_contents_2026-05-23.csv,search_post,,就算曾经有过合作也要注意分寸啊毕竟男方都结婚多久了但也不全是赵樱子的错吧 ,True,False
5301806420461700,#蒋毅老婆起诉赵樱子#所以说出来混都是要还的。赵樱子自从放飞自我之后惹了不少事了吧！真不懂她到底怎么了 ,1779561416,2026-05-23 18:36:56+08:00,142,25,11,1779542193382,https://m.weibo.cn/detail/5301806420461700,福建,6608829637,泠纯兔,m,https://m.weibo.cn/u/6608829637?launchid=10000360-page_H5,"https://tvax2.sinaimg.cn/crop.0.0.1080.1080.180/007dfYuply8iddkk7p0oyj30u00u0gmy.jpg?KID=imgbed,tva&Expires=1779552990&ssig=kkXarsyLQS",蒋毅老婆起诉赵樱子,search_contents_2026-05-23.csv,search_post,,所以说出来混都是要还的赵樱子自从放飞自我之后惹了不少事了吧真不懂她到底怎么了 ,True,False
5301846128197994,#蒋毅老婆起诉赵樱子#我真的想不明白这姐为什么要闹到这个地步如此难看本来也是白月光级别的存在 ,1779570882,2026-05-23 21:14:42+08:00,1,0,0,1779542193387,https://m.weibo.cn/detail/5301846128197994,广东,7409403739,景画灼心-,f,https://m.weibo.cn/u/7409403739?launchid=10000360-page_H5,"https://tvax4.sinaimg.cn/crop.0.0.1080.1080.180/0085r6nVly8ide3xxx9aij30u00u0ad6.jpg?KID=imgbed,tva&Expires=1779552990&ssig=Vc%2Ftc9Rh09",蒋毅老婆起诉赵樱子,search_contents_2026-05-23.csv,search_post,,我真的想不明白这姐为什么要闹到这个地步如此难看本来也是白月光级别的存在 ,True,False
5301840784658715,#蒋毅老婆起诉赵樱子#为啥要起诉人家啊？不是节目效果吗？不是应该问自己老公咋回事儿吗？ ,1779569609,2026-05-23 20:53:29+08:00,0,1,0,1779542193428,https://m.weibo.cn/detail/5301840784658715,辽宁,7884221542,用户7884221542,f,https://m.weibo.cn/u/7884221542?launchid=10000360-page_H5,"https://tvax1.sinaimg.cn/default/images/default_avatar_female_180.gif?KID=imgbed,tva&Expires=1779552990&ssig=9gjS%2F%2FPMX%2B",蒋毅老婆起诉赵樱子,search_contents_2026-05-23.csv,search_post,,为啥要起诉人家啊不是节目效果吗不是应该问自己老公咋回事儿吗 ,True,False
5301838868124586,#蒋毅老婆起诉赵樱子#这是怎么了？发生啥事情了啊 ,1779569152,2026-05-23 20:45:52+08:00,0,1,0,1779542193454,https://m.weibo.cn/detail/5301838868124586,广东,7909016686,是舟舟啊呀哦,f,https://m.weibo.cn/u/7909016686?launchid=10000360-page_H5,"https://tvax2.sinaimg.cn/crop.0.0.939.939.180/008Dfqxgly8ibcdqhioilj30q30q3q3q.jpg?KID=imgbed,tva&Expires=1779552990&ssig=M%2B86SYR9Sm",蒋毅老婆起诉赵樱子,search_contents_2026-05-23.csv,search_post,,这是怎么了发生啥事情了啊 ,True,False
5301809603677703,【#新一轮强降雨今晚上线#】#新一轮暴雨中心位于豫鄂皖#↓↓#南方高温将大范围上线#今天夜间起至27日，新一轮降雨过程来袭。湖北、安徽、河南等局地累计降雨量可达200至400毫米，日降雨量将接近或突破5月极值。今天夜间至25日夜间将是主要强降雨时段，暴雨中心区域位于河南、湖北东部、安徽中北部。未来几天，南方的闷热、高温也将显现。长江以南大部地区气温稳中有升，最高气温普遍在30℃以上。江南南部、华南明天起高温将快速发展增多，25日至27日高温范围广，这将是今年入夏以来，南方最大范围的一轮高温天气过程。网页链接,1779562175,2026-05-23 18:49:35+08:00,712,206,99,1779542279090,https://m.weibo.cn/detail/5301809603677703,,2803301701,人民日报,m,https://m.weibo.cn/u/2803301701?luicode=20000061&lfid=5301809603677703&launchid=10000360-page_H5,"https://tvax4.sinaimg.cn/crop.0.0.1018.1018.180/0033ImPzly8h8vgemh8kxj60sa0sadgw02.jpg?KID=imgbed,tva&Expires=1779553066&ssig=DsDM79%2Bd0C",新一轮强降雨今晚上线,search_contents_2026-05-23.csv,search_post,白名单账号,今天夜间起至27日新一轮降雨过程来袭湖北安徽河南等局地累计降雨量可达200至400毫米日降雨量将接近或突破5月极值今天夜间至25日夜间将是主要强降雨时段暴雨中心区域位于河南湖北东部安徽中北部未来几天南方的闷热高温也将显现长江以南大部地区气温稳中有升最高气温普遍在30以上江南南部华南明天起高温将快速发展增多25日至27日高温范围广这将是今年入夏以来南方最大范围的一轮高温天气过程网页链接,True,False
5301842408118348,中央气象台今日继续发布暴雨蓝色预警，新一轮强降雨将于今日（5月23日）夜间正式上线，暴雨中心位于河南、湖北东部、安徽中北部等地，局地累计雨量可达200至400毫米，日降雨量或突破5月历史极值。我还挺喜欢下雨的，你们呢？#新一轮强降雨今晚上线# ,1779569996,2026-05-23 20:59:56+08:00,119,21,2,1779542279095,https://m.weibo.cn/detail/5301842408118348,山东,7313148335,醋6笋尖,f,https://m.weibo.cn/u/7313148335?launchid=10000360-page_H5,"https://tvax1.sinaimg.cn/crop.0.0.1080.1080.180/007YVdXply8idfi69r7nkj30u00u076g.jpg?KID=imgbed,tva&Expires=1779553066&ssig=ZZCT2tcite",新一轮强降雨今晚上线,search_contents_2026-05-23.csv,search_post,,中央气象台今日继续发布暴雨蓝色预警新一轮强降雨将于今日5月23日夜间正式上线暴雨中心位于河南湖北东部安徽中北部等地局地累计雨量可达200至400毫米日降雨量或突破5月历史极值我还挺喜欢下雨的你们呢 ,True,False
5301844257804389,#新一轮强降雨今晚上线#中央气象台预警！5月23日夜间起至27日，中东部将迎新一轮持续性强降雨，今夜正式启动，24日为最强峰值 。雨带横跨黄河至长江流域，河南、湖北、安徽为核心暴雨区，局地累计雨量可达200-400毫米，或突破5月极值 。四川东北部、重庆、湖南北部等地有大到暴雨，部分地区伴8-11级雷暴大风、短时强降水，局地有冰雹。本轮降雨与前期雨区重叠，致灾风险高，需警惕城市内涝、山洪、滑坡等灾害，公众尽量减少外出，注意安全防范。,1779570437,2026-05-23 21:07:17+08:00,59,12,0,1779542279098,https://m.weibo.cn/detail/5301844257804389,广东,7518954123,冬雪晚序,m,https://m.weibo.cn/u/7518954123?luicode=20000061&lfid=5301844257804389&launchid=10000360-page_H5,"https://tvax3.sinaimg.cn/crop.0.0.1080.1080.180/008cQLrBly8iczvuaarurj30u00u0403.jpg?KID=imgbed,tva&Expires=1779553070&ssig=brzXSDl%2Fkb",新一轮强降雨今晚上线,search_contents_2026-05-23.csv,search_post,,中央气象台预警5月23日夜间起至27日中东部将迎新一轮持续性强降雨今夜正式启动24日为最强峰值 雨带横跨黄河至长江流域河南湖北安徽为核心暴雨区局地累计雨量可达200400毫米或突破5月极值 四川东北部重庆湖南北部等地有大到暴雨部分地区伴811级雷暴大风短时强降水局地有冰雹本轮降雨与前期雨区重叠致灾风险高需警惕城市内涝山洪滑坡等灾害公众尽量减少外出注意安全防范,True,False
5301812124714309,#新一轮强降雨今晚上线# #神奇的降雨带# 这个又如同问号、又如同半边心形的雨带，其实是两条气旋锋面的接力。在昨日白天的天气图/流场可以看出，蒙古高原盘踞着一个显著的冷涡，在其前侧盛行上升气流的区域诱发了气旋形成，其中包括南北侧较明显的两个中心。最终北侧中心因为锋区提供的斜压能更强而在两个中心互争里“取胜”而进一步东移发展。不过，我们看到降雨带则是包括北侧中心的锋面与南侧中心的冷锋相连的结果——自巴蜀连绵塞北以至贝加尔湖，万里同云涌雨落。而如果再看云图，还能看到冷涡中心的的大量无降水中低云在盘徊旋驰；缺乏水汽输送让它们无法形成明显降雨，也在雷达回波隐形。今天这个问号雨带和气旋进一步向东北侧，在影响东北北部后彻底远离我国；但其后侧却有新的气旋与高空槽携带冷平流南下；它将遇见浩荡奔涌的夏季风与热带沧海水汽，随后带来中东部多地的广泛强降雨——包括自华北到长江中下游沿岸多地，与西北地区东部、西南地区东部都需要特别注意；【更特别地，湖北中西部、湖南西北部前期已经遭遇了极端强降雨过程与灾害，而在今夜开始这些地区也将是新一轮强降雨重要影响区（并可能包括气旋南侧区域极端强对流），需要特别注意本轮强降雨的叠加与次生灾害！】#气象科普团#,1779562776,2026-05-23 18:59:36+08:00,26,5,5,1779542279103,https://m.weibo.cn/detail/5301812124714309,江苏,3296569781,风云梦远,m,https://m.weibo.cn/u/3296569781?luicode=20000061&lfid=5301812124714309&launchid=10000360-page_H5,"https://tvax1.sinaimg.cn/crop.0.0.369.369.180/c47da9b5ly8i5eub3m4sgj20a90a9aa8.jpg?KID=imgbed,tva&Expires=1779553073&ssig=NQYhyTnZcL",新一轮强降雨今晚上线,search_contents_2026-05-23.csv,search_post,,  这个又如同问号又如同半边心形的雨带其实是两条气旋锋面的接力在昨日白天的天气图流场可以看出蒙古高原盘踞着一个显著的冷涡在其前侧盛行上升气流的区域诱发了气旋形成其中包括南北侧较明显的两个中心最终北侧中心因为锋区提供的斜压能更强而在两个中心互争里取胜而进一步东移发展不过我们看到降雨带则是包括北侧中心的锋面与南侧中心的冷锋相连的结果自巴蜀连绵塞北以至贝加尔湖万里同云涌雨落而如果再看云图还能看到冷涡中心的的大量无降水中低云在盘徊旋驰缺乏水汽输送让它们无法形成明显降雨也在雷达回波隐形今天这个问号雨带和气旋进一步向东北侧在影响东北北部后彻底远离我国但其后侧却有新的气旋与高空槽携带冷平流南下它将遇见浩荡奔涌的夏季风与热带沧海水汽随后带来中东部多地的广泛强降雨包括自华北到长江中下游沿岸多地与西北地区东部西南地区东部都需要特别注意更特别地湖北中西部湖南西北部前期已经遭遇了极端强降雨过程与灾害而在今夜开始这些地区也将是新一轮强降雨重要影响区并可能包括气旋南侧区域极端强对流需要特别注意本轮强降雨的叠加与次生灾害,True,False
5301841152976534,#新一轮强降雨今晚上线#又要下雨啦 ,1779569697,2026-05-23 20:54:57+08:00,21,2,0,1779542279107,https://m.weibo.cn/detail/5301841152976534,河南,7098802285,拾月拾肆saturn,f,https://m.weibo.cn/u/7098802285?launchid=10000360-page_H5,"https://tvax3.sinaimg.cn/crop.0.0.707.707.180/007KpQL3ly8i2pd7ubvhcj30jn0jngmg.jpg?KID=imgbed,tva&Expires=1779553066&ssig=o3nR2gpPWB",新一轮强降雨今晚上线,search_contents_2026-05-23.csv,search_post,,又要下雨啦 ,True,False
5301846862468569,#新一轮强降雨今晚上线#给我们这里下一点吧，真的热毁了。闷热还不如湿凉呢。 ,1779571058,2026-05-23 21:17:38+08:00,0,0,0,1779542279112,https://m.weibo.cn/detail/5301846862468569,浙江,2251200944,-风雪兼程赴春风-,f,https://m.weibo.cn/u/2251200944?launchid=10000360-page_H5,"https://tvax4.sinaimg.cn/crop.0.0.1080.1080.180/862e99b0ly8ib4652an7qj20u00u0q53.jpg?KID=imgbed,tva&Expires=1779553066&ssig=xaNOCAByqh",新一轮强降雨今晚上线,search_contents_2026-05-23.csv,search_post,,给我们这里下一点吧真的热毁了闷热还不如湿凉呢 ,True,False
5301846820524449,#新一轮强降雨今晚上线# 不要再下了，饿要被闷热天气折磨四了 ,1779571048,2026-05-23 21:17:28+08:00,0,0,0,1779542279117,https://m.weibo.cn/detail/5301846820524449,广东,7385871687,没睡着想哭,f,https://m.weibo.cn/u/7385871687?launchid=10000360-page_H5,"https://tvax2.sinaimg.cn/crop.0.0.1080.1080.180/0083QmCHly8idees4ydxkj30u00u00v4.jpg?KID=imgbed,tva&Expires=1779553066&ssig=ZPjfr%2Bvm4m",新一轮强降雨今晚上线,search_contents_2026-05-23.csv,search_post,, 不要再下了饿要被闷热天气折磨四了 ,True,False
5301846784868408,#新一轮强降雨今晚上线#这个雨别下了好吧！广东特别潮湿，还特别闷，我绷不住了 ,1779571039,2026-05-23 21:17:19+08:00,0,0,0,1779542279121,https://m.weibo.cn/detail/5301846784868408,广东,7850791597,路段的猫_,f,https://m.weibo.cn/u/7850791597?launchid=10000360-page_H5,"https://tvax1.sinaimg.cn/crop.0.0.1080.1080.180/008zj7wVly8idayp7e7v6j30u00u0di6.jpg?KID=imgbed,tva&Expires=1779553066&ssig=ps3VwgCCnD",新一轮强降雨今晚上线,search_contents_2026-05-23.csv,search_post,,这个雨别下了好吧广东特别潮湿还特别闷我绷不住了 ,True,False
5301753004164795,#挑杯BO9赛前预测##Ag对战狼队#都问我怎么看总决赛？理性上知道这场是火星撞地球，谁赢都可能。但感情上，我偏要预测个狼队5:3Ag久诚 ,1779548681,2026-05-23 15:04:41+08:00,1762,224,187,1779542368353,https://m.weibo.cn/detail/5301753004164795,江苏,5531250302,久诚JiuC,m,https://m.weibo.cn/u/5531250302?launchid=10000360-page_H5,"https://tvax3.sinaimg.cn/crop.0.0.1080.1080.180/0062kySyly8hwj8ci4pnnj30u00u0q49.jpg?KID=imgbed,tva&Expires=1779553162&ssig=bS4%2BNLihV3",挑杯BO9赛前预测,search_contents_2026-05-23.csv,search_post,,都问我怎么看总决赛理性上知道这场是火星撞地球谁赢都可能但感情上我偏要预测个狼队53Ag久诚 ,True,False
5301736727122704,#挑杯BO9赛前预测##2026王者荣耀挑战者杯决赛# 【K妹赛前报】送达！#AG对战狼队# ：10v8，更多人看好成都AG超玩会；（预测收集截至今日13:30）本期嘉宾：@解说洛洛 @骚白 @XYG麋鹿 @解说越越er @狼队刺痛Hurt @伪装的Jungle @天赐很努力 @Gemini郭家毅 @王者荣耀-北笙 @花楼FlowerHouse @赖神无所畏惧 @白衣教练 @blue猪 @成都AG北诗 @DL丶拖米 @露露自信一点 @可温破大防 @解说时间2026王者荣耀挑战者杯决赛火热进行中！究竟谁能捧起冠军奖杯？快来评论区一起聊聊吧,1779544800,2026-05-23 14:00:00+08:00,580,125,18,1779542368359,https://m.weibo.cn/detail/5301736727122704,河北,6074356560,KPL王者荣耀职业联赛,f,https://m.weibo.cn/u/6074356560?luicode=20000061&lfid=5301736727122704&launchid=10000360-page_H5,"https://tvax3.sinaimg.cn/crop.0.0.600.600.180/6f0b57d3ly8hpxak2a0r3j20go0got9r.jpg?KID=imgbed,tva&Expires=1779553162&ssig=fKVcaR5wvW",挑杯BO9赛前预测,search_contents_2026-05-23.csv,search_post,, K妹赛前报送达 10v8更多人看好成都AG超玩会预测收集截至今日1330本期嘉宾                 ,True,False
5301762026378231,一诺和大帅今日赛前采访⭐️一诺：BO9是个持久战吧，然后保存好体力，不要着急，一场一场慢慢打⭐️大帅：BO9相对于我们来说就是更占优势一点吧，狼队把他那些英雄的都用完之后，应该就是不太熟悉的其他阵容⭐️关于比分，一诺：5:3或者5:2吧#AG挑杯乘势而上##2026王者荣耀挑战者杯决赛# #红狼大战电竞春晚# 角落猫M的微博视频,1779550832,2026-05-23 15:40:32+08:00,288,9,6,1779542368364,https://m.weibo.cn/detail/5301762026378231,山东,5719091825,角落猫M,m,https://m.weibo.cn/u/5719091825?luicode=20000061&lfid=5301762026378231&launchid=10000360-page_H5,"https://tvax1.sinaimg.cn/crop.0.0.1080.1080.180/006f2J2xly8hs9xi7l384j30u00u0tby.jpg?KID=imgbed,tva&Expires=1779553166&ssig=p10UPV1ulX",挑杯BO9赛前预测,search_contents_2026-05-23.csv,search_post,,一诺和大帅今日赛前采访一诺BO9是个持久战吧然后保存好体力不要着急一场一场慢慢打大帅BO9相对于我们来说就是更占优势一点吧狼队把他那些英雄的都用完之后应该就是不太熟悉的其他阵容关于比分一诺53或者52吧  角落猫M的微博视频,True,False
5301710743929611,主播伪装#2026王者荣耀挑战者杯# #挑杯bo9赛前预测# #AG对战狼队# 决赛之日已到！依旧预测 ,1779538605,2026-05-23 12:16:45+08:00,60,19,0,1779542368375,https://m.weibo.cn/detail/5301710743929611,上海,5993169545,伪装的Jungle,m,https://m.weibo.cn/u/5993169545?launchid=10000360-page_H5,"https://tvax4.sinaimg.cn/crop.0.0.600.600.180/006xAJaVly8h9u980zw11j30go0go0ua.jpg?KID=imgbed,tva&Expires=1779553162&ssig=UIWNtVcjH%2B",挑杯BO9赛前预测,search_contents_2026-05-23.csv,search_post,,主播伪装   决赛之日已到依旧预测 ,True,False
5301846291776711,#挑杯BO9赛前预测#：AG因阵容厚度和BO9适应性被多数预测看好，但狼队凭借败者组一穿三的韧性，仍有较大机会将比赛拖入后期僵持。 ,1779570922,2026-05-23 21:15:22+08:00,0,3,0,1779542368381,https://m.weibo.cn/detail/5301846291776711,湖北,6495895789,聚乳酸游离态,f,https://m.weibo.cn/u/6495895789?launchid=10000360-page_H5,"https://tvax3.sinaimg.cn/crop.0.0.1080.1080.180/0075C7eJly8id6jeioqmkj30u00u075y.jpg?KID=imgbed,tva&Expires=1779553162&ssig=jM1hGFfS%2B5",挑杯BO9赛前预测,search_contents_2026-05-23.csv,search_post,,AG因阵容厚度和BO9适应性被多数预测看好但狼队凭借败者组一穿三的韧性仍有较大机会将比赛拖入后期僵持 ,True,False
5301743466581904,红狼fighting！ #挑杯BO9赛前预测##AG对战狼队# ,1779546407,2026-05-23 14:26:47+08:00,57,19,0,1779542368384,https://m.weibo.cn/detail/5301743466581904,重庆,6774669292,解说时间,m,https://m.weibo.cn/u/6774669292?launchid=10000360-page_H5,"https://tvax4.sinaimg.cn/crop.0.0.828.828.180/007otOXyly8gdi2hshhe3j30n00n0wfe.jpg?KID=imgbed,tva&Expires=1779553162&ssig=CHK%2B1DvrTY",挑杯BO9赛前预测,search_contents_2026-05-23.csv,search_post,,红狼fighting  ,True,False
5301768055162315,Bao SK两位教练的赛前采访，兄弟厮杀Gemini：哎哟，这不是我的两位队员吗！ #2026挑杯决赛开幕式# AIexChan-Gryffindor的微博视频  ,1779552269,2026-05-23 16:04:29+08:00,46,1,0,1779542368389,https://m.weibo.cn/detail/5301768055162315,辽宁,6016071662,AIexChan-Gryffindor,f,https://m.weibo.cn/u/6016071662?launchid=10000360-page_H5,"https://tvax2.sinaimg.cn/crop.0.0.1080.1080.180/006z8P3Uly8h78bef8s2sj30u00u0jto.jpg?KID=imgbed,tva&Expires=1779553162&ssig=O2YFLf9ED%2F",挑杯BO9赛前预测,search_contents_2026-05-23.csv,search_post,,Bao SK两位教练的赛前采访兄弟厮杀Gemini哎哟这不是我的两位队员吗  AIexChanGryffindor的微博视频  ,True,False
5301794102053350,#国家卫健委组织专家赴山西#【国家卫健委组织多学科专家赴山西通洲集团留神峪煤矿瓦斯爆炸事故现场开展医疗救治】 #国家卫健委赴现场指导应急救治# 记者采访了解到：山西通洲集团留神峪煤矿瓦斯爆炸事故发生后，国家卫生健康委分管负责同志和有关司局同志赶赴现场指导应急救治调度，组织北京大学人民医院（国家创伤医学中心）创伤、重症科和中日友好医院呼吸科等开展多学科远程会诊，调派北京协和医院呼吸重症科、北京积水潭医院烧伤、创伤骨科3位专家赶赴现场支援参与救治，山西省卫生健康委第一时间调派山西医科大学第一医院、山西省第二人民医院等17名相关专家，并安排长治市调派86辆救护车，全力开展医疗救治工作。（记者：马晓洁）,1779558479,2026-05-23 17:47:59+08:00,413,32,48,1779542440540,https://m.weibo.cn/detail/5301794102053350,,1699432410,新华社,m,https://m.weibo.cn/u/1699432410?luicode=20000061&lfid=5301794102053350&launchid=10000360-page_H5,"https://tvax2.sinaimg.cn/crop.58.61.875.875.180/001R0E0aly8h8vg6xx3srj60rs0rsdko02.jpg?KID=imgbed,tva&Expires=1779553224&ssig=GImXM9nx%2F3",国家卫健委组织专家赴山西,search_contents_2026-05-23.csv,search_post,,国家卫健委组织多学科专家赴山西通洲集团留神峪煤矿瓦斯爆炸事故现场开展医疗救治  记者采访了解到山西通洲集团留神峪煤矿瓦斯爆炸事故发生后国家卫生健康委分管负责同志和有关司局同志赶赴现场指导应急救治调度组织北京大学人民医院国家创伤医学中心创伤重症科和中日友好医院呼吸科等开展多学科远程会诊调派北京协和医院呼吸重症科北京积水潭医院烧伤创伤骨科3位专家赶赴现场支援参与救治山西省卫生健康委第一时间调派山西医科大学第一医院山西省第二人民医院等17名相关专家并安排长治市调派86辆救护车全力开展医疗救治工作记者马晓洁,True,False
5301838175274765,#山西煤矿爆炸点附近出现积水# 寒冷、压抑、头上的头灯是唯一的光亮，很多人一干就是一辈子。为什么煤炭工人干的是高危行业呢？看看这个视频就知道了！#国家卫健委组织专家赴山西# 思明博览的微博视频 ,1779568987,2026-05-23 20:43:07+08:00,20,15,12,1779542440544,https://m.weibo.cn/detail/5301838175274765,福建,2617786612,思明博览,m,https://m.weibo.cn/u/2617786612?launchid=10000360-page_H5,"https://tva2.sinaimg.cn/crop.0.0.640.640.180/9c0840f4jw8ef23ciqdw1j20hs0hsmyl.jpg?KID=imgbed,tva&Expires=1779553224&ssig=4dzH4%2FU7aj",国家卫健委组织专家赴山西,search_contents_2026-05-23.csv,search_post,, 寒冷压抑头上的头灯是唯一的光亮很多人一干就是一辈子为什么煤炭工人干的是高危行业呢看看这个视频就知道了 思明博览的微博视频 ,True,False
5301796314547121,组织北京大学人民医院（国家创伤医学中心）创伤、重症科和中日友好医院呼吸科等开展多学科远程会诊，调派北京协和医院呼吸重症科、北京积水潭医院烧伤、创伤骨科3位专家赶赴现场支援参与救治#国家卫健委组织专家赴山西#（新华社） ,1779559007,2026-05-23 17:56:47+08:00,3,0,0,1779542440548,https://m.weibo.cn/detail/5301796314547121,辽宁,1046343632,王沙骋,m,https://m.weibo.cn/u/1046343632?launchid=10000360-page_H5,"https://tvax3.sinaimg.cn/crop.0.0.1024.1024.180/3e5defd0ly8iceg0tl5ijj20sg0sgn06.jpg?KID=imgbed,tva&Expires=1779553224&ssig=aSejOcZEvd",国家卫健委组织专家赴山西,search_contents_2026-05-23.csv,search_post,,组织北京大学人民医院国家创伤医学中心创伤重症科和中日友好医院呼吸科等开展多学科远程会诊调派北京协和医院呼吸重症科北京积水潭医院烧伤创伤骨科3位专家赶赴现场支援参与救治新华社 ,True,False
5301796185573323,#国家卫健委组织专家赴山西#北京顶尖重症、呼吸、烧伤专家全过去了，协和、积水潭、北大人民的人直接到场支援。 说真的，医疗兜底再到位，也挽不回90条人命。现在救援、医疗、善后都在赶，但最该加急的是彻查+追责。 ,1779558976,2026-05-23 17:56:16+08:00,6,0,0,1779542440553,https://m.weibo.cn/detail/5301796185573323,四川,6194730339,体育-科代表,m,https://m.weibo.cn/u/6194730339?launchid=10000360-page_H5,"https://tvax4.sinaimg.cn/crop.0.0.996.996.180/006Lesltly8gs2hrup22mj30ro0rogne.jpg?KID=imgbed,tva&Expires=1779553224&ssig=k0yNrHTYVm",国家卫健委组织专家赴山西,search_contents_2026-05-23.csv,search_post,,北京顶尖重症呼吸烧伤专家全过去了协和积水潭北大人民的人直接到场支援 说真的医疗兜底再到位也挽不回90条人命现在救援医疗善后都在赶但最该加急的是彻查追责 ,True,False
5301795305819345,#国家卫健委组织专家赴山西#国家卫健委组织多学科专家赴山西，指导通洲集团留神峪煤矿瓦斯爆炸事故的医疗救治工作。 ,1779558766,2026-05-23 17:52:46+08:00,5,0,0,1779542440556,https://m.weibo.cn/detail/5301795305819345,贵州,2010021631,一位不愿透露姓名的地理学者,m,https://m.weibo.cn/u/2010021631?launchid=10000360-page_H5,"https://tvax1.sinaimg.cn/crop.0.0.1080.1080.180/77ce7effly8gj3dmlv4pxj20u00u0775.jpg?KID=imgbed,tva&Expires=1779553224&ssig=XifnT7N9Cd",国家卫健委组织专家赴山西,search_contents_2026-05-23.csv,search_post,,国家卫健委组织多学科专家赴山西指导通洲集团留神峪煤矿瓦斯爆炸事故的医疗救治工作 ,True,False
5301811621924589,#国家卫健委组织专家赴山西#2026年5月23日山西通洲集团留神峪煤矿发生瓦斯爆炸事故，国家卫健委紧急组织国家级医疗专家赴山西，联合省级专家开展远程会诊与现场支援，统筹医疗救援，同时山西省卫健委调配省内专家及救护车保障伤员转运。 国家卫健委组织专家赴山西 ,1779562656,2026-05-23 18:57:36+08:00,40,3,9,1779542440560,https://m.weibo.cn/detail/5301811621924589,江苏,7932454244,小沂眠眠,f,https://m.weibo.cn/u/7932454244?launchid=10000360-page_H5,"https://tvax2.sinaimg.cn/crop.0.0.1080.1080.180/008EPLIoly8id62jise5wj30u00u0tab.jpg?KID=imgbed,tva&Expires=1779553224&ssig=NF71lLHRV9",国家卫健委组织专家赴山西,search_contents_2026-05-23.csv,search_post,,2026年5月23日山西通洲集团留神峪煤矿发生瓦斯爆炸事故国家卫健委紧急组织国家级医疗专家赴山西联合省级专家开展远程会诊与现场支援统筹医疗救援同时山西省卫健委调配省内专家及救护车保障伤员转运 国家卫健委组织专家赴山西 ,True,False
5301803505945813,#国家卫健委组织专家赴山西#2026年5月23日，国家卫健委紧急组织多学科专家团队赶赴山西，是为应对当日发生的山西通洲集团留神峪煤矿瓦斯爆炸事故，全力开展伤员医疗救治工作。 国家卫健委组织专家赴山西 ,1779560721,2026-05-23 18:25:21+08:00,56,3,0,1779542440563,https://m.weibo.cn/detail/5301803505945813,上海,7908694762,水兔瞳,m,https://m.weibo.cn/u/7908694762?launchid=10000360-page_H5,"https://tvax1.sinaimg.cn/crop.0.0.1080.1080.180/008De4MWly8id7lnb1p25j30u00u0776.jpg?KID=imgbed,tva&Expires=1779553224&ssig=03HDnq8xNf",国家卫健委组织专家赴山西,search_contents_2026-05-23.csv,search_post,,2026年5月23日国家卫健委紧急组织多学科专家团队赶赴山西是为应对当日发生的山西通洲集团留神峪煤矿瓦斯爆炸事故全力开展伤员医疗救治工作 国家卫健委组织专家赴山西 ,True,False
5301824036019332,#国家卫健委组织专家赴山西#山西煤矿瓦斯爆炸事故牵动人心，国家卫健委快速集结多学科专家、搭建三级医疗救援体系，以国家级力量下沉一线，与地方联动攻坚井下复杂救援难题，尽显生命至上的应急担当。一次次事故救援的经验迭代，既展现了我国成熟高效的重大突发医疗应急机制，也为我们敲响警钟：安全生产底线不可松懈，基层应急保障仍需补齐短板，唯有严守安全规范、完善应急体系，才能最大限度守护矿工生命安全，避免悲剧反复上演。 国家卫健委组织专家赴山西,1779565616,2026-05-23 19:46:56+08:00,11,8,0,1779542440565,https://m.weibo.cn/detail/5301824036019332,浙江,6003782436,正在听BB88,f,https://m.weibo.cn/u/6003782436?luicode=20000061&lfid=5301824036019332&launchid=10000360-page_H5,"https://tvax1.sinaimg.cn/crop.0.0.900.900.180/006yjg4Aly8i25goxt0tej30p00p03zt.jpg?KID=imgbed,tva&Expires=1779553228&ssig=5Oe3siXJFx",国家卫健委组织专家赴山西,search_contents_2026-05-23.csv,search_post,,山西煤矿瓦斯爆炸事故牵动人心国家卫健委快速集结多学科专家搭建三级医疗救援体系以国家级力量下沉一线与地方联动攻坚井下复杂救援难题尽显生命至上的应急担当一次次事故救援的经验迭代既展现了我国成熟高效的重大突发医疗应急机制也为我们敲响警钟安全生产底线不可松懈基层应急保障仍需补齐短板唯有严守安全规范完善应急体系才能最大限度守护矿工生命安全避免悲剧反复上演 国家卫健委组织专家赴山西,True,False
5301763292795700,#易烊千玺给王源演唱会送花篮了#易烊千玺给王源天津演唱会送花篮🌸“祝王源2026宇宙超级无敌大大狂欢巡回演唱会-天津站圆满成功”  祝两位友谊长存，期待王源今晚的演唱会#娱乐圈真心局# ,1779551134,2026-05-23 15:45:34+08:00,16004,123,477,1779542527025,https://m.weibo.cn/detail/5301763292795700,广东,2653906910,娱乐榜姐,f,https://m.weibo.cn/u/2653906910?launchid=10000360-page_H5,"https://tvax4.sinaimg.cn/crop.0.0.996.996.180/9e2f67dely8h8v42t2e7nj20ro0roq3x.jpg?KID=imgbed,tva&Expires=1779553327&ssig=eEeIJ12D%2Bo",易烊千玺给王源演唱会送花篮了,search_contents_2026-05-23.csv,search_post,,易烊千玺给王源天津演唱会送花篮祝王源2026宇宙超级无敌大大狂欢巡回演唱会天津站圆满成功  祝两位友谊长存期待王源今晚的演唱会 ,True,False
5301777794597986,#王俊凯易烊千玺给王源演唱会的送花篮#王俊凯、易烊千玺给王源天津演唱会送了花篮！祝王源“演出顺利 狂欢成功”“圆满成功”！友谊长存 ,1779554591,2026-05-23 16:43:11+08:00,3973,125,104,1779542527030,https://m.weibo.cn/detail/5301777794597986,内蒙古,5909342713,圈内教父,m,https://m.weibo.cn/u/5909342713?launchid=10000360-page_H5,"https://tvax4.sinaimg.cn/crop.0.0.996.996.180/006rUZZfly8gdijt45jw5j30ro0roaaz.jpg?KID=imgbed,tva&Expires=1779553327&ssig=5i%2B7Lk21fD",易烊千玺给王源演唱会送花篮了,search_contents_2026-05-23.csv,search_post,,王俊凯易烊千玺给王源天津演唱会送了花篮祝王源演出顺利 狂欢成功圆满成功友谊长存 ,True,False
5301771738285590,#易烊千玺给王源演唱会送花篮了##王俊凯给王源演唱会送花篮了# 去查了一下花语 王俊凯王源易烊千玺友谊长存！#沈秋辞的碎碎念# ,1779553147,2026-05-23 16:19:07+08:00,12,0,0,1779542527035,https://m.weibo.cn/detail/5301771738285590,河南,6985688666,草莓恋啵记载册0109,f,https://m.weibo.cn/u/6985688666?launchid=10000360-page_H5,"https://tvax4.sinaimg.cn/crop.0.0.1080.1080.180/007CLeJQly8icc37cx38pj30u00u0mye.jpg?KID=imgbed,tva&Expires=1779553327&ssig=4OVffNZflg",易烊千玺给王源演唱会送花篮了,search_contents_2026-05-23.csv,search_post,, 去查了一下花语 王俊凯王源易烊千玺友谊长存 ,True,False
5301770290990474,#易烊千玺给王源演唱会送花篮了#又是熟悉的花篮，又是稳稳的支持✨这已经不是第一次了，从2024到2026，一场不落的默契，低调又长久的情谊。祝王源天津站圆满成功，两位都在各自领域闪闪发光💛 ,1779552802,2026-05-23 16:13:22+08:00,435,34,10,1779542527039,https://m.weibo.cn/detail/5301770290990474,广东,7758099858,Dora_拉拉,f,https://m.weibo.cn/u/7758099858?launchid=10000360-page_H5,"https://tvax1.sinaimg.cn/crop.0.0.1080.1080.180/008t2caSly8ideoayheytj30u00u0whd.jpg?KID=imgbed,tva&Expires=1779553327&ssig=2Vf8RX%2Fdr0",易烊千玺给王源演唱会送花篮了,search_contents_2026-05-23.csv,search_post,,又是熟悉的花篮又是稳稳的支持这已经不是第一次了从2024到2026一场不落的默契低调又长久的情谊祝王源天津站圆满成功两位都在各自领域闪闪发光 ,True,False
5301796483634693,易烊千玺给王源演唱会送花篮了随机掉落两只跳手势舞的小鼻嘎果然，多的是你不知道的事也预祝王源演唱会天津站圆满成功！💚 ,1779559047,2026-05-23 17:57:27+08:00,159,27,1,1779542527042,https://m.weibo.cn/detail/5301796483634693,天津,9057775707,吱吱唔的小麋鹿,f,https://m.weibo.cn/u/9057775707?launchid=10000360-page_H5,"https://tvax2.sinaimg.cn/crop.0.0.1080.1080.180/009SZvezly8id0w7uwjz8j30u00u040n.jpg?KID=imgbed,tva&Expires=1779553327&ssig=Oy8vyefzzQ",易烊千玺给王源演唱会送花篮了,search_contents_2026-05-23.csv,search_post,,易烊千玺给王源演唱会送花篮了随机掉落两只跳手势舞的小鼻嘎果然多的是你不知道的事也预祝王源演唱会天津站圆满成功 ,True,False
5301768177061038,没有任何前缀的只是作为彼此的好朋友 永远可以相信TFB的友情🧡🧡🧡#易烊千玺给王源演唱会送花篮了##王俊凯给王源演唱会送花篮了##王源宇宙超级无敌大大狂欢巡演# ,1779552298,2026-05-23 16:04:58+08:00,159,10,35,1779542527047,https://m.weibo.cn/detail/5301768177061038,上海,3309821597,艾一姑,m,https://m.weibo.cn/u/3309821597?launchid=10000360-page_H5,"https://tvax1.sinaimg.cn/crop.0.0.828.828.180/c547de9dly8hs0668zqpvj20n00n0jse.jpg?KID=imgbed,tva&Expires=1779553327&ssig=Pi3ZUG54Aq",易烊千玺给王源演唱会送花篮了,search_contents_2026-05-23.csv,search_post,,没有任何前缀的只是作为彼此的好朋友 永远可以相信TFB的友情 ,True,False
5301847252272076,#易烊千玺给王源演唱会送花篮了#嗯嗯嗯知道他们关系很好啦🧡 ,1779571151,2026-05-23 21:19:11+08:00,0,0,0,1779542527050,https://m.weibo.cn/detail/5301847252272076,湖南,7238512213,_失温唱片,f,https://m.weibo.cn/u/7238512213?launchid=10000360-page_H5,"https://tvax4.sinaimg.cn/crop.0.0.1070.1070.180/007TS3GZly8hrk726indlj30tq0tr41g.jpg?KID=imgbed,tva&Expires=1779553327&ssig=vmonilX%2BI5",易烊千玺给王源演唱会送花篮了,search_contents_2026-05-23.csv,search_post,,嗯嗯嗯知道他们关系很好啦 ,True,False
5301847251225403,易烊千玺#易烊千玺给王源演唱会送花篮了# 微博电影之夜，宝宝们都去投一投我们千玺宝宝呀，任务也做一做哈，差距太大了 ,1779571151,2026-05-23 21:19:11+08:00,0,0,0,1779542527054,https://m.weibo.cn/detail/5301847251225403,北京,6503903604,皆惜欢牵久唯栖,f,https://m.weibo.cn/u/6503903604?launchid=10000360-page_H5,"https://tvax4.sinaimg.cn/crop.0.0.1080.1080.180/00769Ir2ly8id2wk8z2umj30u00u0gsa.jpg?KID=imgbed,tva&Expires=1779553327&ssig=Ub1zoBpSpW",易烊千玺给王源演唱会送花篮了,search_contents_2026-05-23.csv,search_post,,易烊千玺 微博电影之夜宝宝们都去投一投我们千玺宝宝呀任务也做一做哈差距太大了 ,True,False
5301765224270680,宋亚轩 【#吴彤为宋亚轩投入了最高版权#】今晚《国乐无双》播出，吴彤微博发布长文谈及节目，“宋亚轩演绎了我们投入最高版权成本的作品，完全唱值了这份用心”，吴彤对宋亚轩@时代少年团-宋亚轩 真的有种伯乐遇上千里马的感觉 #国乐无双# ,1779551594,2026-05-23 15:53:14+08:00,1675,58,87,1779542620234,https://m.weibo.cn/detail/5301765224270680,,1496814565,封面新闻,f,https://m.weibo.cn/u/1496814565?launchid=10000360-page_H5,"https://tvax4.sinaimg.cn/crop.0.0.690.690.180/001DitQply8h8vhzzl20mj60j60j6jrn02.jpg?KID=imgbed,tva&Expires=1779553413&ssig=kRAE9OCeCt",吴彤为宋亚轩投入了最高版权,search_contents_2026-05-23.csv,search_post,,宋亚轩 今晚国乐无双播出吴彤微博发布长文谈及节目宋亚轩演绎了我们投入最高版权成本的作品完全唱值了这份用心吴彤对宋亚轩 真的有种伯乐遇上千里马的感觉  ,True,False
5301720214667971,#国乐无双# Song for U，唱给大家听 ,1779540863,2026-05-23 12:54:23+08:00,208521,43400,561417,1779542620240,https://m.weibo.cn/detail/5301720214667971,甘肃,6015189526,时代少年团-宋亚轩,m,https://m.weibo.cn/u/6015189526?launchid=10000360-page_H5,"https://tvax3.sinaimg.cn/crop.0.0.512.512.180/006z57zUly8hdl2r62c0wj30e80e8aa5.jpg?KID=imgbed,tva&Expires=1779553413&ssig=wddk6x%2FCHv",吴彤为宋亚轩投入了最高版权,search_contents_2026-05-23.csv,search_post,, Song for U唱给大家听 ,True,False
5301751662251678,今晚相见，#国乐无双# ,1779548361,2026-05-23 14:59:21+08:00,13864,1196,870,1779542620245,https://m.weibo.cn/detail/5301751662251678,浙江,1682322254,吴彤,m,https://m.weibo.cn/u/1682322254?launchid=10000360-page_H5,"https://tvax3.sinaimg.cn/crop.0.0.512.512.180/6446334ely8h4np4vdtq2j20e80e8dgd.jpg?KID=imgbed,tva&Expires=1779553413&ssig=LjZrDbtCP4",吴彤为宋亚轩投入了最高版权,search_contents_2026-05-23.csv,search_post,,今晚相见 ,True,False
5301798912921762,🎵#吴彤为宋亚轩投入了最高版权# 🎵#宋亚轩国乐无双新歌写了二十天#为亚轩投入了最高版权成本却又因为他的用心收获了最值得的结果 音乐的世界就是这样啊！在这里你真的能相信热爱会成就一切🥺 请在舞台上尽情唱自己的热爱吧！期待小宋的好多好多精彩舞台！#国乐无双#   ,1779559626,2026-05-23 18:07:06+08:00,966,185,555,1779542620249,https://m.weibo.cn/detail/5301798912921762,河北,1939307525,草莓牛奶味的Haru,f,https://m.weibo.cn/u/1939307525?launchid=10000360-page_H5,"https://tvax2.sinaimg.cn/crop.0.0.1080.1080.180/73977c05ly8gna9ecmi5oj20u00u0tcl.jpg?KID=imgbed,tva&Expires=1779553413&ssig=n8JHWjQ5oP",吴彤为宋亚轩投入了最高版权,search_contents_2026-05-23.csv,search_post,, 为亚轩投入了最高版权成本却又因为他的用心收获了最值得的结果 音乐的世界就是这样啊在这里你真的能相信热爱会成就一切 请在舞台上尽情唱自己的热爱吧期待小宋的好多好多精彩舞台   ,True,False
5301774460125207,#宋亚轩不会录音综录到委屈了# #吴彤为宋亚轩投入了最高版权# 我去！吴彤为宋亚轩投入了最高版权，这个宠啊～拿着这么多首版权，我不敢想这次宋亚轩的舞台会有多精彩😭音综就要这样！多多的唱自己喜欢的呀，宋亚轩这次可以尽情发挥了！好期待好期待好期待🥰#国乐无双# ,1779553795,2026-05-23 16:29:55+08:00,327,46,82,1779542620254,https://m.weibo.cn/detail/5301774460125207,北京,6159487799,季风号苏打,f,https://m.weibo.cn/u/6159487799?launchid=10000360-page_H5,"https://tvax4.sinaimg.cn/crop.0.0.500.500.180/006IQA9ply8hc1m5eh26hj30dw0dwjrt.jpg?KID=imgbed,tva&Expires=1779553413&ssig=qd1Sh4slkd",吴彤为宋亚轩投入了最高版权,search_contents_2026-05-23.csv,search_post,,  我去吴彤为宋亚轩投入了最高版权这个宠啊拿着这么多首版权我不敢想这次宋亚轩的舞台会有多精彩音综就要这样多多的唱自己喜欢的呀宋亚轩这次可以尽情发挥了好期待好期待好期待 ,True,False
5301772233213707,#宋亚轩不会录音综录到委屈了#💦#吴彤为宋亚轩投入了最高版权# 会越来越好～这次参加国乐无双开场就拿着多首版权的特别曲目来的 和前辈们一起快乐表演 自信展示自己叭！相信国乐无双会留下宋亚轩的音综高光时刻！✨ #国乐无双# ,1779553265,2026-05-23 16:21:05+08:00,674,102,101,1779542620259,https://m.weibo.cn/detail/5301772233213707,北京,6423651199,小狗斯特,f,https://m.weibo.cn/u/6423651199?launchid=10000360-page_H5,"https://tvax4.sinaimg.cn/crop.0.0.1024.1024.180/0070IZ7ply8i6m4766chrj30sg0sg3z3.jpg?KID=imgbed,tva&Expires=1779553413&ssig=ELmXqw544m",吴彤为宋亚轩投入了最高版权,search_contents_2026-05-23.csv,search_post,, 会越来越好这次参加国乐无双开场就拿着多首版权的特别曲目来的 和前辈们一起快乐表演 自信展示自己叭相信国乐无双会留下宋亚轩的音综高光时刻  ,True,False
5301790769943136,#吴彤为宋亚轩投入了最高版权#宋亚轩的音乐路，是天赋与努力的双向奔赴！12岁时在《开学第一课》唱《我和我的祖国》，清澈嗓音成同龄人少年光✨如今《国乐无双》里，吴彤倾力投入8首歌曲全套版权，专属舞台《Song for You》即将亮相。被节目组偏爱的底气，从来都是藏在战绩里的！期待这位清爽少年今晚惊艳的开唱！吴彤为宋亚轩投入了最高版权 青青之鳳的微博视频,1779557685,2026-05-23 17:34:45+08:00,202,30,8,1779542620263,https://m.weibo.cn/detail/5301790769943136,广东,7281231524,青青之鳳,f,https://m.weibo.cn/u/7281231524?luicode=20000061&lfid=5301790769943136&launchid=10000360-page_H5,"https://tvax2.sinaimg.cn/crop.0.0.1080.1080.180/007WLiW8ly8i1uwh2z6fhj30u00u07as.jpg?KID=imgbed,tva&Expires=1779553414&ssig=N%2FWYEbmz7D",吴彤为宋亚轩投入了最高版权,search_contents_2026-05-23.csv,search_post,,宋亚轩的音乐路是天赋与努力的双向奔赴12岁时在开学第一课唱我和我的祖国清澈嗓音成同龄人少年光如今国乐无双里吴彤倾力投入8首歌曲全套版权专属舞台Song for You即将亮相被节目组偏爱的底气从来都是藏在战绩里的期待这位清爽少年今晚惊艳的开唱吴彤为宋亚轩投入了最高版权 青青之鳳的微博视频,True,False
5301846373826826,#吴彤为宋亚轩投入了最高版权##宋亚轩私下是真的下功夫练习##宋亚轩国乐无双新歌写了二十天##宋亚轩 国乐无双##宋亚轩唱值了#  tg：在国乐无双也能看到宋亚轩的大青海～～ 准备这首歌期间宋亚轩还在回学校上学，准备演唱会两首solo，团歌新舞蹈，拍摄演唱会相关物料等等等。这么紧密的行程还在对song for u这首跨度这么大完全重新编排过的歌从不宣之于口但背后付出了太多太多 宋亚轩简直是超人,1779570941,2026-05-23 21:15:41+08:00,150,12,0,1779542620267,https://m.weibo.cn/detail/5301846373826826,四川,5719313502,补充点维生素C,m,https://m.weibo.cn/u/5719313502?luicode=20000061&lfid=5301846373826826&launchid=10000360-page_H5,"https://tvax4.sinaimg.cn/crop.0.0.1080.1080.180/006f3EHYly8ibsvxyerjxj30u00u0jsl.jpg?KID=imgbed,tva&Expires=1779553417&ssig=9kHotDn24Q",吴彤为宋亚轩投入了最高版权,search_contents_2026-05-23.csv,search_post,,  tg在国乐无双也能看到宋亚轩的大青海 准备这首歌期间宋亚轩还在回学校上学准备演唱会两首solo团歌新舞蹈拍摄演唱会相关物料等等等这么紧密的行程还在对song for u这首跨度这么大完全重新编排过的歌从不宣之于口但背后付出了太多太多 宋亚轩简直是超人,True,False
5301836168827431,#浪姐直播#王濛和萧蔷俩人pk我真的没法选，萧蔷绝对爆杀王濛，听感太好了，但是王濛人气太强了，俩人谁输谁赢，我的心情都很复杂 ,1779568509,2026-05-23 20:35:09+08:00,530,22,0,1779542683187,https://m.weibo.cn/detail/5301836168827431,河南,5487963660,斑斑不老根i,f,https://m.weibo.cn/u/5487963660?launchid=10000360-page_H5,"https://tvax2.sinaimg.cn/crop.0.0.996.996.180/005ZoW2Uly8g5riz9zklpj30ro0roq4a.jpg?KID=imgbed,tva&Expires=1779553476&ssig=68gaX7gz28",王濛pk萧蔷,search_contents_2026-05-23.csv,search_post,,王濛和萧蔷俩人pk我真的没法选萧蔷绝对爆杀王濛听感太好了但是王濛人气太强了俩人谁输谁赢我的心情都很复杂 ,True,False
5301825609930095,浪姐三公solo秀对决王濛《盛夏的果实》 PK 萧蔷《泪海》#浪姐直播##乘风2026# ,1779565991,2026-05-23 19:53:11+08:00,504,53,5,1779542683192,https://m.weibo.cn/detail/5301825609930095,广东,6490579504,传媒剧透哥,f,https://m.weibo.cn/u/6490579504?launchid=10000360-page_H5,"https://tvax2.sinaimg.cn/crop.0.0.1080.1080.180/0075fOecly8ibur1e4aojj30u00u0gmm.jpg?KID=imgbed,tva&Expires=1779553476&ssig=kM77oYWccI",王濛pk萧蔷,search_contents_2026-05-23.csv,search_post,,浪姐三公solo秀对决王濛盛夏的果实 PK 萧蔷泪海 ,True,False
5301835443213639,王濛842票vs萧蔷821票第一轮队长pk，王濛赢了#王濛842票赢了# ,1779568336,2026-05-23 20:32:16+08:00,995,107,6,1779542683201,https://m.weibo.cn/detail/5301835443213639,北京,5291824241,橘子娱乐,f,https://m.weibo.cn/u/5291824241?launchid=10000360-page_H5,"https://tvax3.sinaimg.cn/crop.0.0.811.811.180/005M7XdTly8h8vnv7l2aij30mj0mj3yz.jpg?KID=imgbed,tva&Expires=1779553476&ssig=KZjpO2UY9k",王濛pk萧蔷,search_contents_2026-05-23.csv,search_post,,王濛842票vs萧蔷821票第一轮队长pk王濛赢了 ,True,False
5301840188802454,#王濛pk萧蔷#浪姐直播中王濛与萧蔷的PK以842:821票告终，王濛胜出，结束后王濛还拥抱了萧蔷 -好想发疯--的微博视频 ,1779569467,2026-05-23 20:51:07+08:00,123,17,0,1779542683206,https://m.weibo.cn/detail/5301840188802454,福建,7352643566,-好想发疯--,f,https://m.weibo.cn/u/7352643566?launchid=10000360-page_H5,"https://tvax1.sinaimg.cn/crop.0.0.1000.1000.180/0081AWtgly8icvh8j2u4aj30rs0rs402.jpg?KID=imgbed,tva&Expires=1779553476&ssig=99P3c5IQBM",王濛pk萧蔷,search_contents_2026-05-23.csv,search_post,,浪姐直播中王濛与萧蔷的PK以842821票告终王濛胜出结束后王濛还拥抱了萧蔷 好想发疯的微博视频 ,True,False
5301833750808359,萧蔷泪海是舒适区。。。。好好听简简单单几句唱到我心里#浪姐直播##王濛pk萧蔷##微博二创视频创作季##一分钟精选视频扶持计划# #萧蔷开口跪# 李屋屋啊的微博视频  ,1779567932,2026-05-23 20:25:32+08:00,143,17,14,1779542683211,https://m.weibo.cn/detail/5301833750808359,广东,7576467750,李屋屋啊,m,https://m.weibo.cn/u/7576467750?launchid=10000360-page_H5,"https://tvax4.sinaimg.cn/crop.0.0.512.512.180/008gK5mKly8gt46s4iacjj30e80e8t9f.jpg?KID=imgbed,tva&Expires=1779553476&ssig=clfgitsu9f",王濛pk萧蔷,search_contents_2026-05-23.csv,search_post,,萧蔷泪海是舒适区好好听简简单单几句唱到我心里  李屋屋啊的微博视频  ,True,False
5301838011441597,尚雯婕re王濛《盛夏的果实》“小王子 音准不错”#王濛pk萧蔷##王濛进步好多##微博二创视频创作季# 米油呀的微博视频 ,1779568948,2026-05-23 20:42:28+08:00,66,5,0,1779542683214,https://m.weibo.cn/detail/5301838011441597,河南,7746047371,米油呀,f,https://m.weibo.cn/u/7746047371?launchid=10000360-page_H5,"https://tvax4.sinaimg.cn/crop.0.0.1080.1080.180/008sdCLVly8i1blkz97cxj30u00u075q.jpg?KID=imgbed,tva&Expires=1779553476&ssig=CRXWY06sxf",王濛pk萧蔷,search_contents_2026-05-23.csv,search_post,,尚雯婕re王濛盛夏的果实小王子 音准不错 米油呀的微博视频 ,True,False
5301827541406776,#浪姐直播#浪姐队长秀赛制：各位队长按照乘风值挑选对手，组成三组pk！队长solo秀输的三位姐姐要再一次站上pk台，等21位媒体评委投票，选出一位危险团！目前王濛选择萧蔷对决，大概率王濛胜出！ ,1779566452,2026-05-23 20:00:52+08:00,120,6,0,1779542683219,https://m.weibo.cn/detail/5301827541406776,山东,7826304980,兵庫初恋,f,https://m.weibo.cn/u/7826304980?launchid=10000360-page_H5,"https://tvax1.sinaimg.cn/crop.0.0.1080.1080.180/008xEnruly8idfd4q9glxj30u00u0dh1.jpg?KID=imgbed,tva&Expires=1779553476&ssig=x5JXcaitfO",王濛pk萧蔷,search_contents_2026-05-23.csv,search_post,,浪姐队长秀赛制各位队长按照乘风值挑选对手组成三组pk队长solo秀输的三位姐姐要再一次站上pk台等21位媒体评委投票选出一位危险团目前王濛选择萧蔷对决大概率王濛胜出 ,True,False
5301819087259576,#秦海璐你头发沾上凉皮汁儿了#秦海璐也太接地气了，直播的时候一直和大家互动说粉丝先吃，凉皮沾到头发了也不知道和主角的剧情梦幻联动了，一起来期待今晚更新吧！ ,1779564436,2026-05-23 19:27:16+08:00,142,32,0,1779542745526,https://m.weibo.cn/detail/5301819087259576,北京,6006272791,雪樱紫薰,f,https://m.weibo.cn/u/6006272791?launchid=10000360-page_H5,"https://tvax3.sinaimg.cn/crop.0.0.1080.1080.180/006ytHVBly8ic0m1tmg3aj30u00u0q5u.jpg?KID=imgbed,tva&Expires=1779553539&ssig=Vd62%2B2rRhP",秦海璐你头发沾上凉皮汁儿了,search_contents_2026-05-23.csv,search_post,,秦海璐也太接地气了直播的时候一直和大家互动说粉丝先吃凉皮沾到头发了也不知道和主角的剧情梦幻联动了一起来期待今晚更新吧 ,True,False
5301691333476875,跟大家唠唠嗑～#见面吧星朋友#  秦海璐的微博直播 ,1779533976,2026-05-23 10:59:36+08:00,5217,8570,2125,1779542745532,https://m.weibo.cn/detail/5301691333476875,福建,1211710022,秦海璐,f,https://m.weibo.cn/u/1211710022?launchid=10000360-page_H5,"https://tvax4.sinaimg.cn/crop.0.0.512.512.180/001k0d82ly8gqq1kqeewnj60e80e8wen02.jpg?KID=imgbed,tva&Expires=1779553539&ssig=tRI9FoO24B",秦海璐你头发沾上凉皮汁儿了,search_contents_2026-05-23.csv,search_post,,跟大家唠唠嗑  秦海璐的微博直播 ,True,False
5301828436624243,#秦海璐你头发沾上凉皮汁儿了# 凉皮西施花姨上线！“戏台子上的金鼓玉嗓，都成了城墙下头的烟火气”，我们花姨和舅在低谷重逢了 双门一颗小趴菜的微博视频 ,1779566665,2026-05-23 20:04:25+08:00,188,29,10,1779542745536,https://m.weibo.cn/detail/5301828436624243,山东,6029699932,双门一颗小趴菜,f,https://m.weibo.cn/u/6029699932?launchid=10000360-page_H5,"https://tvax3.sinaimg.cn/crop.0.1.1080.1080.180/005BHmQ1ly8hc1s6t2d9gj30u00u0ac7.jpg?KID=imgbed,tva&Expires=1779553539&ssig=DqzyW7ufqF",秦海璐你头发沾上凉皮汁儿了,search_contents_2026-05-23.csv,search_post,, 凉皮西施花姨上线戏台子上的金鼓玉嗓都成了城墙下头的烟火气我们花姨和舅在低谷重逢了 双门一颗小趴菜的微博视频 ,True,False
5301826002881481,#秦海璐你头发沾上凉皮汁儿了#秦海璐在直播宣传剧吃凉皮时不小心把凉皮汁沾头发上了 好有活人感啊大家都来看《主角》 ,1779566085,2026-05-23 19:54:45+08:00,97,18,0,1779542745540,https://m.weibo.cn/detail/5301826002881481,陕西,6539010415,小猫亨叽叽,f,https://m.weibo.cn/u/6539010415?launchid=10000360-page_H5,"https://tvax4.sinaimg.cn/crop.0.0.1080.1080.180/0078x1jVly8idddvbjzwpj30u00u0765.jpg?KID=imgbed,tva&Expires=1779553539&ssig=ndp3Epfa9%2F",秦海璐你头发沾上凉皮汁儿了,search_contents_2026-05-23.csv,search_post,,秦海璐在直播宣传剧吃凉皮时不小心把凉皮汁沾头发上了 好有活人感啊大家都来看主角 ,True,False
5301815310812244,秦海璐现场太逗了，旁人直言你头发沾上凉皮汁儿了，突如其来的调侃超搞笑，瞬间打破严肃氛围，笑点直接拉满#秦海璐你头发沾上凉皮汁儿了# 梦诺2016的微博视频 ,1779563536,2026-05-23 19:12:16+08:00,196,34,7,1779542745544,https://m.weibo.cn/detail/5301815310812244,陕西,5825858256,梦诺2016,f,https://m.weibo.cn/u/5825858256?launchid=10000360-page_H5,"https://tvax1.sinaimg.cn/crop.0.0.1080.1080.180/006mgHRKly8id7dmv23cwj30u00u03zn.jpg?KID=imgbed,tva&Expires=1779553539&ssig=N7NVT7omf9",秦海璐你头发沾上凉皮汁儿了,search_contents_2026-05-23.csv,search_post,,秦海璐现场太逗了旁人直言你头发沾上凉皮汁儿了突如其来的调侃超搞笑瞬间打破严肃氛围笑点直接拉满 梦诺2016的微博视频 ,True,False
5301808998125225,#秦海璐你头发沾上凉皮汁儿了#今天看姐直播真的被可爱到了，为宣传新剧《主角》开启凉皮直播，吃得太过投入，手上沾满麻酱汁都没察觉。随手撩头发，直接把酱汁蹭到发梢，自己全程毫无察觉，顶着专属麻酱味发型继续忙活开工，呆萌模样趣味十足。她在《主角》里的演绎了也很精彩，她演的花彩香一点都不扁平，完全让人看到一个真正鲜活的秦腔名伶。自带戏曲功底加持，台上唱戏气场全开、傲气十足，台下待人处事又很真实通透，把梨园人的傲骨和温柔拿捏得刚刚好，细节感拉满。而且这个角色的成长弧光真的超动人，年轻的花彩香锋芒毕露、心气极高，一身本事桀骜又张扬。可在戏曲行业起起落落，经历过世事坎坷、人情冷暖之后，慢慢褪去了年少的尖锐莽撞，外表变得温和沉稳，但骨子里的热爱和底线从来没丢。从意气用事的小姑娘，沉淀成通透从容、坚守本心的梨园前辈，完整又真实的蜕变，被秦海璐演绎得淋漓尽致。#电视剧主角##跨界破圈热点共创##微博垂直热点造浪计划#  秦海璐你头发沾上凉皮汁儿了,1779562031,2026-05-23 18:47:11+08:00,75,40,0,1779542745549,https://m.weibo.cn/detail/5301808998125225,江苏,1909202661,源源和涵涵呀,f,https://m.weibo.cn/u/1909202661?luicode=20000061&lfid=5301808998125225&launchid=10000360-page_H5,"https://tvax4.sinaimg.cn/crop.0.0.1080.1080.180/71cc1ee5ly8iap3s0ea2lj20u00u041m.jpg?KID=imgbed,tva&Expires=1779553539&ssig=UeJtfOLOGx",秦海璐你头发沾上凉皮汁儿了,search_contents_2026-05-23.csv,search_post,,今天看姐直播真的被可爱到了为宣传新剧主角开启凉皮直播吃得太过投入手上沾满麻酱汁都没察觉随手撩头发直接把酱汁蹭到发梢自己全程毫无察觉顶着专属麻酱味发型继续忙活开工呆萌模样趣味十足她在主角里的演绎了也很精彩她演的花彩香一点都不扁平完全让人看到一个真正鲜活的秦腔名伶自带戏曲功底加持台上唱戏气场全开傲气十足台下待人处事又很真实通透把梨园人的傲骨和温柔拿捏得刚刚好细节感拉满而且这个角色的成长弧光真的超动人年轻的花彩香锋芒毕露心气极高一身本事桀骜又张扬可在戏曲行业起起落落经历过世事坎坷人情冷暖之后慢慢褪去了年少的尖锐莽撞外表变得温和沉稳但骨子里的热爱和底线从来没丢从意气用事的小姑娘沉淀成通透从容坚守本心的梨园前辈完整又真实的蜕变被秦海璐演绎得淋漓尽致  秦海璐你头发沾上凉皮汁儿了,True,False
5301807342688195,#秦海璐你头发沾上凉皮汁儿了##秦海璐直播# 哈哈这画面也太搞笑了，没想到姐姐还有这么接地气的一面，头发沾上凉皮汁儿莫名喜感，随性又可爱，氛围感直接拉满咯～ 小白娱时记的微博视频 ,1779561636,2026-05-23 18:40:36+08:00,18,7,0,1779542745553,https://m.weibo.cn/detail/5301807342688195,广东,7468374956,小白娱时记,f,https://m.weibo.cn/u/7468374956?launchid=10000360-page_H5,"https://tvax1.sinaimg.cn/crop.0.0.1079.1079.180/0089qxuAly8i7vkfydeyjj30tz0u0taw.jpg?KID=imgbed,tva&Expires=1779553539&ssig=edCdU6A74e",秦海璐你头发沾上凉皮汁儿了,search_contents_2026-05-23.csv,search_post,, 哈哈这画面也太搞笑了没想到姐姐还有这么接地气的一面头发沾上凉皮汁儿莫名喜感随性又可爱氛围感直接拉满咯 小白娱时记的微博视频 ,True,False
5301845767751534,我笑的好崩溃#秦海璐你头发沾上凉皮汁儿了# ,1779570797,2026-05-23 21:13:17+08:00,0,2,0,1779542745557,https://m.weibo.cn/detail/5301845767751534,山东,7730766652,芝罘湾初雪,f,https://m.weibo.cn/u/7730766652?launchid=10000360-page_H5,"https://tvax2.sinaimg.cn/crop.0.0.828.828.180/008rbvyIly8iczmb6h7m0j30n00n0jtu.jpg?KID=imgbed,tva&Expires=1779553539&ssig=pOVX0RPrvg",秦海璐你头发沾上凉皮汁儿了,search_contents_2026-05-23.csv,search_post,,我笑的好崩溃 ,True,False
5301835854255930,#成龙是有什么把柄在吴彤手上吗#网友调侃成龙有把柄落在吴彤手中，实则是趣味玩梗。成龙做客《国乐无双》首次跨界音综，观众本期待他演唱《男儿当自强》等经典硬汉金曲，他却出人意料演绎甜歌《小美满》，形象曲风反差十足。据悉录制期间成龙多次想更换曲目，导演吴彤坚持打破怀旧风格，打造差异化舞台。网友联想到腾格尔翻唱甜歌的过往名场面，戏称导演偏爱解锁硬汉柔情一面。观众对此看法两极，有人认可创新突破，也有人觉得风格适配度偏低。该说法并无真实依据，只是舞台反差催生的热议，成龙也以专业态度完成了本次表演。 成龙是有什么把柄在吴彤手上吗,1779568434,2026-05-23 20:33:54+08:00,47,37,0,1779542821152,https://m.weibo.cn/detail/5301835854255930,安徽,5763360074,顾双喆,m,https://m.weibo.cn/u/5763360074?luicode=20000061&lfid=5301835854255930&launchid=10000360-page_H5,"https://tvax4.sinaimg.cn/crop.0.0.1080.1080.180/006i2teyly8i9inyyj08aj30u00u0t9j.jpg?KID=imgbed,tva&Expires=1779553601&ssig=OHpYHr0Ykt",成龙是有什么把柄在吴彤手上吗,search_contents_2026-05-23.csv,search_post,,网友调侃成龙有把柄落在吴彤手中实则是趣味玩梗成龙做客国乐无双首次跨界音综观众本期待他演唱男儿当自强等经典硬汉金曲他却出人意料演绎甜歌小美满形象曲风反差十足据悉录制期间成龙多次想更换曲目导演吴彤坚持打破怀旧风格打造差异化舞台网友联想到腾格尔翻唱甜歌的过往名场面戏称导演偏爱解锁硬汉柔情一面观众对此看法两极有人认可创新突破也有人觉得风格适配度偏低该说法并无真实依据只是舞台反差催生的热议成龙也以专业态度完成了本次表演 成龙是有什么把柄在吴彤手上吗,True,False
5301834348761713,#成龙是有什么把柄在吴彤手上吗#哈哈哈哈哈哈哈哈哈哈哈成龙大哥千算万算也没算到综艺还有这一劫吧哈哈哈哈哈哈这下不止小狗会叫我也尖叫了啊啊啊啊啊啊啊#国乐无双# ,1779568075,2026-05-23 20:27:55+08:00,102,79,68,1779542821158,https://m.weibo.cn/detail/5301834348761713,江西,7399868061,明言明宝,m,https://m.weibo.cn/u/7399868061?launchid=10000360-page_H5,"https://tvax4.sinaimg.cn/crop.0.0.600.600.180/0084N5IFly8h3fa1in7s8j30go0go0th.jpg?KID=imgbed,tva&Expires=1779553601&ssig=MIeE4C9cj2",成龙是有什么把柄在吴彤手上吗,search_contents_2026-05-23.csv,search_post,,哈哈哈哈哈哈哈哈哈哈哈成龙大哥千算万算也没算到综艺还有这一劫吧哈哈哈哈哈哈这下不止小狗会叫我也尖叫了啊啊啊啊啊啊啊 ,True,False
5301826267644839,权志龙讲述成龙在聚会的时候和他说：男人不能过放荡的生活结果过了一会儿，成龙的座位上除了成龙都是女人#成龙是有什么把柄在吴彤手上吗##微博二创视频创作季##2026文娱明星视频激励计划# 小C带你瘦的微博视频 ,1779566148,2026-05-23 19:55:48+08:00,77,21,0,1779542821162,https://m.weibo.cn/detail/5301826267644839,辽宁,6764170629,小C带你瘦,f,https://m.weibo.cn/u/6764170629?launchid=10000360-page_H5,"https://tvax4.sinaimg.cn/crop.0.0.1080.1080.180/007nLLMhly8i3dssj81ugj30u00u0q8y.jpg?KID=imgbed,tva&Expires=1779553601&ssig=kQtpFQ%2BHyr",成龙是有什么把柄在吴彤手上吗,search_contents_2026-05-23.csv,search_post,,权志龙讲述成龙在聚会的时候和他说男人不能过放荡的生活结果过了一会儿成龙的座位上除了成龙都是女人 小C带你瘦的微博视频 ,True,False
5301806365151639,#成龙是有什么把柄在吴彤手上吗#哈哈哈哈哈哈哈哈哈哈哈哈哈我以为成龙第一次正儿八经上音综，不得来个《醉拳》《男儿当自强》……结果是《小美满》？？？？怪不得之前吴彤直播说，大哥又是要换歌，又是要退赛的🤣 们成龙大哥一个能打十个的硬汉，站在国乐舞台上唱：小狗在叫树叶会笑？？！！！吴彤你咋这样啊！！！#国乐无双#,1779561403,2026-05-23 18:36:43+08:00,770,55,43,1779542821166,https://m.weibo.cn/detail/5301806365151639,北京,6159487799,季风号苏打,f,https://m.weibo.cn/u/6159487799?luicode=20000061&lfid=5301806365151639&launchid=10000360-page_H5,"https://tvax4.sinaimg.cn/crop.0.0.500.500.180/006IQA9ply8hc1m5eh26hj30dw0dwjrt.jpg?KID=imgbed,tva&Expires=1779553605&ssig=Z%2B2osIZVlq",成龙是有什么把柄在吴彤手上吗,search_contents_2026-05-23.csv,search_post,,哈哈哈哈哈哈哈哈哈哈哈哈哈我以为成龙第一次正儿八经上音综不得来个醉拳男儿当自强结果是小美满怪不得之前吴彤直播说大哥又是要换歌又是要退赛的 们成龙大哥一个能打十个的硬汉站在国乐舞台上唱小狗在叫树叶会笑吴彤你咋这样啊,True,False
5301837202981334,#成龙是有什么把柄在吴彤手上吗#预想里都是热血豪迈金曲，结果唱起软糯《小美满》霸气硬汉唱起童真歌词画风违和又好笑难怪先前频频抗拒调整曲目，看来属实被吴彤稳稳拿捏住了，该说不说粤语版《小美满》真的好好听。 _Saorsa-的微博视频 ,1779568754,2026-05-23 20:39:14+08:00,49,10,0,1779542821169,https://m.weibo.cn/detail/5301837202981334,黑龙江,7441916820,_Saorsa-,f,https://m.weibo.cn/u/7441916820?launchid=10000360-page_H5,"https://tvax2.sinaimg.cn/crop.0.0.1080.1080.180/0087Dwwsly8i99z4e1lnkj30u00u0td0.jpg?KID=imgbed,tva&Expires=1779553601&ssig=VMXmGBfl8q",成龙是有什么把柄在吴彤手上吗,search_contents_2026-05-23.csv,search_post,,预想里都是热血豪迈金曲结果唱起软糯小美满霸气硬汉唱起童真歌词画风违和又好笑难怪先前频频抗拒调整曲目看来属实被吴彤稳稳拿捏住了该说不说粤语版小美满真的好好听 _Saorsa的微博视频 ,True,False
5301840151578454,#成龙是有什么把柄在吴彤手上吗#成龙唱粤语版《小美满》，自带岁月沉淀感，历经沧海 过后，把沧桑阅历都揉进歌声里，是历经千帆后的温柔释然，不刻意甜，却满是看淡世事的安稳与治愈，而周深原唱的《小美满》是少年纯粹、满眼童真，像无忧无虑的人间小欢喜，干净又灵动…#微博声浪计划##听见微博# 成龙是有什么把柄在吴彤手上吗 Keiko小姐_吃瓜中_乆浾的微博音频,1779569458,2026-05-23 20:50:58+08:00,24,2,0,1779542821174,https://m.weibo.cn/detail/5301840151578454,广东,1115620540,Keiko小姐_吃瓜中_乆浾,f,https://m.weibo.cn/u/1115620540?luicode=20000061&lfid=5301840151578454&launchid=10000360-page_H5,"https://tvax2.sinaimg.cn/crop.0.0.747.747.180/427f04bcly8iddhrtvfs0j20kr0krq41.jpg?KID=imgbed,tva&Expires=1779553608&ssig=3iqADpwi1u",成龙是有什么把柄在吴彤手上吗,search_contents_2026-05-23.csv,search_post,,成龙唱粤语版小美满自带岁月沉淀感历经沧海 过后把沧桑阅历都揉进歌声里是历经千帆后的温柔释然不刻意甜却满是看淡世事的安稳与治愈而周深原唱的小美满是少年纯粹满眼童真像无忧无虑的人间小欢喜干净又灵动 成龙是有什么把柄在吴彤手上吗 Keiko小姐_吃瓜中_乆浾的微博音频,True,False
5301835063889422,#成龙是有什么把柄在吴彤手上吗##国乐无双#过往影视作品配乐都尽显大气磅礴，突然切换轻松灵动的演唱风格，这般舞台表现给观众带来了全新的感官体验！ ,1779568245,2026-05-23 20:30:45+08:00,13,0,0,1779542821178,https://m.weibo.cn/detail/5301835063889422,河北,6994725773,追瓜,f,https://m.weibo.cn/u/6994725773?launchid=10000360-page_H5,"https://tvax4.sinaimg.cn/crop.0.0.512.512.180/007Dn9HDly8gqlh2i1pobj30e80e8aai.jpg?KID=imgbed,tva&Expires=1779553601&ssig=22ieCyyQvz",成龙是有什么把柄在吴彤手上吗,search_contents_2026-05-23.csv,search_post,,过往影视作品配乐都尽显大气磅礴突然切换轻松灵动的演唱风格这般舞台表现给观众带来了全新的感官体验 ,True,False
5301845322896125,#成龙是有什么把柄在吴彤手上吗#啊啊啊啊啊其实成龙大哥和小美满这首歌也不算特别不搭吧 因为成龙大哥一直都是很温暖的形象呀🥺 唱的很好很温暖！粤语版挺好听的耶！ ,1779570691,2026-05-23 21:11:31+08:00,29,13,0,1779542821182,https://m.weibo.cn/detail/5301845322896125,江苏,5892631229,肉嘟嘟_li,f,https://m.weibo.cn/u/5892631229?launchid=10000360-page_H5,"https://tvax2.sinaimg.cn/crop.0.0.512.512.180/006qMSzbly8hokju5zukmj30e80e8dgc.jpg?KID=imgbed,tva&Expires=1779553601&ssig=DnWnp%2BFuMx",成龙是有什么把柄在吴彤手上吗,search_contents_2026-05-23.csv,search_post,,啊啊啊啊啊其实成龙大哥和小美满这首歌也不算特别不搭吧 因为成龙大哥一直都是很温暖的形象呀 唱的很好很温暖粤语版挺好听的耶 ,True,False
5301552413148559,“不上班的人都在干嘛”“靠一对善良的夫妇救济”反应了两秒然后哈哈哈哈哈哈哈哈哈哈哈哈 ,1779500856,2026-05-23 01:47:36+08:00,14541,290,554,1779543351030,https://m.weibo.cn/detail/5301552413148559,北京,1218346612,芒果妈妈,f,https://m.weibo.cn/u/1218346612?launchid=10000360-page_H5,"https://tvax3.sinaimg.cn/crop.0.0.1080.1080.180/001ks3BOly8h8ug2u3zumj60u00u0wf602.jpg?KID=imgbed,tva&Expires=1779554141&ssig=ebvQD9QIeV",不上班靠一对善良的夫妇救济,search_contents_2026-05-23.csv,search_post,,不上班的人都在干嘛靠一对善良的夫妇救济反应了两秒然后哈哈哈哈哈哈哈哈哈哈哈哈 ,True,False
5301752197024617,#不上班靠一对善良的夫妇救济#又名为“年轻人的躺平生活” 兔兔草莓酱JC-T的微博视频 ,1779548488,2026-05-23 15:01:28+08:00,79,8,3,1779543351039,https://m.weibo.cn/detail/5301752197024617,山东,5566686912,兔兔草莓酱JC-T,f,https://m.weibo.cn/u/5566686912?launchid=10000360-page_H5,"https://tvax2.sinaimg.cn/crop.0.0.1024.1024.180/0064JfyMly8i8dsoaile0j30sg0sgwfo.jpg?KID=imgbed,tva&Expires=1779554141&ssig=Jiuw3yrPR5",不上班靠一对善良的夫妇救济,search_contents_2026-05-23.csv,search_post,,又名为年轻人的躺平生活 兔兔草莓酱JCT的微博视频 ,True,False
5301760159913092,#不上班靠一对善良的夫妇救济#无业游民靠什么生活？我：一对好心但脾气火爆的夫妇接济哈哈哈🤣 ,1779550387,2026-05-23 15:33:07+08:00,590,16,18,1779543351047,https://m.weibo.cn/detail/5301760159913092,上海,3117570087,猹猹末班车,m,https://m.weibo.cn/u/3117570087?launchid=10000360-page_H5,"https://tvax2.sinaimg.cn/crop.0.0.1080.1080.180/b9d25827ly8i7bi3juzubj20u00u0gob.jpg?KID=imgbed,tva&Expires=1779554141&ssig=BFp%2FSQd7LG",不上班靠一对善良的夫妇救济,search_contents_2026-05-23.csv,search_post,,无业游民靠什么生活我一对好心但脾气火爆的夫妇接济哈哈哈 ,True,False
5301763888383861,谢谢有被笑到！哦哦原来不早说是啃老呀工作后经常思考一个问题：父母到底哪来那么多钱，把我养这么大的#不上班靠一对善良的夫妇救济# ,1779551276,2026-05-23 15:47:56+08:00,179,20,1,1779543351056,https://m.weibo.cn/detail/5301763888383861,江苏,6539010415,小猫亨叽叽,f,https://m.weibo.cn/u/6539010415?launchid=10000360-page_H5,"https://tvax4.sinaimg.cn/crop.0.0.1080.1080.180/0078x1jVly8idddvbjzwpj30u00u0765.jpg?KID=imgbed,tva&Expires=1779554141&ssig=unasJ32h8C",不上班靠一对善良的夫妇救济,search_contents_2026-05-23.csv,search_post,,谢谢有被笑到哦哦原来不早说是啃老呀工作后经常思考一个问题父母到底哪来那么多钱把我养这么大的 ,True,False
5301782239515278,#不上班靠一对善良的夫妇救济#2026年五月下旬，一则趣味自嘲文案悄然走红微博，一跃成为全网热议的网络热梗，戳中无数当代年轻人的内心。这句爆火的话语出自普通网友的日常感慨，网友以目前处于失业状态，靠着一对心地善良的夫妇收留接济生活，轻松描述当下窘迫的经济处境。巧妙地将默默付出的父母，戏称为陌生的好心夫妇，把平日里接受家人帮扶的状态，换了一种风趣委婉的说法，极大弱化了传统认知里啃老自带的负面标签与尴尬羞耻感。这般别具一格的表达方式，一经发出便迅速收获超高关注度，单条相关评论斩获一万三千余次点赞。不少网友纷纷留言调侃，换个说辞之后，心里再也没有啃老的别扭感，只剩下被善意照料的踏实。热梗出圈的背后，其实藏着当下年轻人真实的生活现状与内心情绪。面对就业竞争压力、职场不确定性，不少人暂时停下奔波的脚步，暂时依靠家人支撑度过低谷期。用幽默自嘲消解内心焦虑，用趣味话术化解世俗眼光带来的局促。看似玩梗打趣，实则是年轻人与生活压力的温柔和解。我们都心知肚明，这对口中善良的夫妇，从来不是萍水相逢的路人，而是无条件包容我们、永远甘愿做我们坚实后盾的父母。这份藏在调侃里的底气，也是疲惫生活里最安稳的归宿。#微博声浪计划##听见微博#  柠檬茶-妍的微博音频,1779555651,2026-05-23 17:00:51+08:00,102,0,0,1779543351062,https://m.weibo.cn/detail/5301782239515278,安徽,7736992351,柠檬茶-妍,f,https://m.weibo.cn/u/7736992351?luicode=20000061&lfid=5301782239515278&launchid=10000360-page_H5,"https://tvax3.sinaimg.cn/crop.0.0.768.768.180/008rBD9dly8i6lk7udvafj30lc0lcq4a.jpg?KID=imgbed,tva&Expires=1779554141&ssig=vXbBD3g16D",不上班靠一对善良的夫妇救济,search_contents_2026-05-23.csv,search_post,,2026年五月下旬一则趣味自嘲文案悄然走红微博一跃成为全网热议的网络热梗戳中无数当代年轻人的内心这句爆火的话语出自普通网友的日常感慨网友以目前处于失业状态靠着一对心地善良的夫妇收留接济生活轻松描述当下窘迫的经济处境巧妙地将默默付出的父母戏称为陌生的好心夫妇把平日里接受家人帮扶的状态换了一种风趣委婉的说法极大弱化了传统认知里啃老自带的负面标签与尴尬羞耻感这般别具一格的表达方式一经发出便迅速收获超高关注度单条相关评论斩获一万三千余次不少网友纷纷留言调侃换个说辞之后心里再也没有啃老的别扭感只剩下被善意照料的踏实热梗出圈的背后其实藏着当下年轻人真实的生活现状与内心情绪面对就业竞争压力职场不确定性不少人暂时停下奔波的脚步暂时依靠家人支撑度过低谷期用幽默自嘲消解内心焦虑用趣味话术化解世俗眼光带来的局促看似玩梗打趣实则是年轻人与生活压力的温柔和解我们都心知肚明这对口中善良的夫妇从来不是萍水相逢的路人而是无条件包容我们永远甘愿做我们坚实后盾的父母这份藏在调侃里的底气也是疲惫生活里最安稳的归宿  柠檬茶妍的微博音频,True,False
5301753551785084,#不上班靠一对善良的夫妇救济#身处困境有幸遇上善心夫妇出手帮扶，这份善意格外珍贵。生活总有起落，也愿当事人早日振作起来，靠自己努力稳住生活，不辜负这份暖心善意。 ,1779548811,2026-05-23 15:06:51+08:00,37,0,0,1779543351066,https://m.weibo.cn/detail/5301753551785084,河南,7859711655,尼浩烦,f,https://m.weibo.cn/u/7859711655?launchid=10000360-page_H5,"https://tvax1.sinaimg.cn/crop.0.0.1080.1080.180/008zUy2Ply8hz09rsdjlmj30u00u0q5f.jpg?KID=imgbed,tva&Expires=1779554141&ssig=aaH1Z7ZkSg",不上班靠一对善良的夫妇救济,search_contents_2026-05-23.csv,search_post,,身处困境有幸遇上善心夫妇出手帮扶这份善意格外珍贵生活总有起落也愿当事人早日振作起来靠自己努力稳住生活不辜负这份暖心善意 ,True,False
5301759606264036,昨天晚上天气太热，于是开了空调，结果半夜发现弟弟哭闹，一模全身的汗，原来是空调虽然运行着，却没有制冷。最后没办法，紧急搬来风扇，折腾快一个小时才睡下。今天八点两个娃准时开机，一上午带娃，顺带接了30个电话（包括我打出去的），下午决定乖乖来单位加班了。#不上班靠一对善良的夫妇救济#我也好想有人救济啊！不上班靠一对善良的夫妇救济 小兔纸emma的微博视频,1779550255,2026-05-23 15:30:55+08:00,25,21,0,1779543351070,https://m.weibo.cn/detail/5301759606264036,福建,1622265993,小兔纸emma,m,https://m.weibo.cn/u/1622265993?luicode=20000061&lfid=5301759606264036&launchid=10000360-page_H5,"https://tvax4.sinaimg.cn/crop.0.0.1080.1080.180/60b1d089ly8i6n9ublw0bj20u00u0tae.jpg?KID=imgbed,tva&Expires=1779554145&ssig=i5RhcyaMrc",不上班靠一对善良的夫妇救济,search_contents_2026-05-23.csv,search_post,,昨天晚上天气太热于是开了空调结果半夜发现弟弟哭闹一模全身的汗原来是空调虽然运行着却没有制冷最后没办法紧急搬来风扇折腾快一个小时才睡下今天八点两个娃准时开机一上午带娃顺带接了30个电话包括我打出去的下午决定乖乖来单位加班了我也好想有人救济啊不上班靠一对善良的夫妇救济 小兔纸emma的微博视频,True,False
5301752922636422,不上班靠一对善良的夫妇救济说白了就是全职啃爸妈版😂不上班全靠家里两位慈善家持续投喂生活费按时到账，情绪稳定供应主打一个被亲生父母长期扶贫，摆烂心安理得～ ,1779548660,2026-05-23 15:04:20+08:00,60,30,2,1779543351073,https://m.weibo.cn/detail/5301752922636422,内蒙古,5238542198,山川共平,f,https://m.weibo.cn/u/5238542198?launchid=10000360-page_H5,"https://tvax3.sinaimg.cn/crop.0.0.1080.1080.180/005Iwo86ly8ib2uler7nej30u00u0jw5.jpg?KID=imgbed,tva&Expires=1779554141&ssig=%2F51uTXAVGu",不上班靠一对善良的夫妇救济,search_contents_2026-05-23.csv,search_post,,不上班靠一对善良的夫妇救济说白了就是全职啃爸妈版不上班全靠家里两位慈善家持续投喂生活费按时到账情绪稳定供应主打一个被亲生父母长期扶贫摆烂心安理得 ,True,False
5301842498293567,女孩，眼泪是珍珠 #张月好适合野心家# #浪姐直播# ,1779570018,2026-05-23 21:00:18+08:00,301,29,36,1779543433544,https://m.weibo.cn/detail/5301842498293567,四川,1778113132,请你吃垃圾,f,https://m.weibo.cn/u/1778113132?launchid=10000360-page_H5,"https://tvax3.sinaimg.cn/crop.0.0.1080.1080.180/69fbda6cly8gqju8wqdojj20u00u0taf.jpg?KID=imgbed,tva&Expires=1779554227&ssig=0Gil6%2BUDVU",张月好适合野心家,search_contents_2026-05-23.csv,search_post,,女孩眼泪是珍珠   ,True,False
5301844281657837,#张月好适合野心家#张月好适合野心家，这歌真的不好唱，张月完成的很不错。昨天凑热闹，今天野心家，两首完全不一样风格的舞台都很棒，张月还是太强了 ,1779570443,2026-05-23 21:07:23+08:00,262,36,0,1779543433548,https://m.weibo.cn/detail/5301844281657837,甘肃,7416349589,池恩里里,f,https://m.weibo.cn/u/7416349589?launchid=10000360-page_H5,"https://tvax1.sinaimg.cn/crop.0.0.1080.1080.180/0085UfjLly8idbccy6047j30u00u0gn3.jpg?KID=imgbed,tva&Expires=1779554227&ssig=l9BuFnSpfW",张月好适合野心家,search_contents_2026-05-23.csv,search_post,,张月好适合野心家这歌真的不好唱张月完成的很不错昨天凑热闹今天野心家两首完全不一样风格的舞台都很棒张月还是太强了 ,True,False
5301840193262422,张月把大家都唱哭了，面对自己队友侯宇淘汰危险待定，张月也是拼了，她的实力真配得上这首《野心家》 #张月好适合野心家# 大哥大剧综的微博视频  ,1779569468,2026-05-23 20:51:08+08:00,143,18,5,1779543433551,https://m.weibo.cn/detail/5301840193262422,湖北,7028044556,大哥大剧综,m,https://m.weibo.cn/u/7028044556?launchid=10000360-page_H5,"https://tvax1.sinaimg.cn/crop.0.0.1080.1080.180/007FCXrmly8id8eqebevuj30u00u0q5i.jpg?KID=imgbed,tva&Expires=1779554227&ssig=bELkOMdJlr",张月好适合野心家,search_contents_2026-05-23.csv,search_post,,张月把大家都唱哭了面对自己队友侯宇淘汰危险待定张月也是拼了她的实力真配得上这首野心家  大哥大剧综的微博视频  ,True,False
5301826371195161,张月 🩵#张月乘风2026#🌙#张月好适合野心家# 这个眼神给我帅哭了 完全契合野心家这首歌@张月YueZhang ,1779566173,2026-05-23 19:56:13+08:00,745,37,8,1779543433555,https://m.weibo.cn/detail/5301826371195161,安徽,6933921868,加个荷包蛋__,m,https://m.weibo.cn/u/6933921868?launchid=10000360-page_H5,"https://tvax4.sinaimg.cn/crop.0.0.1080.1080.180/007zg1Puly8icmslcsei5j30u00u079z.jpg?KID=imgbed,tva&Expires=1779554227&ssig=IrgHh4GT4B",张月好适合野心家,search_contents_2026-05-23.csv,search_post,,张月  这个眼神给我帅哭了 完全契合野心家这首歌 ,True,False
5301847193029768,#张月好适合野心家#张月 张靓颖粉丝向张月姐姐发来贺电@张月YueZhang 野心家真的燃爆、让21年凉粉看到了和珍姐一样的态度和不认输的性格、高分实至名归、张月你很棒、不需要在乎别人说什么 不被人妒是庸才、你珍姐也是黑子碎嘴里腥风血雨杀出来的、你们都是有种的女人另外昨天凑热闹舞台我心里是第一、by5全员安全没毛病！,1779571137,2026-05-23 21:18:57+08:00,203,72,1,1779543433560,https://m.weibo.cn/detail/5301847193029768,湖北,2435206860,张宝宝WanAn,f,https://m.weibo.cn/u/2435206860?luicode=20000061&lfid=5301847193029768&launchid=10000360-page_H5,"https://tvax3.sinaimg.cn/crop.0.0.1242.1242.180/91264eccly8fvob2lks33j20yi0yijwu.jpg?KID=imgbed,tva&Expires=1779554227&ssig=cP29G7F6DU",张月好适合野心家,search_contents_2026-05-23.csv,search_post,,张月 张靓颖粉丝向张月姐姐发来贺电 野心家真的燃爆让21年凉粉看到了和珍姐一样的态度和不认输的性格高分实至名归张月你很棒不需要在乎别人说什么 不被人妒是庸才你珍姐也是黑子碎嘴里腥风血雨杀出来的你们都是有种的女人另外昨天凑热闹舞台我心里是第一by5全员安全没毛病,True,False
5301851273567005,张月  🩵#张月好适合野心家# -想赢的人是没有笑容的给我看哭了@张月YueZhang ,1779572110,2026-05-23 21:35:10+08:00,15,0,0,1779543433563,https://m.weibo.cn/detail/5301851273567005,山东,1801007887,甜甜诗宝,f,https://m.weibo.cn/u/1801007887?launchid=10000360-page_H5,"https://tvax3.sinaimg.cn/crop.0.0.1080.1080.180/6b59330fly8h8iwl2ivc3j20u00u0mz9.jpg?KID=imgbed,tva&Expires=1779554227&ssig=mylmiDYWth",张月好适合野心家,search_contents_2026-05-23.csv,search_post,,张月   想赢的人是没有笑容的给我看哭了 ,True,False
5301851236862612,#张月好适合野心家#张月 真的给我看爽了啊，作为张靓颖11年粉丝，近期又喜欢上月月，谁懂啊我一直在哭泣是喜悦的眼泪昨天气的睡不着觉，张月月就是争气啊，这个张月全肯定！！！ ,1779572101,2026-05-23 21:35:01+08:00,13,1,0,1779543433565,https://m.weibo.cn/detail/5301851236862612,河北,6086509669,宥见月圆,f,https://m.weibo.cn/u/6086509669?launchid=10000360-page_H5,"https://tvax3.sinaimg.cn/crop.0.0.942.942.180/006DUncNly8h97nuy71hrj30q60q6jt3.jpg?KID=imgbed,tva&Expires=1779554227&ssig=i5XZO5YlN6",张月好适合野心家,search_contents_2026-05-23.csv,search_post,,张月 真的给我看爽了啊作为张靓颖11年粉丝近期又喜欢上月月谁懂啊我一直在哭泣是喜悦的眼泪昨天气的睡不着觉张月月就是争气啊这个张月全肯定 ,True,False
5301851093992044,#张月好适合野心家#小演员怎么就不配成为野心家，恍然间有一种同情，今天真的很值得！！！分可以更高一些的！！！ ,1779572066,2026-05-23 21:34:26+08:00,16,0,0,1779543433570,https://m.weibo.cn/detail/5301851093992044,上海,3828012891,Nowhere_tohide希叽,m,https://m.weibo.cn/u/3828012891?launchid=10000360-page_H5,"https://tvax3.sinaimg.cn/crop.14.0.1213.1213.180/e42ad75bly8fiilagjitqj20yi0xpdjq.jpg?KID=imgbed,tva&Expires=1779554227&ssig=RhD2XUAN8G",张月好适合野心家,search_contents_2026-05-23.csv,search_post,,小演员怎么就不配成为野心家恍然间有一种同情今天真的很值得分可以更高一些的 ,True,False
5301756117385764,【#山西留神峪煤矿内部画面#】#山西煤矿事故已致90人死亡# 昨晚，山西省沁源县通洲集团留神峪煤矿发生瓦斯爆炸。记者在留神峪煤矿的调度中心看到，大屏幕上显示着事故发生时间的井下画面↓↓（总台记者宋云屹 刘屿） 央视新闻的微博视频 ,1779549423,2026-05-23 15:17:03+08:00,4243,407,359,1779543534389,https://m.weibo.cn/detail/5301756117385764,,2656274875,央视新闻,m,https://m.weibo.cn/u/2656274875?launchid=10000360-page_H5,"https://tvax4.sinaimg.cn/crop.0.0.690.690.180/002TLsr9ly8iakuy3heb6j60j60j6wex02.jpg?KID=imgbed,tva&Expires=1779554311&ssig=Duxnfan2eh",山西留神峪煤矿内部画面,search_contents_2026-05-23.csv,search_post,白名单账号, 昨晚山西省沁源县通洲集团留神峪煤矿发生瓦斯爆炸记者在留神峪煤矿的调度中心看到大屏幕上显示着事故发生时间的井下画面总台记者宋云屹 刘屿 央视新闻的微博视频 ,True,False
5301786702776723,#山西留神峪煤矿内部画面#调度中心大屏幕上显示着事故发生时间的井下画面。前方记者采访一名矿工了解到：矿上系三班倒作业，当时是中班矿工下矿时间，现场已拉起警戒线，当地矿工主要是沁源和沁县人。另一名负责电力的矿工告诉记者，他的两名下矿朋友上早班躲过一劫。目前，搜救仍在进行中。九十条生命骤然逝去，漠视安全屡罚不改酿成悲剧，愿追责到位，再也没有血泪换来的教训... 鱼老斯Leetime的微博视频,1779556715,2026-05-23 17:18:35+08:00,149,44,16,1779543534393,https://m.weibo.cn/detail/5301786702776723,广东,3099488525,鱼老斯Leetime,m,https://m.weibo.cn/u/3099488525?luicode=20000061&lfid=5301786702776723&launchid=10000360-page_H5,"https://tvax3.sinaimg.cn/crop.0.1.1078.1078.180/b8be710dly8i89uzot8h4j20ty0u0n0d.jpg?KID=imgbed,tva&Expires=1779554311&ssig=mZ5oK5SBKA",山西留神峪煤矿内部画面,search_contents_2026-05-23.csv,search_post,,调度中心大屏幕上显示着事故发生时间的井下画面前方记者采访一名矿工了解到矿上系三班倒作业当时是中班矿工下矿时间现场已拉起警戒线当地矿工主要是沁源和沁县人另一名负责电力的矿工告诉记者他的两名下矿朋友上早班躲过一劫目前搜救仍在进行中九十条生命骤然逝去漠视安全屡罚不改酿成悲剧愿追责到位再也没有血泪换来的教训 鱼老斯Leetime的微博视频,True,False
5301779606274976,#山西留神峪煤矿内部画面#国外发布的煤矿井下第一视角，光是看着画面就让人心惊不已。这份工作日复一日都伴随着风险，日常作业始终让人悬着心。向每一位坚守高危岗位的劳动者致敬 1991AG7的微博视频  ,1779555023,2026-05-23 16:50:23+08:00,219,57,19,1779543534396,https://m.weibo.cn/detail/5301779606274976,广东,7498159071,1991AG7,m,https://m.weibo.cn/u/7498159071?launchid=10000360-page_H5,"https://tvax1.sinaimg.cn/crop.0.0.1024.1024.180/008brvHxly8i32fuz7a7sj30sg0sg0ux.jpg?KID=imgbed,tva&Expires=1779554311&ssig=r%2BfmpAFBT7",山西留神峪煤矿内部画面,search_contents_2026-05-23.csv,search_post,,国外发布的煤矿井下第一视角光是看着画面就让人心惊不已这份工作日复一日都伴随着风险日常作业始终让人悬着心向每一位坚守高危岗位的劳动者致敬 1991AG7的微博视频  ,True,False
5301771251223856,#山西留神峪煤矿内部画面#煤矿内类似工作环境（视频与本案无关）揪心！山西留神峪煤矿内部画面曝光，每一幕都令人心碎当冰冷的监控画面被公之于众，这场矿难的残酷与绝望，再也无从掩饰。这是山西沁源留神峪煤矿调度中心的大屏，定格在5月22日19时29分——瓦斯爆炸发生的瞬间。画面里，井下巷道在冲击下剧烈震颤，浓烟瞬间吞噬通道，能见度骤降为零。前一秒还在有序作业的247名矿工，下一秒就被黑暗、毒烟与恐慌吞噬。幸存矿工的回忆更让人脊背发凉：“没听见巨响，只闻到像放炮的硫磺味，跑着跑着就晕了过去，醒来四周一片漆黑……”井下-420米至-650米的五条巷道，曾是他们谋生的岗位，此刻却成了夺命之地。爆炸掀翻防爆门、堵死逃生口，通讯中断、设备瘫痪，黑暗中只剩下绝望的摸索与呼救。地面上，救援人员身着防护服、携带装备，争分夺秒冲向井口，与时间赛跑搜救生命。截至目前，事故已致90人遇难，90个家庭瞬间崩塌。那些画面里看不到的，是遇难者身后白发的父母、等待的妻儿，是再也无法团圆的家。安全生产从不是空话，每一次侥幸、每一处隐患，都可能以生命为代价。这组内部画面，是警示，更是拷问：何时才能真正守住底线，让每一位矿工都能平安下井、平安回家？默哀，愿逝者安息；警醒，愿悲剧不再重演。🙏山西留神峪煤矿内部画面 #一分钟精选视频扶持计划##专业视频创作季# 财凌宝的微博视频,1779553031,2026-05-23 16:17:11+08:00,158,112,13,1779543534400,https://m.weibo.cn/detail/5301771251223856,福建,2298928547,财凌宝,m,https://m.weibo.cn/u/2298928547?luicode=20000061&lfid=5301771251223856&launchid=10000360-page_H5,"https://tvax1.sinaimg.cn/crop.0.0.1080.1080.180/8906dda3ly8i0nkodqnulj20u00u0jv9.jpg?KID=imgbed,tva&Expires=1779554315&ssig=7GxXmgrp5n",山西留神峪煤矿内部画面,search_contents_2026-05-23.csv,search_post,,煤矿内类似工作环境视频与本案无关揪心山西留神峪煤矿内部画面曝光每一幕都令人心碎当冰冷的监控画面被公之于众这场矿难的残酷与绝望再也无从掩饰这是山西沁源留神峪煤矿调度中心的大屏定格在5月22日19时29分瓦斯爆炸发生的瞬间画面里井下巷道在冲击下剧烈震颤浓烟瞬间吞噬通道能见度骤降为零前一秒还在有序作业的247名矿工下一秒就被黑暗毒烟与恐慌吞噬幸存矿工的回忆更让人脊背发凉没听见巨响只闻到像放炮的硫磺味跑着跑着就晕了过去醒来四周一片漆黑井下420米至650米的五条巷道曾是他们谋生的岗位此刻却成了夺命之地爆炸掀翻防爆门堵死逃生口通讯中断设备瘫痪黑暗中只剩下绝望的摸索与呼救地面上救援人员身着防护服携带装备争分夺秒冲向井口与时间赛跑搜救生命截至目前事故已致90人遇难90个家庭瞬间崩塌那些画面里看不到的是遇难者身后白发的父母等待的妻儿是再也无法团圆的家安全生产从不是空话每一次侥幸每一处隐患都可能以生命为代价这组内部画面是警示更是拷问何时才能真正守住底线让每一位矿工都能平安下井平安回家默哀愿逝者安息警醒愿悲剧不再重演山西留神峪煤矿内部画面  财凌宝的微博视频,True,False
5301829112171787,#山西留神峪煤矿内部画面#留神峪煤矿事故受伤矿工：闻到和放炮一样的味道，晕了一个多小时，涉事煤矿去年两次因安全问题被罚   山西留神峪煤矿瓦斯爆炸事故不仅是一起令人痛心的孤立灾难，更是近十几年来中国安全生产领域最严重的警钟。它的90人遇难数字，无论与过去十几年的矿难记录相比，还是放在整个生产安全行业来看，都是一个极端惨重的案例   2026年5月22日19时29分，山西沁源县通洲集团留神峪煤矿发生瓦斯爆炸事故，事故造成重大人员伤亡。企查查信息显示，山西通洲集团留神峪煤业有限公司成立于2010年8月，法定代表人为续世明，注册资本12200万元。资料显示，该公司隶属于山西通洲煤焦集团股份有限公司。  另据企查查，该公司2025年两次因为安全问题被行政处罚。2025年12月3日，山西通洲集团留神峪煤业有限公司曾被沁源县应急管理局行政处罚2万元，事由为1.三采区轨道下山猴车急停保护拉线在37#、117#、127#等多处地点吊挂在电缆钩上被电缆压住，且猴车上人员无法拉到，急停保护不起作用。2.2311轨道顺槽口顶板破碎，无补强支护措施。   2025年7月13日，该公司因部分工人未穿戴有反光标识的工作服入井被行政处罚3万元。2024年国家矿山安全监察局曾公布“全国灾害严重生产煤矿名单”，山西通洲集团留神峪煤业有限公司位于名单上，煤矿类型为“乡镇煤矿”，主要灾害类型为“高瓦斯”。而此次事故正是瓦斯爆炸。#山西煤矿事故已致90人死亡##跨界破圈热点共创##微博垂直热点造浪计划##一分钟精选视频扶持计划# 若水守静的微博视频,1779566826,2026-05-23 20:07:06+08:00,154,22,1,1779543534403,https://m.weibo.cn/detail/5301829112171787,安徽,7287365576,若水守静,f,https://m.weibo.cn/u/7287365576?luicode=20000061&lfid=5301829112171787&launchid=10000360-page_H5,"https://tvax4.sinaimg.cn/crop.0.0.1080.1080.180/007Xb2Gsly8i9cw442kfuj30u00u0wh4.jpg?KID=imgbed,tva&Expires=1779554318&ssig=hQ4%2BbguVJi",山西留神峪煤矿内部画面,search_contents_2026-05-23.csv,search_post,,留神峪煤矿事故受伤矿工闻到和放炮一样的味道晕了一个多小时涉事煤矿去年两次因安全问题被罚   山西留神峪煤矿瓦斯爆炸事故不仅是一起令人痛心的孤立灾难更是近十几年来中国安全生产领域最严重的警钟它的90人遇难数字无论与过去十几年的矿难记录相比还是放在整个生产安全行业来看都是一个极端惨重的案例   2026年5月22日19时29分山西沁源县通洲集团留神峪煤矿发生瓦斯爆炸事故事故造成重大人员伤亡企查查信息显示山西通洲集团留神峪煤业有限公司成立于2010年8月法定代表人为续世明注册资本12200万元资料显示该公司隶属于山西通洲煤焦集团股份有限公司  另据企查查该公司2025年两次因为安全问题被行政处罚2025年12月3日山西通洲集团留神峪煤业有限公司曾被沁源县应急管理局行政处罚2万元事由为1三采区轨道下山猴车急停保护拉线在37127山西煤矿事故已致90人死亡 若水守静的微博视频,True,False
5301788032369651,#山西留神峪煤矿内部画面#你知道矿井里是什么样吗，知道矿工是怎么把煤运上来的吗，一条视频带你了解 远处守护你的微博视频 ,1779557032,2026-05-23 17:23:52+08:00,129,19,0,1779543534408,https://m.weibo.cn/detail/5301788032369651,天津,5818823863,远处守护你,f,https://m.weibo.cn/u/5818823863?launchid=10000360-page_H5,"https://tvax2.sinaimg.cn/crop.0.0.1080.1080.180/006lNbTNly8ibmr4prb7sj30u00u0abq.jpg?KID=imgbed,tva&Expires=1779554311&ssig=OlfjimieVx",山西留神峪煤矿内部画面,search_contents_2026-05-23.csv,search_post,,你知道矿井里是什么样吗知道矿工是怎么把煤运上来的吗一条视频带你了解 远处守护你的微博视频 ,True,False
5301777714643029,【#留神峪煤矿给出的图纸与实际不符#】#山西煤矿爆炸点附近出现积水# #山西留神峪煤矿内部画面# 昨晚，山西留神峪煤矿发生瓦斯爆炸。目前，爆炸点附近出现了积水，救援人员正在紧急制定新的救援方案。记者了解到，留神峪煤矿给出的图纸与实际不符，救援人员只能一个个巷道进行搜救。 央视新闻的微博视频,1779554571,2026-05-23 16:42:51+08:00,34365,1659,2111,1779543534409,https://m.weibo.cn/detail/5301777714643029,,2656274875,央视新闻,m,https://m.weibo.cn/u/2656274875?luicode=20000061&lfid=5301777714643029&launchid=10000360-page_H5,"https://tvax4.sinaimg.cn/crop.0.0.690.690.180/002TLsr9ly8iakuy3heb6j60j60j6wex02.jpg?KID=imgbed,tva&Expires=1779554321&ssig=wJKITJkfJd",山西留神峪煤矿内部画面,search_contents_2026-05-23.csv,search_post,白名单账号,  昨晚山西留神峪煤矿发生瓦斯爆炸目前爆炸点附近出现了积水救援人员正在紧急制定新的救援方案记者了解到留神峪煤矿给出的图纸与实际不符救援人员只能一个个巷道进行搜救 央视新闻的微博视频,True,False
5301799851919535,#山西留神峪煤矿内部画面#  该煤矿的管理者，监管者，这次要付出大的代价了。 ,1779559850,2026-05-23 18:10:50+08:00,322,163,51,1779543534413,https://m.weibo.cn/detail/5301799851919535,广东,1746575865,互联网俊明说,m,https://m.weibo.cn/u/1746575865?launchid=10000360-page_H5,"https://tvax1.sinaimg.cn/crop.0.0.600.600.180/001Ucsatly8huu39lqdfrj60go0goaak02.jpg?KID=imgbed,tva&Expires=1779554311&ssig=ZQLY7MJ%2FHf",山西留神峪煤矿内部画面,search_contents_2026-05-23.csv,search_post,,  该煤矿的管理者监管者这次要付出大的代价了 ,True,False
5301839886293856,#浪姐直播#所有人都挂电只骂张月也太搞笑了 ,1779569395,2026-05-23 20:49:55+08:00,232,40,0,1779543590023,https://m.weibo.cn/detail/5301839886293856,福建,7525788654,繆斯效应,m,https://m.weibo.cn/u/7525788654?launchid=10000360-page_H5,"https://tvax2.sinaimg.cn/crop.0.0.1080.1080.180/008djrpYly8iden797c0nj30u00u0wgq.jpg?KID=imgbed,tva&Expires=1779554390&ssig=UTP80r1WrV",浪姐直播,search_contents_2026-05-23.csv,search_post,,所有人都挂电只骂张月也太搞笑了 ,True,False
5301505008869899,《第一次爱的人》和《逆战》组吵起来了#浪姐直播# ,1779489554,2026-05-22 22:39:14+08:00,2990,278,7,1779543590028,https://m.weibo.cn/detail/5301505008869899,北京,1218346612,芒果妈妈,f,https://m.weibo.cn/u/1218346612?launchid=10000360-page_H5,"https://tvax3.sinaimg.cn/crop.0.0.1080.1080.180/001ks3BOly8h8ug2u3zumj60u00u0wf602.jpg?KID=imgbed,tva&Expires=1779554390&ssig=mJuhomDutk",浪姐直播,search_contents_2026-05-23.csv,search_post,,第一次爱的人和逆战组吵起来了 ,True,False
5301838828015008,#浪姐直播#为什么每次都说张月挂电……把人家的努力当什么。 ,1779569143,2026-05-23 20:45:43+08:00,838,76,0,1779543590034,https://m.weibo.cn/detail/5301838828015008,山东,7546121053,文沂熠栩,f,https://m.weibo.cn/u/7546121053?launchid=10000360-page_H5,"https://tvax3.sinaimg.cn/crop.0.0.1080.1080.180/008eGKNTly8idfp8kj2b0j30u00u0tfd.jpg?KID=imgbed,tva&Expires=1779554390&ssig=m58zaznwNX",浪姐直播,search_contents_2026-05-23.csv,search_post,,为什么每次都说张月挂电把人家的努力当什么 ,True,False
5301828721051782,“节目组真的把我当歌手用了吗。。真是不白来啊。。”这个孙怡给我笑屁了。。。#浪姐直播# ,1779566733,2026-05-23 20:05:33+08:00,306,3,9,1779543590037,https://m.weibo.cn/detail/5301828721051782,湖南,5756050671,超短线王哥,m,https://m.weibo.cn/u/5756050671?launchid=10000360-page_H5,"https://tvax1.sinaimg.cn/crop.0.0.1080.1080.180/006hxNIXly8icx9s7aks6j30u00u0wi3.jpg?KID=imgbed,tva&Expires=1779554390&ssig=hk9pdByQwc",浪姐直播,search_contents_2026-05-23.csv,search_post,,节目组真的把我当歌手用了吗真是不白来啊这个孙怡给我笑屁了 ,True,False
5301840134277849,张月野心家的四次定点都太有力量了。。。完全带着杀气的眼神。。。这是真的野心家🙏🙏🙏#浪姐直播# 酒酿熊子的微博视频 ,1779569454,2026-05-23 20:50:54+08:00,2459,136,82,1779543590041,https://m.weibo.cn/detail/5301840134277849,浙江,1775084261,酒酿熊子,f,https://m.weibo.cn/u/1775084261?launchid=10000360-page_H5,"https://tvax3.sinaimg.cn/crop.0.0.1080.1080.180/69cda2e5ly8i6mdy29g8sj20u00u042q.jpg?KID=imgbed,tva&Expires=1779554390&ssig=X1CnL3phAG",浪姐直播,search_contents_2026-05-23.csv,search_post,,张月野心家的四次定点都太有力量了完全带着杀气的眼神这是真的野心家 酒酿熊子的微博视频 ,True,False
5301852398682127,总算能听曾沛慈唱完整的一整首歌了啊啊啊啊啊啊啊啊啊啊啊啊啊怎么能好听成这样怎么能好听成这样啊！！！#浪姐直播# 酒酿熊子的微博视频 ,1779572377,2026-05-23 21:39:37+08:00,5,0,0,1779543590044,https://m.weibo.cn/detail/5301852398682127,浙江,1775084261,酒酿熊子,f,https://m.weibo.cn/u/1775084261?launchid=10000360-page_H5,"https://tvax3.sinaimg.cn/crop.0.0.1080.1080.180/69cda2e5ly8i6mdy29g8sj20u00u042q.jpg?KID=imgbed,tva&Expires=1779554390&ssig=X1CnL3phAG",浪姐直播,search_contents_2026-05-23.csv,search_post,,总算能听曾沛慈唱完整的一整首歌了啊啊啊啊啊啊啊啊啊啊啊啊啊怎么能好听成这样怎么能好听成这样啊 酒酿熊子的微博视频 ,True,False
5301852397896199,#浪姐直播#曾沛慈嗓子很累很不舒服的样子 压力很大 不过还是很好听..... ,1779572377,2026-05-23 21:39:37+08:00,0,0,0,1779543590049,https://m.weibo.cn/detail/5301852397896199,河北,7554519849,低沉地嘶吼着,m,https://m.weibo.cn/u/7554519849?launchid=10000360-page_H5,"https://tvax4.sinaimg.cn/crop.0.0.1021.1021.180/008ffZIlly8hwxm5235h0j30sd0sdmyk.jpg?KID=imgbed,tva&Expires=1779554390&ssig=Ho0pGA03Ej",浪姐直播,search_contents_2026-05-23.csv,search_post,,曾沛慈嗓子很累很不舒服的样子 压力很大 不过还是很好听 ,True,False
5301852284390351,#浪姐直播#果然安崎和pets的麦是最干的 我担心的事情还是发生了 感觉pets的嗓子好哑了 天啊 直播果然姐姐们的压力都好大 希望所有姐姐都享受舞台 保护身体吧 死🥭就是暗戳戳让粉丝们互相吵架 ,1779572351,2026-05-23 21:39:11+08:00,6,1,0,1779543590053,https://m.weibo.cn/detail/5301852284390351,吉林,3905863800,1芝士储存,f,https://m.weibo.cn/u/3905863800?launchid=10000360-page_H5,"https://tvax4.sinaimg.cn/crop.0.0.750.750.180/e8cec078ly8hu1z9db1urj20ku0kuzmu.jpg?KID=imgbed,tva&Expires=1779554390&ssig=BywsNNixGH",浪姐直播,search_contents_2026-05-23.csv,search_post,,果然安崎和pets的麦是最干的 我担心的事情还是发生了 感觉pets的嗓子好哑了 天啊 直播果然姐姐们的压力都好大 希望所有姐姐都享受舞台 保护身体吧 死就是暗戳戳让粉丝们互相吵架 ,True,False
5301579005820952,#ally打肉毒导致脸部僵硬#Ally透露自己因法令纹深，听从医生建议在面中注射肉毒，结果导致脸部僵硬笑不开，面部无法正常牵动，微笑时状态怪异，直言这肉毒真的太毒了。 知名青年娱晓张的微博视频  ,1779507195,2026-05-23 03:33:15+08:00,734,50,56,1779543655801,https://m.weibo.cn/detail/5301579005820952,江西,6343987153,知名青年娱晓张,f,https://m.weibo.cn/u/6343987153?launchid=10000360-page_H5,"https://tvax2.sinaimg.cn/crop.0.0.1080.1080.180/006VkIRrly8h1zmmv9rtlj30u00u0gpe.jpg?KID=imgbed,tva&Expires=1779554446&ssig=PLZAKFMPYp",ally打肉毒导致脸部僵硬,search_contents_2026-05-23.csv,search_post,,Ally透露自己因法令纹深听从医生建议在面中注射肉毒结果导致脸部僵硬笑不开面部无法正常牵动微笑时状态怪异直言这肉毒真的太毒了 知名青年娱晓张的微博视频  ,True,False
5301804541676226,之前刷到她的直播间总是被硬控因为觉得她真的太好看了，感觉整容还是有风险的啊，一些美容项目对面部损伤还是很大的，ally说不推荐打啵啵，你们认同她吗？#ally打肉毒导致脸部僵硬# ,1779560968,2026-05-23 18:29:28+08:00,369,28,4,1779543655805,https://m.weibo.cn/detail/5301804541676226,河南,6482815345,不再消融我的紀雪冬,f,https://m.weibo.cn/u/6482815345?launchid=10000360-page_H5,"https://tvax1.sinaimg.cn/crop.0.0.1080.1080.180/0074JepPly8id8x3kby56j30u00u03zo.jpg?KID=imgbed,tva&Expires=1779554446&ssig=jcACTCZFjy",ally打肉毒导致脸部僵硬,search_contents_2026-05-23.csv,search_post,,之前刷到她的直播间总是被硬控因为觉得她真的太好看了感觉整容还是有风险的啊一些美容项目对面部损伤还是很大的ally说不推荐打啵啵你们认同她吗 ,True,False
5301842158293965,#ally打肉毒导致脸部僵硬#Ally注射肉毒后脸部变得僵硬，表情都无法自然舒展。为了除皱盲目医美反倒得不偿失，爱美也要量力而行，切勿过度追求容貌精致忽略自身状态。 ,1779569937,2026-05-23 20:58:57+08:00,30,0,0,1779543655809,https://m.weibo.cn/detail/5301842158293965,河南,7859711655,尼浩烦,f,https://m.weibo.cn/u/7859711655?launchid=10000360-page_H5,"https://tvax1.sinaimg.cn/crop.0.0.1080.1080.180/008zUy2Ply8hz09rsdjlmj30u00u0q5f.jpg?KID=imgbed,tva&Expires=1779554446&ssig=icTwBJvCLa",ally打肉毒导致脸部僵硬,search_contents_2026-05-23.csv,search_post,,Ally注射肉毒后脸部变得僵硬表情都无法自然舒展为了除皱盲目医美反倒得不偿失爱美也要量力而行切勿过度追求容貌精致忽略自身状态 ,True,False
5301809380065766,#ally打肉毒导致脸部僵硬#网红Ally为淡化法令纹注射肉毒后，面部肌肉僵硬，笑容表情十分不自然。她坦言药效需一两个月代谢才能恢复，僵硬多是用药剂量、注射点位不当所致。 予露墨染的微博视频 ,1779562122,2026-05-23 18:48:42+08:00,183,19,0,1779543655813,https://m.weibo.cn/detail/5301809380065766,吉林,7961968229,予露墨染,f,https://m.weibo.cn/u/7961968229?launchid=10000360-page_H5,"https://tvax4.sinaimg.cn/crop.0.1.1000.1000.180/005BHmQ1ly8iarv2vtzkzj30rs0rstck.jpg?KID=imgbed,tva&Expires=1779554446&ssig=uwuHzn%2BW%2BG",ally打肉毒导致脸部僵硬,search_contents_2026-05-23.csv,search_post,,网红Ally为淡化法令纹注射肉毒后面部肌肉僵硬笑容表情十分不自然她坦言药效需一两个月代谢才能恢复僵硬多是用药剂量注射点位不当所致 予露墨染的微博视频 ,True,False
5301807861729851,#ally打肉毒导致脸部僵硬#打肉毒不仅会脸僵，而且还会移位吧。ally已经那么漂亮了，还要去整有点得不偿失了 之前她就说过整完鼻子后会透光 ppLink-的微博视频 ,1779561760,2026-05-23 18:42:40+08:00,76,15,4,1779543655816,https://m.weibo.cn/detail/5301807861729851,重庆,7002888514,ppLink-,f,https://m.weibo.cn/u/7002888514?launchid=10000360-page_H5,"https://tvax4.sinaimg.cn/crop.0.1.1080.1080.180/9e18495ely8i7natjnun9j20u00u079o.jpg?KID=imgbed,tva&Expires=1779554446&ssig=8kmr%2FGGxuC",ally打肉毒导致脸部僵硬,search_contents_2026-05-23.csv,search_post,,打肉毒不仅会脸僵而且还会移位吧ally已经那么漂亮了还要去整有点得不偿失了 之前她就说过整完鼻子后会透光 ppLink的微博视频 ,True,False
5301851680407763,#ally打肉毒导致脸部僵硬#其实我觉得她已经挺好看的了，不过每个人都有变得更美的权利吧。 ,1779572206,2026-05-23 21:36:46+08:00,0,0,0,1779543655820,https://m.weibo.cn/detail/5301851680407763,湖北,7903061945,菠萝菠萝猫-,f,https://m.weibo.cn/u/7903061945?launchid=10000360-page_H5,"https://tvax3.sinaimg.cn/crop.0.0.1080.1080.180/008CQrr3ly8ic7tkko214j30u00u0jvf.jpg?KID=imgbed,tva&Expires=1779554446&ssig=68L4hDWCvq",ally打肉毒导致脸部僵硬,search_contents_2026-05-23.csv,search_post,,其实我觉得她已经挺好看的了不过每个人都有变得更美的权利吧 ,True,False
5301850930681521,#ally打肉毒导致脸部僵硬#卧槽姐姐本来就够漂亮了，我感觉一直维持这个状态就行了 ,1779572028,2026-05-23 21:33:48+08:00,0,0,0,1779543655823,https://m.weibo.cn/detail/5301850930681521,河南,7965162316,世界养猫计划,f,https://m.weibo.cn/u/7965162316?launchid=10000360-page_H5,"https://tvax3.sinaimg.cn/crop.0.0.1080.1080.180/008H30zWly8ibm2ai7vspj30u00u0gnt.jpg?KID=imgbed,tva&Expires=1779554446&ssig=Qxc4bfaQap",ally打肉毒导致脸部僵硬,search_contents_2026-05-23.csv,search_post,,卧槽姐姐本来就够漂亮了我感觉一直维持这个状态就行了 ,True,False
5301847470638719,#ally打肉毒导致脸部僵硬#我觉得她还是很好看的 ,1779571203,2026-05-23 21:20:03+08:00,1,0,0,1779543655826,https://m.weibo.cn/detail/5301847470638719,四川,7782558757,小鱼甜妹Esther,f,https://m.weibo.cn/u/7782558757?launchid=10000360-page_H5,"https://tvax3.sinaimg.cn/crop.0.0.1080.1080.180/008uGP3fly8iag4gd5dc8j30u00u0teg.jpg?KID=imgbed,tva&Expires=1779554446&ssig=xAF2Vf9quz",ally打肉毒导致脸部僵硬,search_contents_2026-05-23.csv,search_post,,我觉得她还是很好看的 ,True,False
5301790991976825,#庾澄庆 被换6首歌#歌手就这么欺负老年人，但是庚澄庆格局大，就算被淘汰了他也没有怨言，从容地说“一日游嘛，人生就这样” ,1779557738,2026-05-23 17:35:38+08:00,707,40,13,1779544790462,https://m.weibo.cn/detail/5301790991976825,重庆,7314923222,留颗唐,f,https://m.weibo.cn/u/7314923222?launchid=10000360-page_H5,"https://tvax3.sinaimg.cn/crop.0.0.1080.1080.180/007Z2FGCly8iaerj8uopsj30u00u0jta.jpg?KID=imgbed,tva&Expires=1779555584&ssig=KaKj%2BFR%2FTL",庾澄庆格局,search_contents_2026-05-23.csv,search_post,,歌手就这么欺负老年人但是庚澄庆格局大就算被淘汰了他也没有怨言从容地说一日游嘛人生就这样 ,True,False
5301775618016676,#庾澄庆格局#看完这期节目真心感慨，庾澄庆这份心态真的太让人佩服了年纪不小还愿意站上舞台尽情歌唱，没想到首轮就yi憾止步。换做旁人难免心里落差大，多多少少都会有些情绪，可他全程坦然从容，笑着调kan就当来这边游玩一趟，坦然接受这样的结果待人处事向来分寸感十足，输  赢 在他眼里从来不是最重要的，能坚持热爱、好好唱歌就足矣。真是gu子里的 修 养 和 格 局 一眼就能看出来庾澄庆格局 杨小屁ing的微博视频,1779554072,2026-05-23 16:34:32+08:00,166,115,0,1779544790466,https://m.weibo.cn/detail/5301775618016676,辽宁,1355474783,杨小屁ing,m,https://m.weibo.cn/u/1355474783?luicode=20000061&lfid=5301775618016676&launchid=10000360-page_H5,"https://tvax3.sinaimg.cn/crop.0.0.1080.1080.180/50cae75fly8i3jtldxfsuj20u00u0gnf.jpg?KID=imgbed,tva&Expires=1779555584&ssig=VxG3lMY6FV",庾澄庆格局,search_contents_2026-05-23.csv,search_post,,看完这期节目真心感慨庾澄庆这份心态真的太让人佩服了年纪不小还愿意站上舞台尽情歌唱没想到首轮就yi憾止步换做旁人难免心里落差大多多少少都会有些情绪可他全程坦然从容笑着调kan就当来这边游玩一趟坦然接受这样的结果待人处事向来分寸感十足输  赢 在他眼里从来不是最重要的能坚持热爱好好唱歌就足矣真是gu子里的 修 养 和 格 局 一眼就能看出来庾澄庆格局 杨小屁ing的微博视频,True,False
5301777278175036,#庾澄庆格局#老辈子就是很体面，格局也很大，只不过看了很心酸，他还是那英说服了好久才请来的，结果落了个一日游，感觉被🥭做局了 ,1779554468,2026-05-23 16:41:08+08:00,483,57,2,1779544790470,https://m.weibo.cn/detail/5301777278175036,四川,7742265479,KiKi吱,f,https://m.weibo.cn/u/7742265479?launchid=10000360-page_H5,"https://tvax1.sinaimg.cn/crop.0.0.1080.1080.180/008rXKVFly8idefjf7ab7j30u00u076j.jpg?KID=imgbed,tva&Expires=1779555584&ssig=ZVDE6ZXNiV",庾澄庆格局,search_contents_2026-05-23.csv,search_post,,老辈子就是很体面格局也很大只不过看了很心酸他还是那英说服了好久才请来的结果落了个一日游感觉被做局了 ,True,False
5301772673613992,#庾澄庆格局#60多岁的人了对他那么苛刻干什么，庾澄庆老师心态很好呀，自己发博说一日游也很体面了 ,1779553369,2026-05-23 16:22:49+08:00,130,17,3,1779544790472,https://m.weibo.cn/detail/5301772673613992,山东,7435986907,桃子脑袋_seven,m,https://m.weibo.cn/u/7435986907?launchid=10000360-page_H5,"https://tvax4.sinaimg.cn/crop.0.0.1080.1080.180/0087eDSHly8idcwjqwlosj30u00u0gof.jpg?KID=imgbed,tva&Expires=1779555584&ssig=p%2F9KwMPc0w",庾澄庆格局,search_contents_2026-05-23.csv,search_post,,60多岁的人了对他那么苛刻干什么庾澄庆老师心态很好呀自己发博说一日游也很体面了 ,True,False
5301778356635919,#庾澄庆格局##庾澄庆 被换6首歌# 舞台有输赢，人生无高下。64岁仍敢站上竞技舞台，已足够勇敢；面对意外淘汰，一句“值了”道尽释然。能写词能编谱能谱曲能唱能跳，他是当之无愧的华语乐坛导师，他永远都是“音乐顽童”庾澄庆。 ,1779554725,2026-05-23 16:45:25+08:00,284,29,2,1779544790474,https://m.weibo.cn/detail/5301778356635919,广东,5720404607,情书撰写指南,f,https://m.weibo.cn/u/5720404607?launchid=10000360-page_H5,"https://tvax3.sinaimg.cn/crop.0.0.1080.1080.180/006f8eyrly8idcanvjofhj30u00u0ju8.jpg?KID=imgbed,tva&Expires=1779555584&ssig=NzcFXGlk1h",庾澄庆格局,search_contents_2026-05-23.csv,search_post,, 舞台有输赢人生无高下64岁仍敢站上竞技舞台已足够勇敢面对意外淘汰一句值了道尽释然能写词能编谱能谱曲能唱能跳他是当之无愧的华语乐坛导师他永远都是音乐顽童庾澄庆 ,True,False
5301853501001425,#伊能静疑似力挺庾澄庆# 2026年5月23日，伊能静在《乘风2026》直播点评环节中，针对萧蔷的表演发表言论，称“有些歌永远是经典，有些人永远不会过时”、“法拉利老了也是法拉利”。由于该发言恰逢前夫庾澄庆在同期播出的《歌手2026》中首轮淘汰次日，且内容被指暗合庾澄庆遭遇的“过时”争议，因此被广泛解读为对其的隔空力挺与声援。尽管伊能静未直接点名，但舆论普遍认为这是她在捍卫经典音乐人的价值，强调艺术成就不应被竞技结果或时间否定。两人虽于2009年离婚，但多年来始终保持体面互动，共同抚养儿子且从未公开互撕，伊能静更曾多次公开肯定庾澄庆的音乐才华与教育方式，这种“爱过不诋毁”的关系被视为娱乐圈典范。此次事件也引发了关于芒果台同期节目策划“隔空同框”的讨论，但核心焦点仍在于两人成熟的情感格局与对彼此才华的尊重。 时尚喜乐儿的微博视频,1779572641,2026-05-23 21:44:01+08:00,13,0,0,1779544790476,https://m.weibo.cn/detail/5301853501001425,北京,5546586567,时尚喜乐儿,f,https://m.weibo.cn/u/5546586567?luicode=20000061&lfid=5301853501001425&launchid=10000360-page_H5,"https://tvax1.sinaimg.cn/crop.0.0.1080.1080.180/0063mUxFly8i9z5zoa05yj30u00u076q.jpg?KID=imgbed,tva&Expires=1779555588&ssig=YEx%2F%2FJRqnU",庾澄庆格局,search_contents_2026-05-23.csv,search_post,, 2026年5月23日伊能静在乘风2026直播点评环节中针对萧蔷的表演发表言论称有些歌永远是经典有些人永远不会过时法拉利老了也是法拉利由于该发言恰逢前夫庾澄庆在同期播出的歌手2026中首轮淘汰次日且内容被指暗合庾澄庆遭遇的过时争议因此被广泛解读为对其的隔空力挺与声援尽管伊能静未直接点名但舆论普遍认为这是她在捍卫经典音乐人的价值强调艺术成就不应被竞技结果或时间否定两人虽于2009年离婚但多年来始终保持体面互动共同抚养儿子且从未公开互撕伊能静更曾多次公开肯定庾澄庆的音乐才华与教育方式这种爱过不诋毁的关系被视为娱乐圈典范此次事件也引发了关于芒果台同期节目策划隔空同框的讨论但核心焦点仍在于两人成熟的情感格局与对彼此才华的尊重 时尚喜乐儿的微博视频,True,False
5301854705811521,#庾澄庆淘汰缺席歌手采访##伊能静疑似力挺庾澄庆##庾澄庆格局#哈林哥心态是宝藏，热情年轻。风度大气，音乐才华横溢，风格信手拈来。 ,1779572927,2026-05-23 21:48:47+08:00,2,0,0,1779544790478,https://m.weibo.cn/detail/5301854705811521,上海,1661116544,体育聚焦,m,https://m.weibo.cn/u/1661116544?launchid=10000360-page_H5,"https://tvax1.sinaimg.cn/crop.1.20.277.277.180/6302a080ly8g1yhysx5u3j208a08at9x.jpg?KID=imgbed,tva&Expires=1779555584&ssig=kGv%2BWqbosk",庾澄庆格局,search_contents_2026-05-23.csv,search_post,,哈林哥心态是宝藏热情年轻风度大气音乐才华横溢风格信手拈来 ,True,False
5301853963158513,#伊能静说有的人永远不会过时# 伊能静疑似力挺庾澄庆，歌手淘汰全网意难平，浪姐发言句句撑腰，这前任格局绝了。 ,1779572751,2026-05-23 21:45:51+08:00,0,1,0,1779544790479,https://m.weibo.cn/detail/5301853963158513,湖北,7758645110,给你一个拥抱呐,f,https://m.weibo.cn/u/7758645110?launchid=10000360-page_H5,"https://tvax2.sinaimg.cn/crop.0.0.609.609.180/008t4u1gly8h7sepmji0nj30gx0gx0ts.jpg?KID=imgbed,tva&Expires=1779555584&ssig=7lmnfDWAOb",庾澄庆格局,search_contents_2026-05-23.csv,search_post,, 伊能静疑似力挺庾澄庆歌手淘汰全网意难平浪姐发言句句撑腰这前任格局绝了 ,True,False
5301717258208412,原来吃完虾不能马上运动 ,1779540158,2026-05-23 12:42:38+08:00,4116,213,807,1779544875728,https://m.weibo.cn/detail/5301717258208412,浙江,6366269581,小镇幽默男孩,f,https://m.weibo.cn/u/6366269581?launchid=10000360-page_H5,"https://tvax2.sinaimg.cn/crop.0.0.1080.1080.180/006WQdxrly8i192nhdefuj30u00u0ta8.jpg?KID=imgbed,tva&Expires=1779555656&ssig=xutznh4y0k",原来吃完虾不能马上运动,search_contents_2026-05-23.csv,search_post,,原来吃完虾不能马上运动 ,True,False
5301766799230274,#原来吃完虾不能马上运动#又涨知识了，吃完虾肉不能起身剧烈运动，要消化一小时以上，才能正常运动，不然容易过敏 ,1779551970,2026-05-23 15:59:30+08:00,420,72,65,1779544875748,https://m.weibo.cn/detail/5301766799230274,浙江,7331622139,小怡说车,f,https://m.weibo.cn/u/7331622139?launchid=10000360-page_H5,"https://tvax4.sinaimg.cn/crop.0.0.1080.1080.180/0080aJPZly8h7k815nfi4j30u00u00ud.jpg?KID=imgbed,tva&Expires=1779555656&ssig=KdxUt9LEUC",原来吃完虾不能马上运动,search_contents_2026-05-23.csv,search_post,,又涨知识了吃完虾肉不能起身剧烈运动要消化一小时以上才能正常运动不然容易过敏 ,True,False
5301780436485049,爱吃虾又爱运动的人要注意！吃完虾1-6小时内剧烈运动暗藏两大健康隐患。一是食物依赖性运动诱发过敏，哪怕平时吃虾不过敏（FDEIA），运动也会让未消化的虾蛋白入血，引发荨麻疹、喉头水肿甚至休克。二是易诱发横纹肌溶解，损伤肾脏。切记：吃完虾间隔4-6小时再剧烈运动，过敏体质者运动前4小时别吃虾贝，规避风险。#原来吃完虾不能马上运动##专业视频创作季##微博二创视频创作季# 扬帆锐评的微博视频,1779555221,2026-05-23 16:53:41+08:00,236,29,0,1779544875752,https://m.weibo.cn/detail/5301780436485049,广东,1650933515,扬帆锐评,m,https://m.weibo.cn/u/1650933515?luicode=20000061&lfid=5301780436485049&launchid=10000360-page_H5,"https://tvax4.sinaimg.cn/crop.72.0.354.354.180/62673f0bly8fn4gwjd6gfj20dw09ugp8.jpg?KID=imgbed,tva&Expires=1779555656&ssig=VdtSx6UrpY",原来吃完虾不能马上运动,search_contents_2026-05-23.csv,search_post,,爱吃虾又爱运动的人要注意吃完虾16小时内剧烈运动暗藏两大健康隐患一是食物依赖性运动诱发过敏哪怕平时吃虾不过敏FDEIA运动也会让未消化的虾蛋白入血引发荨麻疹喉头水肿甚至休克二是易诱发横纹肌溶解损伤肾脏切记吃完虾间隔46小时再剧烈运动过敏体质者运动前4小时别吃虾贝规避风险 扬帆锐评的微博视频,True,False
5301783519037707,#原来吃完虾不能马上运动# 又涨知识了，吃完虾肉不能起身剧烈运动，要消化一小时以上，才能正常运动，不然容易过敏 。我前几天吃新鲜的海虾，结果发现手上涨了好多小水泡，应该是过敏吧？ ,1779555956,2026-05-23 17:05:56+08:00,151,13,0,1779544875756,https://m.weibo.cn/detail/5301783519037707,福建,3612749480,山人I,m,https://m.weibo.cn/u/3612749480?launchid=10000360-page_H5,"https://tvax4.sinaimg.cn/crop.0.0.534.534.180/d7562ea8ly8i5slgnw4psj20eu0eujs1.jpg?KID=imgbed,tva&Expires=1779555656&ssig=sb5ZWcdlIj",原来吃完虾不能马上运动,search_contents_2026-05-23.csv,search_post,, 又涨知识了吃完虾肉不能起身剧烈运动要消化一小时以上才能正常运动不然容易过敏 我前几天吃新鲜的海虾结果发现手上涨了好多小水泡应该是过敏吧 ,True,False
5301785201737756,#原来吃完虾不能马上运动#【健康科普｜吃完虾千万别马上剧烈运动！】⚠️警惕食物依赖性运动诱发过敏（FDEIA）单独吃虾、单独运动都安全但二者叠加，极易触发急性过敏！✅科普要点▪️过敏诱因：虾类异体蛋白+运动加速血液循环，诱发过敏▪️轻症：皮肤瘙痒、荨麻疹、腹痛腹胀▪️重症：喉咙水肿、呼吸困难、过敏性休克▪️安全间隔：吃完虾至少休息1–2小时再运动💡小贴士海鲜、小麦、坚果类易敏食物同理运动与进食错开时间，安全享受美食～,1779556356,2026-05-23 17:12:36+08:00,142,16,0,1779544875760,https://m.weibo.cn/detail/5301785201737756,福建,7888252290,芋落蔓野,f,https://m.weibo.cn/u/7888252290?luicode=20000061&lfid=5301785201737756&launchid=10000360-page_H5,"https://tvax3.sinaimg.cn/crop.0.0.1080.1080.180/008BQiLEly8icr15k4rhhj30u00u0q4t.jpg?KID=imgbed,tva&Expires=1779555660&ssig=%2Fgm4WjJuiJ",原来吃完虾不能马上运动,search_contents_2026-05-23.csv,search_post,,健康科普吃完虾千万别马上剧烈运动警惕食物依赖性运动诱发过敏FDEIA单独吃虾单独运动都安全但二者叠加极易触发急性过敏科普要点过敏诱因虾类异体蛋白运动加速血液循环诱发过敏轻症皮肤瘙痒荨麻疹腹痛腹胀重症喉咙水肿呼吸困难过敏性休克安全间隔吃完虾至少休息12小时再运动小贴士海鲜小麦坚果类易敏食物同理运动与进食错开时间安全享受美食,True,False
5301791147166338,#原来吃完虾不能马上运动#无意间刷到冷知识，没想到吃完虾还不能立刻运动平时吃完海鲜总想着出门溜达活动下，这下算是长见识了。虾肉蛋白含量高，肠胃消化需要时间，刚下肚就剧烈跑动，身体容易出现不适甚至过敏反应。稳妥起见建议歇够一小时再动，吃东西尽兴的同时，也别忽略身体的小提醒～#微博跨域计划# 原来吃完虾不能马上运动,1779557775,2026-05-23 17:36:15+08:00,124,51,2,1779544875763,https://m.weibo.cn/detail/5301791147166338,云南,5642471321,谁是阿壳,m,https://m.weibo.cn/u/5642471321?luicode=20000061&lfid=5301791147166338&launchid=10000360-page_H5,"https://tvax3.sinaimg.cn/crop.0.0.1080.1080.180/0069RexXly8i6ke0xc6zlj30u00u00v4.jpg?KID=imgbed,tva&Expires=1779555663&ssig=eOVPGoAwjH",原来吃完虾不能马上运动,search_contents_2026-05-23.csv,search_post,,无意间刷到冷知识没想到吃完虾还不能立刻运动平时吃完海鲜总想着出门溜达活动下这下算是长见识了虾肉蛋白含量高肠胃消化需要时间刚下肚就剧烈跑动身体容易出现不适甚至过敏反应稳妥起见建议歇够一小时再动吃东西尽兴的同时也别忽略身体的小提醒 原来吃完虾不能马上运动,True,False
5301772618041942,原来吃完虾不能马上运动万万没想到吃虾还有这讲究！餐后立刻剧烈运动可不是小事，大概率会出现过敏不适或其他症状，谨记餐后静置一小时再正常活动！ Huiuioo_oo的微博视频 ,1779553357,2026-05-23 16:22:37+08:00,122,14,0,1779544875766,https://m.weibo.cn/detail/5301772618041942,河南,7025556252,Huiuioo_oo,f,https://m.weibo.cn/u/7025556252?launchid=10000360-page_H5,"https://tvax3.sinaimg.cn/crop.0.0.1080.1080.180/007Fsw7qly8ide4bfv93ej30u00u0jun.jpg?KID=imgbed,tva&Expires=1779555656&ssig=3d1n1J%2B09t",原来吃完虾不能马上运动,search_contents_2026-05-23.csv,search_post,,原来吃完虾不能马上运动万万没想到吃虾还有这讲究餐后立刻剧烈运动可不是小事大概率会出现过敏不适或其他症状谨记餐后静置一小时再正常活动 Huiuioo_oo的微博视频 ,True,False
5301775193604830,吃完虾不能马上运动 你们知道吗  我之前完全不知道耶这下被科普了原来吃完虾马上运动 可能会引发一种叫，“食物依赖运动诱发过敏反应”简单来说 这两个结合在一起 就很容易触发过敏这种过敏反应可轻可重轻度一点的就是皮肤发痒、脸红 ，荨麻疹重点的话 上吐下泻 甚至过敏性休克我今天中午做了大明虾仁炒黄瓜🥒还挺好吃的#一分钟精选视频扶持计划##微博vlog大赛##原来吃完虾不能马上运动#原来吃完虾不能马上运动 小螃蟹的小马甲的微博视频,1779553971,2026-05-23 16:32:51+08:00,56,93,0,1779544875769,https://m.weibo.cn/detail/5301775193604830,安徽,6473317154,小螃蟹的小马甲,f,https://m.weibo.cn/u/6473317154?luicode=20000061&lfid=5301775193604830&launchid=10000360-page_H5,"https://tvax1.sinaimg.cn/crop.0.0.1080.1080.180/00745nvcly8i8qxk8xa91j30u00u00vd.jpg?KID=imgbed,tva&Expires=1779555666&ssig=d%2B2Y3TMnrh",原来吃完虾不能马上运动,search_contents_2026-05-23.csv,search_post,,吃完虾不能马上运动 你们知道吗  我之前完全不知道耶这下被科普了原来吃完虾马上运动 可能会引发一种叫食物依赖运动诱发过敏反应简单来说 这两个结合在一起 就很容易触发过敏这种过敏反应可轻可重轻度一点的就是皮肤发痒脸红 荨麻疹重点的话 上吐下泻 甚至过敏性休克我今天中午做了大明虾仁炒黄瓜还挺好吃的原来吃完虾不能马上运动 小螃蟹的小马甲的微博视频,True,False
5301744540319974,【#男子忘记池里有鱼一年后瘦成蝌蚪#】近日，男子忘记水池里有条鱼，一年后发现鱼瘦成了蝌蚪，网友：生命力真的太顽强了！（星沙时报） 潇湘晨报的微博视频 ,1779546662,2026-05-23 14:31:02+08:00,3698,201,95,1779544945071,https://m.weibo.cn/detail/5301744540319974,,1655444627,潇湘晨报,m,https://m.weibo.cn/u/1655444627?launchid=10000360-page_H5,"https://tvax4.sinaimg.cn/crop.0.0.826.826.180/001O24LNly8h8viu4nck1j60my0myq3m02.jpg?KID=imgbed,tva&Expires=1779555742&ssig=ZTDkZpVLqz",男子忘记池里有鱼一年后瘦成蝌蚪,search_contents_2026-05-23.csv,search_post,,近日男子忘记水池里有条鱼一年后发现鱼瘦成了蝌蚪网友生命力真的太顽强了星沙时报 潇湘晨报的微博视频 ,True,False
5301812489358253,男子忘记池里有鱼一年后瘦成蝌蚪，养鱼界的三大神人，谁能有他们狠？#跨界破圈热点共创# 笑料百宝箱的微博视频 ,1779562863,2026-05-23 19:01:03+08:00,85,2,0,1779544945082,https://m.weibo.cn/detail/5301812489358253,陕西,2485425080,笑料百宝箱,m,https://m.weibo.cn/u/2485425080?launchid=10000360-page_H5,"https://tvax1.sinaimg.cn/crop.0.0.1080.1080.180/942493b8ly8i007iqiyp7j20u00u1myr.jpg?KID=imgbed,tva&Expires=1779555742&ssig=4qulRXWVlr",男子忘记池里有鱼一年后瘦成蝌蚪,search_contents_2026-05-23.csv,search_post,,男子忘记池里有鱼一年后瘦成蝌蚪养鱼界的三大神人谁能有他们狠 笑料百宝箱的微博视频 ,True,False
5301844498712803,#男子忘记池里有鱼一年后瘦成蝌蚪#一年无人投喂、无人照料，鱼瘦到只剩“大头细身”，活成了蝌蚪样。又惨又励志，这就是鱼坚强吧！ ,1779570495,2026-05-23 21:08:15+08:00,47,20,0,1779544945088,https://m.weibo.cn/detail/5301844498712803,江苏,6489875133,悠悠D梦,f,https://m.weibo.cn/u/6489875133?launchid=10000360-page_H5,"https://tvax3.sinaimg.cn/crop.0.0.1080.1080.180/0075cQZnly8ictmthzop0j30u00u0jty.jpg?KID=imgbed,tva&Expires=1779555742&ssig=%2F%2BVOpc2wGD",男子忘记池里有鱼一年后瘦成蝌蚪,search_contents_2026-05-23.csv,search_post,,一年无人投喂无人照料鱼瘦到只剩大头细身活成了蝌蚪样又惨又励志这就是鱼坚强吧 ,True,False
5301847704210031,#男子忘记池里有鱼一年后瘦成蝌蚪#生命力太顽强了 ,1779571259,2026-05-23 21:20:59+08:00,45,7,0,1779544945091,https://m.weibo.cn/detail/5301847704210031,广东,7445334081,橙心糯米星球,f,https://m.weibo.cn/u/7445334081?launchid=10000360-page_H5,"https://tvax1.sinaimg.cn/crop.0.0.1080.1080.180/0087RRvzly8idfpsd425zj30u00u041c.jpg?KID=imgbed,tva&Expires=1779555742&ssig=UbdRyGEw0M",男子忘记池里有鱼一年后瘦成蝌蚪,search_contents_2026-05-23.csv,search_post,,生命力太顽强了 ,True,False
5301804059330598,#男子忘记池里有鱼一年后瘦成蝌蚪# 这鲶鱼的生命力也太顽强了 血昏紗的微博视频 ,1779560853,2026-05-23 18:27:33+08:00,61,12,0,1779544945099,https://m.weibo.cn/detail/5301804059330598,江苏,6572739553,血昏紗,f,https://m.weibo.cn/u/6572739553?launchid=10000360-page_H5,"https://tvax3.sinaimg.cn/crop.0.0.1080.1080.180/007aOxOhly8ibtt5yaigij30u00u0mzm.jpg?KID=imgbed,tva&Expires=1779555742&ssig=pC6Ga9PQVv",男子忘记池里有鱼一年后瘦成蝌蚪,search_contents_2026-05-23.csv,search_post,, 这鲶鱼的生命力也太顽强了 血昏紗的微博视频 ,True,False
5301856885539393,鲶鱼的嘴巴确实较大，这是其典型的形态特征之一，有助于捕食和适应底栖生活。这种结构使它们能够吞食较大的食物，常见于淡水水域中的杂食性鱼类 #男子忘记池里有鱼一年后瘦成蝌蚪#//@长安卧龙V:确实大，大嘴巴。,1779573447,2026-05-23 21:57:27+08:00,1,0,0,1779544945106,https://m.weibo.cn/detail/5301856885539393,福建,1263692934,第一球迷胖哥,m,https://m.weibo.cn/u/1263692934?launchid=10000360-page_H5,"https://tva2.sinaimg.cn/crop.0.0.996.996.180/4b526c86jw8fb0zpbfklwj20ro0rojuj.jpg?KID=imgbed,tva&Expires=1779555742&ssig=1njnSAQ5Eg",男子忘记池里有鱼一年后瘦成蝌蚪,search_contents_2026-05-23.csv,search_post,,鲶鱼的嘴巴确实较大这是其典型的形态特征之一有助于捕食和适应底栖生活这种结构使它们能够吞食较大的食物常见于淡水水域中的杂食性鱼类 ,True,False
5301778356110876,#男子忘记池里有鱼一年后瘦成蝌蚪#看这样子啊 像是塘鲺一种鲶鱼 和清道夫很像 生命力真的太强了 去么舞蝶的微博视频 ,1779554725,2026-05-23 16:45:25+08:00,55,21,3,1779544945111,https://m.weibo.cn/detail/5301778356110876,山西,7455578470,去么舞蝶,m,https://m.weibo.cn/u/7455578470?launchid=10000360-page_H5,"https://tvax1.sinaimg.cn/crop.0.0.1080.1080.180/0088yQxEly8ibw1htxicyj30u00u0jsq.jpg?KID=imgbed,tva&Expires=1779555742&ssig=HZAjMxxzIM",男子忘记池里有鱼一年后瘦成蝌蚪,search_contents_2026-05-23.csv,search_post,,看这样子啊 像是塘鲺一种鲶鱼 和清道夫很像 生命力真的太强了 去么舞蝶的微博视频 ,True,False
5301855317918526,#男子忘记池里有鱼一年后瘦成蝌蚪#这种打不死的小强的人生轨迹，似乎在年轻的孩子身上越来越少见了。特别是，最近有一个很火的「奥德赛时期」，是指什么？简单说：它指20–35岁左右，从青春期结束到真正稳定成年之间的那段漫长、迷茫、不断试错的过渡期。• 年龄范围：大致 20～35岁• 状态：不再是孩子，但又没完全“定型”——换工作、换城市、纠结感情、探索自我，迂回、徘徊、偶尔迷失• 一句话概括：不是一条从A到B的直线，而是一场充满不确定性的探索之旅这个词是怎么来的？1. 典故来源名字取自古希腊史诗《奥德赛》：英雄奥德修斯打完特洛伊战争，在海上漂泊十年，历经各种波折才回到家乡。后人用“奥德赛”比喻一段漫长、曲折、充满考验的归途/成长路。2. 概念提出◦ 2007年，《纽约时报》专栏作家 戴维·布鲁克斯（David Brooks） 发表文章，正式提出 “奥德赛时期”（The Odyssey Years）。◦ 他化用奥德修斯的漂泊经历，用来形容当代年轻人从成年初显到真正扎根前的这段“漂泊期”。◦ 打破了过去“童年→青春期→成年→老年”的简单划分，在青春期与成年之间，多出了一段独立的“探索过渡期”。3. 为什么现在突然网红？因为特别戳中当下年轻人的状态：毕业即迷茫、职业反复横跳、晚婚晚育、“三十而惑”，大家发现：这不就是我的人生吗？于是迅速在社交平台传开，成了描述青年焦虑与成长的热词。史宇心理医生#我妈是心理医生# @中赫未来心理服务 北京,1779573074,2026-05-23 21:51:14+08:00,4,2,0,1779544945117,https://m.weibo.cn/detail/5301855317918526,北京,1567028045,史宇心理医生,m,https://m.weibo.cn/u/1567028045?luicode=20000061&lfid=5301855317918526&launchid=10000360-page_H5,"https://tvax4.sinaimg.cn/crop.0.0.1080.1080.180/5d66f34dly8hvhkudooolj20u00u0q6w.jpg?KID=imgbed,tva&Expires=1779555742&ssig=9iIj6osHy7",男子忘记池里有鱼一年后瘦成蝌蚪,search_contents_2026-05-23.csv,search_post,,这种打不死的小强的人生轨迹似乎在年轻的孩子身上越来越少见了特别是最近有一个很火的奥德赛时期是指什么简单说它指2035岁左右从青春期结束到真正稳定成年之间的那段漫长迷茫不断试错的过渡期 年龄范围大致 2035岁 状态不再是孩子但又没完全定型换工作换城市纠结感情探索自我迂回徘徊偶尔迷失 一句话概括不是一条从A到B的直线而是一场充满不确定性的探索之旅这个词是怎么来的1 典故来源名字取自古希腊史诗奥德赛英雄奥德修斯打完特洛伊战争在海上漂泊十年历经各种波折才回到家乡后人用奥德赛比喻一段漫长曲折充满考验的归途成长路2 概念提出 2007年纽约时报专栏作家 戴维布鲁克斯David Brooks 发表文章正式提出 奥德赛时期The Odyssey Years 他化用奥德修斯的漂泊经历用来形容当代年轻人从成年初显到真正扎根前的这段漂泊期 打破了过去童年青春期成年老年的简单划分在青春期与成年之间多出了一段独立的探索过渡期3 为什么现在突然网红因为特别戳中当下年轻人的状态毕业即迷茫职业反复横跳晚婚晚育三十而惑大家发现这不就是我的人生吗于是迅速在社交平台传开成了描述青年焦虑与成长的热词史宇心理医生  北京,True,False
5301669341431369,#沈月向王鹤棣道歉##沈月解释拉小群# 23日，@沈月 发文就《亲爱的客栈》颁奖环节让@王鹤棣_Dylan 不舒服，向他道歉，解释拉小群用途只是为了主理人新电影包场，并表示“你只是个王鹤棣”的本意是他终于可以放下主理人的身份轻松地做回自己了。“我从来没有想要贬低任何一个合作伙伴的意思。” ,1779528734,2026-05-23 09:32:14+08:00,309770,7868,1855,1779545037631,https://m.weibo.cn/detail/5301669341431369,,1642591402,新浪娱乐,m,https://m.weibo.cn/u/1642591402?launchid=10000360-page_H5,"https://tvax2.sinaimg.cn/crop.0.0.440.440.180/001Na93Ily8ibrhmc4c40j60c80c8q3i02.jpg?KID=imgbed,tva&Expires=1779555810&ssig=WBRd%2BC7diu",沈月向王鹤棣道歉,search_contents_2026-05-23.csv,search_post,, 23日 发文就亲爱的客栈颁奖环节让 不舒服向他道歉解释拉小群用途只是为了主理人新电影包场并表示你只是个王鹤棣的本意是他终于可以放下主理人的身份轻松地做回自己了我从来没有想要贬低任何一个合作伙伴的意思 ,True,False
5301667392389717,对不起王鹤棣，我同时也要向所有波及到这件事的人道歉。关于最后一期给主理人的奖项名称，当时是想到了我们在客栈的一个梗“你只是个王鹤棣”，沿用这个梗的本意是他终于可以放下主理人的身份轻松地做回自己了。更何况，王鹤棣三个字在我心里就是一个“十项全能奖”。因此忽略了主理人的感受，再次道歉，对不起。我记得当时备采问过我一个问题，大概是说，你认为他什么时刻最像一个主理人，我回答的是“每一刻”，然后补充了答案的理由。我从来没有想要贬低任何一个合作伙伴的意思。拉小群的事，我放一张图片解释吧。在颁奖词中提到的小群大家是开玩笑的，当时并没有小群，真正的小群是2.13日我拉的。用途只是为了主理人新电影包场。没有拉宸逍也跟宸逍提前打过招呼，不想让他花两份钱，但我们的包场还是以团体的名义。很开心和所有伙伴走过这一段快乐的时光。衷心地祝节目收官快乐。,1779528269,2026-05-23 09:24:29+08:00,1070882,68866,112513,1779545037636,https://m.weibo.cn/detail/5301667392389717,广东,5331040243,沈月,f,https://m.weibo.cn/u/5331040243?luicode=20000061&lfid=5301667392389717&launchid=10000360-page_H5,"https://tvax3.sinaimg.cn/crop.0.0.1043.1043.180/005OMv63ly8i1obhxagprj30sz0sz76q.jpg?KID=imgbed,tva&Expires=1779555811&ssig=Ru%2FHX%2FP4Jf",沈月向王鹤棣道歉,search_contents_2026-05-23.csv,search_post,,对不起王鹤棣我同时也要向所有波及到这件事的人道歉关于最后一期给主理人的奖项名称当时是想到了我们在客栈的一个梗你只是个王鹤棣沿用这个梗的本意是他终于可以放下主理人的身份轻松地做回自己了更何况王鹤棣三个字在我心里就是一个十项全能奖因此忽略了主理人的感受再次道歉对不起我记得当时备采问过我一个问题大概是说你认为他什么时刻最像一个主理人我回答的是每一刻然后补充了答案的理由我从来没有想要贬低任何一个合作伙伴的意思拉小群的事我放一张图片解释吧在颁奖词中提到的小群大家是开玩笑的当时并没有小群真正的小群是213日我拉的用途只是为了主理人新电影包场没有拉宸逍也跟宸逍提前打过招呼不想让他花两份钱但我们的包场还是以团体的名义很开心和所有伙伴走过这一段快乐的时光衷心地祝节目收官快乐,True,False
5301700466575690,这季《亲爱的客栈》王鹤棣当主理人，结果最后大家给他评了个“最佳你只是个王鹤棣奖”。#沈月 王鹤棣#节目播出后网友们各种分析，觉得王鹤棣被孤立被针对了，还联想到之前直播连线王鹤棣当面发现其他人还有小群这事儿做证据。结果王鹤棣本人也看进去了，大半夜发了个微博说自己当时确实不舒服。工作室迅速转发补充，肯定王鹤棣的付出，那么原博就不再是个人行为，而是团队上下通气的要说法。#沈月向王鹤棣道歉#事情闹大后沈月也回应了，说颁奖时只是想用现成的梗去表示“你可以放下主理人身份做回王鹤棣了”，强调自己心里一直都非常尊重王鹤棣的付出。拉小群是当时为了给王鹤棣新电影包场，已经单独包过的人也没在群里。沈月发完微博，她的工作室也跟进了，肯定沈月无愧于心后又表示保留对恶意诋毁的诉讼权利。好端端的关系闹成这样，双方工作室下场那就是撕破脸了。,1779536155,2026-05-23 11:35:55+08:00,25332,1145,124,1779545037644,https://m.weibo.cn/detail/5301700466575690,北京,1885688010,吃瓜群众CJ,m,https://m.weibo.cn/u/1885688010?luicode=20000061&lfid=5301700466575690&launchid=10000360-page_H5,"https://tvax2.sinaimg.cn/crop.0.0.1242.1242.180/706550caly8frvt0nrq0nj20yi0yigoh.jpg?KID=imgbed,tva&Expires=1779555818&ssig=iMwvIlgyvb",沈月向王鹤棣道歉,search_contents_2026-05-23.csv,search_post,,这季亲爱的客栈王鹤棣当主理人结果最后大家给他评了个最佳你只是个王鹤棣奖节目播出后网友们各种分析觉得王鹤棣被孤立被针对了还联想到之前直播连线王鹤棣当面发现其他人还有小群这事儿做证据结果王鹤棣本人也看进去了大半夜发了个微博说自己当时确实不舒服工作室迅速转发补充肯定王鹤棣的付出那么原博就不再是个人行为而是团队上下通气的要说法事情闹大后沈月也回应了说颁奖时只是想用现成的梗去表示你可以放下主理人身份做回王鹤棣了强调自己心里一直都非常尊重王鹤棣的付出拉小群是当时为了给王鹤棣新电影包场已经单独包过的人也没在群里沈月发完微博她的工作室也跟进了肯定沈月无愧于心后又表示保留对恶意诋毁的诉讼权利好端端的关系闹成这样双方工作室下场那就是撕破脸了,True,False
5301733588992744,没有王鹤棣的群一共3个，一个火锅群，一个导演群，一个给王鹤棣的电影包场群。大家直播都大大方方说了出来，王鹤棣脸上有一点点挂不住，但是也跟着众人一起开玩笑。沈月和王鹤棣认识8年的朋友，他新片上映组织包场忙前忙后。最后被他网暴到出来公开道歉。说实话我也是开眼界了。#王鹤棣回旋镖##沈月向王鹤棣道歉# 王玮晨的微博视频,1779544052,2026-05-23 13:47:32+08:00,11304,461,59,1779545037650,https://m.weibo.cn/detail/5301733588992744,湖南,5386924056,王玮晨,m,https://m.weibo.cn/u/5386924056?luicode=20000061&lfid=5301733588992744&launchid=10000360-page_H5,"https://tvax4.sinaimg.cn/crop.0.0.480.480.180/005SyZ1Sly8i3tl9bvkkkj30dc0dc3yz.jpg?KID=imgbed,tva&Expires=1779555822&ssig=rRIDRKlRJN",沈月向王鹤棣道歉,search_contents_2026-05-23.csv,search_post,,没有王鹤棣的群一共3个一个火锅群一个导演群一个给王鹤棣的电影包场群大家直播都大大方方说了出来王鹤棣脸上有一点点挂不住但是也跟着众人一起开玩笑沈月和王鹤棣认识8年的朋友他新片上映组织包场忙前忙后最后被他网暴到出来公开道歉说实话我也是开眼界了 王玮晨的微博视频,True,False
5301678610843309,但是有一说一，王鹤棣真的没点名，他粉丝也没点名#沈月向王鹤棣道歉# ,1779530944,2026-05-23 10:09:04+08:00,14601,846,68,1779545037654,https://m.weibo.cn/detail/5301678610843309,安徽,1728075935,焦安然I,f,https://m.weibo.cn/u/1728075935?launchid=10000360-page_H5,"https://tvax4.sinaimg.cn/crop.0.0.1080.1080.180/6700589fly8i5mspjgca3j20u00u0jt0.jpg?KID=imgbed,tva&Expires=1779555810&ssig=WMwSPzFg44",沈月向王鹤棣道歉,search_contents_2026-05-23.csv,search_post,,但是有一说一王鹤棣真的没点名他粉丝也没点名 ,True,False
5301687012558045,#沈月向王鹤棣道歉#果然都是演员…综艺里面看着感情那么好 但有一说一这也不至于吧，他自己不也说有什么事情可以直接说吗有必要发微博吗，那么好的群像剧都被毁了感觉，大家十几天的努力都像个笑话，如果是朋友的话私底下完全可以私底下沟通啊吴泽林语气 吴泽林 王鹤棣 王鹤棣出道八年第一次这样 棣月系,1779532947,2026-05-23 10:42:27+08:00,30841,1041,29,1779545037659,https://m.weibo.cn/detail/5301687012558045,湖南,7352131301,清纯汉堡,f,https://m.weibo.cn/u/7352131301?luicode=20000061&lfid=5301687012558045&launchid=10000360-page_H5,"https://tvax1.sinaimg.cn/crop.0.0.1080.1080.180/0081yNcVly8iczntvnq0yj30u00u0jvu.jpg?KID=imgbed,tva&Expires=1779555825&ssig=C6klMIfz9x",沈月向王鹤棣道歉,search_contents_2026-05-23.csv,search_post,,果然都是演员综艺里面看着感情那么好 但有一说一这也不至于吧他自己不也说有什么事情可以直接说吗有必要发微博吗那么好的群像剧都被毁了感觉大家十几天的努力都像个笑话如果是朋友的话私底下完全可以私底下沟通啊吴泽林语气 吴泽林 王鹤棣 王鹤棣出道八年第一次这样 棣月系,True,False
5301781749041388,完全止不住了，王鹤棣过往对虞书欣、沈月等人的诸多“开玩笑”动作，都被重新翻出来了……王鹤棣估计自己也没料到，这事会发酵到这么大吧？ #沈月向王鹤棣道歉# #棣欣引力# ,1779555534,2026-05-23 16:58:54+08:00,2271,184,77,1779545037664,https://m.weibo.cn/detail/5301781749041388,北京,2929571482,Real皮皮王,m,https://m.weibo.cn/u/2929571482?launchid=10000360-page_H5,"https://tvax1.sinaimg.cn/crop.0.0.440.440.180/003cgbmWly8h8teh09fuoj60c80c80ta02.jpg?KID=imgbed,tva&Expires=1779555810&ssig=2zo5%2BNpTCf",沈月向王鹤棣道歉,search_contents_2026-05-23.csv,search_post,,完全止不住了王鹤棣过往对虞书欣沈月等人的诸多开玩笑动作都被重新翻出来了王鹤棣估计自己也没料到这事会发酵到这么大吧   ,True,False
5301849991416794,"#狼队战胜AG# ｜ 狼队5:3 AGAG开局红区的入侵明显是看到狼队在蓝区有三个人，想多打少去反红，但是紫幻的西施先钓夏侯惇再钓老夫子，尤其是钓老夫子这一下，细节等队友的支援再二段，然后西施又在上路找到了一波机会，狼队在赛点局4:0的开局，狼队前期的节奏基本上都是这个西施开到的，对于AG来说还有个隐患就是皖皖哪吒的经济，十分多钟下路这一波哪吒关键开团开到带线的老夫子，从团战的开始打到最后，一个人几乎扛了所有，狼队一波一换四彻底掌握住了局势，在13分钟的时候，哪吒已经对位领先了3.8K的经济，苍也已经领先了2.5K的经济，这两个关键点狼队都是全面领先,整体的经济差上面已经1万了，接下来就是海诺修塔，狼队拆塔，狼队一共拆了 13座塔，最后一波AG在这么大的经济差面前，打得已经很不错了，但是狼队只倒下来一个辅助",1779571804,2026-05-23 21:30:04+08:00,6270,491,98,1779545113506,https://m.weibo.cn/detail/5301849991416794,四川,1793272700,久爱吃瓜,f,https://m.weibo.cn/u/1793272700?luicode=20000061&lfid=5301849991416794&launchid=10000360-page_H5,"https://tvax1.sinaimg.cn/crop.0.0.1080.1080.180/6ae32b7cly1iac3dbbk2xj20u00u0q4a.jpg?KID=imgbed,tva&Expires=1779555894&ssig=yYOJvMzd8O",AG对战狼队,search_contents_2026-05-23.csv,search_post,,  狼队53 AGAG开局红区的入侵明显是看到狼队在蓝区有三个人想多打少去反红但是紫幻的西施先钓夏侯惇再钓老夫子尤其是钓老夫子这一下细节等队友的支援再二段然后西施又在上路找到了一波机会狼队在赛点局40的开局狼队前期的节奏基本上都是这个西施开到的对于AG来说还有个隐患就是皖皖哪吒的经济十分多钟下路这一波哪吒关键开团开到带线的老夫子从团战的开始打到最后一个人几乎扛了所有狼队一波一换四彻底掌握住了局势在13分钟的时候哪吒已经对位领先了38K的经济苍也已经领先了25K的经济这两个关键点狼队都是全面领先整体的经济差上面已经1万了接下来就是海诺修塔狼队拆塔狼队一共拆了 13座塔最后一波AG在这么大的经济差面前打得已经很不错了但是狼队只倒下来一个辅助,True,False
5301789475734580,#ag对战狼队# ｜AG 2:0 狼队钟意梦奇偷家成功其实狼队在前期拿到了一些人头优势，但是经济差始终没有拉开，从10分钟开始狼队不管是先手还是反手团战都没有打赢，甚至在有暴君Buff的加持下，还打了一波三换二，AG虽然看起来没什么伤害，但如果是一套钟馗加小乔的一套技能，元坦可能都有点吃不住，这局长生的小乔打出了非常高的伤害，而轩染的芈月几乎在团战中没有人管拿到优势之后AG打得一点也不着急，而狼队这边，道崽的戈娅也上演了一波峡谷环游记，最后一波可能所有的注意力都在狼队去追芈月的身上，但其实上路有一波兵线梦奇暗度陈仓,1779557376,2026-05-23 17:29:36+08:00,2200,397,35,1779545113512,https://m.weibo.cn/detail/5301789475734580,四川,1793272700,久爱吃瓜,f,https://m.weibo.cn/u/1793272700?luicode=20000061&lfid=5301789475734580&launchid=10000360-page_H5,"https://tvax1.sinaimg.cn/crop.0.0.1080.1080.180/6ae32b7cly1iac3dbbk2xj20u00u0q4a.jpg?KID=imgbed,tva&Expires=1779555897&ssig=0N8for9NhU",AG对战狼队,search_contents_2026-05-23.csv,search_post,, AG 20 狼队钟意梦奇偷家成功其实狼队在前期拿到了一些人头优势但是经济差始终没有拉开从10分钟开始狼队不管是先手还是反手团战都没有打赢甚至在有暴君Buff的加持下还打了一波三换二AG虽然看起来没什么伤害但如果是一套钟馗加小乔的一套技能元坦可能都有点吃不住这局长生的小乔打出了非常高的伤害而轩染的芈月几乎在团战中没有人管拿到优势之后AG打得一点也不着急而狼队这边道崽的戈娅也上演了一波峡谷环游记最后一波可能所有的注意力都在狼队去追芈月的身上但其实上路有一波兵线梦奇暗度陈仓,True,False
5301345269579903,一诺xbc 5.23【2026年挑杯总决赛】AG VS 重庆狼队发个23号的比赛剧透贴（已报备）几换几默认我们在前基本都会报会发图片，如果场馆网不好可能较慢（如果有想知道的可以在我的评论下回一下局内🚫开新楼结束了可以单独发楼层啦） ,1779451468,2026-05-22 12:04:28+08:00,4093,2248,243,1779545113521,https://m.weibo.cn/detail/5301345269579903,四川,6198544430,椿日汀雨来信,m,https://m.weibo.cn/u/6198544430?launchid=10000360-page_H5,"https://tvax4.sinaimg.cn/crop.0.0.1080.1080.180/006Lusz4ly8icyg4e4agaj30u00u0762.jpg?KID=imgbed,tva&Expires=1779555894&ssig=8pDQLFndQh",AG对战狼队,search_contents_2026-05-23.csv,search_post,,一诺xbc 5232026年挑杯总决赛AG VS 重庆狼队发个23号的比赛剧透贴已报备几换几默认我们在前基本都会报会发图片如果场馆网不好可能较慢如果有想知道的可以在我的评论下回一下局内开新楼结束了可以单独发楼层啦 ,True,False
5301676338054566,#2026挑杯决赛首发名单#重庆狼队 vs 成都AG超玩会对抗路：重庆狼队.清清打    野：重庆狼队.皖皖中    路：重庆狼队.紫幻发育路：重庆狼队.道崽游走位：重庆狼队.信#狼心所向决战沪上#狼队王者荣耀 ,1779530402,2026-05-23 10:00:02+08:00,4214,1422,330,1779545113529,https://m.weibo.cn/detail/5301676338054566,上海,6180100850,狼队王者荣耀分部,m,https://m.weibo.cn/u/6180100850?launchid=10000360-page_H5,"https://tvax2.sinaimg.cn/crop.0.0.1080.1080.180/006Kf4xYly8i5ayl32y9mj30u00u075g.jpg?KID=imgbed,tva&Expires=1779555894&ssig=WTdNN7Xaed",AG对战狼队,search_contents_2026-05-23.csv,search_post,,重庆狼队 vs 成都AG超玩会对抗路重庆狼队清清打    野重庆狼队皖皖中    路重庆狼队紫幻发育路重庆狼队道崽游走位重庆狼队信狼队王者荣耀 ,True,False
5301350684164409,一诺xbc【2026年KPL王者荣耀挑战者杯总决赛赛程预告】5月23日 16:00成都AG超玩会 VS  重庆狼队追梦的人 一定能捧起最后的奖杯吗？——倘若这座奖杯里，埋藏了我三年的意难平呢？曾经我们 都扑过空 也跌过痛岁月辗转 四季更迭是谁 依然紧握信仰 昂着头 奔跑在烈风中越完美的人越怕不完美所以，怕吧，怕里藏着最英勇的勇气所以，战吧，战中书写最无憾的传奇那些焦虑与不甘，终会化作铠甲那些辗转与等待，终将迎来回响唯有亲手撕碎遗憾，让复仇的火焰燃尽所有的犹疑世界记得你加练的深夜，也终将见证你加冕的黎明以执念赴终局之战，凭锋芒揽至高桂冠！文案：离别美工：小鸡,1779452760,2026-05-22 12:26:00+08:00,1625,338,238,1779545113536,https://m.weibo.cn/detail/5301350684164409,江苏,2719326793,一诺·斑马乐园后援会,m,https://m.weibo.cn/u/2719326793?luicode=20000061&lfid=5301350684164409&launchid=10000360-page_H5,"https://tvax4.sinaimg.cn/crop.0.0.1080.1080.180/a215a249ly8icdp17m1raj20u00u0td0.jpg?KID=imgbed,tva&Expires=1779555901&ssig=CkesLtw5Ry",AG对战狼队,search_contents_2026-05-23.csv,search_post,,一诺xbc2026年KPL王者荣耀挑战者杯总决赛赛程预告5月23日 1600成都AG超玩会 VS  重庆狼队追梦的人 一定能捧起最后的奖杯吗倘若这座奖杯里埋藏了我三年的意难平呢曾经我们 都扑过空 也跌过痛岁月辗转 四季更迭是谁 依然紧握信仰 昂着头 奔跑在烈风中越完美的人越怕不完美所以怕吧怕里藏着最英勇的勇气所以战吧战中书写最无憾的传奇那些焦虑与不甘终会化作铠甲那些辗转与等待终将迎来回响唯有亲手撕碎遗憾让复仇的火焰燃尽所有的犹疑世界记得你加练的深夜也终将见证你加冕的黎明以执念赴终局之战凭锋芒揽至高桂冠文案离别美工小鸡,True,False
5301486083117603,AG和狼队共打过七次决赛2017：狼4-0AG2019：狼1-4AG2023：狼4-2AG2024：狼4-3AG2024：狼2-4AG2024：狼3-5AG2025：狼2-4AG2026年挑战者杯将是两支战队第八次决赛同时也是联盟两支战队决赛遇到最多的两支战队，目前AG决赛4-3领先狼一回合，本次决赛狼如果赢了那么决赛对AG胜率拉到50%，如果输了那么胜率两会被进一步拉开！,1779485042,2026-05-22 21:24:02+08:00,852,31,0,1779545113543,https://m.weibo.cn/detail/5301486083117603,河南,6348057090,小嬷王,f,https://m.weibo.cn/u/6348057090?luicode=20000061&lfid=5301486083117603&launchid=10000360-page_H5,"https://tvax4.sinaimg.cn/crop.0.0.1069.1069.180/006VBNDAly8hum0ny6ks7j30tp0tqdii.jpg?KID=imgbed,tva&Expires=1779555904&ssig=FN5QwkStnb",AG对战狼队,search_contents_2026-05-23.csv,search_post,,AG和狼队共打过七次决赛2017狼40AG2019狼14AG2023狼42AG2024狼43AG2024狼24AG2024狼35AG2025狼24AG2026年挑战者杯将是两支战队第八次决赛同时也是联盟两支战队决赛遇到最多的两支战队目前AG决赛43领先狼一回合本次决赛狼如果赢了那么决赛对AG胜率拉到50如果输了那么胜率两会被进一步拉开,True,False
5301708938806056,捡到一张杨紫玉兰花开君再来杀青合照 ,1779538175,2026-05-23 12:09:35+08:00,5309,156,88,1779545172470,https://m.weibo.cn/detail/5301708938806056,湖北,2701584757,Du_Mber小姐,f,https://m.weibo.cn/u/2701584757?launchid=10000360-page_H5,"https://tvax2.sinaimg.cn/crop.0.0.1080.1080.180/a106e975ly8i74xehrx0xj20u00u0gop.jpg?KID=imgbed,tva&Expires=1779555969&ssig=nkEtUfpGzU",杨紫玉兰花开君再来杀青合照,search_contents_2026-05-23.csv,search_post,,捡到一张杨紫玉兰花开君再来杀青合照 ,True,False
5301725164473445,杨紫、欧豪《玉兰花开君再来》董竹君象山杀青！昨夜赶回北京继续拍故居戏份！ ,1779542043,2026-05-23 13:14:03+08:00,154,11,11,1779545172476,https://m.weibo.cn/detail/5301725164473445,湖南,5688664042,娱乐野生菌,m,https://m.weibo.cn/u/5688664042?launchid=10000360-page_H5,"https://tvax3.sinaimg.cn/crop.0.0.1080.1080.180/006cZ3nQgy1i8dohlhnenj60u00u0whw02.jpg?KID=imgbed,tva&Expires=1779555969&ssig=DQSRSeOiFW",杨紫玉兰花开君再来杀青合照,search_contents_2026-05-23.csv,search_post,,杨紫欧豪玉兰花开君再来董竹君象山杀青昨夜赶回北京继续拍故居戏份 ,True,False
5301732879892642,杨紫《玉兰花开君再来》杀青合照，温柔的紫 ,1779543882,2026-05-23 13:44:42+08:00,566,14,2,1779545172480,https://m.weibo.cn/detail/5301732879892642,湖南,6084463177,学不会玩滑板,m,https://m.weibo.cn/u/6084463177?launchid=10000360-page_H5,"https://tvax2.sinaimg.cn/crop.0.0.360.360.180/006DLMORly8hajs9cl4pgj30a00a0q31.jpg?KID=imgbed,tva&Expires=1779555969&ssig=95GxV1zZFl",杨紫玉兰花开君再来杀青合照,search_contents_2026-05-23.csv,search_post,,杨紫玉兰花开君再来杀青合照温柔的紫 ,True,False
5301709681460594,杨紫玉兰花开君再来杀青合照 好美好温柔啊 ,1779538352,2026-05-23 12:12:32+08:00,1226,21,5,1779545172486,https://m.weibo.cn/detail/5301709681460594,广东,2002164623,问候狗志1106次,f,https://m.weibo.cn/u/2002164623?launchid=10000360-page_H5,"https://tvax1.sinaimg.cn/crop.0.0.1080.1080.180/77569b8fly8id8bl5rpuhj20u00u0wil.jpg?KID=imgbed,tva&Expires=1779555969&ssig=qUa4bhfL8A",杨紫玉兰花开君再来杀青合照,search_contents_2026-05-23.csv,search_post,,杨紫玉兰花开君再来杀青合照 好美好温柔啊 ,True,False
5301859046660689,#杨紫玉兰花开君再来杀青合照#恭喜恭喜，杀青了杨紫#杨紫# ,1779573963,2026-05-23 22:06:03+08:00,0,0,0,1779545172496,https://m.weibo.cn/detail/5301859046660689,广东,7923041035,奥奥紫and金鱼棋,f,https://m.weibo.cn/u/7923041035?launchid=10000360-page_H5,"https://tvax4.sinaimg.cn/crop.0.0.1080.1080.180/008EcgUrly8hukyl8hl9qj30u00u0n0x.jpg?KID=imgbed,tva&Expires=1779555969&ssig=F%2B4C%2Bbtf20",杨紫玉兰花开君再来杀青合照,search_contents_2026-05-23.csv,search_post,,恭喜恭喜杀青了杨紫 ,True,False
5301857631077598,杨紫#杨紫玉兰花开君再来杀青合照## 杨紫李祯# yz困成一只狗每天打瞌睡打到不行 ,1779573626,2026-05-23 22:00:26+08:00,0,1,0,1779545172499,https://m.weibo.cn/detail/5301857631077598,湖南,7772051269,为旎-而来,f,https://m.weibo.cn/u/7772051269?launchid=10000360-page_H5,"https://tvax3.sinaimg.cn/crop.0.0.1080.1080.180/008tYJzDly8i71lsf1mzqj30u00u00vd.jpg?KID=imgbed,tva&Expires=1779555969&ssig=bkmY4l5OEH",杨紫玉兰花开君再来杀青合照,search_contents_2026-05-23.csv,search_post,,杨紫 yz困成一只狗每天打瞌睡打到不行 ,True,False
5301857584944729,杨紫#杨紫玉兰花开君再来杀青合照# 杀青了 ,1779573615,2026-05-23 22:00:15+08:00,0,0,0,1779545172502,https://m.weibo.cn/detail/5301857584944729,河南,7900373174,紫筱雾,f,https://m.weibo.cn/u/7900373174?launchid=10000360-page_H5,"https://tvax3.sinaimg.cn/crop.0.0.1080.1080.180/008CF9XMly8idfr03vjsej30u00u0q75.jpg?KID=imgbed,tva&Expires=1779555969&ssig=t4iTS3fD7p",杨紫玉兰花开君再来杀青合照,search_contents_2026-05-23.csv,search_post,,杨紫 杀青了 ,True,False
5301677336297732,感情里有一个最微妙的悖论 ,1779530640,2026-05-23 10:04:00+08:00,5645,329,613,1779545261093,https://m.weibo.cn/detail/5301677336297732,浙江,5974461535,人间吐司,f,https://m.weibo.cn/u/5974461535?launchid=10000360-page_H5,"https://tvax1.sinaimg.cn/crop.0.0.960.960.180/006wkemPly8hsg0mftsa2j30qo0qogpi.jpg?KID=imgbed,tva&Expires=1779556048&ssig=Az1PZgtZl3",感情里有一个最微妙的悖论,search_contents_2026-05-23.csv,search_post,,感情里有一个最微妙的悖论 ,True,False
5301762019824983,#感情里有一个最微妙的悖论#实话讲，“他其实没有坏心”往往就是让人陷入痛苦的原因我见过太多女生，明明知道男人能力有限、处理感情笨拙，但还是一遍遍受伤，又一遍遍原谅因为她们把“他没恶意”当成了自己的免责符，可实际上，伤害早就实打实地发生在你身上了这么聪明的姑娘，怎么一谈恋爱，就把自己的情绪安全感当成可以无底线割韭菜的免费荒地了哦？但实际上你受伤的感觉是真实的他的无心只是事实，绝不是可以反复碾压你边界的借口两性牌桌上，这是一种隐秘的“认知压制”你以为自己是在用温柔和懂事去包容一个长不大的巨婴，甚至奢望他能通过你的委屈感动天感动地、最后完成自我进化。这就是最坑人的情感教育但你要明白，人在关系里是欺软怕硬的你每一次所谓的“忍一忍就过去”，本质上都是在训练对方，你的笨拙和局限，比我的自尊更重要久而久之，你的情感免疫力直接被榨干，直到连自己真正想要什么都开始模糊真正高配位的女人，从来不当“情绪奶妈”，更不靠出卖自己的痛苦去向一段低价值的关系献殷勤所以你要把自己的“不被消耗”看得很重，严肃一点对待越早认清他的局限、降维你的期待，你才越能守住自尊和安全感温柔不是无底线，划清界限、用理智稳住情绪，才是爱情里最高级的操作如果你发现自己已经被反复消耗，却依然不知道怎么在不失去他的同时，把自己像命一样死死抓紧，那就来找我#生活碎碎念#,1779550830,2026-05-23 15:40:30+08:00,542,24,60,1779545261100,https://m.weibo.cn/detail/5301762019824983,浙江,2703597591,晓生,m,https://m.weibo.cn/u/2703597591?luicode=20000061&lfid=5301762019824983&launchid=10000360-page_H5,"https://tvax1.sinaimg.cn/crop.0.0.1080.1080.180/a125a017ly8id8jfiwwrej20u00u0gmn.jpg?KID=imgbed,tva&Expires=1779556048&ssig=HEnMO2KStx",感情里有一个最微妙的悖论,search_contents_2026-05-23.csv,search_post,,实话讲他其实没有坏心往往就是让人陷入痛苦的原因我见过太多女生明明知道男人能力有限处理感情笨拙但还是一遍遍受伤又一遍遍原谅因为她们把他没恶意当成了自己的免责符可实际上伤害早就实打实地发生在你身上了这么聪明的姑娘怎么一谈恋爱就把自己的情绪安全感当成可以无底线割韭菜的免费荒地了哦但实际上你受伤的感觉是真实的他的无心只是事实绝不是可以反复碾压你边界的借口两性牌桌上这是一种隐秘的认知压制你以为自己是在用温柔和懂事去包容一个长不大的巨婴甚至奢望他能通过你的委屈感动天感动地最后完成自我进化这就是最坑人的情感教育但你要明白人在关系里是欺软怕硬的你每一次所谓的忍一忍就过去本质上都是在训练对方你的笨拙和局限比我的自尊更重要久而久之你的情感免疫力直接被榨干直到连自己真正想要什么都开始模糊真正高配位的女人从来不当情绪奶妈更不靠出卖自己的痛苦去向一段低价值的关系献殷勤所以你要把自己的不被消耗看得很重严肃一点对待越早认清他的局限降维你的期待你才越能守住自尊和安全感温柔不是无底线划清界限用理智稳住情绪才是爱情里最高级的操作如果你发现自己已经被反复消耗却依然不知道怎么在不失去他的同时把自己像命一样死死抓紧那就来找我,True,False
5301773594005251,#感情里有一个最微妙的悖论#感情里藏着耐人寻味的悖论，越是拼命想要留住真心，反而容易把对方推远。适度松弛懂得分寸，顺其自然相处，反倒更容易稳稳守住彼此的缘分。 ,1779553590,2026-05-23 16:26:30+08:00,40,1,0,1779545261104,https://m.weibo.cn/detail/5301773594005251,河南,7745264176,玻璃不埋怨my,f,https://m.weibo.cn/u/7745264176?launchid=10000360-page_H5,"https://tvax4.sinaimg.cn/crop.0.0.1080.1080.180/008sal1Kly8hxzlk52zxqj30u00u0aeu.jpg?KID=imgbed,tva&Expires=1779556048&ssig=ueCrBbAInt",感情里有一个最微妙的悖论,search_contents_2026-05-23.csv,search_post,,感情里藏着耐人寻味的悖论越是拼命想要留住真心反而容易把对方推远适度松弛懂得分寸顺其自然相处反倒更容易稳稳守住彼此的缘分 ,True,False
5301784696324638,感情里有一个最微妙的悖论如果你选择在看清他回避、懦弱、无法担当的人格底色后，不转身离开，而是调整自己的全部节奏去适配他，结果将会是一场“缓慢的、充满自我否定的精神自杀”。这不再是爱情，而是一场你主动参与的、对自我价值的凌迟。看懂他，理解他然后就会生出从上到下的大局观从而怜悯他，宽恕他，这是你自己的功课，但是解救他，陪伴他，这就可不是你自己的功课了。要学会接受一个人的局限性，放过别人也放过自己。无需改变别人，那是别人的课题。人只能改变自己。可以明白，可以理解，可以知道，但不能心软。风大记得收伞，及时止损。,1779556237,2026-05-23 17:10:37+08:00,87,12,3,1779545261110,https://m.weibo.cn/detail/5301784696324638,广东,7917173165,椿日亦梦,m,https://m.weibo.cn/u/7917173165?luicode=20000061&lfid=5301784696324638&launchid=10000360-page_H5,"https://tvax2.sinaimg.cn/crop.0.0.1080.1080.180/008DNEpnly8idfknmwjyhj30u00u00wt.jpg?KID=imgbed,tva&Expires=1779556051&ssig=dHdcqhCYOM",感情里有一个最微妙的悖论,search_contents_2026-05-23.csv,search_post,,感情里有一个最微妙的悖论如果你选择在看清他回避懦弱无法担当的人格底色后不转身离开而是调整自己的全部节奏去适配他结果将会是一场缓慢的充满自我否定的精神自杀这不再是爱情而是一场你主动参与的对自我价值的凌迟看懂他理解他然后就会生出从上到下的大局观从而怜悯他宽恕他这是你自己的功课但是解救他陪伴他这就可不是你自己的功课了要学会接受一个人的局限性放过别人也放过自己无需改变别人那是别人的课题人只能改变自己可以明白可以理解可以知道但不能心软风大记得收伞及时止损,True,False
5301763936093812,感情里最磨人的从不是明目张胆的恶意，而是这份说不清道不明的悖论。 我们慢慢看清一个人的全貌，知道他不是坏人，他的冷漠、笨拙、敷衍，从来不是故意要伤害你。只是他能力有限、格局有限、爱人的方式也有限。他认知里的满分付出，已经是他能拿出来的全部，他不懂你的委屈，也不会处理亲密关系里的矛盾，所有伤人的行为，都源于他的短板，而非本心的恶意。 可最难过的地方就在这里。没有恶意，不代表没有伤害。那些落空的期待、独自熬过的委屈、反复内耗的夜晚都是真的，他的局限实实在在刺痛了真心。 这时不必纠结原谅还是放弃，最好的答案不过四个字：风大收伞。 晴天的时候，我们可以共赏风雨、并肩同行，坦然接受他所有的普通与不完美。可当风太大、雨太急，他撑不住你的情绪，护不住你的温柔，甚至让你不断淋雨受伤时，就别硬撑着共伞了。 不用怪罪，不用怨恨，更不用勉强自己原谅。只是认清现实：他仅此而已，给不了你想要的偏爱与安稳。收伞离场不是认输，也不是记仇，是放过自己。不消耗、不纠缠，体面退出这场，注定委屈自己的关系。#感情里有一个最微妙的悖论#感情里有一个最微妙的悖论 Saoirse是自由的微博视频,1779551287,2026-05-23 15:48:07+08:00,68,38,0,1779545261115,https://m.weibo.cn/detail/5301763936093812,河北,5535324705,Saoirse是自由,f,https://m.weibo.cn/u/5535324705?luicode=20000061&lfid=5301763936093812&launchid=10000360-page_H5,"https://tvax1.sinaimg.cn/crop.0.0.1080.1080.180/0062BEOJly8i8rzmtt5dtj30u00u0acm.jpg?KID=imgbed,tva&Expires=1779556055&ssig=BJRAuOniyJ",感情里有一个最微妙的悖论,search_contents_2026-05-23.csv,search_post,,感情里最磨人的从不是明目张胆的恶意而是这份说不清道不明的悖论 我们慢慢看清一个人的全貌知道他不是坏人他的冷漠笨拙敷衍从来不是故意要伤害你只是他能力有限格局有限爱人的方式也有限他认知里的满分付出已经是他能拿出来的全部他不懂你的委屈也不会处理亲密关系里的矛盾所有伤人的行为都源于他的短板而非本心的恶意 可最难过的地方就在这里没有恶意不代表没有伤害那些落空的期待独自熬过的委屈反复内耗的夜晚都是真的他的局限实实在在刺痛了真心 这时不必纠结原谅还是放弃最好的答案不过四个字风大收伞 晴天的时候我们可以共赏风雨并肩同行坦然接受他所有的普通与不完美可当风太大雨太急他撑不住你的情绪护不住你的温柔甚至让你不断淋雨受伤时就别硬撑着共伞了 不用怪罪不用怨恨更不用勉强自己原谅只是认清现实他仅此而已给不了你想要的偏爱与安稳收伞离场不是认输也不是记仇是放过自己不消耗不纠缠体面退出这场注定委屈自己的关系感情里有一个最微妙的悖论 Saoirse是自由的微博视频,True,False
5301765848433589,#感情里有一个最微妙的悖论#感情里很矛盾，风越大，反倒越握紧雨伞。越是在乎一个人，就越不敢主动付出。害怕真心被辜负，索性慢慢收起热情。 花蕊萦人的微博视频 ,1779551743,2026-05-23 15:55:43+08:00,94,8,1,1779545261121,https://m.weibo.cn/detail/5301765848433589,广东,6476270537,花蕊萦人,f,https://m.weibo.cn/u/6476270537?launchid=10000360-page_H5,"https://tvax3.sinaimg.cn/crop.0.1.1080.1080.180/005BHmQ1ly8ia98z3xokbj30u00u0wkz.jpg?KID=imgbed,tva&Expires=1779556048&ssig=jR9FiMosAn",感情里有一个最微妙的悖论,search_contents_2026-05-23.csv,search_post,,感情里很矛盾风越大反倒越握紧雨伞越是在乎一个人就越不敢主动付出害怕真心被辜负索性慢慢收起热情 花蕊萦人的微博视频 ,True,False
5301796399485524,#感情里有一个最微妙的悖论#放弃是让自己学会爱，去爱值得的人，而不是一直消耗你的人！#跨界破圈热点共创# 摩羯锦鲤姐姐的微博视频 ,1779559027,2026-05-23 17:57:07+08:00,50,2,3,1779545261127,https://m.weibo.cn/detail/5301796399485524,广西,1441715872,摩羯锦鲤姐姐,f,https://m.weibo.cn/u/1441715872?launchid=10000360-page_H5,"https://tvax3.sinaimg.cn/crop.0.0.1080.1080.180/55eed6a0ly8i5tqsrhg4bj20u00u0wgv.jpg?KID=imgbed,tva&Expires=1779556048&ssig=0CbK5Zz6Xf",感情里有一个最微妙的悖论,search_contents_2026-05-23.csv,search_post,,放弃是让自己学会爱去爱值得的人而不是一直消耗你的人 摩羯锦鲤姐姐的微博视频 ,True,False
5301799194198642,感情里有一个最微妙的悖论当伤害来源于对方的局限性我们该原谅还是离开 京山·圣境村 苗乐伟-的微博视频 ,1779559693,2026-05-23 18:08:13+08:00,60,11,2,1779545261134,https://m.weibo.cn/detail/5301799194198642,湖北,3867129892,苗乐伟-,m,https://m.weibo.cn/u/3867129892?launchid=10000360-page_H5,"https://tvax4.sinaimg.cn/crop.0.0.1080.1080.180/e67fb824ly8i09pqm5nnvj20u00u0q70.jpg?KID=imgbed,tva&Expires=1779556048&ssig=VM7rpRuJin",感情里有一个最微妙的悖论,search_contents_2026-05-23.csv,search_post,,感情里有一个最微妙的悖论当伤害来源于对方的局限性我们该原谅还是离开 京山圣境村 苗乐伟的微博视频 ,True,False
5301794789655054,【消息人士：#以色列没有参与美伊停火前的讨论#】当地时间5月23日，据美国方面消息，两名以色列国防官员透露，美国几乎完全将以色列排除在与伊朗的谈判之外。消息称，以色列根本没有参与停火前的讨论，而是通过其他手段了解美伊谈判的进展。消息还指出，在今年早些时候对伊朗发动军事行动之前，以色列总理内塔尼亚胡曾与美国总统特朗普密切协调，并在华盛顿的白宫战情室主持了相关讨论。（央视新闻）#特朗普取消出席儿子婚礼返回白宫##美军F16击落神秘物体#,1779558643,2026-05-23 17:50:43+08:00,2,2,0,1779545332700,https://m.weibo.cn/detail/5301794789655054,,2460937233,热度新闻,m,https://m.weibo.cn/u/2460937233?luicode=20000061&lfid=5301794789655054&launchid=10000360-page_H5,"https://tvax4.sinaimg.cn/crop.0.0.1080.1080.180/92aeec11ly8hlwg775m3ej20u00u0wgf.jpg?KID=imgbed,tva&Expires=1779556117&ssig=Z5nL7ZiYtS",美军F16击落神秘物体,search_contents_2026-05-23.csv,search_post,,消息人士当地时间5月23日据美国方面消息两名以色列国防官员透露美国几乎完全将以色列排除在与伊朗的谈判之外消息称以色列根本没有参与停火前的讨论而是通过其他手段了解美伊谈判的进展消息还指出在今年早些时候对伊朗发动军事行动之前以色列总理内塔尼亚胡曾与美国总统特朗普密切协调并在华盛顿的白宫战情室主持了相关讨论央视新闻,True,False
5301781049377784,🔻观看：五角大楼今日发布的完整 UFO 视频合集。以 5 倍速播放。🔻据美国媒体报道，在这些视频中，美国空军一架 F-16C 战机击落了一个不明物体。🔻大家信吗？🔻影像来源：美国国防部不明飞行物档案#美军F16击落神秘物体##海外新鲜事##热点现场# 包容万物恒河水的微博视频 ,1779555367,2026-05-23 16:56:07+08:00,164,43,8,1779545332728,https://m.weibo.cn/detail/5301781049377784,四川,1671109627,包容万物恒河水,f,https://m.weibo.cn/u/1671109627?launchid=10000360-page_H5,"https://tvax4.sinaimg.cn/crop.0.0.512.512.180/639b1bfbly8h0ikpj331kj20e80e8t8w.jpg?KID=imgbed,tva&Expires=1779556116&ssig=OD27uC6ofn",美军F16击落神秘物体,search_contents_2026-05-23.csv,search_post,,观看五角大楼今日发布的完整 UFO 视频合集以 5 倍速播放据美国媒体报道在这些视频中美国空军一架 F16C 战机击落了一个不明物体大家信吗影像来源美国国防部不明飞行物档案 包容万物恒河水的微博视频 ,True,False
5301810233344775,🔻五角大楼发布的视频中，美国媒体声称：这是“外星人悬浮半空”视频。🔻视频1中的左右两段拍摄间隔5年。🔻视频2是完整片段。🔻有美国网民则嘲笑道：“bro，那个气球已经飘了好一阵子了（视频3）”#美军F16击落神秘物体##海外新鲜事##热点现场# ,1779562325,2026-05-23 18:52:05+08:00,106,15,1,1779545332731,https://m.weibo.cn/detail/5301810233344775,四川,1671109627,包容万物恒河水,f,https://m.weibo.cn/u/1671109627?launchid=10000360-page_H5,"https://tvax4.sinaimg.cn/crop.0.0.512.512.180/639b1bfbly8h0ikpj331kj20e80e8t8w.jpg?KID=imgbed,tva&Expires=1779556116&ssig=OD27uC6ofn",美军F16击落神秘物体,search_contents_2026-05-23.csv,search_post,,五角大楼发布的视频中美国媒体声称这是外星人悬浮半空视频视频1中的左右两段拍摄间隔5年视频2是完整片段有美国网民则嘲笑道bro那个气球已经飘了好一阵子了视频3 ,True,False
5301845251592310,#美军F16击落神秘物体#美军把一架拥有穿越星际外星飞船给击落了？能来到地球飞船应该或者已经超过了光速，途中没有被快速的彗星和陨石甚至其他外星文明击落却被一个连去月球都费劲的地球人给击落了 ,1779570674,2026-05-23 21:11:14+08:00,75,11,6,1779545332736,https://m.weibo.cn/detail/5301845251592310,山东,1824575681,手握科技,m,https://m.weibo.cn/u/1824575681?launchid=10000360-page_H5,"https://tvax1.sinaimg.cn/crop.0.0.1080.1080.180/6cc0d0c1ly8h0s1fmn8d3j20u00u0gmw.jpg?KID=imgbed,tva&Expires=1779556116&ssig=uMkAbOWxBX",美军F16击落神秘物体,search_contents_2026-05-23.csv,search_post,,美军把一架拥有穿越星际外星飞船给击落了能来到地球飞船应该或者已经超过了光速途中没有被快速的彗星和陨石甚至其他外星文明击落却被一个连去月球都费劲的地球人给击落了 ,True,False
5301755384696347,#美军F16击落神秘物体#2026年5月美国防部解密的第二批UAP档案里，休伦湖八角形物体的击落视频首次公开，红外画面清晰记录了F-16发射导弹命中目标、碎片四散的瞬间，和当初“疑似气球”的模糊说法形成明显反差。值得注意的是，当时F-16发射的第一枚AIM-9X导弹并未命中，第二枚才成功击落，这也让外界对该物体的飞行特性多了几分好奇。这批档案共222份，除了休伦湖事件，还收录了近年多起高能级目击案例。2025年情报官员直升机遇橙色光球的报告细节更完整，光球直径约一米，不仅不避让战机，还主动追踪，机组全程无法正常通讯。2021年叙利亚上空物体瞬间加速、2020年阿富汗云层中球体高速进出的红外影像，也都因违背已知空气动力学原理，至今没有合理解释。官方始终强调无外星生命证据，九成五案例可归为气球、无人机、传感器误差或大气现象。但八角形物体的直角机动、部分影像中目标无明显动力源等特征，仍让科学界难以完全用自然现象解释。目前休伦湖残骸的具体分析结果仍未公开，而美国防部已开通专属网站，计划每周持续解密档案，后续或有更多冷战时期及阿波罗任务的原始记录曝光。#跨界破圈热点共创##微博垂直热点造浪计划##一分钟精选视频扶持计划# 美军f16击落神秘物体 厚恩投资张延昆的微博视频,1779549248,2026-05-23 15:14:08+08:00,24,19,18,1779545332740,https://m.weibo.cn/detail/5301755384696347,河北,1078779184,厚恩投资张延昆,m,https://m.weibo.cn/u/1078779184?luicode=20000061&lfid=5301755384696347&launchid=10000360-page_H5,"https://tvax3.sinaimg.cn/crop.0.0.1080.1080.180/404cdd30ly8gdih9m7oraj20u00u0whj.jpg?KID=imgbed,tva&Expires=1779556123&ssig=Wt09I1pCub",美军F16击落神秘物体,search_contents_2026-05-23.csv,search_post,,2026年5月美国防部解密的第二批UAP档案里休伦湖八角形物体的击落视频首次公开红外画面清晰记录了F16发射导弹命中目标碎片四散的瞬间和当初疑似气球的模糊说法形成明显反差值得注意的是当时F16发射的第一枚AIM9X导弹并未命中第二枚才成功击落这也让外界对该物体的飞行特性多了几分好奇这批档案共222份除了休伦湖事件还收录了近年多起高能级目击案例2025年情报官员直升机遇橙色光球的报告细节更完整光球直径约一米不仅不避让战机还主动追踪机组全程无法正常通讯2021年叙利亚上空物体瞬间加速2020年阿富汗云层中球体高速进出的红外影像也都因违背已知空气动力学原理至今没有合理解释官方始终强调无外星生命证据九成五案例可归为气球无人机传感器误差或大气现象但八角形物体的直角机动部分影像中目标无明显动力源等特征仍让科学界难以完全用自然现象解释目前休伦湖残骸的具体分析结果仍未公开而美国防部已开通专属网站计划每周持续解密档案后续或有更多冷战时期及阿波罗任务的原始记录曝光 美军f16击落神秘物体 厚恩投资张延昆的微博视频,True,False
5301746091952073,#俄乌局势新进展# 近日乌克兰天气晴朗，阳光明媚。利好乌军前线后方享受FAB-UMPK以及FPV大餐俄国人自然予以满足。1，三枚 FAB-1500UMPK航空炸弹命中尼古拉耶夫卡市乌军据点。2，别尔哥罗德州边境，俄军FPV清除乌军无人机窝点。3，扎波罗热地区某处，FAB-500UMPK热情问候乌军据点。#俄乌冲突##美军F16击落神秘物体#,1779547033,2026-05-23 14:37:13+08:00,33,1,2,1779545332746,https://m.weibo.cn/detail/5301746091952073,贵州,1633537680,地球镜头A,m,https://m.weibo.cn/u/1633537680?luicode=20000061&lfid=5301746091952073&launchid=10000360-page_H5,"https://tvax2.sinaimg.cn/crop.0.0.168.168.180/615dce90ly8g9ku0qx76uj208c04ot8t.jpg?KID=imgbed,tva&Expires=1779556126&ssig=TqZcVsnutH",美军F16击落神秘物体,search_contents_2026-05-23.csv,search_post,, 近日乌克兰天气晴朗阳光明媚利好乌军前线后方享受FABUMPK以及FPV大餐俄国人自然予以满足1三枚 FAB1500UMPK航空炸弹命中尼古拉耶夫卡市乌军据点2别尔哥罗德州边境俄军FPV清除乌军无人机窝点3扎波罗热地区某处FAB500UMPK热情问候乌军据点,True,False
5301759717151326,#美军F16击落神秘物体#最新消息：根据五角大楼今天公布的第二批不明飞行物（UFO）文件，一架美国空军F-16C战斗机击落了一架不明飞行物。这些新解密的文件已经在网上引发了热烈的猜测。#热点现场##海外新鲜事# 金华磊哥的微博视频 ,1779550281,2026-05-23 15:31:21+08:00,28,0,0,1779545332750,https://m.weibo.cn/detail/5301759717151326,浙江,1859661774,金华磊哥,m,https://m.weibo.cn/u/1859661774?launchid=10000360-page_H5,"https://tvax4.sinaimg.cn/crop.0.0.1080.1080.180/6ed82fcely8i6494pvjh1j20u00u0799.jpg?KID=imgbed,tva&Expires=1779556116&ssig=ni2uhVH8D%2B",美军F16击落神秘物体,search_contents_2026-05-23.csv,search_post,,最新消息根据五角大楼今天公布的第二批不明飞行物UFO文件一架美国空军F16C战斗机击落了一架不明飞行物这些新解密的文件已经在网上引发了热烈的猜测 金华磊哥的微博视频 ,True,False
5301798341971040,帶著壓力前行～偶遇驚喜✈️難得解鎖新體驗，為了跟你們多見面💕🫶🏼🫶🏼🫶🏼 范范范瑋琪的微博视频 ,1779559490,2026-05-23 18:04:50+08:00,2488,209,98,1779545408100,https://m.weibo.cn/detail/5301798341971040,中国台湾,1752467960,范范范瑋琪,f,https://m.weibo.cn/u/1752467960?launchid=10000360-page_H5,"https://tvax1.sinaimg.cn/crop.0.0.512.512.180/687489f8ly8g4wqv8iozqj20e80e8wex.jpg?KID=imgbed,tva&Expires=1779556198&ssig=%2FH%2BSGr9zpl",范玮琪没来,search_contents_2026-05-23.csv,search_post,,帶著壓力前行偶遇驚喜難得解鎖新體驗為了跟你們多見面 范范范瑋琪的微博视频 ,True,False
5301846283655755,#范玮琪没来#范玮琪缺席《歌手2025》录制，却现身商演，引发网友热议。一边是节目期待落空，一边是个人行程满满，这波操作确实让人有点看不懂 ,1779570920,2026-05-23 21:15:20+08:00,218,38,1,1779545408111,https://m.weibo.cn/detail/5301846283655755,广西,7778355669,崔崔鼠條,f,https://m.weibo.cn/u/7778355669?launchid=10000360-page_H5,"https://tvax1.sinaimg.cn/crop.0.0.1080.1080.180/008upbDvly8i5j1jnm0nsj30u00u0q5o.jpg?KID=imgbed,tva&Expires=1779556198&ssig=GgG%2Fec1wNP",范玮琪没来,search_contents_2026-05-23.csv,search_post,,范玮琪缺席歌手2025录制却现身商演引发网友热议一边是节目期待落空一边是个人行程满满这波操作确实让人有点看不懂 ,True,False
5301845955707985,#范玮琪没来#范玮琪缺席浪姐还挺想听唱最初的梦想 ,1779570842,2026-05-23 21:14:02+08:00,171,4,0,1779545408118,https://m.weibo.cn/detail/5301845955707985,广东,2446451293,讲真,f,https://m.weibo.cn/u/2446451293?launchid=10000360-page_H5,"https://tvax2.sinaimg.cn/crop.0.0.1080.1080.180/91d1e25dly8idb85q38hbj20u00u0q6l.jpg?KID=imgbed,tva&Expires=1779556198&ssig=TJE2VmKSN8",范玮琪没来,search_contents_2026-05-23.csv,search_post,,范玮琪缺席浪姐还挺想听唱最初的梦想 ,True,False
5301846476588648,#范玮琪没来#5月23日凌晨，范玮琪突发急性咽喉炎导致完全失声，她在微博解释这是长期高压工作及熬夜引发的身体透支，并非普通感冒。出发前还因匆忙忘带手机，行程一度混乱。 两地演出撞期协调失败时间冲突：浪姐三公第二场（5月23日19:30）与贵州遵义商演时间完全重合，两地相距约590公里。包机方案：团队原计划通过包机实现“表演后1小时内飞抵遵义”（飞行时间约1小时），但因浪姐流程未提前结束，最终未能协调。,1779570966,2026-05-23 21:16:06+08:00,35,6,0,1779545408126,https://m.weibo.cn/detail/5301846476588648,广东,7769859351,小鱼_bululu,f,https://m.weibo.cn/u/7769859351?luicode=20000061&lfid=5301846476588648&launchid=10000360-page_H5,"https://tvax3.sinaimg.cn/crop.7.0.966.966.180/008tPxm7ly8icwoylh3huj30r80qudgz.jpg?KID=imgbed,tva&Expires=1779556199&ssig=pIarh7MdVU",范玮琪没来,search_contents_2026-05-23.csv,search_post,,5月23日凌晨范玮琪突发急性咽喉炎导致完全失声她在微博解释这是长期高压工作及熬夜引发的身体透支并非普通感冒出发前还因匆忙忘带手机行程一度混乱 两地演出撞期协调失败时间冲突浪姐三公第二场5月23日1930与贵州遵义商演时间完全重合两地相距约590公里包机方案团队原计划通过包机实现表演后1小时内飞抵遵义飞行时间约1小时但因浪姐流程未提前结束最终未能协调,True,False
5301842584273686,#范玮琪没来# 范玮琪在《浪姐》录制期间突发急性咽喉炎，仍坚持包机从长沙赶赴遵义参加商演。她坦言失声源于高压与熬夜而非感冒，甚至因匆忙忘带手机。这位五十多岁的歌手珍惜舞台，预告将演唱八首经典曲目引发大合唱，展现了职业精神与对粉丝的重视，网友也关注到其带病赶场的行程.。 ,1779570038,2026-05-23 21:00:38+08:00,36,7,0,1779545408135,https://m.weibo.cn/detail/5301842584273686,广东,7991749933,祎只愁猫,f,https://m.weibo.cn/u/7991749933?launchid=10000360-page_H5,"https://tvax1.sinaimg.cn/crop.0.0.1080.1080.180/008IQzetly8icuhc7dfbdj30u00u0wgt.jpg?KID=imgbed,tva&Expires=1779556198&ssig=%2B%2BJ%2BE8Iz6B",范玮琪没来,search_contents_2026-05-23.csv,search_post,, 范玮琪在浪姐录制期间突发急性咽喉炎仍坚持包机从长沙赶赴遵义参加商演她坦言失声源于高压与熬夜而非感冒甚至因匆忙忘带手机这位五十多岁的歌手珍惜舞台预告将演唱八首经典曲目引发大合唱展现了职业精神与对粉丝的重视网友也关注到其带病赶场的行程 ,True,False
5286276707128320,好心疼范范🥺范范说：“我觉得全世界的人都恨我，我掉到了网络的泥沼里。” 范范被浪姐邀请了三次都不敢来🥲#浪姐直播 对口型##浪姐一公直播##城北的花 如听仙乐耳暂明##范玮琪和声好听# #范玮琪说被骂怕了# 李屋屋啊的微博视频  ,1775858844,2026-04-10 22:07:24+08:00,3711,285,74,1779545408141,https://m.weibo.cn/detail/5286276707128320,广东,7576467750,李屋屋啊,m,https://m.weibo.cn/u/7576467750?launchid=10000360-page_H5,"https://tvax4.sinaimg.cn/crop.0.0.512.512.180/008gK5mKly8gt46s4iacjj30e80e8t9f.jpg?KID=imgbed,tva&Expires=1779556198&ssig=JcJamk8j5A",范玮琪没来,search_contents_2026-05-23.csv,search_post,,好心疼范范范范说我觉得全世界的人都恨我我掉到了网络的泥沼里 范范被浪姐邀请了三次都不敢来  李屋屋啊的微博视频  ,True,False
5301840696312301,#范玮琪没来#一首《到不了》让人陶醉，歌好听，人好美，好感动#一分钟精选视频扶持计划# 小曼碎念v的微博视频 ,1779569588,2026-05-23 20:53:08+08:00,84,26,3,1779545408148,https://m.weibo.cn/detail/5301840696312301,浙江,6807991334,小曼碎念v,f,https://m.weibo.cn/u/6807991334?launchid=10000360-page_H5,"https://tvax3.sinaimg.cn/crop.0.0.512.512.180/007qJDxQly8ibp6dempj4j30e80e874y.jpg?KID=imgbed,tva&Expires=1779556198&ssig=zM8GD4zErs",范玮琪没来,search_contents_2026-05-23.csv,search_post,,一首到不了让人陶醉歌好听人好美好感动 小曼碎念v的微博视频 ,True,False
5301855112403041,#范玮琪没来# 节目前就定的商演。因为三公延后，所以行程冲突。别骂她了求求了 ,1779573025,2026-05-23 21:50:25+08:00,19,7,0,1779545408151,https://m.weibo.cn/detail/5301855112403041,江苏,2308231085,Kelly于姐,f,https://m.weibo.cn/u/2308231085?launchid=10000360-page_H5,"https://tvax3.sinaimg.cn/crop.0.0.960.960.180/8994cfadly8hr9grb4mp1j20qo0qojv4.jpg?KID=imgbed,tva&Expires=1779556198&ssig=bagk2EDEnW",范玮琪没来,search_contents_2026-05-23.csv,search_post,, 节目前就定的商演因为三公延后所以行程冲突别骂她了求求了 ,True,False
5301799793725332,【#男子回应妻子胎停后脑梗智力变3岁#】#男子照顾智力退化至3岁妻子遭质疑# 2023年10月河北清河县的小学美术老师沈忱遭遇了双重打击：怀孕七周时胎停，一周后又突发脑梗。一夜之间，她的认知能力退回到三岁孩童的水平，生活也无法自理，不认识身边的人，连从四川“倒插门”到河北的丈夫林军，也成了陌生人。原本靠卖卤菜为生的林军放下生意，全职照顾沈忱，从最基础的说话、认字开始，像带孩子一样，陪沈忱“重新长大”。如今900多天过去了，林军用“智力达到八九岁的孩子”来形容沈忱的状态。他还会带着妻子一起直播，沈忱在镜头前会兴致勃勃地给粉丝唱歌、画画。当生活在网络面前被放大，有支持也有质疑，林军称主要是对他进行人身攻击，认为沈忱的一切都由他造成，甚至质疑沈忱装病。“她要是装的，我可太高兴了！”林军有些无奈，不过这些声音都影响不了他陪妻子坚定前行的决心。#孕妻脑梗变3岁丈夫900多天不离不弃#（大象新闻）大象新闻的微博视频,1779559836,2026-05-23 18:10:36+08:00,397,31,61,1779545476733,https://m.weibo.cn/detail/5301799793725332,,1618051664,头条新闻,f,https://m.weibo.cn/u/1618051664?luicode=20000061&lfid=5301799793725332&launchid=10000360-page_H5,"https://tvax1.sinaimg.cn/crop.0.4.535.535.180/001Lvb9uly8h8vgoyk5brj60f00f0jrq02.jpg?KID=imgbed,tva&Expires=1779556264&ssig=trcCjiYtCY",孕妻脑梗变3岁丈夫900多天不离不弃,search_contents_2026-05-23.csv,search_post,, 2023年10月河北清河县的小学美术老师沈忱遭遇了双重打击怀孕七周时胎停一周后又突发脑梗一夜之间她的认知能力退回到三岁孩童的水平生活也无法自理不认识身边的人连从四川倒插门到河北的丈夫林军也成了陌生人原本靠卖卤菜为生的林军放下生意全职照顾沈忱从最基础的说话认字开始像带孩子一样陪沈忱重新长大如今900多天过去了林军用智力达到八九岁的孩子来形容沈忱的状态他还会带着妻子一起直播沈忱在镜头前会兴致勃勃地给粉丝唱歌画画当生活在网络面前被放大有支持也有质疑林军称主要是对他进行人身攻击认为沈忱的一切都由他造成甚至质疑沈忱装病她要是装的我可太高兴了林军有些无奈不过这些声音都影响不了他陪妻子坚定前行的决心大象新闻大象新闻的微博视频,True,False
5301837670385321,风雨见真心，平凡日子里最难能可贵的患难坚守世事难料，人生总有猝不及防的风雨。人世间最动人的温情，往往藏在低谷之中的默默坚守。原本安稳幸福的普通小家，接连遭遇突如其来的生活磨难。女子身心遭受重重打击，内心伤痛还未平复，身体又突发意外状况。经过全力医治保住性命，后续身体恢复十分缓慢，思维认知受到影响，心智变得单纯稚嫩，生活方方面面都需要他人照顾。层层叠加的意外压力，高额的养护开支，遥遥无期的调理过程，所有生活重担，全部由丈夫一人独自承担。深陷灰暗艰难的生活当中，他从未心生不甘，也没有选择放手离开。放下自己原本的人生节奏，长年累月细心呵护陪伴，耐心守候对方慢慢好转。看透现实里诸多短暂易碎的感情，才深知患难相守格外可贵。安逸岁月的相伴不足为奇，历经风雨依然不负彼此，才是一段感情最纯粹的本质。面对全网大众的关注热议，当事人从容作出回应。坦然面对自身遭遇，不刻意卖惨博取共情，默默承受生活磨难，用心守护自己的家人。长久的感情，从来不在于一时的甜蜜欢喜。而是看透生活万般不易，依旧保持善良柔软，背负责任，始终不改本心。人生路途起落不定，一份责任与真诚，便可抵挡世间所有风霜。🌿#孕妻脑梗变3岁丈夫900多天不离不弃#孕妻脑梗变3岁丈夫900多天不离不弃,1779568867,2026-05-23 20:41:07+08:00,32,19,2,1779545476738,https://m.weibo.cn/detail/5301837670385321,湖南,2009683823,Acegenie,f,https://m.weibo.cn/u/2009683823?luicode=20000061&lfid=5301837670385321&launchid=10000360-page_H5,"https://tvax3.sinaimg.cn/crop.0.0.1080.1080.180/77c9576fly8i86ng2udxij20u00u0407.jpg?KID=imgbed,tva&Expires=1779556267&ssig=7fjtCYDlaF",孕妻脑梗变3岁丈夫900多天不离不弃,search_contents_2026-05-23.csv,search_post,,风雨见真心平凡日子里最难能可贵的患难坚守世事难料人生总有猝不及防的风雨人世间最动人的温情往往藏在低谷之中的默默坚守原本安稳幸福的普通小家接连遭遇突如其来的生活磨难女子身心遭受重重打击内心伤痛还未平复身体又突发意外状况经过全力医治保住性命后续身体恢复十分缓慢思维认知受到影响心智变得单纯稚嫩生活方方面面都需要他人照顾层层叠加的意外压力高额的养护开支遥遥无期的调理过程所有生活重担全部由丈夫一人独自承担深陷灰暗艰难的生活当中他从未心生不甘也没有选择放手离开放下自己原本的人生节奏长年累月细心呵护陪伴耐心守候对方慢慢好转看透现实里诸多短暂易碎的感情才深知患难相守格外可贵安逸岁月的相伴不足为奇历经风雨依然不负彼此才是一段感情最纯粹的本质面对全网大众的关注热议当事人从容作出回应坦然面对自身遭遇不刻意卖惨博取共情默默承受生活磨难用心守护自己的家人长久的感情从来不在于一时的甜蜜欢喜而是看透生活万般不易依旧保持善良柔软背负责任始终不改本心人生路途起落不定一份责任与真诚便可抵挡世间所有风霜孕妻脑梗变3岁丈夫900多天不离不弃,True,False
5301834546942253,脑梗后智力退化至3岁的河北美术教师沈忱，在丈夫林军900多天不离不弃的守护下，认知能力已恢复至八九岁儿童水平，如今能独立行走、握笔画画，甚至通过直播与粉丝唱歌互动。不知道还能不能恢复到原来，有十几岁水平也行啊。#孕妻脑梗变3岁当事人3年后新变化# ,1779568122,2026-05-23 20:28:42+08:00,15,0,0,1779545476743,https://m.weibo.cn/detail/5301834546942253,浙江,1245454942,梅子唐,f,https://m.weibo.cn/u/1245454942?launchid=10000360-page_H5,"https://tvax4.sinaimg.cn/crop.0.0.1080.1080.180/4a3c225ely8h0ta9hj8iqj20u00u0n0t.jpg?KID=imgbed,tva&Expires=1779556263&ssig=FTgA78w41z",孕妻脑梗变3岁丈夫900多天不离不弃,search_contents_2026-05-23.csv,search_post,,脑梗后智力退化至3岁的河北美术教师沈忱在丈夫林军900多天不离不弃的守护下认知能力已恢复至八九岁儿童水平如今能独立行走握笔画画甚至通过直播与粉丝唱歌互动不知道还能不能恢复到原来有十几岁水平也行啊 ,True,False
5301794183845301,#孕妻脑梗变3岁丈夫900多天不离不弃#河北女教师沈忱怀孕胎停后突发脑梗，智力倒退至3岁，入赘丈夫林军倾尽积蓄、负债七十万，全职照料900多天陪妻子重新康复，如今沈忱已恢复到八九岁水平，林军的坚守感动全网。这样的爱情实在是太让人羡慕了，现在社会上还有多少人还能做到这样不离不弃？ ,1779558499,2026-05-23 17:48:19+08:00,53,4,2,1779545476747,https://m.weibo.cn/detail/5301794183845301,广西,7929444475,掌握萌权,f,https://m.weibo.cn/u/7929444475?launchid=10000360-page_H5,"https://tvax2.sinaimg.cn/crop.0.0.1080.1080.180/008ED8JJly8ic34s3zhe4j30u00u075x.jpg?KID=imgbed,tva&Expires=1779556263&ssig=6ugJVZ%2F8Zf",孕妻脑梗变3岁丈夫900多天不离不弃,search_contents_2026-05-23.csv,search_post,,河北女教师沈忱怀孕胎停后突发脑梗智力倒退至3岁入赘丈夫林军倾尽积蓄负债七十万全职照料900多天陪妻子重新康复如今沈忱已恢复到八九岁水平林军的坚守感动全网这样的爱情实在是太让人羡慕了现在社会上还有多少人还能做到这样不离不弃 ,True,False
5301810509645226,#孕妻脑梗变3岁丈夫900多天不离不弃#我的天哪，丈夫这样子不离不弃真的很让人感动，女子也没有因为这件事而放弃，真的很棒👍🏻 ,1779562391,2026-05-23 18:53:11+08:00,42,3,0,1779545476749,https://m.weibo.cn/detail/5301810509645226,江西,7877324355,霖雨千芷落_,f,https://m.weibo.cn/u/7877324355?launchid=10000360-page_H5,"https://tvax1.sinaimg.cn/crop.17.0.606.606.180/008B6rUDly8ibn18ibatuj30hs0gumyp.jpg?KID=imgbed,tva&Expires=1779556263&ssig=ez9MGhti6P",孕妻脑梗变3岁丈夫900多天不离不弃,search_contents_2026-05-23.csv,search_post,,我的天哪丈夫这样子不离不弃真的很让人感动女子也没有因为这件事而放弃真的很棒 ,True,False
5301838020609817,#孕妻脑梗变3岁丈夫900多天不离不弃#看了眼评论，舒服了，现在清醒的人多了，不好骗了。 ,1779568950,2026-05-23 20:42:30+08:00,11,0,0,1779545476752,https://m.weibo.cn/detail/5301838020609817,浙江,1801907842,发烧的冰激凌daisy,f,https://m.weibo.cn/u/1801907842?launchid=10000360-page_H5,"https://tva1.sinaimg.cn/crop.0.0.179.179.180/6b66ee82gw1emqtekjexaj2050050wf0.jpg?KID=imgbed,tva&Expires=1779556263&ssig=01jy3YCATq",孕妻脑梗变3岁丈夫900多天不离不弃,search_contents_2026-05-23.csv,search_post,,看了眼评论舒服了现在清醒的人多了不好骗了 ,True,False
5301812577174883,最好的爱情。从不是顺境里的甜言蜜语。 是灾难来临。我依然选择，死死守住你。 原本幸福的待产日子。被一场突发脑梗，彻底打碎。 身怀身孕的妻子。一夜之间，心智退化成三岁小孩。 她认不出。朝夕相伴的丈夫。 她无法自理生活。情绪单纯，又带着懵懂。 没有人逼迫他留下。但他心甘情愿，选择坚守。 关掉了赖以维生的生意。放下了自己所有的自由。 整整九百多个日夜。日复一日，从未间断。 他耐心陪着妻子。一点点，重来一次人生。 温柔教她说话。细心喂她吃饭。耐心安抚她所有的小情绪。 世人眼里的爱情。大多是浪漫的风花雪月。 而他的爱情。是苦难里，日复一日的不离不弃。 终于明白。真正的爱，从不会半途退场。 哪怕你不幸变回小孩。我也会倾尽所有，护你一生安稳。#孕妻脑梗变3岁丈夫900多天不离不弃##微博智搜内容共创计划##参与智搜内容共创赢激励# @微博智搜孕妻脑梗变3岁丈夫900多天不离不弃,1779562883,2026-05-23 19:01:23+08:00,43,37,0,1779545476754,https://m.weibo.cn/detail/5301812577174883,广东,7917462524,刘大喵今天铲屎了吗,f,https://m.weibo.cn/u/7917462524?luicode=20000061&lfid=5301812577174883&launchid=10000360-page_H5,"https://tvax3.sinaimg.cn/crop.0.180.1080.1080.180/008DORGsly8ick54trsgmj30u0140gq0.jpg?KID=imgbed,tva&Expires=1779556271&ssig=qNpXLxyMV2",孕妻脑梗变3岁丈夫900多天不离不弃,search_contents_2026-05-23.csv,search_post,,最好的爱情从不是顺境里的甜言蜜语 是灾难来临我依然选择死死守住你 原本幸福的待产日子被一场突发脑梗彻底打碎 身怀身孕的妻子一夜之间心智退化成三岁小孩 她认不出朝夕相伴的丈夫 她无法自理生活情绪单纯又带着懵懂 没有人逼迫他留下但他心甘情愿选择坚守 关掉了赖以维生的生意放下了自己所有的自由 整整九百多个日夜日复一日从未间断 他耐心陪着妻子一点点重来一次人生 温柔教她说话细心喂她吃饭耐心安抚她所有的小情绪 世人眼里的爱情大多是浪漫的风花雪月 而他的爱情是苦难里日复一日的不离不弃 终于明白真正的爱从不会半途退场 哪怕你不幸变回小孩我也会倾尽所有护你一生安稳 ,True,False
5301859373812772,#孕妻脑梗变3岁丈夫900多天不离不弃#什么破标题，他不该吗？ ,1779574041,2026-05-23 22:07:21+08:00,0,0,0,1779545476756,https://m.weibo.cn/detail/5301859373812772,山东,1796300755,木之所及-,f,https://m.weibo.cn/u/1796300755?launchid=10000360-page_H5,"https://tvax1.sinaimg.cn/crop.0.0.888.888.180/6b115fd3ly8fugvykqozoj20oo0ooq3g.jpg?KID=imgbed,tva&Expires=1779556263&ssig=S9qMMVpwEW",孕妻脑梗变3岁丈夫900多天不离不弃,search_contents_2026-05-23.csv,search_post,,什么破标题他不该吗 ,True,False
5301661112471453,#习近平对山西煤矿事故作出重要指示#【习近平对山西长治市沁源县一煤矿瓦斯爆炸事故作出重要指示强调 #全力救治伤员科学组织搜救# 坚决防范遏制重特大事故发生 李强作出批示】5月22日19时29分，山西长治市沁源县山西通洲集团留神峪煤业有限公司井下发生瓦斯爆炸事故，造成重大人员伤亡。　　事故发生后，中共中央总书记、国家主席、中央军委主席习近平高度重视并作出重要指示指出，山西长治市沁源县一煤矿井下发生瓦斯爆炸事故，造成重大人员伤亡。要全力救治伤员，科学组织搜救，妥善做好善后处置工作。要查明事故原因，依法严肃追责。　　习近平强调，各地区各部门要汲取事故教训，时刻绷紧安全生产这根弦，深入排查整治各类风险隐患，坚决防范遏制重特大事故发生。当前正值汛期，要加强应急值守，扎实做好防汛救灾工作，切实维护人民群众生命财产安全。　　中共中央政治局常委、国务院总理李强作出批示指出，要全力搜救被困人员、救治伤员，做好善后工作，及时准确发布信息，尽快查明事故原因并依法依规严肃问责。国务院安委办要进一步督促指导各地各有关方面强化安全生产责任落实，切实抓好重点行业领域安全隐患排查整治，坚决防范重特大事故发生。　　根据习近平重要指示和李强要求，中共中央政治局委员、国务院副总理张国清率有关部门负责同志赶赴现场指导救援处置工作。山西省委、省政府主要负责同志已在现场指挥应急处置工作，山西省、长治市全力做好伤员救治、现场救援等工作。目前，有关工作正在进行中。,1779526772,2026-05-23 08:59:32+08:00,3923,647,514,1779545582135,https://m.weibo.cn/detail/5301661112471453,,1699432410,新华社,m,https://m.weibo.cn/u/1699432410?luicode=20000061&lfid=5301661112471453&launchid=10000360-page_H5,"https://tvax2.sinaimg.cn/crop.58.61.875.875.180/001R0E0aly8h8vg6xx3srj60rs0rsdko02.jpg?KID=imgbed,tva&Expires=1779556363&ssig=Ew4xr%2BXiSK",全力救治伤员科学组织搜救,search_contents_2026-05-23.csv,search_post,,习近平对山西长治市沁源县一煤矿瓦斯爆炸事故作出重要指示强调  坚决防范遏制重特大事故发生 李强作出批示5月22日19时29分山西长治市沁源县山西通洲集团留神峪煤业有限公司井下发生瓦斯爆炸事故造成重大人员伤亡　　事故发生后中共中央总书记国家主席中央军委主席习近平高度重视并作出重要指示指出山西长治市沁源县一煤矿井下发生瓦斯爆炸事故造成重大人员伤亡要全力救治伤员科学组织搜救妥善做好善后处置工作要查明事故原因依法严肃追责　　习近平强调各地区各部门要汲取事故教训时刻绷紧安全生产这根弦深入排查整治各类风险隐患坚决防范遏制重特大事故发生当前正值汛期要加强应急值守扎实做好防汛救灾工作切实维护人民群众生命财产安全　　中共中央政治局常委国务院总理李强作出批示指出要全力搜救被困人员救治伤员做好善后工作及时准确发布信息尽快查明事故原因并依法依规严肃问责国务院安委办要进一步督促指导各地各有关方面强化安全生产责任落实切实抓好重点行业领域安全隐患排查整治坚决防范重特大事故发生　　根据习近平重要指示和李强要求中共中央政治局委员国务院副总理张国清率有关部门负责同志赶赴现场指导救援处置工作山西省委省政府主要负责同志已在现场指挥应急处置工作山西省长治市全力做好伤员救治现场救援等工作目前有关工作正在进行中,True,False
5301678213694916,2026年5月22日19时29分，山西沁源县通洲集团留神峪煤矿发生瓦斯爆炸，井下当班作业人员247人。截至23日6时，平安升井201人，死亡8人，井下38人正在全力搜救。事故原因正在进一步调查中。,1779530849,2026-05-23 10:07:29+08:00,0,3,0,1779545582141,https://m.weibo.cn/detail/5301678213694916,北京,7393024274,郁郁芒芒,m,https://m.weibo.cn/u/7393024274?launchid=10000360-page_H5,"https://tvax1.sinaimg.cn/crop.0.0.986.986.180/0084knl0ly8gm0zp0ey75j30re0retfb.jpg?KID=imgbed,tva&Expires=1779556362&ssig=c3TMgpEBBz",全力救治伤员科学组织搜救,search_contents_2026-05-23.csv,search_post,,2026年5月22日19时29分山西沁源县通洲集团留神峪煤矿发生瓦斯爆炸井下当班作业人员247人截至23日6时平安升井201人死亡8人井下38人正在全力搜救事故原因正在进一步调查中,True,False
5301674542367390,【习近平对山西长治市沁源县一煤矿瓦斯爆炸事故作出重要指示强调 #全力救治伤员科学组织搜救# 坚决防范遏制重特大事故发生 李强作出批示】,1779529974,2026-05-23 09:52:54+08:00,6,0,1,1779545582146,https://m.weibo.cn/detail/5301674542367390,,6199038235,司法部,f,https://m.weibo.cn/u/6199038235?launchid=10000360-page_H5,"https://tvax4.sinaimg.cn/crop.0.0.828.828.180/006Lwx1Fly8h8vgakgbkfj30n00n00tw.jpg?KID=imgbed,tva&Expires=1779556362&ssig=W5Ajz7XPNA",全力救治伤员科学组织搜救,search_contents_2026-05-23.csv,search_post,,习近平对山西长治市沁源县一煤矿瓦斯爆炸事故作出重要指示强调  坚决防范遏制重特大事故发生 李强作出批示,True,False
5301835763293331,#习近平对山西煤矿事故作出重要指示# 希望人员平安；要做好防范和救援工作。,1779568412,2026-05-23 20:33:32+08:00,1,0,0,1779545582156,https://m.weibo.cn/detail/5301835763293331,新疆,7921093978,Dear月亮耀午睡-lyw,f,https://m.weibo.cn/u/7921093978?launchid=10000360-page_H5,"https://tvax2.sinaimg.cn/crop.0.0.1080.1080.180/008E46oily8ick20t6slsj30u00u0785.jpg?KID=imgbed,tva&Expires=1779556362&ssig=3fImlnXnTa",全力救治伤员科学组织搜救,search_contents_2026-05-23.csv,search_post,, 希望人员平安要做好防范和救援工作,True,False
5301684697826861,【习近平对山西长治市沁源县一煤矿瓦斯爆炸事故作出重要指示】事故发生后，中共中央总书记、国家主席、中央军委主席习近平高度重视并作出重要指示指出，山西长治市沁源县一煤矿井下发生瓦斯爆炸事故，造成重大人员伤亡。要全力救治伤员，科学组织搜救，妥善做好善后处置工作。要查明事故原因，依法严肃追责。,1779532395,2026-05-23 10:33:15+08:00,107,5,14,1779545582159,https://m.weibo.cn/detail/5301684697826861,,5617030362,中国长安网,m,https://m.weibo.cn/u/5617030362?luicode=20000061&lfid=5301684697826861&launchid=10000360-page_H5,"https://tvax1.sinaimg.cn/crop.0.0.600.600.180/00688ubUly8h8v2rycn9fj60go0goaaz02.jpg?KID=imgbed,tva&Expires=1779556366&ssig=Kii5yj6gCy",全力救治伤员科学组织搜救,search_contents_2026-05-23.csv,search_post,,习近平对山西长治市沁源县一煤矿瓦斯爆炸事故作出重要指示事故发生后中共中央总书记国家主席中央军委主席习近平高度重视并作出重要指示指出山西长治市沁源县一煤矿井下发生瓦斯爆炸事故造成重大人员伤亡要全力救治伤员科学组织搜救妥善做好善后处置工作要查明事故原因依法严肃追责,True,False
5301670343868568,【习近平对山西长治市沁源县一煤矿瓦斯爆炸事故作出重要指示强调 全力救治伤员 科学组织搜救 坚决防范遏制重特大事故发生】 习近平对山西长治市沁源县一煤矿瓦斯爆炸事故作出重要指示 ,1779528972,2026-05-23 09:36:12+08:00,41,4,27,1779545582163,https://m.weibo.cn/detail/5301670343868568,,5053469079,最高人民检察院,m,https://m.weibo.cn/u/5053469079?launchid=10000360-page_H5,"https://tvax4.sinaimg.cn/crop.0.0.600.600.180/005vZQ9Nly8h8vgpnj6vpj60go0goabw02.jpg?KID=imgbed,tva&Expires=1779556362&ssig=pisj7hczLu",全力救治伤员科学组织搜救,search_contents_2026-05-23.csv,search_post,,习近平对山西长治市沁源县一煤矿瓦斯爆炸事故作出重要指示强调 全力救治伤员 科学组织搜救 坚决防范遏制重特大事故发生 习近平对山西长治市沁源县一煤矿瓦斯爆炸事故作出重要指示 ,True,False
5301796427798801,#宋亚轩唱值了#吴彤宋亚轩伯乐遇上千里马，宋亚轩唱值了，谁懂最高版权的购入，宋亚轩的表现值得，期待住今晚和我们小宋的国乐无双的舞台见啦~ ,1779559034,2026-05-23 17:57:14+08:00,4134,308,1204,1779545698254,https://m.weibo.cn/detail/5301796427798801,河北,2342610415,影视剧未央,f,https://m.weibo.cn/u/2342610415?launchid=10000360-page_H5,"https://tvax2.sinaimg.cn/crop.0.0.1024.1024.180/8ba165efly8hvspzqjsikj20sg0sgq3x.jpg?KID=imgbed,tva&Expires=1779556498&ssig=h6%2B2N8pTjf",宋亚轩唱值了,search_contents_2026-05-23.csv,search_post,,吴彤宋亚轩伯乐遇上千里马宋亚轩唱值了谁懂最高版权的购入宋亚轩的表现值得期待住今晚和我们小宋的国乐无双的舞台见啦 ,True,False
5301829688885955,song for u 完整版 太好听了我会永远爱宋亚轩在舞台上唱歌的样子#宋亚轩唱值了# 麦麦初岛的微博视频 ,1779566964,2026-05-23 20:09:24+08:00,3583,199,1141,1779545698261,https://m.weibo.cn/detail/5301829688885955,浙江,2897299792,麦麦初岛,f,https://m.weibo.cn/u/2897299792?launchid=10000360-page_H5,"https://tvax1.sinaimg.cn/crop.0.0.1080.1080.180/acb14950ly8iacywx39lij20u00u0gnk.jpg?KID=imgbed,tva&Expires=1779556498&ssig=YnsrWntdfL",宋亚轩唱值了,search_contents_2026-05-23.csv,search_post,,song for u 完整版 太好听了我会永远爱宋亚轩在舞台上唱歌的样子 麦麦初岛的微博视频 ,True,False
5301832559888607,真的准备了很久付出了很多，从4月18号讨论选曲一直到5月7号第三版demo，连五月一号演唱会当天都在录制第二版“我一定会努力的”这个宋亚轩怎么这么棒啊#宋亚轩唱值了# ,1779567648,2026-05-23 20:20:48+08:00,2532,214,1475,1779545698265,https://m.weibo.cn/detail/5301832559888607,辽宁,7420864493,顾宝言本人,f,https://m.weibo.cn/u/7420864493?launchid=10000360-page_H5,"https://tvax4.sinaimg.cn/crop.0.0.1080.1080.180/0086dbQNly8ide0gascmgj30u00u0js0.jpg?KID=imgbed,tva&Expires=1779556498&ssig=qHnXYhVFL6",宋亚轩唱值了,search_contents_2026-05-23.csv,search_post,,真的准备了很久付出了很多从4月18号讨论选曲一直到5月7号第三版demo连五月一号演唱会当天都在录制第二版我一定会努力的这个宋亚轩怎么这么棒啊 ,True,False
5301828939941398,亚轩这首串烧的高潮部分真的太好听了 怎么能融合得这么巧妙🥹🥹 #宋亚轩唱值了##宋亚轩 国乐无双# 青崖寻酒的微博视频  ,1779566785,2026-05-23 20:06:25+08:00,2225,193,982,1779545698270,https://m.weibo.cn/detail/5301828939941398,广东,5604258919,青崖寻酒,f,https://m.weibo.cn/u/5604258919?launchid=10000360-page_H5,"https://tvax3.sinaimg.cn/crop.0.0.512.512.180/0067gTKTly8hs1etaaqnuj30e80e874p.jpg?KID=imgbed,tva&Expires=1779556498&ssig=ZiIs%2FajrVy",宋亚轩唱值了,search_contents_2026-05-23.csv,search_post,,亚轩这首串烧的高潮部分真的太好听了 怎么能融合得这么巧妙  青崖寻酒的微博视频  ,True,False
5301861253125315,#宋亚轩一句句给老师发试听语音##宋亚轩真的准备了好久#别人看不见的深夜录制，全是宋亚轩对音乐沉甸甸的诚意，国乐无双舞台实火出圈 #宋亚轩唱值了# 国国际顶流的微博视频 ,1779574489,2026-05-23 22:14:49+08:00,0,0,0,1779545698275,https://m.weibo.cn/detail/5301861253125315,福建,6434532057,国国际顶流,m,https://m.weibo.cn/u/6434532057?launchid=10000360-page_H5,"https://tvax4.sinaimg.cn/crop.0.0.960.960.180/0071sDJ7ly8hlk0fineebj30qo0qo0vf.jpg?KID=imgbed,tva&Expires=1779556498&ssig=zHmwP%2FdEmG",宋亚轩唱值了,search_contents_2026-05-23.csv,search_post,,别人看不见的深夜录制全是宋亚轩对音乐沉甸甸的诚意国乐无双舞台实火出圈  国国际顶流的微博视频 ,True,False
5301861236349572,#宋亚轩一句句给老师发试听语音##宋亚轩真的准备了好久#演唱会与国乐无双作品同步推进，高强度行程下依旧保质保量完成录制 #宋亚轩唱值了# ,1779574485,2026-05-23 22:14:45+08:00,0,0,0,1779545698280,https://m.weibo.cn/detail/5301861236349572,福建,6434533086,综艺大嘴,m,https://m.weibo.cn/u/6434533086?launchid=10000360-page_H5,"https://tvax4.sinaimg.cn/crop.0.0.1000.1000.180/0071sDZIly8hlk0fuqkhrj30rs0rs77a.jpg?KID=imgbed,tva&Expires=1779556498&ssig=CgkKZZ2k5F",宋亚轩唱值了,search_contents_2026-05-23.csv,search_post,,演唱会与国乐无双作品同步推进高强度行程下依旧保质保量完成录制  ,True,False
5301860858335645,#宋亚轩唱值了#小宋做得好！特别喜欢看他唱粤语歌 ,1779574395,2026-05-23 22:13:15+08:00,1,0,0,1779545698283,https://m.weibo.cn/detail/5301860858335645,天津,7865548557,Shine-轩轩,f,https://m.weibo.cn/u/7865548557?launchid=10000360-page_H5,"https://tvax1.sinaimg.cn/crop.0.0.1069.1069.180/008Aj2uply8hrggp9913cj30tp0tqjue.jpg?KID=imgbed,tva&Expires=1779556498&ssig=Pqe%2BVRy1ni",宋亚轩唱值了,search_contents_2026-05-23.csv,search_post,,小宋做得好特别喜欢看他唱粤语歌 ,True,False
5301750951317702,#魏晨带儿子逛超市##魏晨3岁儿子身高# 魏晨带儿子逛超市，祖孙三代同框，3岁小橙子个头很高。 ,1779548191,2026-05-23 14:56:31+08:00,1484,61,81,1779545787391,https://m.weibo.cn/detail/5301750951317702,浙江,5705021476,芒果捞小萌主,m,https://m.weibo.cn/u/5705021476?launchid=10000360-page_H5,"https://tvax4.sinaimg.cn/crop.0.0.1080.1080.180/006e5GHqly8h8ugf15lhuj30u00u03zh.jpg?KID=imgbed,tva&Expires=1779556584&ssig=e%2BKLKEvZYb",魏晨带儿子逛超市,search_contents_2026-05-23.csv,search_post,, 魏晨带儿子逛超市祖孙三代同框3岁小橙子个头很高 ,True,False
5301753320834038,#魏晨3岁儿子身高##魏晨带儿子逛超市#魏晨带3岁小橙子逛超市被偶遇，温柔问要不要喝椰汁，画面也太暖了吧！小家伙完美继承爸爸183cm基因，3岁就长腿优越，软萌又乖巧，祖孙三代同框满是烟火气～ ,1779548756,2026-05-23 15:05:56+08:00,536,41,5,1779545787395,https://m.weibo.cn/detail/5301753320834038,陕西,6067509024,张张只喝粥,f,https://m.weibo.cn/u/6067509024?launchid=10000360-page_H5,"https://tvax4.sinaimg.cn/crop.0.0.1080.1080.180/006CCEgMly8i5mvaeejd4j30u00u0dhz.jpg?KID=imgbed,tva&Expires=1779556584&ssig=DO2v7mef0H",魏晨带儿子逛超市,search_contents_2026-05-23.csv,search_post,,魏晨带3岁小橙子逛超市被偶遇温柔问要不要喝椰汁画面也太暖了吧小家伙完美继承爸爸183cm基因3岁就长腿优越软萌又乖巧祖孙三代同框满是烟火气 ,True,False
5301827001389425,#魏晨带儿子逛超市#有人偶遇魏晨带3岁儿子小橙子逛超市，就是三代人一起买买东西，平平淡淡却看得人心软。他单手抱娃的动作也太熟练了吧！还会温柔地问儿子“要不要喝椰汁”，完全就是奶爸本爸。更难得的是，魏晨夫妇一直拒绝高价亲子综艺，只想给孩子一个普通自由的童年。 ,1779566323,2026-05-23 19:58:43+08:00,147,13,1,1779545787399,https://m.weibo.cn/detail/5301827001389425,河北,6911003394,嗑瓜子娱乐冲浪,f,https://m.weibo.cn/u/6911003394?launchid=10000360-page_H5,"https://tvax3.sinaimg.cn/crop.0.0.180.180.180/007xHRGGly8gkok4bqg80j3050050746.jpg?KID=imgbed,tva&Expires=1779556584&ssig=12afL6KuDQ",魏晨带儿子逛超市,search_contents_2026-05-23.csv,search_post,,有人偶遇魏晨带3岁儿子小橙子逛超市就是三代人一起买买东西平平淡淡却看得人心软他单手抱娃的动作也太熟练了吧还会温柔地问儿子要不要喝椰汁完全就是奶爸本爸更难得的是魏晨夫妇一直拒绝高价亲子综艺只想给孩子一个普通自由的童年 ,True,False
5301755518912749,#魏晨带儿子逛超市##魏晨3岁儿子身高#魏晨祖孙三代逛超市被偶遇，3岁儿子小橙子乖巧帅气，妥妥的合格奶爸！分享的宝宝暖心日常更戳人，原来他和妻子还是大学同学，这一家也幸福了。 ,1779549280,2026-05-23 15:14:40+08:00,174,14,5,1779545787402,https://m.weibo.cn/detail/5301755518912749,河北,5312163974,赏优集,m,https://m.weibo.cn/u/5312163974?launchid=10000360-page_H5,"https://tvax2.sinaimg.cn/crop.0.0.1080.1080.180/005Nviw6ly8i8rxi7ufznj30u00u042a.jpg?KID=imgbed,tva&Expires=1779556584&ssig=gmHnLsz%2FI8",魏晨带儿子逛超市,search_contents_2026-05-23.csv,search_post,,魏晨祖孙三代逛超市被偶遇3岁儿子小橙子乖巧帅气妥妥的合格奶爸分享的宝宝暖心日常更戳人原来他和妻子还是大学同学这一家也幸福了 ,True,False
5301832767505061,#魏晨带儿子逛超市#魏晨带3岁儿子逛超市祖孙三代同框2026年5月，网友偶遇魏晨带着儿子小橙子逛超市，画面里魏晨单手抱娃娴熟自然，轻声贴心询问孩子喜好，满满温柔奶爸气场。3岁小朋友遗传父母优良身高基因，身形高挑出众，妥妥遗传优势拉满夫妻俩一直低调护娃隐私，婉拒亲子综艺邀约，日常亲自陪伴成长，孩子乳名还暗藏粉丝心意如今魏晨事业家庭稳步兼顾，影视综艺舞台多线发展，私下用心陪伴家人。07快男老友情谊也时常被网友感慨，多年情谊依旧真挚出道近二十年口碑稳健无争议，家庭和睦生活安稳，妥妥内娱幸福感满满的艺人范本温馨提醒：孩子身高仅网友目测，每个孩子发育节奏不同，身心健康才最重要 魏晨带儿子逛超市,1779567698,2026-05-23 20:21:38+08:00,64,51,0,1779545787404,https://m.weibo.cn/detail/5301832767505061,安徽,6323982758,桃树下有个李子,f,https://m.weibo.cn/u/6323982758?luicode=20000061&lfid=5301832767505061&launchid=10000360-page_H5,"https://tvax2.sinaimg.cn/crop.0.0.1080.1080.180/006TYMNUly8hv6rr2n5zmj30u00u0dia.jpg?KID=imgbed,tva&Expires=1779556584&ssig=d4VrEjakiu",魏晨带儿子逛超市,search_contents_2026-05-23.csv,search_post,,魏晨带3岁儿子逛超市祖孙三代同框2026年5月网友偶遇魏晨带着儿子小橙子逛超市画面里魏晨单手抱娃娴熟自然轻声贴心询问孩子喜好满满温柔奶爸气场3岁小朋友遗传父母优良身高基因身形高挑出众妥妥遗传优势拉满夫妻俩一直低调护娃隐私婉拒亲子综艺邀约日常亲自陪伴成长孩子乳名还暗藏粉丝心意如今魏晨事业家庭稳步兼顾影视综艺舞台多线发展私下用心陪伴家人07快男老友情谊也时常被网友感慨多年情谊依旧真挚出道近二十年口碑稳健无争议家庭和睦生活安稳妥妥内娱幸福感满满的艺人范本温馨提醒孩子身高仅网友目测每个孩子发育节奏不同身心健康才最重要 魏晨带儿子逛超市,True,False
5301861408048185,#魏晨带儿子逛超市#魏晨的儿子我好像也是在《爸爸当家》才知道，这季《爸爸当家》刚播完第一期，还是很好看的爱看 ,1779574526,2026-05-23 22:15:26+08:00,0,0,0,1779545787406,https://m.weibo.cn/detail/5301861408048185,江苏,7902524371,i薯条不蘸酱,f,https://m.weibo.cn/u/7902524371?launchid=10000360-page_H5,"https://tvax1.sinaimg.cn/crop.0.0.1080.1080.180/008CObAvly8idddke5l7zj30u00u0n11.jpg?KID=imgbed,tva&Expires=1779556584&ssig=NLiKjlawJz",魏晨带儿子逛超市,search_contents_2026-05-23.csv,search_post,,魏晨的儿子我好像也是在爸爸当家才知道这季爸爸当家刚播完第一期还是很好看的爱看 ,True,False
5301830064275839,#魏晨带儿子逛超市#魏晨和于玮2020年就结束14年的恋爱长跑结婚了？儿子小橙子已经三岁了？我天呐 ,1779567052,2026-05-23 20:10:52+08:00,177,19,12,1779545787408,https://m.weibo.cn/detail/5301830064275839,安徽,5530610732,·碳酸心跳·,f,https://m.weibo.cn/u/5530610732?launchid=10000360-page_H5,"https://tvax1.sinaimg.cn/crop.0.0.1024.1024.180/0062hSuUly8id2mt0avw9j30sg0sgadf.jpg?KID=imgbed,tva&Expires=1779556584&ssig=YwhWGWUI5v",魏晨带儿子逛超市,search_contents_2026-05-23.csv,search_post,,魏晨和于玮2020年就结束14年的恋爱长跑结婚了儿子小橙子已经三岁了我天呐 ,True,False
5301859443279319,#魏晨带儿子逛超市#好幸福的魏晨老师 ,1779574058,2026-05-23 22:07:38+08:00,0,0,0,1779545787411,https://m.weibo.cn/detail/5301859443279319,河南,7405441117,Dawnawnawna,f,https://m.weibo.cn/u/7405441117?launchid=10000360-page_H5,"https://tvax2.sinaimg.cn/crop.0.0.1080.1080.180/0085atwFly8ibew1rwqm7j30u00u00up.jpg?KID=imgbed,tva&Expires=1779556584&ssig=CSUtwyaqbR",魏晨带儿子逛超市,search_contents_2026-05-23.csv,search_post,,好幸福的魏晨老师 ,True,False
5301752245256996,【#留神峪矿工回忆事故发生一刻#】#山西事故煤矿矿工晕倒一个多小时##山西煤矿事故已致90人死亡# 矿工王勇：“当时我在311工作面的时候，也没听见任何响声，但是，就是出现一股烟。当时闻到就和放炮一样的硫磺味。我就叫人跑，跑的过程中看到有被烟呛到的人，当时我也晕了。后来躺了差不多有一个多小时，我自己醒过来，我又把旁边的人叫起来，跟着出了井。”（总台记者张说地 董琪琪）央视新闻的微博视频,1779548500,2026-05-23 15:01:40+08:00,10910,577,379,1779545896120,https://m.weibo.cn/detail/5301752245256996,,2656274875,央视新闻,m,https://m.weibo.cn/u/2656274875?luicode=20000061&lfid=5301752245256996&launchid=10000360-page_H5,"https://tvax4.sinaimg.cn/crop.0.0.690.690.180/002TLsr9ly8iakuy3heb6j60j60j6wex02.jpg?KID=imgbed,tva&Expires=1779556664&ssig=ShItPhi%2Fx7",山西事故煤矿矿工晕倒一个多小时,search_contents_2026-05-23.csv,search_post,白名单账号, 矿工王勇当时我在311工作面的时候也没听见任何响声但是就是出现一股烟当时闻到就和放炮一样的硫磺味我就叫人跑跑的过程中看到有被烟呛到的人当时我也晕了后来躺了差不多有一个多小时我自己醒过来我又把旁边的人叫起来跟着出了井总台记者张说地 董琪琪央视新闻的微博视频,True,False
5301757892890072,【#山西煤矿事故受伤矿工发声# 】#受伤矿工称事故发生时闻到硫黄味# 5月23日，央视新闻记者从山西通洲集团留神峪煤矿瓦斯爆炸事故现场了解到，事故已造成90人死亡，现场搜救仍在进行。#山西事故煤矿矿工晕倒一个多小时##山西煤矿事故已致90人死亡#受伤矿工 王勇：“当时我在311工作面的时候，没听见任何响声，就是出现一股烟。当时闻到和放炮一样的硫黄味。我就叫人跑，跑的过程中看到有被烟呛倒的人，当时我也晕了。后来躺了差不多有一个多小时，我自己醒过来，又把旁边的人叫起来，一起出了井。”（央视新闻） 中国蓝新闻的微博视频,1779549846,2026-05-23 15:24:06+08:00,423,95,75,1779545896126,https://m.weibo.cn/detail/5301757892890072,,2286092114,中国蓝新闻,m,https://m.weibo.cn/u/2286092114?luicode=20000061&lfid=5301757892890072&launchid=10000360-page_H5,"https://tvax2.sinaimg.cn/crop.0.0.1000.1000.180/8842ff52ly8heqfusvnwbj20rs0rsmxx.jpg?KID=imgbed,tva&Expires=1779556667&ssig=ignuX7bM6Q",山西事故煤矿矿工晕倒一个多小时,search_contents_2026-05-23.csv,search_post,,  5月23日央视新闻记者从山西通洲集团留神峪煤矿瓦斯爆炸事故现场了解到事故已造成90人死亡现场搜救仍在进行受伤矿工 王勇当时我在311工作面的时候没听见任何响声就是出现一股烟当时闻到和放炮一样的硫黄味我就叫人跑跑的过程中看到有被烟呛倒的人当时我也晕了后来躺了差不多有一个多小时我自己醒过来又把旁边的人叫起来一起出了井央视新闻 中国蓝新闻的微博视频,True,False
5301767107511049,【#山西留神峪幸存矿工回忆爆炸瞬间#】5月23日，山西留神峪幸存矿工回忆爆炸瞬间：被冲击波炸晕，帽子被掀落在地，脸上扎着被气浪崩飞的沙子，一路摸黑逃生。还有矿工称闻到硫磺味，被烟雾呛晕倒地躺了一个多小时才醒。#山西沁源煤矿事故最新情况# 四川观察的微博视频 ,1779552043,2026-05-23 16:00:43+08:00,147,2,13,1779545896135,https://m.weibo.cn/detail/5301767107511049,,3203137375,四川观察,f,https://m.weibo.cn/u/3203137375?launchid=10000360-page_H5,"https://tvax3.sinaimg.cn/crop.0.0.600.600.180/beebff5fly8i6aou48o1nj20go0got9j.jpg?KID=imgbed,tva&Expires=1779556663&ssig=lnm7ixB73q",山西事故煤矿矿工晕倒一个多小时,search_contents_2026-05-23.csv,search_post,,5月23日山西留神峪幸存矿工回忆爆炸瞬间被冲击波炸晕帽子被掀落在地脸上扎着被气浪崩飞的沙子一路摸黑逃生还有矿工称闻到硫磺味被烟雾呛晕倒地躺了一个多小时才醒 四川观察的微博视频 ,True,False
5301770058465527,#山西事故煤矿矿工晕倒一个多小时#“躺了差不多有一个多小时，我自己醒过来，又把旁边的人叫起来，一起出了井。”这是幸存矿工王勇在遭遇毒烟时的真实经历。矿井寂静如常，一股硫黄味突然袭来；没有惊天响声，瞬间就被吞噬倒下。正是靠着那超强的求生意志和对工友的责任，他在意识与毒烟的搏斗中顽强挺过来。祝福伤者早日康复，也向逆行的救援人员致敬。🙏🏻🙏🏻 昼時汣的微博视频,1779552746,2026-05-23 16:12:26+08:00,164,19,10,1779545896140,https://m.weibo.cn/detail/5301770058465527,北京,7726215927,昼時汣,f,https://m.weibo.cn/u/7726215927?luicode=20000061&lfid=5301770058465527&launchid=10000360-page_H5,"https://tvax3.sinaimg.cn/crop.0.0.1080.1080.180/008qSpHVly8id5304wmiqj30u00u0jvv.jpg?KID=imgbed,tva&Expires=1779556673&ssig=zcQXAJK4WN",山西事故煤矿矿工晕倒一个多小时,search_contents_2026-05-23.csv,search_post,,躺了差不多有一个多小时我自己醒过来又把旁边的人叫起来一起出了井这是幸存矿工王勇在遭遇毒烟时的真实经历矿井寂静如常一股硫黄味突然袭来没有惊天响声瞬间就被吞噬倒下正是靠着那超强的求生意志和对工友的责任他在意识与毒烟的搏斗中顽强挺过来祝福伤者早日康复也向逆行的救援人员致敬 昼時汣的微博视频,True,False
5301767799835064,山西煤矿事故已致90人死亡这应是中国2009年以来死亡人数最多的矿难#山西事故煤矿矿工晕倒一个多小时# 深圳 ,1779552208,2026-05-23 16:03:28+08:00,545,77,13,1779545896145,https://m.weibo.cn/detail/5301767799835064,广东,7006372128,詹志斌同学,m,https://m.weibo.cn/u/7006372128?launchid=10000360-page_H5,"https://tvax1.sinaimg.cn/crop.0.0.1079.1079.180/007Ea1s4ly8ha4agjm1nrj30tz0tzwgl.jpg?KID=imgbed,tva&Expires=1779556663&ssig=QaGZ6PKFJ%2B",山西事故煤矿矿工晕倒一个多小时,search_contents_2026-05-23.csv,search_post,,山西煤矿事故已致90人死亡这应是中国2009年以来死亡人数最多的矿难 深圳 ,True,False
5301779849544991,#山西煤矿事故已致90人死亡##山西事故煤矿矿工晕倒一个多小时##山西留神峪煤矿内部画面#【转扩！矿井瓦斯爆炸自救办法】 瓦斯爆炸时，现场和附近巷道的工作人员千万不可惊慌失措，应立即避开爆炸的正面巷道， 进入旁侧巷道或进入巷道内的避难硐室 ；当听到爆炸声和感到冲击波造成的空气震动气浪时，应迅速背朝爆炸冲击波传来方向卧倒，脸部朝下，把头放低些。在有水沟地方最好侧卧在水沟里边，迅速用湿毛巾将嘴、鼻捂住，同时用最快速度戴上自救器 ，拉严身上衣物盖住露出的部分，以防被爆炸高温灼伤。在听到爆炸瞬间，最好尽力屏住呼吸 ，防止吸入有毒高温气体灼伤内脏。戴上自救器后， 绝不可轻易取下吸外界气体 ，以免遭受有害气体的毒害。外撤时，要随时注意巷道风流方向 ，要迎着新鲜风流走。 纵览新闻的微博视频,1779555081,2026-05-23 16:51:21+08:00,17,0,5,1779545896149,https://m.weibo.cn/detail/5301779849544991,,1738004582,纵览新闻,m,https://m.weibo.cn/u/1738004582?luicode=20000061&lfid=5301779849544991&launchid=10000360-page_H5,"https://tvax2.sinaimg.cn/crop.0.0.600.600.180/001TCunYly8i3133h6qooj60go0gowfh02.jpg?KID=imgbed,tva&Expires=1779556677&ssig=BxmH1b%2FhCE",山西事故煤矿矿工晕倒一个多小时,search_contents_2026-05-23.csv,search_post,,转扩矿井瓦斯爆炸自救办法 瓦斯爆炸时现场和附近巷道的工作人员千万不可惊慌失措应立即避开爆炸的正面巷道 进入旁侧巷道或进入巷道内的避难硐室 当听到爆炸声和感到冲击波造成的空气震动气浪时应迅速背朝爆炸冲击波传来方向卧倒脸部朝下把头放低些在有水沟地方最好侧卧在水沟里边迅速用湿毛巾将嘴鼻捂住同时用最快速度戴上自救器 拉严身上衣物盖住露出的部分以防被爆炸高温灼伤在听到爆炸瞬间最好尽力屏住呼吸 防止吸入有毒高温气体灼伤内脏戴上自救器后 绝不可轻易取下吸外界气体 以免遭受有害气体的毒害外撤时要随时注意巷道风流方向 要迎着新鲜风流走 纵览新闻的微博视频,True,False
5301807106490753,山西煤矿事故救援面临多重困难：井下有毒气体浓度高、有二次爆炸风险，存在积水和坍塌；矿方图纸与实际不符，部分矿工未带定位卡，搜救难以精准；高瓦斯矿井风险大，斜井通道深，抬运伤员困难。#山西煤矿事故救援为何难度大# #山西事故煤矿矿工晕倒一个多小时# #一分钟精选视频扶持计划#目前345名救援人员正持续搜救。  赵彦彬_bynn的微博视频,1779561579,2026-05-23 18:39:39+08:00,48,13,11,1779545896152,https://m.weibo.cn/detail/5301807106490753,吉林,1709337877,赵彦彬_bynn,m,https://m.weibo.cn/u/1709337877?luicode=20000061&lfid=5301807106490753&launchid=10000360-page_H5,"https://tvax4.sinaimg.cn/crop.0.0.1080.1080.180/65e26d15ly1hsozj08kdij20u00u0myu.jpg?KID=imgbed,tva&Expires=1779556680&ssig=42BOSVauYy",山西事故煤矿矿工晕倒一个多小时,search_contents_2026-05-23.csv,search_post,,山西煤矿事故救援面临多重困难井下有毒气体浓度高有二次爆炸风险存在积水和坍塌矿方图纸与实际不符部分矿工未带定位卡搜救难以精准高瓦斯矿井风险大斜井通道深抬运伤员困难  目前345名救援人员正持续搜救  赵彦彬_bynn的微博视频,True,False
5301780579353950,【沈亦晨：#未来光芯片占比或达30%##光芯片点亮万亿美元市场#】“光计算进入计算行业，就像电动车进入汽油车市场。”光芯片有机会成为市场主流吗？曦智科技创始人、董事长沈亦晨认为，未来电和光芯片是和谐共存、光电融合的关系。目前数据中心里电芯片占99%、光芯片仅占1%，但在5年到10年内，光芯片占比有望从1%提升到30%，乐观情况下可达50%，不过沈亦晨并不认为光芯片会达到99%。沈亦晨同时指出，不需要成为主流也能成功——整个计算行业是百万亿级美元市场，哪怕光芯片只占20%到30%，也对应着几万亿美元到几十万亿美元的市场空间。电与光，不是替代，而是融合共存。5月23日21:30，#对话#追光者：改写AI算力规则，敬请关注！ #AI光算力第一股上市首日暴涨380%# 央视财经的微博视频,1779555255,2026-05-23 16:54:15+08:00,64,5,34,1779545991343,https://m.weibo.cn/detail/5301780579353950,,2258727970,央视财经,f,https://m.weibo.cn/u/2258727970?luicode=20000061&lfid=5301780579353950&launchid=10000360-page_H5,"https://tvax2.sinaimg.cn/crop.0.0.700.700.180/002sRokily8h8vg8b1kf7j60jg0jgwf602.jpg?KID=imgbed,tva&Expires=1779556762&ssig=VJNa0YE5y1",AI光算力第一股上市首日暴涨380%,search_contents_2026-05-23.csv,search_post,,沈亦晨光计算进入计算行业就像电动车进入汽油车市场光芯片有机会成为市场主流吗曦智科技创始人董事长沈亦晨认为未来电和光芯片是和谐共存光电融合的关系目前数据中心里电芯片占99光芯片仅占1但在5年到10年内光芯片占比有望从1提升到30乐观情况下可达50不过沈亦晨并不认为光芯片会达到99沈亦晨同时指出不需要成为主流也能成功整个计算行业是百万亿级美元市场哪怕光芯片只占20到30也对应着几万亿美元到几十万亿美元的市场空间电与光不是替代而是融合共存5月23日2130追光者改写AI算力规则敬请关注  央视财经的微博视频,True,False
5301789024848151,#AI光算力第一股上市首日暴涨380%#港股上市的曦智科技作为AI光算力核心龙头，上市首日股价大幅飙升涨幅达到380%，盘中涨幅一度突破四倍，收盘后企业市值攀升至八百亿港元级别，刷新近期港股新股上涨纪录。本次新股市场热度空前，公开发售阶段收获超高倍数超额认购，中签比例偏低，单笔持仓收获可观盈利，同时汇聚多家头部资本机构参与投资持股，股东阵容实力雄厚。企业凭借前沿光计算技术打破传统电子芯片发展瓶颈，具备低延迟高带宽低能耗的突出优势，也是目前行业内少数实现光互连商业化落地的企业，在国内市场占据极高份额，芯片出货规模稳居全球前列，近两年经营业绩迎来跨越式增长，成长潜力得到市场广泛认可。当前AI算力行业正式迈入光电升级新阶段，光算力赛道稀缺属性凸显，资金关注度持续攀升，此番个股强势大涨也带动国内相关产业链行情走强，光互连硅光芯片光电模块等细分领域同步迎来资金布局机会，整条产业赛道迎来全新发展机遇。,1779557269,2026-05-23 17:27:49+08:00,198,46,4,1779545991349,https://m.weibo.cn/detail/5301789024848151,广东,7564608482,韭菜逆袭2027,m,https://m.weibo.cn/u/7564608482?luicode=20000061&lfid=5301789024848151&launchid=10000360-page_H5,"https://tvax3.sinaimg.cn/crop.0.0.1080.1080.180/008fWkeely8iclfka9dpxj30u00u076l.jpg?KID=imgbed,tva&Expires=1779556765&ssig=RJ7WbVz3X%2B",AI光算力第一股上市首日暴涨380%,search_contents_2026-05-23.csv,search_post,,港股上市的曦智科技作为AI光算力核心龙头上市首日股价大幅飙升涨幅达到380盘中涨幅一度突破四倍收盘后企业市值攀升至八百亿港元级别刷新近期港股新股上涨纪录本次新股市场热度空前公开发售阶段收获超高倍数超额认购中签比例偏低单笔持仓收获可观盈利同时汇聚多家头部资本机构参与投资持股股东阵容实力雄厚企业凭借前沿光计算技术打破传统电子芯片发展瓶颈具备低延迟高带宽低能耗的突出优势也是目前行业内少数实现光互连商业化落地的企业在国内市场占据极高份额芯片出货规模稳居全球前列近两年经营业绩迎来跨越式增长成长潜力得到市场广泛认可当前AI算力行业正式迈入光电升级新阶段光算力赛道稀缺属性凸显资金关注度持续攀升此番个股强势大涨也带动国内相关产业链行情走强光互连硅光芯片光电模块等细分领域同步迎来资金布局机会整条产业赛道迎来全新发展机遇,True,False
5301798393090380,#AI光算力第一股上市首日暴涨380%#曦智科技上市引爆算力革命！核心概念股全解析，附详细简介曦智科技作为全球AI硅光芯片第一股，登陆港交所后首日暴涨超380%，彻底点燃光电混合算力赛道热度。其核心业务聚焦光互连+光计算两大黄金方向，带动A股产业链相关标的集体爆发。一、核心对标股：业务高度重合，直接受益1.光迅科技—— 光通信龙头，硅光布局领先- 核心关联：国内光模块龙头，与曦智科技同属AI算力光基建核心玩家，深耕硅光芯片与800G/1.6T硅光模块研发，是曦智科技重要的产业链协同伙伴。- 核心亮点：- 硅光芯片自研能力突出，逐步降低对海外芯片依赖，打破海外技术垄断；- 800G硅光模块市占率位居全球前列，1.6T产品已实现商业化量产，适配曦智科技光互连技术路线；- 客户覆盖全球云厂商、AI服务器制造商，与曦智科技客户群体高度重叠，共享算力升级红利。- 业绩支撑：营收规模超百亿，盈利稳定，是光电混合算力赛道中商业化成熟度最高的标的之一。2.中际旭创—— 全球光模块霸主，绑定顶级需求- 核心关联：全球光模块市占率第一的龙头企业，曦智科技光互连业务的核心供应商之一，同步布局CPO（共封装光学）技术，与曦智科技形成技术互补。- 核心亮点：-英伟达相关平台1.6T硅光模块核心供应商，精准卡位AI算力核心需求；- 业绩高增态势显著，算力需求爆发驱动业务规模快速扩张；- 硅光模块技术领先，与曦智科技共同推动光互连技术在AI集群的规模化部署。3. 沐曦股份—— AI GPU新锐，技术路线差异化竞争- 核心关联：国产AI GPU核心厂商，与曦智科技同瞄准AI大模型训练/推理加速场景，是光电混合算力与传统电子算力的两大核心代表。- 核心亮点：- 核心GPU加速卡适配主流大模型，与曦智科技相关加速卡形成互补；- 核心团队背景强劲，国产GPU生态逐步完善，具备强劲的国产替代逻辑；- 研发投入持续加码，与曦智科技共同推动算力技术迭代。二、产业链核心股：细分领域龙头，长期受益赛道红利1.天孚通信—— 光通信精密元件龙头- 核心关联：曦智科技光模块封装测试核心供应商，深耕光通信精密陶瓷、光学元件等领域，是光电混合算力产业链的“隐形冠军”。- 核心亮点：- 硅光模块封装技术领先，产品适配曦智科技相关加速卡及超节点产品；- 客户覆盖中际旭创等全球光模块龙头，订单需求持续放量；- 高毛利+高成长，业绩保持稳健增长，是产业链中业绩确定性较强的标的。2.新易盛—— 高速光模块新锐- 核心关联：国内高速光模块核心厂商，重点布局800G/1.6T硅光模块，与曦智科技光互连业务形成直接协同。- 核心亮点：- 1.6T硅光模块已实现小批量交付，技术水平跻身全球第一梯队；- 客户涵盖国内头部云厂商、AI算力运营商，受益曦智科技带动的算力基础设施升级；- 产能持续扩张，有望在光电混合算力浪潮中抢占更多市场份额。3.长光华芯——激光芯片龙头- 核心关联：曦智科技光互连业务核心器件供应商，国内高功率激光芯片龙头，打破海外在光通信核心器件领域的垄断。- 核心亮点：- 光通信用激光芯片市占率国内第一，产品适配曦智科技硅光芯片及光模块需求；- 自研芯片性能优异，功耗低、稳定性强，完美匹配光电混合算力对低延迟、低功耗的要求；- 国产替代逻辑强劲，随着曦智科技等企业规模化量产，订单需求将持续释放。三、赛道核心逻辑：为什么曦智科技能引爆概念股？1. 技术代差优势：曦智科技的光电混合算力架构，实现“光负责高速互连与计算，电承担控制”，相比传统电子芯片，延迟降低90%以上，功耗大幅下降，精准解决AI算力“内存墙、功耗墙”瓶颈。2. 市场空间广阔：据行业数据，中国光互连市场规模未来将大幅扩容，光计算市场规模复合增长率超80%，赛道成长潜力巨大。3. 顶级资本背书：曦智科技基石阵容豪华，阿里、淡马锡、贝莱德、高瓴等20家顶级资本参与认购，彰显赛道长期价值。风险提示1. 曦智科技作为未商业化特专科技公司，持续大额亏损，短期盈利难度大；2. 光电混合算力赛道竞争激烈，海外巨头及国内头部企业在相关领域布局深厚，市场竞争压力较大；3. 技术迭代风险，算力技术路线存在更新迭代可能，影响现有产品商业化进度；4. 行业政策变化、下游需求不及预期等因素，也可能对产业链相关企业发展造成不利影响。,1779559502,2026-05-23 18:05:02+08:00,101,17,0,1779545991354,https://m.weibo.cn/detail/5301798393090380,北京,3091421797,骑K擒龙,m,https://m.weibo.cn/u/3091421797?luicode=20000061&lfid=5301798393090380&launchid=10000360-page_H5,"https://tvax2.sinaimg.cn/crop.0.0.1080.1080.180/b8435a65ly8icje14nxrkj20u00u0juq.jpg?KID=imgbed,tva&Expires=1779556769&ssig=s3w%2B%2BDSq7c",AI光算力第一股上市首日暴涨380%,search_contents_2026-05-23.csv,search_post,,曦智科技上市引爆算力革命核心概念股全解析附详细简介曦智科技作为全球AI硅光芯片第一股登陆港交所后首日暴涨超380彻底点燃光电混合算力赛道热度其核心业务聚焦光互连光计算两大黄金方向带动A股产业链相关标的集体爆发一核心对标股业务高度重合直接受益1光迅科技 光通信龙头硅光布局领先 核心关联国内光模块龙头与曦智科技同属AI算力光基建核心玩家深耕硅光芯片与800G16T硅光模块研发是曦智科技重要的产业链协同伙伴 核心亮点 硅光芯片自研能力突出逐步降低对海外芯片依赖打破海外技术垄断 800G硅光模块市占率位居全球前列16T产品已实现商业化量产适配曦智科技光互连技术路线 客户覆盖全球云厂商AI服务器制造商与曦智科技客户群体高度重叠共享算力升级红利 业绩支撑营收规模超百亿盈利稳定是光电混合算力赛道中商业化成熟度最高的标的之一2中际旭创 全球光模块霸主绑定顶级需求 核心关联全球光模块市占率第一的龙头企业曦智科技光互连业务的核心供应商之一同步布局CPO共封装光学技术与曦智科技形成技术互补 核心亮点英伟达相关平台16T硅光模块核心供应商精准卡位AI算力核心需求 业绩高增态势显著算力需求爆发驱动业务规模快速扩张 硅光模块技术领先与曦智科技共同推动光互连技术在AI集群的规模化部署3 沐曦股份 AI GPU新锐技术路线差异化竞争 核心关联国产AI GPU核心厂商与曦智科技同瞄准AI大模型训练推理加速场景是光电混合算力与传统电子算力的两大核心代表 核心亮点 核心GPU加速卡适配主流大模型与曦智科技相关加速卡形成互补 核心团队背景强劲国产GPU生态逐步完善具备强劲的国产替代逻辑 研发投入持续加码与曦智科技共同推动算力技术迭代二产业链核心股细分领域龙头长期受益赛道红利1天孚通信 光通信精密元件龙头 核心关联曦智科技光模块封装测试核心供应商深耕光通信精密陶瓷光学元件等领域是光电混合算力产业链的隐形冠军 核心亮点 硅光模块封装技术领先产品适配曦智科技相关加速卡及超节点产品 客户覆盖中际旭创等全球光模块龙头订单需求持续放量 高毛利高成长业绩保持稳健增长是产业链中业绩确定性较强的标的2新易盛 高速光模块新锐 核心关联国内高速光模块核心厂商重点布局800G16T硅光模块与曦智科技光互连业务形成直接协同 核心亮点 16T硅光模块已实现小批量交付技术水平跻身全球第一梯队 客户涵盖国内头部云厂商AI算力运营商受益曦智科技带动的算力基础设施升级 产能持续扩张有望在光电混合算力浪潮中抢占更多市场份额3长光华芯激光芯片龙头 核心关联曦智科技光互连业务核心器件供应商国内高功率激光芯片龙头打破海外在光通信核心器件领域的垄断 核心亮点 光通信用激光芯片市占率国内第一产品适配曦智科技硅光芯片及光模块需求 自研芯片性能优异功耗低稳定性强完美匹配光电混合算力对低延迟低功耗的要求 国产替代逻辑强劲随着曦智科技等企业规模化量产订单需求将持续释放三赛道核心逻辑为什么曦智科技能引爆概念股1 技术代差优势曦智科技的光电混合算力架构实现光负责高速互连与计算电承担控制相比传统电子芯片延迟降低90以上功耗大幅下降精准解决AI算力内存墙功耗墙瓶颈2 市场空间广阔据行业数据中国光互连市场规模未来将大幅扩容光计算市场规模复合增长率超80赛道成长潜力巨大3 顶级资本背书曦智科技基石阵容豪华阿里淡马锡贝莱德高瓴等20家顶级资本参与认购彰显赛道长期价值风险提示1 曦智科技作为未商业化特专科技公司持续大额亏损短期盈利难度大2 光电混合算力赛道竞争激烈海外巨头及国内头部企业在相关领域布局深厚市场竞争压力较大3 技术迭代风险算力技术路线存在更新迭代可能影响现有产品商业化进度4 行业政策变化下游需求不及预期等因素也可能对产业链相关企业发展造成不利影响,True,False
5301797256430292,#AI光算力第一股上市首日暴涨380%#营收仅1亿，上市首日暴涨380%！曦智科技被资本疯抢的真相与隐忧！   一个月前，港交所迎来一家极具标志性的企业——曦智科技，顶着“全球AI光算力第一股”的光环登陆资本市场，上市首日股价狂涨380%，市值一举突破800亿港元，刷新港交所新股首日涨幅纪录。   令人意外的是，这家备受资本追捧的明星企业，2025年全年营收仅1亿元左右，且尚未实现盈利。如此极致的估值溢价，绝非单纯的市场炒作，而是产业趋势、技术稀缺性与未来算力革命预期的集中共振，背后也暗藏不容忽视的风险。 一、资本疯狂追捧的核心逻辑   1. 卡位下一代算力革命，赛道稀缺性无可替代传统电子算力逼近物理极限，AI大模型对高带宽、低延迟、低功耗算力的需求爆发，光算力/硅光技术被视为突破算力瓶颈的核心方向。曦智科技是全球极少数实现光互连、光计算双赛道商业化落地的企业，更是国内光互连领域的绝对龙头，精准卡位AI算力核心刚需，具备极强的赛道稀缺性。  2. 商业化落地提速，增长势能明确尽管当前营收规模较小，但公司增长势头迅猛，核心光互连产品已进入规模化交付阶段，成为AI服务器、数据中心高速互连的关键方案；前沿光计算业务也实现从零到一的突破，逐步获得头部客户验证，打开了长期成长想象空间。  3. 顶级资本背书，行业认可度极高此次IPO获得超额认购，云集多家全球顶级机构与产业资本基石投资，充分反映出全球资本对AI光算力赛道，以及曦智科技技术壁垒、行业地位的高度认可。 二、客观理性：高估值背后的三大风险   1. 估值严重透支，泡沫化特征明显1亿营收对应数百亿港元市值，市销率远超行业常规水平，当前股价已充分透支未来数年成长预期，估值泡沫显著。  2. 盈利遥遥无期，经营仍处投入期公司仍处于技术研发、市场拓展的高投入阶段，持续亏损状态短期难以扭转，业绩兑现周期较长。   3. 技术与竞争风险并存光算力仍处于产业发展早期，技术路线尚未完全固化，未来面临海外科技巨头入局、行业技术迭代、商业化落地不及预期等多重不确定性。    曦智科技的暴涨，本质是资本对“AI下一代算力革命”的远期押注，而非对当下营收利润的定价。市场看中的，从来不是它现在1亿的收入，而是其在AI算力变革中的技术先发优势与万亿级市场潜力。   但高成长对应高风险，公司后续能否支撑起当前估值，关键在于业务规模化放量、大客户持续突破、毛利率提升与盈利拐点到来。投资视角来看，这是一家典型的长期赛道标的，而非短期价值标的，机遇与风险同样突出。,1779559231,2026-05-23 18:00:31+08:00,116,23,7,1779545991360,https://m.weibo.cn/detail/5301797256430292,上海,6081242334,侯卫东88,m,https://m.weibo.cn/u/6081242334?luicode=20000061&lfid=5301797256430292&launchid=10000360-page_H5,"https://tvax4.sinaimg.cn/crop.0.0.1080.1080.180/006DygVMly8ib0m19k9pxj30u00u0gqz.jpg?KID=imgbed,tva&Expires=1779556772&ssig=%2B29pCZweOy",AI光算力第一股上市首日暴涨380%,search_contents_2026-05-23.csv,search_post,,营收仅1亿上市首日暴涨380曦智科技被资本疯抢的真相与隐忧   一个月前港交所迎来一家极具标志性的企业曦智科技顶着全球AI光算力第一股的光环登陆资本市场上市首日股价狂涨380市值一举突破800亿港元刷新港交所新股首日涨幅纪录   令人意外的是这家备受资本追捧的明星企业2025年全年营收仅1亿元左右且尚未实现盈利如此极致的估值溢价绝非单纯的市场炒作而是产业趋势技术稀缺性与未来算力革命预期的集中共振背后也暗藏不容忽视的风险 一资本疯狂追捧的核心逻辑   1 卡位下一代算力革命赛道稀缺性无可替代传统电子算力逼近物理极限AI大模型对高带宽低延迟低功耗算力的需求爆发光算力硅光技术被视为突破算力瓶颈的核心方向曦智科技是全球极少数实现光互连光计算双赛道商业化落地的企业更是国内光互连领域的绝对龙头精准卡位AI算力核心刚需具备极强的赛道稀缺性  2 商业化落地提速增长势能明确尽管当前营收规模较小但公司增长势头迅猛核心光互连产品已进入规模化交付阶段成为AI服务器数据中心高速互连的关键方案前沿光计算业务也实现从零到一的突破逐步获得头部客户验证打开了长期成长想象空间  3 顶级资本背书行业认可度极高此次IPO获得超额认购云集多家全球顶级机构与产业资本基石投资充分反映出全球资本对AI光算力赛道以及曦智科技技术壁垒行业地位的高度认可 二客观理性高估值背后的三大风险   1 估值严重透支泡沫化特征明显1亿营收对应数百亿港元市值市销率远超行业常规水平当前股价已充分透支未来数年成长预期估值泡沫显著  2 盈利遥遥无期经营仍处投入期公司仍处于技术研发市场拓展的高投入阶段持续亏损状态短期难以扭转业绩兑现周期较长   3 技术与竞争风险并存光算力仍处于产业发展早期技术路线尚未完全固化未来面临海外科技巨头入局行业技术迭代商业化落地不及预期等多重不确定性    曦智科技的暴涨本质是资本对AI下一代算力革命的远期押注而非对当下营收利润的定价市场看中的从来不是它现在1亿的收入而是其在AI算力变革中的技术先发优势与万亿级市场潜力   但高成长对应高风险公司后续能否支撑起当前估值关键在于业务规模化放量大客户持续突破毛利率提升与盈利拐点到来投资视角来看这是一家典型的长期赛道标的而非短期价值标的机遇与风险同样突出,True,False
5301810195857769,全网最全股市ETF整理，建议收藏！#AI光算力第一股上市首日暴涨380%# ,1779562315,2026-05-23 18:51:55+08:00,25,0,14,1779545991363,https://m.weibo.cn/detail/5301810195857769,浙江,2431967372,倩男游神,m,https://m.weibo.cn/u/2431967372?launchid=10000360-page_H5,"https://tva4.sinaimg.cn/crop.77.11.322.322.180/90f4e08cjw8ewaczf5zboj20g50b4mza.jpg?KID=imgbed,tva&Expires=1779556762&ssig=xXmsetyYYz",AI光算力第一股上市首日暴涨380%,search_contents_2026-05-23.csv,search_post,,全网最全股市ETF整理建议收藏 ,True,False
5301808991570106,存储芯片产业链概念股#AI光算力第一股上市首日暴涨380%# ,1779562029,2026-05-23 18:47:09+08:00,13,0,3,1779545991367,https://m.weibo.cn/detail/5301808991570106,浙江,2431967372,倩男游神,m,https://m.weibo.cn/u/2431967372?launchid=10000360-page_H5,"https://tva4.sinaimg.cn/crop.77.11.322.322.180/90f4e08cjw8ewaczf5zboj20g50b4mza.jpg?KID=imgbed,tva&Expires=1779556762&ssig=xXmsetyYYz",AI光算力第一股上市首日暴涨380%,search_contents_2026-05-23.csv,search_post,,存储芯片产业链概念股 ,True,False
5301861403854017,为什么你的AI Agent总是不听话？你可能用错了方法！视频揭秘`/goal`指令的正确用法：先让AI帮你写一个完美的“元提示词”，再喂给它。这样AI就能连续工作数小时，帮你搞定复杂项目！#AI# #提示词技巧# #AI光算力第一股上市首日暴涨380%# 零重力瓦力的微博视频 ,1779574525,2026-05-23 22:15:25+08:00,0,0,0,1779545991370,https://m.weibo.cn/detail/5301861403854017,,2192828333,零重力瓦力,m,https://m.weibo.cn/u/2192828333?launchid=10000360-page_H5,"https://tva1.sinaimg.cn/crop.0.288.711.711.180/82b3e7adjw8f3q9x709r1j20k00zkwfi.jpg?KID=imgbed,tva&Expires=1779556762&ssig=2M%2Bcq0uQzz",AI光算力第一股上市首日暴涨380%,search_contents_2026-05-23.csv,search_post,,为什么你的AI Agent总是不听话你可能用错了方法视频揭秘goal指令的正确用法先让AI帮你写一个完美的元提示词再喂给它这样AI就能连续工作数小时帮你搞定复杂项目   零重力瓦力的微博视频 ,True,False
5301860351088369,#AI光算力第一股上市首日暴涨380%# 带得动太辰光 昆仑 万兴 360 拓尔思 不  咱篮子的鸡蛋不少 去年还说狗都不买三六零 今年我是健忘蠢狗 ,1779574274,2026-05-23 22:11:14+08:00,0,0,0,1779545991373,https://m.weibo.cn/detail/5301860351088369,四川,1775380265,TayTay-Drew,f,https://m.weibo.cn/u/1775380265?launchid=10000360-page_H5,"https://tvax2.sinaimg.cn/crop.0.0.1080.1080.180/69d22729ly8hvy0fgx5twj20u00u0n2k.jpg?KID=imgbed,tva&Expires=1779556762&ssig=bOKKWGwI8b",AI光算力第一股上市首日暴涨380%,search_contents_2026-05-23.csv,search_post,, 带得动太辰光 昆仑 万兴 360 拓尔思 不  咱篮子的鸡蛋不少 去年还说狗都不买三六零 今年我是健忘蠢狗 ,True,False
5301811739101860,【#山西煤矿事故救援方案现重大调整#】#山西煤矿事故初步情况#由于瓦斯爆炸最重要的两个条件为①瓦斯达到一定浓度。②出现火源。初步推测，可能是在喷浆作业中，一方面没有通过通风设备降低巷道内瓦斯浓度，监测并未及时发现危险情况，同时，在喷浆作业中可能出现火花，最终导致爆炸的发生。由于爆炸点出现积水，现场救援方案出现重大调整。目前，涉水搜救与积水抽排在同时进行。#山西煤矿事故已致90人死亡# 央视网的微博视频,1779562684,2026-05-23 18:58:04+08:00,199,21,14,1779546123812,https://m.weibo.cn/detail/5301811739101860,,3266943013,央视网,m,https://m.weibo.cn/u/3266943013?luicode=20000061&lfid=5301811739101860&launchid=10000360-page_H5,"https://tvax4.sinaimg.cn/crop.0.0.180.180.180/003z5L7fly8h8ursf868gj6050050mwz02.jpg?KID=imgbed,tva&Expires=1779556904&ssig=EDNcsqs9rf",山西煤矿爆炸点附近出现积水,search_contents_2026-05-23.csv,search_post,,由于瓦斯爆炸最重要的两个条件为①瓦斯达到一定浓度②出现火源初步推测可能是在喷浆作业中一方面没有通过通风设备降低巷道内瓦斯浓度监测并未及时发现危险情况同时在喷浆作业中可能出现火花最终导致爆炸的发生由于爆炸点出现积水现场救援方案出现重大调整目前涉水搜救与积水抽排在同时进行 央视网的微博视频,True,False
5301801719169071,#留神峪煤矿救援人员再次下井#【#救援人员扛水管进留神峪煤矿#】山西留神峪煤矿发生瓦斯爆炸后，爆炸点附近出现了积水。总台记者在现场观察到，救援人员携带救援装备以及大量的水管，下井开展人员搜救以及抽排水作业。（总台记者宋云屹） 央视新闻的微博视频 ,1779560294,2026-05-23 18:18:14+08:00,644,136,55,1779546123822,https://m.weibo.cn/detail/5301801719169071,,2656274875,央视新闻,m,https://m.weibo.cn/u/2656274875?launchid=10000360-page_H5,"https://tvax4.sinaimg.cn/crop.0.0.690.690.180/002TLsr9ly8iakuy3heb6j60j60j6wex02.jpg?KID=imgbed,tva&Expires=1779556901&ssig=zUdFJjY4sH",山西煤矿爆炸点附近出现积水,search_contents_2026-05-23.csv,search_post,白名单账号,山西留神峪煤矿发生瓦斯爆炸后爆炸点附近出现了积水总台记者在现场观察到救援人员携带救援装备以及大量的水管下井开展人员搜救以及抽排水作业总台记者宋云屹 央视新闻的微博视频 ,True,False
5301789135209936,#留神峪煤矿给出的图纸与实际不符#因为涉事煤矿提供的图纸跟事实不符，导致救援队无法快速施救，只能一个一个的巷道搜索。如果图纸相符，也许能多救活几个矿工。一张矿图需要一边施工一边完善，如果矿图跟事实不符，可能涉及偷挖偷采了，这个煤矿真是造孽啊！ ,1779557295,2026-05-23 17:28:15+08:00,60,20,12,1779546123831,https://m.weibo.cn/detail/5301789135209936,河南,3775056661,巍岳钦禹,m,https://m.weibo.cn/u/3775056661?launchid=10000360-page_H5,"https://tvax4.sinaimg.cn/crop.0.0.1080.1080.180/0047tKGFly8ibp9whjzzkj60u00u0dlm02.jpg?KID=imgbed,tva&Expires=1779556901&ssig=YoYQMiw5wl",山西煤矿爆炸点附近出现积水,search_contents_2026-05-23.csv,search_post,,因为涉事煤矿提供的图纸跟事实不符导致救援队无法快速施救只能一个一个的巷道搜索如果图纸相符也许能多救活几个矿工一张矿图需要一边施工一边完善如果矿图跟事实不符可能涉及偷挖偷采了这个煤矿真是造孽啊 ,True,False
5301786266832031,【#山西煤矿事故搜救三大难点#】#多维因素致山西煤矿事故伤亡惨重#目前救援的主要难点：①爆炸点附近出现一定积水，情况尚不清晰。②目前矿上给出的图纸与矿下实际情况并不相符，搜救人员需要逐一摸排。③部分下矿工人未按照要求随身携带定位卡。瓦斯爆炸叠加有毒气体扩散，致伤亡扩大。#山西煤矿事故已致90人死亡# 央视网的微博视频,1779556611,2026-05-23 17:16:51+08:00,277,44,19,1779546123839,https://m.weibo.cn/detail/5301786266832031,,3266943013,央视网,m,https://m.weibo.cn/u/3266943013?luicode=20000061&lfid=5301786266832031&launchid=10000360-page_H5,"https://tvax4.sinaimg.cn/crop.0.0.180.180.180/003z5L7fly8h8ursf868gj6050050mwz02.jpg?KID=imgbed,tva&Expires=1779556908&ssig=%2Fs3%2ByQ%2FMOe",山西煤矿爆炸点附近出现积水,search_contents_2026-05-23.csv,search_post,,目前救援的主要难点①爆炸点附近出现一定积水情况尚不清晰②目前矿上给出的图纸与矿下实际情况并不相符搜救人员需要逐一摸排③部分下矿工人未按照要求随身携带定位卡瓦斯爆炸叠加有毒气体扩散致伤亡扩大 央视网的微博视频,True,False
5301855917968861,“山西爆炸煤矿矿下巷道与图纸不符；有巷道被私自开通；图纸上标注的巷道数量少于井下实际数量，地下结构四通八达。”山西一二把大概要到头了…#山西煤矿事故已致90人死亡# ,1779573217,2026-05-23 21:53:37+08:00,96,29,4,1779546123849,https://m.weibo.cn/detail/5301855917968861,湖北,1983489812,拾月揽山河,f,https://m.weibo.cn/u/1983489812?launchid=10000360-page_H5,"https://tvax4.sinaimg.cn/crop.0.0.512.512.180/7639a714ly8hji0d8c813j20e80e8wex.jpg?KID=imgbed,tva&Expires=1779556900&ssig=RPuFf38cD%2B",山西煤矿爆炸点附近出现积水,search_contents_2026-05-23.csv,search_post,,山西爆炸煤矿矿下巷道与图纸不符有巷道被私自开通图纸上标注的巷道数量少于井下实际数量地下结构四通八达山西一二把大概要到头了 ,True,False
5301844420335777,#山西煤矿爆炸点附近出现积水##山西煤矿事故已致90人死亡#坍塌损毁再加上积水，找人救人变得很困难，这次事故太让人难受了，快点找到失联的人 ,1779570476,2026-05-23 21:07:56+08:00,107,49,6,1779546123855,https://m.weibo.cn/detail/5301844420335777,浙江,7331622139,小怡说车,f,https://m.weibo.cn/u/7331622139?launchid=10000360-page_H5,"https://tvax4.sinaimg.cn/crop.0.0.1080.1080.180/0080aJPZly8h7k815nfi4j30u00u00ud.jpg?KID=imgbed,tva&Expires=1779556901&ssig=kvepPbrdHR",山西煤矿爆炸点附近出现积水,search_contents_2026-05-23.csv,search_post,,坍塌损毁再加上积水找人救人变得很困难这次事故太让人难受了快点找到失联的人 ,True,False
5301842758343988,刚看到这个信息！目前#山西煤矿事故已致90人死亡#，而且#山西煤矿爆炸点附近出现积水#。希望不要再有伤亡增加了！太可怕了！怎么能发生这么大的事故？生产安全很重要！很重要！很重要！要时刻保持警惕！不能放松！ ,1779570080,2026-05-23 21:01:20+08:00,229,48,13,1779546123860,https://m.weibo.cn/detail/5301842758343988,山东,2099591797,鍋盖頭司令,m,https://m.weibo.cn/u/2099591797?launchid=10000360-page_H5,"https://tvax3.sinaimg.cn/crop.0.0.1080.1080.180/002i5FJPly8hqesybtr91j60u00u0wgl02.jpg?KID=imgbed,tva&Expires=1779556901&ssig=y0Hc5Lq0RV",山西煤矿爆炸点附近出现积水,search_contents_2026-05-23.csv,search_post,,刚看到这个信息目前而且希望不要再有伤亡增加了太可怕了怎么能发生这么大的事故生产安全很重要很重要很重要要时刻保持警惕不能放松 ,True,False
5301780252459976,AG超玩会 何为进攻射解说：“又完成了射手开团”” #一诺射手开团# 带我躺一局的微博视频  ,1779555177,2026-05-23 16:52:57+08:00,1435,49,76,1779546179433,https://m.weibo.cn/detail/5301780252459976,内蒙古,7235958401,带我躺一局,f,https://m.weibo.cn/u/7235958401?launchid=10000360-page_H5,"https://tvax4.sinaimg.cn/crop.0.0.1080.1080.180/007THlktly8hvym463jotj30u00u00vx.jpg?KID=imgbed,tva&Expires=1779556979&ssig=DSQC8YljYA",一诺射手开团,search_contents_2026-05-23.csv,search_post,,AG超玩会 何为进攻射解说又完成了射手开团  带我躺一局的微博视频  ,True,False
5301785306072328,KPL下河道那一波双杀直接把对面打懵了，一诺敢用射手当团战发起者，这手苍确实有说法。#一诺射手开团# 游戏圈档案馆的微博视频 ,1779556382,2026-05-23 17:13:02+08:00,537,31,17,1779546179441,https://m.weibo.cn/detail/5301785306072328,四川,2103460752,游戏圈档案馆,f,https://m.weibo.cn/u/2103460752?launchid=10000360-page_H5,"https://tvax1.sinaimg.cn/crop.0.0.1080.1080.180/7d604390ly8i6qyi44fqij20u00u0dio.jpg?KID=imgbed,tva&Expires=1779556979&ssig=EGcc%2B3Wj%2BR",一诺射手开团,search_contents_2026-05-23.csv,search_post,,KPL下河道那一波双杀直接把对面打懵了一诺敢用射手当团战发起者这手苍确实有说法 游戏圈档案馆的微博视频 ,True,False
5301781341932853,AG拿下第一局，休息室的反应右上角看到一只陈卡特#钟意决赛首局MVP##一诺射手开团# ,1779555437,2026-05-23 16:57:17+08:00,145,1,3,1779546179446,https://m.weibo.cn/detail/5301781341932853,山东,5719091825,角落猫M,m,https://m.weibo.cn/u/5719091825?launchid=10000360-page_H5,"https://tvax1.sinaimg.cn/crop.0.0.1080.1080.180/006f2J2xly8hs9xi7l384j30u00u0tby.jpg?KID=imgbed,tva&Expires=1779556979&ssig=oiumCumQKb",一诺射手开团,search_contents_2026-05-23.csv,search_post,,AG拿下第一局休息室的反应右上角看到一只陈卡特 ,True,False
5301784999368368,KPL九分钟河道那波一诺果断进场收下双杀，这种开团型射手能给队伍多一条赢比赛的路。#一诺射手开团# 游戏小生快仔的微博视频 ,1779556309,2026-05-23 17:11:49+08:00,230,21,12,1779546179449,https://m.weibo.cn/detail/5301784999368368,四川,2429528801,游戏小生快仔,f,https://m.weibo.cn/u/2429528801?launchid=10000360-page_H5,"https://tvax2.sinaimg.cn/crop.0.0.1080.1080.180/90cfaae1ly8i6qylh54wpj20u00u0goj.jpg?KID=imgbed,tva&Expires=1779556979&ssig=3Vbj9OtGkK",一诺射手开团,search_contents_2026-05-23.csv,search_post,,KPL九分钟河道那波一诺果断进场收下双杀这种开团型射手能给队伍多一条赢比赛的路 游戏小生快仔的微博视频 ,True,False
5301793333448599,#一诺射手开团#这就是我们一诺的实力！一诺好棒！ ,1779558296,2026-05-23 17:44:56+08:00,275,14,0,1779546179454,https://m.weibo.cn/detail/5301793333448599,山东,6243850853,补药捏猫咪爪爪ovo,f,https://m.weibo.cn/u/6243850853?launchid=10000360-page_H5,"https://tvax4.sinaimg.cn/crop.0.0.1080.1080.180/006OyyPPly8id62d3ffwyj30u00u076b.jpg?KID=imgbed,tva&Expires=1779556979&ssig=K%2FXR05zABu",一诺射手开团,search_contents_2026-05-23.csv,search_post,,这就是我们一诺的实力一诺好棒 ,True,False
5301781603029072,这把核心能赢就是因为龙团那波诺儿一个人吸引了全部火力让对面技能都给了她 队友才有了势如破竹的机会打出一换四 后面的局面也是因为一诺闪开铺出来的 没有一诺你猜猜会怎么样 #一诺射手开团# ,1779555499,2026-05-23 16:58:19+08:00,224,11,3,1779546179456,https://m.weibo.cn/detail/5301781603029072,四川,7764391036,百蛊无一害,m,https://m.weibo.cn/u/7764391036?launchid=10000360-page_H5,"https://tvax3.sinaimg.cn/crop.0.0.1080.1080.180/008tsANuly8idd68c4sm0j30u00u0mz3.jpg?KID=imgbed,tva&Expires=1779556979&ssig=lmT%2FgO18NR",一诺射手开团,search_contents_2026-05-23.csv,search_post,,这把核心能赢就是因为龙团那波诺儿一个人吸引了全部火力让对面技能都给了她 队友才有了势如破竹的机会打出一换四 后面的局面也是因为一诺闪开铺出来的 没有一诺你猜猜会怎么样  ,True,False
5301810546872934,一诺苍射手开团，戏耍清清白起！一诺苍关键绕后打残武则天，十分钟龙团幽影袖剑吃满伤害，红区抓住白起失误射手开团拿下比赛！要输出有输出，要画面有画面，要kda有kda！c麻了，我心中的MVP#AG对战狼队##一诺射手开团##赵嘉敏去看一诺决赛##钟意偷家# 可莉喵喵酱的微博视频 ,1779562400,2026-05-23 18:53:20+08:00,163,56,9,1779546179459,https://m.weibo.cn/detail/5301810546872934,四川,5747757876,可莉喵喵酱,f,https://m.weibo.cn/u/5747757876?launchid=10000360-page_H5,"https://tvax3.sinaimg.cn/crop.0.0.1080.1080.180/006gZ0ocly8i0n0c6to4cj30u00u0whi.jpg?KID=imgbed,tva&Expires=1779556979&ssig=RMYvew06xj",一诺射手开团,search_contents_2026-05-23.csv,search_post,,一诺苍射手开团戏耍清清白起一诺苍关键绕后打残武则天十分钟龙团幽影袖剑吃满伤害红区抓住白起失误射手开团拿下比赛要输出有输出要画面有画面要kda有kdac麻了我心中的MVP 可莉喵喵酱的微博视频 ,True,False
5301790759192469,AG这偷家传统真是刻在骨子里了吗钟意这波梦奇暗度陈仓，把狼队五人全骗去追残血芈月，他在上路把水晶偷得干干净净弹幕热评：梦老师上身了！请神成功#AG对战狼队##钟意偷家##一诺射手开团# 王者小兔酱的微博视频  ,1779557682,2026-05-23 17:34:42+08:00,94,15,10,1779546179463,https://m.weibo.cn/detail/5301790759192469,江西,5866386341,王者小兔酱,f,https://m.weibo.cn/u/5866386341?launchid=10000360-page_H5,"https://tvax2.sinaimg.cn/crop.0.0.1080.1080.180/006p0L4xly8icuoarf5c3j30u00u0784.jpg?KID=imgbed,tva&Expires=1779556979&ssig=mydcgkgM4A",一诺射手开团,search_contents_2026-05-23.csv,search_post,,AG这偷家传统真是刻在骨子里了吗钟意这波梦奇暗度陈仓把狼队五人全骗去追残血芈月他在上路把水晶偷得干干净净弹幕热评梦老师上身了请神成功 王者小兔酱的微博视频  ,True,False
5301831653394995,#王濛短道速滑 也许放弃才能靠近你# 《盛夏的果实》第一句就是“也许放弃，才能靠近你”，听到王濛说“对于我短道速滑来说就是，放弃是为了重新站在冰场上”这一句就开始很动容。。。而且我感觉濛主其实非常聪明，在自己陌生的情歌赛道里找到自己最有感情的对象去表达，还有什么能比一个奥运冠军对自己项目和赛场的情感更深刻呢？ #浪姐直播# 朕的刀鞘不见了的微博视频,1779567432,2026-05-23 20:17:12+08:00,400,44,143,1779546260908,https://m.weibo.cn/detail/5301831653394995,浙江,5574351633,朕的刀鞘不见了,f,https://m.weibo.cn/u/5574351633?luicode=20000061&lfid=5301831653394995&launchid=10000360-page_H5,"https://tvax1.sinaimg.cn/crop.0.0.1080.1080.180/0065fpvjly8hvswicne9uj30u00u040v.jpg?KID=imgbed,tva&Expires=1779557035&ssig=0P4%2BxarnzS",王濛短道速滑 也许放弃才能靠近你,search_contents_2026-05-23.csv,search_post,, 盛夏的果实第一句就是也许放弃才能靠近你听到王濛说对于我短道速滑来说就是放弃是为了重新站在冰场上这一句就开始很动容而且我感觉濛主其实非常聪明在自己陌生的情歌赛道里找到自己最有感情的对象去表达还有什么能比一个奥运冠军对自己项目和赛场的情感更深刻呢  朕的刀鞘不见了的微博视频,True,False
5301829690725712,王濛：“对于我短道速滑来讲就是，放弃是为了重新站在冰面上，因为离开过才知道自己根本离不开，对我来说就是冬奥的果实本该在冰天雪地里边去采摘，如今在人生的夏天里回望那片冰场，有些不舍也有些挣扎。我希望大家能感受到我想要表达的自己对于短道速滑这份热爱，还有一些遗憾不舍都在这里。”在中短待过的人在这场浪姐直播里看到这些话已经哭成泪人，打下这些字的同时我的手一直在颤抖。提起这些不免让我想到几句歌词“因为享受着它的灿烂，因为忍受着它的腐烂，你说别爱啊又依依不舍，所以生命啊它璀璨如歌。”所以生命啊它璀璨如歌。 #王濛盛夏的果实# #王濛短道速滑 也许放弃才能靠近你#,1779566964,2026-05-23 20:09:24+08:00,191,13,19,1779546260916,https://m.weibo.cn/detail/5301829690725712,黑龙江,3579991021,喬木観,f,https://m.weibo.cn/u/3579991021?luicode=20000061&lfid=5301829690725712&launchid=10000360-page_H5,"https://tvax2.sinaimg.cn/crop.0.0.1080.1080.180/d56253edly8i98ewwqtzgj20u00u0taj.jpg?KID=imgbed,tva&Expires=1779557038&ssig=8%2BbTuwHhTb",王濛短道速滑 也许放弃才能靠近你,search_contents_2026-05-23.csv,search_post,,王濛对于我短道速滑来讲就是放弃是为了重新站在冰面上因为离开过才知道自己根本离不开对我来说就是冬奥的果实本该在冰天雪地里边去采摘如今在人生的夏天里回望那片冰场有些不舍也有些挣扎我希望大家能感受到我想要表达的自己对于短道速滑这份热爱还有一些遗憾不舍都在这里在中短待过的人在这场浪姐直播里看到这些话已经哭成泪人打下这些字的同时我的手一直在颤抖提起这些不免让我想到几句歌词因为享受着它的灿烂因为忍受着它的腐烂你说别爱啊又依依不舍所以生命啊它璀璨如歌所以生命啊它璀璨如歌  ,True,False
5301841652880237,#队长秀王濛盛夏的果实#王濛《盛夏的果实》唱的很有感情，很好听。刚刚刷到你说把对短道速滑的感情融入到了这首歌里，把有的遗憾与挣扎都投入了进去。现在听下来，居然有点想哭。不甘，遗憾，不舍，真的释怀了吗？真的好心疼你。#浪姐直播##微博二创视频创作季# 一鸣同学天天向上的微博视频  ,1779569816,2026-05-23 20:56:56+08:00,215,27,9,1779546260926,https://m.weibo.cn/detail/5301841652880237,湖北,5991219231,一鸣同学天天向上,m,https://m.weibo.cn/u/5991219231?launchid=10000360-page_H5,"https://tvax3.sinaimg.cn/crop.0.0.960.960.180/006xsxOfly8i6totahn1ij30qo0qo40s.jpg?KID=imgbed,tva&Expires=1779557034&ssig=4vRC13lz0T",王濛短道速滑 也许放弃才能靠近你,search_contents_2026-05-23.csv,search_post,,王濛盛夏的果实唱的很有感情很好听刚刚刷到你说把对短道速滑的感情融入到了这首歌里把有的遗憾与挣扎都投入了进去现在听下来居然有点想哭不甘遗憾不舍真的释怀了吗真的好心疼你 一鸣同学天天向上的微博视频  ,True,False
5301848217225269,#王濛短道速滑 也许放弃才能靠近你#永远不会忘记王濛身披国旗的样子，冰面上的传奇，冰场上的王者，让所有对手望而生畏的大魔王，不止短道速滑，王濛精神适用于多个赛道 #王濛pk萧蔷# ,1779571381,2026-05-23 21:23:01+08:00,149,12,2,1779546260931,https://m.weibo.cn/detail/5301848217225269,天津,5818823863,远处守护你,f,https://m.weibo.cn/u/5818823863?launchid=10000360-page_H5,"https://tvax2.sinaimg.cn/crop.0.0.1080.1080.180/006lNbTNly8ibmr4prb7sj30u00u0abq.jpg?KID=imgbed,tva&Expires=1779557034&ssig=M0kn15nJT5",王濛短道速滑 也许放弃才能靠近你,search_contents_2026-05-23.csv,search_post,,永远不会忘记王濛身披国旗的样子冰面上的传奇冰场上的王者让所有对手望而生畏的大魔王不止短道速滑王濛精神适用于多个赛道  ,True,False
5286556840497441,王濛有多厉害。厉害到再客观的描述也觉得像是在吹她。只用了四年时间就拿下了四块冬奥会金牌，曾7次打破女子500米世界纪录。是中国短道速滑历史上首位冬奥会三冠王。把世界纪录刷到了非人类的水平。13年了，至今无人能破。后因赛前重伤无奈结束了运动员生涯。但她太厉害了，以至于被忌惮，非常的忌惮，所有人都能顺利退役，只有她的退役申请一直没批下来，接近五年处于无赛可比、无队可带的真空期。后来在短道速滑队最难的改革期，被推上了国家队教练组组长的位置，任期不足一年，被摘了桃。直到今年3月，才被破格晋升国家级教练。她因伤退役，因人搁浅。#王濛 性格耿直又见不得美人儿落泪#在浪姐节目中，她为什么不愿意站起来，因为宋江打心眼里瞧不起高太尉。,1775925633,2026-04-11 16:40:33+08:00,2100,61,36,1779546260936,https://m.weibo.cn/detail/5286556840497441,浙江,2781848021,微微辣Vila,f,https://m.weibo.cn/u/2781848021?luicode=20000061&lfid=5286556840497441&launchid=10000360-page_H5,"https://tvax1.sinaimg.cn/crop.0.0.1080.1080.180/a5cfa1d5ly8iakwoizjghj20u00u0q4m.jpg?KID=imgbed,tva&Expires=1779557045&ssig=aKMfxATHTz",王濛短道速滑 也许放弃才能靠近你,search_contents_2026-05-23.csv,search_post,,王濛有多厉害厉害到再客观的描述也觉得像是在吹她只用了四年时间就拿下了四块冬奥会金牌曾7次打破女子500米世界纪录是中国短道速滑历史上首位冬奥会三冠王把世界纪录刷到了非人类的水平13年了至今无人能破后因赛前重伤无奈结束了运动员生涯但她太厉害了以至于被忌惮非常的忌惮所有人都能顺利退役只有她的退役申请一直没批下来接近五年处于无赛可比无队可带的真空期后来在短道速滑队最难的改革期被推上了国家队教练组组长的位置任期不足一年被摘了桃直到今年3月才被破格晋升国家级教练她因伤退役因人搁浅在浪姐节目中她为什么不愿意站起来因为宋江打心眼里瞧不起高太尉,True,False
5301837609567408,#王濛短道速滑 也许放弃才能靠近你#救命，当swj说《盛夏的果实》讲爱情的不适合濛主唱的时候，濛说虽然她情感方面没经验，但把这首歌拆解成唱给短道速滑的感情。就通了，这世间的感情不是只有爱情哇！一听怎么每句歌词都跟竞体这么贴【也许离开才能靠近你，不再见你你才会把我记起】【我要试着离开你不要再想你，虽然这并不是我本意】不光是短道速滑，所有搞过竞体的人真的会哭死。处处都是意难平到底怎么样才能赢呢？——用真心,1779568852,2026-05-23 20:40:52+08:00,142,6,6,1779546260940,https://m.weibo.cn/detail/5301837609567408,四川,5223678625,棠抖石墩,f,https://m.weibo.cn/u/5223678625?luicode=20000061&lfid=5301837609567408&launchid=10000360-page_H5,"https://tvax4.sinaimg.cn/crop.0.0.996.996.180/005Hw1r3ly8g2g6ajbjaxj30ro0rogo2.jpg?KID=imgbed,tva&Expires=1779557048&ssig=xhejqBwgMn",王濛短道速滑 也许放弃才能靠近你,search_contents_2026-05-23.csv,search_post,,救命当swj说盛夏的果实讲爱情的不适合濛主唱的时候濛说虽然她情感方面没经验但把这首歌拆解成唱给短道速滑的感情就通了这世间的感情不是只有爱情哇一听怎么每句歌词都跟竞体这么贴也许离开才能靠近你不再见你你才会把我记起我要试着离开你不要再想你虽然这并不是我本意不光是短道速滑所有搞过竞体的人真的会哭死处处都是意难平到底怎么样才能赢呢用真心,True,False
5301845276230112,王濛短道速滑 也许放弃才能靠近你当那句也许放弃才能靠近你响起，忽然读懂了王濛和短道速滑之间，最绵长也最戳心的羁绊。赛场上她是所向披靡的大魔王，带着一身锋芒，在冰道上拼尽全力，争分夺秒、为国争光，把最好的青春、热血与汗水，全都留在了冰面上。后来慢慢退场，不再以运动员的身份驰骋赛场，看似是放下、是告别，是选择“放弃”。可这份热爱从来没有消散，换了一种方式继续靠近冰雪、靠近短道速滑。从赛场到解说台，从选手到引路人，目光始终落在这片她深爱的领域里。不是不爱了，是换了一种陪伴；不是离开了，是用另一种姿态守护。有些告别，是为了长久的靠近；有些放手，是最深沉的热爱。一生短道，一生热爱，意难平，也终是圆满。,1779570680,2026-05-23 21:11:20+08:00,109,21,4,1779546260944,https://m.weibo.cn/detail/5301845276230112,内蒙古,5238542198,山川共平,f,https://m.weibo.cn/u/5238542198?luicode=20000061&lfid=5301845276230112&launchid=10000360-page_H5,"https://tvax3.sinaimg.cn/crop.0.0.1080.1080.180/005Iwo86ly8ib2uler7nej30u00u0jw5.jpg?KID=imgbed,tva&Expires=1779557051&ssig=3YL%2FJbJ1%2Bn",王濛短道速滑 也许放弃才能靠近你,search_contents_2026-05-23.csv,search_post,,王濛短道速滑 也许放弃才能靠近你当那句也许放弃才能靠近你响起忽然读懂了王濛和短道速滑之间最绵长也最戳心的羁绊赛场上她是所向披靡的大魔王带着一身锋芒在冰道上拼尽全力争分夺秒为国争光把最好的青春热血与汗水全都留在了冰面上后来慢慢退场不再以运动员的身份驰骋赛场看似是放下是告别是选择放弃可这份热爱从来没有消散换了一种方式继续靠近冰雪靠近短道速滑从赛场到解说台从选手到引路人目光始终落在这片她深爱的领域里不是不爱了是换了一种陪伴不是离开了是用另一种姿态守护有些告别是为了长久的靠近有些放手是最深沉的热爱一生短道一生热爱意难平也终是圆满,True,False
5301766926374528,#十万级智能纯电轿跑新高度# #大众汽车全新以赴# 十万块选纯电，大家基本都绕不开续航、智能、空间和上手难度。最近新出的大众与众07，在十万级电车的配置上做得就挺到位。标配四屏联动与AR-HUD，包括独立的副驾屏；标配记忆泊车；转弯半径不大，城市里开起来灵活……另外，轿跑的造型却也给到了不错的头部空间和711L大后备厢。十万元级，能把德系品质、智能配置和空间舒适平衡得不错的，并不多见。大众与众07，这是拿着合资的品控，走国产质价比的定价路线了。,1779552000,2026-05-23 16:00:00+08:00,154,29,7,1779546349577,https://m.weibo.cn/detail/5301766926374528,山东,1921178767,LAC-庆舍,m,https://m.weibo.cn/u/1921178767?luicode=20000061&lfid=5301766926374528&launchid=10000360-page_H5,"https://tva3.sinaimg.cn/crop.0.0.750.750.180/7282dc8fjw8evtpa6g1h7j20ku0kutc3.jpg?KID=imgbed,tva&Expires=1779557117&ssig=qqp5m5KQ20",十万级智能纯电轿跑新高度,search_contents_2026-05-23.csv,search_post,,  十万块选纯电大家基本都绕不开续航智能空间和上手难度最近新出的大众与众07在十万级电车的配置上做得就挺到位标配四屏联动与ARHUD包括独立的副驾屏标配记忆泊车转弯半径不大城市里开起来灵活另外轿跑的造型却也给到了不错的头部空间和711L大后备厢十万元级能把德系品质智能配置和空间舒适平衡得不错的并不多见大众与众07这是拿着合资的品控走国产质价比的定价路线了,True,False
5301755694812594,#十万级智能纯电轿跑新高度#十万块买电车，大部分人在意三件事：够不够智能、好不好开、空间别糊弄人。而与众07，让人觉得，原来这个价位可以同时把三件事都做好。先说智能。四联屏这个配置，在十万级别真的罕见。15英寸中控+副驾专属屏+仪表屏+27英寸AR-HUD，副驾可以独立刷视频、看地图，互不干扰。云栖智舱的1.6㎡全景天幕，天窗、物理遮阳帘、防紫外线涂层三位一体，夏天开车不再闷热暴晒，通透感直接拉满。再说好不好开。与众07的4.7米最小转弯半径，在十万级同类里领先明显，狭窄小区、地库掉头不再需要三点调头。跨层记忆泊车支持最长2km路线记忆，每天上班同一个停车场，车自己开进去就行了。空间也毫不逊色。溜背轿跑通常就是牺牲实用换颜值，但与众07前排头部空间R点到顶棚超过1000mm，同级罕有。后备箱711L，掀背大开口，买菜出门感应一脚踢开，带宠物露营也毫无压力。云栖智舱、行云智行、独特轿跑设计，每一个都有具体的东西撑着，不是PPT参数。评价它是十万级该有的天花板，不为过吧？,1779549322,2026-05-23 15:15:22+08:00,1505,1356,1342,1779546349581,https://m.weibo.cn/detail/5301755694812594,北京,5608272697,微博汽车,f,https://m.weibo.cn/u/5608272697?luicode=20000061&lfid=5301755694812594&launchid=10000360-page_H5,"https://tvax4.sinaimg.cn/crop.0.0.100.100.180/0067xJVfly8h8vcmkuz2oj602s02sjr902.jpg?KID=imgbed,tva&Expires=1779557120&ssig=ODIx3yWLbw",十万级智能纯电轿跑新高度,search_contents_2026-05-23.csv,search_post,,十万块买电车大部分人在意三件事够不够智能好不好开空间别糊弄人而与众07让人觉得原来这个价位可以同时把三件事都做好先说智能四联屏这个配置在十万级别真的罕见15英寸中控副驾专属屏仪表屏27英寸ARHUD副驾可以独立刷视频看地图互不干扰云栖智舱的16全景天幕天窗物理遮阳帘防紫外线涂层三位一体夏天开车不再闷热暴晒通透感直接拉满再说好不好开与众07的47米最小转弯半径在十万级同类里领先明显狭窄小区地库掉头不再需要三点调头跨层记忆泊车支持最长2km路线记忆每天上班同一个停车场车自己开进去就行了空间也毫不逊色溜背轿跑通常就是牺牲实用换颜值但与众07前排头部空间R点到顶棚超过1000mm同级罕有后备箱711L掀背大开口买菜出门感应一脚踢开带宠物露营也毫无压力云栖智舱行云智行独特轿跑设计每一个都有具体的东西撑着不是PPT参数评价它是十万级该有的天花板不为过吧,True,False
5301789851125482,#潮流智慧纯电轿跑##与众07全新登场#现已上市，10.99万元起#十万级智能纯电轿跑新高度# 9项同级第一，智配越级，乐享潮流生活全国ID. 与众门店诚邀试驾#金标大众# #ID. 与众# #大众智能纯电新势力# #与众07颜智有理# ,1779557466,2026-05-23 17:31:06+08:00,18,3,13,1779546349586,https://m.weibo.cn/detail/5301789851125482,安徽,7888389615,大众汽车ID与众,m,https://m.weibo.cn/u/7888389615?launchid=10000360-page_H5,"https://tvax2.sinaimg.cn/crop.0.0.1080.1080.180/008BQSuzly8hqtpww6n9wj30u00u03zs.jpg?KID=imgbed,tva&Expires=1779557117&ssig=BlgSlTZNmV",十万级智能纯电轿跑新高度,search_contents_2026-05-23.csv,search_post,,现已上市1099万元起 9项同级第一智配越级乐享潮流生活全国ID 与众门店诚邀试驾    ,True,False
5301772014848851,#十万级智能纯电轿跑新高度#与众07新车上市！与众07是大众在中国大陆首款MEB+平台的纯电轿车。与众07采用溜背轿跑造型，轴距达到了2826mm，全系标配 L2+级智能驾驶辅助、4nm车机芯片和四屏联动系统。现实权益价格为：与众07 Pure版：10.99万元；与众07 Pure SE版：11.99万元；朋友们觉得这价格够诚意吗？德系车,1779553213,2026-05-23 16:20:13+08:00,51,26,7,1779546349589,https://m.weibo.cn/detail/5301772014848851,山东,1237630473,孙大诚,m,https://m.weibo.cn/u/1237630473?luicode=20000061&lfid=5301772014848851&launchid=10000360-page_H5,"https://tvax4.sinaimg.cn/crop.43.0.929.929.180/49c4be09ly8ffhwwpdgqkj20r10r1ju8.jpg?KID=imgbed,tva&Expires=1779557124&ssig=ci2IGTeFdc",十万级智能纯电轿跑新高度,search_contents_2026-05-23.csv,search_post,,与众07新车上市与众07是大众在中国大陆首款MEB平台的纯电轿车与众07采用溜背轿跑造型轴距达到了2826mm全系标配 L2级智能驾驶辅助4nm车机芯片和四屏联动系统现实权益价格为与众07 Pure版1099万元与众07 Pure SE版1199万元朋友们觉得这价格够诚意吗德系车,True,False
5301766930826999,#十万级智能纯电轿跑新高度##大众汽车全新以赴# 国内汽车市场十万级是重中之重，现在与众07这款号称&quot;十万级智能纯电轿跑天花板&quot;的电车横空出世，融合了大众技术和中国智慧，究竟是不是天花板？咱们仔细研究一下。首先品牌就很顶，大众深耕中国市场几十年，美誉度极高，深入人心！对于电车来说，续航很重要！与众07纯电续航达到558km，对于十万级价位来说相当到位了！在智能辅助驾驶和智能座舱方面，与众07可以轻松达到第一梯队水准，还拥有同级唯一标配跨楼层记忆泊车。其实这台车还有很多我特别满意的点，比如转弯半径只有4.7米，比如超大的头部空间和后备箱空间。内饰方面与众07是同级唯一标配四屏联动车型，座椅还有按摩功能，给得相当多！究竟是不是天花板？其实我说的不算，这款车产品力确实很强，有机会你们可以到店亲身体验一下，你就会找到答案。,1779552001,2026-05-23 16:00:01+08:00,113,16,9,1779546349591,https://m.weibo.cn/detail/5301766930826999,云南,1189295834,帅车评,m,https://m.weibo.cn/u/1189295834?luicode=20000061&lfid=5301766930826999&launchid=10000360-page_H5,"https://tvax1.sinaimg.cn/crop.0.0.1080.1080.180/46e336daly8iawhky63egj20u00u0mz4.jpg?KID=imgbed,tva&Expires=1779557127&ssig=eGH50jflno",十万级智能纯电轿跑新高度,search_contents_2026-05-23.csv,search_post,, 国内汽车市场十万级是重中之重现在与众07这款号称quot十万级智能纯电轿跑天花板quot的电车横空出世融合了大众技术和中国智慧究竟是不是天花板咱们仔细研究一下首先品牌就很顶大众深耕中国市场几十年美誉度极高深入人心对于电车来说续航很重要与众07纯电续航达到558km对于十万级价位来说相当到位了在智能辅助驾驶和智能座舱方面与众07可以轻松达到第一梯队水准还拥有同级唯一标配跨楼层记忆泊车其实这台车还有很多我特别满意的点比如转弯半径只有47米比如超大的头部空间和后备箱空间内饰方面与众07是同级唯一标配四屏联动车型座椅还有按摩功能给得相当多究竟是不是天花板其实我说的不算这款车产品力确实很强有机会你们可以到店亲身体验一下你就会找到答案,True,False
5301766929263818,#十万级智能纯电轿跑新高度##大众汽车全新以赴# 十万级纯电轿跑，实用与智能的平衡始终是核心命题。与众07给出了成熟的答卷：基于CEA架构打造，德系底盘调校兼顾操控、舒适、耐久和实用。云栖智舱以同级唯一标配四屏联动为核心，联发科4nm芯片保障交互流畅，27英寸AR-HUD实现驾驶信息无干扰呈现。行云智行系统支持高速NOA与跨层自动泊车，降低长途驾驶与复杂场景停车门槛，在智能辅助驾驶层面加码产品力。溜背轿跑造型配合2826mm轴距，内部空间不用担心。从智舱到智能辅助驾驶，再到空间实用性，与众07完成了对细分市场的系统性重构，在10万级绝对是一位实力选手。,1779552001,2026-05-23 16:00:01+08:00,40,0,3,1779546349599,https://m.weibo.cn/detail/5301766929263818,上海,1686394714,苏晓6818,m,https://m.weibo.cn/u/1686394714?luicode=20000061&lfid=5301766929263818&launchid=10000360-page_H5,"https://tvax2.sinaimg.cn/crop.0.0.512.512.180/001Q7WiKly8gul650usl7j60e80e8t9702.jpg?KID=imgbed,tva&Expires=1779557130&ssig=hNm4b%2FMYYh",十万级智能纯电轿跑新高度,search_contents_2026-05-23.csv,search_post,, 十万级纯电轿跑实用与智能的平衡始终是核心命题与众07给出了成熟的答卷基于CEA架构打造德系底盘调校兼顾操控舒适耐久和实用云栖智舱以同级唯一标配四屏联动为核心联发科4nm芯片保障交互流畅27英寸ARHUD实现驾驶信息无干扰呈现行云智行系统支持高速NOA与跨层自动泊车降低长途驾驶与复杂场景停车门槛在智能辅助驾驶层面加码产品力溜背轿跑造型配合2826mm轴距内部空间不用担心从智舱到智能辅助驾驶再到空间实用性与众07完成了对细分市场的系统性重构在10万级绝对是一位实力选手,True,False
5301769158526862,#十万级智能纯电轿跑新高度##大众汽车全新以赴#虽然现在国产品牌势头非常猛，但十万级市场是兵家必争之地，消费者选择非常多。品牌在这价位仍然是消费者买车的一个重要门槛。但是电动车这块中国市场的题不能拿国外市场的答案来套，所以大众深度本土研发后的与众07，针对中国十万级市场需求的可是没少花心思。与众07是个很独特的轿跑，视觉上隐藏了这车的尺寸，其实有4.8米的车长2.8米的轴距，所以车内空间非常大，而且头部空间已经大到还能容得下可开启带电动遮阳帘的全景天窗的地步，已经好久没有看到能开启的天窗了。虽然没有后轮转向但前轮摆角极大，这车只有4.7米的转弯半径，在狭窄地方一开就会觉着非常顺手。后备箱标准容积就有711升，关键是这车是掀背式的尾门，这样放倒后排最大1580L的容积利用率会非常高。除此外还有同级唯一的拥有副驾屏、跨层记忆泊车和UWB手机钥匙。有品牌空间大配置足，在十万级可以说与众07这车很有针对性，是一款标准中国答案的合资电动车，和以前很不一样。现在与众门店渐渐多了，可以去感受一下有什么不同。,1779552532,2026-05-23 16:08:52+08:00,97,31,0,1779546349602,https://m.weibo.cn/detail/5301769158526862,四川,1792085627,冯潇,m,https://m.weibo.cn/u/1792085627?luicode=20000061&lfid=5301769158526862&launchid=10000360-page_H5,"https://tvax4.sinaimg.cn/crop.0.0.1080.1080.180/6ad10e7bly8hdb2su4f2rj20u00u075u.jpg?KID=imgbed,tva&Expires=1779557134&ssig=kkZLUC8uAt",十万级智能纯电轿跑新高度,search_contents_2026-05-23.csv,search_post,,虽然现在国产品牌势头非常猛但十万级市场是兵家必争之地消费者选择非常多品牌在这价位仍然是消费者买车的一个重要门槛但是电动车这块中国市场的题不能拿国外市场的答案来套所以大众深度本土研发后的与众07针对中国十万级市场需求的可是没少花心思与众07是个很独特的轿跑视觉上隐藏了这车的尺寸其实有48米的车长28米的轴距所以车内空间非常大而且头部空间已经大到还能容得下可开启带电动遮阳帘的全景天窗的地步已经好久没有看到能开启的天窗了虽然没有后轮转向但前轮摆角极大这车只有47米的转弯半径在狭窄地方一开就会觉着非常顺手后备箱标准容积就有711升关键是这车是掀背式的尾门这样放倒后排最大1580L的容积利用率会非常高除此外还有同级唯一的拥有副驾屏跨层记忆泊车和UWB手机钥匙有品牌空间大配置足在十万级可以说与众07这车很有针对性是一款标准中国答案的合资电动车和以前很不一样现在与众门店渐渐多了可以去感受一下有什么不同,True,False
5301766482825834,【#iPhone20渲染视频#，#iPhone20重大变革曝光#】YouTube 频道 fpt.5 月 23 日发布视频，渲染展示了苹果 iPhone 20，称其将迎来重大设计变革。#曝iPhone20配四微曲面屏#iPhone 20 又称 iPhone 20 周年纪念款，内部代号 &quot;Glasswing&quot;，有望在 2027 年秋季发布。根据视频描述，iPhone 20 的屏幕由三星定制的四微曲面 OLED 面板，屏幕会微微向机身四边延伸包覆，从正面看将实现真正的“隐形边框”，彻底消除视觉黑边。芯片方面，iPhone 20 将采用由 A21 芯片，由台积电代工，并可能会采用硅碳电池，从而进一步延长使用续航。（IT之家） 梨视频的微博视频,1779551894,2026-05-23 15:58:14+08:00,2443,343,136,1779546424617,https://m.weibo.cn/detail/5301766482825834,,6004281123,梨视频,m,https://m.weibo.cn/u/6004281123?luicode=20000061&lfid=5301766482825834&launchid=10000360-page_H5,"https://tvax4.sinaimg.cn/crop.0.0.600.600.180/006yllNVly8h8wegdfz5fj30go0gojru.jpg?KID=imgbed,tva&Expires=1779557215&ssig=3fD7KrC50r",iPhone20渲染视频,search_contents_2026-05-23.csv,search_post,,YouTube 频道 fpt5 月 23 日发布视频渲染展示了苹果 iPhone 20称其将迎来重大设计变革iPhone 20 又称 iPhone 20 周年纪念款内部代号 quotGlasswingquot有望在 2027 年秋季发布根据视频描述iPhone 20 的屏幕由三星定制的四微曲面 OLED 面板屏幕会微微向机身四边延伸包覆从正面看将实现真正的隐形边框彻底消除视觉黑边芯片方面iPhone 20 将采用由 A21 芯片由台积电代工并可能会采用硅碳电池从而进一步延长使用续航IT之家 梨视频的微博视频,True,False
5301826857472636,#iPhone20渲染视频#iphone20如果真长这样，绝对值得入手，是不是很好看。 ,1779566289,2026-05-23 19:58:09+08:00,188,92,16,1779546424622,https://m.weibo.cn/detail/5301826857472636,广东,6357016358,科技小六,m,https://m.weibo.cn/u/6357016358?launchid=10000360-page_H5,"https://tvax3.sinaimg.cn/crop.0.0.1080.1080.180/006WdolUly8hzq7oi3p74j30u00u075y.jpg?KID=imgbed,tva&Expires=1779557215&ssig=VNI7y8JKdk",iPhone20渲染视频,search_contents_2026-05-23.csv,search_post,,iphone20如果真长这样绝对值得入手是不是很好看 ,True,False
5301792511625254,#iPhone20渲染视频# 现在iPhone18还没发布呢，这iPhone20的渲染视频都来了，这是要闹哪出啊？不是说苹果的四曲面屏有Bug，无法满足量产要求么？难道，iPhone20能够解决曲面屏良品率太低的难题？ ,1779558100,2026-05-23 17:41:40+08:00,149,13,3,1779546424626,https://m.weibo.cn/detail/5301792511625254,山东,1157539917,贾敬华,m,https://m.weibo.cn/u/1157539917?launchid=10000360-page_H5,"https://tvax3.sinaimg.cn/crop.0.0.600.600.180/44fea84dly8hdanygl9cpj20go0goq4v.jpg?KID=imgbed,tva&Expires=1779557215&ssig=JDOuaqTMue",iPhone20渲染视频,search_contents_2026-05-23.csv,search_post,, 现在iPhone18还没发布呢这iPhone20的渲染视频都来了这是要闹哪出啊不是说苹果的四曲面屏有Bug无法满足量产要求么难道iPhone20能够解决曲面屏良品率太低的难题 ,True,False
5301778658100353,#iPhone20渲染视频#这种画饼的我从来不信，每次渲染视频巨惊艳，到了新品就..很一般，现在iPhone的设计少点美感，也缺少未来感，下一个10年的旗舰怎么设计，我都替苹果着急。 ,1779554797,2026-05-23 16:46:37+08:00,88,25,18,1779546424631,https://m.weibo.cn/detail/5301778658100353,北京,6281618184,柠车小同学,f,https://m.weibo.cn/u/6281618184?launchid=10000360-page_H5,"https://tvax4.sinaimg.cn/crop.0.0.960.960.180/006R71Qkly8icem5fdk0cj30qo0qowg5.jpg?KID=imgbed,tva&Expires=1779557215&ssig=qZNPJvAPl5",iPhone20渲染视频,search_contents_2026-05-23.csv,search_post,,这种画饼的我从来不信每次渲染视频巨惊艳到了新品就很一般现在iPhone的设计少点美感也缺少未来感下一个10年的旗舰怎么设计我都替苹果着急 ,True,False
5301800791969482,#iPhone20渲染视频#18系列还没有出…20系列渲染效果就出来了，苹果20系列个人还是比较喜欢的…圆润边角，曲面屏可能会易碎！ ,1779560074,2026-05-23 18:14:34+08:00,56,15,3,1779546424634,https://m.weibo.cn/detail/5301800791969482,北京,3030041391,我是蔡涛-本涛,m,https://m.weibo.cn/u/3030041391?launchid=10000360-page_H5,"https://tvax1.sinaimg.cn/crop.0.0.1080.1080.180/b49ac32fly8hxkywj7yysj20u00u043g.jpg?KID=imgbed,tva&Expires=1779557215&ssig=C19aH84Uq4",iPhone20渲染视频,search_contents_2026-05-23.csv,search_post,,18系列还没有出20系列渲染效果就出来了苹果20系列个人还是比较喜欢的圆润边角曲面屏可能会易碎 ,True,False
5301856915689281,#iPhone20渲染视频# 这么早么？？？ ,1779573455,2026-05-23 21:57:35+08:00,146,85,9,1779546424645,https://m.weibo.cn/detail/5301856915689281,福建,2292724833,吴小杰WJie,m,https://m.weibo.cn/u/2292724833?launchid=10000360-page_H5,"https://tvax3.sinaimg.cn/crop.0.0.1080.1080.180/88a83461ly8i1ffk61faaj20u00u0jt7.jpg?KID=imgbed,tva&Expires=1779557215&ssig=o4RoSRLNN1",iPhone20渲染视频,search_contents_2026-05-23.csv,search_post,, 这么早么 ,True,False
5301714686839342,#iPhone20渲染视频# 无边框，四曲鹅卵石。外国网友制作的iPhone 20周年，液态玻璃全面屏手机的概念视频。多少人梦寐以求的最终设计。 i冰宇宙的微博视频  ,1779539545,2026-05-23 12:32:25+08:00,68,28,2,1779546424647,https://m.weibo.cn/detail/5301714686839342,河北,5673255066,i冰宇宙,m,https://m.weibo.cn/u/5673255066?launchid=10000360-page_H5,"https://tvax3.sinaimg.cn/crop.0.0.1080.1080.180/006bWoNYly8iaaiyyd9hwj30u00u044k.jpg?KID=imgbed,tva&Expires=1779557215&ssig=a16nZvKRwj",iPhone20渲染视频,search_contents_2026-05-23.csv,search_post,, 无边框四曲鹅卵石外国网友制作的iPhone 20周年液态玻璃全面屏手机的概念视频多少人梦寐以求的最终设计 i冰宇宙的微博视频  ,True,False
5301800626291530,#iPhone20渲染视频#iPhone18都没发布，iPhone20就来了？直接跳过iPhone19？苹果能不能正儿八经做做手机了。。。天天搞这有的没的 ,1779560035,2026-05-23 18:13:55+08:00,26,13,8,1779546424652,https://m.weibo.cn/detail/5301800626291530,北京,2208513884,狂奔的茄子zzz,m,https://m.weibo.cn/u/2208513884?launchid=10000360-page_H5,"https://tvax1.sinaimg.cn/crop.357.12.1067.1067.180/83a33f5cly8gwccr42431j21hd0u0nae.jpg?KID=imgbed,tva&Expires=1779557215&ssig=23mT8%2B3mcs",iPhone20渲染视频,search_contents_2026-05-23.csv,search_post,,iPhone18都没发布iPhone20就来了直接跳过iPhone19苹果能不能正儿八经做做手机了天天搞这有的没的 ,True,False
5301448281952930,沙溢在跑男眼睛通红高反吸着氧开车，而另一辆车一路嗨……吸着氧都还要开车…这是真虐待老人啊 ,1779476029,2026-05-22 18:53:49+08:00,6057,242,24,1779546496689,https://m.weibo.cn/detail/5301448281952930,河北,5751949769,叫我姨太好了,f,https://m.weibo.cn/u/5751949769?launchid=10000360-page_H5,"https://tvax4.sinaimg.cn/crop.0.0.400.400.180/006hgATnly8gio4jvwr7rj30b40b4q35.jpg?KID=imgbed,tva&Expires=1779557280&ssig=9U2FSWP5qo",沙溢跑男高反吸氧开车,search_contents_2026-05-23.csv,search_post,,沙溢在跑男眼睛通红高反吸着氧开车而另一辆车一路嗨吸着氧都还要开车这是真虐待老人啊 ,True,False
5301774162331036,#沙溢跑男高反吸氧开车#第一，白鹿没有插手两辆车的人员分配，没有提及任何人，也没有干涉任何人，就坐在那里从头到尾听安排，只是建议对于两辆舒适程度相差无几的车，驾驶实力最好按平均分配，如此合理。第二，在沙哥吸氧驾车的同时，白鹿也正开着另一辆车为大家服务。第三，如果真的担心前辈，最好更多人都能像白鹿一样愿意帮忙开车，而不是舒舒服服待在后座里。如果白鹿这样有能力也有担当的人再多一些就好了，沙哥就不用吸氧开车了,1779553725,2026-05-23 16:28:45+08:00,11616,423,342,1779546496696,https://m.weibo.cn/detail/5301774162331036,天津,7844042801,向着太阳的呦呦小鹿,f,https://m.weibo.cn/u/7844042801?luicode=20000061&lfid=5301774162331036&launchid=10000360-page_H5,"https://tvax1.sinaimg.cn/crop.0.0.1080.1080.180/008yQNRnly8iaoxel2hy3j30u00u00vz.jpg?KID=imgbed,tva&Expires=1779557281&ssig=rHw9BvUn%2B7",沙溢跑男高反吸氧开车,search_contents_2026-05-23.csv,search_post,,第一白鹿没有插手两辆车的人员分配没有提及任何人也没有干涉任何人就坐在那里从头到尾听安排只是建议对于两辆舒适程度相差无几的车驾驶实力最好按平均分配如此合理第二在沙哥吸氧驾车的同时白鹿也正开着另一辆车为大家服务第三如果真的担心前辈最好更多人都能像白鹿一样愿意帮忙开车而不是舒舒服服待在后座里如果白鹿这样有能力也有担当的人再多一些就好了沙哥就不用吸氧开车了,True,False
5301798517605678,#沙溢跑男高反吸氧开车# 白鹿全程🈚️参与每辆车人员的分配情况！两个队伍两辆车！一辆司机是白鹿！另一辆司机沙爹！请问一台车上司机坚持吸氧开车的时候 同车同行人员在干嘛？不问责找什么白鹿！关另一辆车上的白鹿什么事？白鹿虽然全能 但还做不到救苦救难救苍生啊 我反正开车的时候最怕有人睡觉了🤷♀️,1779559532,2026-05-23 18:05:32+08:00,1584,105,35,1779546496703,https://m.weibo.cn/detail/5301798517605678,新西兰,1615228127,_白鹿的小猪崽,f,https://m.weibo.cn/u/1615228127?luicode=20000061&lfid=5301798517605678&launchid=10000360-page_H5,"https://tvax3.sinaimg.cn/crop.0.0.950.950.180/60466cdfly8ib8ucpnsa8j20qe0qedhd.jpg?KID=imgbed,tva&Expires=1779557284&ssig=y%2BKsnpp51r",沙溢跑男高反吸氧开车,search_contents_2026-05-23.csv,search_post,, 白鹿全程参与每辆车人员的分配情况两个队伍两辆车一辆司机是白鹿另一辆司机沙爹请问一台车上司机坚持吸氧开车的时候 同车同行人员在干嘛不问责找什么白鹿关另一辆车上的白鹿什么事白鹿虽然全能 但还做不到救苦救难救苍生啊 我反正开车的时候最怕有人睡觉了,True,False
5301809679699458,#沙溢跑男高反吸氧开车#宋雨琦忙得全年无休 每次回来参加活动节目 都是参加完就被红眼航班安排回去了 哪有时间回来考驾照？再者跑男并没有多次自驾环节 都有安排司机 录完节目琦琦甚至都很自责 还发泡泡定了目标一定要拿到国内驾照 在这个rs里带宋雨琦下水是何意味？气氛没也没有这么多时间陪你们玩 专注自家不好吗？,1779562193,2026-05-23 18:49:53+08:00,6828,320,268,1779546496708,https://m.weibo.cn/detail/5301809679699458,广东,5645783064,Y7LoveTease奶嘴,f,https://m.weibo.cn/u/5645783064?luicode=20000061&lfid=5301809679699458&launchid=10000360-page_H5,"https://tvax3.sinaimg.cn/crop.0.0.1080.1080.180/006a585aly8idc83d41zdj30u00u0diz.jpg?KID=imgbed,tva&Expires=1779557287&ssig=crnGbgw9Ej",沙溢跑男高反吸氧开车,search_contents_2026-05-23.csv,search_post,,宋雨琦忙得全年无休 每次回来参加活动节目 都是参加完就被红眼航班安排回去了 哪有时间回来考驾照再者跑男并没有多次自驾环节 都有安排司机 录完节目琦琦甚至都很自责 还发泡泡定了目标一定要拿到国内驾照 在这个rs里带宋雨琦下水是何意味气氛没也没有这么多时间陪你们玩 专注自家不好吗,True,False
5301772608602904,#沙溢跑男高反吸氧开车#他高反不是年纪大了很正常吗？怎么又黑上白鹿了？咋了？白鹿可以控制他不高反吗？ ,1779553355,2026-05-23 16:22:35+08:00,634,107,5,1779546496713,https://m.weibo.cn/detail/5301772608602904,江苏,7228218127,恶毒戴戴子,f,https://m.weibo.cn/u/7228218127?launchid=10000360-page_H5,"https://tvax4.sinaimg.cn/crop.0.0.1080.1080.180/007TaRJlly8hi7tykpi0ij30u00u00uk.jpg?KID=imgbed,tva&Expires=1779557280&ssig=uodiZ4%2B%2F4T",沙溢跑男高反吸氧开车,search_contents_2026-05-23.csv,search_post,,他高反不是年纪大了很正常吗怎么又黑上白鹿了咋了白鹿可以控制他不高反吗 ,True,False
5301840540605301,#沙溢跑男高反吸氧开车# 怎么沙溢同车的其他人不开？让一个高反的人开车，其他人怎么坐得住啊不会开车的就算了，有些人不是吹过自己会开车吗我去国外都知道换个国际驾照呢，们明星不应该不知道啊 ,1779569551,2026-05-23 20:52:31+08:00,1214,54,20,1779546496716,https://m.weibo.cn/detail/5301840540605301,浙江,6619130397,强扭的瓜也甜y,f,https://m.weibo.cn/u/6619130397?launchid=10000360-page_H5,"https://tvax2.sinaimg.cn/crop.0.0.1080.1080.180/007dXcbHly8iaw100dr9fj30u00u00v6.jpg?KID=imgbed,tva&Expires=1779557280&ssig=beQcO0pQ8Y",沙溢跑男高反吸氧开车,search_contents_2026-05-23.csv,search_post,, 怎么沙溢同车的其他人不开让一个高反的人开车其他人怎么坐得住啊不会开车的就算了有些人不是吹过自己会开车吗我去国外都知道换个国际驾照呢们明星不应该不知道啊 ,True,False
5301803308813545,白鹿最近下沉市场翻车严重，大家考古跑男连带着敖瑞鹏也被一起审判了，评论区吐槽声音和反感的评论点赞楼好高说是节目组安排两辆车8个嘉宾，四个人开。本来是一边两个，敖瑞鹏和李晨一辆车，白鹿和张真源开另一辆车。但是白鹿因为想把宋雨琦换走，敖瑞鹏不考虑实际的嘉宾开车情况，自请换去白鹿组里，最后是白鹿组里三个司机，李晨沙溢车里一个司机，最后李晨实在是太累了就换高反严重一边吸氧的沙溢开跑男之前就有过节目组嘉宾在节目失去生命的重大事故，网友吐槽说敖瑞鹏白鹿这样的行为简直就是在拿沙溢的生命开玩笑，你们怎么看🤔 #沙溢跑男高反吸氧开车#,1779560674,2026-05-23 18:24:34+08:00,140,35,35,1779546496720,https://m.weibo.cn/detail/5301803308813545,湖北,7682173801,平杋路上的饭团,f,https://m.weibo.cn/u/7682173801?luicode=20000061&lfid=5301803308813545&launchid=10000360-page_H5,"https://tvax2.sinaimg.cn/crop.0.0.500.500.180/008nTCl3ly8i3ynos54nnj30dw0dwglw.jpg?KID=imgbed,tva&Expires=1779557290&ssig=pNlfspqnZG",沙溢跑男高反吸氧开车,search_contents_2026-05-23.csv,search_post,,白鹿最近下沉市场翻车严重大家考古跑男连带着敖瑞鹏也被一起审判了评论区吐槽声音和反感的评论楼好高说是节目组安排两辆车8个嘉宾四个人开本来是一边两个敖瑞鹏和李晨一辆车白鹿和张真源开另一辆车但是白鹿因为想把宋雨琦换走敖瑞鹏不考虑实际的嘉宾开车情况自请换去白鹿组里最后是白鹿组里三个司机李晨沙溢车里一个司机最后李晨实在是太累了就换高反严重一边吸氧的沙溢开跑男之前就有过节目组嘉宾在节目失去生命的重大事故网友吐槽说敖瑞鹏白鹿这样的行为简直就是在拿沙溢的生命开玩笑你们怎么看 ,True,False
5301774820576295,#沙溢跑男高反吸氧开车#白鹿提出豪华车上只有白鹿及年纪小的zzy有驾照【两人经验不多】又开高原路是非常危险的！所以提出要不要换个老司机开车全程李晨安排驾驶人，沙溢强烈要求自己开车不让他人替代，安排有问题不找节目组不找指挥官李晨，却把罪按在未和沙溢一辆车的白鹿头上为了起承转白鹿辱骂审判她难道女明星的命就不是命了❓️,1779553882,2026-05-23 16:31:22+08:00,1317,60,47,1779546496727,https://m.weibo.cn/detail/5301774820576295,新加坡,6476698121,马鹿本鹿--双月信徒版,f,https://m.weibo.cn/u/6476698121?luicode=20000061&lfid=5301774820576295&launchid=10000360-page_H5,"https://tvax4.sinaimg.cn/crop.0.0.1080.1080.180/0074jz2Vly8i8tzwxpjzlj30u00u0whg.jpg?KID=imgbed,tva&Expires=1779557294&ssig=xI6rNcWsR5",沙溢跑男高反吸氧开车,search_contents_2026-05-23.csv,search_post,,白鹿提出豪华车上只有白鹿及年纪小的zzy有驾照两人经验不多又开高原路是非常危险的所以提出要不要换个老司机开车全程李晨安排驾驶人沙溢强烈要求自己开车不让他人替代安排有问题不找节目组不找指挥官李晨却把罪按在未和沙溢一辆车的白鹿头上为了起承转白鹿辱骂审判她难道女明星的命就不是命了,True,False
5301721576243596,#赵又廷这么发高圆圆知道吗# 差点没认出来这是高圆圆！姐夫你很会，真夫妻就是好嗑。高圆圆满嘴满手血红问我“吃饺子吗”，这跟之前秦昊问我“爬山吗”有什么区别？！第一张是致命女人，第二张老年妆更是没认出来，姐姐别盯着我了我害怕。。《森中有林》你有点东西，还是第一次见这样的高圆圆，完全疯批美人来的。高圆圆知不知道我是不知道，我只知道，王秀义姐姐我来了电影院见！,1779541188,2026-05-23 12:59:48+08:00,673,22,42,1779546575443,https://m.weibo.cn/detail/5301721576243596,天津,5538664098,娱超人,m,https://m.weibo.cn/u/5538664098?luicode=20000061&lfid=5301721576243596&launchid=10000360-page_H5,"https://tvax4.sinaimg.cn/crop.0.0.1080.1080.180/0062PFxUly8i8nmpu0go6j30u00u00ub.jpg?KID=imgbed,tva&Expires=1779557352&ssig=nC%2BNPywj%2Fw",赵又廷这么发高圆圆知道吗,search_contents_2026-05-23.csv,search_post,, 差点没认出来这是高圆圆姐夫你很会真夫妻就是好嗑高圆圆满嘴满手血红问我吃饺子吗这跟之前秦昊问我爬山吗有什么区别第一张是致命女人第二张老年妆更是没认出来姐姐别盯着我了我害怕森中有林你有点东西还是第一次见这样的高圆圆完全疯批美人来的高圆圆知不知道我是不知道我只知道王秀义姐姐我来了电影院见,True,False
5301779299304049,#赵又廷这么发高圆圆知道吗#在家你老公怎么叫你？高圆圆：高圆圆赵又廷：我老婆是高圆圆！林更新：我羡慕，恨吗？秦霄贤：气亖我了！#微博二创视频创作季# Loo-鹿鹿的微博视频 ,1779554950,2026-05-23 16:49:10+08:00,408,75,8,1779546575450,https://m.weibo.cn/detail/5301779299304049,四川,2200546715,Loo-鹿鹿,f,https://m.weibo.cn/u/2200546715?launchid=10000360-page_H5,"https://tvax4.sinaimg.cn/crop.0.0.1080.1080.180/8329ad9bly8g0ivhbz48hj20u00u0wgg.jpg?KID=imgbed,tva&Expires=1779557352&ssig=L%2BBb%2BS4SyI",赵又廷这么发高圆圆知道吗,search_contents_2026-05-23.csv,search_post,,在家你老公怎么叫你高圆圆高圆圆赵又廷我老婆是高圆圆林更新我羡慕恨吗秦霄贤气亖我了 Loo鹿鹿的微博视频 ,True,False
5301746966725612,#赵又廷这么发高圆圆知道吗#宣传委员赵又𨑳上线：问大家吃饺子吗，猪肉白菜馅的。仔细一看，原来发的是我女神高圆圆！女神的电影《森中有林》今日正式上映！那就影院见吧#赵又𨑳##高圆圆##电影森中有林# 琴爱娃的微博视频  ,1779547241,2026-05-23 14:40:41+08:00,114,12,2,1779546575454,https://m.weibo.cn/detail/5301746966725612,湖南,1821702932,琴爱娃,f,https://m.weibo.cn/u/1821702932?launchid=10000360-page_H5,"https://tvax1.sinaimg.cn/crop.0.0.1080.1080.180/6c94fb14ly8i1dycwtu8gj20u00u0juc.jpg?KID=imgbed,tva&Expires=1779557352&ssig=7shMOyT2NS",赵又廷这么发高圆圆知道吗,search_contents_2026-05-23.csv,search_post,,宣传委员赵又𨑳上线问大家吃饺子吗猪肉白菜馅的仔细一看原来发的是我女神高圆圆女神的电影森中有林今日正式上映那就影院见吧 琴爱娃的微博视频  ,True,False
5301749030060089,#赵又廷这么发高圆圆知道吗#好吧，赵又廷夺妻之仇可以原谅了完全理解陈凯歌导演说他们拍完戏最后一定会在一起什么意思了 ,1779547732,2026-05-23 14:48:52+08:00,209,23,7,1779546575457,https://m.weibo.cn/detail/5301749030060089,内蒙古,7813318502,薄荷牛奶_,f,https://m.weibo.cn/u/7813318502?launchid=10000360-page_H5,"https://tvax3.sinaimg.cn/crop.0.0.1080.1080.180/008wLT4aly8i8s6sl56nfj30u00u075l.jpg?KID=imgbed,tva&Expires=1779557352&ssig=Pc69apIU51",赵又廷这么发高圆圆知道吗,search_contents_2026-05-23.csv,search_post,,好吧赵又廷夺妻之仇可以原谅了完全理解陈凯歌导演说他们拍完戏最后一定会在一起什么意思了 ,True,False
5301758878549057,#赵又廷这么发高圆圆知道吗#真夫妻就是好磕！也就只有赵又廷能发这个！两个人的感情真让人羡慕！女神归来依旧是女神！期待一下森林！ ,1779550081,2026-05-23 15:28:01+08:00,93,19,0,1779546575461,https://m.weibo.cn/detail/5301758878549057,广东,1455912867,双鱼弱水三千,m,https://m.weibo.cn/u/1455912867?launchid=10000360-page_H5,"https://tvax1.sinaimg.cn/crop.0.0.1080.1080.180/56c777a3ly8id0fjqis95j20u00u0jss.jpg?KID=imgbed,tva&Expires=1779557352&ssig=3YYW37%2Fu8K",赵又廷这么发高圆圆知道吗,search_contents_2026-05-23.csv,search_post,,真夫妻就是好磕也就只有赵又廷能发这个两个人的感情真让人羡慕女神归来依旧是女神期待一下森林 ,True,False
5301768078494402,#赵又廷这么发高圆圆知道吗#真夫妻就是好嗑啊这波意想不到的宣传方式好幸福的两个人多多支持姐姐的电影森中有林期待姐姐 ,1779552275,2026-05-23 16:04:35+08:00,117,14,1,1779546575466,https://m.weibo.cn/detail/5301768078494402,吉林,6522130025,纸鸢掠晴轩,f,https://m.weibo.cn/u/6522130025?launchid=10000360-page_H5,"https://tvax2.sinaimg.cn/crop.0.0.1080.1080.180/0077obXzly8iddi61uiudj30u00u0gny.jpg?KID=imgbed,tva&Expires=1779557352&ssig=0lA9EmI5ZN",赵又廷这么发高圆圆知道吗,search_contents_2026-05-23.csv,search_post,,真夫妻就是好嗑啊这波意想不到的宣传方式好幸福的两个人多多支持姐姐的电影森中有林期待姐姐 ,True,False
5301746345969040,赵又廷这么发高圆圆知道吗，看到赵又廷发布的剧照着实令人意外，高圆圆这次的角色造型彻 底 打 破固有印象。无论是明艳复古造型，还是沧桑老年扮相，搭配市井日常场景，和大家熟悉的模样判若两人。提前曝光的画面尽显角色层次感，也印证这部新作的突 破 性。夫妻间趣味互动趣味满满，不少网友纷纷调侃打趣，同时也被剧情人设吸引，满心期待走进影院，解锁高圆圆不一样的荧幕魅力。 #赵又廷这么发高圆圆知道吗#治愈念的微博视频,1779547093,2026-05-23 14:38:13+08:00,73,2,0,1779546575473,https://m.weibo.cn/detail/5301746345969040,广东,7868800996,治愈念,f,https://m.weibo.cn/u/7868800996?luicode=20000061&lfid=5301746345969040&launchid=10000360-page_H5,"https://tvax2.sinaimg.cn/crop.0.0.132.132.180/008AwGB6ly4hhlh6nryx6j303o03ojr8.jpg?KID=imgbed,tva&Expires=1779557356&ssig=lbp695sOr6",赵又廷这么发高圆圆知道吗,search_contents_2026-05-23.csv,search_post,,赵又廷这么发高圆圆知道吗看到赵又廷发布的剧照着实令人意外高圆圆这次的角色造型彻 底 打 破固有印象无论是明艳复古造型还是沧桑老年扮相搭配市井日常场景和大家熟悉的模样判若两人提前曝光的画面尽显角色层次感也印证这部新作的突 破 性夫妻间趣味互动趣味满满不少网友纷纷调侃打趣同时也被剧情人设吸引满心期待走进影院解锁高圆圆不一样的荧幕魅力 治愈念的微博视频,True,False
5301861960648426,#曾沛慈票数#这热度还会越来越低嘛？前两分钟180万热度，一下就变120万了 ,1779574658,2026-05-23 22:17:38+08:00,153,23,1,1779546575477,https://m.weibo.cn/detail/5301861960648426,四川,2797204815,零deer,f,https://m.weibo.cn/u/2797204815?launchid=10000360-page_H5,"https://tvax3.sinaimg.cn/crop.0.0.1080.1080.180/a6b9f54fly8gywo8ng6mzj20u00u0aci.jpg?KID=imgbed,tva&Expires=1779557352&ssig=WPokvnOAMl",赵又廷这么发高圆圆知道吗,search_contents_2026-05-23.csv,search_post,,这热度还会越来越低嘛前两分钟180万热度一下就变120万了 ,True,False
5301844536460674,#翟一莹群内发文#翟一莹因私人原因工作变动，挺让人好奇到底啥情况呢。希望她能处理好私事，也期待之后能看到她带来好作品。 ,1779570504,2026-05-23 21:08:24+08:00,271,36,3,1779546637612,https://m.weibo.cn/detail/5301844536460674,江苏,7751793982,祎巷卿涵,f,https://m.weibo.cn/u/7751793982?launchid=10000360-page_H5,"https://tvax1.sinaimg.cn/crop.0.0.1080.1080.180/008sBJJcly8iazqjytpthj30u00u040a.jpg?KID=imgbed,tva&Expires=1779557431&ssig=boZd%2BK5PqS",翟一莹群内发文,search_contents_2026-05-23.csv,search_post,,翟一莹因私人原因工作变动挺让人好奇到底啥情况呢希望她能处理好私事也期待之后能看到她带来好作品 ,True,False
5301853798799602,#翟一莹群内发文# 短国就是活人感强，好喜欢古灵精怪的一莹，敢爱敢恨的关芝 ,1779572712,2026-05-23 21:45:12+08:00,23,0,0,1779546637616,https://m.weibo.cn/detail/5301853798799602,江苏,7846254038,趴在墙头等ydl,f,https://m.weibo.cn/u/7846254038?launchid=10000360-page_H5,"https://tvax2.sinaimg.cn/crop.0.0.1080.1080.180/008z056uly8i1wimcmeflj30u00u03zm.jpg?KID=imgbed,tva&Expires=1779557431&ssig=u%2FBCkOZ3w1",翟一莹群内发文,search_contents_2026-05-23.csv,search_post,, 短国就是活人感强好喜欢古灵精怪的一莹敢爱敢恨的关芝 ,True,False
5301771758211366,翟一莹在群内发文近期因私人原因工作会有变动，一切以工作室公开行程为准，希望大家不要恶意造谣或攻击任何人 ,1779553152,2026-05-23 16:19:12+08:00,186,38,2,1779546637619,https://m.weibo.cn/detail/5301771758211366,辽宁,1060819251,来杯酸可乐,f,https://m.weibo.cn/u/1060819251?launchid=10000360-page_H5,"https://tvax1.sinaimg.cn/crop.0.0.1080.1080.180/3f3ad133ly8i8bwgbqgujj20u00u0ae7.jpg?KID=imgbed,tva&Expires=1779557431&ssig=Y%2F5NlJbiK1",翟一莹群内发文,search_contents_2026-05-23.csv,search_post,,翟一莹在群内发文近期因私人原因工作会有变动一切以工作室公开行程为准希望大家不要恶意造谣或攻击任何人 ,True,False
5301846140782495,投稿 全网第一爱老粉的女孩#翟一莹群内发文# ,1779570886,2026-05-23 21:14:46+08:00,17,11,1,1779546637621,https://m.weibo.cn/detail/5301846140782495,山东,7077825150,短裤老妈站,f,https://m.weibo.cn/u/7077825150?launchid=10000360-page_H5,"https://tvax2.sinaimg.cn/crop.0.0.390.390.180/007IZPEaly8idfp2sye8jj30au0au74f.jpg?KID=imgbed,tva&Expires=1779557431&ssig=cx9Ywm12GM",翟一莹群内发文,search_contents_2026-05-23.csv,search_post,,投稿 全网第一爱老粉的女孩 ,True,False
5301838819889331,#翟一莹群内发文#这是谁啊？发生什么了 ,1779569141,2026-05-23 20:45:41+08:00,3,3,0,1779546637624,https://m.weibo.cn/detail/5301838819889331,吉林,7008309320,对付啃吧,f,https://m.weibo.cn/u/7008309320?launchid=10000360-page_H5,"https://tvax1.sinaimg.cn/crop.0.0.1080.1080.180/007Ei9p6ly8id61jj7mg8j30u00u00vx.jpg?KID=imgbed,tva&Expires=1779557431&ssig=z4PlNYBveX",翟一莹群内发文,search_contents_2026-05-23.csv,search_post,,这是谁啊发生什么了 ,True,False
5301832257636333,#翟一莹群内发文# 小女孩全肯定当时以为是我敏感了，看了一天大家的分析我想说当时确实不舒服 ,1779567576,2026-05-23 20:19:36+08:00,2,3,0,1779546637626,https://m.weibo.cn/detail/5301832257636333,河北,6329152529,JN_加柠,f,https://m.weibo.cn/u/6329152529?launchid=10000360-page_H5,"https://tvax4.sinaimg.cn/crop.0.0.996.996.180/006UktHjly8gtiikpq06rj60ro0rojtm02.jpg?KID=imgbed,tva&Expires=1779557431&ssig=FFMTxLSdQi",翟一莹群内发文,search_contents_2026-05-23.csv,search_post,, 小女孩全肯定当时以为是我敏感了看了一天大家的分析我想说当时确实不舒服 ,True,False
5301829076522684,#翟一莹群内发文#短剧制作方“过儿短剧”原计划开拍《昼以继夜2》，翟一莹为女主角人选。但因档期冲突，制作方宣布由演员朱小雪顶替其角色，引发翟一莹粉丝强烈不满。部分粉丝质疑制作方未协调档期，甚至要求剧组延期拍摄，导致制作方公开反驳：“总不能让整个团队+5名演员无限期等待”。翟一莹回应：“目前确因个人私事，近期工作会有变动”，强调一切以工作室官方行程为准，并明确引导粉丝“不要恶意造谣或攻击任何人”。她同步在另一粉丝平台表态，因私人原因无法参演，语气诚恳但未透露具体细节。部分粉丝尊重其决定，后续仍会支持其新作品；同时呼吁“凡事发生必有利于你”，鼓励她勿内耗。也有部分剧迷认为换角影响角色适配性，指出翟一莹原角色“叶星辰”是明媚小太阳风格，而朱小雪更偏御姐风，质疑制作方选角合理性。 翟一莹群内发文,1779566818,2026-05-23 20:06:58+08:00,29,17,0,1779546637628,https://m.weibo.cn/detail/5301829076522684,河南,6882236244,旺旺小仙甜锦鲤,f,https://m.weibo.cn/u/6882236244?luicode=20000061&lfid=5301829076522684&launchid=10000360-page_H5,"https://tvax3.sinaimg.cn/crop.0.1.1078.1078.180/007vLa2oly8ibeynxggi5j30ty0u075e.jpg?KID=imgbed,tva&Expires=1779557431&ssig=Sjt%2FJ3GOT1",翟一莹群内发文,search_contents_2026-05-23.csv,search_post,,短剧制作方过儿短剧原计划开拍昼以继夜2翟一莹为女主角人选但因档期冲突制作方宣布由演员朱小雪顶替其角色引发翟一莹粉丝强烈不满部分粉丝质疑制作方未协调档期甚至要求剧组延期拍摄导致制作方公开反驳总不能让整个团队5名演员无限期等待翟一莹回应目前确因个人私事近期工作会有变动强调一切以工作室官方行程为准并明确引导粉丝不要恶意造谣或攻击任何人她同步在另一粉丝平台表态因私人原因无法参演语气诚恳但未透露具体细节部分粉丝尊重其决定后续仍会支持其新作品同时呼吁凡事发生必有利于你鼓励她勿内耗也有部分剧迷认为换角影响角色适配性指出翟一莹原角色叶星辰是明媚小太阳风格而朱小雪更偏御姐风质疑制作方选角合理性 翟一莹群内发文,True,False
5301846298073124,#翟一莹群内发文#短剧演员翟一莹现身粉丝群，针对退出《昼以继夜2》换角风波发文回应。她坦诚因个人私事导致工作变动，确认无法继续参演，同时温和劝导粉丝理性看待，切勿造谣、攻击剧组及接替演员，以工作室官方信息为准。面对网传争议，她选择私下真诚沟通、主动控评引导，不激化矛盾。此番表态既直面舆论质疑，守住艺人职业分寸，也展现出对粉丝、剧组与同行的尊重，快速平息网络热议，尽显清醒格局。 翟一莹群内发文,1779570924,2026-05-23 21:15:24+08:00,31,16,0,1779546637631,https://m.weibo.cn/detail/5301846298073124,四川,7491585789,渝眠日记,f,https://m.weibo.cn/u/7491585789?luicode=20000061&lfid=5301846298073124&launchid=10000360-page_H5,"https://tvax3.sinaimg.cn/crop.0.0.1080.1080.180/008aZVGRly8iag58bnn8tj30u00u0jtu.jpg?KID=imgbed,tva&Expires=1779557435&ssig=gGOzPbXVup",翟一莹群内发文,search_contents_2026-05-23.csv,search_post,,短剧演员翟一莹现身粉丝群针对退出昼以继夜2换角风波发文回应她坦诚因个人私事导致工作变动确认无法继续参演同时温和劝导粉丝理性看待切勿造谣攻击剧组及接替演员以工作室官方信息为准面对网传争议她选择私下真诚沟通主动控评引导不激化矛盾此番表态既直面舆论质疑守住艺人职业分寸也展现出对粉丝剧组与同行的尊重快速平息网络热议尽显清醒格局 翟一莹群内发文,True,False
5301767713598695,#王鹤棣 拆cp#事已至此他已经和人生中对他帮助最大的两个女人割席了 ,1779552188,2026-05-23 16:03:08+08:00,28732,634,169,1779546709858,https://m.weibo.cn/detail/5301767713598695,河北,6380257971,女明星驾到通通闪开,f,https://m.weibo.cn/u/6380257971?launchid=10000360-page_H5,"https://tvax1.sinaimg.cn/crop.0.0.1080.1080.180/006XMUyDly8ic8wpyhvecj30u00u074r.jpg?KID=imgbed,tva&Expires=1779557503&ssig=cj3J%2BE4f%2Bt",王鹤棣 拆cp,search_contents_2026-05-23.csv,search_post,,事已至此他已经和人生中对他帮助最大的两个女人割席了 ,True,False
5301838922648827,#王鹤棣 拆cp#要不你们都看看正片呢。。。。。。 这谁能舒服？？？换成我都要内耗死了…… 18楼小号的微博视频  ,1779569165,2026-05-23 20:46:05+08:00,7134,422,608,1779546709862,https://m.weibo.cn/detail/5301838922648827,重庆,2822143357,18楼小号,m,https://m.weibo.cn/u/2822143357?launchid=10000360-page_H5,"https://tvax1.sinaimg.cn/crop.0.0.1080.1080.180/a8367d7dly8ibmorlf044j20u00u077g.jpg?KID=imgbed,tva&Expires=1779557503&ssig=zlTAwhECDf",王鹤棣 拆cp,search_contents_2026-05-23.csv,search_post,,要不你们都看看正片呢 这谁能舒服换成我都要内耗死了 18楼小号的微博视频  ,True,False
5301761870931273,#王鹤棣 拆cp#喜大普奔 恭喜棣棣至此彻底甩掉两大吸血包🎉 ,1779550795,2026-05-23 15:39:55+08:00,8391,183,153,1779546709866,https://m.weibo.cn/detail/5301761870931273,山西,6073029087,小狗药丸ovo,f,https://m.weibo.cn/u/6073029087?launchid=10000360-page_H5,"https://tvax2.sinaimg.cn/crop.0.0.1080.1080.180/006CZOi3ly8icgk664237j30u00u0ta3.jpg?KID=imgbed,tva&Expires=1779557503&ssig=KwDWf4kCB1",王鹤棣 拆cp,search_contents_2026-05-23.csv,search_post,,喜大普奔 恭喜棣棣至此彻底甩掉两大吸血包 ,True,False
5301761389628300,#王鹤棣 拆cp#要我说，王鹤棣下部剧的女主粉丝赶紧提前准备起来吧，每次都是狂麦然后再拆，还要给女方来点棒槌……《2月录制结束》《看了一天的分析》《5月份我敏感了》想吃cp红利又不想给cp粉体面是这样的，他每次炒cp都这样难看收尾 ,1779550680,2026-05-23 15:38:00+08:00,881,52,4,1779546709868,https://m.weibo.cn/detail/5301761389628300,湖南,7557477370,__WENMiraitowa__,f,https://m.weibo.cn/u/7557477370?launchid=10000360-page_H5,"https://tvax4.sinaimg.cn/crop.0.0.1080.1080.180/008fsp6ily8idfk7pjvpcj30u00u0whr.jpg?KID=imgbed,tva&Expires=1779557503&ssig=L8lB1EHrfE",王鹤棣 拆cp,search_contents_2026-05-23.csv,search_post,,要我说王鹤棣下部剧的女主粉丝赶紧提前准备起来吧每次都是狂麦然后再拆还要给女方来点棒槌2月录制结束看了一天的分析5月份我敏感了想吃cp红利又不想给cp粉体面是这样的他每次炒cp都这样难看收尾 ,True,False
5301865455292143,#王鹤棣 拆cp#棣棣宝宝也不是第一次了 ，哪有人配得上棣棣呀，只有露思宝宝配得上呀，能不能露思宝宝一起拍一个只有两个人的综艺呀，露思宝宝不是最喜欢自制综艺了嘛，文化水平内核素质差不多的人才能玩到一起呀，露思和王鹤棣很搭呀~(¯▽¯~)希望露思和棣棣一起玩呀٩(๑^o^๑)۶ ,1779575491,2026-05-23 22:31:31+08:00,1,0,0,1779546709870,https://m.weibo.cn/detail/5301865455292143,山东,5576842252,靖Max97,f,https://m.weibo.cn/u/5576842252?launchid=10000360-page_H5,"https://tvax3.sinaimg.cn/crop.0.0.828.828.180/0065pRqAly8he19bzyx3kj30n00n0dh3.jpg?KID=imgbed,tva&Expires=1779557503&ssig=ypU1nSdrPp",王鹤棣 拆cp,search_contents_2026-05-23.csv,search_post,,棣棣宝宝也不是第一次了 哪有人配得上棣棣呀只有露思宝宝配得上呀能不能露思宝宝一起拍一个只有两个人的综艺呀露思宝宝不是最喜欢自制综艺了嘛文化水平内核素质差不多的人才能玩到一起呀露思和王鹤棣很搭呀希望露思和棣棣一起玩呀٩๑o๑۶ ,True,False
5301865399197655,#王鹤棣 拆cp#纳尼？？？我怎么啥也不知道啊？有没有哪个好心人告诉我到底发生什么事了吗？ ,1779575478,2026-05-23 22:31:18+08:00,0,0,0,1779546709873,https://m.weibo.cn/detail/5301865399197655,江苏,7950719306,暮月拾碎糖,f,https://m.weibo.cn/u/7950719306?launchid=10000360-page_H5,"https://tvax1.sinaimg.cn/crop.0.27.960.960.180/008G4pialy8id7rofe7xxj30qo0s7ju9.jpg?KID=imgbed,tva&Expires=1779557503&ssig=Gx9dXTaTpf",王鹤棣 拆cp,search_contents_2026-05-23.csv,search_post,,纳尼我怎么啥也不知道啊有没有哪个好心人告诉我到底发生什么事了吗 ,True,False
5301865237448188,#王鹤棣 拆cp#王鹤棣如果不是棣月系和棣欣引力这两对cp，被很多人记住的是威亚电梯下来的那个动图… ,1779575439,2026-05-23 22:30:39+08:00,0,0,0,1779546709876,https://m.weibo.cn/detail/5301865237448188,广东,1908473750,生活会变得越来越好的,m,https://m.weibo.cn/u/1908473750?launchid=10000360-page_H5,"https://tvax1.sinaimg.cn/crop.0.0.736.736.180/71c0ff96ly8gdi6myx3q2j20kg0kgq42.jpg?KID=imgbed,tva&Expires=1779557503&ssig=5ws2ncxqS%2B",王鹤棣 拆cp,search_contents_2026-05-23.csv,search_post,,王鹤棣如果不是棣月系和棣欣引力这两对cp被很多人记住的是威亚电梯下来的那个动图 ,True,False
5301736874707903,【#山西煤矿事故已致90人死亡#】#留神峪煤矿事故已致90人死亡# 记者从山西通洲集团留神峪煤矿瓦斯爆炸事故现场了解到，事故已造成90人死亡，现场搜救仍在进行。  #山西煤矿事故造成重大人员伤亡# （总台记者岳旭辉 韩逾昊）网页链接 ,1779544835,2026-05-23 14:00:35+08:00,174618,12926,12313,1779546832431,https://m.weibo.cn/detail/5301736874707903,,2656274875,央视新闻,m,https://m.weibo.cn/u/2656274875?launchid=10000360-page_H5,"https://tvax4.sinaimg.cn/crop.0.0.690.690.180/002TLsr9ly8iakuy3heb6j60j60j6wex02.jpg?KID=imgbed,tva&Expires=1779557596&ssig=qO9hvFdmQv",山西煤矿事故已致90人死亡,search_contents_2026-05-23.csv,search_post,白名单账号, 记者从山西通洲集团留神峪煤矿瓦斯爆炸事故现场了解到事故已造成90人死亡现场搜救仍在进行   总台记者岳旭辉 韩逾昊网页链接 ,True,False
5301774455409762,#山西煤矿事故已致90人死亡#整个事故时间线： 5月22日19:29：井下发生瓦斯爆炸，247名矿工在岗作业。5月23日06时： 201人平安升井，8人确认死亡，38人待搜救。注意，8人确认死亡。5月23日14时：遇难人数升至82人，9人失联；123名伤者送医（含2危重、2重症）。注意，82人遇难。5月23日14时：据央视新闻报道，遇难人数升至90人，现场搜救仍在进行。注意：90人遇难。事故发生时，247名矿工在岗作业，201人平安升井。为什么最终遇难人数上升到90人呢？,1779553795,2026-05-23 16:29:55+08:00,417,62,44,1779546832438,https://m.weibo.cn/detail/5301774455409762,北京,7746982776,夏语冰96,m,https://m.weibo.cn/u/7746982776?luicode=20000061&lfid=5301774455409762&launchid=10000360-page_H5,"https://tvax2.sinaimg.cn/crop.0.0.896.896.180/008shy76ly8h99dlygxdvj30ow0owq3s.jpg?KID=imgbed,tva&Expires=1779557596&ssig=Of2qvxgRkX",山西煤矿事故已致90人死亡,search_contents_2026-05-23.csv,search_post,,整个事故时间线 5月22日1929井下发生瓦斯爆炸247名矿工在岗作业5月23日06时 201人平安升井8人确认死亡38人待搜救注意8人确认死亡5月23日14时遇难人数升至82人9人失联123名伤者送医含2危重2重症注意82人遇难5月23日14时据央视新闻报道遇难人数升至90人现场搜救仍在进行注意90人遇难事故发生时247名矿工在岗作业201人平安升井为什么最终遇难人数上升到90人呢,True,False
5301792810207343,张佳ZHJ#山西煤矿事故已致90人死亡##山西留神峪煤矿内部画面#天呐 山西留神峪煤矿瓦斯爆炸已造成90人死亡。五月接连发生了多起安全事故，月初是浏阳爆竹厂，现在是山西煤矿......刚查了下 30人就是最高级别事故安全生产工作年年说落实好，现在好了，近些年最大的事故来了。家属们的悲痛也不能挽回生命这些都是家里的顶梁柱，希望伤亡数字不要上升了,1779558171,2026-05-23 17:42:51+08:00,636,55,10,1779546832443,https://m.weibo.cn/detail/5301792810207343,上海,6587717377,张佳ZHJ,m,https://m.weibo.cn/u/6587717377?luicode=20000061&lfid=5301792810207343&launchid=10000360-page_H5,"https://tvax2.sinaimg.cn/crop.0.0.1080.1080.180/007bPoe5ly8hyjbqruyjfj30u00u1wfr.jpg?KID=imgbed,tva&Expires=1779557600&ssig=W40spBjM65",山西煤矿事故已致90人死亡,search_contents_2026-05-23.csv,search_post,,张佳ZHJ天呐 山西留神峪煤矿瓦斯爆炸已造成90人死亡五月接连发生了多起安全事故月初是浏阳爆竹厂现在是山西煤矿刚查了下 30人就是最高级别事故安全生产工作年年说落实好现在好了近些年最大的事故来了家属们的悲痛也不能挽回生命这些都是家里的顶梁柱希望伤亡数字不要上升了,True,False
5301751735648609,#山西煤矿事故已致90人死亡##留神峪煤矿事故知情矿工发声# 山西通洲集团留神峪煤矿瓦斯爆炸事故现场了解到，事故已造成90人死亡。说原本有井下当班作业人员共247人，死了将近一半。现在井下仍有人员被困，伤亡数据随搜救进展动态更新。九十个人啊，什么概念……值得注意的是，该矿在事发前已被国家矿山安全监察局列为“高瓦斯”矿井，属灾害严重煤矿。虽然去年就说过今年是各类火灾爆炸的高发年份，但是这样一次带走那么多人命，仍然让人充满了无力感。,1779548378,2026-05-23 14:59:38+08:00,117,20,3,1779546832453,https://m.weibo.cn/detail/5301751735648609,上海,1560859114,祺沅,f,https://m.weibo.cn/u/1560859114?luicode=20000061&lfid=5301751735648609&launchid=10000360-page_H5,"https://tvax1.sinaimg.cn/crop.0.0.1080.1080.180/5d08d1ealy8hd66f5fe4hj20u00u0q53.jpg?KID=imgbed,tva&Expires=1779557606&ssig=Q3ANoJwb6o",山西煤矿事故已致90人死亡,search_contents_2026-05-23.csv,search_post,, 山西通洲集团留神峪煤矿瓦斯爆炸事故现场了解到事故已造成90人死亡说原本有井下当班作业人员共247人死了将近一半现在井下仍有人员被困伤亡数据随搜救进展动态更新九十个人啊什么概念值得注意的是该矿在事发前已被国家矿山安全监察局列为高瓦斯矿井属灾害严重煤矿虽然去年就说过今年是各类火灾爆炸的高发年份但是这样一次带走那么多人命仍然让人充满了无力感,True,False
5301758140351277,#山西煤矿事故已致90人死亡#那么多家庭被毁了，这些矿工顶多是最低档的保险。一直不合规作业压缩成本是肯定的，但现场各项数值超标，瞒报未说爆炸的几小时里耽误了多少，活下来的也会有后遗症。真是穷人命换来的富人财富。。#留神峪煤矿事故企业负责人被控制#.#山西煤矿事故伤者主要因有毒气体# 甄姬不放瓜的微博视频,1779549905,2026-05-23 15:25:05+08:00,255,15,8,1779546832458,https://m.weibo.cn/detail/5301758140351277,北京,3956055188,甄姬不放瓜,m,https://m.weibo.cn/u/3956055188?luicode=20000061&lfid=5301758140351277&launchid=10000360-page_H5,"https://tvax1.sinaimg.cn/crop.0.0.1080.1080.180/ebcc9c94ly8ibskh6vwpoj20u00u0gmj.jpg?KID=imgbed,tva&Expires=1779557609&ssig=Ts1omkBdRw",山西煤矿事故已致90人死亡,search_contents_2026-05-23.csv,search_post,,那么多家庭被毁了这些矿工顶多是最低档的保险一直不合规作业压缩成本是肯定的但现场各项数值超标瞒报未说爆炸的几小时里耽误了多少活下来的也会有后遗症真是穷人命换来的富人财富 甄姬不放瓜的微博视频,True,False
5301743920874071,#山西煤矿事故已致90人死亡#我天呢这可真是一个大事故了，已经有90人死亡了也就是说有90个家庭不幸有90个家庭的孩子失去了爸爸，有90个家庭这其中90多人有很多年轻人吧，那些去世的父母白发人送黑发人安全最重要，愿你们在天堂没有痛苦。#留神峪煤矿事故已致90人死亡#留神峪煤矿事故知情矿工发声 王者老闫的微博视频,1779546515,2026-05-23 14:28:35+08:00,1132,128,12,1779546832461,https://m.weibo.cn/detail/5301743920874071,北京,7851959479,王者老闫,m,https://m.weibo.cn/u/7851959479?luicode=20000061&lfid=5301743920874071&launchid=10000360-page_H5,"https://tvax3.sinaimg.cn/crop.0.0.940.940.180/008zo1lJly8hsx2mucmcwj30q40q4tab.jpg?KID=imgbed,tva&Expires=1779557613&ssig=ybZ3aq8IRA",山西煤矿事故已致90人死亡,search_contents_2026-05-23.csv,search_post,,我天呢这可真是一个大事故了已经有90人死亡了也就是说有90个家庭不幸有90个家庭的孩子失去了爸爸有90个家庭这其中90多人有很多年轻人吧那些去世的父母白发人送黑发人安全最重要愿你们在天堂没有痛苦留神峪煤矿事故知情矿工发声 王者老闫的微博视频,True,False
5301756154088614,山西沁源县留神峪煤矿瓦斯爆炸事故已造成90人遇难，这应是中国2009年以来死亡人数最多的矿难，太令人震惊了。90人遇难不是一个数字，它意味着90个家庭天塌了的悲剧。煤炭是中国能源消费的压舱石，尽管煤炭消费的比例在逐年下降，但2025年煤电仍占中国总发电量的51.1%，妥妥的半壁江山。山西和内蒙古是中国最大的两个产煤省区，山西2025年的煤炭产量约占全国总产量的27%，内蒙古是26.6%，排第三的是陕西省，占全国产量的16.7%。这次海湾危机凸显了煤电对中国能源安全的非凡意义，中国庞大电网能够不依赖海运石油，这赋予了中国特殊的综合韧性。煤炭对中国如此重要，然而矿井的安全问题近年虽有不少改善，但至今未能根本解决。山西是头部产煤大省，但也是矿井安全事故的高危区。山西采煤历史久远，又大多是地下开采，风险远高于露天矿，然而这次死亡90人的超大事故，在山西也是2007年以来最严重的。山西省在中国现代化进程中的复杂角色令人唏嘘。安全是我们现代化路上永远不能松懈的防线和底线。其实现代化的含义之一就是赋予全社会更多安全，将各种危险的生产过程不断去风险化。中国政府在推动安全生产方面极尽了努力，每次出重特大事故都会伴随严厉的追责，这绝对是举世无双的。然而不能不说，我们仍处在不断化解严重事故风险的路上，并且任重道远。#山西煤矿事故已致90人死亡# #热点解读#,1779549432,2026-05-23 15:17:12+08:00,8693,706,345,1779546832465,https://m.weibo.cn/detail/5301756154088614,北京,1989660417,胡锡进,m,https://m.weibo.cn/u/1989660417?luicode=20000061&lfid=5301756154088614&launchid=10000360-page_H5,"https://tva3.sinaimg.cn/crop.0.0.180.180.180/7697cf01jw1e8qgp5bmzyj2050050aa8.jpg?KID=imgbed,tva&Expires=1779557616&ssig=v5lvlN8KtV",山西煤矿事故已致90人死亡,search_contents_2026-05-23.csv,search_post,,山西沁源县留神峪煤矿瓦斯爆炸事故已造成90人遇难这应是中国2009年以来死亡人数最多的矿难太令人震惊了90人遇难不是一个数字它意味着90个家庭天塌了的悲剧煤炭是中国能源消费的压舱石尽管煤炭消费的比例在逐年下降但2025年煤电仍占中国总发电量的511妥妥的半壁江山山西和内蒙古是中国最大的两个产煤省区山西2025年的煤炭产量约占全国总产量的27内蒙古是266排第三的是陕西省占全国产量的167这次海湾危机凸显了煤电对中国能源安全的非凡意义中国庞大电网能够不依赖海运石油这赋予了中国特殊的综合韧性煤炭对中国如此重要然而矿井的安全问题近年虽有不少改善但至今未能根本解决山西是头部产煤大省但也是矿井安全事故的高危区山西采煤历史久远又大多是地下开采风险远高于露天矿然而这次死亡90人的超大事故在山西也是2007年以来最严重的山西省在中国现代化进程中的复杂角色令人唏嘘安全是我们现代化路上永远不能松懈的防线和底线其实现代化的含义之一就是赋予全社会更多安全将各种危险的生产过程不断去风险化中国政府在推动安全生产方面极尽了努力每次出重特大事故都会伴随严厉的追责这绝对是举世无双的然而不能不说我们仍处在不断化解严重事故风险的路上并且任重道远 ,True,False
5301756779038700,#红狼大战电竞春晚# 决战挑杯BO9之巅，宿命对决·王牌对王牌红狼大战电竞春晚来了狼队誓要撕碎红色王朝！AG要告诉大家他们回来了！全胜通关的AG和败者组杀回来的狼队谁才是今晚最后的赢家？ ,1779549581,2026-05-23 15:19:41+08:00,236,191,91,1779546895213,https://m.weibo.cn/detail/5301756779038700,广东,3210251184,王者荣耀李小白君,m,https://m.weibo.cn/u/3210251184?launchid=10000360-page_H5,"https://tvax1.sinaimg.cn/crop.0.0.1080.1080.180/bf588bb0ly8gxv0llzxgpj20u00u0q4x.jpg?KID=imgbed,tva&Expires=1779557688&ssig=yYU%2B439moB",红狼大战电竞春晚,search_contents_2026-05-23.csv,search_post,, 决战挑杯BO9之巅宿命对决王牌对王牌红狼大战电竞春晚来了狼队誓要撕碎红色王朝AG要告诉大家他们回来了全胜通关的AG和败者组杀回来的狼队谁才是今晚最后的赢家 ,True,False
5301760430441278,评论席提到@AG一诺ovo 在采访时的哽咽阿豆：那我就说一下释怀吧，我觉得我其实印象最深的是一诺的那一滴眼泪灵儿：我看到很多KPL赛事的用户和粉丝他们看了那个采访之后都非常的动容，一个已经站上这样巅峰的一个选手他为了去追逐自己曾经的巅峰，然后也会去焦虑，然后包括那天比赛赢下之后，一诺也是每天晚上都在峡谷里面加练到凌晨#红狼大战电竞春晚# #一诺首次挑战BO9# #2026王者荣耀挑战者杯决赛# 王者小刀口的微博视频,1779550451,2026-05-23 15:34:11+08:00,38,1,1,1779546895217,https://m.weibo.cn/detail/5301760430441278,河北,5967513378,王者小刀口,m,https://m.weibo.cn/u/5967513378?luicode=20000061&lfid=5301760430441278&launchid=10000360-page_H5,"https://tvax2.sinaimg.cn/crop.0.0.1080.1080.180/006vR4PMly8i4ja4q12q9j30u00u0tal.jpg?KID=imgbed,tva&Expires=1779557692&ssig=vEXr%2BYkGrh",红狼大战电竞春晚,search_contents_2026-05-23.csv,search_post,,评论席提到 在采访时的哽咽阿豆那我就说一下释怀吧我觉得我其实印象最深的是一诺的那一滴眼泪灵儿我看到很多KPL赛事的用户和粉丝他们看了那个采访之后都非常的动容一个已经站上这样巅峰的一个选手他为了去追逐自己曾经的巅峰然后也会去焦虑然后包括那天比赛赢下之后一诺也是每天晚上都在峡谷里面加练到凌晨   王者小刀口的微博视频,True,False
5301801286370499,清清这把老夫子几乎大闪全空这都能打赢说明狼队BP还是太有优势了#AG对战狼队##gemini挑杯决赛预测##红狼大战电竞春晚# 真白盘游戏的微博视频 ,1779560192,2026-05-23 18:16:32+08:00,16,9,10,1779546895223,https://m.weibo.cn/detail/5301801286370499,江西,5679059341,真白盘游戏,m,https://m.weibo.cn/u/5679059341?launchid=10000360-page_H5,"https://tvax1.sinaimg.cn/crop.0.0.1080.1080.180/006ckKLjly8icuo9wp067j30u00u0go3.jpg?KID=imgbed,tva&Expires=1779557688&ssig=Dn51MnaC7%2F",红狼大战电竞春晚,search_contents_2026-05-23.csv,search_post,,清清这把老夫子几乎大闪全空这都能打赢说明狼队BP还是太有优势了 真白盘游戏的微博视频 ,True,False
5301762072511694,#红狼大战电竞春晚#红狼大战再度上演，这是双方第二次BO9对决！也是红狼第四十四次赛场交锋！ ,1779550843,2026-05-23 15:40:43+08:00,7,6,6,1779546895226,https://m.weibo.cn/detail/5301762072511694,安徽,5939204645,多樂,f,https://m.weibo.cn/u/5939204645?launchid=10000360-page_H5,"https://tvax2.sinaimg.cn/crop.0.0.1080.1080.180/006tWirjly8gq0mxkkkbxj30u00u0wgt.jpg?KID=imgbed,tva&Expires=1779557688&ssig=owp6XnePLz",红狼大战电竞春晚,search_contents_2026-05-23.csv,search_post,,红狼大战再度上演这是双方第二次BO9对决也是红狼第四十四次赛场交锋 ,True,False
5301767212630204,#红狼大战电竞春晚# 万众瞩目的电竞春晚正式来袭一边冲击第九座奖杯，一边向着第十一冠发起冲刺，荣誉之争格外牵动人心 游戏壹哥的微博视频 ,1779552067,2026-05-23 16:01:07+08:00,16,5,1,1779546895230,https://m.weibo.cn/detail/5301767212630204,广东,7334127311,游戏壹哥,m,https://m.weibo.cn/u/7334127311?launchid=10000360-page_H5,"https://tvax4.sinaimg.cn/crop.0.0.1002.1002.180/0080lfxZly8gp383sfufzj30ru0rugo0.jpg?KID=imgbed,tva&Expires=1779557688&ssig=wyP8Kx4AYO",红狼大战电竞春晚,search_contents_2026-05-23.csv,search_post,, 万众瞩目的电竞春晚正式来袭一边冲击第九座奖杯一边向着第十一冠发起冲刺荣誉之争格外牵动人心 游戏壹哥的微博视频 ,True,False
5301762605188033,宿命的对决，这一次还是红狼大战#红狼大战电竞春晚# ,1779550970,2026-05-23 15:42:50+08:00,3,1,1,1779546895234,https://m.weibo.cn/detail/5301762605188033,广东,7553752404,在圈里收瓜,f,https://m.weibo.cn/u/7553752404?launchid=10000360-page_H5,"https://tvax4.sinaimg.cn/crop.0.0.1045.1045.180/008fcM4cly8hc7mi1eg1pj30t10t1acm.jpg?KID=imgbed,tva&Expires=1779557688&ssig=5dXMUjDie9",红狼大战电竞春晚,search_contents_2026-05-23.csv,search_post,,宿命的对决这一次还是红狼大战 ,True,False
5301763389264370,#红狼大战电竞春晚#KPL2026年KPL挑战者杯bo9赛制AG对战狼队，红狼大战烽烟再起！#微博VLOG大赛##微博热门影集# -maimai麦麦-的微博视频 ,1779551157,2026-05-23 15:45:57+08:00,33,1,1,1779546895238,https://m.weibo.cn/detail/5301763389264370,江西,1948771517,-maimai麦麦-,f,https://m.weibo.cn/u/1948771517?launchid=10000360-page_H5,"https://tvax2.sinaimg.cn/crop.0.0.1024.1024.180/7427e4bdly8hbkmhl3n2hj20sg0sgdhm.jpg?KID=imgbed,tva&Expires=1779557688&ssig=cEyoKyQXDi",红狼大战电竞春晚,search_contents_2026-05-23.csv,search_post,,KPL2026年KPL挑战者杯bo9赛制AG对战狼队红狼大战烽烟再起 maimai麦麦的微博视频 ,True,False
