user_id,nickname,gender,avatar,desc,ip_location,follows,fans,tag_list,last_modify_ts
7736854575,尤奇劳尔,Male,https://wx2.sinaimg.cn/orj480/008rB3j1ly8idecn83oz1j30u00u0410.jpg,如果萌是一种天赋,,1824,1.5万,,1779465602164
7461208909,吃吃志猫咪条,Female,https://wx4.sinaimg.cn/orj480/0088Wthbly8ibsj2onhroj30u00u0diw.jpg,TOP小糊团赶紧解散，朱志鑫单飞,,762,1513,,1779465605529
7794068844,用户7794068844,Female,https://ss1.sinaimg.cn/orj480/default_avatar_female_180&690,,,28,1,,1779465608939
1796986003,恒温20度,Female,https://ww4.sinaimg.cn/orj480/6b1bd493jw1e8qgp5bmzyj2050050aa8.jpg, ,,139,115,,1779465612312
1442210611,硕伟,Male,https://wx4.sinaimg.cn/orj480/55f66333ly8i3ei9gz9kpj20u00u0god.jpg,小众，非主旋律,,396,2784,,1779465615865
3292032777,左小小13,Female,https://wx1.sinaimg.cn/orj480/c4386f09ly8gpvx3pd8mpj20ku0kuabh.jpg,不想喝的酒先干为敬，不想见的人笑脸相迎,,1178,358,,1779465619384
8320562356,云龙风从,Male,https://wx2.sinaimg.cn/orj480/00956emEly8idcyovsrvuj30dw0dw3zp.jpg,,,8,1,,1779465622860
7922571990,赛博凌航员,Female,https://wx2.sinaimg.cn/orj480/008EaiTcly8hwyj8rd86dj30u00u0n0a.jpg,微博官方认证机器人,,7,1.8万,,1779465626511
7881025175,胡-图-图不糊涂,Female,https://wx1.sinaimg.cn/orj480/008BlYFhly8hjdkp9zby3j30hs0hsdgb.jpg,努力和好运总有先来后到，越努力越幸运。,,4586,733,,1779465629871
7887850306,黛蒙-Tree,Female,https://wx2.sinaimg.cn/orj480/008BOCc2ly8i1fz4e1jp8j30ov0ovn0a.jpg,“歌唱到最后听懂的人眼红热.”,,80,9,,1779465633280
6621602109,_一条线而已,Male,https://wx2.sinaimg.cn/orj480/007e7zc1ly8iaapdec1sjj30u00u0dj0.jpg,地球是一条线。,,75,2,,1779465636810
5340995219,想昵称想的都困了,Female,https://wx2.sinaimg.cn/orj480/005PsgQbly8i9ahiug0poj30u00u0wjd.jpg,📝,,592,619,,1779465640179
7441914221,今天吃点啥ya_,Female,https://wx2.sinaimg.cn/orj480/0087DvQxly8i11agax81oj30u00u0n1c.jpg,幸福得晕了,,149,7,,1779465643584
1098766825,巭黈,Female,https://wx2.sinaimg.cn/orj480/417dd9e9ly8iau2onfpsnj20se0se75p.jpg,昀孟99！尚公主大爆！,,316,2819,,1779465647073
2547831794,大河马小耳朵,Male,https://wx1.sinaimg.cn/orj480/97dcd3f2ly8fys2zzhil4j20dc0dcgmj.jpg,美好,,129,918,,1779465650558
7244980557,拾第七秒希绪_,Female,https://wx2.sinaimg.cn/orj480/007Ujcp7ly8humadaizd7j30s40s441h.jpg,,,522,107,,1779465653929
7980221493,暂时还没想好应该取什么昵称,Female,https://wx3.sinaimg.cn/orj480/008I4c9Tly8ibw4qff7sqj30qo0qotao.jpg,太懒了没有简介,,35,15,,1779465657355
7850772715,乌梅在线,Female,https://wx2.sinaimg.cn/orj480/008zj2Cnly8i6f374ouwtj30tw0tw0wz.jpg,,,94,22,,1779465660773
6537949116,拿到转运珠了吗,Female,https://wx1.sinaimg.cn/orj480/0078szecly8ibyl3bv0q8j30u00u0gmn.jpg,如果雨季延长，那就撑伞直到放晴。,,895,825,,1779465664192
1760333420,独往孤寂,Male,https://wx3.sinaimg.cn/orj480/68ec8e6cly8hizevi194rj20u00u0n19.jpg,命中注定一个人的生活 过得一天得一天 随遇而安,,375,198,,1779465667614
5412177289,Vatine灬_,Male,https://wx2.sinaimg.cn/orj480/005UgWy5ly8gf1qfx045jj30ig0ig0um.jpg,,,32,48,,1779465671032
7437017401,闪亮的星_shiningstar_,Female,https://wx4.sinaimg.cn/orj480/0087iXXzly8i6ijodugjrj30u00u0mzx.jpg,🥜❤️🍐 我是闪星本尊（原本尊怎么了就不多说了,,133,16,,1779465674402
3222612674,李科_无锡,Male,https://ss1.sinaimg.cn/orj480/default_avatar_male_180&690,,,188,182,,1779465677826
7856945472,不知道取啥名捏_,Male,https://wx3.sinaimg.cn/orj480/008zIWqYly8iao0iwg5roj30hs0hs0tq.jpg,,,722,263,,1779465681219
7633218180,娱路路,Female,https://wx2.sinaimg.cn/orj480/008kAcKgly8i4y5kpileij30d40d4jry.jpg,一起冲浪啊,,13129,8076,,1779465684653
5631749690,Diamond_StarGazer,Female,https://wx1.sinaimg.cn/orj480/00698fmqly8hilycz4dk3j30u00u00ws.jpg,solo，不惹事也不怕事👊🏻,,732,255,,1779465688062
6301750900,MSTAR有深度,Male,https://wx1.sinaimg.cn/orj480/006Stvhyly8fhc4yo9422j30e60e83z7.jpg,,,88,23,,1779465691448
6599228712,Colip_,Female,https://wx2.sinaimg.cn/orj480/007cBGQMly8icc3z1frtaj30u00u0tby.jpg,“我选中你啦~” 欢迎投稿,,1185,5.4万,,1779465694851
5700772013,OHsuperbaby,Female,https://wx4.sinaimg.cn/orj480/006dNRdHly8id6as23p7wj30u00u00wv.jpg,,,378,7,,1779465698293
7787703832,8好运锦鲤,Male,https://wx4.sinaimg.cn/orj480/008v2pwkly8i54t3akq2pj30u00u0q5i.jpg,,,263,430,,1779465701743
7774365528,DL可愛寶寶,Female,https://wx2.sinaimg.cn/orj480/008u8rColy8hu7rkjycl1j30dw0dwab1.jpg,,,33,15,,1779465705138
5088482551,辣鸡辣椒酱,Female,https://wx1.sinaimg.cn/orj480/005ymKLdly8ida0xson3kj30u00u0q5b.jpg,,,599,1,,1779465708605
2291572692,不愿透露姓氏的热心市民杨先生,Male,https://wx1.sinaimg.cn/orj480/88969fd4ly8h7ng0umph6j20u00u00y6.jpg,世上最快乐的事，莫过于为理想而奋斗。,,17,417,,1779465712031
3835103409,胡彦斌TGH工作室,Female,https://wx2.sinaimg.cn/orj480/e49708b1ly8i1jssebwq8j20sf0sf74p.jpg,胡彦斌工作室官方微博，工作事宜请联系：tigerstudio@goodsongs.cn，粉丝沟通请联系：tigerfans@goodsongs.cn,,81,2.8万,,1779465715408
7413477582,小大阳阳,Female,https://wx2.sinaimg.cn/orj480/0085Icb4ly8i925kf7gxoj30u00u00wa.jpg,个人的发泄天堂,,13,9,,1779465718877
7805813075,呆呆桃苏玖,Female,https://wx3.sinaimg.cn/orj480/008wgoyTly8i61yykbgaoj30u00u0q5k.jpg,不混粉圈 solo追星 【fuck LGBT abo】🤲🏻,,1867,1473,,1779465722376
7937286502,招财大牛兔,Male,https://wx4.sinaimg.cn/orj480/008Fa2O2ly8i0wxykd1xbj30u00u075p.jpg,什么都会一点,,2345,2.9万,,1779465725751
1656918414,Sally赫时不熬夜,Female,https://wx2.sinaimg.cn/orj480/62c2918ely8iabhxaxc5gj20u00u0ad0.jpg,All for 张凌赫,,728,232,,1779465729180
1847203117,美女蚊子的微博,Female,https://ww4.sinaimg.cn/orj480/6e1a152djw8eqmfhycwilj20hs0hrgm5.jpg,,,963,3151,,1779465732684
5957509533,晕荣小狗,Female,https://wx3.sinaimg.cn/orj480/006vb6nrly8ic44q1nq6hj30u00u0jui.jpg,我开始对你产生意义了吗,,3978,3324,,1779465736089
1002389431,名字用太久换个新的,Male,https://wx1.sinaimg.cn/orj480/3bbf3fb7ly8gxbjhp34m6j20n00n0t9l.jpg,,,444,144,,1779465739496
7380208526,levyiathan,Male,https://wx2.sinaimg.cn/orj480/0083sBnoly8hxtnswnz01j30e80e8aag.jpg,,,599,105,,1779465742876
7211026369,来玩一把我就睡,Male,https://wx1.sinaimg.cn/orj480/007S0JmVly8ibavki1biij30u00u0myr.jpg,有猫有狗的生活,,718,2288,,1779465746271
6258402927,Aero-Cool,Male,https://wx4.sinaimg.cn/orj480/006PxCuHly8ia95f2mnhej30go0godgj.jpg,颜值这词是给好看的人用的，至于你，可以用五官来介绍自己,,516,2,,1779465749679
5790362564,蓝豆Wenlan,Female,https://wx1.sinaimg.cn/orj480/006jRLOAly8icb7dr1teaj30u00u0q7m.jpg,٩(๑^o^๑)۶,,234,603,,1779465753102
7472180493,江山如故人如故,Male,https://wx4.sinaimg.cn/orj480/0089Gvudly8gopzsku65qj30ro0rodhv.jpg,,,166,52,,1779465756526
5913575235,MichelleMichelle2016,Female,https://wx1.sinaimg.cn/orj480/006scL3Jly8gdikepqaspj30ig0igtas.jpg,,,689,256,,1779465759866
7928450509,京圈孝女,Female,https://wx3.sinaimg.cn/orj480/008EyYa1ly8id8fc8ni1jj30u00u0ad2.jpg,如果你也有个争气的宝宝@杨博文,,257,610,,1779465763248
1766690775,MissZhao的小屋,Female,https://ww4.sinaimg.cn/orj480/694d8fd7jw8ekeobgfla2j20k00k00ta.jpg,天下事不可能如意，不是你的错不是我的错，大家都是凡人大家凑合着过！,,403,254,,1779465766791
7668979354,曲曲弯弯路,Female,https://wx2.sinaimg.cn/orj480/008n0fRoly8hsb4u97z3pj30sg0sgtcn.jpg,爱你😍么么哒💋……,,1594,27,,1779465770182
7100510371,毛毛虫哇cac,Female,https://wx3.sinaimg.cn/orj480/007Kx16Ply8hyjito41tnj30e80e8dg7.jpg,爱女宝 乱七八糟什么都发 碎碎念,,249,33,,1779465773599
6375805959,人间至清miss,Female,https://wx1.sinaimg.cn/orj480/006XuenZly8hsq3qkvhf9j30u00u0di6.jpg,,,54,2099,,1779465776986
7854535176,颜色鲜艳艳丽,Female,https://wx1.sinaimg.cn/orj480/008zyPpely8hn5lgetdmqj30ku0kudgp.jpg,人生苦短要对自己好,,7449,1006,,1779465780452
3921706267,橘子小盆友-,Female,https://wx4.sinaimg.cn/orj480/e9c07d1bly8i1ofbwb76ij20u00u1790.jpg,,,1582,89,,1779465783882
1774417971,人为什么不能真的变成小猫,Female,https://wx2.sinaimg.cn/orj480/69c37833ly8icep7e1bhij20u00u03zx.jpg,难以忘记初次见你。,,1074,2412,,1779465787258
9167989241,910zbc,Female,https://wx3.sinaimg.cn/orj480/00a0rWOdly8ics1aohzs3j30u00u0wii.jpg,人生不分长短，生命不论高低，我们都要活得精彩漂亮.,,495,53,,1779465790631
2810029621,逗逼的语文老师斯楠,Male,https://wx1.sinaimg.cn/orj480/a77da635ly8i9rg8hf0wkj20u00u0mzj.jpg,一个城乡结合部高中的语文男老师。新浪微博二十八线评论员。,,340,906,,1779465794037
7932064621,溶芯浅吹,Female,https://wx3.sinaimg.cn/orj480/008EO8m9ly8ibcribyn3qj30no0no77k.jpg,,,22,13,,1779465797496
7858847209,小妹的幸福呀,Female,https://wx2.sinaimg.cn/orj480/008zQVa9ly8hihv788c02j30jg0jg3zt.jpg,每天都要开心过,,3497,64,,1779465800915
5101317508,优佳80,Female,https://wx2.sinaimg.cn/orj480/005zeBIEly8hpgv2l6hl5j30u00u0774.jpg,干净利落，简约生活，品味非凡。本人发的视频来自网络，如有冒犯，请私信我删除,,6920,15.4万,,1779465804293
9040527723,咖啡与糖55555,Female,https://wx2.sinaimg.cn/orj480/009RP8fhly8ia1s09sdnfj30u00u0ad9.jpg,,,131,52,,1779465807685
1611341161,识吧识吧,Male,https://ww4.sinaimg.cn/orj480/600b1d69gw1ek1if84a5dj20j20rsn0o.jpg,自由意识,,1702,387,,1779465811077
3202871730,韵竹20131987,Female,https://wx2.sinaimg.cn/orj480/bee7f1b2ly8hetnibu3osj20u00u0ju9.jpg,,,354,20,,1779465814466
6472820247,不吃西梅的林娜,Female,https://wx4.sinaimg.cn/orj480/00743iezly8icerwfz9ioj30u00u0dif.jpg,😁分享科技趣闻与生活点滴的生活家,,638,1.5万,,1779465817851
2142673742,球哥解球,Male,https://wx3.sinaimg.cn/orj480/7fb69b4ely8gs5wodhphsj20e80e83z5.jpg,,,159,78,,1779465821384
7767422314,叫我戚星瓢虫,Female,https://wx1.sinaimg.cn/orj480/008tFjn4ly8i9e0b46m2yj30ty0tygr7.jpg,别对我家满分女指指点点🫵 镇魂,,578,1457,,1779465824725
7557382555,神代絵凛,Male,https://wx1.sinaimg.cn/orj480/008fs0r1ly8id8p1t58puj30u00u00vc.jpg,,,3806,1.5万,,1779465828116
3292375073,刍二不呆,Male,https://ww1.sinaimg.cn/orj480/c43da821jw1e8qgp5bmzyj2050050aa8.jpg,,,2397,1.6万,,1779465831452
7651408333,婷子不是吸管,Female,https://wx4.sinaimg.cn/orj480/008lOwPPly8i6awgyrqkoj30u00u0adg.jpg,井迪好，井迪棒，我愿意给井迪很多爱(´∀｀)♡ 继续发光吧，我的大明星⭐,,59,16,,1779465834867
7890794210,用户7890794210,Male,https://wx2.sinaimg.cn/orj480/008C0Y2mly4hkvsku1x5tj303o03ojr8.jpg,,,12,7,,1779465838335
7889238297,茂树森林,Male,https://wx2.sinaimg.cn/orj480/008BUrgZly8ib2tf3vg1cj30u00u00vl.jpg,,,157,93,,1779465841741
1800898975,DM48-虾滑,Female,https://wx1.sinaimg.cn/orj480/6b57899fly8h3vvcffj0vj20lv0lvwh6.jpg,【属性】大张伟金俊秀双担，底线：国家面前无爱豆 PS：喜欢周棋洛，陆景和。沈星回，秦彻❤最后，鼠猫不可逆(๑•̀ㅂ•́)و✧,,1119,7243,,1779465845131
5567218523,邦尼佳z,Female,https://wx1.sinaimg.cn/orj480/0064LtR9ly8gxwa4bml7nj30u00u0764.jpg,“我关注的@胡彦斌 等74人也关注了她”,,564,3347,,1779465848487
7920488227,憨憨宝宝爱吃桃,Female,https://wx3.sinaimg.cn/orj480/008E1yO7ly8ibjju3qovkj30u00u0t9j.jpg,友情提醒一下大美妞,,1391,5,,1779465851877
7934219539,小稚耳,Female,https://wx3.sinaimg.cn/orj480/008EXaWTly8hz0kqonxolj30u00u0td6.jpg,,,69,1962,,1779465855287
3623509911,洋阳还要更努力,Female,https://wx3.sinaimg.cn/orj480/d7fa5f97ly8id601y5ot8j20u00u0goc.jpg,此生苦难向春山，我便扬帆破万难,,239,540,,1779465858689
3209914074,追风少年很哇塞,Male,https://wx2.sinaimg.cn/orj480/bf5366daly8fhnlxwcraij216o16owic.jpg,,,159,419,,1779465862110
6476451435,Sherlockkkkkkkkkkkk,Female,https://wx1.sinaimg.cn/orj480/0074iwS7ly8hom6i1elfwj30e70e7aa7.jpg,,,406,9,,1779465865595
7464123748,柚木棂枳,Female,https://wx1.sinaimg.cn/orj480/00898HyIly8hihb7os1hvj30qo0qojyy.jpg,不要沦为工具理性的奴隶,,639,129,,1779465869001
6157441537,草莓芝士团子_,Female,https://wx3.sinaimg.cn/orj480/006IHZPbly8h6iywz0mg7j30e80e8mx9.jpg,看我主页你就承认破防啦😋,,716,290,,1779465872359
2099646637,被迫改名的弗兰兰克,Male,https://wx2.sinaimg.cn/orj480/7d2610adly8hcxipcsypsj20u00u0wgk.jpg,时间浪费不起 我要好好修行,,1084,266,,1779465875740
6334860522,忙着开吹风会,Female,https://wx1.sinaimg.cn/orj480/006UIqBIly8hxmg2tucz0j30qn0qnjse.jpg,与谁同坐，清风明月我。,,417,603,,1779465879076
2416393080,一颗小皖豆,Female,https://wx2.sinaimg.cn/orj480/90073b78ly8i6kwmavktsj20u00u0dha.jpg,新的一年 少说话 多做事,,866,7767,,1779465882459
7798488408,怎么又又在犯困,Female,https://wx2.sinaimg.cn/orj480/008vLF56ly8id6imhl9emj30u00u0797.jpg,,,1436,1.2万,,1779465885884
6384003232,自信爆棚,Female,https://wx3.sinaimg.cn/orj480/006Y2CS4ly8i30pzbu40xj30u00u0myw.jpg,,,547,57,,1779465889377
6619988755,Vinsun陈炜晨,Male,https://wx1.sinaimg.cn/orj480/007e0Nubly8g4q6xzgf2lj30ro0rogn0.jpg,,,157,1,,1779465892794
7987775747,迷人小汤圆喂仓鼠,Female,https://wx3.sinaimg.cn/orj480/008IzTmHly8i34a1iwvibj30uq0n1mxy.jpg,,,18,3,,1779465896207
5848493571,叹曲茉莉雨,Male,https://wx4.sinaimg.cn/orj480/006nNGltly8icy6ogp0hxj30u00u0acv.jpg,｜绎声中文配音社团｜北殇,,607,2538,,1779465899605
3186894503,ELmZ_,Female,https://wx1.sinaimg.cn/orj480/bdf426a7ly8ibj1f3xd7vj20u00u0wjx.jpg,90,,647,64,,1779465903040
5883785257,cos000_,Female,https://wx2.sinaimg.cn/orj480/006qbLkdly8ibr0fsujjgj30u00u0di6.jpg,,,899,21,,1779465906432
5123437119,哇哦这个邓紫好棋,Female,https://wx3.sinaimg.cn/orj480/005AJq2zly8hrk99b64dbj30e60e6jrq.jpg,夜空中最亮的棋,,261,112,,1779465909803
6050877201,染尘_V,Female,https://wx3.sinaimg.cn/orj480/006BuRzzly8hhxfcaeol7j30qo0qoad3.jpg,♡o。 我与我周旋久，宁作我,,2655,10.5万,,1779465913197
5361717640,life李狗嗨,Female,https://wx1.sinaimg.cn/orj480/005QRdGMly8i019tj01sij30j40j4q3e.jpg,一只猹…,,787,208,,1779465916580
6104561931,我的学案不见啦,Female,https://wx4.sinaimg.cn/orj480/006F87qjly8i4ivtrzjozj30u00u03zs.jpg,二极管脑缠毒唯离我远点,,827,1789,,1779465919922
1624669041,云呢拿味的瓜,Female,https://wx1.sinaimg.cn/orj480/60d67b71ly8haikzdqhotj20u00u0q73.jpg,have to smile face every day.,,991,244,,1779465923299
6593892495,珊迪的半糖主义,Female,https://wx2.sinaimg.cn/orj480/007cfiELly8i5nplnwj09j30dw0dwt9z.jpg,南通小镇做题家，育有一个虎儿子，会经常分享育儿中走过的坑。喜欢瑜伽和看书，会分享运动经验以及读书笔记。想离有趣的灵魂更近些！,,990,4406,,1779465926738
2260044831,AC米兰巴治奥,Male,https://wx3.sinaimg.cn/orj480/86b58c1fly8i91y7y24kwj20go0gomyi.jpg,,,434,89,,1779465930132
7827197092,和气杰哥,Male,https://wx3.sinaimg.cn/orj480/008xI7woly8hd7bm85n09j30m20m2mxw.jpg,希望每个人在此生都能拥抱优质资产，此号诞生于gpt3.5出圈当晚！,,235,684,,1779465933638
5789593559,猫猫猫山大王,Female,https://wx2.sinaimg.cn/orj480/006jOxLhly8ibh7jlglh5j30u00u0gnl.jpg,上升到高处，明亮的生活💗,,227,1万,,1779465937095
5605648729,PH002582,Female,https://wx4.sinaimg.cn/orj480/0067mJjbly8i1cnp70wtqj30sg0sf3zq.jpg,,,639,24,,1779465940463
7700803614,微辣螺蛳冯女士,Female,https://wx1.sinaimg.cn/orj480/008p9MNUly8i1mrixjoi5j30rs0rsjt5.jpg,𝗵𝗶 .ᐟ.ᐟ🥞 ..♡𝐥𝐨𝐯𝐞 频繁记录吧 生活的本意是开心,,637,3156,,1779465943843
5922734801,混子呀,Male,https://wx1.sinaimg.cn/orj480/006sPbSFly8idakwlyrwij30k90k9t9r.jpg,,,284,40,,1779465947196
7897798597,壹佰夏,Male,https://wx1.sinaimg.cn/orj480/008Cumclly8hx5kxxx17zj30e80e874z.jpg,,,4541,1549,,1779465950624
6205255644,萧垚808,Female,https://wx1.sinaimg.cn/orj480/006LWCssly8i48k63joooj30dw0dwmyd.jpg,,,802,43,,1779465954064
6616449872,云f朵很甜,Female,https://wx2.sinaimg.cn/orj480/007dLWRqly8ghj53gh9egj30ig0igmy5.jpg,"我知道你伤心,舍不得,但你不会失去什么,只是多了 一段人生。",,1493,106,,1779465957518
7729557378,猫街小巷萌少年,Male,https://wx4.sinaimg.cn/orj480/008r6qYily8iavoiodxn1j30u00u043c.jpg,推广/合作/vx:zrxzh521,,3233,16.7万,,1779465960873
5948516003,函关青牛客,Male,https://wx2.sinaimg.cn/orj480/006uzmKvly8iblovpnpsej30u00u0jtn.jpg,好运好运,,1055,82,,1779465964288
7916518653,半晴半烟雨,Male,https://wx1.sinaimg.cn/orj480/008DKU8Jly8hoxwc086oij30u00u0mxu.jpg,,,2754,1029,,1779465967683
1935784101,站在三千望珠峰,Female,https://wx3.sinaimg.cn/orj480/7361b8a5ly8i96pzv9w54j20u00u0n1n.jpg,,,447,339,,1779465971076
6476470436,晚风小满安,Female,https://wx1.sinaimg.cn/orj480/0074iBOAly8i0ouy957zrj30e80e8q4n.jpg,一心一意攒面积，我是小满 视频来源网络，侵删,,4451,4.8万,,1779465974492
7572308932,夯荔,Male,https://wx1.sinaimg.cn/orj480/008gsDt2ly8i763ke1283j30u00u040i.jpg,abo/lgbtq/gay/不定时辱腩辱钕谨慎关注,,2653,1.1万,,1779465977884
1815048192,凌最花今天可爱了吗,Female,https://wx2.sinaimg.cn/orj480/6c2f7000ly8hnczi7vab2j20u00u0dhj.jpg,我与我周旋久  宁作我🍀,,272,426,,1779465981391
7767823308,马园路的瑶,Female,https://wx1.sinaimg.cn/orj480/008tGZGIly8hix7dnz0wxj30hs0npdgb.jpg,,,468,61,,1779465984756
7510611662,旗狮,Female,https://wx3.sinaimg.cn/orj480/008chLbMly8id0v7fp387j30u00u00up.jpg,纯溺爱,,335,37,,1779465988172
1723514521,宜邪亦正,Male,https://wx2.sinaimg.cn/orj480/66babe99ly8ffknf4r5hnj20yi0x5gp2.jpg,甘肃省第三届“我最喜爱的十大人民警察”；兰州好人；解救张掖传销者；情系夏河 温暖一冬、云贵川陕鄂助学、玉树“草原餐桌计划”等公益活动发起人。,,1509,38.4万,,1779465991594
6457397933,唉兔又萌混过关,Female,https://wx3.sinaimg.cn/orj480/00730Abzly8idedvug9wij30u00u0myx.jpg,gay/人生是一場考驗堅強的流浪,,217,2838,,1779465994959
7753411395,爱丽儿小卖部,Female,https://wx4.sinaimg.cn/orj480/008sIwuvly8ib1omatx4nj30u00u0q5v.jpg,,,814,10.4万,,1779465998388
2447624195,荷花绽放6,Female,https://ww2.sinaimg.cn/orj480/91e3c803jw1e8qgp5bmzyj2050050aa8.jpg,美丽动人又可爱,,6589,939,,1779466001837
1626112207,深圳圈哥,Male,https://wx2.sinaimg.cn/orj480/60ec80cfly8i46enshra7j20re0reace.jpg,人称圈哥，非著名自媒体，旅游，科技评论人，懂一些通信常识，美食家，高尔夫爱好者，爱旅游爱分享。前路无惧，自强不息，风雨之后见彩虹！,,1358,16.5万,,1779466005220
6018437650,胡彦斌全球粉丝后援会,Female,https://wx1.sinaimg.cn/orj480/006ziKz0ly8hz3sgdmr8hj30e80e8js1.jpg,欢迎进入《胡彦斌彦火学校》，彦火学校微博群请前往胡彦斌主页申请进群，彦火学校薇信群请私胡彦斌全球粉丝后援会关//键词“彦火”进群，欢迎你的加入,,126,4.2万,,1779466008592
7544132654,冥罗之主,Male,https://wx2.sinaimg.cn/orj480/008eypwWly8id35mhswb0j30u00u0jwf.jpg,敬其名者生 慢其威者殁,,2216,2.1万,,1779466012026
7595677270,人间清醒大赏,Female,https://wx4.sinaimg.cn/orj480/008i2GDIly8ib474mtdxoj30tn0tnmym.jpg,哈哈哈吧,,1218,1.5万,,1779466015431
1381117051,草莓刨冰开开心,Female,https://ww1.sinaimg.cn/orj480/52522c7bjw8f4fz7o8ibfj20do0e8js3.jpg,相对于平庸的一生，我更渴望迷恋那种生命的多样性，世界如此广博美好，我野心很大，都要体验。——冬子,,1136,1340,,1779466018862
2111937710,建成小康1688com,Male,https://wx2.sinaimg.cn/orj480/7de19caely8gkk3zvtgyrj20ry0rzacw.jpg,一辈子学生.向上向善担当乐呵,,327,735,,1779466022276
7645514266,做快乐猪仔,Female,https://wx2.sinaimg.cn/orj480/008lpNwely8h6hguo0vfjj30tr0tr3zq.jpg,快乐至上,,795,6,,1779466025703
6174708278,知予七,Male,https://wx3.sinaimg.cn/orj480/006JSrH0ly8i8aws1uzxpj30u00u0gpf.jpg,世界会好吗？,,419,106,,1779466029113
6039403259,Knight-蘭,Female,https://wx3.sinaimg.cn/orj480/006AIIFZly8hwkiu1jc0pj30u00u0abb.jpg,曾沛慈,,174,293,,1779466032473
7925298530,校花晨宇的贴身高手,Female,https://wx4.sinaimg.cn/orj480/008ElKbEly8id8jmxzl7ej30u00u0q4b.jpg,近来無恙，你還會為一些小事而哭泣嗎？,,349,3138,,1779466035822
5857361495,吃薯条不蘸蘸酱,Female,https://wx3.sinaimg.cn/orj480/006ooTivly8hyaxk4jgu3j309g09gjrc.jpg,镇魂 嘻嘻看我不爽就来打我呀,,914,1146,,1779466039189
7271954795,Spumonio,Male,https://wx3.sinaimg.cn/orj480/007W8nDtly8ide5o5gha5j30u00u0whi.jpg,全网最讨厌南云与市的账号,,610,16万,,1779466042565
6398080469,温暖你心639828,Male,https://wx3.sinaimg.cn/orj480/006YZH0hly8i282noxy0pj30qo0qodij.jpg,晋级纯粉 💕有梦不惧风雨，带我奔向远方,,604,172,,1779466045952
7513444999,井胧官方后援会,Male,https://wx4.sinaimg.cn/orj480/008ctEgLly8ickce560n9j30u00u0n0w.jpg,粉丝群等详细信息请阅读微博置顶；合作及建议可微博私信，或发送邮件至2958256018@qq.com 【Jing Long Official Fan Club】,,50,1.2万,,1779466049342
1738650755,DrSKY_LI,Male,https://wx2.sinaimg.cn/orj480/67a1b483ly8h4gww2w8fej20u00u0q5b.jpg,天空李,,1331,31.7万,,1779466052709
1739579125,土豆别逗,Female,https://wx4.sinaimg.cn/orj480/67afdef5ly8i0wzsqdqydj20u00u0gmz.jpg,逗你玩,,815,13.9万,,1779466056073
5657988489,只加盐,Female,https://ww4.sinaimg.cn/orj480/006aUlgRjw8evmsyexa1uj30u00u0ta0.jpg,分享有用的干货，如有侵权，请私信联系删除！,,1187,16.7万,,1779466059441
7196975239,爱吃淀粉肠橙子,Female,https://wx1.sinaimg.cn/orj480/007R3M1Nly8hqbz1ldb59j30sg0sf0u4.jpg,“一见如故的人还在前方，请你向前去”,,419,49,,1779466062849
7951532382,耶咪天下第一棒,Female,https://wx2.sinaimg.cn/orj480/008G7OOily8id2dum6zgvj30mi0s0t9y.jpg,博恨,,135,134,,1779466066245
3166113621,小兔宝宝哟,Female,https://wx3.sinaimg.cn/orj480/bcb70f55ly8ibsqzo7vzfj20u00u00ud.jpg,,,1137,330,,1779466069646
7634742516,妮说-,Female,https://wx4.sinaimg.cn/orj480/008kGBikly8ibxecrevg3j30u00u079o.jpg,喜欢帅哥美女 图源视频均来源网络 侵权删,,4335,51.4万,,1779466073056
7376346904,玥余儿,Female,https://wx2.sinaimg.cn/orj480/0083coNaly8i7zq1fc32tj30u00u0mzd.jpg,你要坚强的走过这段没人扶得路 @井胧@井迪,,292,62,,1779466076561
6807874447,荒野国王与乞丐,Female,https://wx2.sinaimg.cn/orj480/007qJ98zly8ibbloyiy0oj30dw0dwmyd.jpg,,,9,2,,1779466079992
7881485625,生如夏花12-,Female,https://wx2.sinaimg.cn/orj480/008BnUrTly8hjdkzo8lo5j30e80e8jtb.jpg,新的一年要做更多开心的事情,,1620,109,,1779466083389
2240337613,张碧晨超话管理组,Female,https://wx3.sinaimg.cn/orj480/8588d6cdly8idb5k8b1nzj20u00u0q7b.jpg,张碧晨超话管理组官方微博。应聘/供稿请私信,,90,7.5万,,1779466086783
1218780464,刘走世界,Female,https://wx1.sinaimg.cn/orj480/48a51d30ly8ia7q7zya6zj20u00u0wox.jpg,still water run deep🤥 nobody cares how good you used to be 🥸,,812,2808,,1779466090199
6319153878,小羊在未来等你,Female,https://wx2.sinaimg.cn/orj480/006TEwAKly8i8qk2092iwj30go0go0tm.jpg,认真生活，努力发光发热,,908,134,,1779466093648
3177384182,小伍老弟,Male,https://wx3.sinaimg.cn/orj480/bd6308f6ly8gks3b751skj20u00u0myg.jpg,,,1208,2163,,1779466097071
7872310968,寒灯撒孤影,Male,https://wx3.sinaimg.cn/orj480/008ALpHyly8hyb6rooijrj30pw0pwq52.jpg,,,989,189,,1779466100490
5332493587,瀚瀚er,Male,https://ww4.sinaimg.cn/orj480/005OSBb5jw8eo192tseubj302s02sjr8.jpg,医学生,,1369,1533,,1779466103883
2768193873,法国梧桐LY,Male,https://ww4.sinaimg.cn/orj480/a4ff4951jw8eaidlp203hj20hs0hst9h.jpg,等您归来，花会盛开。,,371,131,,1779466107302
1734741895,兔子难道不乖吗,Female,https://ww1.sinaimg.cn/orj480/67660f87jw8f19q4ru95ij20du0du74p.jpg,北海覆坚冰，我心如盛梅,,1898,83,,1779466110755
7558462771,菠萝咕咕猫,Female,https://wx1.sinaimg.cn/orj480/008fwxrRly8i9dxxugnqfj30u00u0jtd.jpg,让我们都变成幸福大王˵&gt;𖥦&lt;˵!!,,1002,1315,,1779466114185
1273805535,是QiQi不是七七,Male,https://wx2.sinaimg.cn/orj480/4becbadfly8i4b83ltlmnj20c80c8gly.jpg,算了,,82,211,,1779466117635
7900657466,火锅达人小滚滚,Male,https://wx3.sinaimg.cn/orj480/008CGlV8ly8hmd7tshlrsj30qo0qo0vs.jpg,爱吃火锅，情绪稳定！,,33,89,,1779466121044
6232427153,5d2-,Male,https://wx1.sinaimg.cn/orj480/006NMD0Bly8ibdqv0earxj30u00u0n07.jpg,越缺越稀罕,,115,73,,1779466124429
7813297888,sheieysjsk,Female,https://wx2.sinaimg.cn/orj480/008wLNHGly8hff4j0c5ylj30ol0olwfb.jpg,,,390,9,,1779466127785
2208362820,_11yIng,Female,https://wx3.sinaimg.cn/orj480/83a0f144ly8hntbtog7bpj20iz0izgms.jpg,🥤,,186,664,,1779466131203
5310772718,07就喜欢看武林外传,Female,https://wx1.sinaimg.cn/orj480/005NpsAuly8h0zs2yhgj1j30u00u0tcb.jpg,"爱萌女女cp,爱看bai he的直男属性girl。",,71,305,,1779466134618
3035815187,港漂墙头草柔丝,Female,https://wx2.sinaimg.cn/orj480/b4f2dd13ly8h2ke63p7tqj20u00u076f.jpg,绵绵头上飞花 散聚了无牵挂,,66,346,,1779466138069
1509655697,再难也要干,Male,https://wx1.sinaimg.cn/orj480/59fb8491ly8hgyqkttw44j20fu0fumxk.jpg,,,198,909,,1779466141526
9021223007,月色染茴香,Female,https://wx4.sinaimg.cn/orj480/009Qw8cTly8i4v3esjs5vj30u00u0go6.jpg,丞池堡磊,,124,72,,1779466144982
6566961734,小小农民工201206,Male,https://wx2.sinaimg.cn/orj480/007aqiJEly8gi8wsoqndoj30ig0igwg3.jpg,农民工入城打工，老泪纵横。,,382,1194,,1779466148415
6576466409,星星笑嘻嘻0617,Male,https://wx3.sinaimg.cn/orj480/007b4bkRly8hq8ma16talj30pk0pkq4e.jpg,祝你天天开心、平安喜乐！,,473,331,,1779466151849
2725248207,小七仔麻麻碎碎念,Male,https://wx3.sinaimg.cn/orj480/a26ffccfly8i5q23z0a20j20u00u0whl.jpg,真实记录分享生活日常。远离焦虑，远离内耗，爱自己，爱家人，宝贝健康平安快乐！,,949,3688,,1779466155294
3941383390,嘿cc是我,Female,https://wx2.sinaimg.cn/orj480/eaecbcdely8ibp50we3lej20u00u0mzr.jpg,做一个干净又洒脱的人，往事不记后事不提。,,721,58,,1779466158679
5035994464,堕落的主儿,Female,https://wx1.sinaimg.cn/orj480/005uOwdaly8icwl8lewelj30u00u0q3z.jpg,爱品茶、爱写作、爱一个人坐在窗边静静发呆,,266,32,,1779466162072
1048027274,信海云天,Male,https://wx4.sinaimg.cn/orj480/3e77a08aly8hdh2rtkjfxj20hs0hsmy8.jpg,无羁无绊，快乐每一天。,,1311,9868,,1779466165444
6640935599,jiao娇04,Female,https://wx2.sinaimg.cn/orj480/007fqGIvly8idb4iz3j4gj30u00u0whh.jpg,生活不是单行线，一条路走不通，你可以转弯。如果事与愿违，那一定是上天另有安排。,,1926,925,,1779466168798
5836148030,vir咕噜噜,Male,https://wx3.sinaimg.cn/orj480/006mXSHQly8hbnsjgqbafj30e80e8mxl.jpg,,,921,331,,1779466172189
1988625812,悠悠幽幽呦呦哟,Female,https://ww3.sinaimg.cn/orj480/76880594jw8fdca86fsqhj20ro0rpgnj.jpg,"穷则思变,差则思勤！没有比人更高的山没有。这条名言说的很对，小编很喜欢！",,7233,1155,,1779466175608
7989164060,昼日进深沈嬷煜思,Female,https://wx3.sinaimg.cn/orj480/008IFIwQly8idbxm5ddtuj30n90n90tp.jpg,,,49,7,,1779466178934
6679377161,谁看了孙颖莎不说可爱,Male,https://wx4.sinaimg.cn/orj480/007i1Z7Hly8idbnqj4oh4j30u00u0dh8.jpg,小莎 我会在无数个瞬间里 更爱你,,154,169,,1779466182328
6011783332,神六丸,Female,https://wx3.sinaimg.cn/orj480/006yQPtily8idedntbcgnj30u00u0gov.jpg,ﾟ ˖◛⁺  幸运请降临e儿身上吧  ︎⋆ ͛−☽̩͙✞· ﾟ ˖,,235,1.1万,,1779466185691
7925363850,叽米厨,Male,https://wx1.sinaimg.cn/orj480/008Em1bcly8iddkxbsupej30kv0kvmyo.jpg,万事不过梦一场,,826,3849,,1779466189141
7915003200,清风拂杨柳_1,Female,https://wx1.sinaimg.cn/orj480/008DExTWly8hop7d6akkfj30720720sp.jpg,努力成为自己喜欢的那种人，就算不成功，至少你也会喜欢这样努力的自己。,,13,8,,1779466192533
7646402323,昀林-,Female,https://wx4.sinaimg.cn/orj480/008ltwxJly8icorz7j3avj30u00u0jv7.jpg,触底会反弹的吧,,997,1579,,1779466195964
6523343509,酱只柚咪-,Female,https://wx4.sinaimg.cn/orj480/0077thDTly8icgwr2v10aj30u00u077g.jpg,🔝左航 未来我们要见很多很多次面哦！,,379,401,,1779466199441
5641745342,博士小噜,Female,https://wx3.sinaimg.cn/orj480/0069ObGCly8iclhsirvlfj30u00u0q7e.jpg,晒太阳比赛冠军,,484,1045,,1779466202851
6876443933,爱迪的张麻麻,Male,https://wx1.sinaimg.cn/orj480/007vmRc1ly8ide1s259ecj30u00u0af8.jpg,巴退圈我退圈，陪巴走完这一趟，就不玩内娱了,,1434,1万,,1779466206226
6652018095,青丘小仙,Male,https://wx3.sinaimg.cn/orj480/007gbbMrly8idb55vuqohj30u00u041t.jpg,欢迎投稿！,,1058,2.7万,,1779466209642
7552444117,九派等深线,Female,https://wx3.sinaimg.cn/orj480/008f7hINly8h8wnx1kbvij30e80e8t8y.jpg,,,71,3万,,1779466212997
6567046952,专门喷喷子的喷子而已,Male,https://wx4.sinaimg.cn/orj480/007aqEU8ly8hlfjl5b07nj30ql0ql0vb.jpg,谁先挑事我就喷谁都哥哥,,103,40,,1779466216365
1895960005,奇异果的小丸子,Female,https://ww4.sinaimg.cn/orj480/71020dc5jw8f3a7id67h9j20500503yr.jpg,喜欢当妈的自己。,,811,1265,,1779466219719
6245483786,回忆的晴天QQ,Female,https://wx2.sinaimg.cn/orj480/006OFpDsly8haupf2zff6j30u00u0q5z.jpg,,,961,30,,1779466223232
7697976599,小呆呆打枪,Male,https://wx1.sinaimg.cn/orj480/008oXVmTly8hlhtnjnrxgj30al0alaal.jpg,,,2289,209,,1779466226631
2051309654,色白坡,Female,https://ww4.sinaimg.cn/orj480/7a448056jw1e8qgp5bmzyj2050050aa8.jpg,88,,3343,208,,1779466230019
7615282576,用户7615282576,Male,https://ss1.sinaimg.cn/orj480/default_avatar_male_180&690,,,160,30,,1779466233409
1651233567,wunengliang_yfl,Male,https://ww2.sinaimg.cn/orj480/626bd31fjw8ezwx4dedj4j20dc0dcmxs.jpg,,,1310,354,,1779466236855
6484209283,模范生Peters,Male,https://wx4.sinaimg.cn/orj480/0074P52Hly8id733z8jexj30ad0adjrn.jpg,我爱台女,,903,296,,1779466240273
7455938201,用户7455938201,Male,https://wx1.sinaimg.cn/orj480/0088Am7Lly4gesbmhw838j303o03oglg.jpg,,,37,28,,1779466243632
2410415492,Valerie的小宝贝,Female,https://wx1.sinaimg.cn/orj480/8fac0584ly8i34mmpidlcj20j60j6wgc.jpg,我愿潇洒如鹰，远离地球宿命。,,674,1109,,1779466247014
5325025039,六毛守护者,Male,https://wx3.sinaimg.cn/orj480/005OnggDly8ichyjg0io1j30u00u041o.jpg,,,9,5,,1779466250414
2550674414,Pearl小猪猪,Female,https://wx2.sinaimg.cn/orj480/980833eely8gojxnpob2qj20ru0ruq47.jpg,凡事不必说透🍀,,5979,1.1万,,1779466253843
6816229206,纯萃美式,Female,https://wx2.sinaimg.cn/orj480/007ricAKly8icydro3r7gj30u00u0wij.jpg,爱上姐姐当然是姐姐的错,,54,2127,,1779466257321
8300302942,有钱有闲好运来,Female,https://wx2.sinaimg.cn/orj480/0093JdXUly8i8h89vi47bj30u00u0mzg.jpg,,,56,3,,1779466260721
7319610349,春樱暗恋集-,Female,https://wx1.sinaimg.cn/orj480/007Zml1rly8idcuad15dbj30u00u0jvt.jpg,未曾表白的感情天长地久,,1296,1772,,1779466264077
7766896111,璀鸾,Female,https://wx3.sinaimg.cn/orj480/008tD6tVly8ib6xyp0ctlj30u00u0416.jpg,我恨的都死了，恨我的也别活,,1613,1.4万,,1779466267470
5266472981,菠萝蜜一家,Female,https://wx3.sinaimg.cn/orj480/005KpAcBly8i7nnkyhlgrj30u00u1tcs.jpg,家有古灵精怪三年级小孩姐一枚。 爸爸妈妈和大宝贝一起开心快乐成长！,,6419,1万,,1779466270899
7154278731,冰美式多多多冰,Female,https://wx3.sinaimg.cn/orj480/007OaCIrly8i4lre32a7zj30qo0qo75l.jpg,活力满满,,5430,356,,1779466274289
2735304482,廊心如铁,Male,https://wx1.sinaimg.cn/orj480/a3096f22ly8feijeeyrtwj20cs0got9i.jpg,一位普通的丈夫，一位孩子的爸爸，一个半月板撕裂的篮球爱好者，平常喜欢拍拍视频记录生活。,,2112,3万,,1779466277735
5957544170,小杨生煎烤羊腿,Female,https://wx2.sinaimg.cn/orj480/006vbfo6ly8icshm2f0opj30u00u0n0z.jpg,您好,,429,317,,1779466281142
3608473061,尹结果,Female,https://wx2.sinaimg.cn/orj480/d714ede5ly8frxec5ghshj20e80e8t94.jpg,,,1726,39,,1779466284571
3056272630,一个果几,Male,https://wx1.sinaimg.cn/orj480/b62b04f6ly8i11l1uqe5lj20u00u0q38.jpg,,,54,94,,1779466287971
7554285397,送世間風月過客,Female,https://wx3.sinaimg.cn/orj480/008ff0IRly8idejzw592oj30u00u042j.jpg,,,643,2050,,1779466291375
7931939012,伞椿齐飞,Female,https://wx3.sinaimg.cn/orj480/008ENBGcly8ibcrjktdtqj30no0no41t.jpg,,,24,12,,1779466294781
7524105917,我只喜欢王一博9785亿年,Female,https://wx2.sinaimg.cn/orj480/008dcnF3ly8gxwuvomr42j30u00u0te2.jpg,,,466,66,,1779466298208
7958135197,被打捞的月亮,Female,https://wx1.sinaimg.cn/orj480/008Gzwvjly8huult3kqqlj30u00u0dkl.jpg,你别想太多,,1961,39,,1779466301736
7874928932,我在慢慢变好的,Female,https://wx2.sinaimg.cn/orj480/008AWoKMly8i2hom6c38nj30u00u0774.jpg,快乐的秘诀是停止胡思乱想,,1254,124,,1779466305231
1810812095,格格格格不入流,Female,https://ww2.sinaimg.cn/orj480/6beeccbfjw1e8qgp5bmzyj2050050aa8.jpg,做个有趣的人！,,517,1.3万,,1779466308687
2358263637,YEASHMAX,Male,https://wx1.sinaimg.cn/orj480/8c903f55ly8i0o5pvl67hj20ij0ijdg7.jpg,,,1320,442,,1779466312069
1901446274,喵星人的铲屎官ing,Female,https://wx4.sinaimg.cn/orj480/7155c482ly8hq974e2lyaj20u00u0dj5.jpg,猫奴一个,,1128,456,,1779466315507
2117439964,Alex--Li,Male,https://wx4.sinaimg.cn/orj480/7e3591dcly8i6hhzajmmmj20u00u0whs.jpg,众口难调，对得起自己的良心就好。本命杨幂solo散粉！不混圈，围脖任何言论仅代表自己，别教我做事！谁骂杨幂我骂谁！🤺💨退‼️ 镇魂,,1166,1.1万,,1779466318857
3721826775,Bunnykate,Female,https://wx4.sinaimg.cn/orj480/ddd691d7ly8frd96f6rfsj20ig0igt9o.jpg,人總是把最好的東西糟蹋以後，才開始感歎人生若只如初見。,,1132,38,,1779466322466
6909468335,大A跟车抄作业地来,Male,https://wx1.sinaimg.cn/orj480/007xBqlFly8g8bzji91mlj30ro0roju0.jpg,英雄不问出处！免费推好月殳赚后分红，请加老师钉钉：qushi816或QQ2189956533详询！同行券商贵金属或非诚等自重勿扰！谢谢！！！,,86,107,,1779466325870
5372103340,GXXCXX-,Male,https://wx2.sinaimg.cn/orj480/005RyNu4ly8i9xtqan2ovj30sg0sgjs6.jpg,,,104,113,,1779466329285
6271554919,贰拾DM48,Female,https://wx4.sinaimg.cn/orj480/006QqNVBly8ibrcpk3o3hj30u00u0mzz.jpg,尽量去每一场演唱会，抓住每一次见面的机会～,,75,51,,1779466332683
6028714679,多喝水少烦恼,Female,https://wx2.sinaimg.cn/orj480/006zZS5xly8hevb8fo8e9j30jg0jg3zc.jpg,轻舟已过万重山,,643,199,,1779466336050
7776427330,专情霖肆7,Female,https://wx2.sinaimg.cn/orj480/008uh5Zgly8id8almrxfoj30u00u0tb1.jpg,岁岁常欢愉，万事皆顺意！,,1931,1.1万,,1779466339484
6507799315,女装日记本,Female,https://wx4.sinaimg.cn/orj480/0076q3T5ly8hyuqvt1ytsj30u00u0tbb.jpg,时尚穿搭，不过就是衣服多点！哈哈,,106,59,,1779466342858
7486408911,凯心--,Female,https://wx2.sinaimg.cn/orj480/008aEcWPly8i59pxd9s8uj30u00u0dj6.jpg,神经病滚远点,,75,23,,1779466346251
5943488710,爱有来生201606,Male,https://wx3.sinaimg.cn/orj480/006uegV8ly8goc8wwxphbj30ro0roafm.jpg,,,666,299,,1779466349692
3787957093,额滴神有怪兽兽兽兽,Male,https://wx4.sinaimg.cn/orj480/e1c7a365ly8fxfe6gvykqj20ro0romzf.jpg,散人一枚,,313,2.2万,,1779466353099
2886325537,你说我啥都反弹你自己身上,Female,https://wx4.sinaimg.cn/orj480/ac09d521ly8hodvepbuszj20u00u0aj4.jpg,,,553,62,,1779466356539
7750728242,东皇焖鸡,Male,https://wx2.sinaimg.cn/orj480/008sxgtQly8hkmh9oqok9j30e80e8js4.jpg,,,190,388,,1779466359932
7685083125,没有能用的昵称-,Male,https://wx4.sinaimg.cn/orj480/008o5PbDly8icdlz1nstjj30u00u0gph.jpg,all for 苏醒💖,,875,1470,,1779466363304
6547620010,用户6030615231,Male,https://ss1.sinaimg.cn/orj480/default_avatar_male_180&690,,,62,1,,1779466366697
7774928360,一口甜水井_0318,Female,https://wx4.sinaimg.cn/orj480/008uaO2kly8i9ho0luw84j30u00u00wj.jpg,永远都有下一次见面,,124,56,,1779466370096
7435021925,背着打雷偷听埃塞尔,Male,https://wx4.sinaimg.cn/orj480/0087aAQtly8icgzfw48roj30gn0gnaau.jpg,Taylor Swift I‘ll Always Love You,,1897,396,,1779466373542
6379760833,狸儿JL,Male,https://wx2.sinaimg.cn/orj480/006XKPehly8hwahb95isej30f00f00to.jpg,,,46,36,,1779466376919
5227402051,江久儿,Female,https://ww3.sinaimg.cn/orj480/005HLE4jjw8eikkqn0umpj303w03w3yd.jpg,,,1062,129,,1779466380300
1676924223,醉蓝---,Female,https://wx4.sinaimg.cn/orj480/63f3d53fly8hs51r1up0uj20ew0ew0tm.jpg,爱好广泛，偏爱音乐,,925,322,,1779466383767
6361894381,才不是小懒蛋,Female,https://wx2.sinaimg.cn/orj480/006WxRlHly8hmfjiutw25j309q09qglt.jpg,努力努力再努力♂,,342,13,,1779466387188
5357756428,音乐麦杰克,Male,https://wx3.sinaimg.cn/orj480/005QABcgly8gavdphacqoj30n00n0dgw.jpg,欧美娱乐资讯博,,577,7857,,1779466390542
5838540109,谈不上牵挂yoyo,Male,https://wx2.sinaimg.cn/orj480/006n7UZLly8htpkr7ns9pj30sg0sh76n.jpg,,,1418,339,,1779466393966
7848400407,媛媛爱妍妍,Female,https://wx1.sinaimg.cn/orj480/008z95tlly8hgrtx4sa05j30jo0jo0uu.jpg,,,287,44,,1779466397341
6332206106,Faker五冠王,Male,https://wx2.sinaimg.cn/orj480/006Uxi4yly8i37ofbdq1yj30dw0dwmyc.jpg,Faker大王👑,,821,268,,1779466400793
5898383408,9向上,Male,https://ww3.sinaimg.cn/orj480/006rb0Ygjw8fb2sbu1nisj30qo0qowgx.jpg,尽享天下美食，体味百味生活！本人发的视频来源网络，如冒犯侵权，私信删除！谢,,4335,1.6万,,1779466404155
7593685633,元1003,Male,https://wx1.sinaimg.cn/orj480/008hUkwxly8i4mh9g99dej30u00u0go4.jpg,,,1455,443,,1779466407562
7764571320,墨奢-,Male,https://wx3.sinaimg.cn/orj480/008ttlHily8ia3hd1qvhlj30u00u0acn.jpg,视频、图文素材均来自于网络，侵权删,,2502,1.4万,,1779466410946
7862666755,长流流流-Changliu,Female,https://wx2.sinaimg.cn/orj480/008A6WNJly8id1swa3wraj30u00u0jtu.jpg,快乐生活,,59,9710,,1779466414313
5515754830,伟伟今天吃饱啦,Male,https://wx1.sinaimg.cn/orj480/0061hxNAly8fqkg9qjjqrj30ro0roacs.jpg,,,456,1337,,1779466417733
5518053204,整个球球,Female,https://wx3.sinaimg.cn/orj480/0061rbI8ly8icviodnvjxj30u00u0gnl.jpg,爱所有让我感到幸福的人,,1295,7.3万,,1779466421128
7677450356,Lane_228,Male,https://wx1.sinaimg.cn/orj480/008nzNysly8icrcl4byb3j30u00u0wgt.jpg,少造谣，容易烂嘴,,327,1.2万,,1779466424492
7373269105,太空了来吃个卦,Male,https://wx1.sinaimg.cn/orj480/0082Zu7fly8gbss3c8tjrj30ro0ro0u0.jpg,,,148,15,,1779466427890
7567531748,Echo-of-mind,Female,https://wx2.sinaimg.cn/orj480/008g8AHGly8idajlivt1sj30u00u0410.jpg,,,887,422,,1779466431241
7435624095,黎非恰个饭,Female,https://wx3.sinaimg.cn/orj480/0087d7uTly8i9qqcfopgaj30u00u0jun.jpg,鞠婧祎毒唯   厮过就蕾,,1289,1.5万,,1779466434634
6877104133,小妖怪爱吃甜幂饯儿,Female,https://wx4.sinaimg.cn/orj480/007vpCWply8i9nuw2do3hj30u00u0dm2.jpg,希望杨幂越来越好，天天开心,,182,78,,1779466438047
3928511412,太岁军团008,Male,https://ss1.sinaimg.cn/orj480/default_avatar_male_180&690,,,65,537,,1779466441482
7489669654,爱1山的213,Male,https://wx4.sinaimg.cn/orj480/008aRTdsly8gqbei06wj2j30ku0kudgo.jpg,,,795,1.4万,,1779466444878
7404230155,泡泡喜欢睡眠,Female,https://wx4.sinaimg.cn/orj480/00855ov1ly8icsmx9uxcbj30u00u0wfs.jpg,风还我自由，我更喜欢自在,,737,3.8万,,1779466448238
6715742579,wuliee好好,Female,https://wx3.sinaimg.cn/orj480/007kuzqHly8idd18u4g03j30u00u042c.jpg,唯粉呼会回。关注挂黑的不要呼我，会拉黑🈲,,1487,777,,1779466451637
3917695312,冈拉梅朵雪莲花,Female,https://wx3.sinaimg.cn/orj480/e9834950ly8icibth3kfhj20u00u0q6d.jpg,这里是朱朱~&gt;3&lt;~,,674,1213,,1779466455338
7480313787,5000点清仓,Male,https://wx4.sinaimg.cn/orj480/008aeDknly4ggqxrme8wej303o03oq2r.jpg,,,17,33,,1779466458720
2174809065,KawozoeAAA,Female,https://wx2.sinaimg.cn/orj480/81a0f3e9ly8gorq0egcl0j20ry0ryabn.jpg,学习ing,,249,81,,1779466462167
7131719563,你怎么又菜又能叫,Female,https://wx2.sinaimg.cn/orj480/007MDY2Tly8icyovfgwl8j30u00u00wy.jpg,此账号发表的所有言论，意在取悦自己，并通过文字或图片强制干预他人的思想，如果翻阅之后出现不适等症状，恭喜你，你怀了我的孩子,,140,39,,1779466465564
7868652807,豚之皮卡,Female,https://wx2.sinaimg.cn/orj480/008Aw42Xly8hi1o7240nlj30sg0sh75s.jpg,真人游戏号，好玩的游戏都会种草 微博用来发游戏资讯~合作标明来意vx：Hjsss_Zzya,,484,27.8万,,1779466468914
6244085708,你以为你是刘亦菲啊c,Female,https://wx3.sinaimg.cn/orj480/006OzxVOly8ib1kxrd9koj30u00u042v.jpg,,,198,69,,1779466472328
5476399393,波昂妹儿,Female,https://wx4.sinaimg.cn/orj480/005YCpEtly8i075niycrej30u00u0n28.jpg,🐇 💎📝🎸 🛹🏌️‍♀️ 👩‍🎨🪀🎵🏊‍♀️🏄🎿🪂 开心最重要！,,174,765,,1779466475743
3946742671,扛着雨伞的萤火虫,Male,https://wx4.sinaimg.cn/orj480/eb3e838fly8hi7zdo1m8nj20u00u0go8.jpg,青春就是现在！,,317,281,,1779466479122
6579089254,你好呀女王大人,Female,https://wx4.sinaimg.cn/orj480/007bfbEOly8gkcxqtfct8j30o60gq0tj.jpg,,,260,28.8万,,1779466482539
1767786062,張宥浩,Male,https://wx3.sinaimg.cn/orj480/695e464ely8gt87ctpa0kj20e80e8glm.jpg,工作請聯繫@张宥浩工作室,,278,577.5万,,1779466485884
7430740771,科技数码收藏家,Male,https://wx4.sinaimg.cn/orj480/0086SD7Bly4gdjh06nag4j303o03o3yb.jpg,,,5649,1万,,1779466489262
7679260043,白白兔兔油,Male,https://wx4.sinaimg.cn/orj480/008nHokXly4gtprx2xgsej60140140r502.jpg,,,112,22,,1779466492681
2604595291,物华天宝龙射牛,Male,https://wx1.sinaimg.cn/orj480/9b3ef85bly8gdiyxiwuk1j20ro0rogo8.jpg,看久了，你就知道了,,226,67,,1779466496031
7844599158,月亮也不想熬夜_,Female,https://wx3.sinaimg.cn/orj480/008yT8ASly8icwldo420nj30u00u0q4o.jpg,点进我主页的，全都默认赵丽颖851,,742,324,,1779466499416
5533834489,kekeshu20863,Male,https://wx1.sinaimg.cn/orj480/0062vp8Zly8gq3s7s08v2j30ig0igwfk.jpg,,,76,47,,1779466502798
6929949711,Elwen719,Male,https://wx4.sinaimg.cn/orj480/007yZmurly8g3m7lwqgjjj30u00u0gof.jpg,,,370,78,,1779466506174
7443742099,温枝白,Female,https://wx2.sinaimg.cn/orj480/0087Lbmrly8ide3v7za8vj30u00u0gpr.jpg,航航妈咪,,393,3758,,1779466509547
3574789680,猫猫孙小妖_,Female,https://ww1.sinaimg.cn/orj480/d512f630jw1e8qgp5bmzyj2050050aa8.jpg,,,194,177,,1779466512903
1682476282,车干轩肥而不腻,Male,https://ww3.sinaimg.cn/orj480/64488cfajw8e918crujgkj20hm0hmjs7.jpg,愿不再洒满热血，而梦想永不歇。,,2064,956,,1779466516366
5884844839,滞雾留白,Female,https://wx3.sinaimg.cn/orj480/006qgcYfly8ici4fqagc1j30ty0u0ju5.jpg,"Wiedersehen, Lenin.",,2765,76,,1779466519731
8350778892,太阳的进阶,Male,https://wx3.sinaimg.cn/orj480/00979148ly8i75w38mu1zj30kv0kvdha.jpg,,,6,12,,1779466523140
6326131712,毛球球爱好者,Female,https://wx2.sinaimg.cn/orj480/006U7NQsly8gowco44e1oj30e80e8n4z.jpg,你很棒 所有好运都降临在你身上  ꈍ◡ꈍ,,824,1270,,1779466526488
1799011305,拾贰個梨,Female,https://wx2.sinaimg.cn/orj480/6b3abbe9ly8fx8t8ohxyuj20u00u03zs.jpg,「 RAINIE🧡」,,943,1035,,1779466529962
5637721956,疯疯疯的疯疯子,Male,https://wx3.sinaimg.cn/orj480/0069xj1ily8ffr50w3y3kj30ro0ro0uj.jpg,,,39,55,,1779466533377
2831505594,孩子你怎么你这么不争气啊,Male,https://wx2.sinaimg.cn/orj480/a8c558baly8ffpw4dmxjhj210w10w0xo.jpg,,,134,828,,1779466536757
7899795102,抱团取暖_TOP1,Female,https://wx4.sinaimg.cn/orj480/008CCJA2ly8iataatc4hsj30u00u0mzq.jpg,🖤💛ALL FOR TNT🖤💛  -进我主页默认-  #时代少年团内娱第一男团#  #时代少年团永远在一起#  #时代少年团和爆米花永远在一起#,,3597,3461,,1779466540127
7482458772,拿开一股小狗味,Female,https://wx4.sinaimg.cn/orj480/008anDkUly8ide71f4kjnj30u00u0aec.jpg,克隆羊请滚出地球,,1562,1.3万,,1779466543508
1638795067,月美风柔慢时光,Male,https://wx3.sinaimg.cn/orj480/61ae073bly8ic92dhfb9gj20k00k0wib.jpg,,,133,1046,,1779466547013
6242282337,思亭漫雨,Female,https://wx4.sinaimg.cn/orj480/006OrYNbly8id6q6x3hv9j30u00u041h.jpg,˶˃ ᵕ ˂˶,,201,10,,1779466550452
9193667086,lazeeei,Female,https://wx2.sinaimg.cn/orj480/00a2bGN0ly8icz9epqeogj30sg0sgq4o.jpg,你有猫饼吗,,24,2,,1779466553835
3316097593,诗雨华夏,Male,https://ww4.sinaimg.cn/orj480/c5a7a239jw8emjc4134pnj20u00u042l.jpg,,,22,42,,1779466557279
5184803712,Juntily,Female,https://wx1.sinaimg.cn/orj480/005ESUikly8fk8iihvzuaj30e80dm74x.jpg,,,14,27,,1779466560670
7334885622,小杨哥哥哦,Male,https://wx2.sinaimg.cn/orj480/0080oqOOly8garwb1kdmbj30ro0ro0sz.jpg,,,2548,1987,,1779466564121
1768638261,Juli711,Female,https://wx2.sinaimg.cn/orj480/696b4735ly8hiey0fdtbej20u00u00up.jpg,,,381,997,,1779466567600
2112261535,DaisySep16,Female,https://wx3.sinaimg.cn/orj480/7de68d9fly8g44j96e0naj20ro0rojtd.jpg,独立思考 不受力,,1251,592,,1779466570998
6614015239,wanderfulmini,Male,https://wx3.sinaimg.cn/orj480/007dBJv9ly8ibzo8fx9xrj30u00u00we.jpg,,,120,35,,1779466574350
5458655357,顾左右才小棋,Female,https://wx3.sinaimg.cn/orj480/005XpXClly8i1kpz1frx1j30u00u077z.jpg,竞体爱好者一枚（只看不练  乒乓球 网球 斯诺克 F1 等）熬夜看欧冠的失眠重症患者,,3959,8822,,1779466577752
7268747412,Linninx,Female,https://wx4.sinaimg.cn/orj480/007VUVfuly8i7c04y2u62j30ju0jujsd.jpg,,,311,16,,1779466581090
7787166436,柒秒上线,Male,https://wx1.sinaimg.cn/orj480/008v09IEly8i4pu3py3exj30u00u0gpw.jpg,生活的本意就是开心,,383,606,,1779466584437
1699733031,聪明的大象会喷水,Male,https://ww1.sinaimg.cn/orj480/654fde27jw8exg4sv14zej20hs0huglr.jpg,这世界有什么事情是永远永远不会坏的,,1176,2634,,1779466587862
5239013997,收藏限定回憶,Female,https://wx4.sinaimg.cn/orj480/005IymRLly8hr8n2mauqgj30u00u042w.jpg,“改变不了的事不纠结”用最初的心陪你走最远的路💜,,849,1704,,1779466591237
3910556366,OliviaDt·,Female,https://wx3.sinaimg.cn/orj480/e9165acely8i97ungigsjj20u00u0wfb.jpg,追星不是摘星，在我这里肖战全肯定👍,,483,18.8万,,1779466594580
6585059005,Ln2026,Male,https://wx4.sinaimg.cn/orj480/007bEeF7ly8i51nuxt16uj30j60j6gm1.jpg,,,2886,130,,1779466597989
7730920250,用户7730920250,Male,https://ss1.sinaimg.cn/orj480/default_avatar_male_180&690,,,288,11,,1779466601372
5075484914,中华美食为王,Male,https://wx1.sinaimg.cn/orj480/005xudtUly8gdiji31u9uj30460463yk.jpg,美食分享，吃货的最爱！合作+V：xingmeng819,,281,189.6万,,1779466604807
5694422392,Serendipity-_-_-,Male,https://wx1.sinaimg.cn/orj480/006dndosly8gzex9clgsfj30u00u1djr.jpg,,,132,168,,1779466608257
3826719748,聃聃吳,Female,https://wx1.sinaimg.cn/orj480/e4171c04ly8gghit3sy3dj20u00u0abp.jpg,情绪稳定 好好说话,,499,327,,1779466611659
7899928657,_亓许,Female,https://wx4.sinaimg.cn/orj480/008CDik9ly8ic3aqpa5iij30u00u0mxa.jpg,,,43,6,,1779466615070
6469874808,闪光风速狗,Male,https://wx1.sinaimg.cn/orj480/0073QVZuly8h37lq8mz7qj30dw0dwmxv.jpg,Benutz mal dein verficktes Hirn oder spend es!,,341,85,,1779466618466
1940154414,蛋娱酱,Female,https://wx3.sinaimg.cn/orj480/73a4682ely8ianbco2e1yj20u00u0gmr.jpg,,,2118,14.4万,,1779466621899
7555735694,暗中抓只可爱橙,Female,https://wx2.sinaimg.cn/orj480/008fl60Kly8i6gf29cfr6j30u00u03zp.jpg,有什么钱都冲我来,,501,4522,,1779466625258
5564965799,丁丁5564965799,Male,https://ww1.sinaimg.cn/orj480/0064C1OTjw8eqcnwqk302j30hs0hs0tp.jpg,就换个环境就很好,,5552,1476,,1779466628660
1789066321,hc画册,Female,https://ww4.sinaimg.cn/orj480/6aa2fc51jw1e9m4ro2iu9j20dc0hs78o.jpg,,,641,288,,1779466632027
7568067769,秋秋你叻,Female,https://wx1.sinaimg.cn/orj480/008gaQ9bly8i60jffcoy0j30u00u0wfx.jpg,,,283,97,,1779466635406
6486740574,新麒柒-,Female,https://wx4.sinaimg.cn/orj480/0074ZHxYly8i0gi7hbgf9j30u00u00u6.jpg,🐯-🍳,,275,136,,1779466638860
7753389737,sungt丸,Female,https://wx3.sinaimg.cn/orj480/008sIqRbly8hxu06mif68j30u00u0myy.jpg,理理砂砂长长久久◝(⑅•ᴗ•⑅)◜..°♡,,276,133,,1779466642263
6852557386,口腔健康从齿开始,Male,https://wx1.sinaimg.cn/orj480/007tKDd8ly8gxa1ibe7pmj30u00u0t9r.jpg,爱健康，爱生活，爱漂亮,,2336,5.1万,,1779466645748
1828677464,还是想当小公举,Female,https://wx4.sinaimg.cn/orj480/6cff6758ly8i39af8dsc4j20p20p2jts.jpg,,,613,1.1万,,1779466649226
1402297187,木易不易a,Male,https://wx3.sinaimg.cn/orj480/53955b63ly8hz9fkuodxaj20iq0iqt9t.jpg,生旦净末我,,1452,1935,,1779466652628
6906432684,Eminem_10,Male,https://wx4.sinaimg.cn/orj480/007xoGDyly8hmeama76ubj30s40s40tx.jpg,世上本无事,,161,8,,1779466656071
7492176660,是無妖君,Female,https://wx4.sinaimg.cn/orj480/008b2pp2ly8i8073rb9qvj30u00u0abn.jpg,妹宝拯救世界,,570,2411,,1779466659463
1736705045,-极品蓝山-,Male,https://wx3.sinaimg.cn/orj480/67840415ly8gvsx75zu08j20u00u0gm2.jpg,,,422,187,,1779466662871
5234604564,汤KenNy,Male,https://wx3.sinaimg.cn/orj480/005IfRLSly8hsczz31addj30u00u0gp7.jpg,啊 是我KenNy.🤡,,340,106,,1779466666281
7206949119,酸鸡别跳jio,Female,https://wx2.sinaimg.cn/orj480/007RJCGPly8icdijahyqxj30oa0oaq3l.jpg,滚,,81,11,,1779466669712
1649809980,鬼谷子鬼哥,Male,https://wx1.sinaimg.cn/orj480/62561a3cly8i8pme0gnvvj20u00u075r.jpg,鬼谷子鬼哥：仅此一微博！,,4878,4.8万,,1779466673083
7777240033,在绿洲骑行的玫瑰花,Female,https://wx1.sinaimg.cn/orj480/008ukvpnly8hziuo9picuj30dw0dwabb.jpg,,,523,25,,1779466676433
6986750146,獾和猴儿獾为首,Male,https://wx2.sinaimg.cn/orj480/007CPGSuly8id8wbdxsw8j30u00u0tav.jpg,KPL:丑小獾+泼猴儿+有獾味儿的咩酱  新KPL：平原猛虎🐯＆亲家😘(也是追竞少年铭玫)永远相信丑小獾也会像丑小鸭的剧本，等狂暴平头哥归来之时！,,951,425,,1779466679838
7527671432,沛霖小圆,Female,https://wx4.sinaimg.cn/orj480/008drldmly8idc1sfmgryj30qi0qimyz.jpg,给沛恩多多的运气和多多的爱吧！！,,1778,1.2万,,1779466683234
7066928741,我是Nate同学,Male,https://wx2.sinaimg.cn/orj480/007Ig6ZDly8gv1ca52fuoj30j60j6dhx.jpg,,,185,127,,1779466686632
2207373807,为爱呐喊-斌,Female,https://wx1.sinaimg.cn/orj480/8391d9efly8hwwc6y1obyj20u00u0q4p.jpg,,,251,21,,1779466690016
6579479329,韩流音乐团团抱,Female,https://wx2.sinaimg.cn/orj480/007bgP8lly8gkdaiii7z4g30go0go41j.gif,,,331,62万,,1779466693407
7131798473,扣头大师,Female,https://wx2.sinaimg.cn/orj480/007MEizDly8gcnugvzv9kj30ru0ru42s.jpg,每天创死所有人,,633,58,,1779548220424
7957947345,suside78,Female,https://wx3.sinaimg.cn/orj480/008GyJDrly8huwhg5ilynj30u00u0acm.jpg,,,2765,35,,1779548223780
5525959248,草莓和纸箱,Female,https://wx4.sinaimg.cn/orj480/0061YmqYly8idbrjfufjxj30u00u0mzu.jpg,🍓🧁💌❤️ ​​​,,1491,7331,,1779548227135
7556660827,无风的时候开天窗,Female,https://wx1.sinaimg.cn/orj480/008foYGfly8i2gh87122zj309j09jaa5.jpg,一只鲸鱼怎么放进冰箱🐳,,196,12,,1779548230539
2089682513,霸气芝士葡萄YYDS,Female,https://wx4.sinaimg.cn/orj480/7c8e0651ly8hxb90stbqjj20u00u00un.jpg,可以吃很多好吃的还不胖嘛,,127,131,,1779548233913
7938009388,Melody_颂京雨诗,Female,https://wx3.sinaimg.cn/orj480/008Fd4Ruly8ib1r46dtlzj30u00u0wh9.jpg,宋给亚亚一颗幸运星!₊⁺♡̶♡̶₊⁺,,504,1279,,1779548237336
1965339305,游戏玩家张大飞,Male,https://wx4.sinaimg.cn/orj480/7524b2a9ly8gzxx389u78j20e80e73yt.jpg,游戏资深玩家，接投稿，合作请私信,,294,305.6万,,1779548240695
7770632866,茄椿年糕,Female,https://wx2.sinaimg.cn/orj480/008tSMAaly8i8omfkmwd7j30u00u0adm.jpg,马嘉祺 丁程鑫,,415,5474,,1779548244081
7558447267,椿冬橙子酱,Female,https://wx1.sinaimg.cn/orj480/008fwtpNly8ibnq34277wj30u00u0q78.jpg,多多支持丁程鑫 陪伴是最长情的告白,,201,32,,1779548247517
5277415205,乐仪璃儿,Female,https://wx2.sinaimg.cn/orj480/005L9uM5ly8i6vm4krxwvj30u00u076i.jpg,骂的就是你（护崽版）,,274,544,,1779548250910
5545503513,wyxngmf11_IUK,Female,https://wx1.sinaimg.cn/orj480/0063imN3ly8i96o0rn9loj30u00u0421.jpg,互联网人机,,116,1万,,1779548254283
7555673448,用户鸟伴青鸾飞,Female,https://wx2.sinaimg.cn/orj480/008fkPOMly8htjxwvf1ksj30q00q076r.jpg,读书，使我增加知识，为生活增添无尽乐趣。 读书，让我走向目标，愤怒时他像一位朋友， 使我平静。,,898,760,,1779548257648
6438450329,黑猪崽与黑夜有冉,Male,https://wx4.sinaimg.cn/orj480/0071J533ly8i2cwdm07vlj30u00u0gn7.jpg,Fo都是买的，默默陷入河堤深处,,1041,1378,,1779548260962
9193691018,喜多乐啦,Female,https://wx4.sinaimg.cn/orj480/00a2bN10ly8i7tbl00cvbj30q40q4jsp.jpg,,,7,4,,1779548264314
7847382668,少商弦v,Female,https://wx4.sinaimg.cn/orj480/008z4OIcly8iddj30svhcj30u00u0tc9.jpg,idc丨访客已关,,402,1799,,1779548267675
3806007848,L馨L-,Female,https://wx4.sinaimg.cn/orj480/e2db1228ly8icuwnp953ej20u00u0tck.jpg,宋亚轩是我的宝宝 本人是很毒很毒的数据螺 爱是，被坚定选择的“唯一”。,,2018,1.3万,,1779548271040
6631157906,亚蛋称霸,Male,https://wx2.sinaimg.cn/orj480/007eLF5Mly8icv2naxoljj30ti0tijtq.jpg,我只想要你平平安安🩵,,416,1.5万,,1779548274403
8332880438,樱桃_岛屿,Female,https://wx1.sinaimg.cn/orj480/0095VURoly8icy1uav9pfj30u00u0q5n.jpg,"我为你翻山越岭，却无心看风景 雷rjl,dyx,lm,zy",,73,6,,1779548277798
5179977445,苞米协议_ovo,Female,https://wx2.sinaimg.cn/orj480/005EyELjly8ia8c2cvvqfj30u00u00tx.jpg,lp99  and 喜欢碎碎念的痒痒鼠应声虫,,367,2411,,1779548281189
1825434891,成成成菌,Male,https://wx2.sinaimg.cn/orj480/6ccded0bly8ibzrn00qx4j20u00u0jtr.jpg,多一点思考与决策，少一点情绪与内耗。,,586,1969,,1779548284570
2210082623,日尧不是晓_,Female,https://wx3.sinaimg.cn/orj480/83bb2f3fly8iclf1qya0pj20u00u0af1.jpg,不做困境中的人,,861,163,,1779548287907
7515642186,煮煮昏了,Female,https://wx2.sinaimg.cn/orj480/008cCRRgly8id4cpysjx7j30u00u077k.jpg,🍀,,445,5147,,1779548291287
7931935031,阳光彩虹紫小衣,Female,https://wx2.sinaimg.cn/orj480/008ENADZly8id171uqpg8j30u00u0ad8.jpg,还好我担是杨紫,,694,145,,1779548294735
5931338218,虎贲营小兵,Male,https://wx4.sinaimg.cn/orj480/006tpi1sly8gcp22x9uc3j30ru0ruq46.jpg,,,1099,132,,1779548298108
7903301594,珍新华,Male,https://wx2.sinaimg.cn/orj480/008CRrMmly8hmqj5voxt7j30a00a0q3g.jpg,1969年下放，75年到铜矿工作。干过矿工，会计，自学过中医。退休后写了一部中国远古史新编在家,,58,285,,1779548301502
7982802994,香芒椰汁糕呐,Female,https://wx2.sinaimg.cn/orj480/008If1J0ly8i38tce0g4gj30m80m8762.jpg,,,26,2,,1779548304921
7721734533,用户7721734533,Female,https://wx3.sinaimg.cn/orj480/008qzBTnly8hbmgr5nea6j30go0gomyh.jpg,,,134,3,,1779548308384
3128831393,心向暖阳霞而行,Female,https://wx4.sinaimg.cn/orj480/ba7e2da1ly8ic7d0rsjqjj20u00u0q55.jpg,,,1537,961,,1779548311741
8008500129,温润山竹读史书,Female,https://wx4.sinaimg.cn/orj480/008JYQIVly8i2u1wqw169j30dw0dwjrq.jpg,,,47,3,,1779548315132
7483634943,不许冻怡颗芽,Female,https://wx1.sinaimg.cn/orj480/008aszjply8iddgncwdm0j30u00u00up.jpg,2021.2.25～楼内外都只喜欢宋亚轩 ^ ^,,630,3.6万,,1779548318473
5243042462,顾徒樱,Female,https://wx3.sinaimg.cn/orj480/005IPgR0ly8hkjt65r6yrj30e80e8aav.jpg,,,438,79,,1779548321803
7465597243,SkandaI,Male,https://wx3.sinaimg.cn/orj480/0089eSSLly8idav8sza4bj30u00u0436.jpg,礼多在乎我一点,,641,1647,,1779548325124
3845879277,用户3845879277,Male,https://wx1.sinaimg.cn/orj480/e53b75edly8gw2nphdtrjj20u00u0acb.jpg,,,1970,5,,1779548328549
5521662962,笛生悠悠,Female,https://wx3.sinaimg.cn/orj480/0061GkM2ly8fwjfvgk9gsj30ig0igwf6.jpg,不忘初心，方得始终！,,53,19,,1779548331900
7646690515,冬絮想养猫,Female,https://wx4.sinaimg.cn/orj480/008luJvZly8idfll65zfwj30u00u0jtr.jpg,主页没有你想看,,1302,1.5万,,1779548335272
3274832301,嘟嘟爱吃鱼吖,Male,https://wx1.sinaimg.cn/orj480/c331f9adly8i550yvczimj20m80m8my4.jpg,,,21,38,,1779548338718
7156041115,yee_碗鱼粥,Female,https://wx2.sinaimg.cn/orj480/007Oi1bZly8idf20kh65bj30u00u0dhw.jpg,月来月好是我们的约定💙,,156,71,,1779548342065
1798750043,大众中国,Male,https://wx2.sinaimg.cn/orj480/6b36bf5bly8ib1mckowzxj20go0go3ze.jpg,大众汽车集团（中国）官方微博账号，为您传递大众汽车集团的资讯和报道。,,127,56.4万,,1779548345406
6327148834,赤安平新-,Female,https://wx3.sinaimg.cn/orj480/006Uc4rEly8hf95o8wwf9j30e80e83zw.jpg,好春光 莫辜负,,456,16,,1779548348794
7775168065,鹿鹿酱香饼,Female,https://wx2.sinaimg.cn/orj480/008ubOoxly8ic7jtp4tehj30qo0qojts.jpg,平安•喜樂｜萬事•順意！,,477,31,,1779548352200
7951568390,天边一抹紫色,Female,https://wx1.sinaimg.cn/orj480/008G7Yb4ly8i1z2l9d854j30e80e8dgj.jpg,,,257,16,,1779548355543
5755431189,有栖川白,Female,https://wx1.sinaimg.cn/orj480/006hvczjly8ic6m037u5oj30mi0migom.jpg,下次见面时开口应是好久不见。,,557,34,,1779548358920
6866487363,那个人她麻了,Female,https://wx2.sinaimg.cn/orj480/007uH52bly8hqtcyuk9cyj30u00u0wf6.jpg,宜朝三暮四，朝九晚五,,778,34,,1779548362299
6354824900,仟倩宝贝,Female,https://wx3.sinaimg.cn/orj480/006W4cfOly8fm4oci9tasj30ro0rotat.jpg,,,494,386,,1779548365699
6148258355,丹尼斯林77,Female,https://wx2.sinaimg.cn/orj480/006I5sRlly8hturzw7tuxj30u00u079s.jpg,,,420,54,,1779548369212
5725580779,风中的俐俐,Male,https://wx4.sinaimg.cn/orj480/006ftX75ly8i2e50hk3rfj30q30q3wfs.jpg,无粉籍,,8967,2.7万,,1779548372596
9101436879,zzzzzzzzzzzzzzzzzzzzzzzzzzz888,Female,https://wx3.sinaimg.cn/orj480/009VWHv1ly8id44yum4jsj30dw0dwta0.jpg,,,249,5,,1779548376029
7634607571,是红不是蓝,Male,https://wx4.sinaimg.cn/orj480/008kG2bNly8iatqq6uzl3j30u00u1n0p.jpg,满怀希望，白白胖胖,,4176,12.9万,,1779548379410
7789192450,Yolo肆意_,Female,https://wx3.sinaimg.cn/orj480/008v8EMily8hvu3mpdhaoj30ts0ts76x.jpg,,,60,35,,1779548382769
5992548885,我不想再上班,Male,https://wx4.sinaimg.cn/orj480/006xy7Ihly8gxzu872d44j30n00n00ti.jpg,梦想就是不上班,,489,348.1万,,1779548386109
3200704363,飞奔沙漠的小蜗牛,Male,https://wx4.sinaimg.cn/orj480/bec6df6bly8i6d2i6idcuj20u00u0whh.jpg,人生海海，不过尔尔,,55,148,,1779548389487
5218797158,036后勤仓库,Male,https://wx3.sinaimg.cn/orj480/005HbxxIgy1id6fleg5rzj30gv0gv3zp.jpg,打球可约,,1110,1117,,1779548392839
6200346725,掌柜的小酒馆儿,Female,https://wx3.sinaimg.cn/orj480/006LC1qlly8i7k8txsrupj30u00u0adr.jpg,怪我天生太热血，把梦做成摇滚乐。,,591,220,,1779548396230
5583983049,马阿栾,Female,https://wx1.sinaimg.cn/orj480/0065TP4Jly8i8ixo56pxpj30u00u0dhj.jpg,锦鲤在线🤩🤩,,7792,2177,,1779548399613
7792941410,魔仙女王驾到了,Female,https://wx2.sinaimg.cn/orj480/008voo3oly8hjcfu6z2huj30u00u00v9.jpg,你是最棒的,,13676,96,,1779548403004
6400425302,恬淡如诗2019,Female,https://wx2.sinaimg.cn/orj480/006Z9x0aly8g0r42raiarj30u00u0dh0.jpg,,,580,68,,1779548406476
2929903551,Garry-guo,Male,https://wx2.sinaimg.cn/orj480/aea2c7bfly8h72nuoj9m8j20u00u0gqj.jpg,,,1470,465,,1779548409836
7048702353,方圆几里六六,Male,https://wx1.sinaimg.cn/orj480/007H1DtDly8hey2vnmenvj30j60j6myk.jpg,。,,156,13,,1779548413247
6530984874,阿黎Re,Female,https://wx4.sinaimg.cn/orj480/0077ZlvIly8hj7v0snevuj30u00u1win.jpg,@GDRAGON_OFFICIAL ​​❤,,124,209,,1779548416604
7438794154,你似信,Female,https://wx3.sinaimg.cn/orj480/0087qqaSly8id8r4isjysj30u00u0tba.jpg,偶尔也想和某些人的缘分深一点,,765,12.2万,,1779548419961
7529244525,夏倦向葵,Female,https://wx3.sinaimg.cn/orj480/008dxWrPly8id9kgqpwbvj30u00u077f.jpg,娥想要胶囊体和tjt,,1964,1.5万,,1779548423314
6856328122,椰子别吃了,Female,https://wx1.sinaimg.cn/orj480/007u0s9sly8icy0j2sj85j30qo0qo3zq.jpg,你们在一起的每一年 都是最好的那年,,236,25,,1779548426692
7064963201,春欲晩,Female,https://wx3.sinaimg.cn/orj480/007I7RFnly8iccgoj8bs3j30u00u077d.jpg,,,380,1884,,1779548430100
7831057138,猫尾極刊_,Female,https://wx4.sinaimg.cn/orj480/008xYjHcly8ibqje5m4gkj30u00u0did.jpg,工作繁忙忙忙,,256,1.6万,,1779548433459
7060499443,有因必有果富婆就是我,Male,https://wx4.sinaimg.cn/orj480/007HP8rhly8i76drb6vhxj30tz0u0n19.jpg,谨言慎行,,142,42,,1779548436884
7849375814,阿vo离,Female,https://wx1.sinaimg.cn/orj480/008zdbdIly8ian4n0dwrzj30u00u0dii.jpg,八卦娱乐搬运工 客观评价事实 不尬黑 不zy,,82,25,,1779548440318
2823897967,三亚大树租车,Male,https://wx1.sinaimg.cn/orj480/a851436fly8g1mwdw9cxxj20u00u0414.jpg,海南大树租车官方微博,,547,4.2万,,1779548443645
7393128850,清晨雨滴苹果树-,Female,https://wx1.sinaimg.cn/orj480/0084kOxIly8i5r0eb7jb1j30u00u0ad5.jpg,知命不惧，日日自新。,,5536,113,,1779548447027
7407048184,一只快乐玐,Female,https://wx1.sinaimg.cn/orj480/0085hdB6ly8hsftn6jpcjj30u00u040a.jpg,唯爱博肖,,71,12,,1779548450458
5587118329,梅雨青萍果,Female,https://wx2.sinaimg.cn/orj480/00666YHLly8gd3kitph5pj30n00n0dib.jpg,做个善良的女子,,9874,354,,1779548453841
7709035720,绒偶绪,Female,https://wx2.sinaimg.cn/orj480/005BHmQ1ly8idfpdrv3wpj30u00u0af8.jpg,⁢⁠​⁢⁠,,720,4753,,1779548457220
2435090367,低调的老虎的爱,Male,https://ww3.sinaimg.cn/orj480/912487bfjw1e8qgp5bmzyj2050050aa8.jpg,,,149,41,,1779548460692
2861445863,我怎么可能错过呢,Female,https://wx3.sinaimg.cn/orj480/aa8e32e7ly8i9anfqmrgmj20kc0kc0sx.jpg,人生到处知何似，应似飞鸿踏雪泥。,,13,51,,1779548464073
1838527740,暮峰小叔,Male,https://wx3.sinaimg.cn/orj480/6d95b4fcly8i8yppvyu5cj20s00s0wg9.jpg,感谢你关注与支持！如果不喜欢请双向取关、万分感谢🙏🙏只有 一个微博号！其他不要相信！谢谢!  一切都是最好的安排!🌈🌈,,856,5672,,1779548467505
7948203090,Muya高,Female,https://wx2.sinaimg.cn/orj480/008FTQI2ly8hubhzjqujhj30dw0dw3zp.jpg,,,125,3,,1779548470892
7466702500,环球萌宠乐园,Male,https://wx1.sinaimg.cn/orj480/0089jwpuly8hz8kl9dwmgj30e80e83z0.jpg,喜欢可爱萌宠的朋友可以关注哦！每天更新！如有侵权可联系删除。 有二十多年养宠经验，养过德牧，贵宾，狮子猫！欢迎交流。,,4564,3.3万,,1779548474246
6215944842,学会了改昵称喜上眉梢,Male,https://wx3.sinaimg.cn/orj480/006MFtcSly8g7v43gl0q3j30ro0rotbk.jpg,,,457,99,,1779548477632
5845996443,不想跟你们废话了,Female,https://wx1.sinaimg.cn/orj480/006nDcJdly8i9plrt0uofj30u00u0whg.jpg,OK,,626,181,,1779548481041
5190258610,玉泽演已官宣的美丽圈外老婆,Female,https://wx2.sinaimg.cn/orj480/005FfNmyly8ibzmk3ud49j30u00u03zn.jpg,“你好 歌手曾沛慈”,,360,403,,1779548484390
6073662225,ziyuing7,Female,https://wx4.sinaimg.cn/orj480/006D2sZXly8h3n58q0p9rj30rn0rn0uu.jpg,中国人民大学,,29,5,,1779548487718
6991375271,是羊小戒,Female,https://wx4.sinaimg.cn/orj480/007D965hly8hc2sp0d1maj30e80e8gls.jpg,别管我，日常发颠。,,229,177,,1779548491241
7824116985,谁在动我的奥运冠军,Female,https://wx2.sinaimg.cn/orj480/008xvcffly8iamocyx5wej30u00u0gni.jpg,太空,,118,97,,1779548494641
5763274000,夏天的微笑1103,Male,https://wx2.sinaimg.cn/orj480/006i26Qgly8ibk39gjx34j30u00u0403.jpg,,,116,50,,1779548497970
7738577160,Upforwards,Female,https://wx3.sinaimg.cn/orj480/008rIhqEly8hzi4sgiztpj30e80e8jry.jpg,天天开心 天天高兴,,339,3,,1779548501320
1564270781,车财到家,Female,https://wx3.sinaimg.cn/orj480/5d3ce0bdly8i43un4ctnjj20sg0sg41h.jpg,汽车既是交通工具，也是移动的家！,,16040,6763,,1779548504701
7944094870,可爱的小嘟喵,Female,https://wx4.sinaimg.cn/orj480/008FCBYqly8hsuszdpoyxj30j60j6jsn.jpg,时光如水总是我愿,,356,23,,1779548508045
1782399971,雨琦是只喵,Female,https://wx1.sinaimg.cn/orj480/6a3d43e3ly8hz5un1wvrmj20u00u0dht.jpg,是星星✨也喜欢❤️❤️,,197,509,,1779548511501
6368324681,孤独的埃沙贝,Female,https://wx1.sinaimg.cn/orj480/006WYQadly8g0qzpkpwcpj30ig0iggm5.jpg,垃圾用户⬅ 一个镜子⭐性格较真🐳回复延迟兽,,214,77,,1779548514902
6033759348,宁是真可,Male,https://wx3.sinaimg.cn/orj480/006Al2raly8hwcga293f6j30dw0dwmy7.jpg,,,690,90,,1779548518328
5863137134,香水-JJ,Male,https://wx2.sinaimg.cn/orj480/006oN7NYly8ia58ikf70tj30u00u0wig.jpg,,,284,992,,1779548521707
7651043410,赤柯黎黎,Female,https://wx2.sinaimg.cn/orj480/008lMZTYly8hxt9x1rs4sj30k00k0wgb.jpg,,,1424,79,,1779548525068
6049625260,D唐人,Female,https://wx4.sinaimg.cn/orj480/006BpBSYly8fufhdvv9chj30ig0ig75k.jpg,没mama教的话，我不介意教你做人～,,431,90,,1779548528590
7657705185,用户7657705185,Female,https://ss1.sinaimg.cn/orj480/default_avatar_female_180&690,,,885,1,,1779548531987
1405349494,Pamilabk,Female,https://wx1.sinaimg.cn/orj480/53c3ee76ly8g3bgizvxwoj20ku0ku0u9.jpg,泰国曼妮,,166,82,,1779548535467
6033863387,果冉r如此,Female,https://wx4.sinaimg.cn/orj480/006Altvdly8ibg3uy8ttsj30nq0nqq4f.jpg,,,3915,5.9万,,1779548538835
7758193464,按时毕业2023哦,Male,https://wx2.sinaimg.cn/orj480/008t2AwEly8h1xq8ao51uj30u00u076a.jpg,peace &amp; love,,102,24,,1779548542216
3594523502,小猫黑历史,Male,https://wx2.sinaimg.cn/orj480/d640136ely8i4hcbmlg6ij20u00u00vd.jpg,本命winner，偏爱是Mino,,139,508,,1779548545631
7415299896,汀歌奏源曲,Male,https://wx4.sinaimg.cn/orj480/0085PQfely8iddff1n0j1j30u00u0whd.jpg,王源全天下最爱,,1540,1.2万,,1779548549080
7810279076,喃喃蜜语-123,Male,https://wx1.sinaimg.cn/orj480/008wz8naly8hq9sfx6inej30u00u0tc6.jpg,无聊的话题…,,342,69,,1779548552470
7512778314,DGSOV,Female,https://wx2.sinaimg.cn/orj480/008cqQPMly8iav4822l9zj30u00u0q3j.jpg,分享视频,,53,730,,1779548555847
8009936975,涂皎如珪之苏涂月中,Female,https://wx2.sinaimg.cn/orj480/008K4SvRly8ibklubz3f0j30u00u0ack.jpg,爱吃川菜粤菜和湘菜的男大一枚呀！！！,,208,39,,1779548559196
5969496417,我哭给你看呜呜呜,Female,https://wx1.sinaimg.cn/orj480/006vZoIhly1ibrkfq41iuj30ty0tygpt.jpg,=_=,,505,2180,,1779548562582
5626037807,束缚别那么多i,Male,https://wx4.sinaimg.cn/orj480/0068Khrhly8h22bls7n89j30a00a0dg8.jpg,00,,247,63,,1779548565956
7733574571,小俊肚子咕咕叫,Male,https://wx4.sinaimg.cn/orj480/008rni1Jly8icmyz4ksonj30u00u0tba.jpg,“我是你的巡洋舰”,,405,1.3万,,1779548569328
6577518834,干嘛不讲话ovo,Female,https://wx2.sinaimg.cn/orj480/007b8B7sly8ibm0f9hbb8j30u00u0gnf.jpg,✰‧ ₊˚💬 🐈⬛ ⊹ ✭˚,,383,606,,1779548572683
5852155779,周周是那个周周呀,Female,https://wx1.sinaimg.cn/orj480/006o333lly8iddfyisrx8j30u00u0dki.jpg,希望有人为我而来,,311,714,,1779548576022
6526358440,食肉小羊koi,Female,https://wx1.sinaimg.cn/orj480/0077FVXOly8icy6nzr0nuj30u00u0gq2.jpg,天使兽进化,,989,3517,,1779548579379
6293180813,-甜甜圈a,Female,https://wx1.sinaimg.cn/orj480/006RTxOlly8id2hapjs19j30u00u0q6v.jpg,一切如愿,,841,317,,1779548582765
3050065475,黄橙灿灿,Female,https://wx2.sinaimg.cn/orj480/b5cc4e43ly8i5t62gbpgaj20u00u0tcz.jpg,让花成花，树成树,,981,3636,,1779548586112
1628370045,lyzh876l_270,Male,https://wx4.sinaimg.cn/orj480/610ef47dly8hpvzhm3yn3j20go0gogn1.jpg,今天是一个非常特别的日子,,4441,1073,,1779548589497
8436995500,龙少爷与我的罗曼史,Male,https://wx1.sinaimg.cn/orj480/009cYLWAly8i5tarvasepj30dw0dwt94.jpg,,,523,210,,1779548592901
6197283627,暴躁机关枪_,Female,https://wx1.sinaimg.cn/orj480/006Lpazxly8idfsqq48gjj30u00u0whf.jpg,古墓派和正规军不得入内,,445,2422,,1779548596248
6890725051,Asami2025,Female,https://wx3.sinaimg.cn/orj480/007wkMmDly8i984vwi8h0j30r80r8tau.jpg,会一直想念你,,793,77,,1779548599614
3789095043,鱼丸仔oo,Female,https://wx1.sinaimg.cn/orj480/e1d90083ly8i26sj7ge5fj20u00u0420.jpg,希望长成一棵春天里哗啦啦作响的树，向上向下向左尽情舒展。,,118,154,,1779548603004
1313549387,九月醅,Female,https://wx4.sinaimg.cn/orj480/4e4b2c4bly8i6auhcdesfj20u00u0q7n.jpg,最爱那一抹红蓝  ¡Visca el Barça!❤️💙,,982,1.4万,,1779548606401
2749826683,饮食衍衍,Male,https://wx4.sinaimg.cn/orj480/a3e7067bly8fghlik7xpzj20du0dugmc.jpg,亶！,,6179,1083,,1779548609770
7945973273,七酱鑫鑫,Female,https://wx2.sinaimg.cn/orj480/008FKuDfly8icyfmaqownj30u00u0jvg.jpg,爱程鑫特别幸福,,574,3293,,1779548613168
1837823401,jessica_lost,Female,https://wx3.sinaimg.cn/orj480/6d8af5a9ly8ideqayp50qj20u00u00vm.jpg,你若盛开，清风自来,,3516,5268,,1779548616546
7266205922,昏昏耶汁,Female,https://wx2.sinaimg.cn/orj480/007VKg5Ily8id0sa76vf3j30u00u0jxc.jpg,真心 真心最重要,,470,2450,,1779548619890
6864879452,周Shen放松做个明亮又单纯的孩子,Female,https://wx2.sinaimg.cn/orj480/007uAkK8ly8hmtdhjud83j30qk0qk0uv.jpg,不想长大～～～,,84,10,,1779548623311
7704983986,无敌菠萝蛋挞派,Female,https://wx2.sinaimg.cn/orj480/008prkjgly8idfcipnrwrj30sg0sgdhg.jpg,萌萌之中早已注定,,1246,1.3万,,1779548626653
7907219906,Moon_小月牙,Female,https://wx4.sinaimg.cn/orj480/008D7T6Wly8i6h2vwvagwj30u00u0766.jpg,很高兴认识我（不混圈solo追月）,,63,278,,1779548629977
1907058965,阿拉丁神灯NO1,Male,https://wx2.sinaimg.cn/orj480/71ab6915ly8h7bj7xvczkj20i20o2abf.jpg,喵喵咪，不要不要哔,,265,1.3万,,1779548633384
5659509306,哆啦睡觉啦,Female,https://wx4.sinaimg.cn/orj480/006b0IUaly8h5y51yqnwwj30e80e8jre.jpg,,,983,127,,1779548636741
2140668803,威武啦啦啦,Male,https://wx2.sinaimg.cn/orj480/7f980383ly8hglejpkl3ij20u00u0dk8.jpg,,,936,268,,1779548640165
6702722679,崽崽很可爱喔,Male,https://wx4.sinaimg.cn/orj480/007jBWmjly8i8ujvep3lmj30u00u045i.jpg,一只小可爱,,1686,183,,1779548643545
5845395201,回眸相似笑-wyb,Female,https://wx2.sinaimg.cn/orj480/006nAGjLly8hmd6b27eedj30hs0gygm5.jpg,💚,,3203,2.2万,,1779548646885
3086193183,相柳Fall-AsleepJCT,Female,https://wx1.sinaimg.cn/orj480/b7f3921fly8ibrbtb7x0rj20go0gowfy.jpg,不能后退的时候，不再彷徨的时候，永远向前路一直都在！,,2454,8.5万,,1779548650255
5443653655,沐若清辰之蔷薇,Female,https://wx1.sinaimg.cn/orj480/005Wp0Zply8gbzbfvd98sj30ro0ro75b.jpg,,,1888,1万,,1779548653629
7485202001,ooldjeans,Male,https://wx4.sinaimg.cn/orj480/008az8Yxly8ic7wk21234j30qo0qoq5j.jpg,乐子人也,,1014,1.1万,,1779548656997
1715735147,小伍Anson,Male,https://wx2.sinaimg.cn/orj480/66440a6bly8h7nvwj8ic4j20u00u0ael.jpg,Let us come home to Mars！,,218,993,,1779548660394
7242503894,Arisu_睡不醒,Female,https://wx3.sinaimg.cn/orj480/007U8O6Wly8i5i8cly8ewj30u00u0mz0.jpg,Why is a raven like a writing-desk?,,390,3,,1779548663948
7844636903,喝口快乐水r_,Female,https://wx4.sinaimg.cn/orj480/008yTipFly8icsk7ghk0lj30u00u0jv3.jpg,我想我会一直孤单,,1473,703,,1779548667424
7479154641,躺平就好嘻嘻,Female,https://wx2.sinaimg.cn/orj480/008a9LMtly8hzgv7ijvvfj30u00u00w1.jpg,jianren,,6844,438,,1779548670886
3883470751,看看是个狗der,Female,https://wx2.sinaimg.cn/orj480/e7790f9fly8gwehk83ep9j20u00u0t92.jpg,家有一只扫地基,,73,60,,1779548674394
7937700921,半勺橘子甜,Female,https://wx4.sinaimg.cn/orj480/008FbMCdly8huqa9iss2jj30m80m8jt2.jpg,困成憨包,,1614,55,,1779548677802
7720213958,阿加西的加西亚,Male,https://wx4.sinaimg.cn/orj480/008qtejYly8i6zbpjs836j30u00u0gri.jpg,讲你又不听，听你又不明，明你又不做，做你又做错，错你又不认，认你又不改，改你又不服，不服你又不出声。你到底要点样？,,17,8,,1779548681261
7798346085,好运meme,Female,https://wx2.sinaimg.cn/orj480/008vL43zly8huasxa8kmsj30e80e8750.jpg,王鹤棣万事顺遂,,481,692,,1779548684695
7931779422,柠0檬汽水,Female,https://wx4.sinaimg.cn/orj480/008EMWaaly8id3tvwm7fuj30dw0dw3zp.jpg,kpl唯爱诺,,146,10,,1779548688046
7897323022,缘起缘落浩浩,Female,https://wx4.sinaimg.cn/orj480/008CsmtMly8hy0ludubyqj30u00u0aec.jpg,,,2588,676,,1779548691452
7900430919,浅陌k夏秋秋,Female,https://wx2.sinaimg.cn/orj480/008CFoZ9ly8hm8i7nw5adj30u00u041h.jpg,踏遍山河万里寻遍人间烟火终知心安之处便是此生最美归途,,306,23,,1779548694814
8008107019,不想要熬夜呀,Female,https://wx3.sinaimg.cn/orj480/008JXcsrly8i2uuu6unygj30ro0rodjq.jpg,,,14,1,,1779548698190
6287606033,草莓味的拉面,Female,https://wx2.sinaimg.cn/orj480/006Rw9yxly8i29gmk6be7j30ty0tyq5e.jpg,人生最大的梦想大概就是吃吃喝喝吧,,2899,613,,1779548701585
5201714275,邓为D嚣张女士,Male,https://ww3.sinaimg.cn/orj480/005G1Rvljw8f6xki27ef9j30ro0rojvb.jpg,,,275,1120,,1779548705011
7853741670,-星野辣镁-,Male,https://wx2.sinaimg.cn/orj480/008zvuYKly8idfn28tar6j30u00u0jtf.jpg,生命不泯于泛泛，我在绿意里生长。   请永远相信自己，是一个非常幸运且有福气的人,,4781,2万,,1779548708351
7514529742,微笑时忧伤的眼泪,Female,https://wx2.sinaimg.cn/orj480/008cycsCly8hidnpkcmmfj30u00u0mzv.jpg,欧皇附体,,1024,155,,1779548711755
3823135104,蓝Blueberryjam,Female,https://wx3.sinaimg.cn/orj480/e3e06980ly8g7ean3u1udj20ro0romzs.jpg,,,87,38,,1779548715164
2644515312,wog2012,Male,https://ww1.sinaimg.cn/orj480/9da019f0jw1e8qgp5bmzyj2050050aa8.jpg,茫然呀,,276,275,,1779548718573
6548654996,礼小昂昂昂,Female,https://wx1.sinaimg.cn/orj480/0079bujGly8htm4tys77nj30jg0jg74u.jpg,🩵🤎我会永远幸福.,,231,15,,1779548721968
7989414325,CBCLmy_佩仪迷妹版,Female,https://wx1.sinaimg.cn/orj480/008IGLDnly8ideaowa4h2j30u00u0js4.jpg,願得一人心 白首不分離,,538,418,,1779548725384
7151161103,海迟暮山,Female,https://wx1.sinaimg.cn/orj480/007NXxG7ly8iav9mfkyk3j30u00u0wjb.jpg,不定时上线,,309,29,,1779548728751
7856201544,沉默是今晚的过桥米线_9426,Female,https://wx4.sinaimg.cn/orj480/008zFOU8ly8iaalp7nlk3j30u00u075n.jpg,记录伟伟粥粥美好生活……作息乱乱的，意志淡淡的，人也笨笨的……,,396,266,,1779548732125
7279299880,棣月爱你们,Female,https://wx4.sinaimg.cn/orj480/007WDcqAly8iconqkqz5vj30u01ue772.jpg,,,3,1,,1779548735532
1573502933,只吃肉的圆圆子,Female,https://wx4.sinaimg.cn/orj480/5dc9bfd5ly8hhfzq8ake6j20u00u0juo.jpg,圆子成长记,,1639,3681,,1779548738915
6421893799,花开缘起___衣世卿,Male,https://wx2.sinaimg.cn/orj480/0070BBWfly8h7thwavoo8j30u00u0n0a.jpg,花开一季，缘起；冰玉浮香，铭心。  陌陌葳蕤拂素手，悠悠云淡冰玉心。,,20,10,,1779548742312
3192217652,氵金木水火土,Male,https://wx4.sinaimg.cn/orj480/be456034ly8h5h1xyli8nj20u00u0n0k.jpg,😁😁,,703,205,,1779548745707
7117327909,福露寿喜烧,Female,https://wx4.sinaimg.cn/orj480/007LFA7rly8icvd3fhy2qj30u00u0762.jpg,看你妈,,753,3.1万,,1779548749084
6825896184,苏也_Suro,Female,https://wx1.sinaimg.cn/orj480/007rWLpKly8hdsaixfpgdj30hs0hsdgl.jpg,,,109,6,,1779548752454
6588682112,是Nita,Female,https://wx2.sinaimg.cn/orj480/007bTrckly8i8nlrp4eh9j30u00u0gph.jpg,Show you my heart at 100 percent authentic.,,2187,1426,,1779548755759
7837772319,鲁班就是峡谷之巅,Male,https://wx1.sinaimg.cn/orj480/008yquCzly8hds4289z2jj30u00u0jte.jpg,峡谷争锋，唯爱鲁班,,1728,206,,1779548759128
1750799965,豌豆大妹妹,Female,https://wx2.sinaimg.cn/orj480/685b165dly8frm1hjqletj20oo0oo3zw.jpg,好走不送,,508,1088,,1779548762533
7603300070,至少我还有妳,Female,https://wx4.sinaimg.cn/orj480/008iyFG6ly8idapaqxi3ij30ml0ml0ui.jpg,Love you forever,,529,176,,1779548765930
2744692613,游戏时间Showtime,Male,https://wx1.sinaimg.cn/orj480/a398af85ly8i0men41jj5j20u00u0n22.jpg,,,55,14,,1779548769626
7550059008,恩恩好不绒逸_TvT,Female,https://wx2.sinaimg.cn/orj480/008eXhfily8ide2rx698mj30u00u0mzh.jpg,你好 网友,,616,4812,,1779548772975
4081039509,社恐小鷺,Female,https://wx1.sinaimg.cn/orj480/f33fb895ly8i6w6ghzdiaj20u00u0jw3.jpg,,,42,1,,1779548776372
6671621602,BraveLee-,Male,https://wx1.sinaimg.cn/orj480/007hvry2ly8ia5tg4arthj30f40f4aab.jpg,还好我爱的人永远住在我的心脏,,214,1708,,1779548779749
5688962766,北京校园头条,Female,https://ww2.sinaimg.cn/orj480/006d0j5Yjw8fapgvatvmrj30ro0romy6.jpg,北京校园头条官方微博,,279,77.5万,,1779548783124
7556356647,TIANTIAN慎独,Male,https://wx1.sinaimg.cn/orj480/008fnHy7ly8ickm7qziltj30sg0sg41a.jpg,Peace and love,,493,7.1万,,1779548786478
7650917633,宋灵灵妈咪,Female,https://wx2.sinaimg.cn/orj480/008lMtbjly8iaqgrj8c2uj30u00u0ad5.jpg,亚轩多多见面🌱🌱,,619,997,,1779548789819
6451599957,沫染流年浅暮,Female,https://wx3.sinaimg.cn/orj480/0072CfRPly8i9ct5ibtc6j30u00u0gpq.jpg,所有道理我都懂，但理性还是败给了情绪。,,1457,93,,1779548793165
3955551522,冰雨醉蝶,Female,https://wx4.sinaimg.cn/orj480/ebc4ed22ly8i86ipvtvtmj20u00u0761.jpg,,,5132,800,,1779548796736
8020077914,Moenight2,Female,https://wx3.sinaimg.cn/orj480/008KLqDoly8idfr1osyzij30u00u043j.jpg,,,6,3,,1779548800075
5263667763,ve小小蜗牛,Female,https://ww4.sinaimg.cn/orj480/005KdOr9jw8eqmnnges21j31f02io1hx.jpg,,,522,97,,1779548803430
5817713813,五分钟电影汇,Male,https://wx3.sinaimg.cn/orj480/006lIx7Lly8fyza77o7vlj30ro0rodir.jpg,电影解读、影片点评 分享最新电影资讯  关注我，一起畅游电影的海洋！  声明:本人未加入任何机构，合作请➕【led2307】,,568,99万,,1779548806825
6606605666,诗诗好运来来,Female,https://wx1.sinaimg.cn/orj480/007d6DVUly8icdl54bhl5j30sg0sgwfy.jpg,真心不懂在互联网围剿一个人 能给自己带来什么,,235,1237,,1779548810192
5320254069,潘哥PR,Male,https://wx4.sinaimg.cn/orj480/005O3f7vly8htlvrwzmy8j30sg0sf75r.jpg,价值投机，趋势交易,,363,17.3万,,1779548813550
1650931491,Victor张运第,Male,https://wx4.sinaimg.cn/orj480/62673723ly8gbnlicmphhj20ig0igmx9.jpg,去爱。,,681,1144,,1779548816943
5216311937,白鹿干啥啥都行,Female,https://wx4.sinaimg.cn/orj480/005H171vly8iaijee3ojwj30u00u0dhh.jpg,哈哈哈哈哈哈哈哈哈,,102,1818,,1779548820295
3014614533,综艺娱乐记,Female,https://wx2.sinaimg.cn/orj480/b3af5e05ly8gxnmtdl1nxj20ig0ig0td.jpg,嘿嘿,,101,15.8万,,1779548823645
6286854546,惟愿南山无梅落,Female,https://wx1.sinaimg.cn/orj480/006Rt03Mly8hdoxy355i7j30u00u0dj4.jpg,追光者✨,,1249,150,,1779548827055
7244625589,年糕有点开心,Female,https://wx1.sinaimg.cn/orj480/007UhI3Ply8id32i1xavfj30u00u0751.jpg,坚持 耐心 给时间一点时间,,798,1.2万,,1779548830446
6322443086,许愿铺锦鲤少女,Female,https://wx3.sinaimg.cn/orj480/006TSkguly8iddztcpckvj30u00u0acy.jpg,浪漫的永远是那一句我在,,747,41,,1779548833805
7733398951,如梦烟雨风飘渺,Female,https://wx1.sinaimg.cn/orj480/008rmyl9ly8icislxmjhrj30u00u0din.jpg,决不能放弃，世界上没有失败，只有放弃。,,1497,204,,1779548837186
7311954059,浆果同志,Female,https://wx2.sinaimg.cn/orj480/007YQdgTly8i0zp1gmfwuj30u00tyabe.jpg,请不要视奸我，还有别用你那小到尘埃的脑容量来和我争辩，多复制了几次文案结果发现自己大脑褶皱都平了吧 上纲上线只能证明你跪下对我唱征服了,,1038,694,,1779548840534
4029298659,雪亦无言snow,Male,https://wx3.sinaimg.cn/orj480/f02a37e3ly4iaaa3rxez5j203o03oweb.jpg,,,71,4,,1779548843948
1049483427,圣英222,Male,https://ww1.sinaimg.cn/orj480/3e8dd8a3jw1e8qgp5bmzyj2050050aa8.jpg,,,416,77,,1779548847353
3908114167,奶味蓝色璟,Female,https://wx4.sinaimg.cn/orj480/e8f116f7ly8heg6f29lxkj20jz0jzgme.jpg,舒舒六娃航咪（防搜 镇魂 新建文件夹 lgbt gay les）,,2565,355,,1779548850779
5850706378,爱克斯娃艾,Male,https://wx2.sinaimg.cn/orj480/006nWXZUly8ic8q8fl8rgj30u00u0tcd.jpg,永远的正月十六…………,,523,557,,1779548854269
7897030062,棠九九九,Female,https://wx3.sinaimg.cn/orj480/008Cr8gCly8hn1c5ate6lj30u00u0mzo.jpg,,,97,11,,1779548857694
8200067442,在码头玩玩具的小树,Male,https://wx2.sinaimg.cn/orj480/008WWE8ily8icc5tfjrh3j30ty0u0t9i.jpg,,,1,1,,1779548861096
6029203110,黎黎小馒头,Female,https://wx1.sinaimg.cn/orj480/006A1V9sly8i6wpeuzqxoj30u00u00w1.jpg,长沙妹子,,335,274,,1779548864457
6203580685,吃肯德基不用券,Male,https://wx2.sinaimg.cn/orj480/006LPAIZly8hxp412sqqkj30u00u0jvd.jpg,精神富足,,369,81,,1779548867852
6255382421,Cuteymoon,Female,https://wx3.sinaimg.cn/orj480/006PkWIRly8ic4atq4jxnj30u00u0t9h.jpg,给你我微不足道 所有的所有,,390,2万,,1779548871181
3935942744,浅月赴安,Male,https://wx4.sinaimg.cn/orj480/ea99b858ly8i4r3klmhtmj20u00u0dim.jpg,管道施工，消防安全，弱电安防，智能家居改造,,169,57,,1779548874533
7772898535,少钕漫,Female,https://wx2.sinaimg.cn/orj480/008u2hZdly8ia18hl3acpj30u00u040v.jpg,操/爱骂丑货/单取双取无痕随意/镇魂/新建文件夹/abo /lgbt /gay /百合/进击的巨人,,861,835,,1779548877886
7401758337,右肩疤,Male,https://wx2.sinaimg.cn/orj480/0084V1sZly8ia0t2gtnjuj30u00u0q3z.jpg,没精力搞粉圈了 上线只看拌匀 双我的会lh。,,560,3281,,1779548881348
7451253665,真理音律,Male,https://wx2.sinaimg.cn/orj480/0088gHsJly8idfitrxe32j30u00u0tca.jpg,Girl you kill my ego,,1253,1.1万,,1779548884703
6367614372,月与微微,Female,https://wx2.sinaimg.cn/orj480/006WVRnCly8i3369j4n4qj30u00u0q4g.jpg,在到处之间找我,,571,201,,1779548888076
7767494500,当代小小作家,Male,https://wx4.sinaimg.cn/orj480/008tFC9mly8h63m1xkanhj30gc0gc0ti.jpg,偶像千古才女李清照！,,272,32,,1779548891463
6939200319,云壶怎不喜,Female,https://wx2.sinaimg.cn/orj480/007zCaZNly8i72mec3ib7j30u00u0gov.jpg,但愿世间人无病，宁可架上药生尘,,356,247,,1779548894855
6444102645,悅淇無數_17,Female,https://wx4.sinaimg.cn/orj480/00726Ntrly8i8vdfks5vcj30u00u0jup.jpg,遇事不决，可问春风。春风不语，即随本心。,,1096,1.7万,,1779548898240
7003004160,用户7003004160,Female,https://ss1.sinaimg.cn/orj480/default_avatar_female_180&690,,,116,5,,1779548901697
6178067611,有云在天下,Female,https://wx2.sinaimg.cn/orj480/006K6xBNly8iddjuo0cwlj30u00u0q4t.jpg,"铁血cpf慎关，爱磕世界各地的女人和女人，没有做正规坤的义务。dw,dt别来，男的更是走开。",,613,2413,,1779548905089
2313405495,星酱课代表,Female,https://wx3.sinaimg.cn/orj480/89e3c437ly8ibjc1dxi2lj20u00u0tbt.jpg,包括我的一切，我没有理由按照你喜欢的方式去生活，不要因为别人的评头论足，而轻易改变自己，其实无论而改变，怎么样，不用为了任何人,,441,1.5万,,1779548908467
7552669780,million呦,Male,https://wx3.sinaimg.cn/orj480/008f8eqwly8gyrdjri5ybj30u00u0jvo.jpg,溜了溜了,,4396,282,,1779548911871
7302762794,遇见南浔不迷路,Male,https://wx4.sinaimg.cn/orj480/007YdEcGly8hzmnaoxtxuj30m80m8762.jpg,我是「遇见南浔不迷路」，跟着我，从5A南浔出发，找“难寻”景致，评旅游热点，解锁全球藏在角落的好风光，做懂行的旅行者～,,3920,5.4万,,1779548915212
1665550990,夏夏珂珂楽,Female,https://wx2.sinaimg.cn/orj480/63464a8ely8ibqkv5k2rhj20jg0jgmzh.jpg,,,133,53,,1779548918631
6257894907,麻沃斯权嘉,Male,https://ss1.sinaimg.cn/orj480/default_avatar_male_180&690,,,25,28,,1779548921970
7764158390,月光下___,Female,https://wx2.sinaimg.cn/orj480/008trCh8ly8i4jcuz1pblj30u00u0wh2.jpg,嘻嘻,,180,7,,1779548925405
1717919191,njlanan,Female,https://wx1.sinaimg.cn/orj480/66655dd7ly8i6gq7hf5ltj20u00u0qat.jpg,一切随缘,,141,592,,1779548928880
7941054424,娱乐哲学,Female,https://wx4.sinaimg.cn/orj480/008FpR0Yly8hz9ct65cotj30dw0dwq46.jpg,,,407,780,,1779548932301
6407700822,Y-浅笑梨涡,Female,https://wx2.sinaimg.cn/orj480/006ZE3Hgly8gdjorw3k0fj30e80e8tc1.jpg,你只管做你自己，我们做你底气！❤️,,1779,214,,1779548935643
6293778005,我是欧皇好运连连,Female,https://wx3.sinaimg.cn/orj480/006RW3atly8hlpxhcwxyvj30u00u00z8.jpg,天生好命,,1933,99,,1779548939036
6247639039,翩翩玩拼拼-,Female,https://wx2.sinaimg.cn/orj480/006OOsjBly8i3yll3dn79j30e80e8q2u.jpg,兄棣伙编制内bro:二二二二250🦋,,638,1557,,1779548942386
5833314068,a时光慢走321,Male,https://wx2.sinaimg.cn/orj480/006mLZsMly8fitk1cnb42j30ig0igabh.jpg,,,1823,1.1万,,1779548945752
6370448206,心随你动DW,Female,https://wx4.sinaimg.cn/orj480/006X7KACly8hk2210htmaj30u00u0dj0.jpg,亲爱哒宝宝们不要快转哦！真的伤不起宝宝😲不要单取哦。不爱了可以私信我移除🥰🥰，一律发现🥚取，马上拉黑,,2603,1.4万,,1779548949160
5859362410,SkyBlueRibbon,Male,https://wx2.sinaimg.cn/orj480/006oxhPkly8hnhults7ydj30s20s2djc.jpg,,,116,10,,1779548952617
7320564511,狐狸去呜,Male,https://wx2.sinaimg.cn/orj480/007Zqlf9ly8i8ngbl2w49j30u00u0myw.jpg,我不爱这世上任何人的时候 也会爱你@杨幂,,279,8.5万,,1779548956163
8405202961,财阀千金j-c,Female,https://wx1.sinaimg.cn/orj480/009aPnfHly8i8mzhpeus2j30ru0ru418.jpg,,,4561,3457,,1779548959546
7024690020,每天都在到处吃瓜_追浪版,Female,https://wx4.sinaimg.cn/orj480/007FoSLWly8i46lijpxcmj30u00u0abh.jpg,【不要秒取，谢谢】♂跟爱♂别来沾边滚远点谢谢,,1423,246,,1779548962961
1800101371,财涵涵呀,Female,https://ww3.sinaimg.cn/orj480/6b4b5dfbjw1e8qgp5bmzyj2050050aa8.jpg,菜菜八年老粉，小职员一枚，分享养娃和生活心得，努力攒砖头。,,1799,1万,,1779548966371
7872095053,咕噜咕咕咕-,Female,https://wx1.sinaimg.cn/orj480/008AKvx3ly8ide2qvc420j30u00u0gqa.jpg,恨我心肝你升天,,312,4362,,1779548969732
1979753915,小呀嘛小桃子,Female,https://wx2.sinaimg.cn/orj480/7600a5bbly8fzhinfk3wij20ku0kuac5.jpg,浪漫至死不渝,,129,855,,1779548973422
1882078627,汤圆圆happyanyway,Female,https://wx1.sinaimg.cn/orj480/702e3da3ly8h56ile4gk3j20u00u0gw1.jpg,🦋,,590,767,,1779548977023
7367961943,心里的行动派,Male,https://wx1.sinaimg.cn/orj480/0082DdtRly8gamr3ilg99j30e80e8jrn.jpg,,,391,73,,1779548980423
7438630683,为什么我总是这么离谱的想要解决,Female,https://wx1.sinaimg.cn/orj480/0087pJEfly8geaexer403j30kv0kvjse.jpg,一个普普通通的真实人类 没有滤镜也不装精致 好吃的好看的都会告诉你实话,,1127,10,,1779548983741
6161739728,揽九天明月仰谋圣风姿,Female,https://wx3.sinaimg.cn/orj480/006J01YQly8ia56vk484rj30u00u0myl.jpg,心碎一旦到过极限用多少岁月都愈合不完全,,1607,229,,1779548987116
1061625663,生活2211,Male,https://wx1.sinaimg.cn/orj480/3f471f3fly8h1r3aexm36j20ku0kudg7.jpg,,,5101,1.2万,,1779548990575
2595423992,今世迷缘,Male,https://wx3.sinaimg.cn/orj480/9ab306f8ly8g51vfg8hkpj20u00u0aeg.jpg,我只想单纯的对我在乎的朋友好。有些玩意儿，不是不会，只是不屑而已。今生我们能成为朋友，是前世修来的缘分，衷心祝愿朋友们幸福快乐！,,959,929,,1779548993979
1750837111,兜里有米我爱大米,Female,https://wx1.sinaimg.cn/orj480/685ba777ly8ic9qctzk4pj20u00u0jti.jpg,锦鲤附体的小妹纸👧🏻不发脾气只发财。,,785,735,,1779548997377
7926120375,wuuuu7_,Female,https://wx3.sinaimg.cn/orj480/008EpbZdly8ic7nehu2lij30u00u0did.jpg,唯爱雨琦,,423,144,,1779549000710
7294936981,我还能干饭Z,Female,https://wx4.sinaimg.cn/orj480/007XGOlTly8hy9i3cr3qfj30u00u00tr.jpg,被床封印的退役熬夜冠军，正在学说话,,7215,839,,1779549004089
2123249737,我的粉丝很少,Male,https://wx4.sinaimg.cn/orj480/7e8e3849ly8hewi77lfrjj20u00u0q4u.jpg,无,,949,249,,1779549007554
5977651935,一只ne,Female,https://wx2.sinaimg.cn/orj480/006wxCkTly8id2xmhu1ohj30u00u042f.jpg,,,24,2533,,1779549010964
3612373567,-小生活-,Female,https://wx4.sinaimg.cn/orj480/d750723fly8i5v3pyulr0j20ty0u0q4w.jpg,随遇而安，岁月静好 ，活在当下,,2073,338,,1779549014338
1986687324,奶盐小意,Female,https://wx1.sinaimg.cn/orj480/766a715cly8i9snzy0z7gj20u00u0dgq.jpg,,,103,3,,1779549017729
7621736731,北派老舅O_o,Male,https://wx1.sinaimg.cn/orj480/008jO1TBly8hdfc8oe9mej30u00u0dii.jpg,☝️🤓窝法乙烷,,2520,1328,,1779549021100
5885348709,洒fufu的小拘拘,Male,https://wx4.sinaimg.cn/orj480/006qik3bly8ic2u780u7qj30oe0oejs5.jpg,棣棣毒唯 黑王鹤棣的不得善🀄️😘,,153,34,,1779549024475
1234993421,轻尘stream,Female,https://wx4.sinaimg.cn/orj480/499c810dly8i748tsjfd9j20u00u0mzc.jpg,你是我回忆里停停走走最美的旅程～～～(≧▽≦),,575,966,,1779549027839
5518430304,梦妍De梦想Wo来守护,Female,https://wx4.sinaimg.cn/orj480/0061sLOoly8ibpt9neogtj30u00u0dic.jpg,小时候听隐形的翅膀， 长大后听有形的翅膀。 ​​​,,942,650,,1779549031300
2137220665,蓝天98921,Female,https://wx4.sinaimg.cn/orj480/7f636639ly8hvutuhjkilj20ty0ty0v5.jpg,少给我安粉籍，我不是任何人粉丝！,,10,5358,,1779549034720
5180003861,马双生-859,Male,https://wx2.sinaimg.cn/orj480/005EyLDnly8h7n8em9ez5j30hs0hsq49.jpg,,,2779,1295,,1779549038213
6800746386,林挽酱ovo,Female,https://wx4.sinaimg.cn/orj480/007qfeNQly8hlchrw1lxuj30u00u0gox.jpg,ㅇㅈㅇ,,72,38,,1779549041590
7994983053,习雨少女,Female,https://wx4.sinaimg.cn/orj480/008J48jzly8i0nqnnbvp6j30u00u1mzs.jpg,那咋了,,102,5,,1779549044982
7948895672,徐徐清风未了情,Female,https://wx4.sinaimg.cn/orj480/008FWKSIly8hts56tazh8j30u00u077d.jpg,,,266,79,,1779549048367
5596610096,龙猫阿狸小风车,Female,https://wx1.sinaimg.cn/orj480/0066KNWMly8hc090cg779j30u00u0tdr.jpg,笑一笑。没有什么大不了,,54,73,,1779549051752
2334480832,sally2806,Female,https://wx2.sinaimg.cn/orj480/8b2559c0ly8h7azy1smhpj20if0ifwfw.jpg,,,2906,563,,1779549055152
5620586773,是EP来的呀,Female,https://wx3.sinaimg.cn/orj480/0068npnnly8hx7tq8u8a0j30j70j7jsa.jpg,感受快乐,,820,120,,1779549058493
1764944835,果粒橙超开心,Female,https://wx1.sinaimg.cn/orj480/6932ebc3ly8iaysvdmxcuj20u00u0dh6.jpg,wadcx,,116,69,,1779549061884
7375480772,折折了耳根,Male,https://wx3.sinaimg.cn/orj480/00838Ltily8i59a7lnjd7j30u00u0q3m.jpg,,,153,103,,1779549065248
5694421292,伏陁,Male,https://wx1.sinaimg.cn/orj480/006dnd6Ily8fwzph97v6sj30ro0romz7.jpg,:),,16,64,,1779549068637
2840410281,甘殇-,Female,https://wx1.sinaimg.cn/orj480/a94d38a9ly8g62szcczgbj20ig0iht9j.jpg,搬砖,,7284,374,,1779549072013
2253088235,BRK微关注,Male,https://wx3.sinaimg.cn/orj480/864b65ebly8i5sik2w46gj20u00u0ju0.jpg,,,272,260,,1779549075437
7377114117,tom猪超爱吃,Male,https://wx4.sinaimg.cn/orj480/0083fCnzly8i8ppnyq2qij30u00u0gnk.jpg,,,373,4,,1779549078829
7491654147,呼噜咕噜橘,Female,https://wx4.sinaimg.cn/orj480/008b0dtply8idd1amnjjpj30u00u0n2x.jpg,🍊,,55,22,,1779549082175
6523313750,多吃胡萝卜smile,Female,https://wx1.sinaimg.cn/orj480/0077t9TUly8ic0lp3i4xmj30u00u00vn.jpg,lucky ヾ(❀╹◡╹)ﾉ~,,1050,38,,1779549085602
7825939164,樱岛诗,Female,https://wx3.sinaimg.cn/orj480/008xCQhely8id9hktyohkj30u00u0wit.jpg,,,749,1.4万,,1779549088943
6037781325,小玲姐姐鸭mm,Female,https://wx4.sinaimg.cn/orj480/006ABUJLly8hsjyxhm3yij30e80e8q3a.jpg,有梦的女孩 才会最幸运,,2257,86,,1779549092349
5719697925,陶子味a小薛,Male,https://wx4.sinaimg.cn/orj480/006f5gIlly8hq3brozx84j30u00u1q5p.jpg,only薛之谦,,96,136,,1779549095728
5522776552,sugartits,Female,https://wx3.sinaimg.cn/orj480/0061L0taly8ic3uk450c4j30u00u00ts.jpg,永远溺爱的橙嬷,,350,1958,,1779549099138
7405004261,_小源松鼠亚,Female,https://wx4.sinaimg.cn/orj480/00858DSBly8icemwci2vdj30u00u00tq.jpg,一起去春天,,117,37,,1779549102539
7998908982,兔兔Ivor,Female,https://wx2.sinaimg.cn/orj480/008JkBD0ly4i1duffxu6wj303o03o3yd.jpg,,,19,8,,1779549105945
7926294837,螺蛳牛肉面,Female,https://wx3.sinaimg.cn/orj480/008EpVn7ly8id0mgvck1zj30u00u040z.jpg,,,1845,1210,,1779549109325
7476373416,宴山Charike,Female,https://wx1.sinaimg.cn/orj480/0089Y6g0ly8iczmsiyx0aj30u00u0ac5.jpg,心中莫名郁闷时请记住 你比世上一切都要珍贵,,242,43,,1779549112713
3593355547,赞花儿-,Male,https://wx3.sinaimg.cn/orj480/d62e411bly8ibhb963cilj20u00u040x.jpg,,,209,2145,,1779549116118
6453815245,是的我是小老鼠,Female,https://wx1.sinaimg.cn/orj480/0072Lyahly8ic7wr8veo7j30u00u0myj.jpg,展轩越来越好！另外请不要欺负一只纯良的小老鼠谢谢,,451,651,,1779549119491
7741879824,风季节8888,Male,https://wx3.sinaimg.cn/orj480/008rW8Bqly8iav2cdtd0xj30u00u0dis.jpg,热爱生活，热爱旅行,,346,14,,1779549122879
5893994803,sin微a博开倒闭老板全部下地狱,Female,https://wx1.sinaimg.cn/orj480/006qSBijly8ictuz4olycj30u00u041e.jpg,,,269,3,,1779549126218
2745948775,天青色等烟雨Fan,Female,https://wx1.sinaimg.cn/orj480/a3abda67ly8hblkddzgdnj20u00u0whe.jpg,秋刀鱼的滋味,,108,241,,1779549129625
6582157411,瑞婕小祖宗,Female,https://wx2.sinaimg.cn/orj480/007bs3Pdly8huhv3fjkfgj30b40b4weq.jpg,,,196,16,,1779549133046
7796928056,猴猴急转弯,Female,https://wx3.sinaimg.cn/orj480/008vF7a8ly8ho7qfv3y31j30tk0tk0u5.jpg,养河堤宝宝中🤲🏻,,329,113,,1779549136420
1375886914,风中鼻毛飘,Male,https://wx3.sinaimg.cn/orj480/52025e42ly8hg14v60sgbj20e80e80t6.jpg,人生不过三万天，开心一天是一天！,,322,618,,1779549139787
1744446265,MochiMoon_n,Female,https://wx3.sinaimg.cn/orj480/67fa2339ly8iaxcuy8g3bj20sg0sggmi.jpg,蔬食而遨游 泛若不系之舟,,1647,982,,1779549143215
7833844523,乾一通,Female,https://wx4.sinaimg.cn/orj480/008ya0P1ly8idavvzlfh8j30u00u0wgm.jpg,一整个宇宙换一颗红豆,,177,30,,1779549146565
7875251899,元气豆芽芽,Female,https://wx2.sinaimg.cn/orj480/008AXKLVly8icxbg833u8j30u00u0dl3.jpg,就像一只蝴蝶飞过废墟,,358,1023,,1779549149878
2168513622,不会游泳di美人鱼,Female,https://wx4.sinaimg.cn/orj480/8140e456ly8howkm2g6fzj20u00u0tc7.jpg,UKnow🌞,,1180,595,,1779549153272
6973871350,青柠味署片,Female,https://wx4.sinaimg.cn/orj480/007BXEvYly8i548ecjhioj30pq0pqwfk.jpg,需要一点点暴富（｡ò ∀ ó｡）,,4127,290,,1779549156647
1952518601,Ferrari499P,Male,https://wx1.sinaimg.cn/orj480/746111c9ly8hqazea7v9hj20e80e8gm6.jpg,喜欢旅行、赛车、电影、艺术，会一小丢丢摄影，航空爱好者，欢迎志同道合朋友互粉。,,1632,824,,1779549160057
7857451849,山梨花一456,Female,https://wx2.sinaimg.cn/orj480/008zL4ally8i5p7akzmjxj30u00u0myv.jpg,,,502,26,,1779549163471
2036197157,某魚要好好好好好運,Female,https://wx3.sinaimg.cn/orj480/795de725ly8ia44uyxk9kj20u00u0ado.jpg,‎|•'-'•)و✧记录记录，吃吃喝喝。。,,446,720,,1779549166902
2115427425,迢迢山河月,Female,https://wx2.sinaimg.cn/orj480/7e16dc61ly8i95n997oprj20u00u0dio.jpg,爱张杰全支持1314≥AG≥AL 常年bg/纯看比赛乐子人！只我代表自己💞我的地盘我做主/做人先做事，厌恶nc毒唯/觉得成年自担♂最委屈对抗全世界sb🙂,,184,169,,1779549170307
6892954543,小熊爱吃葫芦卜,Female,https://wx3.sinaimg.cn/orj480/007wu8mbly8hqfn4spygmj30u00u0my7.jpg,,,92,1,,1779549173746
7904105156,蔡蔡不菜oooo,Female,https://wx1.sinaimg.cn/orj480/008CUOP2ly8i0jwfoez91j30u00u040k.jpg,没有简介。。。。。。,,4846,137,,1779549177128
7801613131,喜欢双鱼的姨姨,Female,https://wx1.sinaimg.cn/orj480/008vYLXRly8ic48m8y93pj30dw0dwwfr.jpg,,,72,1,,1779549180507
5984855256,刘新淞lxs,Male,https://wx3.sinaimg.cn/orj480/006x1Qfuly8hsvqa7ydhnj30u00u1n0m.jpg,每个人都只有一生，谁也浪费不起，这世上最可耻的浪费，莫过于浪费时间;最可耻的辜负，莫过于辜负自己……,,1926,1238,,1779549183904
6969972242,困了吃馒头耶,Female,https://wx2.sinaimg.cn/orj480/007BHib8ly8idbbc4fb4zj30u00u077y.jpg,石凯 橹穆,,2101,4510,,1779549187274
7869888506,第六冬_,Female,https://wx2.sinaimg.cn/orj480/008ABfvAly8id54p0ln1vj30u00u0jsj.jpg,❄️,,119,5,,1779549190664
6548034335,夏风夏,Male,https://wx1.sinaimg.cn/orj480/00798SR1ly8fr8kxup02pj303o03omx0.jpg,00后,,6350,2326,,1779549194049
7790838632,乖萌气,Female,https://wx4.sinaimg.cn/orj480/008vfz1Cly8idfayjdjxxj30u00u0n18.jpg,LGBT｜˶&gt;𖥦&lt;˶,,445,3482,,1779549197423
1648990441,任叔岳,Male,https://ww1.sinaimg.cn/orj480/624998e9jw1e8qgp5bmzyj2050050aa8.jpg,历史学半通的军迷军事爱好者一个，同时也喜欢文艺作品……但是对流行文化不感冒，颇有怀旧情怀！,,13078,16.7万,,1779549200763
7221080329,昕春色祈祷_,Female,https://wx2.sinaimg.cn/orj480/007SGURzly8icivx6q2p4j30u00u0q4r.jpg,永远别让世俗淹没生活的浪漫与热情.,,1520,1.4万,,1779549204168
6028398620,少年海的鬓角,Female,https://wx3.sinaimg.cn/orj480/006zYxROly8hjz0vtehfnj30qo0qojvq.jpg,啥也没有只有没有 （假精勿扰）,,185,163,,1779549207543
7767614902,德胜门内,Male,https://wx2.sinaimg.cn/orj480/008tG7tkly8hiw4z7a40xj30k00k0q4h.jpg,一个热爱生活的兰州人,,519,278,,1779549210903
5615272835,咱是一条咸鱼,Female,https://wx1.sinaimg.cn/orj480/006816YHly8i8xy0c1a3pj30u00u0wh9.jpg,,,2052,107,,1779549214338
6599661058,欧尼酱my_,Female,https://wx4.sinaimg.cn/orj480/007cDvk6ly8i1z1l83qjrj30e80e8tao.jpg,人生就是嬉笑玩乐,,496,955,,1779549217795
7427096180,小杨不会失棉,Female,https://wx3.sinaimg.cn/orj480/0086DkZSly8iddnf1ih9jj30mb0mb75w.jpg,无,,149,696,,1779549221185
1769679280,静哥7788,Female,https://ww4.sinaimg.cn/orj480/697b29b0jw8ezoxso2ujxj20ku0kuwfh.jpg,,,201,2508,,1779549224606
1784822481,L-HUANHUAN,Female,https://wx2.sinaimg.cn/orj480/6a623ad1ly8gsiljnw9wkj20e80e8wex.jpg,,,328,445,,1779549228076
6604841790,小小前软,Female,https://wx3.sinaimg.cn/orj480/007cZf4ily8i97qegdwjsj30u00u0jv9.jpg,,,217,96,,1779549231555
7401360207,暴雪时分了,Female,https://wx3.sinaimg.cn/orj480/0084TlTxly8idfq3samnhj30u00u0jtk.jpg,just 2 of us,,779,2694,,1779549234902
2026337537,曹旭在路上,Male,https://wx1.sinaimg.cn/orj480/78c77501ly8ht2k4jytw0j20u00u0myp.jpg,枯燥的通稿让人想弃，我愿意用一杯茶的时间把真实的故事分享给你,,1146,134.6万,,1779549238258
7748210523,钦北以念,Male,https://wx1.sinaimg.cn/orj480/008smHvtly4h0fakg8dzdj303o03o744.jpg,,,88,46,,1779549241625
7747114479,www学习爱我,Female,https://wx4.sinaimg.cn/orj480/008si6nlly8h0gr43n8p7j30qo0qowfy.jpg,就爱好看小姐姐,,373,3,,1779549245022
7926351068,用户7926351068,Female,https://wx4.sinaimg.cn/orj480/008Eqa04ly8i86d5u344vj30u00u0abc.jpg,相信自己的心 假如生活欺骗了你 接受一切 人生本质上说只要活着永远都有希望的宁缺毋滥 尊重自己的一切决定 都是小事相信自己的选择 活得智慧,,346,1,,1779549248364
8008500420,孤独患者卡不,Male,https://wx3.sinaimg.cn/orj480/008JYQNCly8i2u2ckmdn6j30dw0dwwev.jpg,,,35,2,,1779549251778
7849823503,wb最强自媒体,Male,https://wx3.sinaimg.cn/orj480/008zf3Gvly8i9p5z98j90j30u00u076g.jpg,,,1061,1.2万,,1779549255188
8376440452,小壮撞大壮ovo,Male,https://wx1.sinaimg.cn/orj480/0098SGOgly8idb7wwu8nkj30u00u0jtu.jpg,,,12,1,,1779549258528
5484532528,飞扬鹿野,Male,https://wx1.sinaimg.cn/orj480/005Zaxs4ly8hkgaifa378j30u00u044w.jpg,一如既往,,96,80,,1779549261952
7091747139,棣棣的粉丝2023,Male,https://wx2.sinaimg.cn/orj480/007JWfonly8hbxyrivmcsj30go0got9m.jpg,,,1123,18,,1779549265323
5817287810,鹤沐柏松森,Female,https://wx4.sinaimg.cn/orj480/006lGKiKly8hurr3hblb6j30u00u0jv1.jpg,🔥土,,1511,385,,1779549268750
6087617964,薯一个小饼,Female,https://wx1.sinaimg.cn/orj480/006DZ1wwly8idecrwefj9j30u00u042k.jpg,I wanted you to be the one I loved,,562,1347,,1779549272121
7749460449,高级杨总,Female,https://wx2.sinaimg.cn/orj480/008srWFzly8id5xnf1inqj30ty0u077l.jpg,原名:紫为你玩微博奥宝宝,,1279,1152,,1779549275484
7771541358,眠眠有期-,Female,https://wx4.sinaimg.cn/orj480/008tWAVgly8ictmpzi5hkj30u00u0gpf.jpg,本人智商低情商低素质低。,,748,1.2万,,1779549278893
9160765375,喵喵喵喵狸花猫,Female,https://wx3.sinaimg.cn/orj480/009ZXDyfly8i4eyk2ia94j30dw0dwjsn.jpg,,,103,4,,1779549282340
6378681280,挽云初__,Female,https://wx3.sinaimg.cn/orj480/006XGio8ly8id3vdo6yeej30q50q5abz.jpg,爱取决于心表现于形式,,94,9502,,1779549285771
5881510633,西涌客栈里的小思念_,Female,https://wx4.sinaimg.cn/orj480/006q2dAJly8ictpu4gzvsj30ty0u0q5y.jpg,🍐：还有我呀~对不对~   🥜，只爱陈楚生🥰,,752,1817,,1779549289118
6344997983,诸事顺利保佑发财,Female,https://wx3.sinaimg.cn/orj480/006VoXP9ly8i8xc81e955j30tx0txtbg.jpg,本人不会和任何人借钱,,604,1612,,1779549292490
5951639929,那就见亿面吧,Female,https://wx1.sinaimg.cn/orj480/006uMtqply8i8hh5e5w9yj30u00u0glx.jpg,🌙,,701,1822,,1779549295855
3915907869,徐风知贾意,Male,https://wx4.sinaimg.cn/orj480/e968031dly8icb9b8bj8bj20u00u0dhn.jpg,输时不悲赢时不谦，手中握剑心中有意，前路有险却不知所畏，有友在旁就想醉酒高歌，想笑了就大声笑，想骂了就破口骂，人间道理万卷书，只求随心随性行,,113,169,,1779549299434
1794648163,Digi-dig,Male,https://ww2.sinaimg.cn/orj480/6af82863jw8f72cu5c9tej20yi0yi43a.jpg,骂街专用号,,729,842,,1779549302809
5576847740,何时才帅,Male,https://ww4.sinaimg.cn/orj480/0065pSR6jw8ernzfyzv7gj302s02sgld.jpg,一个什么也不懂的拍照人士,,322,95,,1779549306452
7787088614,-23號河堤-,Female,https://wx2.sinaimg.cn/orj480/008uZPtsly8htscsxf82qj30u00u0mzy.jpg,在养老公宝宝🤲🏻🥺,,699,1356,,1779549309820
6976592539,是你的泷泷啊,Male,https://wx2.sinaimg.cn/orj480/007C94q7ly8gfal8q3gk7j30ro0ro0ur.jpg,认真学习，好好工作，,,1036,392,,1779549313214
1698823422,XHK06CL,Female,https://wx3.sinaimg.cn/orj480/6541fcfely8h4msqafttkj20rn0rngnk.jpg,喜欢英雄联盟WE战队,,370,4740,,1779549316580
7855609287,历史现实催梦醒微醺,Female,https://ss1.sinaimg.cn/orj480/default_avatar_female_180&690,,,353,2,,1779549319978
7780630587,lumos_0817,Male,https://wx1.sinaimg.cn/orj480/008uyJrJly8i8c06m3sjbj30u00u0jt9.jpg,🐉,,30,9,,1779549323376
6501727595,Merri_Christmaz,Male,https://wx3.sinaimg.cn/orj480/00760Am7ly8i8xc3lvwocj30dw0dwmye.jpg,,,25,3,,1779549326752
7926982144,用户7926982144,Female,https://ss1.sinaimg.cn/orj480/default_avatar_female_180&690,,,252,3,,1779549330108
5721622069,周二Day,Female,https://wx3.sinaimg.cn/orj480/006fdlgVly8h784hy6w51j30u00u0q3e.jpg,社恐max！,,93,212,,1779549333523
2462135682,苟富贵好几遍v,Female,https://wx3.sinaimg.cn/orj480/92c13582ly8h4k2l31bxoj20tq0tq76l.jpg,越来越好,,4513,629,,1779549336876
5561117095,翩翩苏内河,Female,https://ww2.sinaimg.cn/orj480/0064lSB1jw8erunhmmp74j303o03odfl.jpg,愿你出走半生，归来仍是少年,,531,85,,1779549340263
7745154231,信念-源,Male,https://wx4.sinaimg.cn/orj480/008s9Sqrly8hq54igyic7j30qo0qo40f.jpg,,,169,30,,1779549343706
3921150357,begonia-临期椛冰曲,Female,https://wx3.sinaimg.cn/orj480/e9b80195ly8ibf0z6w8hxj20u00u0di8.jpg,李沛恩,,2478,1.3万,,1779549347084
6241016475,梨開你我貝感焦急,Male,https://wx2.sinaimg.cn/orj480/006OmFu3ly8idccywc5dzj30u00u0jtf.jpg,直关不回,,2631,1.1万,,1779549350415
5753900546,游戏YouYou,Female,https://wx3.sinaimg.cn/orj480/006hoMnwly8haxbtmxb8lj30rl0rldin.jpg,商务合作++WeChat：CXwh2022,,266,12.8万,,1779549353854
5348053129,karry的星辰花,Male,https://wx2.sinaimg.cn/orj480/005PVSVrly8icuulkblyaj30u00u00vb.jpg,超爱追剧和综艺，喜欢的人范围比较广，（只要不是黑料之类的都还可以）20年追的一代,,117,41,,1779549357245
7090282134,-栀子花酱-,Female,https://wx2.sinaimg.cn/orj480/007JQ6hgly8icw32xzpb4j30u00u0mzp.jpg,汀汀yeah～,,281,130,,1779549360673
7854883279,你说妹妹别再给自己折磨,Female,https://wx4.sinaimg.cn/orj480/008zAhXNly8icyi2dn6xuj30sg0sg0u3.jpg,我们就这样咪咪喵喵汪汪嗷嗷在一起一辈子,,249,642,,1779549364012
5436330218,yanqpknsq,Female,https://wx1.sinaimg.cn/orj480/005VUhPsly8hua92w9mlxj30e80e80tq.jpg,快乐第一 新建文件夹,,431,1206,,1779549367403
2469687274,哈尼记事,Female,https://wx4.sinaimg.cn/orj480/93346fealy8goe41vnh4sj20e80e8q3k.jpg,既然是梦，不妨做个大的。,,3491,1.1万,,1779549370837
6288835432,躺平幻想中,Male,https://wx1.sinaimg.cn/orj480/006RBjnyly8i332wgzal7j30e80e8jrs.jpg,,,230,15,,1779549374241
2913981040,成都靓妹儿爱喝酒,Female,https://wx2.sinaimg.cn/orj480/adafd270ly8ibx0y6j5c4j20u00u00v8.jpg,又菜又爱喝 又菜又爱满仓干 等1000个粉丝开直播,,62,26,,1779549377654
6636351939,琪姐努力点,Female,https://wx4.sinaimg.cn/orj480/007f7sivly8hzcvy1se3sj30e80e8dg5.jpg,,,147,1414,,1779549381001
7929261713,宁宁喵Sunny,Female,https://wx2.sinaimg.cn/orj480/008ECnbXly8i0p9ikapp4j30u00u0dj2.jpg,长期打铁，永不取关，互关互助🍎🍎🍎,,4986,5047,,1779549384410
6350836838,元气满满的唐曦,Female,https://wx4.sinaimg.cn/orj480/006VNsMely8ic3as4vb3jj30u00u042z.jpg,越活越开心，越活越年轻！,,718,15,,1779549387818
7497495323,犄角旮旯禾火,Male,https://wx2.sinaimg.cn/orj480/008boJ1Vly4gi6xttt1jsj303o03ojr7.jpg,好好好好好好好,,43,4,,1779549391162
7936626379,悠游长春,Female,https://wx3.sinaimg.cn/orj480/008F7h4Tly8iav4tl54vxj30u00u0tef.jpg,唯美东北，独醉长春！,,32,213,,1779549394615
6314394734,今天要睡觉_黎非阿黛版,Female,https://wx1.sinaimg.cn/orj480/006Tkywmly8id7k54scx7j30u00u0jt6.jpg,楼内轩唯 楼外🍊剧粉骂我担的给我们挡一辈子的灾 期待来战 千香 万花世界版,,628,1018,,1779549397989
6282051801,送到面包房,Male,https://wx1.sinaimg.cn/orj480/006R8QE9ly8ibdfmvnnmnj30u00u0wge.jpg,送你一块蓬松的小面包～,,221,27.7万,,1779549401382
7557885451,Holoo_Inside-Yunlight,Female,https://wx3.sinaimg.cn/orj480/008fu7gfly8i8ulylm4ltj30u00u0aau.jpg,知道你喜欢我，就不要偷偷的看我了，大胆点🐶 合作v:Hollow-131415927,,3932,1.4万,,1779549404763
3874946431,_Hedylan,Female,https://wx4.sinaimg.cn/orj480/e6f6fd7fly8g5woggxd7mj20e80e8jsv.jpg,钎九不清冰 清然一帆风顺 清皖紫道信都是我的宝       心肝马清清 支持除了红队外的所有队伍（26粉别来碰瓷）,,580,154,,1779549408119
5372918464,予诺于尧ovo,Female,https://wx1.sinaimg.cn/orj480/005RCdxely8i2rwf1my5nj30u00u00sn.jpg,好好生活 爱自己,,849,326,,1779549411491
7992964786,在桥上画漫画的海豚,Female,https://wx1.sinaimg.cn/orj480/008IVFgSly8i0fdvdlyr7j30dw0dw74q.jpg,,,51,1,,1779549414895
8007301537,Lumoshel,Female,https://wx3.sinaimg.cn/orj480/008JTOUNly8ictbksejr4j30u00u00vx.jpg,最好走的路，不是已经过去的路，是看得见的前路,,103,8,,1779549418236
6150540888,Pomelo_sk,Female,https://wx4.sinaimg.cn/orj480/006If2Eoly8ide9e3ldukj30u00u0wj7.jpg,Pomelo💜💚,,266,35,,1779549421600
3502156141,-一口酥酥-,Female,https://wx4.sinaimg.cn/orj480/d0bea96dly8i2itplq75rj20u00u0792.jpg,很玻璃心爱拉黑，谨慎转评,,1076,1.5万,,1779549424936
8249163333,逗逗20006,Female,https://wx3.sinaimg.cn/orj480/0090gEdvly8i9evuno5byj30u00u041e.jpg,,,180,11,,1779549428350
7753736400,对旎始于心动,Female,https://wx4.sinaimg.cn/orj480/008sJT2wly8id8nr347w1j30u00u0q92.jpg,“因为把人想的美好，所以这个世间才那么美好” ～杨紫！,,666,225,,1779549431779
5566328672,ZMBLJSY,Female,https://wx1.sinaimg.cn/orj480/0064HKmIly8ialj9n5mnsj30n00n0dhy.jpg,Someday l'II Fly,,88,341,,1779549435108
5846272655,松了个锁压,Male,https://wx1.sinaimg.cn/orj480/006nEmAfly8hvrenfshooj30u00u0gns.jpg,和公主一起走向更好的未来！,,1480,141,,1779549438489
5963609110,小十一快快来,Male,https://wx3.sinaimg.cn/orj480/006vAH9Ily8idbq2smj1qj30u00u0tdp.jpg,,,174,20,,1779549441871
7945481285,小狗姐全肯定,Female,https://wx4.sinaimg.cn/orj480/008FIqDXly8idfj5ppggej30u00u0wh3.jpg,沛慈全肯定,,133,35,,1779549445215
5754204795,游戏祖师爷,Male,https://wx4.sinaimg.cn/orj480/006hq3wLly8gy6f3p3q15j30jg0jg756.jpg,商务加v：a23224a,,255,18.1万,,1779549448586
7337203011,E丶魔漫,Male,https://wx2.sinaimg.cn/orj480/0080y9G3ly8g8wucblxsoj30ru0rudiy.jpg,,,999,50,,1779549451951
6227316665,睡不够的约克夏,Female,https://wx4.sinaimg.cn/orj480/006Nrbxnly8hnp45r4xqfj30go0gomyw.jpg,锦鲤附体,,674,124,,1779549455336
3088951082,互相惦念,Female,https://wx4.sinaimg.cn/orj480/b81da72aly8hwqoamqkdzj20u00u0q83.jpg,开开心心每一天,,347,742,,1779549458760
2944561211,天空下的云520,Male,https://wx2.sinaimg.cn/orj480/af82703bly8iag6gtblmxj20u00u0mzf.jpg,,,1567,705,,1779549462238
7675158023,玫採_,Female,https://wx2.sinaimg.cn/orj480/008nqbdlly8idb64swqm5j30u00u0q5u.jpg,💞需要回关的宝宝请私信,,1666,1.7万,,1779549465589
1746291810,枣妮妮C,Female,https://ww4.sinaimg.cn/orj480/68164c62jw8ea7n3gat8ij20hs0hsmyl.jpg,别忘了 要温柔 别忘了 要快乐,,536,531,,1779549469000
1709137222,月落云飘,Female,https://wx1.sinaimg.cn/orj480/65df5d46ly8ia3lcd6jtfj20u00u045m.jpg,哪怕幸福只露出一根线头，也要揪出来织成一件毛衣,,573,1292,,1779549472423
1863425955,薛定谔的小浪荡,Male,https://wx3.sinaimg.cn/orj480/6f119fa3ly8gl1quzp9mtj20jg0jgdhl.jpg,0.0,,510,278,,1779549475829
5753983916,网瘾少女九黎,Female,https://wx3.sinaimg.cn/orj480/006hp84cly8hnwhxkpd8sj30u00u078q.jpg,商务加v：a23224a,,260,16.4万,,1779549479199
7383990899,下头了快打伞,Female,https://wx4.sinaimg.cn/orj480/0083Itlply8i1v4ll40scj30e80e8jrw.jpg,,,634,16,,1779549482583
7927017365,第一恋哥癖,Female,https://wx1.sinaimg.cn/orj480/008EsXkNly8idff5zw6v2j30u00u0q5t.jpg,很坏,,907,1.2万,,1779549485940
6544828102,预见遇见my--叶璃开花啦,Male,https://wx1.sinaimg.cn/orj480/0078VqLAly8i1z4vjmhv6j30lt0ltmy7.jpg,愿此生终老温柔，白云不羡仙乡。,,215,1万,,1779549489364
7935679821,库启兰,Female,https://wx2.sinaimg.cn/orj480/008F3iPPly8hs7ed5ipn6j30u00u043x.jpg,,,322,88,,1779549492762
3547320510,追颗星星-Sunny,Female,https://wx3.sinaimg.cn/orj480/d36fd0bely8hu2pprocozj20j60j675v.jpg,S-U-N-N-Y-S-U-N,,21,219,,1779549496092
3850611141,哒嘟晚安,Female,https://wx2.sinaimg.cn/orj480/e583a9c5ly8i15bfh4dyvj20u00u0wiy.jpg,这点小事，不值一提,,820,189,,1779549499527
7244511034,ai小刘学摄影,Male,https://wx2.sinaimg.cn/orj480/007Uhegaly8i96qod3t83j30u00u00xg.jpg,作为一名VVIP微博经营会员，一起交流学习！     1.拓展认知，另辟成功之路！  2.学习手机摄影。   3.记录生活日常碎碎念,,3391,1.3万,,1779549502921
1194583380,主持人高杰,Male,https://wx1.sinaimg.cn/orj480/4733e554ly8h774o7asp6j20e80e83yn.jpg,🎙️全国十佳音乐节目主持人   🎙️流行音乐专委会副会长,,999,60.2万,,1779549506301
7795931988,开心er呀,Female,https://wx1.sinaimg.cn/orj480/008vAW2wly8hgxxf05ycyj30u00u0jv5.jpg,爱是凌晨四点宁波市的花店灯火通明,,249,26,,1779549509704
1802621097,小猫是个倔脾气,Female,https://wx4.sinaimg.cn/orj480/6b71d0a9ly8ic43rca91cj20u00u0gqi.jpg,发呆专业户，美食品鉴家，偶尔也搞点人间清醒,,2490,2.6万,,1779549513032
7884871687,美人酱,Female,https://wx2.sinaimg.cn/orj480/9e18495ely8i7rme4pqq8j20u00u00vl.jpg,君のことが大好きだ,,592,1968,,1779549516396
5284868556,Mist-朱朱包,Female,https://wx1.sinaimg.cn/orj480/005LELJqly8icun5q3x9dj30u00u0gnx.jpg,上天入地 再也找不到比你更好的人了,,6114,1万,,1779549519780
6213546111,简爱E栀梦,Female,https://wx4.sinaimg.cn/orj480/006MvpbFly8icf8r05dhdj30u00u0tbf.jpg,“一起进步，越来越好”,,5353,1.6万,,1779549523183
5444641538,阿媛长高高,Male,https://wx2.sinaimg.cn/orj480/005Wt9Z0ly8gtmbhmm13mj60ro0ro0uq02.jpg,新建文件夹喜欢谁把谁放到背景里,,909,229,,1779549526570
7626930440,好运送宋,Male,https://wx1.sinaimg.cn/orj480/008k9P16ly8i45b395ssij30u00u0abv.jpg,我爱你的破碎，胜过你的完美,,127,398,,1779549529935
7982828265,小草蓝蓝_,Female,https://wx3.sinaimg.cn/orj480/008If8iBly8hyxub7kihmj30u00u0glp.jpg,,,323,99,,1779549533298
6110924847,JY猪哥,Male,https://wx2.sinaimg.cn/orj480/006FyOHZly8h6o9gig979j30b10b1mxc.jpg,🌟,,175,7,,1779549536687
8003972759,7cyre,Female,https://wx3.sinaimg.cn/orj480/008JFQWPly8idfbyaq0zvj30u00u0wf7.jpg,I count：marks of time,,89,2,,1779549540098
6012588158,江湖故人缘,Male,https://wx4.sinaimg.cn/orj480/006yUcQmly8fzs46dnr91j30ro0ron0z.jpg,,,45,48,,1779549543484
1131251060,普吉岛热夏,Female,https://wx2.sinaimg.cn/orj480/436d8574ly8idf84w0nxij20q40q40tn.jpg,我希望你为我而来,,349,461,,1779549546840
6234819196,RenQian娜娜,Female,https://wx3.sinaimg.cn/orj480/006NWFhWly8hfpvmakr22j30u00u177o.jpg,不如就正义战胜邪恶的美少女战士吧～,,1140,93,,1779549550216
1851253024,RXQZHY10,Male,https://wx1.sinaimg.cn/orj480/6e57e120ly8hzr1y6akwsj20u00u0adi.jpg,分享有趣有意义の…谨守一个客观的原则！    ⚫JuvenTini⚪,,64,702,,1779549553591
5028413616,荣休积极分子_,Male,https://wx3.sinaimg.cn/orj480/005uiI5qly8i89ftl9v3uj31400u0juz.jpg,国家一级听（观）众,,1766,99,,1779549556958
7243803586,艳子燕子艳子,Female,https://wx1.sinaimg.cn/orj480/007UegdIly8hh2j45hj41j30u00u0dhx.jpg,我家猫一见我就跑 怕我亲它：P,,2120,5139,,1779549560315
7827073603,小鹤伩月,Female,https://wx1.sinaimg.cn/orj480/008xHBoDly8idew3jia7oj30u00u00um.jpg,凡事发生皆有利于我,,699,2833,,1779549563722
2241685160,一七得伊,Female,https://wx1.sinaimg.cn/orj480/859d66a8ly8i6hdqpdw5kj20kv0kvjvw.jpg,这里是我和伊一在一起的每一天～,,2188,4698,,1779549567110
5819547953,还看还看欠削,Female,https://wx1.sinaimg.cn/orj480/006lQegFly8h4qir2u46tj30u00u1gpm.jpg,,,322,72,,1779549570476
7889448327,bhmnbvfdtj,Female,https://wx3.sinaimg.cn/orj480/008BVjUzly8hmeju210x0j30u00u0gpl.jpg,,,95,2,,1779549573821
1988704204,娱乐婶儿,Female,https://wx2.sinaimg.cn/orj480/768937ccly8i7ryua9nsyj20qo0sgtfv.jpg,娱乐八卦婶儿。,,13352,1.6万,,1779549577296
7772073223,拂岫_,Male,https://wx2.sinaimg.cn/orj480/008tYPhJly8hnjke0xtwbj30qo0qowgh.jpg,。,,3613,980,,1779549580691
5172469503,好运好运好事发生,Male,https://wx3.sinaimg.cn/orj480/005E39Btly8id2gpzc64tj30u00u0q60.jpg,心态是最好的风水,,166,1369,,1779549584076
7807610510,今天心情是黑粉色,Male,https://wx4.sinaimg.cn/orj480/008wnW9Mly8h904lckeeoj30u00u0jtx.jpg,,,354,7,,1779549587474
6610786004,晴日连天,Female,https://wx4.sinaimg.cn/orj480/007dobqIly8idad1atkztj30u00u0jto.jpg,橹穆天下第一好,,1840,1.1万,,1779549590852
6150362214,马上梦想成真版,Female,https://wx1.sinaimg.cn/orj480/006Ieiayly8ia3juzuky7j30sg0sg436.jpg,转念 就是所有问题的答案,,411,142,,1779549594203
1891603787,弗洛拉_M,Female,https://ww4.sinaimg.cn/orj480/70bf954bjw8ecg0rjtluoj20hs0hs0u5.jpg,Nothing is to be feared; it is only to be understood.,,565,690,,1779549597645
7828387954,特洛伊的太阳,Male,https://wx1.sinaimg.cn/orj480/008xN7jQly8hca9mq2s2jj307c07c0sz.jpg,,,84,3,,1779549601102
2885885732,红色动漫节组委会霍小兵,Male,https://wx1.sinaimg.cn/orj480/ac031f24ly8i8iiz4j8moj20u00u0myq.jpg,果然乡农业,,806,1.3万,,1779549604513
7715539141,wswd_xyxL小卷,Female,https://wx3.sinaimg.cn/orj480/008q9CbHly8i600cwp60jj30lc0lc0uf.jpg,心放宽、事看淡，情随缘、路看远……,,1568,1529,,1779549607874
5504750312,潇潇何所似,Female,https://wx4.sinaimg.cn/orj480/0060xn1mly8i8uz7n7qt1j30u01hcqba.jpg,实迷途其未远，觉今是而昨非。,,523,3312,,1779549611229
1757085247,吖宝宝亚,Female,https://wx1.sinaimg.cn/orj480/68bafe3fly8i4r53wjvv8j20e80e8gmp.jpg,,,1653,763,,1779549614693
3221998823,wjyjz1996,Male,https://ww2.sinaimg.cn/orj480/c00bcce7jw1e8qgp5bmzyj2050050aa8.jpg,我就喜欢酱紫，没有什么不可以；我和你今生注定要在一起，我用一生的时间爱你，没有什么不可以；就算是放弃一切，我也不可惜，只要拥有了你！,,1794,1250,,1779549618196
2695832041,Eva金灿灿,Female,https://wx4.sinaimg.cn/orj480/a0af21e9ly8i4tczcxiy9j20u00u00v7.jpg,一心一意攒面积。不说话，说好话。,,6646,3.8万,,1779549621564
7941720034,无骨Zhao,Female,https://wx1.sinaimg.cn/orj480/008FsEaCly8i4i317ui5mj30u00u0dk1.jpg,出收物专用，交易结束双取随意,,900,262,,1779549624973
1696102164,多鱼兜福,Male,https://wx4.sinaimg.cn/orj480/65187714ly8i14n98drn7j20u00u0wh2.jpg,,,2673,1.2万,,1779549628371
6495181347,桥本环奈r7,Female,https://wx2.sinaimg.cn/orj480/0075z7ntly8i75f3a0cb1j30s60s60uq.jpg,我们都要幸福,,207,68,,1779549631849
7908794524,江湖游医小花,Male,https://wx2.sinaimg.cn/orj480/008DeuK0ly8hzwtrzb6jhj30e80e8t9m.jpg,做人呢，最重要的是开心，何必为了那些虚名浮利，扰了自己的清净。•𝒜ℐ🪷,,5005,6758,,1779549635251
3227534481,甜甜甜超甜甜,Female,https://wx3.sinaimg.cn/orj480/c0604491ly8hqfg46x49oj20go0goq3f.jpg,好事发生🐮,,7785,2.2万,,1779549638588
6306698102,对女神心动了吗,Female,https://wx3.sinaimg.cn/orj480/006SOgh8ly8id9xl2zla7j30te0tegox.jpg,内容分享 娱乐闲聊,,958,5.5万,,1779549642131
7855023169,把每天都当作末日来相愛,Female,https://wx3.sinaimg.cn/orj480/008zASm5ly8idfp2f6ooxj30qo0qoac3.jpg,二十一克拉,,5587,1.1万,,1779549645514
5764906975,动漫游戏君,Male,https://wx1.sinaimg.cn/orj480/006i8XEzly8hojzsvemjvj30j60j6my1.jpg,接网友/画师投稿，合作请私信！,,587,249万,,1779549648879
3035759500,花心萝卜腿儿YY,Female,https://wx4.sinaimg.cn/orj480/b4f2038cly8hv10f7jtz6j20u00u0gqe.jpg,你呀你，是自在如风的少年；我呀我，是随波逐流的麻雀。,,401,618,,1779549652249
6647344023,甜食腻的可爱,Male,https://wx1.sinaimg.cn/orj480/007fRzQbly8ibzj0zbcogj30if0if0t5.jpg,…,,326,6636,,1779549655626
6589364464,啊北极熊没有夏天,Female,https://wx4.sinaimg.cn/orj480/007bWiI0ly8h4542ptbrqj30e80e80tc.jpg,互联网话痨，现实社恐达人，屁大点事分享砖家💅🏻废话文学一级学者，现在就想好好记录生活,,1339,1.3万,,1779549658978
8434511485,橘子汽水甜e蜜蜜,Female,https://wx1.sinaimg.cn/orj480/009cOlJPly8i5e8gp67evj30u00u0mzf.jpg,晚风知我意轻解眉间愁岁月不言说却藏尽人间温柔与深情,,218,22,,1779549662392
5702176091,killd74-,Female,https://wx4.sinaimg.cn/orj480/006dTKu7ly8icv32c3kmfj30qo0qojt0.jpg,爱所爱 得所求,,398,4773,,1779549665786
2002020533,毅淇深花,Female,https://wx4.sinaimg.cn/orj480/775468b5ly8icqtej3y2ej20u00u03zm.jpg,一念心清净，莲花处处开！  🐑浩不易，只呼一般及以上唯粉，不呼较低，🈲单曲，较低的呼了等我移除你。,,1708,1444,,1779549669211
6333387031,凌晨三点四听海,Female,https://wx1.sinaimg.cn/orj480/006UCfhJly8h0few9osq6j30ru0rujtl.jpg,請 勿 迷 失 自 我,,384,5431,,1779549672586
7964980620,南京工会笔试第三名V,Female,https://wx3.sinaimg.cn/orj480/008H2fjmly8hxyoynwavdj30el0el0uf.jpg,群众路线的道：一切为了群众，一切依靠群众……从群众中来到群众中去……践行以人民为中心的发展思想，不是空喊口号，而是体现在落实大政方针和实效上,,20,6,,1779549675933
5491098764,无鸡脖语,Female,https://wx3.sinaimg.cn/orj480/005ZC5D6ly8h3exn572x1j30u00u040e.jpg,玉石非玉，亦不负年华。,,120,69,,1779549679264
5957812681,二胡与萨克斯,Female,https://wx3.sinaimg.cn/orj480/006vcneVly8ibcaz97ixfj30u00u0tb7.jpg,不听乱世耳语，只听只信易烊千玺（镇魂）,,488,1.1万,,1779549682630
3201749227,做--辈子女孩,Female,https://wx3.sinaimg.cn/orj480/bed6d0ebly8icps5oic1ej20u00u0aem.jpg,光影留连✨洁在我心,,770,1234,,1779549685995
5352860809,短发丑但是短发香,Female,https://wx4.sinaimg.cn/orj480/005Qg3CFly8fmeas4pzrij30ig0ig3zc.jpg,快睡觉快睡觉快睡觉不许熬夜看小说！,,1250,246,,1779549689357
5098686498,爱新觉罗-啊毛,Female,https://wx1.sinaimg.cn/orj480/005z3zh0ly8iaqtd6lwy0j30ty0u0jv6.jpg,这里是大家的情绪托管所，24小时营业😊😊,,856,3368,,1779549692712
5620559253,为我D所爱,Female,https://wx4.sinaimg.cn/orj480/0068nidvly8idbycz3oerj30u00u0n06.jpg,为我所爱,,435,298,,1779549696132
6467348225,请一瓶一赞谢谢_粉阿狸爱成小毅,Female,https://wx1.sinaimg.cn/orj480/0073GkI9ly8htcvsg3h30j30n90n9758.jpg,粉阿狸爱成小毅,,673,414,,1779549699519
7462059273,蓝莓不露蓝,Female,https://wx4.sinaimg.cn/orj480/008902uJly8idfrp5iwz9j30u00u0jt4.jpg,成分很明,,683,750,,1779549702944
6614275715,雨伞很忙呢,Male,https://wx2.sinaimg.cn/orj480/007dCPgnly8gkfga2fd9gj30ro0ro0wl.jpg,,,1122,70,,1779549706290
5783463993,西瓜堡_,Female,https://wx3.sinaimg.cn/orj480/006joPbjly8ib28uv7w4sj30u00u0jtp.jpg,⌯&gt;ᴗ&lt;⌯ಣ,,805,3080,,1779549709719
7371273671,晴空里只恨太匆匆,Female,https://wx2.sinaimg.cn/orj480/0082R70Ply8hgmammuuaej30u00u0whu.jpg,胡杨树永不倒,,3904,2598,,1779549713134
7844272123,会飞的猪305,Female,https://wx3.sinaimg.cn/orj480/008yRLw7ly8i4cddohmf0j309z09zmxi.jpg,封住自己，勿扰,,1576,114,,1779549716501
7759309151,揽月_洋,Male,https://wx2.sinaimg.cn/orj480/008t7gLBly8i58m5us94sj30qo0qogov.jpg,视频  图片来源网络侵删,,545,4822,,1779549719870
7956227709,幸运星66_,Female,https://wx3.sinaimg.cn/orj480/008Grwhnly8hzufavg5moj30u00u0dhi.jpg,,,5936,379,,1779549723270
5654550998,轻舟不过123,Male,https://wx2.sinaimg.cn/orj480/006aFV1sly8hjsqfvy5tpj30u00u0wgo.jpg,,,17,49,,1779549726685
7387091731,独属于我的一颗星,Female,https://wx2.sinaimg.cn/orj480/0083Vu0Ply8ida481t2p4j30u00u0gs3.jpg,号主只是一个专注心肝的女孩而已,,956,1988,,1779549730097
5929742273,英雄联盟菌,Male,https://wx1.sinaimg.cn/orj480/006tiAQply8h8uglwwfkfj30u00u0wgp.jpg,知名游戏博主 商务合作请私信,,370,328.1万,,1779549733459
7414399584,奶烊心头爱,Female,https://wx3.sinaimg.cn/orj480/0085M424ly8id8ugh0bs8j30u00u0jtq.jpg,成分复杂  特别低脂  不建议关注  点进我主页默认澈汉宇宙第一甜✧٩(ˊωˋ*)و✧,,714,389,,1779549736837
8278956841,冥王记事本,Female,https://wx1.sinaimg.cn/orj480/0092hERXly8i4nj2v7b79j30dw0dwmxn.jpg,,,67,2,,1779549740221
6509024394,奔跑的画图匠,Female,https://wx2.sinaimg.cn/orj480/0076vcAqly8hmpt3h7lunj30u00u00z2.jpg,,,69,15,,1779549743637
7875708741,聆听15026,Female,https://wx1.sinaimg.cn/orj480/008AZFClly8hk2pfp4ubij30ju0jugmv.jpg,,,342,278,,1779549746999
7349209713,小马过河的故事之爱上女明星,Female,https://wx1.sinaimg.cn/orj480/0081mxaxly8i87cfov23tj30hs0hs761.jpg,没有被惊艳的青春，只有被震惊的三观,,297,233,,1779549750376
7402164195,是小夜啊,Female,https://wx4.sinaimg.cn/orj480/0084WJ35ly8hhh9nfny8yj30u00u00xg.jpg,,,285,9,,1779549753748
2746564581,雝雝鸣雁__旭日始旦,Female,https://wx3.sinaimg.cn/orj480/a3b53fe5ly8icrfg6w3qyj20u00u076n.jpg,The great PRC,,313,1269,,1779549757202
7812389809,open原神,Male,https://wx1.sinaimg.cn/orj480/008wHZtfly8hj58y840aij30u00u0mz2.jpg,,,396,17,,1779549760585
8007231319,姜饼小狗卷,Female,https://wx1.sinaimg.cn/orj480/008JTwEfly8i9yie5yyp8j30u00u0abh.jpg,孵出一叽小狗鸡🐣,,394,474,,1779549764024
7088909608,苦涩泪结,Female,https://wx4.sinaimg.cn/orj480/007JKldKly8id9s9wq92bj30u00u0djg.jpg,访客已关♡,,1101,2743,,1779549767367
5328011363,夜弦残笺,Female,https://wx1.sinaimg.cn/orj480/005OzN99ly8idd04ksxc9j30u00u0n05.jpg,,,3335,416,,1779549770812
2397757535,四悔于世,Female,https://wx2.sinaimg.cn/orj480/8eeae05fly8iatyf2eum7j204z04z3yd.jpg,看到，想到，说说，只为能留下点什么。,,7547,2064,,1779549774259
3607341742,武啊威,Male,https://wx1.sinaimg.cn/orj480/d703aaaely8httdpq8j3pj20i70i7jt7.jpg,岁月静好 容颜未老 所谓伊人 负我年少,,111,242,,1779549777593
7309486108,共遮你我青丝ovo,Female,https://wx3.sinaimg.cn/orj480/007YFRfely8idf19rpybrj30u00u00v1.jpg,启蒙@AG一诺ovo心肝@成都AG_钟意 非1226²批                                                      女儿女婿@广州TTG丶小雪 @KSG无言_,,287,1736,,1779549780992
7510821431,祂是猫,Female,https://wx3.sinaimg.cn/orj480/008ciDL9ly8i51ygekukaj30u00u0q5x.jpg,,,345,1114,,1779549784364
7915902415,哥谭四杰头号粉丝,Male,https://wx4.sinaimg.cn/orj480/008DIjPply8i68xqo8bcxj30u00u0mz3.jpg,,,384,33,,1779549787754
5181912707,小污仙嗝嗝,Female,https://wx3.sinaimg.cn/orj480/005EGMddly8hbmmawcbh7j30jg0jgjt1.jpg,生活的流水账～  访客是未来的自己～,,517,740,,1779549791123
6302114049,没救啦是星星脑,Male,https://wx2.sinaimg.cn/orj480/006Sv1KNly8i71ln1qtsxj30u00u0q4n.jpg,小年小年快快游 四面八方皆自由,,128,100,,1779549794511
2674684190,SylchasieIW,Female,https://wx2.sinaimg.cn/orj480/9f6c711ely8i6fx6asy7pj20sf0sfgm6.jpg,就他妈知道吃！！！！,,3821,1168,,1779549797857
7188277260,清晓锦鲤辰,Female,https://wx2.sinaimg.cn/orj480/007QthhOly8hfk2nn5o93j30ps0ps411.jpg,,,709,214,,1779549801224
7016743081,RRR芮_,Female,https://wx4.sinaimg.cn/orj480/007ERxpvly8i8d6826zy3j30u00u0dj9.jpg,,,933,2523,,1779549804646
7880141492,托托女王_,Female,https://wx3.sinaimg.cn/orj480/008BigMkly8ibh14bpkqtj30u00u077w.jpg,只喜欢一个人,,1209,1506,,1779549808059
3970034954,改名字真的很烦烦烦,Female,https://wx1.sinaimg.cn/orj480/eca1ed0aly8hrq3z77g2vj20rs0rttbh.jpg,,,452,21,,1779549811466
9146937472,宅宅芮,Female,https://wx4.sinaimg.cn/orj480/009Z1Chyly8id0pmqynl0j30u00u00v1.jpg,冬有冬的来意雪有雪的秘密,,59,570,,1779549814834
5609130970,虎脑坑虎头,Male,https://ss1.sinaimg.cn/orj480/default_avatar_male_180&690,,,126,10,,1779549818218
2530804970,遇见Angal洋洋a,Female,https://wx1.sinaimg.cn/orj480/96d904ealy8ggtcjroecvj20ro0rotau.jpg,我们很年轻，我们很直流,,1027,272,,1779549821613
5122951714,伱數过天上的星星嘛,Female,https://wx2.sinaimg.cn/orj480/005AHnLsly8hlb00p4gqmj30u00u0dia.jpg,,,2597,1001,,1779549824998
1884786160,Snoopysea,Male,https://wx3.sinaimg.cn/orj480/70578df0ly8h2off33pc0j20e80e8dg5.jpg,Let it be,,1313,349,,1779549828421
1957105772,张小瑜T,Male,https://wx3.sinaimg.cn/orj480/74a7106cly8i7762b7qxwj20u00u044n.jpg,,,569,212,,1779549831839
3219513652,愿ni安好927,Female,https://wx1.sinaimg.cn/orj480/bfe5e134ly8hz7g9rk4gkj20u00u0diq.jpg,乐观 积极 向上,,631,444,,1779549835240
1666234792,宓598350862,Male,https://ww2.sinaimg.cn/orj480/6350b9a8jw1e8qgp5bmzyj2050050aa8.jpg,,,1112,355,,1779549838602
5454340469,玛奇朵年糕,Male,https://wx3.sinaimg.cn/orj480/005X7R7nly8grwp3yq68kj30u00u0q3h.jpg,,,223,76,,1779549841978
7753402769,唤喜啵啵,Female,https://wx1.sinaimg.cn/orj480/008sIufnly8hsngwtn6mwj30u00u0n02.jpg,生活总会难过但好运也会如期而至。,,464,644,,1779549845369
7946664802,蓝莓种植大户,Male,https://wx2.sinaimg.cn/orj480/008FNowWly8i4a4bbx486j30qo0qoaav.jpg,,,398,10,,1779549848706
7973529721,灿灿林-,Female,https://wx4.sinaimg.cn/orj480/008HC7k5ly8ic1xuzhtf7j30u00u0dlp.jpg,一个小小小号,,113,3,,1779549852107
1950560913,闪耀星轨,Female,https://wx2.sinaimg.cn/orj480/74433291ly8id3osgah6fj20u00u0406.jpg,岁岁安稳，平安健康。@宋亚轩,,800,9771,,1779549855473
8296027202,伦敦手信,Female,https://wx2.sinaimg.cn/orj480/0093rhEmly8id9ipvruwkj30u00u0q4f.jpg,hiiii,,226,513,,1779549858810
7576811517,太阳花迎夏,Female,https://wx1.sinaimg.cn/orj480/008gLwNnly8h8wc6adfk7j30rn0rnwip.jpg,微博旅行家·在旅行中，遇见最真实的自己～,,4368,15.5万,,1779549862167
6884583942,一只娱漫呀,Female,https://wx1.sinaimg.cn/orj480/007vV0Muly8i0bycbq25uj30kf0kfjtg.jpg,❤️感谢大家的的支持！多多关注哟❤️视频来源于网络 侵删！,,97,20.1万,,1779549865598
7272123620,娱乐浅水猿,Female,https://wx2.sinaimg.cn/orj480/007W95ysly8i1lrapuwh4j30u00u076o.jpg,菜菜的老粉，没改名,,4295,7582,,1779549868953
2242640785,扎心老高,Male,https://wx2.sinaimg.cn/orj480/85abfb91ly8ib8ps9y943j20u00u00tq.jpg,,,289,138,,1779549872344
7149741801,Jocelyn盆盆,Female,https://wx2.sinaimg.cn/orj480/007NRAs9ly8h7uc952aedj30u00u0q3y.jpg,,,51,3,,1779549875735
6545119457,崽崽我啊kkxx,Female,https://wx3.sinaimg.cn/orj480/0078WEyRly8i51rgm4aumj30u00u076z.jpg,平安喜乐,,1229,31,,1779549879118
7520544742,人间Jerry_,Female,https://wx2.sinaimg.cn/orj480/008cXreKly8htf8jdk2f2j30t30t3myx.jpg,相信相信的力量！！！,,483,839,,1779549882433
5246311483,锦上先生,Male,https://ww2.sinaimg.cn/orj480/005J2Zh9jw8f01i10mcucj30ku0kujrq.jpg,情感，写作，旅游，与世界的关系。,,3060,16.5万,,1779549885826
6076955195,陆梦羽-小豆蔻健康科技,Male,https://wx2.sinaimg.cn/orj480/006DghEnly8hy75t4udfaj30u016wgsb.jpg,一个一心为了完成理想的心理学的中西医学徒的科研入门的创业者 工作邮箱：mengyulu@apehe.com,,482,78,,1779549889227
5889453222,安琪拉蘇,Female,https://wx2.sinaimg.cn/orj480/006qzxP0ly8htfimtw8pmj30u00u0gnr.jpg,,,500,173,,1779549892621
7428249026,小抹凹猫,Female,https://wx4.sinaimg.cn/orj480/0086IaUaly8ibtr403or4j30u00u0400.jpg,愿我和我爱的人永远自由,,612,1380,,1779549895988
1099071615,西楚神经科大夫,Male,https://ww3.sinaimg.cn/orj480/4182807fjw1e8qgp5bmzyj2050050aa8.jpg,睿智，重义,,1222,513,,1779549899376
2510913447,瓦来啦,Male,https://wx1.sinaimg.cn/orj480/95a97fa7ly8icd22nrexoj20u00u0q8n.jpg,本微博来源于网络，侵删。,,1595,9452,,1779549902763
5307601103,冰岛薄荷茶_Y,Male,https://wx1.sinaimg.cn/orj480/005Nc9vply8ibeoine4c4j30u00u0wgb.jpg,骂宋亚轩的你们都肆了！,,403,1457,,1779549906128
5511589679,Ryuonki,Female,https://wx1.sinaimg.cn/orj480/006104fJly8hqjd9gw4ecj30oi0oijt2.jpg,死不了就还好,,2230,750,,1779549909478
7208516765,中意加妍的菠萝,Female,https://wx1.sinaimg.cn/orj480/007RQcvrly8ic7a8qrgcrj30u00u0jvw.jpg,有一个叫白梦妍的女儿,,224,4,,1779549912824
5196614035,Hiphop_王梓旭,Male,https://wx4.sinaimg.cn/orj480/005FGsHply8ffcjhkm48aj30ig0igdgg.jpg,《这！就是街舞3》freestyle选手(已退役）， 山西曲沃街舞OG、Popping街舞、书法老师。联系方式：Hiphoper888,,905,2103,,1779549916269
6478829019,dayxff_,Female,https://wx2.sinaimg.cn/orj480/0074svofly8ibbxomnliqj30u00u0ta4.jpg,我希望天天开心 比一百年更长的八百年,,864,23,,1779549919635
7595981096,是米松松松鸭,Female,https://wx2.sinaimg.cn/orj480/008i3XG8ly8ica8qjjoemj30u00u0tbm.jpg,吃遍全世界美食,,1240,68,,1779549922985
7742669413,不再枯萎我的無畫夏,Female,https://wx4.sinaimg.cn/orj480/008rZs0Jly8idehn7x2t9j30u00u0mym.jpg,平时我只是一个懵逼的网络用户 我会夸很多艺人 但是我心肝一旦遇到事情 我一秒穿上军装 直接扫射所有人 ​​​,,2399,2万,,1779549926360
2129592152,橘生淮南则为橘t,Male,https://wx4.sinaimg.cn/orj480/7eeeff58gy1fiaw2kxlpmj20xc0iun0y.jpg,好,,1273,299,,1779549929728
7922564267,左手边的第319只扁扁鼠,Female,https://wx1.sinaimg.cn/orj480/008EagSDly8ib8ohbbcqgj30u00u0ae4.jpg,因为有你在💙,,70,50,,1779549933083
4060617126,檐下折花,Female,https://wx4.sinaimg.cn/orj480/f20819a6ly8id8cz8wb9zj20u00u0q5v.jpg,,,12,4,,1779549936447
3747972014,开心心的嘟,Female,https://wx2.sinaimg.cn/orj480/df6583aely8idcqn3fh6sj20u00u0q46.jpg,我就是me,,8105,1038,,1779549939831
6025829299,是小白啊_喵呜,Male,https://wx4.sinaimg.cn/orj480/006zNLt9ly8idefll8leyj30u00u076y.jpg,念念不忘必有回响₍˄·͈༝·͈˄₎◞ ̑̑,,2521,2935,,1779549943183
5711765709,文凌杯酒释兵权,Female,https://ww3.sinaimg.cn/orj480/006exZbnjw1ewi62mqf1nj303v03v0sn.jpg,,,655,38,,1779549946524
5745048698,唯梦君_,Male,https://wx4.sinaimg.cn/orj480/006gNDBMly8i5x0b8ie1ej30ja0jagn9.jpg,,,407,220,,1779549949939
7730811397,风吹年年201801,Female,https://wx1.sinaimg.cn/orj480/008rbHcply8idftg8jf1vj30u00u0tap.jpg,看什么,,52,12,,1779549953438
2721298107,脑袋被门撞了一下变聪明,Male,https://wx2.sinaimg.cn/orj480/a233b6bbly8i3u2wfo6wbj20u00u0q43.jpg,我泡的茶,,2161,1366,,1779549956828
5604441034,用户5604441034,Male,https://wx1.sinaimg.cn/orj480/0067hF8ely8gbx3x3v0d0j30g409475f.jpg,,,783,15,,1779549960186
6334604627,一直输一直赢,Female,https://wx1.sinaimg.cn/orj480/006UHm2nly8hf99k1d3r5j30u00u0q4i.jpg,无,,197,53,,1779549963508
6198103687,善W德,Male,https://wx4.sinaimg.cn/orj480/006LsBUjly8gruvtv1g97j30re0re45w.jpg,霜叶红于二月花,,197,103,,1779549966893
5596412820,海泉湾度假村老和尚,Female,https://wx3.sinaimg.cn/orj480/0066JYCUly8id423k9oogj30u00u0tcb.jpg,b站：咬文嚼字,,396,1.1万,,1779549970232
2768611977,炫酷638,Female,https://wx4.sinaimg.cn/orj480/a505aa89ly8hfxo4v5g1mj20u00u0432.jpg,大道至简,,732,57,,1779549973619
6616766322,琦瑜啊_,Male,https://wx3.sinaimg.cn/orj480/007dNhbsly8i7bovk52l5j30u00u0q5f.jpg,深情不及久伴，厚爱无需多言,,2472,11.3万,,1779549976990
3170993663,SQY866,Female,https://wx1.sinaimg.cn/orj480/bd0185ffly8hs2bndrgp1j20u00u0ac7.jpg,自由职业者,,6957,4498,,1779549980387
7548428440,一朵天上的白云鹿拽,Female,https://wx1.sinaimg.cn/orj480/008eQr3Oly8i4mtnlubmxj30dw0cwaba.jpg,,,1198,146,,1779549983729
7742093916,疯魔终有时,Male,https://wx1.sinaimg.cn/orj480/008rX2iwly8h38sfv01ybj30u00u0785.jpg,,,52,31,,1779549987137
5949868423,用户5949868423,Female,https://wx4.sinaimg.cn/orj480/006uF2zJly8hz7aoieep1j30u00u0diw.jpg,,,111,15,,1779549990515
1510418897,L小安L,Female,https://wx1.sinaimg.cn/orj480/5a0729d1ly8i7rwi4z1q5j204z04zt8m.jpg,冷酷的摩羯,,2610,1.3万,,1779549993872
7823533750,发呆很冷馍,Female,https://wx1.sinaimg.cn/orj480/008xsKwely8i9wc07jdtuj30u00u0whk.jpg,@TF_ING张子墨MO 全肯定,,500,1308,,1779549997249
1649168990,susu0517,Female,https://wx1.sinaimg.cn/orj480/624c525ely8icx8r2k8h8j20sg0sg40d.jpg,,,1059,349,,1779550000667
7628039652,徐个炸毛小诺_,Female,https://wx3.sinaimg.cn/orj480/008ketzCly8idedi5a8eqj30u00u00y2.jpg,,,587,1976,,1779550004110
7811626607,AHS放映厅,Male,https://wx2.sinaimg.cn/orj480/008wEMVxly8ib6dit8dwhj30u00u0q51.jpg,一个不卖盗图劣质周边的正常博主。,,354,6318,,1779550007466
5880851847,浮沉怀中猫z,Female,https://wx2.sinaimg.cn/orj480/006pZsd9ly8hxmylmimhtj30rs0rsq4f.jpg,为什么是🐷 呢,,917,129,,1779550010832
2633124517,小糊涂与大聪明,Female,https://wx2.sinaimg.cn/orj480/9cf24aa5ly8i9jt3txel7j20e80e8aal.jpg,不内耗，不内卷的半佛系偶尔仰卧起坐的两娃妈。 没有爱好，雨露均沾，没有擅长，都是特长🍭,,590,281,,1779550014238
7862674739,小猫不点点点,Female,https://wx2.sinaimg.cn/orj480/008A6YSvly8ibpef4aspmj30jz0jz3z9.jpg,,,228,77,,1779550017639
5969528019,半夏瑰壬,Female,https://wx2.sinaimg.cn/orj480/006vZwVZly8idejovw1ffj30ty0u040o.jpg,𖤐𝐓𝐨𝐨𝐨𝐨𝐨𝐝𝐚𝐲 𝐢𝐬…🐈🎧% ​,,1019,1.6万,,1779550021149
6822749563,爱奥奥的六月,Female,https://wx3.sinaimg.cn/orj480/007rJyPNly8icciul6mz3j30u00u0tcd.jpg,杨紫永远是底线！,,954,777,,1779550024514
7895899560,奇妙小猴看剧情,Male,https://wx2.sinaimg.cn/orj480/008CmoaIly8hua7f4yvi2j30dw0dw75e.jpg,,,1265,1868,,1779550027895
7440468531,祝弦oxo_,Female,https://wx3.sinaimg.cn/orj480/0087xrKXly8icp3ckeq3nj30u00u0mzv.jpg,All for徐必成,,443,117,,1779550031276
5854371663,谮么泥了,Female,https://wx3.sinaimg.cn/orj480/006oclvply8hom3mz1j9kj30u00u0q6j.jpg,小号想骂就骂了，不嘴选手本人，专心支持主队。,,89,2,,1779550034655
7846978091,吾家星邱糖分高,Female,https://wx4.sinaimg.cn/orj480/008z37sLly8iddhit6bvbj30u00u0jtr.jpg,我喜欢黄星，也只喜欢黄星，但是黄星需要营业星邱cp，所以尊重黄星所有工作内容和合作伙伴，不嘴任何人，拒绝吵架，但如果对方背刺星星，会立刻开撕！,,71,6,,1779550038027
7894700726,紫气WXBY,Female,https://wx2.sinaimg.cn/orj480/008ChmiGly8hlfg58ndwzj30ol0olgmw.jpg,,,420,1050,,1779550041404
6798405889,最后只为你漫长情史增添点缀,Male,https://wx4.sinaimg.cn/orj480/007q5pVTly8idf9barqnzj30u00u0aa9.jpg,笨拙的真心已濒临灭绝,,447,1.1万,,1779550044867
7366114785,夜梦岛屿,Female,https://wx3.sinaimg.cn/orj480/0082vsWZly8i8pxq9ag12j30u00u0acw.jpg,,,32,2,,1779550048297
7977234871,在清音堂写书评的小猴,Male,https://wx2.sinaimg.cn/orj480/008HRFczly8hxtqvh460yj30dw0dwmxo.jpg,,,25,34,,1779550051712
7985245586,拿铁抹茶冰淇淋-,Female,https://wx3.sinaimg.cn/orj480/008Iph9Ely8i7kf6wzj65j30no0nowg5.jpg,-,,157,6539,,1779550055080
7804040187,小孟美发中心,Male,https://wx1.sinaimg.cn/orj480/008w8XlVly8i42zib2ubkj30ro0rodh7.jpg,,,85,189,,1779550058519
7867962406,鸡肉蛋堡,Female,https://wx4.sinaimg.cn/orj480/008Atarsly8i7e6swtbjnj30qo0qoq5f.jpg,love yourself～,,409,26,,1779550061874
2961805617,LLLuzia,Female,https://wx4.sinaimg.cn/orj480/b0899131ly8hqj5kgskn2j20u00u00t5.jpg,。,,250,354,,1779550065323
2715203621,深橙色耳朵的橄榄色羚羊,Female,https://wx2.sinaimg.cn/orj480/a1d6b825ly8idcfuhobr2j20j60j6gnc.jpg,小世界里干杯,,492,183,,1779550068702
6218649111,用户6218649111,Female,https://ss1.sinaimg.cn/orj480/default_avatar_female_180&690,,,122,16,,1779550072078
6545604991,得鹿梦鱼0620,Female,https://wx2.sinaimg.cn/orj480/0078YGS3ly8i6sgl5y2owj30jg0jgjsj.jpg,你应该全力以赴而不是感叹天赋不够。,,973,40,,1779550075464
7826918657,哟哟_198001,Male,https://wx3.sinaimg.cn/orj480/008xGX5vly8hc35por68pj30m80m8whe.jpg,,,399,162,,1779550078893
6591916739,凛郅,Female,https://wx1.sinaimg.cn/orj480/007c70FJly8idfiqd7ttqj30u00u0n0k.jpg,有缺陷有镶嵌,,735,2638,,1779550082251
6054118145,极昼绘雪诗_,Female,https://wx3.sinaimg.cn/orj480/006BIsGRly8idft1b22ynj30u00u0tbe.jpg,而那些昨日依然繽紛著。,,1202,1857,,1779550085631
7748342814,吃了就吐的冰激凌,Male,https://wx2.sinaimg.cn/orj480/008snfVcly8h0s2pcr7m2j30u00u0mzc.jpg,不以物喜不以己悲,,343,552,,1779550088981
7786820943,云间落金雨168,Female,https://wx2.sinaimg.cn/orj480/008uYHQbly8hbc7b0r0dlj30u00u041c.jpg,每天幸运加倍，一心只求暴富。,,1403,91,,1779550092337
6798563975,灯灯灯小皇帝,Male,https://wx2.sinaimg.cn/orj480/007q653Fly8id3u1twjtej30u00u077r.jpg,施主 早安,,767,16,,1779550095776
6317263267,hiphop嘻哈之王,Male,https://wx4.sinaimg.cn/orj480/006TwAL1ly8fhj79c70foj30bj0bjjrj.jpg,,,365,29,,1779550099190
5311226382,乂氼锦鲤,Male,https://wx1.sinaimg.cn/orj480/005NrmBEly8ia7044jcgrj30e80e8dgb.jpg,随缘,,885,2890,,1779550102590
5175009020,倾昼诏,Female,https://wx1.sinaimg.cn/orj480/005EdOfqly8ide5hwm8y3j30u00u0juc.jpg,小人退散🥱,,710,2809,,1779550105972
7757973198,我就是六边形战士,Female,https://wx3.sinaimg.cn/orj480/008t1FdYly8i4d4qr3asjj30u00u0758.jpg,新的状态会在销声匿迹后崭新出现,,1171,23,,1779550109297
1809125980,木XXF,Male,https://wx2.sinaimg.cn/orj480/6bd5125cly8gaa64snscnj20xc0iujsg.jpg,就算再辛酸也必须欢笑.,,24,95,,1779550112683
2323734814,星野纳千金,Female,https://wx4.sinaimg.cn/orj480/8a81611ely8icxwszeaaij20u00u0jw4.jpg,星野藏好运，岁岁纳千金,,2611,457,,1779550116133
5874531888,心念海棠花,Female,https://wx2.sinaimg.cn/orj480/006pyW6kly8id9le6cbimj30u00u0n0l.jpg,ᴹᵉᵉᵗⁱⁿᵍ ʸᵒᵘ ⁱˢ ᵗʰᵉ ʰᵃᵖᵖⁱᵉˢᵗ ᵗʰⁱⁿᵍ 晴天也会突然下暴雨 温柔的人也会不开心,,275,5.2万,,1779550119516
6411995387,代豹豹oO,Female,https://wx4.sinaimg.cn/orj480/006ZW4Urly8fneqmywin6j303o03oq2q.jpg,,,5,1,,1779550122921
7141773176,wxlsjzy,Male,https://wx2.sinaimg.cn/orj480/007Nk9rWly8g7fc9gtv3yj30ig0igabd.jpg,学习一下茶艺,,54,49,,1779550126302
7239845599,门面症,Female,https://wx4.sinaimg.cn/orj480/007TXEzdly8ideq85jt40j30u00u0q6e.jpg,再也没有重头再来的勇气了,,80,131,,1779550129744
7733990499,宿觞NZBYL,Male,https://wx3.sinaimg.cn/orj480/008rp2efly8hst8avj8idj30u00u0n2k.jpg,,,25,361,,1779550133144
6112978278,部落传奇菲利克斯,Male,https://wx3.sinaimg.cn/orj480/006FHqTQly8gx62eopan3j30ro0romyp.jpg,,,1254,167,,1779550136546
6911162169,烟花易冷不易冷呐,Female,https://wx1.sinaimg.cn/orj480/007xIwZzly8i2lh05nwvij30dw0dwjsh.jpg,,,117,1,,1779550139966
2692862841,fornia-,Female,https://wx3.sinaimg.cn/orj480/a081d379ly8hq1ow2crenj20u00u0q4t.jpg,,,339,146,,1779550143357
2936649723,好运常伴静静哇,Female,https://wx2.sinaimg.cn/orj480/af09b7fbly8h4ozs73r98j20u00u0ju7.jpg,记录日常,,445,353,,1779550146761
7471019738,梦晨星瑶,Female,https://wx3.sinaimg.cn/orj480/0089BDwmly8hfod49wf91j30sr0srgn7.jpg,星星默默地看人间，从混沌初开时就亘古不变,,159,60,,1779550150149
3225507772,禚kim,Female,https://ww4.sinaimg.cn/orj480/c04157bcjw8efnhxc3wrwj20hs0hst9a.jpg,,,18,45,,1779550153549
3940276625,抱不住的花季,Male,https://wx2.sinaimg.cn/orj480/eadbd991ly8gkzab0t52wj20ro0rowfr.jpg,大学其实还可以有很不同的生活等着我去创造，争取接上本，疯狂一下……,,2530,224,,1779550156925
5230885208,五亿个小铃铛涅,Female,https://wx3.sinaimg.cn/orj480/005I0gcgly8icy9lofdt7j30u00u0q7o.jpg,buongiorno buonasera buonanotte a tutti,,476,1352,,1779550160285
6217592408,芝稔之嫋_现备战高考版,Female,https://wx4.sinaimg.cn/orj480/006MMnOwly8i3sqzud26mj30u00u00xk.jpg,别单曲可以sx找我移,,543,2295,,1779550163613
5769474507,平ping淡dan的人生,Male,https://wx4.sinaimg.cn/orj480/006is7Srly8ickrxn3dt2j30u00u0tbl.jpg,,,135,406,,1779550167084
2831558594,地瓜仙人凡尘录,Female,https://wx4.sinaimg.cn/orj480/a8c627c2ly8fnhndx001aj20ro0rp0vu.jpg,喜欢记录日常点滴的碎嘴博主一枚,,561,21.2万,,1779550170508
5197851583,一棵托斯卡纳的树,Female,https://wx1.sinaimg.cn/orj480/005FLEDRly8g2lrk01u3vj30u00u076w.jpg,独立、能干、自信、优雅。,,179,251,,1779550173889
7493797157,mylifesosweet,Male,https://wx1.sinaimg.cn/orj480/008b9cY5ly8glc0lt17vtj30e80e8q4f.jpg,来sj我的你全家出门被车撞死,,40,16,,1779550177293
7828011329,用户7828011329,Female,https://wx2.sinaimg.cn/orj480/008xLxlfly8hexnkin0cmj303o03o3yc.jpg,剑桥大学禁止谈恋爱所以我被禁止谈恋爱了从来没有以后也不会有。剑桥大学学者。我2岁。一加不加谢绝。慕尼黑大学毕业。三星勿扰。卫龙谢谢。温心垚,,1043,334,,1779550180672
2169474812,微笑的蓝考拉,Female,https://wx3.sinaimg.cn/orj480/814f8efcly8i8z1ktrn1nj20u00u0tcf.jpg,与人为善，福虽未至祸已远离,,1309,1887,,1779550184047
7313705814,小慈睡了吗,Male,https://wx1.sinaimg.cn/orj480/007YXyZ0ly8gl8p8f128fj30ry0ryn0f.jpg,,,206,26,,1779550187446
7314900159,一物降一物克一物,Male,https://wx4.sinaimg.cn/orj480/007Z2zGDly8gog0joe74uj30u00u0tbu.jpg,,,101,58,,1779550190875
2101707714,壹小寒,Male,https://wx3.sinaimg.cn/orj480/7d4583c2ly8i4umethhe1j20sg0sg799.jpg,有时候就是不想拍，但是看到那个构图那个画面就是想去拍！这就是热爱！以前是为了流量，现在我就是想留存一下，方便给以后的自己看，当作是个储存空间,,1683,60.8万,,1779550194272
1842798881,电车大叔爱读书,Male,https://wx4.sinaimg.cn/orj480/6dd6e121ly8hk5zp1y4w6j20b40b4dg3.jpg,在汽车媒体边缘的边上,,985,2万,,1779550197685
5527237373,一只会飞的小鸟鹿拽,Female,https://wx1.sinaimg.cn/orj480/00623IVTly8i7k4h860y7j30dw0dwt9x.jpg,,,887,124,,1779550201105
5404015255,六桃的情歌小天后ZXZ,Female,https://wx3.sinaimg.cn/orj480/005TIHenly8i7rvpa0noaj30u00u077f.jpg,“小心翼翼的保持这种热情不退烧”,,1213,656,,1779550204477
2462015515,Lu-31,Male,https://wx4.sinaimg.cn/orj480/92bf601bly8i4ukx48thuj20u00u0ju0.jpg,,,547,63,,1779550207871
1746743117,正人力天,Male,https://ww1.sinaimg.cn/orj480/681d2f4djw1e779t18ybrj21kw2dc7q0.jpg,用智慧管理自己，用知识获取财富。,,191,21.3万,,1779550211240
1671513535,坚强不屈的745,Male,https://wx1.sinaimg.cn/orj480/63a145bfly8g45p5ofqkqj20u00u00v6.jpg,新生的开始,,6146,353,,1779550214594
5669123799,憨憨包是也,Male,https://wx1.sinaimg.cn/orj480/006bF44Dly8h2l0v6rhqdj30e80e8weq.jpg,不念过去，不畏将来。,,116,46,,1779550217961
